region_id,date,lat,lon,hcho_value,cloud_fraction,period,source_file
delhi_ncr,2025-11-15,28.375,76.825,0.0002463054836683,0.1428229582798864,historical,satellite_hcho_delhi_ncr_historical_2025-10-15_to_2025-11-15.csv
delhi_ncr,2025-11-15,28.375,76.875,0.0002773382923508,0.1438038723041498,historical,satellite_hcho_delhi_ncr_historical_2025-10-15_to_2025-11-15.csv
delhi_ncr,2025-11-15,28.375,76.925,0.0002613123934942,0.1476644480107678,historical,satellite_hcho_delhi_ncr_historical_2025-10-15_to_2025-11-15.csv
delhi_ncr,2025-11-15,28.375,76.975,0.0002685796822772,0.1387531836914426,historical,satellite_hcho_delhi_ncr_historical_2025-10-15_to_2025-11-15.csv
delhi_ncr,2025-11-15,28.375,77.025,0.0002736720629683,0.1361743219863081,historical,satellite_hcho_delhi_ncr_historical_2025-10-15_to_2025-11-15.csv
delhi_ncr,2025-11-15,28.375,77.075,0.0002769044831843,0.1392929725765825,historical,satellite_hcho_delhi_ncr_historical_2025-10-15_to_2025-11-15.csv
delhi_ncr,2025-11-15,28.375,77.125,0.0002949587480009,0.1346413605715191,historical,satellite_hcho_delhi_ncr_historical_2025-10-15_to_2025-11-15.csv
delhi_ncr,2025-11-15,28.375,77.175,0.0002953375220304,0.1306545183649906,historical,satellite_hcho_delhi_ncr_historical_2025-10-15_to_2025-11-15.csv
delhi_ncr,2025-11-15,28.375,77.225,0.0002963894904276,0.1367685186531786,historical,satellite_hcho_delhi_ncr_historical_2025-10-15_to_2025-11-15.csv
delhi_ncr,2025-11-15,28.375,77.275,0.0003120583017544,0.14131548395428,historical,satellite_hcho_delhi_ncr_historical_2025-10-15_to_2025-11-15.csv
delhi_ncr,2025-11-15,28.375,77.325,0.0003422414903782,0.1424333094289756,historical,satellite_hcho_delhi_ncr_historical_2025-10-15_to_2025-11-15.csv
delhi_ncr,2025-11-15,28.375,77.375,0.0003675250183223,0.1450944822523428,historical,satellite_hcho_delhi_ncr_historical_2025-10-15_to_2025-11-15.csv
delhi_ncr,2025-11-15,28.375,77.425,0.0003515083026498,0.1395375742089505,historical,satellite_hcho_delhi_ncr_historical_2025-10-15_to_2025-11-15.csv
delhi_ncr,2025-11-15,28.375,77.475,0.0003480314119706,0.1435020498252903,historical,satellite_hcho_delhi_ncr_historical_2025-10-15_to_2025-11-15.csv
delhi_ncr,2025-11-15,28.375,77.525,0.000348431389324,0.1438432762792629,historical,satellite_hcho_delhi_ncr_historical_2025-10-15_to_2025-11-15.csv
delhi_ncr,2025-11-15,28.375,77.55,0.0003387451241422,0.1381606713211358,historical,satellite_hcho_delhi_ncr_historical_2025-10-15_to_2025-11-15.csv
delhi_ncr,2025-11-15,28.425,76.825,0.0002472466278815,0.1405257309055331,historical,satellite_hcho_delhi_ncr_historical_2025-10-15_to_2025-11-15.csv
delhi_ncr,2025-11-15,28.425,76.875,0.0002650252098471,0.1437378039880532,historical,satellite_hcho_delhi_ncr_historical_2025-10-15_to_2025-11-15.csv
delhi_ncr,2025-11-15,28.425,76.925,0.0002609941481679,0.1456544471674977,historical,satellite_hcho_delhi_ncr_historical_2025-10-15_to_2025-11-15.csv
delhi_ncr,2025-11-15,28.425,76.975,0.0002616637221386,0.1427506848293182,historical,satellite_hcho_delhi_ncr_historical_2025-10-15_to_2025-11-15.csv
delhi_ncr,2025-11-15,28.425,77.025,0.0002727942614638,0.1426000996606092,historical,satellite_hcho_delhi_ncr_historical_2025-10-15_to_2025-11-15.csv
delhi_ncr,2025-11-15,28.425,77.075,0.0002914603902549,0.1436916616661437,historical,satellite_hcho_delhi_ncr_historical_2025-10-15_to_2025-11-15.csv
delhi_ncr,2025-11-15,28.425,77.125,0.0003073354521984,0.1348213784652862,historical,satellite_hcho_delhi_ncr_historical_2025-10-15_to_2025-11-15.csv
delhi_ncr,2025-11-15,28.425,77.175,0.0002938796647254,0.1364822463015817,historical,satellite_hcho_delhi_ncr_historical_2025-10-15_to_2025-11-15.csv
delhi_ncr,2025-11-15,28.425,77.225,0.0003042686293362,0.1376711151136021,historical,satellite_hcho_delhi_ncr_historical_2025-10-15_to_2025-11-15.csv
delhi_ncr,2025-11-15,28.425,77.275,0.0003234297168225,0.1394603439316119,historical,satellite_hcho_delhi_ncr_historical_2025-10-15_to_2025-11-15.csv
delhi_ncr,2025-11-15,28.425,77.325,0.0003460752149856,0.1416432819898281,historical,satellite_hcho_delhi_ncr_historical_2025-10-15_to_2025-11-15.csv
delhi_ncr,2025-11-15,28.425,77.375,0.0003620082635046,0.1427294850847481,historical,satellite_hcho_delhi_ncr_historical_2025-10-15_to_2025-11-15.csv
delhi_ncr,2025-11-15,28.425,77.425,0.0003633923381213,0.1450967891379013,historical,satellite_hcho_delhi_ncr_historical_2025-10-15_to_2025-11-15.csv
delhi_ncr,2025-11-15,28.425,77.475,0.000368260957175,0.147468828290232,historical,satellite_hcho_delhi_ncr_historical_2025-10-15_to_2025-11-15.csv
delhi_ncr,2025-11-15,28.425,77.525,0.0003731678978555,0.1481861875418307,historical,satellite_hcho_delhi_ncr_historical_2025-10-15_to_2025-11-15.csv
delhi_ncr,2025-11-15,28.425,77.55,0.0003745575256597,0.1459460101626306,historical,satellite_hcho_delhi_ncr_historical_2025-10-15_to_2025-11-15.csv
delhi_ncr,2025-11-15,28.475,76.825,0.0002488157260949,0.1362185015292164,historical,satellite_hcho_delhi_ncr_historical_2025-10-15_to_2025-11-15.csv
delhi_ncr,2025-11-15,28.475,76.875,0.0002527763068026,0.1413244232980592,historical,satellite_hcho_delhi_ncr_historical_2025-10-15_to_2025-11-15.csv
delhi_ncr,2025-11-15,28.475,76.925,0.0002588206906366,0.143558158794235,historical,satellite_hcho_delhi_ncr_historical_2025-10-15_to_2025-11-15.csv
delhi_ncr,2025-11-15,28.475,76.975,0.0002632975299689,0.1458244781412735,historical,satellite_hcho_delhi_ncr_historical_2025-10-15_to_2025-11-15.csv
delhi_ncr,2025-11-15,28.475,77.025,0.0002796685772093,0.1465318583997865,historical,satellite_hcho_delhi_ncr_historical_2025-10-15_to_2025-11-15.csv
delhi_ncr,2025-11-15,28.475,77.075,0.0003030854514238,0.1444476265442251,historical,satellite_hcho_delhi_ncr_historical_2025-10-15_to_2025-11-15.csv
delhi_ncr,2025-11-15,28.475,77.125,0.0003073415565462,0.1346528898076496,historical,satellite_hcho_delhi_ncr_historical_2025-10-15_to_2025-11-15.csv
delhi_ncr,2025-11-15,28.475,77.175,0.0002913348030704,0.143000308400944,historical,satellite_hcho_delhi_ncr_historical_2025-10-15_to_2025-11-15.csv
delhi_ncr,2025-11-15,28.475,77.225,0.000307383242954,0.1415705923101091,historical,satellite_hcho_delhi_ncr_historical_2025-10-15_to_2025-11-15.csv
delhi_ncr,2025-11-15,28.475,77.275,0.0003299935179659,0.1414165258831448,historical,satellite_hcho_delhi_ncr_historical_2025-10-15_to_2025-11-15.csv
delhi_ncr,2025-11-15,28.475,77.325,0.0003517623724112,0.1440171320220592,historical,satellite_hcho_delhi_ncr_historical_2025-10-15_to_2025-11-15.csv
delhi_ncr,2025-11-15,28.475,77.375,0.000367515103765,0.1438698643896051,historical,satellite_hcho_delhi_ncr_historical_2025-10-15_to_2025-11-15.csv
delhi_ncr,2025-11-15,28.475,77.425,0.0003797076061069,0.1525382159310356,historical,satellite_hcho_delhi_ncr_historical_2025-10-15_to_2025-11-15.csv
delhi_ncr,2025-11-15,28.475,77.475,0.0003857019004395,0.152687275790492,historical,satellite_hcho_delhi_ncr_historical_2025-10-15_to_2025-11-15.csv
delhi_ncr,2025-11-15,28.475,77.525,0.0003866606927044,0.152321700218331,historical,satellite_hcho_delhi_ncr_historical_2025-10-15_to_2025-11-15.csv
delhi_ncr,2025-11-15,28.475,77.55,0.0003769941070796,0.1528045533201393,historical,satellite_hcho_delhi_ncr_historical_2025-10-15_to_2025-11-15.csv
delhi_ncr,2025-11-15,28.525,76.825,0.0002479237276985,0.1297230670163804,historical,satellite_hcho_delhi_ncr_historical_2025-10-15_to_2025-11-15.csv
delhi_ncr,2025-11-15,28.525,76.875,0.0002425464981701,0.1339435330625861,historical,satellite_hcho_delhi_ncr_historical_2025-10-15_to_2025-11-15.csv
delhi_ncr,2025-11-15,28.525,76.925,0.0002546225673643,0.1438765759077973,historical,satellite_hcho_delhi_ncr_historical_2025-10-15_to_2025-11-15.csv
delhi_ncr,2025-11-15,28.525,76.975,0.0002883028160339,0.145237743438538,historical,satellite_hcho_delhi_ncr_historical_2025-10-15_to_2025-11-15.csv
delhi_ncr,2025-11-15,28.525,77.025,0.0003072034042659,0.1441897612933039,historical,satellite_hcho_delhi_ncr_historical_2025-10-15_to_2025-11-15.csv
delhi_ncr,2025-11-15,28.525,77.075,0.0003059134502477,0.1411380152895202,historical,satellite_hcho_delhi_ncr_historical_2025-10-15_to_2025-11-15.csv
delhi_ncr,2025-11-15,28.525,77.125,0.0002843370372752,0.1338576989196504,historical,satellite_hcho_delhi_ncr_historical_2025-10-15_to_2025-11-15.csv
delhi_ncr,2025-11-15,28.525,77.175,0.000274814496654,0.1455923935024627,historical,satellite_hcho_delhi_ncr_historical_2025-10-15_to_2025-11-15.csv
delhi_ncr,2025-11-15,28.525,77.225,0.0002925023104619,0.1506876781350599,historical,satellite_hcho_delhi_ncr_historical_2025-10-15_to_2025-11-15.csv
delhi_ncr,2025-11-15,28.525,77.275,0.0003244840388321,0.1526527082726024,historical,satellite_hcho_delhi_ncr_historical_2025-10-15_to_2025-11-15.csv
delhi_ncr,2025-11-15,28.525,77.325,0.0003652955649909,0.1520341123230672,historical,satellite_hcho_delhi_ncr_historical_2025-10-15_to_2025-11-15.csv
delhi_ncr,2025-11-15,28.525,77.375,0.0004068317522855,0.149983665574346,historical,satellite_hcho_delhi_ncr_historical_2025-10-15_to_2025-11-15.csv
delhi_ncr,2025-11-15,28.525,77.425,0.0004027846488878,0.1582615928850952,historical,satellite_hcho_delhi_ncr_historical_2025-10-15_to_2025-11-15.csv
delhi_ncr,2025-11-15,28.525,77.475,0.0003976853477451,0.1582966834112878,historical,satellite_hcho_delhi_ncr_historical_2025-10-15_to_2025-11-15.csv
delhi_ncr,2025-11-15,28.525,77.525,0.0003841543026393,0.1549478973574974,historical,satellite_hcho_delhi_ncr_historical_2025-10-15_to_2025-11-15.csv
delhi_ncr,2025-11-15,28.525,77.55,0.0003730985387311,0.1417578727674927,historical,satellite_hcho_delhi_ncr_historical_2025-10-15_to_2025-11-15.csv
delhi_ncr,2025-11-15,28.575,76.825,0.0002770545580411,0.1250553339468296,historical,satellite_hcho_delhi_ncr_historical_2025-10-15_to_2025-11-15.csv
delhi_ncr,2025-11-15,28.575,76.875,0.0002453621294828,0.1326035952894476,historical,satellite_hcho_delhi_ncr_historical_2025-10-15_to_2025-11-15.csv
delhi_ncr,2025-11-15,28.575,76.925,0.0002834140078002,0.1461390261202066,historical,satellite_hcho_delhi_ncr_historical_2025-10-15_to_2025-11-15.csv
delhi_ncr,2025-11-15,28.575,76.975,0.0002843054477854,0.147280107271758,historical,satellite_hcho_delhi_ncr_historical_2025-10-15_to_2025-11-15.csv
delhi_ncr,2025-11-15,28.575,77.025,0.0002924165598073,0.1479303040573588,historical,satellite_hcho_delhi_ncr_historical_2025-10-15_to_2025-11-15.csv
delhi_ncr,2025-11-15,28.575,77.075,0.0003114627674487,0.1496808565610039,historical,satellite_hcho_delhi_ncr_historical_2025-10-15_to_2025-11-15.csv
delhi_ncr,2025-11-15,28.575,77.125,0.0003371686619874,0.1531900693192213,historical,satellite_hcho_delhi_ncr_historical_2025-10-15_to_2025-11-15.csv
delhi_ncr,2025-11-15,28.575,77.175,0.0003451124094188,0.1620434576119714,historical,satellite_hcho_delhi_ncr_historical_2025-10-15_to_2025-11-15.csv
delhi_ncr,2025-11-15,28.575,77.225,0.0003617211670493,0.1647841301814324,historical,satellite_hcho_delhi_ncr_historical_2025-10-15_to_2025-11-15.csv
delhi_ncr,2025-11-15,28.575,77.275,0.0003861586885562,0.1643831119895448,historical,satellite_hcho_delhi_ncr_historical_2025-10-15_to_2025-11-15.csv
delhi_ncr,2025-11-15,28.575,77.325,0.0004132343259956,0.1618516847917517,historical,satellite_hcho_delhi_ncr_historical_2025-10-15_to_2025-11-15.csv
delhi_ncr,2025-11-15,28.575,77.375,0.0004213575255411,0.1603304179167247,historical,satellite_hcho_delhi_ncr_historical_2025-10-15_to_2025-11-15.csv
delhi_ncr,2025-11-15,28.575,77.425,0.0004325056900407,0.1571074336455175,historical,satellite_hcho_delhi_ncr_historical_2025-10-15_to_2025-11-15.csv
delhi_ncr,2025-11-15,28.575,77.475,0.0004183998047141,0.1485692756817827,historical,satellite_hcho_delhi_ncr_historical_2025-10-15_to_2025-11-15.csv
delhi_ncr,2025-11-15,28.575,77.525,0.0003993944077787,0.1395864171564326,historical,satellite_hcho_delhi_ncr_historical_2025-10-15_to_2025-11-15.csv
delhi_ncr,2025-11-15,28.625,76.825,0.000255486854778,0.1308905733406682,historical,satellite_hcho_delhi_ncr_historical_2025-10-15_to_2025-11-15.csv
delhi_ncr,2025-11-15,28.625,76.875,0.0002413191271898,0.1367780980176638,historical,satellite_hcho_delhi_ncr_historical_2025-10-15_to_2025-11-15.csv
delhi_ncr,2025-11-15,28.625,76.925,0.000285347855751,0.147365988161815,historical,satellite_hcho_delhi_ncr_historical_2025-10-15_to_2025-11-15.csv
delhi_ncr,2025-11-15,28.625,76.975,0.0002914360818236,0.1507146679200749,historical,satellite_hcho_delhi_ncr_historical_2025-10-15_to_2025-11-15.csv
delhi_ncr,2025-11-15,28.625,77.025,0.0003033609431299,0.1535648555492758,historical,satellite_hcho_delhi_ncr_historical_2025-10-15_to_2025-11-15.csv
delhi_ncr,2025-11-15,28.625,77.075,0.0003251433426831,0.1578168424549748,historical,satellite_hcho_delhi_ncr_historical_2025-10-15_to_2025-11-15.csv
delhi_ncr,2025-11-15,28.625,77.125,0.0003554006174105,0.1692047377713705,historical,satellite_hcho_delhi_ncr_historical_2025-10-15_to_2025-11-15.csv
delhi_ncr,2025-11-15,28.625,77.175,0.0003565343352487,0.1694690236869662,historical,satellite_hcho_delhi_ncr_historical_2025-10-15_to_2025-11-15.csv
delhi_ncr,2025-11-15,28.625,77.225,0.0003912707527778,0.1656591788292577,historical,satellite_hcho_delhi_ncr_historical_2025-10-15_to_2025-11-15.csv
delhi_ncr,2025-11-15,28.625,77.275,0.0004057949055773,0.1604447783166202,historical,satellite_hcho_delhi_ncr_historical_2025-10-15_to_2025-11-15.csv
delhi_ncr,2025-11-15,28.625,77.325,0.0003948471741639,0.1549493093840052,historical,satellite_hcho_delhi_ncr_historical_2025-10-15_to_2025-11-15.csv
delhi_ncr,2025-11-15,28.625,77.375,0.000413280703469,0.1515091962230504,historical,satellite_hcho_delhi_ncr_historical_2025-10-15_to_2025-11-15.csv
delhi_ncr,2025-11-15,28.625,77.425,0.0004023033214623,0.148035805637002,historical,satellite_hcho_delhi_ncr_historical_2025-10-15_to_2025-11-15.csv
delhi_ncr,2025-11-15,28.625,77.475,0.0003791759347509,0.144692332169529,historical,satellite_hcho_delhi_ncr_historical_2025-10-15_to_2025-11-15.csv
delhi_ncr,2025-11-15,28.625,77.525,0.0003776504611587,0.13941417325052,historical,satellite_hcho_delhi_ncr_historical_2025-10-15_to_2025-11-15.csv
delhi_ncr,2025-11-15,28.625,77.55,0.0003978325646374,0.1327353770694433,historical,satellite_hcho_delhi_ncr_historical_2025-10-15_to_2025-11-15.csv
delhi_ncr,2025-11-15,28.675,76.825,0.0002624997517596,0.1284691963871113,historical,satellite_hcho_delhi_ncr_historical_2025-10-15_to_2025-11-15.csv
delhi_ncr,2025-11-15,28.675,76.875,0.0002516381873409,0.1317494249343446,historical,satellite_hcho_delhi_ncr_historical_2025-10-15_to_2025-11-15.csv
delhi_ncr,2025-11-15,28.675,76.925,0.0002673273911125,0.1482442452163739,historical,satellite_hcho_delhi_ncr_historical_2025-10-15_to_2025-11-15.csv
delhi_ncr,2025-11-15,28.675,76.975,0.0002823444999162,0.1509628838437275,historical,satellite_hcho_delhi_ncr_historical_2025-10-15_to_2025-11-15.csv
delhi_ncr,2025-11-15,28.675,77.025,0.0003131600550651,0.1546363213977366,historical,satellite_hcho_delhi_ncr_historical_2025-10-15_to_2025-11-15.csv
delhi_ncr,2025-11-15,28.675,77.075,0.0003488460529638,0.1604660647800435,historical,satellite_hcho_delhi_ncr_historical_2025-10-15_to_2025-11-15.csv
delhi_ncr,2025-11-15,28.675,77.125,0.0003414684182101,0.1676615266888028,historical,satellite_hcho_delhi_ncr_historical_2025-10-15_to_2025-11-15.csv
delhi_ncr,2025-11-15,28.675,77.175,0.0003579947475066,0.1672208773719169,historical,satellite_hcho_delhi_ncr_historical_2025-10-15_to_2025-11-15.csv
delhi_ncr,2025-11-15,28.675,77.225,0.0003985892774986,0.1612824736987748,historical,satellite_hcho_delhi_ncr_historical_2025-10-15_to_2025-11-15.csv
delhi_ncr,2025-11-15,28.675,77.275,0.0004097139746113,0.1556952584577613,historical,satellite_hcho_delhi_ncr_historical_2025-10-15_to_2025-11-15.csv
delhi_ncr,2025-11-15,28.675,77.325,0.0003865433616507,0.1521543806375589,historical,satellite_hcho_delhi_ncr_historical_2025-10-15_to_2025-11-15.csv
delhi_ncr,2025-11-15,28.675,77.375,0.000388122798802,0.1513791743725384,historical,satellite_hcho_delhi_ncr_historical_2025-10-15_to_2025-11-15.csv
delhi_ncr,2025-11-15,28.675,77.425,0.0003729635726984,0.14459895250028,historical,satellite_hcho_delhi_ncr_historical_2025-10-15_to_2025-11-15.csv
delhi_ncr,2025-11-15,28.675,77.475,0.0003542270628346,0.1412436026480523,historical,satellite_hcho_delhi_ncr_historical_2025-10-15_to_2025-11-15.csv
delhi_ncr,2025-11-15,28.675,77.525,0.0003509929442641,0.1370821019656216,historical,satellite_hcho_delhi_ncr_historical_2025-10-15_to_2025-11-15.csv
delhi_ncr,2025-11-15,28.675,77.55,0.0003695149063438,0.1316079237233734,historical,satellite_hcho_delhi_ncr_historical_2025-10-15_to_2025-11-15.csv
delhi_ncr,2025-11-15,28.725,76.825,0.0002752209308883,0.1257325680583525,historical,satellite_hcho_delhi_ncr_historical_2025-10-15_to_2025-11-15.csv
delhi_ncr,2025-11-15,28.725,76.875,0.000262850466546,0.1286909100660713,historical,satellite_hcho_delhi_ncr_historical_2025-10-15_to_2025-11-15.csv
delhi_ncr,2025-11-15,28.725,76.925,0.0002643700903549,0.1458720007083519,historical,satellite_hcho_delhi_ncr_historical_2025-10-15_to_2025-11-15.csv
delhi_ncr,2025-11-15,28.725,76.975,0.000284038918502,0.1471179312802054,historical,satellite_hcho_delhi_ncr_historical_2025-10-15_to_2025-11-15.csv
delhi_ncr,2025-11-15,28.725,77.025,0.0003218200214654,0.1499841971471397,historical,satellite_hcho_delhi_ncr_historical_2025-10-15_to_2025-11-15.csv
delhi_ncr,2025-11-15,28.725,77.075,0.0003613171477718,0.1547857667599412,historical,satellite_hcho_delhi_ncr_historical_2025-10-15_to_2025-11-15.csv
delhi_ncr,2025-11-15,28.725,77.125,0.0003359505954665,0.1538603754633865,historical,satellite_hcho_delhi_ncr_historical_2025-10-15_to_2025-11-15.csv
delhi_ncr,2025-11-15,28.725,77.175,0.0003556349285472,0.1563482135630567,historical,satellite_hcho_delhi_ncr_historical_2025-10-15_to_2025-11-15.csv
delhi_ncr,2025-11-15,28.725,77.225,0.0003839134763854,0.1521567603807501,historical,satellite_hcho_delhi_ncr_historical_2025-10-15_to_2025-11-15.csv
delhi_ncr,2025-11-15,28.725,77.275,0.0003878677133637,0.1488511636618061,historical,satellite_hcho_delhi_ncr_historical_2025-10-15_to_2025-11-15.csv
delhi_ncr,2025-11-15,28.725,77.325,0.0003649379388427,0.1478170006673798,historical,satellite_hcho_delhi_ncr_historical_2025-10-15_to_2025-11-15.csv
delhi_ncr,2025-11-15,28.725,77.375,0.000361528912452,0.1476537082300653,historical,satellite_hcho_delhi_ncr_historical_2025-10-15_to_2025-11-15.csv
delhi_ncr,2025-11-15,28.725,77.425,0.0003453461472819,0.1410490803461281,historical,satellite_hcho_delhi_ncr_historical_2025-10-15_to_2025-11-15.csv
delhi_ncr,2025-11-15,28.725,77.475,0.0003360268632363,0.1379957066968042,historical,satellite_hcho_delhi_ncr_historical_2025-10-15_to_2025-11-15.csv
delhi_ncr,2025-11-15,28.725,77.525,0.0003260569900428,0.1350368226058539,historical,satellite_hcho_delhi_ncr_historical_2025-10-15_to_2025-11-15.csv
delhi_ncr,2025-11-15,28.725,77.55,0.0003021793295897,0.1326815167007181,historical,satellite_hcho_delhi_ncr_historical_2025-10-15_to_2025-11-15.csv
delhi_ncr,2025-11-15,28.775,76.825,0.0002759645081495,0.129092690659463,historical,satellite_hcho_delhi_ncr_historical_2025-10-15_to_2025-11-15.csv
delhi_ncr,2025-11-15,28.775,76.875,0.0002640815148701,0.1368774206409361,historical,satellite_hcho_delhi_ncr_historical_2025-10-15_to_2025-11-15.csv
delhi_ncr,2025-11-15,28.775,76.925,0.000305722154749,0.1376823824506337,historical,satellite_hcho_delhi_ncr_historical_2025-10-15_to_2025-11-15.csv
delhi_ncr,2025-11-15,28.775,76.975,0.0003190680660236,0.1379793260916705,historical,satellite_hcho_delhi_ncr_historical_2025-10-15_to_2025-11-15.csv
delhi_ncr,2025-11-15,28.775,77.025,0.0003300694930552,0.1381706918266673,historical,satellite_hcho_delhi_ncr_historical_2025-10-15_to_2025-11-15.csv
delhi_ncr,2025-11-15,28.775,77.075,0.000343902524858,0.1372584159191902,historical,satellite_hcho_delhi_ncr_historical_2025-10-15_to_2025-11-15.csv
delhi_ncr,2025-11-15,28.775,77.125,0.0003725639917595,0.1303973754577376,historical,satellite_hcho_delhi_ncr_historical_2025-10-15_to_2025-11-15.csv
delhi_ncr,2025-11-15,28.775,77.175,0.0003542311085838,0.136661387470198,historical,satellite_hcho_delhi_ncr_historical_2025-10-15_to_2025-11-15.csv
delhi_ncr,2025-11-15,28.775,77.225,0.0003437519540299,0.1382739129839892,historical,satellite_hcho_delhi_ncr_historical_2025-10-15_to_2025-11-15.csv
delhi_ncr,2025-11-15,28.775,77.275,0.0003270948532547,0.1385223453907619,historical,satellite_hcho_delhi_ncr_historical_2025-10-15_to_2025-11-15.csv
delhi_ncr,2025-11-15,28.775,77.325,0.0003102731305303,0.1373594549416772,historical,satellite_hcho_delhi_ncr_historical_2025-10-15_to_2025-11-15.csv
delhi_ncr,2025-11-15,28.775,77.375,0.0003464922835696,0.1301198177941431,historical,satellite_hcho_delhi_ncr_historical_2025-10-15_to_2025-11-15.csv
delhi_ncr,2025-11-15,28.775,77.425,0.0003223705869922,0.13332804260171,historical,satellite_hcho_delhi_ncr_historical_2025-10-15_to_2025-11-15.csv
delhi_ncr,2025-11-15,28.775,77.475,0.0003207350766889,0.134958865753112,historical,satellite_hcho_delhi_ncr_historical_2025-10-15_to_2025-11-15.csv
delhi_ncr,2025-11-15,28.775,77.525,0.000307630917319,0.1354029066805145,historical,satellite_hcho_delhi_ncr_historical_2025-10-15_to_2025-11-15.csv
delhi_ncr,2025-11-15,28.775,77.55,0.0002892914558691,0.1318472868013795,historical,satellite_hcho_delhi_ncr_historical_2025-10-15_to_2025-11-15.csv
delhi_ncr,2025-11-15,28.825,76.825,0.0002784556600263,0.1330811402664594,historical,satellite_hcho_delhi_ncr_historical_2025-10-15_to_2025-11-15.csv
delhi_ncr,2025-11-15,28.825,76.875,0.0002583883321606,0.1346656389860799,historical,satellite_hcho_delhi_ncr_historical_2025-10-15_to_2025-11-15.csv
delhi_ncr,2025-11-15,28.825,76.925,0.0003040722572601,0.1321545593133621,historical,satellite_hcho_delhi_ncr_historical_2025-10-15_to_2025-11-15.csv
delhi_ncr,2025-11-15,28.825,76.975,0.0003061411036233,0.1391739683794529,historical,satellite_hcho_delhi_ncr_historical_2025-10-15_to_2025-11-15.csv
delhi_ncr,2025-11-15,28.825,77.025,0.0003014452035966,0.1387329385143864,historical,satellite_hcho_delhi_ncr_historical_2025-10-15_to_2025-11-15.csv
delhi_ncr,2025-11-15,28.825,77.075,0.0002993768855128,0.1316047973523714,historical,satellite_hcho_delhi_ncr_historical_2025-10-15_to_2025-11-15.csv
delhi_ncr,2025-11-15,28.825,77.125,0.0003193681110059,0.1300204805820176,historical,satellite_hcho_delhi_ncr_historical_2025-10-15_to_2025-11-15.csv
delhi_ncr,2025-11-15,28.825,77.175,0.0003472397400645,0.1326039729647931,historical,satellite_hcho_delhi_ncr_historical_2025-10-15_to_2025-11-15.csv
delhi_ncr,2025-11-15,28.825,77.225,0.0003291659683898,0.137803646031507,historical,satellite_hcho_delhi_ncr_historical_2025-10-15_to_2025-11-15.csv
delhi_ncr,2025-11-15,28.825,77.275,0.000324265083027,0.1375052652765697,historical,satellite_hcho_delhi_ncr_historical_2025-10-15_to_2025-11-15.csv
delhi_ncr,2025-11-15,28.825,77.325,0.0003354193316457,0.1311263385128595,historical,satellite_hcho_delhi_ncr_historical_2025-10-15_to_2025-11-15.csv
delhi_ncr,2025-11-15,28.825,77.375,0.0002933681340762,0.1268329918821436,historical,satellite_hcho_delhi_ncr_historical_2025-10-15_to_2025-11-15.csv
delhi_ncr,2025-11-15,28.825,77.425,0.0002834998000722,0.1258534758323708,historical,satellite_hcho_delhi_ncr_historical_2025-10-15_to_2025-11-15.csv
delhi_ncr,2025-11-15,28.825,77.475,0.0002875751537681,0.129068579735027,historical,satellite_hcho_delhi_ncr_historical_2025-10-15_to_2025-11-15.csv
delhi_ncr,2025-11-15,28.825,77.525,0.0002950472888311,0.1306360526196404,historical,satellite_hcho_delhi_ncr_historical_2025-10-15_to_2025-11-15.csv
delhi_ncr,2025-11-15,28.875,76.825,0.0002639862370516,0.1224732371601678,historical,satellite_hcho_delhi_ncr_historical_2025-10-15_to_2025-11-15.csv
delhi_ncr,2025-11-15,28.875,76.875,0.0002775820999367,0.123657874281677,historical,satellite_hcho_delhi_ncr_historical_2025-10-15_to_2025-11-15.csv
delhi_ncr,2025-11-15,28.875,76.925,0.0003139423740556,0.1238570773107249,historical,satellite_hcho_delhi_ncr_historical_2025-10-15_to_2025-11-15.csv
delhi_ncr,2025-11-15,28.875,76.975,0.0003236994550467,0.1280735964410238,historical,satellite_hcho_delhi_ncr_historical_2025-10-15_to_2025-11-15.csv
delhi_ncr,2025-11-15,28.875,77.025,0.0003250843389339,0.1300567892429353,historical,satellite_hcho_delhi_ncr_historical_2025-10-15_to_2025-11-15.csv
delhi_ncr,2025-11-15,28.875,77.075,0.0003201306482648,0.1300054770771443,historical,satellite_hcho_delhi_ncr_historical_2025-10-15_to_2025-11-15.csv
delhi_ncr,2025-11-15,28.875,77.125,0.0003069209201763,0.1334449040825075,historical,satellite_hcho_delhi_ncr_historical_2025-10-15_to_2025-11-15.csv
delhi_ncr,2025-11-15,28.875,77.175,0.0003306854073388,0.13500242246545,historical,satellite_hcho_delhi_ncr_historical_2025-10-15_to_2025-11-15.csv
delhi_ncr,2025-11-15,28.875,77.225,0.000329630914341,0.1345117973535334,historical,satellite_hcho_delhi_ncr_historical_2025-10-15_to_2025-11-15.csv
delhi_ncr,2025-11-15,28.875,77.275,0.0003232454096821,0.1349202774506899,historical,satellite_hcho_delhi_ncr_historical_2025-10-15_to_2025-11-15.csv
delhi_ncr,2025-11-15,28.875,77.325,0.0003138519186274,0.1358337223565385,historical,satellite_hcho_delhi_ncr_historical_2025-10-15_to_2025-11-15.csv
delhi_ncr,2025-11-15,28.875,77.375,0.0002880557440419,0.1305091514100757,historical,satellite_hcho_delhi_ncr_historical_2025-10-15_to_2025-11-15.csv
delhi_ncr,2025-11-15,28.875,77.425,0.0002674952481291,0.1285642564096347,historical,satellite_hcho_delhi_ncr_historical_2025-10-15_to_2025-11-15.csv
delhi_ncr,2025-11-15,28.875,77.475,0.0002872204765511,0.1262725886382001,historical,satellite_hcho_delhi_ncr_historical_2025-10-15_to_2025-11-15.csv
delhi_ncr,2025-11-15,28.875,77.525,0.0002915007220495,0.1265033940815159,historical,satellite_hcho_delhi_ncr_historical_2025-10-15_to_2025-11-15.csv
delhi_ncr,2025-11-15,28.875,77.55,0.0002782308316987,0.1295267360879965,historical,satellite_hcho_delhi_ncr_historical_2025-10-15_to_2025-11-15.csv
kanpur_industrial,2025-11-15,26.325,80.175,0.0002699517242023,0.1303353069875212,historical,satellite_hcho_kanpur_industrial_historical_2025-10-15_to_2025-11-15.csv
kanpur_industrial,2025-11-15,26.325,80.225,0.0002562896238427,0.1340432567721747,historical,satellite_hcho_kanpur_industrial_historical_2025-10-15_to_2025-11-15.csv
kanpur_industrial,2025-11-15,26.325,80.275,0.0002606600375666,0.1370362223598726,historical,satellite_hcho_kanpur_industrial_historical_2025-10-15_to_2025-11-15.csv
kanpur_industrial,2025-11-15,26.325,80.325,0.0002483118013944,0.1378596248993196,historical,satellite_hcho_kanpur_industrial_historical_2025-10-15_to_2025-11-15.csv
kanpur_industrial,2025-11-15,26.325,80.375,0.0002254412759803,0.1368745697777593,historical,satellite_hcho_kanpur_industrial_historical_2025-10-15_to_2025-11-15.csv
kanpur_industrial,2025-11-15,26.325,80.425,0.0002313501587552,0.1295134331001614,historical,satellite_hcho_kanpur_industrial_historical_2025-10-15_to_2025-11-15.csv
kanpur_industrial,2025-11-15,26.325,80.475,0.0002537878988071,0.1220614566836726,historical,satellite_hcho_kanpur_industrial_historical_2025-10-15_to_2025-11-15.csv
kanpur_industrial,2025-11-15,26.325,80.525,0.0002800455741383,0.1229681434595579,historical,satellite_hcho_kanpur_industrial_historical_2025-10-15_to_2025-11-15.csv
kanpur_industrial,2025-11-15,26.325,80.55,0.0002742553435837,0.1211684800979321,historical,satellite_hcho_kanpur_industrial_historical_2025-10-15_to_2025-11-15.csv
kanpur_industrial,2025-11-15,26.375,80.175,0.0002689439804223,0.1284530096889789,historical,satellite_hcho_kanpur_industrial_historical_2025-10-15_to_2025-11-15.csv
kanpur_industrial,2025-11-15,26.375,80.225,0.0002500415904646,0.1297930107706243,historical,satellite_hcho_kanpur_industrial_historical_2025-10-15_to_2025-11-15.csv
kanpur_industrial,2025-11-15,26.375,80.275,0.0002320115711847,0.1331743300467666,historical,satellite_hcho_kanpur_industrial_historical_2025-10-15_to_2025-11-15.csv
kanpur_industrial,2025-11-15,26.375,80.325,0.0002619289825491,0.1428141452840242,historical,satellite_hcho_kanpur_industrial_historical_2025-10-15_to_2025-11-15.csv
kanpur_industrial,2025-11-15,26.375,80.375,0.0002467017736537,0.1298562023065152,historical,satellite_hcho_kanpur_industrial_historical_2025-10-15_to_2025-11-15.csv
kanpur_industrial,2025-11-15,26.375,80.425,0.0002400161353123,0.1212257627888281,historical,satellite_hcho_kanpur_industrial_historical_2025-10-15_to_2025-11-15.csv
kanpur_industrial,2025-11-15,26.375,80.475,0.000245168490888,0.1174666812583114,historical,satellite_hcho_kanpur_industrial_historical_2025-10-15_to_2025-11-15.csv
kanpur_industrial,2025-11-15,26.375,80.525,0.0002679136625,0.1191974202256752,historical,satellite_hcho_kanpur_industrial_historical_2025-10-15_to_2025-11-15.csv
kanpur_industrial,2025-11-15,26.425,80.175,0.0002577980212808,0.1229253016129477,historical,satellite_hcho_kanpur_industrial_historical_2025-10-15_to_2025-11-15.csv
kanpur_industrial,2025-11-15,26.425,80.225,0.0002567162213988,0.128753352605853,historical,satellite_hcho_kanpur_industrial_historical_2025-10-15_to_2025-11-15.csv
kanpur_industrial,2025-11-15,26.425,80.275,0.0002527436731247,0.1314522733954861,historical,satellite_hcho_kanpur_industrial_historical_2025-10-15_to_2025-11-15.csv
kanpur_industrial,2025-11-15,26.425,80.325,0.0002632717031346,0.1281006516892027,historical,satellite_hcho_kanpur_industrial_historical_2025-10-15_to_2025-11-15.csv
kanpur_industrial,2025-11-15,26.425,80.375,0.000246908593165,0.12597267229108,historical,satellite_hcho_kanpur_industrial_historical_2025-10-15_to_2025-11-15.csv
kanpur_industrial,2025-11-15,26.425,80.425,0.0002352977555562,0.1260279626963095,historical,satellite_hcho_kanpur_industrial_historical_2025-10-15_to_2025-11-15.csv
kanpur_industrial,2025-11-15,26.425,80.475,0.0002328957220189,0.1236210043400561,historical,satellite_hcho_kanpur_industrial_historical_2025-10-15_to_2025-11-15.csv
kanpur_industrial,2025-11-15,26.425,80.525,0.0002463845723238,0.111683314283173,historical,satellite_hcho_kanpur_industrial_historical_2025-10-15_to_2025-11-15.csv
kanpur_industrial,2025-11-15,26.425,80.55,0.0002543520308929,0.114464125143784,historical,satellite_hcho_kanpur_industrial_historical_2025-10-15_to_2025-11-15.csv
kanpur_industrial,2025-11-15,26.475,80.175,0.0002479649607562,0.1189945801900181,historical,satellite_hcho_kanpur_industrial_historical_2025-10-15_to_2025-11-15.csv
kanpur_industrial,2025-11-15,26.475,80.225,0.0002506220808952,0.1267111826020541,historical,satellite_hcho_kanpur_industrial_historical_2025-10-15_to_2025-11-15.csv
kanpur_industrial,2025-11-15,26.475,80.275,0.0002568987282955,0.1296044816595414,historical,satellite_hcho_kanpur_industrial_historical_2025-10-15_to_2025-11-15.csv
kanpur_industrial,2025-11-15,26.475,80.325,0.0002558523857601,0.1260771007766488,historical,satellite_hcho_kanpur_industrial_historical_2025-10-15_to_2025-11-15.csv
kanpur_industrial,2025-11-15,26.475,80.375,0.0002467177537864,0.1261821124524517,historical,satellite_hcho_kanpur_industrial_historical_2025-10-15_to_2025-11-15.csv
kanpur_industrial,2025-11-15,26.475,80.425,0.0002428798506138,0.1255551549696378,historical,satellite_hcho_kanpur_industrial_historical_2025-10-15_to_2025-11-15.csv
kanpur_industrial,2025-11-15,26.475,80.475,0.0002422378864215,0.1238217572112854,historical,satellite_hcho_kanpur_industrial_historical_2025-10-15_to_2025-11-15.csv
kanpur_industrial,2025-11-15,26.475,80.525,0.0002421310855761,0.1202213428918575,historical,satellite_hcho_kanpur_industrial_historical_2025-10-15_to_2025-11-15.csv
kanpur_industrial,2025-11-15,26.475,80.55,0.0002420453440111,0.119550438001569,historical,satellite_hcho_kanpur_industrial_historical_2025-10-15_to_2025-11-15.csv
kanpur_industrial,2025-11-15,26.525,80.175,0.0002413193004551,0.1173625610368788,historical,satellite_hcho_kanpur_industrial_historical_2025-10-15_to_2025-11-15.csv
kanpur_industrial,2025-11-15,26.525,80.225,0.0002542401245565,0.1239720268033095,historical,satellite_hcho_kanpur_industrial_historical_2025-10-15_to_2025-11-15.csv
kanpur_industrial,2025-11-15,26.525,80.275,0.0002668147048745,0.1274112531081112,historical,satellite_hcho_kanpur_industrial_historical_2025-10-15_to_2025-11-15.csv
kanpur_industrial,2025-11-15,26.525,80.325,0.0002560590121975,0.1240151619721327,historical,satellite_hcho_kanpur_industrial_historical_2025-10-15_to_2025-11-15.csv
kanpur_industrial,2025-11-15,26.525,80.375,0.0002552584589325,0.1243662177528749,historical,satellite_hcho_kanpur_industrial_historical_2025-10-15_to_2025-11-15.csv
kanpur_industrial,2025-11-15,26.525,80.425,0.0002571372211221,0.1236104025049752,historical,satellite_hcho_kanpur_industrial_historical_2025-10-15_to_2025-11-15.csv
kanpur_industrial,2025-11-15,26.525,80.475,0.0002576483909084,0.1245317163002069,historical,satellite_hcho_kanpur_industrial_historical_2025-10-15_to_2025-11-15.csv
kanpur_industrial,2025-11-15,26.525,80.525,0.0002520472198779,0.1313212780391701,historical,satellite_hcho_kanpur_industrial_historical_2025-10-15_to_2025-11-15.csv
kanpur_industrial,2025-11-15,26.525,80.55,0.0002593031968477,0.132939913756767,historical,satellite_hcho_kanpur_industrial_historical_2025-10-15_to_2025-11-15.csv
kanpur_industrial,2025-11-15,26.575,80.175,0.0002397108142249,0.1189628565782928,historical,satellite_hcho_kanpur_industrial_historical_2025-10-15_to_2025-11-15.csv
kanpur_industrial,2025-11-15,26.575,80.225,0.0002813174339465,0.12091936517614,historical,satellite_hcho_kanpur_industrial_historical_2025-10-15_to_2025-11-15.csv
kanpur_industrial,2025-11-15,26.575,80.275,0.0002956259663425,0.1248751212624721,historical,satellite_hcho_kanpur_industrial_historical_2025-10-15_to_2025-11-15.csv
kanpur_industrial,2025-11-15,26.575,80.325,0.0002745622527966,0.1144331721421637,historical,satellite_hcho_kanpur_industrial_historical_2025-10-15_to_2025-11-15.csv
kanpur_industrial,2025-11-15,26.575,80.375,0.0002784637073699,0.1164401326016035,historical,satellite_hcho_kanpur_industrial_historical_2025-10-15_to_2025-11-15.csv
kanpur_industrial,2025-11-15,26.575,80.425,0.0002741975397302,0.1224899029928474,historical,satellite_hcho_kanpur_industrial_historical_2025-10-15_to_2025-11-15.csv
kanpur_industrial,2025-11-15,26.575,80.475,0.0002693153410457,0.130083241299645,historical,satellite_hcho_kanpur_industrial_historical_2025-10-15_to_2025-11-15.csv
kanpur_industrial,2025-11-15,26.575,80.525,0.0002752284320656,0.1364732763668409,historical,satellite_hcho_kanpur_industrial_historical_2025-10-15_to_2025-11-15.csv
kanpur_industrial,2025-11-15,26.575,80.55,0.0002721991892195,0.1350495733543721,historical,satellite_hcho_kanpur_industrial_historical_2025-10-15_to_2025-11-15.csv
punjab_stubble_belt,2025-11-15,31.325,74.625,0.0003015448599532,0.097659426962525,historical,satellite_hcho_punjab_stubble_belt_historical_2025-10-15_to_2025-11-15.csv
punjab_stubble_belt,2025-11-15,31.325,74.675,0.0003043477227979,0.1008063797680148,historical,satellite_hcho_punjab_stubble_belt_historical_2025-10-15_to_2025-11-15.csv
punjab_stubble_belt,2025-11-15,31.325,74.725,0.0002909769594303,0.1064878707887944,historical,satellite_hcho_punjab_stubble_belt_historical_2025-10-15_to_2025-11-15.csv
punjab_stubble_belt,2025-11-15,31.325,74.775,0.0002964303228085,0.1072968102421556,historical,satellite_hcho_punjab_stubble_belt_historical_2025-10-15_to_2025-11-15.csv
punjab_stubble_belt,2025-11-15,31.325,74.825,0.0003068371976556,0.1054735662182493,historical,satellite_hcho_punjab_stubble_belt_historical_2025-10-15_to_2025-11-15.csv
punjab_stubble_belt,2025-11-15,31.325,74.875,0.0003126006741721,0.1030874311372282,historical,satellite_hcho_punjab_stubble_belt_historical_2025-10-15_to_2025-11-15.csv
punjab_stubble_belt,2025-11-15,31.325,74.925,0.0002840091080359,0.1066665613162424,historical,satellite_hcho_punjab_stubble_belt_historical_2025-10-15_to_2025-11-15.csv
punjab_stubble_belt,2025-11-15,31.325,74.975,0.0003198707964642,0.106195793205385,historical,satellite_hcho_punjab_stubble_belt_historical_2025-10-15_to_2025-11-15.csv
punjab_stubble_belt,2025-11-15,31.325,75.025,0.0003286195265173,0.1071068710110735,historical,satellite_hcho_punjab_stubble_belt_historical_2025-10-15_to_2025-11-15.csv
punjab_stubble_belt,2025-11-15,31.325,75.075,0.0003203434724232,0.1083244857647295,historical,satellite_hcho_punjab_stubble_belt_historical_2025-10-15_to_2025-11-15.csv
punjab_stubble_belt,2025-11-15,31.325,75.125,0.0002966631424994,0.1088382538817691,historical,satellite_hcho_punjab_stubble_belt_historical_2025-10-15_to_2025-11-15.csv
punjab_stubble_belt,2025-11-15,31.325,75.175,0.0002526092715367,0.1034660311398222,historical,satellite_hcho_punjab_stubble_belt_historical_2025-10-15_to_2025-11-15.csv
punjab_stubble_belt,2025-11-15,31.325,75.225,0.0002773447064244,0.1003633392050969,historical,satellite_hcho_punjab_stubble_belt_historical_2025-10-15_to_2025-11-15.csv
punjab_stubble_belt,2025-11-15,31.325,75.275,0.0002839389644638,0.0975098533087432,historical,satellite_hcho_punjab_stubble_belt_historical_2025-10-15_to_2025-11-15.csv
punjab_stubble_belt,2025-11-15,31.325,75.3,0.0002903651540386,0.0966534863649818,historical,satellite_hcho_punjab_stubble_belt_historical_2025-10-15_to_2025-11-15.csv
punjab_stubble_belt,2025-11-15,31.375,74.625,0.0002933490745551,0.0938831897597756,historical,satellite_hcho_punjab_stubble_belt_historical_2025-10-15_to_2025-11-15.csv
punjab_stubble_belt,2025-11-15,31.375,74.675,0.0002918173562889,0.0957385913570966,historical,satellite_hcho_punjab_stubble_belt_historical_2025-10-15_to_2025-11-15.csv
punjab_stubble_belt,2025-11-15,31.375,74.725,0.0003004269588423,0.0996829020471146,historical,satellite_hcho_punjab_stubble_belt_historical_2025-10-15_to_2025-11-15.csv
punjab_stubble_belt,2025-11-15,31.375,74.775,0.0003065131267842,0.1013163198385965,historical,satellite_hcho_punjab_stubble_belt_historical_2025-10-15_to_2025-11-15.csv
punjab_stubble_belt,2025-11-15,31.375,74.825,0.0003125222103156,0.1002976987630008,historical,satellite_hcho_punjab_stubble_belt_historical_2025-10-15_to_2025-11-15.csv
punjab_stubble_belt,2025-11-15,31.375,74.875,0.0003109863979278,0.0982196748140238,historical,satellite_hcho_punjab_stubble_belt_historical_2025-10-15_to_2025-11-15.csv
punjab_stubble_belt,2025-11-15,31.375,74.925,0.0002732766530618,0.1007819826091015,historical,satellite_hcho_punjab_stubble_belt_historical_2025-10-15_to_2025-11-15.csv
punjab_stubble_belt,2025-11-15,31.375,74.975,0.0002846223936327,0.1001645614796338,historical,satellite_hcho_punjab_stubble_belt_historical_2025-10-15_to_2025-11-15.csv
punjab_stubble_belt,2025-11-15,31.375,75.025,0.0002864094557976,0.0998360595542286,historical,satellite_hcho_punjab_stubble_belt_historical_2025-10-15_to_2025-11-15.csv
punjab_stubble_belt,2025-11-15,31.375,75.075,0.0002841022886247,0.1002474937487333,historical,satellite_hcho_punjab_stubble_belt_historical_2025-10-15_to_2025-11-15.csv
punjab_stubble_belt,2025-11-15,31.375,75.125,0.000276842127997,0.1012492055887565,historical,satellite_hcho_punjab_stubble_belt_historical_2025-10-15_to_2025-11-15.csv
punjab_stubble_belt,2025-11-15,31.375,75.175,0.0002461146880948,0.1010042500284664,historical,satellite_hcho_punjab_stubble_belt_historical_2025-10-15_to_2025-11-15.csv
punjab_stubble_belt,2025-11-15,31.375,75.225,0.0002660529137168,0.0984158149109395,historical,satellite_hcho_punjab_stubble_belt_historical_2025-10-15_to_2025-11-15.csv
punjab_stubble_belt,2025-11-15,31.375,75.275,0.0002590286054267,0.0946940816334826,historical,satellite_hcho_punjab_stubble_belt_historical_2025-10-15_to_2025-11-15.csv
punjab_stubble_belt,2025-11-15,31.375,75.3,0.0002486559675064,0.0921464133730326,historical,satellite_hcho_punjab_stubble_belt_historical_2025-10-15_to_2025-11-15.csv
punjab_stubble_belt,2025-11-15,31.425,74.625,0.0002883241030109,0.091378382146772,historical,satellite_hcho_punjab_stubble_belt_historical_2025-10-15_to_2025-11-15.csv
punjab_stubble_belt,2025-11-15,31.425,74.675,0.0002850511794057,0.0922330214099361,historical,satellite_hcho_punjab_stubble_belt_historical_2025-10-15_to_2025-11-15.csv
punjab_stubble_belt,2025-11-15,31.425,74.725,0.0003066116025234,0.0939316002808184,historical,satellite_hcho_punjab_stubble_belt_historical_2025-10-15_to_2025-11-15.csv
punjab_stubble_belt,2025-11-15,31.425,74.775,0.0003151913133566,0.0953428411867089,historical,satellite_hcho_punjab_stubble_belt_historical_2025-10-15_to_2025-11-15.csv
punjab_stubble_belt,2025-11-15,31.425,74.825,0.0003134276810527,0.0955753878784369,historical,satellite_hcho_punjab_stubble_belt_historical_2025-10-15_to_2025-11-15.csv
punjab_stubble_belt,2025-11-15,31.425,74.875,0.0003013012787153,0.0950009414417768,historical,satellite_hcho_punjab_stubble_belt_historical_2025-10-15_to_2025-11-15.csv
punjab_stubble_belt,2025-11-15,31.425,74.925,0.0002741552814674,0.0948562310362028,historical,satellite_hcho_punjab_stubble_belt_historical_2025-10-15_to_2025-11-15.csv
punjab_stubble_belt,2025-11-15,31.425,74.975,0.0002552772617049,0.0941511403676852,historical,satellite_hcho_punjab_stubble_belt_historical_2025-10-15_to_2025-11-15.csv
punjab_stubble_belt,2025-11-15,31.425,75.025,0.0002448799152077,0.0932766993246158,historical,satellite_hcho_punjab_stubble_belt_historical_2025-10-15_to_2025-11-15.csv
punjab_stubble_belt,2025-11-15,31.425,75.075,0.0002504482505273,0.0932529142074363,historical,satellite_hcho_punjab_stubble_belt_historical_2025-10-15_to_2025-11-15.csv
punjab_stubble_belt,2025-11-15,31.425,75.125,0.0002657941922459,0.0943215132922162,historical,satellite_hcho_punjab_stubble_belt_historical_2025-10-15_to_2025-11-15.csv
punjab_stubble_belt,2025-11-15,31.425,75.175,0.0002507867483473,0.0969377663132688,historical,satellite_hcho_punjab_stubble_belt_historical_2025-10-15_to_2025-11-15.csv
punjab_stubble_belt,2025-11-15,31.425,75.225,0.0002445163511591,0.0958025145901814,historical,satellite_hcho_punjab_stubble_belt_historical_2025-10-15_to_2025-11-15.csv
punjab_stubble_belt,2025-11-15,31.425,75.275,0.0002264901394109,0.0921366259076596,historical,satellite_hcho_punjab_stubble_belt_historical_2025-10-15_to_2025-11-15.csv
punjab_stubble_belt,2025-11-15,31.425,75.3,0.0002094002910932,0.0907112717686828,historical,satellite_hcho_punjab_stubble_belt_historical_2025-10-15_to_2025-11-15.csv
punjab_stubble_belt,2025-11-15,31.475,74.625,0.0002769080738514,0.0921469626170876,historical,satellite_hcho_punjab_stubble_belt_historical_2025-10-15_to_2025-11-15.csv
punjab_stubble_belt,2025-11-15,31.475,74.675,0.0002838182313808,0.0928448817632369,historical,satellite_hcho_punjab_stubble_belt_historical_2025-10-15_to_2025-11-15.csv
punjab_stubble_belt,2025-11-15,31.475,74.725,0.0002870208945455,0.0920521889533373,historical,satellite_hcho_punjab_stubble_belt_historical_2025-10-15_to_2025-11-15.csv
punjab_stubble_belt,2025-11-15,31.475,74.775,0.0002965679406978,0.0910615492682487,historical,satellite_hcho_punjab_stubble_belt_historical_2025-10-15_to_2025-11-15.csv
punjab_stubble_belt,2025-11-15,31.475,74.825,0.0002931997944806,0.0926902467564026,historical,satellite_hcho_punjab_stubble_belt_historical_2025-10-15_to_2025-11-15.csv
punjab_stubble_belt,2025-11-15,31.475,74.875,0.0002823508152248,0.0954186378574194,historical,satellite_hcho_punjab_stubble_belt_historical_2025-10-15_to_2025-11-15.csv
punjab_stubble_belt,2025-11-15,31.475,74.925,0.0002883404301546,0.0933187060021637,historical,satellite_hcho_punjab_stubble_belt_historical_2025-10-15_to_2025-11-15.csv
punjab_stubble_belt,2025-11-15,31.475,74.975,0.0002746788190102,0.0921691938764107,historical,satellite_hcho_punjab_stubble_belt_historical_2025-10-15_to_2025-11-15.csv
punjab_stubble_belt,2025-11-15,31.475,75.025,0.0002763714915678,0.0913791097271862,historical,satellite_hcho_punjab_stubble_belt_historical_2025-10-15_to_2025-11-15.csv
punjab_stubble_belt,2025-11-15,31.475,75.075,0.0002892483640971,0.0917387185300067,historical,satellite_hcho_punjab_stubble_belt_historical_2025-10-15_to_2025-11-15.csv
punjab_stubble_belt,2025-11-15,31.475,75.125,0.0003030435967804,0.0931422651947153,historical,satellite_hcho_punjab_stubble_belt_historical_2025-10-15_to_2025-11-15.csv
punjab_stubble_belt,2025-11-15,31.475,75.175,0.0002695648912662,0.0944377849335611,historical,satellite_hcho_punjab_stubble_belt_historical_2025-10-15_to_2025-11-15.csv
punjab_stubble_belt,2025-11-15,31.475,75.225,0.0002424917235329,0.0955877045453623,historical,satellite_hcho_punjab_stubble_belt_historical_2025-10-15_to_2025-11-15.csv
punjab_stubble_belt,2025-11-15,31.475,75.275,0.0002152500280668,0.0935000422194428,historical,satellite_hcho_punjab_stubble_belt_historical_2025-10-15_to_2025-11-15.csv
punjab_stubble_belt,2025-11-15,31.525,74.625,0.0002897716091257,0.0860541740359733,historical,satellite_hcho_punjab_stubble_belt_historical_2025-10-15_to_2025-11-15.csv
punjab_stubble_belt,2025-11-15,31.525,74.675,0.0002906521371778,0.0857813512995461,historical,satellite_hcho_punjab_stubble_belt_historical_2025-10-15_to_2025-11-15.csv
punjab_stubble_belt,2025-11-15,31.525,74.725,0.0003130560588967,0.0868645607339282,historical,satellite_hcho_punjab_stubble_belt_historical_2025-10-15_to_2025-11-15.csv
punjab_stubble_belt,2025-11-15,31.525,74.775,0.0003006866359269,0.0847625582656753,historical,satellite_hcho_punjab_stubble_belt_historical_2025-10-15_to_2025-11-15.csv
punjab_stubble_belt,2025-11-15,31.525,74.825,0.0002801847704852,0.0830525725558462,historical,satellite_hcho_punjab_stubble_belt_historical_2025-10-15_to_2025-11-15.csv
punjab_stubble_belt,2025-11-15,31.525,74.875,0.0002598368440714,0.083347200777023,historical,satellite_hcho_punjab_stubble_belt_historical_2025-10-15_to_2025-11-15.csv
punjab_stubble_belt,2025-11-15,31.525,74.925,0.0002570570908507,0.0904897463043684,historical,satellite_hcho_punjab_stubble_belt_historical_2025-10-15_to_2025-11-15.csv
punjab_stubble_belt,2025-11-15,31.525,74.975,0.000266833992517,0.0875117157156873,historical,satellite_hcho_punjab_stubble_belt_historical_2025-10-15_to_2025-11-15.csv
punjab_stubble_belt,2025-11-15,31.525,75.025,0.0002726500156046,0.0870192803871034,historical,satellite_hcho_punjab_stubble_belt_historical_2025-10-15_to_2025-11-15.csv
punjab_stubble_belt,2025-11-15,31.525,75.075,0.000274796806082,0.087258099870297,historical,satellite_hcho_punjab_stubble_belt_historical_2025-10-15_to_2025-11-15.csv
punjab_stubble_belt,2025-11-15,31.525,75.125,0.000273876452286,0.0882099824514519,historical,satellite_hcho_punjab_stubble_belt_historical_2025-10-15_to_2025-11-15.csv
punjab_stubble_belt,2025-11-15,31.525,75.175,0.0002696146757052,0.0909312474709875,historical,satellite_hcho_punjab_stubble_belt_historical_2025-10-15_to_2025-11-15.csv
punjab_stubble_belt,2025-11-15,31.525,75.225,0.0002679240938073,0.0925787703983033,historical,satellite_hcho_punjab_stubble_belt_historical_2025-10-15_to_2025-11-15.csv
punjab_stubble_belt,2025-11-15,31.525,75.275,0.00028159925022,0.093150280090555,historical,satellite_hcho_punjab_stubble_belt_historical_2025-10-15_to_2025-11-15.csv
punjab_stubble_belt,2025-11-15,31.525,75.3,0.0002491303185038,0.0927248878098658,historical,satellite_hcho_punjab_stubble_belt_historical_2025-10-15_to_2025-11-15.csv
punjab_stubble_belt,2025-11-15,31.575,74.625,0.0003266094136755,0.083558673655467,historical,satellite_hcho_punjab_stubble_belt_historical_2025-10-15_to_2025-11-15.csv
punjab_stubble_belt,2025-11-15,31.575,74.675,0.000318079568973,0.0830152007428416,historical,satellite_hcho_punjab_stubble_belt_historical_2025-10-15_to_2025-11-15.csv
punjab_stubble_belt,2025-11-15,31.575,74.725,0.0003273181683131,0.0845900124740939,historical,satellite_hcho_punjab_stubble_belt_historical_2025-10-15_to_2025-11-15.csv
punjab_stubble_belt,2025-11-15,31.575,74.775,0.0003102163988951,0.0829286484130766,historical,satellite_hcho_punjab_stubble_belt_historical_2025-10-15_to_2025-11-15.csv
punjab_stubble_belt,2025-11-15,31.575,74.825,0.0002831798152194,0.0825677900663628,historical,satellite_hcho_punjab_stubble_belt_historical_2025-10-15_to_2025-11-15.csv
punjab_stubble_belt,2025-11-15,31.575,74.875,0.0002557836045937,0.0837692010140007,historical,satellite_hcho_punjab_stubble_belt_historical_2025-10-15_to_2025-11-15.csv
punjab_stubble_belt,2025-11-15,31.575,74.925,0.0002497130233859,0.0860980466430125,historical,satellite_hcho_punjab_stubble_belt_historical_2025-10-15_to_2025-11-15.csv
punjab_stubble_belt,2025-11-15,31.575,74.975,0.0002811919625061,0.0857916644134364,historical,satellite_hcho_punjab_stubble_belt_historical_2025-10-15_to_2025-11-15.csv
punjab_stubble_belt,2025-11-15,31.575,75.025,0.0002792561813425,0.0846664859754118,historical,satellite_hcho_punjab_stubble_belt_historical_2025-10-15_to_2025-11-15.csv
punjab_stubble_belt,2025-11-15,31.575,75.075,0.0002656596541785,0.0852543861442177,historical,satellite_hcho_punjab_stubble_belt_historical_2025-10-15_to_2025-11-15.csv
punjab_stubble_belt,2025-11-15,31.575,75.125,0.0002516879487705,0.0875959215398274,historical,satellite_hcho_punjab_stubble_belt_historical_2025-10-15_to_2025-11-15.csv
punjab_stubble_belt,2025-11-15,31.575,75.175,0.0002775942455916,0.0899678020907679,historical,satellite_hcho_punjab_stubble_belt_historical_2025-10-15_to_2025-11-15.csv
punjab_stubble_belt,2025-11-15,31.575,75.225,0.0002610058023216,0.0911891018884186,historical,satellite_hcho_punjab_stubble_belt_historical_2025-10-15_to_2025-11-15.csv
punjab_stubble_belt,2025-11-15,31.575,75.275,0.0002761557521223,0.0921497670742668,historical,satellite_hcho_punjab_stubble_belt_historical_2025-10-15_to_2025-11-15.csv
punjab_stubble_belt,2025-11-15,31.575,75.3,0.0002903570637263,0.0928553316805316,historical,satellite_hcho_punjab_stubble_belt_historical_2025-10-15_to_2025-11-15.csv
punjab_stubble_belt,2025-11-15,31.625,74.625,0.0003026609045051,0.0800938125662633,historical,satellite_hcho_punjab_stubble_belt_historical_2025-10-15_to_2025-11-15.csv
punjab_stubble_belt,2025-11-15,31.625,74.675,0.0002874490269944,0.0795333300853845,historical,satellite_hcho_punjab_stubble_belt_historical_2025-10-15_to_2025-11-15.csv
punjab_stubble_belt,2025-11-15,31.625,74.725,0.0003099218133495,0.0807258215193407,historical,satellite_hcho_punjab_stubble_belt_historical_2025-10-15_to_2025-11-15.csv
punjab_stubble_belt,2025-11-15,31.625,74.775,0.0003043742073688,0.0813748061342618,historical,satellite_hcho_punjab_stubble_belt_historical_2025-10-15_to_2025-11-15.csv
punjab_stubble_belt,2025-11-15,31.625,74.825,0.0002871622689716,0.0828231098214903,historical,satellite_hcho_punjab_stubble_belt_historical_2025-10-15_to_2025-11-15.csv
punjab_stubble_belt,2025-11-15,31.625,74.875,0.0002664580643061,0.084379106510345,historical,satellite_hcho_punjab_stubble_belt_historical_2025-10-15_to_2025-11-15.csv
punjab_stubble_belt,2025-11-15,31.625,74.925,0.0002611480328405,0.0834087442961186,historical,satellite_hcho_punjab_stubble_belt_historical_2025-10-15_to_2025-11-15.csv
punjab_stubble_belt,2025-11-15,31.625,74.975,0.0002881468213422,0.0839457160123022,historical,satellite_hcho_punjab_stubble_belt_historical_2025-10-15_to_2025-11-15.csv
punjab_stubble_belt,2025-11-15,31.625,75.025,0.0002773583185003,0.0833188949737684,historical,satellite_hcho_punjab_stubble_belt_historical_2025-10-15_to_2025-11-15.csv
punjab_stubble_belt,2025-11-15,31.625,75.075,0.0002532823659258,0.083816963406042,historical,satellite_hcho_punjab_stubble_belt_historical_2025-10-15_to_2025-11-15.csv
punjab_stubble_belt,2025-11-15,31.625,75.125,0.0002326183625665,0.0856608429345288,historical,satellite_hcho_punjab_stubble_belt_historical_2025-10-15_to_2025-11-15.csv
punjab_stubble_belt,2025-11-15,31.625,75.175,0.0002783624367284,0.0884899899826218,historical,satellite_hcho_punjab_stubble_belt_historical_2025-10-15_to_2025-11-15.csv
punjab_stubble_belt,2025-11-15,31.625,75.225,0.0002639644624385,0.0898337183010468,historical,satellite_hcho_punjab_stubble_belt_historical_2025-10-15_to_2025-11-15.csv
punjab_stubble_belt,2025-11-15,31.625,75.275,0.0002655681406398,0.0906271624061025,historical,satellite_hcho_punjab_stubble_belt_historical_2025-10-15_to_2025-11-15.csv
punjab_stubble_belt,2025-11-15,31.625,75.3,0.0002648330141508,0.090723501291439,historical,satellite_hcho_punjab_stubble_belt_historical_2025-10-15_to_2025-11-15.csv
punjab_stubble_belt,2025-11-15,31.675,74.625,0.0002393833637683,0.076383952498874,historical,satellite_hcho_punjab_stubble_belt_historical_2025-10-15_to_2025-11-15.csv
punjab_stubble_belt,2025-11-15,31.675,74.675,0.00022442737075,0.0759856583351191,historical,satellite_hcho_punjab_stubble_belt_historical_2025-10-15_to_2025-11-15.csv
punjab_stubble_belt,2025-11-15,31.675,74.725,0.000269370268131,0.0768980013614714,historical,satellite_hcho_punjab_stubble_belt_historical_2025-10-15_to_2025-11-15.csv
punjab_stubble_belt,2025-11-15,31.675,74.775,0.0002839478252051,0.0799476246643777,historical,satellite_hcho_punjab_stubble_belt_historical_2025-10-15_to_2025-11-15.csv
punjab_stubble_belt,2025-11-15,31.675,74.825,0.0002880430153244,0.0823964000861857,historical,satellite_hcho_punjab_stubble_belt_historical_2025-10-15_to_2025-11-15.csv
punjab_stubble_belt,2025-11-15,31.675,74.875,0.0002848848325221,0.0834613724367589,historical,satellite_hcho_punjab_stubble_belt_historical_2025-10-15_to_2025-11-15.csv
punjab_stubble_belt,2025-11-15,31.675,74.925,0.0002777803420589,0.0817058407456495,historical,satellite_hcho_punjab_stubble_belt_historical_2025-10-15_to_2025-11-15.csv
punjab_stubble_belt,2025-11-15,31.675,74.975,0.0002882791098874,0.0813931494279912,historical,satellite_hcho_punjab_stubble_belt_historical_2025-10-15_to_2025-11-15.csv
punjab_stubble_belt,2025-11-15,31.675,75.025,0.0002681393023916,0.0819227993583143,historical,satellite_hcho_punjab_stubble_belt_historical_2025-10-15_to_2025-11-15.csv
punjab_stubble_belt,2025-11-15,31.675,75.075,0.0002406914932847,0.0820175539689788,historical,satellite_hcho_punjab_stubble_belt_historical_2025-10-15_to_2025-11-15.csv
punjab_stubble_belt,2025-11-15,31.675,75.125,0.0002211974246263,0.0822342312952613,historical,satellite_hcho_punjab_stubble_belt_historical_2025-10-15_to_2025-11-15.csv
punjab_stubble_belt,2025-11-15,31.675,75.175,0.0002683180701265,0.0861705331791699,historical,satellite_hcho_punjab_stubble_belt_historical_2025-10-15_to_2025-11-15.csv
punjab_stubble_belt,2025-11-15,31.675,75.225,0.0002710075350576,0.0887106101065313,historical,satellite_hcho_punjab_stubble_belt_historical_2025-10-15_to_2025-11-15.csv
punjab_stubble_belt,2025-11-15,31.675,75.275,0.0002599042585587,0.0897604704705887,historical,satellite_hcho_punjab_stubble_belt_historical_2025-10-15_to_2025-11-15.csv
punjab_stubble_belt,2025-11-15,31.675,75.3,0.0002655383257757,0.0926556808333518,historical,satellite_hcho_punjab_stubble_belt_historical_2025-10-15_to_2025-11-15.csv
punjab_stubble_belt,2025-11-15,31.725,74.625,0.0002312529137206,0.0761375487635605,historical,satellite_hcho_punjab_stubble_belt_historical_2025-10-15_to_2025-11-15.csv
punjab_stubble_belt,2025-11-15,31.725,74.675,0.0002372737355414,0.0757402874579349,historical,satellite_hcho_punjab_stubble_belt_historical_2025-10-15_to_2025-11-15.csv
punjab_stubble_belt,2025-11-15,31.725,74.725,0.0002323224212134,0.0793030828352434,historical,satellite_hcho_punjab_stubble_belt_historical_2025-10-15_to_2025-11-15.csv
punjab_stubble_belt,2025-11-15,31.725,74.775,0.0002540835697134,0.0790907423290282,historical,satellite_hcho_punjab_stubble_belt_historical_2025-10-15_to_2025-11-15.csv
punjab_stubble_belt,2025-11-15,31.725,74.825,0.0002772099022951,0.0788575030629519,historical,satellite_hcho_punjab_stubble_belt_historical_2025-10-15_to_2025-11-15.csv
punjab_stubble_belt,2025-11-15,31.725,74.875,0.0002890260792203,0.0785954534354833,historical,satellite_hcho_punjab_stubble_belt_historical_2025-10-15_to_2025-11-15.csv
punjab_stubble_belt,2025-11-15,31.725,74.925,0.000255789549612,0.0769416588811192,historical,satellite_hcho_punjab_stubble_belt_historical_2025-10-15_to_2025-11-15.csv
punjab_stubble_belt,2025-11-15,31.725,74.975,0.0002913262465592,0.076650812700585,historical,satellite_hcho_punjab_stubble_belt_historical_2025-10-15_to_2025-11-15.csv
punjab_stubble_belt,2025-11-15,31.725,75.025,0.0002617230883634,0.076765878214516,historical,satellite_hcho_punjab_stubble_belt_historical_2025-10-15_to_2025-11-15.csv
punjab_stubble_belt,2025-11-15,31.725,75.075,0.0002384996171765,0.0770623611879607,historical,satellite_hcho_punjab_stubble_belt_historical_2025-10-15_to_2025-11-15.csv
punjab_stubble_belt,2025-11-15,31.725,75.125,0.0002330927059502,0.0780118832351877,historical,satellite_hcho_punjab_stubble_belt_historical_2025-10-15_to_2025-11-15.csv
punjab_stubble_belt,2025-11-15,31.725,75.175,0.0002384392959736,0.082491718940177,historical,satellite_hcho_punjab_stubble_belt_historical_2025-10-15_to_2025-11-15.csv
punjab_stubble_belt,2025-11-15,31.725,75.225,0.0002495124394244,0.0886500153487265,historical,satellite_hcho_punjab_stubble_belt_historical_2025-10-15_to_2025-11-15.csv
punjab_stubble_belt,2025-11-15,31.725,75.275,0.000270967716063,0.093542707860452,historical,satellite_hcho_punjab_stubble_belt_historical_2025-10-15_to_2025-11-15.csv
punjab_stubble_belt,2025-11-15,31.775,74.625,0.0002918094871571,0.0757799755099585,historical,satellite_hcho_punjab_stubble_belt_historical_2025-10-15_to_2025-11-15.csv
punjab_stubble_belt,2025-11-15,31.775,74.675,0.0002578338661929,0.0756089870791436,historical,satellite_hcho_punjab_stubble_belt_historical_2025-10-15_to_2025-11-15.csv
punjab_stubble_belt,2025-11-15,31.775,74.725,0.0002477590168411,0.0783950267140717,historical,satellite_hcho_punjab_stubble_belt_historical_2025-10-15_to_2025-11-15.csv
punjab_stubble_belt,2025-11-15,31.775,74.775,0.0002570141699553,0.0777284863509542,historical,satellite_hcho_punjab_stubble_belt_historical_2025-10-15_to_2025-11-15.csv
punjab_stubble_belt,2025-11-15,31.775,74.825,0.0002671035939538,0.077287982188154,historical,satellite_hcho_punjab_stubble_belt_historical_2025-10-15_to_2025-11-15.csv
punjab_stubble_belt,2025-11-15,31.775,74.875,0.0002741614391158,0.0770401356133692,historical,satellite_hcho_punjab_stubble_belt_historical_2025-10-15_to_2025-11-15.csv
punjab_stubble_belt,2025-11-15,31.775,74.925,0.0002717545672666,0.0756875710637452,historical,satellite_hcho_punjab_stubble_belt_historical_2025-10-15_to_2025-11-15.csv
punjab_stubble_belt,2025-11-15,31.775,74.975,0.0002780952903003,0.0753096912072801,historical,satellite_hcho_punjab_stubble_belt_historical_2025-10-15_to_2025-11-15.csv
punjab_stubble_belt,2025-11-15,31.775,75.025,0.0002664835049993,0.0750023646239981,historical,satellite_hcho_punjab_stubble_belt_historical_2025-10-15_to_2025-11-15.csv
punjab_stubble_belt,2025-11-15,31.775,75.075,0.0002643387048565,0.0751710571204023,historical,satellite_hcho_punjab_stubble_belt_historical_2025-10-15_to_2025-11-15.csv
punjab_stubble_belt,2025-11-15,31.775,75.125,0.0002681046369719,0.0761011902135379,historical,satellite_hcho_punjab_stubble_belt_historical_2025-10-15_to_2025-11-15.csv
punjab_stubble_belt,2025-11-15,31.775,75.175,0.0002405902067351,0.0788150749797978,historical,satellite_hcho_punjab_stubble_belt_historical_2025-10-15_to_2025-11-15.csv
punjab_stubble_belt,2025-11-15,31.775,75.225,0.0002492916524217,0.0853067546241616,historical,satellite_hcho_punjab_stubble_belt_historical_2025-10-15_to_2025-11-15.csv
punjab_stubble_belt,2025-11-15,31.775,75.275,0.0002680979744959,0.0913925965645184,historical,satellite_hcho_punjab_stubble_belt_historical_2025-10-15_to_2025-11-15.csv
punjab_stubble_belt,2025-11-15,31.775,75.3,0.0002814363255281,0.0953329546573455,historical,satellite_hcho_punjab_stubble_belt_historical_2025-10-15_to_2025-11-15.csv
punjab_stubble_belt,2025-11-15,31.825,74.625,0.0002777661877325,0.0769170871115449,historical,satellite_hcho_punjab_stubble_belt_historical_2025-10-15_to_2025-11-15.csv
punjab_stubble_belt,2025-11-15,31.825,74.675,0.0002809982265241,0.0756223961719442,historical,satellite_hcho_punjab_stubble_belt_historical_2025-10-15_to_2025-11-15.csv
punjab_stubble_belt,2025-11-15,31.825,74.725,0.0002765503878333,0.0766447141288519,historical,satellite_hcho_punjab_stubble_belt_historical_2025-10-15_to_2025-11-15.csv
punjab_stubble_belt,2025-11-15,31.825,74.775,0.0002798440580086,0.075951106855398,historical,satellite_hcho_punjab_stubble_belt_historical_2025-10-15_to_2025-11-15.csv
punjab_stubble_belt,2025-11-15,31.825,74.825,0.0002687698951683,0.0749456865574249,historical,satellite_hcho_punjab_stubble_belt_historical_2025-10-15_to_2025-11-15.csv
punjab_stubble_belt,2025-11-15,31.825,74.875,0.0002506655140929,0.073820895409617,historical,satellite_hcho_punjab_stubble_belt_historical_2025-10-15_to_2025-11-15.csv
punjab_stubble_belt,2025-11-15,31.825,74.925,0.0002540833540284,0.0729164249251537,historical,satellite_hcho_punjab_stubble_belt_historical_2025-10-15_to_2025-11-15.csv
punjab_stubble_belt,2025-11-15,31.825,74.975,0.0002445994096978,0.0730461297510778,historical,satellite_hcho_punjab_stubble_belt_historical_2025-10-15_to_2025-11-15.csv
punjab_stubble_belt,2025-11-15,31.825,75.025,0.0002452922423709,0.0726317337586361,historical,satellite_hcho_punjab_stubble_belt_historical_2025-10-15_to_2025-11-15.csv
punjab_stubble_belt,2025-11-15,31.825,75.075,0.0002517117878181,0.0730237224363048,historical,satellite_hcho_punjab_stubble_belt_historical_2025-10-15_to_2025-11-15.csv
punjab_stubble_belt,2025-11-15,31.825,75.125,0.0002608839408751,0.0745777992447669,historical,satellite_hcho_punjab_stubble_belt_historical_2025-10-15_to_2025-11-15.csv
punjab_stubble_belt,2025-11-15,31.825,75.175,0.0002639828767152,0.0783920925844674,historical,satellite_hcho_punjab_stubble_belt_historical_2025-10-15_to_2025-11-15.csv
punjab_stubble_belt,2025-11-15,31.825,75.225,0.0002563452598893,0.083136101576636,historical,satellite_hcho_punjab_stubble_belt_historical_2025-10-15_to_2025-11-15.csv
punjab_stubble_belt,2025-11-15,31.825,75.275,0.0002533816122664,0.0893168083957618,historical,satellite_hcho_punjab_stubble_belt_historical_2025-10-15_to_2025-11-15.csv
punjab_stubble_belt,2025-11-15,31.825,75.3,0.0002579165711842,0.0932365654336881,historical,satellite_hcho_punjab_stubble_belt_historical_2025-10-15_to_2025-11-15.csv
punjab_stubble_belt,2025-11-15,31.875,74.625,0.0002680665877603,0.0777991817194982,historical,satellite_hcho_punjab_stubble_belt_historical_2025-10-15_to_2025-11-15.csv
punjab_stubble_belt,2025-11-15,31.875,74.675,0.0002894266637656,0.0770199916948381,historical,satellite_hcho_punjab_stubble_belt_historical_2025-10-15_to_2025-11-15.csv
punjab_stubble_belt,2025-11-15,31.875,74.725,0.0002876465247367,0.0754220702627034,historical,satellite_hcho_punjab_stubble_belt_historical_2025-10-15_to_2025-11-15.csv
punjab_stubble_belt,2025-11-15,31.875,74.775,0.0002890672493833,0.0745295577208549,historical,satellite_hcho_punjab_stubble_belt_historical_2025-10-15_to_2025-11-15.csv
punjab_stubble_belt,2025-11-15,31.875,74.825,0.0002753539369523,0.0730984610262986,historical,satellite_hcho_punjab_stubble_belt_historical_2025-10-15_to_2025-11-15.csv
punjab_stubble_belt,2025-11-15,31.875,74.875,0.0002527492596653,0.0714338169874636,historical,satellite_hcho_punjab_stubble_belt_historical_2025-10-15_to_2025-11-15.csv
punjab_stubble_belt,2025-11-15,31.875,74.925,0.0002428707809766,0.0706689903519295,historical,satellite_hcho_punjab_stubble_belt_historical_2025-10-15_to_2025-11-15.csv
punjab_stubble_belt,2025-11-15,31.875,74.975,0.0002268656069028,0.0710758512557432,historical,satellite_hcho_punjab_stubble_belt_historical_2025-10-15_to_2025-11-15.csv
punjab_stubble_belt,2025-11-15,31.875,75.025,0.0002316216737434,0.0711599363088343,historical,satellite_hcho_punjab_stubble_belt_historical_2025-10-15_to_2025-11-15.csv
punjab_stubble_belt,2025-11-15,31.875,75.075,0.0002400421604271,0.0721740585317357,historical,satellite_hcho_punjab_stubble_belt_historical_2025-10-15_to_2025-11-15.csv
punjab_stubble_belt,2025-11-15,31.875,75.125,0.0002514194670009,0.0743243157899189,historical,satellite_hcho_punjab_stubble_belt_historical_2025-10-15_to_2025-11-15.csv
punjab_stubble_belt,2025-11-15,31.875,75.175,0.0002798357307945,0.078221547477552,historical,satellite_hcho_punjab_stubble_belt_historical_2025-10-15_to_2025-11-15.csv
punjab_stubble_belt,2025-11-15,31.875,75.225,0.0002688547411083,0.0816874340460736,historical,satellite_hcho_punjab_stubble_belt_historical_2025-10-15_to_2025-11-15.csv
punjab_stubble_belt,2025-11-15,31.875,75.275,0.000252700565189,0.0873630840393863,historical,satellite_hcho_punjab_stubble_belt_historical_2025-10-15_to_2025-11-15.csv
punjab_stubble_belt,2025-11-15,31.875,75.3,0.0002451864830738,0.0903916624274258,historical,satellite_hcho_punjab_stubble_belt_historical_2025-10-15_to_2025-11-15.csv
delhi_ncr,2026-08-16,28.375,76.825,0.000135947458283,0.2104392293172281,live,satellite_hcho_delhi_ncr_live_2026-07-17_to_2026-08-16.csv
delhi_ncr,2026-08-16,28.375,76.875,0.0001396570140952,0.2115562653125992,live,satellite_hcho_delhi_ncr_live_2026-07-17_to_2026-08-16.csv
delhi_ncr,2026-08-16,28.375,76.925,0.0001705230403519,0.2127394666715957,live,satellite_hcho_delhi_ncr_live_2026-07-17_to_2026-08-16.csv
delhi_ncr,2026-08-16,28.375,76.975,0.0001584081191251,0.2068902588496315,live,satellite_hcho_delhi_ncr_live_2026-07-17_to_2026-08-16.csv
delhi_ncr,2026-08-16,28.375,77.025,0.0001645760084545,0.1851728494917426,live,satellite_hcho_delhi_ncr_live_2026-07-17_to_2026-08-16.csv
delhi_ncr,2026-08-16,28.375,77.075,0.000185099824809,0.1556840230826847,live,satellite_hcho_delhi_ncr_live_2026-07-17_to_2026-08-16.csv
delhi_ncr,2026-08-16,28.375,77.125,0.0001698324099042,0.1539670338659796,live,satellite_hcho_delhi_ncr_live_2026-07-17_to_2026-08-16.csv
delhi_ncr,2026-08-16,28.375,77.175,0.0001706844331466,0.1688703866387288,live,satellite_hcho_delhi_ncr_live_2026-07-17_to_2026-08-16.csv
delhi_ncr,2026-08-16,28.375,77.225,0.0001895583439188,0.201333310427938,live,satellite_hcho_delhi_ncr_live_2026-07-17_to_2026-08-16.csv
delhi_ncr,2026-08-16,28.375,77.275,0.0002030950642776,0.2161558482325761,live,satellite_hcho_delhi_ncr_live_2026-07-17_to_2026-08-16.csv
delhi_ncr,2026-08-16,28.375,77.325,0.0002071141130294,0.2062800511684807,live,satellite_hcho_delhi_ncr_live_2026-07-17_to_2026-08-16.csv
delhi_ncr,2026-08-16,28.375,77.375,0.0002117526811196,0.1814420948826789,live,satellite_hcho_delhi_ncr_live_2026-07-17_to_2026-08-16.csv
delhi_ncr,2026-08-16,28.375,77.425,0.0001860914570063,0.1670017526703605,live,satellite_hcho_delhi_ncr_live_2026-07-17_to_2026-08-16.csv
delhi_ncr,2026-08-16,28.375,77.475,0.0001760961407187,0.1481865422918453,live,satellite_hcho_delhi_ncr_live_2026-07-17_to_2026-08-16.csv
delhi_ncr,2026-08-16,28.375,77.525,0.0001720963320021,0.1531210852034843,live,satellite_hcho_delhi_ncr_live_2026-07-17_to_2026-08-16.csv
delhi_ncr,2026-08-16,28.375,77.55,0.0001725456671118,0.1668009808707621,live,satellite_hcho_delhi_ncr_live_2026-07-17_to_2026-08-16.csv
delhi_ncr,2026-08-16,28.425,76.825,0.0001549051083697,0.1994935056094502,live,satellite_hcho_delhi_ncr_live_2026-07-17_to_2026-08-16.csv
delhi_ncr,2026-08-16,28.425,76.875,0.000147250891885,0.1938218679854499,live,satellite_hcho_delhi_ncr_live_2026-07-17_to_2026-08-16.csv
delhi_ncr,2026-08-16,28.425,76.925,0.00018675920763,0.1998482460634058,live,satellite_hcho_delhi_ncr_live_2026-07-17_to_2026-08-16.csv
delhi_ncr,2026-08-16,28.425,76.975,0.0001824839563056,0.2110783022787875,live,satellite_hcho_delhi_ncr_live_2026-07-17_to_2026-08-16.csv
delhi_ncr,2026-08-16,28.425,77.025,0.0001948629511362,0.2088429091303732,live,satellite_hcho_delhi_ncr_live_2026-07-17_to_2026-08-16.csv
delhi_ncr,2026-08-16,28.425,77.075,0.0002169527282686,0.194750246068823,live,satellite_hcho_delhi_ncr_live_2026-07-17_to_2026-08-16.csv
delhi_ncr,2026-08-16,28.425,77.125,0.0001844678642601,0.1852888261683354,live,satellite_hcho_delhi_ncr_live_2026-07-17_to_2026-08-16.csv
delhi_ncr,2026-08-16,28.425,77.175,0.0002058175456451,0.1899680780513296,live,satellite_hcho_delhi_ncr_live_2026-07-17_to_2026-08-16.csv
delhi_ncr,2026-08-16,28.425,77.225,0.0001974803987546,0.1880507332953547,live,satellite_hcho_delhi_ncr_live_2026-07-17_to_2026-08-16.csv
delhi_ncr,2026-08-16,28.425,77.275,0.0001940347317255,0.180504458208362,live,satellite_hcho_delhi_ncr_live_2026-07-17_to_2026-08-16.csv
delhi_ncr,2026-08-16,28.425,77.325,0.0001993440919762,0.1693264529392349,live,satellite_hcho_delhi_ncr_live_2026-07-17_to_2026-08-16.csv
delhi_ncr,2026-08-16,28.425,77.375,0.0001921325230771,0.1693504522078919,live,satellite_hcho_delhi_ncr_live_2026-07-17_to_2026-08-16.csv
delhi_ncr,2026-08-16,28.425,77.425,0.0001803833615213,0.1563724521949,live,satellite_hcho_delhi_ncr_live_2026-07-17_to_2026-08-16.csv
delhi_ncr,2026-08-16,28.425,77.475,0.0001554366936352,0.1452657115006911,live,satellite_hcho_delhi_ncr_live_2026-07-17_to_2026-08-16.csv
delhi_ncr,2026-08-16,28.425,77.525,0.0001410560609953,0.1487621226474793,live,satellite_hcho_delhi_ncr_live_2026-07-17_to_2026-08-16.csv
delhi_ncr,2026-08-16,28.425,77.55,0.0001472299156066,0.1713038046887339,live,satellite_hcho_delhi_ncr_live_2026-07-17_to_2026-08-16.csv
delhi_ncr,2026-08-16,28.475,76.825,0.0001735572601607,0.1793706454780207,live,satellite_hcho_delhi_ncr_live_2026-07-17_to_2026-08-16.csv
delhi_ncr,2026-08-16,28.475,76.875,0.0001734464651451,0.1720985772197347,live,satellite_hcho_delhi_ncr_live_2026-07-17_to_2026-08-16.csv
delhi_ncr,2026-08-16,28.475,76.925,0.0002209957532296,0.1886443726703994,live,satellite_hcho_delhi_ncr_live_2026-07-17_to_2026-08-16.csv
delhi_ncr,2026-08-16,28.475,76.975,0.0002122041048602,0.2150895968372401,live,satellite_hcho_delhi_ncr_live_2026-07-17_to_2026-08-16.csv
delhi_ncr,2026-08-16,28.475,77.025,0.0002192492215455,0.2254760591776751,live,satellite_hcho_delhi_ncr_live_2026-07-17_to_2026-08-16.csv
delhi_ncr,2026-08-16,28.475,77.075,0.0002358405023173,0.2177378411213676,live,satellite_hcho_delhi_ncr_live_2026-07-17_to_2026-08-16.csv
delhi_ncr,2026-08-16,28.475,77.125,0.0001953056435121,0.1967911011063478,live,satellite_hcho_delhi_ncr_live_2026-07-17_to_2026-08-16.csv
delhi_ncr,2026-08-16,28.475,77.175,0.0002313710344213,0.1887273498465796,live,satellite_hcho_delhi_ncr_live_2026-07-17_to_2026-08-16.csv
delhi_ncr,2026-08-16,28.475,77.225,0.0002049809226006,0.1629546771834829,live,satellite_hcho_delhi_ncr_live_2026-07-17_to_2026-08-16.csv
delhi_ncr,2026-08-16,28.475,77.275,0.0001893634750158,0.1416422086535338,live,satellite_hcho_delhi_ncr_live_2026-07-17_to_2026-08-16.csv
delhi_ncr,2026-08-16,28.475,77.325,0.0001937014525168,0.1330107555279888,live,satellite_hcho_delhi_ncr_live_2026-07-17_to_2026-08-16.csv
delhi_ncr,2026-08-16,28.475,77.375,0.0001690124048304,0.1513366268892787,live,satellite_hcho_delhi_ncr_live_2026-07-17_to_2026-08-16.csv
delhi_ncr,2026-08-16,28.475,77.425,0.0001629864304499,0.1381107859198742,live,satellite_hcho_delhi_ncr_live_2026-07-17_to_2026-08-16.csv
delhi_ncr,2026-08-16,28.475,77.475,0.0001281480775504,0.1412487696936219,live,satellite_hcho_delhi_ncr_live_2026-07-17_to_2026-08-16.csv
delhi_ncr,2026-08-16,28.475,77.525,0.0001075860405693,0.1324398788122887,live,satellite_hcho_delhi_ncr_live_2026-07-17_to_2026-08-16.csv
delhi_ncr,2026-08-16,28.475,77.55,0.0001070022553924,0.079286399729357,live,satellite_hcho_delhi_ncr_live_2026-07-17_to_2026-08-16.csv
delhi_ncr,2026-08-16,28.525,76.825,0.0001631759392613,0.1645467181935425,live,satellite_hcho_delhi_ncr_live_2026-07-17_to_2026-08-16.csv
delhi_ncr,2026-08-16,28.525,76.875,0.000208337377575,0.1574281150996063,live,satellite_hcho_delhi_ncr_live_2026-07-17_to_2026-08-16.csv
delhi_ncr,2026-08-16,28.525,76.925,0.0002594036761172,0.1951028768830809,live,satellite_hcho_delhi_ncr_live_2026-07-17_to_2026-08-16.csv
delhi_ncr,2026-08-16,28.525,76.975,0.000232311131652,0.2264367806681227,live,satellite_hcho_delhi_ncr_live_2026-07-17_to_2026-08-16.csv
delhi_ncr,2026-08-16,28.525,77.025,0.0002129225658719,0.2286692634259657,live,satellite_hcho_delhi_ncr_live_2026-07-17_to_2026-08-16.csv
delhi_ncr,2026-08-16,28.525,77.075,0.0002072548680833,0.2021364098666616,live,satellite_hcho_delhi_ncr_live_2026-07-17_to_2026-08-16.csv
delhi_ncr,2026-08-16,28.525,77.125,0.000185223910498,0.1596485511113476,live,satellite_hcho_delhi_ncr_live_2026-07-17_to_2026-08-16.csv
delhi_ncr,2026-08-16,28.525,77.175,0.0002258494400756,0.1554381852852628,live,satellite_hcho_delhi_ncr_live_2026-07-17_to_2026-08-16.csv
delhi_ncr,2026-08-16,28.525,77.225,0.0002077856401737,0.136981217765175,live,satellite_hcho_delhi_ncr_live_2026-07-17_to_2026-08-16.csv
delhi_ncr,2026-08-16,28.525,77.275,0.0001933360530013,0.1234043249453471,live,satellite_hcho_delhi_ncr_live_2026-07-17_to_2026-08-16.csv
delhi_ncr,2026-08-16,28.525,77.325,0.000191444492537,0.119750889328162,live,satellite_hcho_delhi_ncr_live_2026-07-17_to_2026-08-16.csv
delhi_ncr,2026-08-16,28.525,77.375,0.000165851324486,0.1240597437655165,live,satellite_hcho_delhi_ncr_live_2026-07-17_to_2026-08-16.csv
delhi_ncr,2026-08-16,28.525,77.425,0.0001402105237573,0.1096341272542534,live,satellite_hcho_delhi_ncr_live_2026-07-17_to_2026-08-16.csv
delhi_ncr,2026-08-16,28.525,77.475,0.0001156856004122,0.1420021101714944,live,satellite_hcho_delhi_ncr_live_2026-07-17_to_2026-08-16.csv
delhi_ncr,2026-08-16,28.525,77.525,9.867791403185092e-05,0.1184383096233139,live,satellite_hcho_delhi_ncr_live_2026-07-17_to_2026-08-16.csv
delhi_ncr,2026-08-16,28.525,77.55,0.0001255065618052,0.0808661161819544,live,satellite_hcho_delhi_ncr_live_2026-07-17_to_2026-08-16.csv
delhi_ncr,2026-08-16,28.575,76.825,0.0001815204403843,0.1852699936032456,live,satellite_hcho_delhi_ncr_live_2026-07-17_to_2026-08-16.csv
delhi_ncr,2026-08-16,28.575,76.875,0.0001866969565643,0.1798448760578315,live,satellite_hcho_delhi_ncr_live_2026-07-17_to_2026-08-16.csv
delhi_ncr,2026-08-16,28.575,76.925,0.0001684824079947,0.2240310784450057,live,satellite_hcho_delhi_ncr_live_2026-07-17_to_2026-08-16.csv
delhi_ncr,2026-08-16,28.575,76.975,0.0001645871514078,0.2144239718327555,live,satellite_hcho_delhi_ncr_live_2026-07-17_to_2026-08-16.csv
delhi_ncr,2026-08-16,28.575,77.025,0.0001787496988022,0.1954644884999635,live,satellite_hcho_delhi_ncr_live_2026-07-17_to_2026-08-16.csv
delhi_ncr,2026-08-16,28.575,77.075,0.0001988870070064,0.173046945728741,live,satellite_hcho_delhi_ncr_live_2026-07-17_to_2026-08-16.csv
delhi_ncr,2026-08-16,28.575,77.125,0.0001747615097485,0.1398065847372915,live,satellite_hcho_delhi_ncr_live_2026-07-17_to_2026-08-16.csv
delhi_ncr,2026-08-16,28.575,77.175,0.0001433535430152,0.1568160236600803,live,satellite_hcho_delhi_ncr_live_2026-07-17_to_2026-08-16.csv
delhi_ncr,2026-08-16,28.575,77.225,0.0001503470989495,0.1583517804825884,live,satellite_hcho_delhi_ncr_live_2026-07-17_to_2026-08-16.csv
delhi_ncr,2026-08-16,28.575,77.275,0.0001526624726107,0.1704369641943023,live,satellite_hcho_delhi_ncr_live_2026-07-17_to_2026-08-16.csv
delhi_ncr,2026-08-16,28.575,77.325,0.0001452760207349,0.1925769760427673,live,satellite_hcho_delhi_ncr_live_2026-07-17_to_2026-08-16.csv
delhi_ncr,2026-08-16,28.575,77.375,0.0001564625779032,0.1898864104214184,live,satellite_hcho_delhi_ncr_live_2026-07-17_to_2026-08-16.csv
delhi_ncr,2026-08-16,28.575,77.425,0.000149415273989,0.1583862588061635,live,satellite_hcho_delhi_ncr_live_2026-07-17_to_2026-08-16.csv
delhi_ncr,2026-08-16,28.575,77.475,0.0001636759084742,0.1471213175801566,live,satellite_hcho_delhi_ncr_live_2026-07-17_to_2026-08-16.csv
delhi_ncr,2026-08-16,28.575,77.525,0.0001700842256205,0.1439256573754858,live,satellite_hcho_delhi_ncr_live_2026-07-17_to_2026-08-16.csv
delhi_ncr,2026-08-16,28.625,76.825,0.0002002438200821,0.1496816181696184,live,satellite_hcho_delhi_ncr_live_2026-07-17_to_2026-08-16.csv
delhi_ncr,2026-08-16,28.625,76.875,0.0002125704488824,0.1696075053782662,live,satellite_hcho_delhi_ncr_live_2026-07-17_to_2026-08-16.csv
delhi_ncr,2026-08-16,28.625,76.925,0.0002212126156405,0.1978334320170247,live,satellite_hcho_delhi_ncr_live_2026-07-17_to_2026-08-16.csv
delhi_ncr,2026-08-16,28.625,76.975,0.0002163862570338,0.1932172459861376,live,satellite_hcho_delhi_ncr_live_2026-07-17_to_2026-08-16.csv
delhi_ncr,2026-08-16,28.625,77.025,0.0002188751790293,0.1970433871225412,live,satellite_hcho_delhi_ncr_live_2026-07-17_to_2026-08-16.csv
delhi_ncr,2026-08-16,28.625,77.075,0.0002318645104776,0.205106292687259,live,satellite_hcho_delhi_ncr_live_2026-07-17_to_2026-08-16.csv
delhi_ncr,2026-08-16,28.625,77.125,0.0002523419774125,0.1762508084657148,live,satellite_hcho_delhi_ncr_live_2026-07-17_to_2026-08-16.csv
delhi_ncr,2026-08-16,28.625,77.175,0.0002383151310707,0.2042862113268689,live,satellite_hcho_delhi_ncr_live_2026-07-17_to_2026-08-16.csv
delhi_ncr,2026-08-16,28.625,77.225,0.0002282067716699,0.2119618528027673,live,satellite_hcho_delhi_ncr_live_2026-07-17_to_2026-08-16.csv
delhi_ncr,2026-08-16,28.625,77.275,0.000242165913988,0.2089376228028905,live,satellite_hcho_delhi_ncr_live_2026-07-17_to_2026-08-16.csv
delhi_ncr,2026-08-16,28.625,77.325,0.0002706086579766,0.1853420930955962,live,satellite_hcho_delhi_ncr_live_2026-07-17_to_2026-08-16.csv
delhi_ncr,2026-08-16,28.625,77.375,0.0002082006606011,0.0555097181990167,live,satellite_hcho_delhi_ncr_live_2026-07-17_to_2026-08-16.csv
delhi_ncr,2026-08-16,28.625,77.425,0.0001813417028043,0.137002133572386,live,satellite_hcho_delhi_ncr_live_2026-07-17_to_2026-08-16.csv
delhi_ncr,2026-08-16,28.625,77.475,0.000163709573651,0.1225442112655134,live,satellite_hcho_delhi_ncr_live_2026-07-17_to_2026-08-16.csv
delhi_ncr,2026-08-16,28.625,77.525,0.0001641595839348,0.1026499443745914,live,satellite_hcho_delhi_ncr_live_2026-07-17_to_2026-08-16.csv
delhi_ncr,2026-08-16,28.625,77.55,0.0001750676854144,0.1188428559899514,live,satellite_hcho_delhi_ncr_live_2026-07-17_to_2026-08-16.csv
delhi_ncr,2026-08-16,28.675,76.825,0.000208676070982,0.1423886494352349,live,satellite_hcho_delhi_ncr_live_2026-07-17_to_2026-08-16.csv
delhi_ncr,2026-08-16,28.675,76.875,0.0002308763079144,0.1658596611025076,live,satellite_hcho_delhi_ncr_live_2026-07-17_to_2026-08-16.csv
delhi_ncr,2026-08-16,28.675,76.925,0.0002432858722841,0.1874553349446911,live,satellite_hcho_delhi_ncr_live_2026-07-17_to_2026-08-16.csv
delhi_ncr,2026-08-16,28.675,76.975,0.0002482077013495,0.1932777870489376,live,satellite_hcho_delhi_ncr_live_2026-07-17_to_2026-08-16.csv
delhi_ncr,2026-08-16,28.675,77.025,0.0002371506846653,0.2046565481417649,live,satellite_hcho_delhi_ncr_live_2026-07-17_to_2026-08-16.csv
delhi_ncr,2026-08-16,28.675,77.075,0.0002183907270427,0.2158994770547709,live,satellite_hcho_delhi_ncr_live_2026-07-17_to_2026-08-16.csv
delhi_ncr,2026-08-16,28.675,77.125,0.0002286746924381,0.1926880863863001,live,satellite_hcho_delhi_ncr_live_2026-07-17_to_2026-08-16.csv
delhi_ncr,2026-08-16,28.675,77.175,0.0002470865667796,0.2152597076581507,live,satellite_hcho_delhi_ncr_live_2026-07-17_to_2026-08-16.csv
delhi_ncr,2026-08-16,28.675,77.225,0.0002413661465616,0.2118597997604285,live,satellite_hcho_delhi_ncr_live_2026-07-17_to_2026-08-16.csv
delhi_ncr,2026-08-16,28.675,77.275,0.0002515787474286,0.2003773746706013,live,satellite_hcho_delhi_ncr_live_2026-07-17_to_2026-08-16.csv
delhi_ncr,2026-08-16,28.675,77.325,0.0002664844894415,0.1701808461767912,live,satellite_hcho_delhi_ncr_live_2026-07-17_to_2026-08-16.csv
delhi_ncr,2026-08-16,28.675,77.375,0.0001499656045646,0.0114161837863809,live,satellite_hcho_delhi_ncr_live_2026-07-17_to_2026-08-16.csv
delhi_ncr,2026-08-16,28.675,77.425,0.0001256597593011,0.0645270372667302,live,satellite_hcho_delhi_ncr_live_2026-07-17_to_2026-08-16.csv
delhi_ncr,2026-08-16,28.675,77.475,0.0001313593910248,0.085217738443875,live,satellite_hcho_delhi_ncr_live_2026-07-17_to_2026-08-16.csv
delhi_ncr,2026-08-16,28.675,77.525,0.0001667062966122,0.102185215195407,live,satellite_hcho_delhi_ncr_live_2026-07-17_to_2026-08-16.csv
delhi_ncr,2026-08-16,28.675,77.55,0.0002240031053519,0.1201336314936353,live,satellite_hcho_delhi_ncr_live_2026-07-17_to_2026-08-16.csv
delhi_ncr,2026-08-16,28.725,76.825,0.0002099691094359,0.1516413718681988,live,satellite_hcho_delhi_ncr_live_2026-07-17_to_2026-08-16.csv
delhi_ncr,2026-08-16,28.725,76.875,0.0002414911344628,0.1655635850758229,live,satellite_hcho_delhi_ncr_live_2026-07-17_to_2026-08-16.csv
delhi_ncr,2026-08-16,28.725,76.925,0.000237757626175,0.1845938892850175,live,satellite_hcho_delhi_ncr_live_2026-07-17_to_2026-08-16.csv
delhi_ncr,2026-08-16,28.725,76.975,0.0002478795655321,0.1978679395184157,live,satellite_hcho_delhi_ncr_live_2026-07-17_to_2026-08-16.csv
delhi_ncr,2026-08-16,28.725,77.025,0.0002355620685203,0.2099505377553612,live,satellite_hcho_delhi_ncr_live_2026-07-17_to_2026-08-16.csv
delhi_ncr,2026-08-16,28.725,77.075,0.0002048769890414,0.2184890639321941,live,satellite_hcho_delhi_ncr_live_2026-07-17_to_2026-08-16.csv
delhi_ncr,2026-08-16,28.725,77.125,0.0001911156245936,0.2131410338197418,live,satellite_hcho_delhi_ncr_live_2026-07-17_to_2026-08-16.csv
delhi_ncr,2026-08-16,28.725,77.175,0.0002311384539911,0.2128284070095194,live,satellite_hcho_delhi_ncr_live_2026-07-17_to_2026-08-16.csv
delhi_ncr,2026-08-16,28.725,77.225,0.000229584768335,0.2017097705064718,live,satellite_hcho_delhi_ncr_live_2026-07-17_to_2026-08-16.csv
delhi_ncr,2026-08-16,28.725,77.275,0.0002273117184922,0.181715392151778,live,satellite_hcho_delhi_ncr_live_2026-07-17_to_2026-08-16.csv
delhi_ncr,2026-08-16,28.725,77.325,0.0002180980524547,0.1451366803511922,live,satellite_hcho_delhi_ncr_live_2026-07-17_to_2026-08-16.csv
delhi_ncr,2026-08-16,28.725,77.375,0.0001035502485839,0.0346681529062072,live,satellite_hcho_delhi_ncr_live_2026-07-17_to_2026-08-16.csv
delhi_ncr,2026-08-16,28.725,77.425,7.346359770504499e-05,0.0386599725277687,live,satellite_hcho_delhi_ncr_live_2026-07-17_to_2026-08-16.csv
delhi_ncr,2026-08-16,28.725,77.475,0.0001057180748697,0.0582200588897167,live,satellite_hcho_delhi_ncr_live_2026-07-17_to_2026-08-16.csv
delhi_ncr,2026-08-16,28.725,77.525,0.0001663975411692,0.0898608515496161,live,satellite_hcho_delhi_ncr_live_2026-07-17_to_2026-08-16.csv
delhi_ncr,2026-08-16,28.725,77.55,0.0002168720113344,0.1101447661550898,live,satellite_hcho_delhi_ncr_live_2026-07-17_to_2026-08-16.csv
delhi_ncr,2026-08-16,28.775,76.825,0.0002052478039653,0.1707615439150417,live,satellite_hcho_delhi_ncr_live_2026-07-17_to_2026-08-16.csv
delhi_ncr,2026-08-16,28.775,76.875,0.0002427040312167,0.1668960064104775,live,satellite_hcho_delhi_ncr_live_2026-07-17_to_2026-08-16.csv
delhi_ncr,2026-08-16,28.775,76.925,0.0002034454630452,0.1834067961102509,live,satellite_hcho_delhi_ncr_live_2026-07-17_to_2026-08-16.csv
delhi_ncr,2026-08-16,28.775,76.975,0.0001998928674709,0.1945869025485012,live,satellite_hcho_delhi_ncr_live_2026-07-17_to_2026-08-16.csv
delhi_ncr,2026-08-16,28.775,77.025,0.0002121551502118,0.2061055101282583,live,satellite_hcho_delhi_ncr_live_2026-07-17_to_2026-08-16.csv
delhi_ncr,2026-08-16,28.775,77.075,0.0002280711199423,0.2213874997527069,live,satellite_hcho_delhi_ncr_live_2026-07-17_to_2026-08-16.csv
delhi_ncr,2026-08-16,28.775,77.125,0.0002077390705829,0.2566615745545749,live,satellite_hcho_delhi_ncr_live_2026-07-17_to_2026-08-16.csv
delhi_ncr,2026-08-16,28.775,77.175,0.0002368651623884,0.2139239289045033,live,satellite_hcho_delhi_ncr_live_2026-07-17_to_2026-08-16.csv
delhi_ncr,2026-08-16,28.775,77.225,0.0002205372118129,0.2149732330659827,live,satellite_hcho_delhi_ncr_live_2026-07-17_to_2026-08-16.csv
delhi_ncr,2026-08-16,28.775,77.275,0.0002023496702722,0.1807673050683892,live,satellite_hcho_delhi_ncr_live_2026-07-17_to_2026-08-16.csv
delhi_ncr,2026-08-16,28.775,77.325,0.0001904255187321,0.1126542503122092,live,satellite_hcho_delhi_ncr_live_2026-07-17_to_2026-08-16.csv
delhi_ncr,2026-08-16,28.775,77.375,0.0001688610019486,0.117556349452095,live,satellite_hcho_delhi_ncr_live_2026-07-17_to_2026-08-16.csv
delhi_ncr,2026-08-16,28.775,77.425,9.96060298922714e-05,0.1447219305188052,live,satellite_hcho_delhi_ncr_live_2026-07-17_to_2026-08-16.csv
delhi_ncr,2026-08-16,28.775,77.475,0.0001192748636472,0.062304008913687,live,satellite_hcho_delhi_ncr_live_2026-07-17_to_2026-08-16.csv
delhi_ncr,2026-08-16,28.775,77.525,0.0001532171696092,0.0238147614322649,live,satellite_hcho_delhi_ncr_live_2026-07-17_to_2026-08-16.csv
delhi_ncr,2026-08-16,28.775,77.55,0.0001873282574653,0.1226811132109877,live,satellite_hcho_delhi_ncr_live_2026-07-17_to_2026-08-16.csv
delhi_ncr,2026-08-16,28.825,76.825,0.0001643120359084,0.1844609467995186,live,satellite_hcho_delhi_ncr_live_2026-07-17_to_2026-08-16.csv
delhi_ncr,2026-08-16,28.825,76.875,0.0001889859764831,0.1763420629933329,live,satellite_hcho_delhi_ncr_live_2026-07-17_to_2026-08-16.csv
delhi_ncr,2026-08-16,28.825,76.925,0.0001864642123208,0.1868891189501865,live,satellite_hcho_delhi_ncr_live_2026-07-17_to_2026-08-16.csv
delhi_ncr,2026-08-16,28.825,76.975,0.0002089631007616,0.2000675937841813,live,satellite_hcho_delhi_ncr_live_2026-07-17_to_2026-08-16.csv
delhi_ncr,2026-08-16,28.825,77.025,0.0002296634463171,0.2153625197809218,live,satellite_hcho_delhi_ncr_live_2026-07-17_to_2026-08-16.csv
delhi_ncr,2026-08-16,28.825,77.075,0.0002384401566048,0.2288233305389981,live,satellite_hcho_delhi_ncr_live_2026-07-17_to_2026-08-16.csv
delhi_ncr,2026-08-16,28.825,77.125,0.0002116321850427,0.2286923862910627,live,satellite_hcho_delhi_ncr_live_2026-07-17_to_2026-08-16.csv
delhi_ncr,2026-08-16,28.825,77.175,0.0002304446640172,0.2228449394856918,live,satellite_hcho_delhi_ncr_live_2026-07-17_to_2026-08-16.csv
delhi_ncr,2026-08-16,28.825,77.225,0.0002127000357945,0.1986827863611178,live,satellite_hcho_delhi_ncr_live_2026-07-17_to_2026-08-16.csv
delhi_ncr,2026-08-16,28.825,77.275,0.0001917671202934,0.1811884953676904,live,satellite_hcho_delhi_ncr_live_2026-07-17_to_2026-08-16.csv
delhi_ncr,2026-08-16,28.825,77.325,0.0001729221716124,0.1614420613704527,live,satellite_hcho_delhi_ncr_live_2026-07-17_to_2026-08-16.csv
delhi_ncr,2026-08-16,28.825,77.375,0.0001332874039756,0.0288701862873951,live,satellite_hcho_delhi_ncr_live_2026-07-17_to_2026-08-16.csv
delhi_ncr,2026-08-16,28.825,77.425,0.0001356815617548,0.0204910716940854,live,satellite_hcho_delhi_ncr_live_2026-07-17_to_2026-08-16.csv
delhi_ncr,2026-08-16,28.825,77.475,0.0001786221179519,0.0894059489727768,live,satellite_hcho_delhi_ncr_live_2026-07-17_to_2026-08-16.csv
delhi_ncr,2026-08-16,28.825,77.525,0.0002057603099555,0.1506174648546625,live,satellite_hcho_delhi_ncr_live_2026-07-17_to_2026-08-16.csv
delhi_ncr,2026-08-16,28.875,76.825,0.0001965757046229,0.1458629142499206,live,satellite_hcho_delhi_ncr_live_2026-07-17_to_2026-08-16.csv
delhi_ncr,2026-08-16,28.875,76.875,0.0002070341318815,0.1458783611053851,live,satellite_hcho_delhi_ncr_live_2026-07-17_to_2026-08-16.csv
delhi_ncr,2026-08-16,28.875,76.925,0.0001960019463295,0.164450832783121,live,satellite_hcho_delhi_ncr_live_2026-07-17_to_2026-08-16.csv
delhi_ncr,2026-08-16,28.875,76.975,0.0001992755769151,0.1781026380554446,live,satellite_hcho_delhi_ncr_live_2026-07-17_to_2026-08-16.csv
delhi_ncr,2026-08-16,28.875,77.025,0.0002015000024533,0.1949465465523112,live,satellite_hcho_delhi_ncr_live_2026-07-17_to_2026-08-16.csv
delhi_ncr,2026-08-16,28.875,77.075,0.0001985368170776,0.2096976453147452,live,satellite_hcho_delhi_ncr_live_2026-07-17_to_2026-08-16.csv
delhi_ncr,2026-08-16,28.875,77.125,0.0001808251103506,0.199080505739259,live,satellite_hcho_delhi_ncr_live_2026-07-17_to_2026-08-16.csv
delhi_ncr,2026-08-16,28.875,77.175,0.0001790700849311,0.2027470731300707,live,satellite_hcho_delhi_ncr_live_2026-07-17_to_2026-08-16.csv
delhi_ncr,2026-08-16,28.875,77.225,0.0001613698419607,0.198130958650399,live,satellite_hcho_delhi_ncr_live_2026-07-17_to_2026-08-16.csv
delhi_ncr,2026-08-16,28.875,77.275,0.0001423630168297,0.1983082110548973,live,satellite_hcho_delhi_ncr_live_2026-07-17_to_2026-08-16.csv
delhi_ncr,2026-08-16,28.875,77.325,0.0001299333607753,0.2001816376392484,live,satellite_hcho_delhi_ncr_live_2026-07-17_to_2026-08-16.csv
delhi_ncr,2026-08-16,28.875,77.375,0.0001530714359679,0.1669356030632776,live,satellite_hcho_delhi_ncr_live_2026-07-17_to_2026-08-16.csv
delhi_ncr,2026-08-16,28.875,77.425,9.90135219670467e-05,0.1768913005720555,live,satellite_hcho_delhi_ncr_live_2026-07-17_to_2026-08-16.csv
delhi_ncr,2026-08-16,28.875,77.475,0.0001715251946624,0.1354392892237137,live,satellite_hcho_delhi_ncr_live_2026-07-17_to_2026-08-16.csv
delhi_ncr,2026-08-16,28.875,77.525,0.000194523604693,0.1071867802409524,live,satellite_hcho_delhi_ncr_live_2026-07-17_to_2026-08-16.csv
delhi_ncr,2026-08-16,28.875,77.55,0.0001485270308057,0.1319881718379238,live,satellite_hcho_delhi_ncr_live_2026-07-17_to_2026-08-16.csv
kanpur_industrial,2026-08-16,26.325,80.175,0.0001807958056393,0.1244688000967497,live,satellite_hcho_kanpur_industrial_live_2026-07-17_to_2026-08-16.csv
kanpur_industrial,2026-08-16,26.325,80.225,0.0001748356426147,0.1228126133633835,live,satellite_hcho_kanpur_industrial_live_2026-07-17_to_2026-08-16.csv
kanpur_industrial,2026-08-16,26.325,80.275,0.0001818406272713,0.1118979164319737,live,satellite_hcho_kanpur_industrial_live_2026-07-17_to_2026-08-16.csv
kanpur_industrial,2026-08-16,26.325,80.325,0.0001364065661577,0.1412877515665394,live,satellite_hcho_kanpur_industrial_live_2026-07-17_to_2026-08-16.csv
kanpur_industrial,2026-08-16,26.325,80.375,0.0001204135812497,0.0972636393364709,live,satellite_hcho_kanpur_industrial_live_2026-07-17_to_2026-08-16.csv
kanpur_industrial,2026-08-16,26.325,80.425,0.0001201986183151,0.1200681117136275,live,satellite_hcho_kanpur_industrial_live_2026-07-17_to_2026-08-16.csv
kanpur_industrial,2026-08-16,26.325,80.475,0.0001284488889721,0.1604908650152521,live,satellite_hcho_kanpur_industrial_live_2026-07-17_to_2026-08-16.csv
kanpur_industrial,2026-08-16,26.325,80.525,0.0001365784634779,0.1532033928488534,live,satellite_hcho_kanpur_industrial_live_2026-07-17_to_2026-08-16.csv
kanpur_industrial,2026-08-16,26.325,80.55,0.0001344737111741,0.1337288142832937,live,satellite_hcho_kanpur_industrial_live_2026-07-17_to_2026-08-16.csv
kanpur_industrial,2026-08-16,26.375,80.175,0.0001479037171027,0.0987298308841663,live,satellite_hcho_kanpur_industrial_live_2026-07-17_to_2026-08-16.csv
kanpur_industrial,2026-08-16,26.375,80.225,0.0001388726298512,0.1218456593378282,live,satellite_hcho_kanpur_industrial_live_2026-07-17_to_2026-08-16.csv
kanpur_industrial,2026-08-16,26.375,80.275,0.0001353790665431,0.1303685074985961,live,satellite_hcho_kanpur_industrial_live_2026-07-17_to_2026-08-16.csv
kanpur_industrial,2026-08-16,26.375,80.325,0.0001166706073891,0.1646323972478642,live,satellite_hcho_kanpur_industrial_live_2026-07-17_to_2026-08-16.csv
kanpur_industrial,2026-08-16,26.375,80.375,9.166820493942428e-05,0.1402115308327126,live,satellite_hcho_kanpur_industrial_live_2026-07-17_to_2026-08-16.csv
kanpur_industrial,2026-08-16,26.375,80.425,9.990840229513332e-05,0.1402255959281067,live,satellite_hcho_kanpur_industrial_live_2026-07-17_to_2026-08-16.csv
kanpur_industrial,2026-08-16,26.375,80.475,0.0001216987993239,0.1418527562809798,live,satellite_hcho_kanpur_industrial_live_2026-07-17_to_2026-08-16.csv
kanpur_industrial,2026-08-16,26.375,80.525,0.00013216850627,0.1123995139495856,live,satellite_hcho_kanpur_industrial_live_2026-07-17_to_2026-08-16.csv
kanpur_industrial,2026-08-16,26.425,80.175,0.0001355946005177,0.1400353469633688,live,satellite_hcho_kanpur_industrial_live_2026-07-17_to_2026-08-16.csv
kanpur_industrial,2026-08-16,26.425,80.225,0.0001385238898022,0.150154006990553,live,satellite_hcho_kanpur_industrial_live_2026-07-17_to_2026-08-16.csv
kanpur_industrial,2026-08-16,26.425,80.275,0.0001071101644739,0.179803885444447,live,satellite_hcho_kanpur_industrial_live_2026-07-17_to_2026-08-16.csv
kanpur_industrial,2026-08-16,26.425,80.325,0.0001168379324806,0.1750152303598587,live,satellite_hcho_kanpur_industrial_live_2026-07-17_to_2026-08-16.csv
kanpur_industrial,2026-08-16,26.425,80.375,0.0001644590948883,0.1571851185108835,live,satellite_hcho_kanpur_industrial_live_2026-07-17_to_2026-08-16.csv
kanpur_industrial,2026-08-16,26.425,80.425,0.0001810814548386,0.1595798413577118,live,satellite_hcho_kanpur_industrial_live_2026-07-17_to_2026-08-16.csv
kanpur_industrial,2026-08-16,26.425,80.475,0.0001730076713812,0.1666458878549017,live,satellite_hcho_kanpur_industrial_live_2026-07-17_to_2026-08-16.csv
kanpur_industrial,2026-08-16,26.425,80.525,0.0001467847217174,0.1566345115868278,live,satellite_hcho_kanpur_industrial_live_2026-07-17_to_2026-08-16.csv
kanpur_industrial,2026-08-16,26.425,80.55,0.0001413755711187,0.1402640793903681,live,satellite_hcho_kanpur_industrial_live_2026-07-17_to_2026-08-16.csv
kanpur_industrial,2026-08-16,26.475,80.175,0.0001356778810182,0.1431258479668611,live,satellite_hcho_kanpur_industrial_live_2026-07-17_to_2026-08-16.csv
kanpur_industrial,2026-08-16,26.475,80.225,0.0001325057452073,0.1542844377960092,live,satellite_hcho_kanpur_industrial_live_2026-07-17_to_2026-08-16.csv
kanpur_industrial,2026-08-16,26.475,80.275,0.0001131303911264,0.1776118695185163,live,satellite_hcho_kanpur_industrial_live_2026-07-17_to_2026-08-16.csv
kanpur_industrial,2026-08-16,26.475,80.325,0.0001665355207481,0.1709621467313553,live,satellite_hcho_kanpur_industrial_live_2026-07-17_to_2026-08-16.csv
kanpur_industrial,2026-08-16,26.475,80.375,0.0001954371547633,0.1632277974238219,live,satellite_hcho_kanpur_industrial_live_2026-07-17_to_2026-08-16.csv
kanpur_industrial,2026-08-16,26.475,80.425,0.0001979551995428,0.1609395506126407,live,satellite_hcho_kanpur_industrial_live_2026-07-17_to_2026-08-16.csv
kanpur_industrial,2026-08-16,26.475,80.475,0.0001847014110206,0.158731260159316,live,satellite_hcho_kanpur_industrial_live_2026-07-17_to_2026-08-16.csv
kanpur_industrial,2026-08-16,26.475,80.525,0.0001685311600455,0.1483019534226052,live,satellite_hcho_kanpur_industrial_live_2026-07-17_to_2026-08-16.csv
kanpur_industrial,2026-08-16,26.475,80.55,0.0001673832893195,0.1495699395010587,live,satellite_hcho_kanpur_industrial_live_2026-07-17_to_2026-08-16.csv
kanpur_industrial,2026-08-16,26.525,80.175,0.0001455681606267,0.1414231857874389,live,satellite_hcho_kanpur_industrial_live_2026-07-17_to_2026-08-16.csv
kanpur_industrial,2026-08-16,26.525,80.225,0.0001355273324115,0.1626508096061364,live,satellite_hcho_kanpur_industrial_live_2026-07-17_to_2026-08-16.csv
kanpur_industrial,2026-08-16,26.525,80.275,0.0001261947472019,0.1725655752490271,live,satellite_hcho_kanpur_industrial_live_2026-07-17_to_2026-08-16.csv
kanpur_industrial,2026-08-16,26.525,80.325,0.0001952867001411,0.1693219844272821,live,satellite_hcho_kanpur_industrial_live_2026-07-17_to_2026-08-16.csv
kanpur_industrial,2026-08-16,26.525,80.375,0.0001991242178735,0.1650716284906068,live,satellite_hcho_kanpur_industrial_live_2026-07-17_to_2026-08-16.csv
kanpur_industrial,2026-08-16,26.525,80.425,0.0001924933409847,0.1523559255070749,live,satellite_hcho_kanpur_industrial_live_2026-07-17_to_2026-08-16.csv
kanpur_industrial,2026-08-16,26.525,80.475,0.000181980038252,0.140613664680423,live,satellite_hcho_kanpur_industrial_live_2026-07-17_to_2026-08-16.csv
kanpur_industrial,2026-08-16,26.525,80.525,0.0001744282549977,0.1430015295257552,live,satellite_hcho_kanpur_industrial_live_2026-07-17_to_2026-08-16.csv
kanpur_industrial,2026-08-16,26.525,80.55,0.0001663354686318,0.1529480245359775,live,satellite_hcho_kanpur_industrial_live_2026-07-17_to_2026-08-16.csv
kanpur_industrial,2026-08-16,26.575,80.175,0.0001648467918279,0.1542427771893317,live,satellite_hcho_kanpur_industrial_live_2026-07-17_to_2026-08-16.csv
kanpur_industrial,2026-08-16,26.575,80.225,0.0001577838044475,0.1920609143130927,live,satellite_hcho_kanpur_industrial_live_2026-07-17_to_2026-08-16.csv
kanpur_industrial,2026-08-16,26.575,80.275,0.0001298997860697,0.1937182762677997,live,satellite_hcho_kanpur_industrial_live_2026-07-17_to_2026-08-16.csv
kanpur_industrial,2026-08-16,26.575,80.325,0.0001572208469317,0.1800646570148491,live,satellite_hcho_kanpur_industrial_live_2026-07-17_to_2026-08-16.csv
kanpur_industrial,2026-08-16,26.575,80.375,0.0001796691453073,0.1659986885083192,live,satellite_hcho_kanpur_industrial_live_2026-07-17_to_2026-08-16.csv
kanpur_industrial,2026-08-16,26.575,80.425,0.0001875108074069,0.1384588117858191,live,satellite_hcho_kanpur_industrial_live_2026-07-17_to_2026-08-16.csv
kanpur_industrial,2026-08-16,26.575,80.475,0.0001790193227803,0.1266104274927737,live,satellite_hcho_kanpur_industrial_live_2026-07-17_to_2026-08-16.csv
kanpur_industrial,2026-08-16,26.575,80.525,0.0001482119941434,0.1747341069713895,live,satellite_hcho_kanpur_industrial_live_2026-07-17_to_2026-08-16.csv
kanpur_industrial,2026-08-16,26.575,80.55,0.0001374869766462,0.168856497717039,live,satellite_hcho_kanpur_industrial_live_2026-07-17_to_2026-08-16.csv
punjab_stubble_belt,2026-08-16,31.325,74.625,0.0001607360968674,0.1437614641121822,live,satellite_hcho_punjab_stubble_belt_live_2026-07-17_to_2026-08-16.csv
punjab_stubble_belt,2026-08-16,31.325,74.675,0.0001480433076659,0.1469903536072606,live,satellite_hcho_punjab_stubble_belt_live_2026-07-17_to_2026-08-16.csv
punjab_stubble_belt,2026-08-16,31.325,74.725,0.0001574871048536,0.1800050572238899,live,satellite_hcho_punjab_stubble_belt_live_2026-07-17_to_2026-08-16.csv
punjab_stubble_belt,2026-08-16,31.325,74.775,0.0001554507918461,0.1765313893368209,live,satellite_hcho_punjab_stubble_belt_live_2026-07-17_to_2026-08-16.csv
punjab_stubble_belt,2026-08-16,31.325,74.825,0.0001615180683953,0.1612531420629212,live,satellite_hcho_punjab_stubble_belt_live_2026-07-17_to_2026-08-16.csv
punjab_stubble_belt,2026-08-16,31.325,74.875,0.000170290922204,0.143702883255921,live,satellite_hcho_punjab_stubble_belt_live_2026-07-17_to_2026-08-16.csv
punjab_stubble_belt,2026-08-16,31.325,74.925,0.0001586467400656,0.1458171561307563,live,satellite_hcho_punjab_stubble_belt_live_2026-07-17_to_2026-08-16.csv
punjab_stubble_belt,2026-08-16,31.325,74.975,0.0001794639817358,0.1477777119366813,live,satellite_hcho_punjab_stubble_belt_live_2026-07-17_to_2026-08-16.csv
punjab_stubble_belt,2026-08-16,31.325,75.025,0.0001666611223309,0.1555815084865542,live,satellite_hcho_punjab_stubble_belt_live_2026-07-17_to_2026-08-16.csv
punjab_stubble_belt,2026-08-16,31.325,75.075,0.0001601916581838,0.158283137782347,live,satellite_hcho_punjab_stubble_belt_live_2026-07-17_to_2026-08-16.csv
punjab_stubble_belt,2026-08-16,31.325,75.125,0.000163916162498,0.1542249377289827,live,satellite_hcho_punjab_stubble_belt_live_2026-07-17_to_2026-08-16.csv
punjab_stubble_belt,2026-08-16,31.325,75.175,0.0001615408329607,0.1457177313297812,live,satellite_hcho_punjab_stubble_belt_live_2026-07-17_to_2026-08-16.csv
punjab_stubble_belt,2026-08-16,31.325,75.225,0.0001680851987928,0.1482055943763983,live,satellite_hcho_punjab_stubble_belt_live_2026-07-17_to_2026-08-16.csv
punjab_stubble_belt,2026-08-16,31.325,75.275,0.0001909633531389,0.1558568608289742,live,satellite_hcho_punjab_stubble_belt_live_2026-07-17_to_2026-08-16.csv
punjab_stubble_belt,2026-08-16,31.325,75.3,0.0002029171981201,0.1595445193914798,live,satellite_hcho_punjab_stubble_belt_live_2026-07-17_to_2026-08-16.csv
punjab_stubble_belt,2026-08-16,31.375,74.625,0.0001664075280255,0.1538534191526988,live,satellite_hcho_punjab_stubble_belt_live_2026-07-17_to_2026-08-16.csv
punjab_stubble_belt,2026-08-16,31.375,74.675,0.0001577926251674,0.1445696444299158,live,satellite_hcho_punjab_stubble_belt_live_2026-07-17_to_2026-08-16.csv
punjab_stubble_belt,2026-08-16,31.375,74.725,0.0001656332544736,0.17665567540121,live,satellite_hcho_punjab_stubble_belt_live_2026-07-17_to_2026-08-16.csv
punjab_stubble_belt,2026-08-16,31.375,74.775,0.0001610891188718,0.1740439701961794,live,satellite_hcho_punjab_stubble_belt_live_2026-07-17_to_2026-08-16.csv
punjab_stubble_belt,2026-08-16,31.375,74.825,0.0001598206490871,0.1665382295391085,live,satellite_hcho_punjab_stubble_belt_live_2026-07-17_to_2026-08-16.csv
punjab_stubble_belt,2026-08-16,31.375,74.875,0.0001600776555205,0.1590365992799426,live,satellite_hcho_punjab_stubble_belt_live_2026-07-17_to_2026-08-16.csv
punjab_stubble_belt,2026-08-16,31.375,74.925,0.0001502759217259,0.1556080468914795,live,satellite_hcho_punjab_stubble_belt_live_2026-07-17_to_2026-08-16.csv
punjab_stubble_belt,2026-08-16,31.375,74.975,0.0001640781903332,0.1591252534888619,live,satellite_hcho_punjab_stubble_belt_live_2026-07-17_to_2026-08-16.csv
punjab_stubble_belt,2026-08-16,31.375,75.025,0.000161986320144,0.1680987606783594,live,satellite_hcho_punjab_stubble_belt_live_2026-07-17_to_2026-08-16.csv
punjab_stubble_belt,2026-08-16,31.375,75.075,0.0001565344479613,0.1713440795984831,live,satellite_hcho_punjab_stubble_belt_live_2026-07-17_to_2026-08-16.csv
punjab_stubble_belt,2026-08-16,31.375,75.125,0.0001507269757655,0.1668729707438615,live,satellite_hcho_punjab_stubble_belt_live_2026-07-17_to_2026-08-16.csv
punjab_stubble_belt,2026-08-16,31.375,75.175,0.0001488931089128,0.1553999871264781,live,satellite_hcho_punjab_stubble_belt_live_2026-07-17_to_2026-08-16.csv
punjab_stubble_belt,2026-08-16,31.375,75.225,0.0001452562420283,0.1599791566681545,live,satellite_hcho_punjab_stubble_belt_live_2026-07-17_to_2026-08-16.csv
punjab_stubble_belt,2026-08-16,31.375,75.275,0.0001800932460606,0.1567639787639034,live,satellite_hcho_punjab_stubble_belt_live_2026-07-17_to_2026-08-16.csv
punjab_stubble_belt,2026-08-16,31.375,75.3,0.0002030238982225,0.1529679345596484,live,satellite_hcho_punjab_stubble_belt_live_2026-07-17_to_2026-08-16.csv
punjab_stubble_belt,2026-08-16,31.425,74.625,0.0001657689411455,0.1684747783869851,live,satellite_hcho_punjab_stubble_belt_live_2026-07-17_to_2026-08-16.csv
punjab_stubble_belt,2026-08-16,31.425,74.675,0.0001713726188716,0.1514387395956905,live,satellite_hcho_punjab_stubble_belt_live_2026-07-17_to_2026-08-16.csv
punjab_stubble_belt,2026-08-16,31.425,74.725,0.0001751460345869,0.1682608645240025,live,satellite_hcho_punjab_stubble_belt_live_2026-07-17_to_2026-08-16.csv
punjab_stubble_belt,2026-08-16,31.425,74.775,0.0001760745874991,0.1664677553496533,live,satellite_hcho_punjab_stubble_belt_live_2026-07-17_to_2026-08-16.csv
punjab_stubble_belt,2026-08-16,31.425,74.825,0.0001686927103372,0.1689167436839622,live,satellite_hcho_punjab_stubble_belt_live_2026-07-17_to_2026-08-16.csv
punjab_stubble_belt,2026-08-16,31.425,74.875,0.0001565909525567,0.1736884997263697,live,satellite_hcho_punjab_stubble_belt_live_2026-07-17_to_2026-08-16.csv
punjab_stubble_belt,2026-08-16,31.425,74.925,0.0001504014680017,0.167863691450003,live,satellite_hcho_punjab_stubble_belt_live_2026-07-17_to_2026-08-16.csv
punjab_stubble_belt,2026-08-16,31.425,74.975,0.0001479463525524,0.1710455347098406,live,satellite_hcho_punjab_stubble_belt_live_2026-07-17_to_2026-08-16.csv
punjab_stubble_belt,2026-08-16,31.425,75.025,0.0001558075065488,0.1797536258655694,live,satellite_hcho_punjab_stubble_belt_live_2026-07-17_to_2026-08-16.csv
punjab_stubble_belt,2026-08-16,31.425,75.075,0.0001510961848933,0.1815083804342462,live,satellite_hcho_punjab_stubble_belt_live_2026-07-17_to_2026-08-16.csv
punjab_stubble_belt,2026-08-16,31.425,75.125,0.00013543341941,0.1757172813736008,live,satellite_hcho_punjab_stubble_belt_live_2026-07-17_to_2026-08-16.csv
punjab_stubble_belt,2026-08-16,31.425,75.175,0.0001357902616297,0.1695902369449115,live,satellite_hcho_punjab_stubble_belt_live_2026-07-17_to_2026-08-16.csv
punjab_stubble_belt,2026-08-16,31.425,75.225,0.0001227901691654,0.1679074224405334,live,satellite_hcho_punjab_stubble_belt_live_2026-07-17_to_2026-08-16.csv
punjab_stubble_belt,2026-08-16,31.425,75.275,0.000167952212812,0.1512742653741782,live,satellite_hcho_punjab_stubble_belt_live_2026-07-17_to_2026-08-16.csv
punjab_stubble_belt,2026-08-16,31.425,75.3,0.0002016777651078,0.1348911025675432,live,satellite_hcho_punjab_stubble_belt_live_2026-07-17_to_2026-08-16.csv
punjab_stubble_belt,2026-08-16,31.475,74.625,0.0001716975672488,0.1608986886221453,live,satellite_hcho_punjab_stubble_belt_live_2026-07-17_to_2026-08-16.csv
punjab_stubble_belt,2026-08-16,31.475,74.675,0.0001646129284436,0.1597521608865361,live,satellite_hcho_punjab_stubble_belt_live_2026-07-17_to_2026-08-16.csv
punjab_stubble_belt,2026-08-16,31.475,74.725,0.0001610006257378,0.178100034268896,live,satellite_hcho_punjab_stubble_belt_live_2026-07-17_to_2026-08-16.csv
punjab_stubble_belt,2026-08-16,31.475,74.775,0.0001758430711386,0.1628989661857302,live,satellite_hcho_punjab_stubble_belt_live_2026-07-17_to_2026-08-16.csv
punjab_stubble_belt,2026-08-16,31.475,74.825,0.0001829310734972,0.1572419875381598,live,satellite_hcho_punjab_stubble_belt_live_2026-07-17_to_2026-08-16.csv
punjab_stubble_belt,2026-08-16,31.475,74.875,0.0001833978319852,0.1624395331570313,live,satellite_hcho_punjab_stubble_belt_live_2026-07-17_to_2026-08-16.csv
punjab_stubble_belt,2026-08-16,31.475,74.925,0.0001906941001413,0.1688371170005446,live,satellite_hcho_punjab_stubble_belt_live_2026-07-17_to_2026-08-16.csv
punjab_stubble_belt,2026-08-16,31.475,74.975,0.0001724246997463,0.1711155368670885,live,satellite_hcho_punjab_stubble_belt_live_2026-07-17_to_2026-08-16.csv
punjab_stubble_belt,2026-08-16,31.475,75.025,0.0001431661534173,0.1818946242734051,live,satellite_hcho_punjab_stubble_belt_live_2026-07-17_to_2026-08-16.csv
punjab_stubble_belt,2026-08-16,31.475,75.075,0.0001279339859918,0.1873851076309513,live,satellite_hcho_punjab_stubble_belt_live_2026-07-17_to_2026-08-16.csv
punjab_stubble_belt,2026-08-16,31.475,75.125,0.0001299666619806,0.1852501573614764,live,satellite_hcho_punjab_stubble_belt_live_2026-07-17_to_2026-08-16.csv
punjab_stubble_belt,2026-08-16,31.475,75.175,0.0001396235977898,0.1766295399259447,live,satellite_hcho_punjab_stubble_belt_live_2026-07-17_to_2026-08-16.csv
punjab_stubble_belt,2026-08-16,31.475,75.225,0.000122237927765,0.1690399013870097,live,satellite_hcho_punjab_stubble_belt_live_2026-07-17_to_2026-08-16.csv
punjab_stubble_belt,2026-08-16,31.475,75.275,0.0001718309078639,0.1426489695131912,live,satellite_hcho_punjab_stubble_belt_live_2026-07-17_to_2026-08-16.csv
punjab_stubble_belt,2026-08-16,31.525,74.625,0.0001894748454481,0.1758666918938429,live,satellite_hcho_punjab_stubble_belt_live_2026-07-17_to_2026-08-16.csv
punjab_stubble_belt,2026-08-16,31.525,74.675,0.0001699647294571,0.1880065883425023,live,satellite_hcho_punjab_stubble_belt_live_2026-07-17_to_2026-08-16.csv
punjab_stubble_belt,2026-08-16,31.525,74.725,0.0001699694883061,0.1495850762687389,live,satellite_hcho_punjab_stubble_belt_live_2026-07-17_to_2026-08-16.csv
punjab_stubble_belt,2026-08-16,31.525,74.775,0.0001627852114929,0.1466743811091727,live,satellite_hcho_punjab_stubble_belt_live_2026-07-17_to_2026-08-16.csv
punjab_stubble_belt,2026-08-16,31.525,74.825,0.0001559501528735,0.1506806486501548,live,satellite_hcho_punjab_stubble_belt_live_2026-07-17_to_2026-08-16.csv
punjab_stubble_belt,2026-08-16,31.525,74.875,0.0001491048550667,0.1591362534015219,live,satellite_hcho_punjab_stubble_belt_live_2026-07-17_to_2026-08-16.csv
punjab_stubble_belt,2026-08-16,31.525,74.925,0.000138662047482,0.1748732093051999,live,satellite_hcho_punjab_stubble_belt_live_2026-07-17_to_2026-08-16.csv
punjab_stubble_belt,2026-08-16,31.525,74.975,0.0001648320228021,0.1922751919378342,live,satellite_hcho_punjab_stubble_belt_live_2026-07-17_to_2026-08-16.csv
punjab_stubble_belt,2026-08-16,31.525,75.025,0.0001390154120389,0.2040951000768362,live,satellite_hcho_punjab_stubble_belt_live_2026-07-17_to_2026-08-16.csv
punjab_stubble_belt,2026-08-16,31.525,75.075,0.0001297160696763,0.2032991152151348,live,satellite_hcho_punjab_stubble_belt_live_2026-07-17_to_2026-08-16.csv
punjab_stubble_belt,2026-08-16,31.525,75.125,0.0001424215104094,0.1901059780564138,live,satellite_hcho_punjab_stubble_belt_live_2026-07-17_to_2026-08-16.csv
punjab_stubble_belt,2026-08-16,31.525,75.175,0.0001484236781544,0.1712749059658377,live,satellite_hcho_punjab_stubble_belt_live_2026-07-17_to_2026-08-16.csv
punjab_stubble_belt,2026-08-16,31.525,75.225,0.0001456554453063,0.1518422256578926,live,satellite_hcho_punjab_stubble_belt_live_2026-07-17_to_2026-08-16.csv
punjab_stubble_belt,2026-08-16,31.525,75.275,0.000151991439403,0.1437142218156216,live,satellite_hcho_punjab_stubble_belt_live_2026-07-17_to_2026-08-16.csv
punjab_stubble_belt,2026-08-16,31.525,75.3,0.0001795411237732,0.1336578340439979,live,satellite_hcho_punjab_stubble_belt_live_2026-07-17_to_2026-08-16.csv
punjab_stubble_belt,2026-08-16,31.575,74.625,0.0001790577833032,0.1616329316216864,live,satellite_hcho_punjab_stubble_belt_live_2026-07-17_to_2026-08-16.csv
punjab_stubble_belt,2026-08-16,31.575,74.675,0.0001709965827137,0.1738052335881086,live,satellite_hcho_punjab_stubble_belt_live_2026-07-17_to_2026-08-16.csv
punjab_stubble_belt,2026-08-16,31.575,74.725,0.0001784104095427,0.1575350385135236,live,satellite_hcho_punjab_stubble_belt_live_2026-07-17_to_2026-08-16.csv
punjab_stubble_belt,2026-08-16,31.575,74.775,0.0001750484081664,0.1594983983793926,live,satellite_hcho_punjab_stubble_belt_live_2026-07-17_to_2026-08-16.csv
punjab_stubble_belt,2026-08-16,31.575,74.825,0.000163811333358,0.1655509311632155,live,satellite_hcho_punjab_stubble_belt_live_2026-07-17_to_2026-08-16.csv
punjab_stubble_belt,2026-08-16,31.575,74.875,0.000156207817226,0.1718826104096111,live,satellite_hcho_punjab_stubble_belt_live_2026-07-17_to_2026-08-16.csv
punjab_stubble_belt,2026-08-16,31.575,74.925,0.0001894800907586,0.170690473748916,live,satellite_hcho_punjab_stubble_belt_live_2026-07-17_to_2026-08-16.csv
punjab_stubble_belt,2026-08-16,31.575,74.975,0.000189685129324,0.1752868799828348,live,satellite_hcho_punjab_stubble_belt_live_2026-07-17_to_2026-08-16.csv
punjab_stubble_belt,2026-08-16,31.575,75.025,0.0001599567488645,0.1899370140053727,live,satellite_hcho_punjab_stubble_belt_live_2026-07-17_to_2026-08-16.csv
punjab_stubble_belt,2026-08-16,31.575,75.075,0.0001449897388529,0.1938820849851404,live,satellite_hcho_punjab_stubble_belt_live_2026-07-17_to_2026-08-16.csv
punjab_stubble_belt,2026-08-16,31.575,75.125,0.0001482291624489,0.1847665361325955,live,satellite_hcho_punjab_stubble_belt_live_2026-07-17_to_2026-08-16.csv
punjab_stubble_belt,2026-08-16,31.575,75.175,0.0001491281994859,0.1676515639950445,live,satellite_hcho_punjab_stubble_belt_live_2026-07-17_to_2026-08-16.csv
punjab_stubble_belt,2026-08-16,31.575,75.225,0.0001473929270585,0.1470933476875836,live,satellite_hcho_punjab_stubble_belt_live_2026-07-17_to_2026-08-16.csv
punjab_stubble_belt,2026-08-16,31.575,75.275,0.0001540064323086,0.1397043746491247,live,satellite_hcho_punjab_stubble_belt_live_2026-07-17_to_2026-08-16.csv
punjab_stubble_belt,2026-08-16,31.575,75.3,0.0001570685392027,0.1380022230476228,live,satellite_hcho_punjab_stubble_belt_live_2026-07-17_to_2026-08-16.csv
punjab_stubble_belt,2026-08-16,31.625,74.625,0.0001806882788006,0.1649519084277187,live,satellite_hcho_punjab_stubble_belt_live_2026-07-17_to_2026-08-16.csv
punjab_stubble_belt,2026-08-16,31.625,74.675,0.000176000342282,0.1709573437042153,live,satellite_hcho_punjab_stubble_belt_live_2026-07-17_to_2026-08-16.csv
punjab_stubble_belt,2026-08-16,31.625,74.725,0.0001931994213267,0.1740813721722083,live,satellite_hcho_punjab_stubble_belt_live_2026-07-17_to_2026-08-16.csv
punjab_stubble_belt,2026-08-16,31.625,74.775,0.0001972854838134,0.1733773330319842,live,satellite_hcho_punjab_stubble_belt_live_2026-07-17_to_2026-08-16.csv
punjab_stubble_belt,2026-08-16,31.625,74.825,0.0001932743294689,0.1775982532282951,live,satellite_hcho_punjab_stubble_belt_live_2026-07-17_to_2026-08-16.csv
punjab_stubble_belt,2026-08-16,31.625,74.875,0.0001875516023738,0.1827431321508974,live,satellite_hcho_punjab_stubble_belt_live_2026-07-17_to_2026-08-16.csv
punjab_stubble_belt,2026-08-16,31.625,74.925,0.0001979238237018,0.1717177214805971,live,satellite_hcho_punjab_stubble_belt_live_2026-07-17_to_2026-08-16.csv
punjab_stubble_belt,2026-08-16,31.625,74.975,0.0001792791038351,0.1740487287371521,live,satellite_hcho_punjab_stubble_belt_live_2026-07-17_to_2026-08-16.csv
punjab_stubble_belt,2026-08-16,31.625,75.025,0.0001563415708333,0.1845705012943494,live,satellite_hcho_punjab_stubble_belt_live_2026-07-17_to_2026-08-16.csv
punjab_stubble_belt,2026-08-16,31.625,75.075,0.0001416173658084,0.1871560263239848,live,satellite_hcho_punjab_stubble_belt_live_2026-07-17_to_2026-08-16.csv
punjab_stubble_belt,2026-08-16,31.625,75.125,0.0001385966049713,0.1784216935121974,live,satellite_hcho_punjab_stubble_belt_live_2026-07-17_to_2026-08-16.csv
punjab_stubble_belt,2026-08-16,31.625,75.175,0.0001492275143611,0.1538739331238783,live,satellite_hcho_punjab_stubble_belt_live_2026-07-17_to_2026-08-16.csv
punjab_stubble_belt,2026-08-16,31.625,75.225,0.0001565334852088,0.1321010507521311,live,satellite_hcho_punjab_stubble_belt_live_2026-07-17_to_2026-08-16.csv
punjab_stubble_belt,2026-08-16,31.625,75.275,0.0001557584898581,0.1292850837994348,live,satellite_hcho_punjab_stubble_belt_live_2026-07-17_to_2026-08-16.csv
punjab_stubble_belt,2026-08-16,31.625,75.3,0.000152850329349,0.1285601777840415,live,satellite_hcho_punjab_stubble_belt_live_2026-07-17_to_2026-08-16.csv
punjab_stubble_belt,2026-08-16,31.675,74.625,0.0001947385636907,0.1787545967032595,live,satellite_hcho_punjab_stubble_belt_live_2026-07-17_to_2026-08-16.csv
punjab_stubble_belt,2026-08-16,31.675,74.675,0.0001941216578054,0.1779173330440477,live,satellite_hcho_punjab_stubble_belt_live_2026-07-17_to_2026-08-16.csv
punjab_stubble_belt,2026-08-16,31.675,74.725,0.0002150922756571,0.1886935783068044,live,satellite_hcho_punjab_stubble_belt_live_2026-07-17_to_2026-08-16.csv
punjab_stubble_belt,2026-08-16,31.675,74.775,0.0002226814683078,0.1841019409645636,live,satellite_hcho_punjab_stubble_belt_live_2026-07-17_to_2026-08-16.csv
punjab_stubble_belt,2026-08-16,31.675,74.825,0.0002271526323006,0.1850776866315317,live,satellite_hcho_punjab_stubble_belt_live_2026-07-17_to_2026-08-16.csv
punjab_stubble_belt,2026-08-16,31.675,74.875,0.0002201372653144,0.1883876986357488,live,satellite_hcho_punjab_stubble_belt_live_2026-07-17_to_2026-08-16.csv
punjab_stubble_belt,2026-08-16,31.675,74.925,0.0001671799053533,0.1770895495106354,live,satellite_hcho_punjab_stubble_belt_live_2026-07-17_to_2026-08-16.csv
punjab_stubble_belt,2026-08-16,31.675,74.975,0.0001462983940125,0.1859691097328419,live,satellite_hcho_punjab_stubble_belt_live_2026-07-17_to_2026-08-16.csv
punjab_stubble_belt,2026-08-16,31.675,75.025,0.0001381851275662,0.1887284770160577,live,satellite_hcho_punjab_stubble_belt_live_2026-07-17_to_2026-08-16.csv
punjab_stubble_belt,2026-08-16,31.675,75.075,0.0001303189417549,0.1848196414310304,live,satellite_hcho_punjab_stubble_belt_live_2026-07-17_to_2026-08-16.csv
punjab_stubble_belt,2026-08-16,31.675,75.125,0.0001252966404383,0.1723745483432957,live,satellite_hcho_punjab_stubble_belt_live_2026-07-17_to_2026-08-16.csv
punjab_stubble_belt,2026-08-16,31.675,75.175,0.000147986576614,0.1395413732068189,live,satellite_hcho_punjab_stubble_belt_live_2026-07-17_to_2026-08-16.csv
punjab_stubble_belt,2026-08-16,31.675,75.225,0.00016954722861,0.1182609234659729,live,satellite_hcho_punjab_stubble_belt_live_2026-07-17_to_2026-08-16.csv
punjab_stubble_belt,2026-08-16,31.675,75.275,0.0001604366501047,0.1205114580596698,live,satellite_hcho_punjab_stubble_belt_live_2026-07-17_to_2026-08-16.csv
punjab_stubble_belt,2026-08-16,31.675,75.3,0.0001720571436358,0.1286343781040876,live,satellite_hcho_punjab_stubble_belt_live_2026-07-17_to_2026-08-16.csv
punjab_stubble_belt,2026-08-16,31.725,74.625,0.0002120154920863,0.1646627739216844,live,satellite_hcho_punjab_stubble_belt_live_2026-07-17_to_2026-08-16.csv
punjab_stubble_belt,2026-08-16,31.725,74.675,0.0002579350493143,0.1715516668022179,live,satellite_hcho_punjab_stubble_belt_live_2026-07-17_to_2026-08-16.csv
punjab_stubble_belt,2026-08-16,31.725,74.725,0.000250508992309,0.1759830393576743,live,satellite_hcho_punjab_stubble_belt_live_2026-07-17_to_2026-08-16.csv
punjab_stubble_belt,2026-08-16,31.725,74.775,0.0002385975057672,0.1896338932724391,live,satellite_hcho_punjab_stubble_belt_live_2026-07-17_to_2026-08-16.csv
punjab_stubble_belt,2026-08-16,31.725,74.825,0.0002134727226828,0.1919003261823992,live,satellite_hcho_punjab_stubble_belt_live_2026-07-17_to_2026-08-16.csv
punjab_stubble_belt,2026-08-16,31.725,74.875,0.0001802882700205,0.1844279478523419,live,satellite_hcho_punjab_stubble_belt_live_2026-07-17_to_2026-08-16.csv
punjab_stubble_belt,2026-08-16,31.725,74.925,0.0001545455014229,0.1792282542230142,live,satellite_hcho_punjab_stubble_belt_live_2026-07-17_to_2026-08-16.csv
punjab_stubble_belt,2026-08-16,31.725,74.975,0.0001501695455377,0.1847373188846043,live,satellite_hcho_punjab_stubble_belt_live_2026-07-17_to_2026-08-16.csv
punjab_stubble_belt,2026-08-16,31.725,75.025,0.0001557631626528,0.1900993067886694,live,satellite_hcho_punjab_stubble_belt_live_2026-07-17_to_2026-08-16.csv
punjab_stubble_belt,2026-08-16,31.725,75.075,0.0001565390227535,0.1840019180230747,live,satellite_hcho_punjab_stubble_belt_live_2026-07-17_to_2026-08-16.csv
punjab_stubble_belt,2026-08-16,31.725,75.125,0.0001505379238628,0.1682356449402542,live,satellite_hcho_punjab_stubble_belt_live_2026-07-17_to_2026-08-16.csv
punjab_stubble_belt,2026-08-16,31.725,75.175,0.0001400476770008,0.1603007003392393,live,satellite_hcho_punjab_stubble_belt_live_2026-07-17_to_2026-08-16.csv
punjab_stubble_belt,2026-08-16,31.725,75.225,0.0001671252029393,0.1524228358234925,live,satellite_hcho_punjab_stubble_belt_live_2026-07-17_to_2026-08-16.csv
punjab_stubble_belt,2026-08-16,31.725,75.275,0.0001885365970545,0.1413495567723944,live,satellite_hcho_punjab_stubble_belt_live_2026-07-17_to_2026-08-16.csv
punjab_stubble_belt,2026-08-16,31.775,74.625,0.0002032161962072,0.1501261117680206,live,satellite_hcho_punjab_stubble_belt_live_2026-07-17_to_2026-08-16.csv
punjab_stubble_belt,2026-08-16,31.775,74.675,0.0002249397516295,0.1765858767596826,live,satellite_hcho_punjab_stubble_belt_live_2026-07-17_to_2026-08-16.csv
punjab_stubble_belt,2026-08-16,31.775,74.725,0.0002428542609888,0.1565498509955528,live,satellite_hcho_punjab_stubble_belt_live_2026-07-17_to_2026-08-16.csv
punjab_stubble_belt,2026-08-16,31.775,74.775,0.000242509930938,0.1535282840147556,live,satellite_hcho_punjab_stubble_belt_live_2026-07-17_to_2026-08-16.csv
punjab_stubble_belt,2026-08-16,31.775,74.825,0.0002145708598858,0.1624206444983748,live,satellite_hcho_punjab_stubble_belt_live_2026-07-17_to_2026-08-16.csv
punjab_stubble_belt,2026-08-16,31.775,74.875,0.0001715862184495,0.1762970526512648,live,satellite_hcho_punjab_stubble_belt_live_2026-07-17_to_2026-08-16.csv
punjab_stubble_belt,2026-08-16,31.775,74.925,0.0001514329980318,0.177878318442999,live,satellite_hcho_punjab_stubble_belt_live_2026-07-17_to_2026-08-16.csv
punjab_stubble_belt,2026-08-16,31.775,74.975,0.000135917729663,0.1727739088417105,live,satellite_hcho_punjab_stubble_belt_live_2026-07-17_to_2026-08-16.csv
punjab_stubble_belt,2026-08-16,31.775,75.025,0.0001690229899279,0.1899502209285502,live,satellite_hcho_punjab_stubble_belt_live_2026-07-17_to_2026-08-16.csv
punjab_stubble_belt,2026-08-16,31.775,75.075,0.000177569407752,0.1945373468091217,live,satellite_hcho_punjab_stubble_belt_live_2026-07-17_to_2026-08-16.csv
punjab_stubble_belt,2026-08-16,31.775,75.125,0.000154801407599,0.1822219255590663,live,satellite_hcho_punjab_stubble_belt_live_2026-07-17_to_2026-08-16.csv
punjab_stubble_belt,2026-08-16,31.775,75.175,0.0001267231438569,0.1595921976516015,live,satellite_hcho_punjab_stubble_belt_live_2026-07-17_to_2026-08-16.csv
punjab_stubble_belt,2026-08-16,31.775,75.225,0.0001245769874077,0.1533805504613287,live,satellite_hcho_punjab_stubble_belt_live_2026-07-17_to_2026-08-16.csv
punjab_stubble_belt,2026-08-16,31.775,75.275,0.0001536440273251,0.1387810902643455,live,satellite_hcho_punjab_stubble_belt_live_2026-07-17_to_2026-08-16.csv
punjab_stubble_belt,2026-08-16,31.775,75.3,0.0001849625656156,0.1321116067128948,live,satellite_hcho_punjab_stubble_belt_live_2026-07-17_to_2026-08-16.csv
punjab_stubble_belt,2026-08-16,31.825,74.625,0.000188020083143,0.1384388580140265,live,satellite_hcho_punjab_stubble_belt_live_2026-07-17_to_2026-08-16.csv
punjab_stubble_belt,2026-08-16,31.825,74.675,0.0001894970297475,0.152710579694429,live,satellite_hcho_punjab_stubble_belt_live_2026-07-17_to_2026-08-16.csv
punjab_stubble_belt,2026-08-16,31.825,74.725,0.0002052812620141,0.1624609035469192,live,satellite_hcho_punjab_stubble_belt_live_2026-07-17_to_2026-08-16.csv
punjab_stubble_belt,2026-08-16,31.825,74.775,0.000209239924473,0.1617188566973217,live,satellite_hcho_punjab_stubble_belt_live_2026-07-17_to_2026-08-16.csv
punjab_stubble_belt,2026-08-16,31.825,74.825,0.0001959581425546,0.1678632441082514,live,satellite_hcho_punjab_stubble_belt_live_2026-07-17_to_2026-08-16.csv
punjab_stubble_belt,2026-08-16,31.825,74.875,0.0001757209136505,0.1783946512493611,live,satellite_hcho_punjab_stubble_belt_live_2026-07-17_to_2026-08-16.csv
punjab_stubble_belt,2026-08-16,31.825,74.925,0.0001850936875638,0.1799143490932467,live,satellite_hcho_punjab_stubble_belt_live_2026-07-17_to_2026-08-16.csv
punjab_stubble_belt,2026-08-16,31.825,74.975,0.0001622274629694,0.1803814666918003,live,satellite_hcho_punjab_stubble_belt_live_2026-07-17_to_2026-08-16.csv
punjab_stubble_belt,2026-08-16,31.825,75.025,0.0001754874859317,0.1829375392118938,live,satellite_hcho_punjab_stubble_belt_live_2026-07-17_to_2026-08-16.csv
punjab_stubble_belt,2026-08-16,31.825,75.075,0.0001733115759894,0.1838489377964255,live,satellite_hcho_punjab_stubble_belt_live_2026-07-17_to_2026-08-16.csv
punjab_stubble_belt,2026-08-16,31.825,75.125,0.0001535482273616,0.1803406202622247,live,satellite_hcho_punjab_stubble_belt_live_2026-07-17_to_2026-08-16.csv
punjab_stubble_belt,2026-08-16,31.825,75.175,0.0001480375123021,0.1617455858349029,live,satellite_hcho_punjab_stubble_belt_live_2026-07-17_to_2026-08-16.csv
punjab_stubble_belt,2026-08-16,31.825,75.225,0.0001577027855039,0.157426093878366,live,satellite_hcho_punjab_stubble_belt_live_2026-07-17_to_2026-08-16.csv
punjab_stubble_belt,2026-08-16,31.825,75.275,0.00016680258553,0.1468672378593153,live,satellite_hcho_punjab_stubble_belt_live_2026-07-17_to_2026-08-16.csv
punjab_stubble_belt,2026-08-16,31.825,75.3,0.0001713598660227,0.1380306414627214,live,satellite_hcho_punjab_stubble_belt_live_2026-07-17_to_2026-08-16.csv
punjab_stubble_belt,2026-08-16,31.875,74.625,0.0001891152806986,0.1388041452757366,live,satellite_hcho_punjab_stubble_belt_live_2026-07-17_to_2026-08-16.csv
punjab_stubble_belt,2026-08-16,31.875,74.675,0.000179215585333,0.1436783831976082,live,satellite_hcho_punjab_stubble_belt_live_2026-07-17_to_2026-08-16.csv
punjab_stubble_belt,2026-08-16,31.875,74.725,0.0001881076541196,0.1600268262763427,live,satellite_hcho_punjab_stubble_belt_live_2026-07-17_to_2026-08-16.csv
punjab_stubble_belt,2026-08-16,31.875,74.775,0.0001880383535869,0.1571993632658063,live,satellite_hcho_punjab_stubble_belt_live_2026-07-17_to_2026-08-16.csv
punjab_stubble_belt,2026-08-16,31.875,74.825,0.0001837846021546,0.1571546465567594,live,satellite_hcho_punjab_stubble_belt_live_2026-07-17_to_2026-08-16.csv
punjab_stubble_belt,2026-08-16,31.875,74.875,0.0001816965616109,0.1631196339191416,live,satellite_hcho_punjab_stubble_belt_live_2026-07-17_to_2026-08-16.csv
punjab_stubble_belt,2026-08-16,31.875,74.925,0.000201097212429,0.1810931919182068,live,satellite_hcho_punjab_stubble_belt_live_2026-07-17_to_2026-08-16.csv
punjab_stubble_belt,2026-08-16,31.875,74.975,0.0001848671876755,0.1871232375828055,live,satellite_hcho_punjab_stubble_belt_live_2026-07-17_to_2026-08-16.csv
punjab_stubble_belt,2026-08-16,31.875,75.025,0.0001835824805699,0.1794506801383528,live,satellite_hcho_punjab_stubble_belt_live_2026-07-17_to_2026-08-16.csv
punjab_stubble_belt,2026-08-16,31.875,75.075,0.0001777391464352,0.1756210804799765,live,satellite_hcho_punjab_stubble_belt_live_2026-07-17_to_2026-08-16.csv
punjab_stubble_belt,2026-08-16,31.875,75.125,0.0001675800883987,0.1743415706499935,live,satellite_hcho_punjab_stubble_belt_live_2026-07-17_to_2026-08-16.csv
punjab_stubble_belt,2026-08-16,31.875,75.175,0.0001646475356764,0.1529701726813918,live,satellite_hcho_punjab_stubble_belt_live_2026-07-17_to_2026-08-16.csv
punjab_stubble_belt,2026-08-16,31.875,75.225,0.0001743259148347,0.1529553288371782,live,satellite_hcho_punjab_stubble_belt_live_2026-07-17_to_2026-08-16.csv
punjab_stubble_belt,2026-08-16,31.875,75.275,0.0001718230153359,0.1441292717241715,live,satellite_hcho_punjab_stubble_belt_live_2026-07-17_to_2026-08-16.csv
punjab_stubble_belt,2026-08-16,31.875,75.3,0.0001679164778915,0.1354355285915973,live,satellite_hcho_punjab_stubble_belt_live_2026-07-17_to_2026-08-16.csv
