region_id,date,lat,lon,hcho_value,cloud_fraction
punjab_stubble_belt,2026-07-17,31.325,74.625,0.0002420487433813,0.1227835102914395
punjab_stubble_belt,2026-07-17,31.325,74.675,0.000195785710858,0.1484677004345131
punjab_stubble_belt,2026-07-17,31.325,74.725,0.000185597725385,0.1476804485987787
punjab_stubble_belt,2026-07-17,31.325,74.775,0.0002183372951636,0.1555349639158058
punjab_stubble_belt,2026-07-17,31.325,74.825,0.0002623865667999,0.1580414989162805
punjab_stubble_belt,2026-07-17,31.325,74.875,0.0002891201057677,0.1559256797858715
punjab_stubble_belt,2026-07-17,31.325,74.925,0.0002139488026004,0.1552579558698813
punjab_stubble_belt,2026-07-17,31.325,74.975,0.000232852501387,0.1654952271023157
punjab_stubble_belt,2026-07-17,31.325,75.025,0.0002631576621602,0.1695339032743968
punjab_stubble_belt,2026-07-17,31.325,75.075,0.0002596286594632,0.1824139736240956
punjab_stubble_belt,2026-07-17,31.325,75.125,0.0002205787547674,0.1955599538610674
punjab_stubble_belt,2026-07-17,31.325,75.175,0.0001712992421839,0.1556330031206068
punjab_stubble_belt,2026-07-17,31.325,75.225,0.000240790887779,0.1547746199417717
punjab_stubble_belt,2026-07-17,31.325,75.275,0.0002724960847681,0.1546911431634456
punjab_stubble_belt,2026-07-17,31.325,75.3,0.0002720614804421,0.1546887947044115
punjab_stubble_belt,2026-07-17,31.375,74.625,0.000222978754785,0.1950985126510812
punjab_stubble_belt,2026-07-17,31.375,74.675,0.0002005997682895,0.1641038710266465
punjab_stubble_belt,2026-07-17,31.375,74.725,0.0002783500877979,0.1831014913616556
punjab_stubble_belt,2026-07-17,31.375,74.775,0.0002456507801713,0.1936127189445544
punjab_stubble_belt,2026-07-17,31.375,74.825,0.0002435085130616,0.1902914673798443
punjab_stubble_belt,2026-07-17,31.375,74.875,0.0002509834757024,0.1775846495322754
punjab_stubble_belt,2026-07-17,31.375,74.925,0.0001584418953285,0.1697938572368985
punjab_stubble_belt,2026-07-17,31.375,74.975,0.0001889422553903,0.1787589604598997
punjab_stubble_belt,2026-07-17,31.375,75.025,0.0002349634903415,0.1917475845084127
punjab_stubble_belt,2026-07-17,31.375,75.075,0.0002238954136408,0.2119294160462645
punjab_stubble_belt,2026-07-17,31.375,75.125,0.0001645884664311,0.2268624677804723
punjab_stubble_belt,2026-07-17,31.375,75.175,0.0001613492257768,0.1724124458993897
punjab_stubble_belt,2026-07-17,31.375,75.225,0.0002160032428367,0.1750036324054856
punjab_stubble_belt,2026-07-17,31.375,75.275,0.0002370463413375,0.1753624625103576
punjab_stubble_belt,2026-07-17,31.375,75.3,0.0002368281450931,0.1781594301719956
punjab_stubble_belt,2026-07-17,31.425,74.625,0.00020042969096,0.2971909564690915
punjab_stubble_belt,2026-07-17,31.425,74.725,0.0003653093421978,0.2215666595920021
punjab_stubble_belt,2026-07-17,31.425,74.775,0.0002988097892731,0.2323904456263894
punjab_stubble_belt,2026-07-17,31.425,74.825,0.0002562671526131,0.2244422807487654
punjab_stubble_belt,2026-07-17,31.425,74.875,0.0002244850934029,0.2031663974325308
punjab_stubble_belt,2026-07-17,31.425,74.925,0.0001163043112182,0.1933137015698862
punjab_stubble_belt,2026-07-17,31.425,74.975,0.0001385091029924,0.2031612825226321
punjab_stubble_belt,2026-07-17,31.425,75.025,0.0001991480425994,0.2125679464436586
punjab_stubble_belt,2026-07-17,31.425,75.075,0.0001861383232335,0.2286563197892959
punjab_stubble_belt,2026-07-17,31.425,75.125,0.0001149587224673,0.2428214385119499
punjab_stubble_belt,2026-07-17,31.425,75.175,0.0001604645048771,0.2029908853576468
punjab_stubble_belt,2026-07-17,31.425,75.225,0.0001659800824179,0.2084688151867669
punjab_stubble_belt,2026-07-17,31.425,75.275,0.000163768869218,0.2109354483678458
punjab_stubble_belt,2026-07-17,31.425,75.3,0.0001543418455656,0.2313153482047237
punjab_stubble_belt,2026-07-17,31.475,74.725,0.0002404282970912,0.265003438340844
punjab_stubble_belt,2026-07-17,31.475,74.775,0.0002749014628988,0.2397081471575205
punjab_stubble_belt,2026-07-17,31.475,74.825,0.0002709731888576,0.2211603361836331
punjab_stubble_belt,2026-07-17,31.475,74.875,0.0002372678596371,0.2131026653283045
punjab_stubble_belt,2026-07-17,31.475,74.925,0.0002246607389458,0.2158531906829291
punjab_stubble_belt,2026-07-17,31.475,74.975,0.0001361860693026,0.2314907635926907
punjab_stubble_belt,2026-07-17,31.475,75.025,0.0001642964925524,0.2310793774948939
punjab_stubble_belt,2026-07-17,31.475,75.075,0.0001860206721153,0.2447088322444783
punjab_stubble_belt,2026-07-17,31.475,75.125,0.0001840141536144,0.2690029311937691
punjab_stubble_belt,2026-07-17,31.475,75.175,0.0001762107937673,0.2645336988565452
punjab_stubble_belt,2026-07-17,31.475,75.225,0.0001542077154279,0.253813958711927
punjab_stubble_belt,2026-07-17,31.475,75.275,0.0001460100830851,0.2575389200627378
punjab_stubble_belt,2026-07-17,31.525,74.625,0.0002539344346851,0.2845307563776048
punjab_stubble_belt,2026-07-17,31.525,74.675,0.0002488060258356,0.2672394816340733
punjab_stubble_belt,2026-07-17,31.525,74.725,0.0002994749952613,0.2369809877811596
punjab_stubble_belt,2026-07-17,31.525,74.775,0.0003060699068367,0.232639922249335
punjab_stubble_belt,2026-07-17,31.525,74.825,0.0002610385108286,0.2508351565766576
punjab_stubble_belt,2026-07-17,31.525,74.875,0.0001931843329722,0.2787388509677919
punjab_stubble_belt,2026-07-17,31.525,74.925,0.0002246607389458,0.2158531906829291
punjab_stubble_belt,2026-07-17,31.525,74.975,0.0001339844426853,0.2318798930111628
punjab_stubble_belt,2026-07-17,31.525,75.025,0.0001663124585408,0.2309613388828573
punjab_stubble_belt,2026-07-17,31.525,75.075,0.0001860381704239,0.2442562487021984
punjab_stubble_belt,2026-07-17,31.525,75.125,0.0001843209758619,0.2691786580520989
punjab_stubble_belt,2026-07-17,31.525,75.175,0.0001762107937673,0.2645336988565452
punjab_stubble_belt,2026-07-17,31.525,75.225,0.0001530420847245,0.2532460718893541
punjab_stubble_belt,2026-07-17,31.525,75.275,0.0001461599626703,0.2573665836347363
punjab_stubble_belt,2026-07-17,31.525,75.3,0.0001428990689918,0.2611160653790944
punjab_stubble_belt,2026-07-17,31.575,74.625,0.0002880907055147,0.2430488130595723
punjab_stubble_belt,2026-07-17,31.575,74.675,0.0002868726952757,0.2367955828584098
punjab_stubble_belt,2026-07-17,31.575,74.725,0.0002969576880807,0.2431367408532507
punjab_stubble_belt,2026-07-17,31.575,74.775,0.0002980943511156,0.2433911595238104
punjab_stubble_belt,2026-07-17,31.575,74.825,0.0002777862854563,0.2509890418061813
punjab_stubble_belt,2026-07-17,31.575,74.875,0.0001892605461506,0.2844854061682457
punjab_stubble_belt,2026-07-17,31.575,75.225,0.0002081257798609,0.2870164191995852
punjab_stubble_belt,2026-07-17,31.575,75.275,0.0002081257798609,0.2870164191995852
punjab_stubble_belt,2026-07-17,31.625,74.625,0.0002950512092451,0.2108095028939811
punjab_stubble_belt,2026-07-17,31.625,74.675,0.0002897969443907,0.2113653662666673
punjab_stubble_belt,2026-07-17,31.625,74.725,0.0002574877023419,0.2474516657328188
punjab_stubble_belt,2026-07-17,31.625,74.775,0.0002661528925075,0.2516782152656601
punjab_stubble_belt,2026-07-17,31.625,74.825,0.0002835927119226,0.2603233220647487
punjab_stubble_belt,2026-07-17,31.625,74.875,0.0003266029600582,0.2898377884383606
punjab_stubble_belt,2026-07-17,31.625,75.225,0.0002081257798609,0.2870164191995852
punjab_stubble_belt,2026-07-17,31.625,75.275,0.0002081257798609,0.2870164191995852
punjab_stubble_belt,2026-07-17,31.675,74.625,0.0002762537192987,0.1897814456269551
punjab_stubble_belt,2026-07-17,31.675,74.675,0.0002678411278309,0.1920245933179272
punjab_stubble_belt,2026-07-17,31.675,74.725,0.0002210686774389,0.2403881646481008
punjab_stubble_belt,2026-07-17,31.675,74.775,0.0002412626154591,0.2474330288581064
punjab_stubble_belt,2026-07-17,31.675,74.825,0.000277398524083,0.2620358035382684
punjab_stubble_belt,2026-07-17,31.675,74.875,0.0003070879500262,0.2794594301704434
punjab_stubble_belt,2026-07-17,31.675,74.925,0.000120654836088,0.2234254617571739
punjab_stubble_belt,2026-07-17,31.675,74.975,0.0001616618111558,0.2273229335494245
punjab_stubble_belt,2026-07-17,31.675,75.025,0.0003135687300103,0.2456887182359003
punjab_stubble_belt,2026-07-17,31.675,75.075,0.0003927171581711,0.2553460988776241
punjab_stubble_belt,2026-07-17,31.675,75.125,0.0003930743227437,0.2554465360389527
punjab_stubble_belt,2026-07-17,31.725,74.625,0.0002527397750345,0.1672763476616655
punjab_stubble_belt,2026-07-17,31.725,74.675,0.000279821670553,0.1664851880188779
punjab_stubble_belt,2026-07-17,31.725,74.725,0.0003174943084503,0.1949942355133955
punjab_stubble_belt,2026-07-17,31.725,74.775,0.000324447689505,0.1996741015525032
punjab_stubble_belt,2026-07-17,31.725,74.825,0.0002838181485672,0.2114846624381805
punjab_stubble_belt,2026-07-17,31.725,74.875,0.0002059482044777,0.2265957505130019
punjab_stubble_belt,2026-07-17,31.725,74.925,0.000120654836088,0.2234254617571739
punjab_stubble_belt,2026-07-17,31.725,74.975,0.0001608249341136,0.2272433933087664
punjab_stubble_belt,2026-07-17,31.725,75.025,0.0003093401159343,0.2451745868959935
punjab_stubble_belt,2026-07-17,31.725,75.075,0.0003927171581711,0.2553460988776241
punjab_stubble_belt,2026-07-17,31.725,75.125,0.0003930743227437,0.2554465360389527
punjab_stubble_belt,2026-07-17,31.775,74.625,0.0002224938439878,0.169319295005823
punjab_stubble_belt,2026-07-17,31.775,74.675,0.0002268309612542,0.1694459005318015
punjab_stubble_belt,2026-07-17,31.775,74.725,0.0003281564849366,0.1896647424510488
punjab_stubble_belt,2026-07-17,31.775,74.775,0.0003186662939439,0.1972389705536059
punjab_stubble_belt,2026-07-17,31.775,74.825,0.0002850521271785,0.2114099619311516
punjab_stubble_belt,2026-07-17,31.775,74.875,0.0002321545474759,0.2267555431743326
punjab_stubble_belt,2026-07-17,31.775,74.925,0.0001309719949905,0.2211364074295411
punjab_stubble_belt,2026-07-17,31.775,74.975,0.0001286561904094,0.2185526429150243
punjab_stubble_belt,2026-07-17,31.775,75.025,0.0001927482516241,0.2380276710409829
punjab_stubble_belt,2026-07-17,31.775,75.075,0.0002491673250927,0.241371729387809
punjab_stubble_belt,2026-07-17,31.775,75.125,0.0002845185526053,0.2285885608930792
punjab_stubble_belt,2026-07-17,31.825,74.625,0.0002288284832894,0.1902921016137662
punjab_stubble_belt,2026-07-17,31.825,74.675,0.0002083121716373,0.2012028765988051
punjab_stubble_belt,2026-07-17,31.825,74.725,0.0002417375925613,0.2057156135535095
punjab_stubble_belt,2026-07-17,31.825,74.775,0.0002672947053774,0.2163611208071197
punjab_stubble_belt,2026-07-17,31.825,74.825,0.000260578708544,0.2270900693888035
punjab_stubble_belt,2026-07-17,31.825,74.875,0.0002326089697971,0.237395258513163
punjab_stubble_belt,2026-07-17,31.825,74.925,0.0002275385400936,0.2469827842412904
punjab_stubble_belt,2026-07-17,31.825,74.975,0.0002261660473945,0.2443708715502008
punjab_stubble_belt,2026-07-17,31.825,75.025,0.0002206954492945,0.2481400990186097
punjab_stubble_belt,2026-07-17,31.825,75.075,0.0002152430685643,0.2486064029319983
punjab_stubble_belt,2026-07-17,31.825,75.125,0.0002112757981779,0.2455123071512161
punjab_stubble_belt,2026-07-17,31.875,74.625,0.0002593419659545,0.1974572601943923
punjab_stubble_belt,2026-07-17,31.875,74.675,0.0002354887075269,0.1866221013722327
punjab_stubble_belt,2026-07-17,31.875,74.725,0.0002140597953993,0.1843118691267866
punjab_stubble_belt,2026-07-17,31.875,74.775,0.0002337206082551,0.2180202373378836
punjab_stubble_belt,2026-07-17,31.875,74.825,0.0002303085519601,0.234271687925378
punjab_stubble_belt,2026-07-17,31.875,74.875,0.0002169414600183,0.2366023105502869
punjab_stubble_belt,2026-07-17,31.875,74.925,0.0002550370977572,0.2557447331960314
punjab_stubble_belt,2026-07-17,31.875,74.975,0.0002673465626337,0.2539030900145071
punjab_stubble_belt,2026-07-17,31.875,75.025,0.0002357708480295,0.250010125974435
punjab_stubble_belt,2026-07-17,31.875,75.075,0.0002074589327262,0.2500051865851851
punjab_stubble_belt,2026-07-17,31.875,75.125,0.0001915552363928,0.2533268308839809
punjab_stubble_belt,2026-07-18,31.325,74.625,0.0002510590336663,0.0
punjab_stubble_belt,2026-07-18,31.325,74.675,0.0002600414588695,0.0
punjab_stubble_belt,2026-07-18,31.325,74.725,0.0001871562852758,0.0
punjab_stubble_belt,2026-07-18,31.325,74.775,0.0001725596126914,0.0
punjab_stubble_belt,2026-07-18,31.325,74.825,0.0001847998870604,0.0
punjab_stubble_belt,2026-07-18,31.325,74.875,0.0001979082421181,0.0
punjab_stubble_belt,2026-07-18,31.325,74.925,0.0001312137638077,0.0
punjab_stubble_belt,2026-07-18,31.325,74.975,0.0002514685833991,0.0
punjab_stubble_belt,2026-07-18,31.325,75.025,0.0001478758864126,0.0
punjab_stubble_belt,2026-07-18,31.325,75.075,0.0001289282851495,0.0012920611912616
punjab_stubble_belt,2026-07-18,31.325,75.125,0.0002116398548579,0.0066289737960771
punjab_stubble_belt,2026-07-18,31.325,75.175,0.0002051730830193,0.0322187194293574
punjab_stubble_belt,2026-07-18,31.325,75.225,0.0002005794324682,0.0515105003671604
punjab_stubble_belt,2026-07-18,31.325,75.275,0.0002671237236202,0.0596165250633613
punjab_stubble_belt,2026-07-18,31.325,75.3,0.000305160430329,0.0591837843269952
punjab_stubble_belt,2026-07-18,31.375,74.625,0.000203480499645,0.0064793172391021
punjab_stubble_belt,2026-07-18,31.375,74.675,0.0002083388039681,0.0016281074406515
punjab_stubble_belt,2026-07-18,31.375,74.725,0.0001937807172146,0.006177072847745
punjab_stubble_belt,2026-07-18,31.375,74.775,0.0001690183634222,0.0144358302828057
punjab_stubble_belt,2026-07-18,31.375,74.825,0.0001973934164499,0.0196474485569351
punjab_stubble_belt,2026-07-18,31.375,74.875,0.0002411006586135,0.0219101030548141
punjab_stubble_belt,2026-07-18,31.375,74.925,0.0001469315715116,0.021467987788113
punjab_stubble_belt,2026-07-18,31.375,74.975,0.0002513294677991,0.0196490812240716
punjab_stubble_belt,2026-07-18,31.375,75.025,0.0001690862355736,0.0158919602566666
punjab_stubble_belt,2026-07-18,31.375,75.075,0.0001511693329842,0.0136504625644417
punjab_stubble_belt,2026-07-18,31.375,75.125,0.0002109218781994,0.0149421658585898
punjab_stubble_belt,2026-07-18,31.375,75.175,0.000216772089956,0.0310245663438321
punjab_stubble_belt,2026-07-18,31.375,75.225,0.0001603076179185,0.0552573460634329
punjab_stubble_belt,2026-07-18,31.375,75.275,0.0002253540425545,0.0677832089420699
punjab_stubble_belt,2026-07-18,31.375,75.3,0.0002679172241929,0.0743590282617663
punjab_stubble_belt,2026-07-18,31.425,74.625,0.0001424425315429,0.0370492845758449
punjab_stubble_belt,2026-07-18,31.425,74.675,0.000171223924202,0.0204458640802837
punjab_stubble_belt,2026-07-18,31.425,74.725,0.0002452973391544,0.0209007592211985
punjab_stubble_belt,2026-07-18,31.425,74.775,0.0001963258024806,0.036589050436231
punjab_stubble_belt,2026-07-18,31.425,74.825,0.0002338599949572,0.0486529116864772
punjab_stubble_belt,2026-07-18,31.425,74.875,0.0003121847003096,0.0554977751034127
punjab_stubble_belt,2026-07-18,31.425,74.925,0.0002202861387663,0.058645983489728
punjab_stubble_belt,2026-07-18,31.425,74.975,0.0002443122495578,0.0541608094805177
punjab_stubble_belt,2026-07-18,31.425,75.025,0.0002264961555804,0.0446989500599541
punjab_stubble_belt,2026-07-18,31.425,75.075,0.0002219904847182,0.0380850623980302
punjab_stubble_belt,2026-07-18,31.425,75.125,0.0002287946238561,0.0364115841528847
punjab_stubble_belt,2026-07-18,31.425,75.175,0.0001876129976743,0.0449375441434867
punjab_stubble_belt,2026-07-18,31.425,75.225,0.0001199138503429,0.0620936126472841
punjab_stubble_belt,2026-07-18,31.425,75.275,0.000186277312743,0.0743388634480238
punjab_stubble_belt,2026-07-18,31.425,75.3,0.0002769645302397,0.0814585669593183
punjab_stubble_belt,2026-07-18,31.475,74.625,0.000119912478431,0.1412720374973775
punjab_stubble_belt,2026-07-18,31.475,74.675,0.0002600840910189,0.096465196480823
punjab_stubble_belt,2026-07-18,31.475,74.725,0.0003697242506552,0.0528321586781373
punjab_stubble_belt,2026-07-18,31.475,74.775,0.0002653399172842,0.0521981901385036
punjab_stubble_belt,2026-07-18,31.475,74.825,0.000244527118595,0.0633777223104884
punjab_stubble_belt,2026-07-18,31.475,74.875,0.0002899121323155,0.0811852499003744
punjab_stubble_belt,2026-07-18,31.475,74.925,0.0002427503171488,0.1008386982543141
punjab_stubble_belt,2026-07-18,31.475,74.975,0.0002670880219337,0.0976141462786912
punjab_stubble_belt,2026-07-18,31.475,75.025,0.0002451708294467,0.0829171839868262
punjab_stubble_belt,2026-07-18,31.475,75.075,0.0002260208423414,0.0720301377097782
punjab_stubble_belt,2026-07-18,31.475,75.125,0.000212476117716,0.0679369324330983
punjab_stubble_belt,2026-07-18,31.475,75.175,0.0001711667089984,0.069807024357909
punjab_stubble_belt,2026-07-18,31.475,75.225,9.447268376675276e-05,0.0728645497678936
punjab_stubble_belt,2026-07-18,31.475,75.275,0.0002372249554513,0.0791087582454886
punjab_stubble_belt,2026-07-18,31.525,74.625,0.0001976392925347,0.2157702720966804
punjab_stubble_belt,2026-07-18,31.525,74.675,0.0002144418471238,0.1663549062227166
punjab_stubble_belt,2026-07-18,31.525,74.725,0.0003069446585735,0.1297426789064737
punjab_stubble_belt,2026-07-18,31.525,74.775,0.0002915243914935,0.1260624856783342
punjab_stubble_belt,2026-07-18,31.525,74.825,0.0002686133919214,0.1263299517309797
punjab_stubble_belt,2026-07-18,31.525,74.875,0.0002441772666438,0.129027560271566
punjab_stubble_belt,2026-07-18,31.525,74.925,0.0002024213064507,0.1386084764309332
punjab_stubble_belt,2026-07-18,31.525,74.975,0.0002187787659996,0.1576218369843862
punjab_stubble_belt,2026-07-18,31.525,75.025,0.0002530438408889,0.2063044509481638
punjab_stubble_belt,2026-07-18,31.525,75.075,0.0002635248183434,0.2365823250215759
punjab_stubble_belt,2026-07-18,31.525,75.125,0.0002345354474041,0.2431939374676455
punjab_stubble_belt,2026-07-18,31.525,75.175,0.0001210377814049,0.2715339650028554
punjab_stubble_belt,2026-07-18,31.525,75.225,0.0001163646345259,0.2590520025177824
punjab_stubble_belt,2026-07-18,31.525,75.275,0.000196269050972,0.2120370456088163
punjab_stubble_belt,2026-07-18,31.525,75.3,0.0002911946641252,0.1370523426661202
punjab_stubble_belt,2026-07-18,31.575,74.625,0.0001915439826554,0.2245098370452645
punjab_stubble_belt,2026-07-18,31.575,74.675,0.000194395578484,0.1896596275557137
punjab_stubble_belt,2026-07-18,31.575,74.725,0.0002713835828922,0.1887448799530232
punjab_stubble_belt,2026-07-18,31.575,74.775,0.0002697772899658,0.1892862875575955
punjab_stubble_belt,2026-07-18,31.575,74.825,0.0002628059661794,0.1748904186019057
punjab_stubble_belt,2026-07-18,31.575,74.875,0.0002571752706214,0.15275871442078
punjab_stubble_belt,2026-07-18,31.575,74.925,0.0002504468193536,0.1475169591103798
punjab_stubble_belt,2026-07-18,31.575,74.975,0.0002592332390164,0.1700943832778445
punjab_stubble_belt,2026-07-18,31.575,75.025,0.0002195462875124,0.2170226092771196
punjab_stubble_belt,2026-07-18,31.575,75.075,0.0001826598858669,0.2542961334749553
punjab_stubble_belt,2026-07-18,31.575,75.125,0.0001589114714606,0.2749791944959785
punjab_stubble_belt,2026-07-18,31.575,75.175,0.000117000552337,0.2877804300212403
punjab_stubble_belt,2026-07-18,31.575,75.225,0.0001182982881723,0.2728255003882282
punjab_stubble_belt,2026-07-18,31.575,75.275,0.0002343745047059,0.2427130765625365
punjab_stubble_belt,2026-07-18,31.575,75.3,0.0002555343131826,0.2252666850496283
punjab_stubble_belt,2026-07-18,31.625,74.625,0.000199024900351,0.2396733172298027
punjab_stubble_belt,2026-07-18,31.625,74.675,0.0001989487656623,0.2333436257811463
punjab_stubble_belt,2026-07-18,31.625,74.725,0.0002542765103611,0.2189875923377141
punjab_stubble_belt,2026-07-18,31.625,74.775,0.0002577518240234,0.218192368192362
punjab_stubble_belt,2026-07-18,31.625,74.825,0.0002589443049038,0.197010162676911
punjab_stubble_belt,2026-07-18,31.625,74.875,0.0002655317444865,0.1629245147020961
punjab_stubble_belt,2026-07-18,31.625,74.925,0.0002763231585463,0.1504776839037296
punjab_stubble_belt,2026-07-18,31.625,74.975,0.0002229239440355,0.2044554211240186
punjab_stubble_belt,2026-07-18,31.625,75.025,0.0001792551671516,0.2230678016188465
punjab_stubble_belt,2026-07-18,31.625,75.075,0.0001414875275346,0.2532326782016189
punjab_stubble_belt,2026-07-18,31.625,75.125,0.0001172778291168,0.2893441277303628
punjab_stubble_belt,2026-07-18,31.625,75.275,0.000225662508528,0.2742655012077816
punjab_stubble_belt,2026-07-18,31.625,75.3,0.0002158691702824,0.2777102993719796
punjab_stubble_belt,2026-07-18,31.675,74.625,0.0002158818764155,0.26283415282844
punjab_stubble_belt,2026-07-18,31.675,74.675,0.0002178753516201,0.2846864787973727
punjab_stubble_belt,2026-07-18,31.675,74.725,0.000172581032728,0.2719329751154105
punjab_stubble_belt,2026-07-18,31.675,74.775,0.0002071585617594,0.2400654839906718
punjab_stubble_belt,2026-07-18,31.675,74.825,0.0002317477105208,0.2029979536777372
punjab_stubble_belt,2026-07-18,31.675,74.875,0.0002265178492792,0.162649781547657
punjab_stubble_belt,2026-07-18,31.675,74.925,0.0002417683846941,0.1338739000927997
punjab_stubble_belt,2026-07-18,31.675,74.975,0.0001381917561291,0.2356692882809907
punjab_stubble_belt,2026-07-18,31.675,75.025,0.0001510865785581,0.2204659880780398
punjab_stubble_belt,2026-07-18,31.675,75.075,0.0001480106883035,0.2357216398268981
punjab_stubble_belt,2026-07-18,31.675,75.125,0.0001289521571405,0.2780904492026169
punjab_stubble_belt,2026-07-18,31.675,75.175,0.0001628896357092,0.2519024661979998
punjab_stubble_belt,2026-07-18,31.675,75.225,0.0002013413191011,0.2735824065479163
punjab_stubble_belt,2026-07-18,31.675,75.275,0.0001678906345786,0.2941995842061191
punjab_stubble_belt,2026-07-18,31.675,75.3,0.0001636380329728,0.2960825562477027
punjab_stubble_belt,2026-07-18,31.725,74.625,0.0001909525010868,0.279105038017397
punjab_stubble_belt,2026-07-18,31.725,74.725,0.0001519927059588,0.2661359279872458
punjab_stubble_belt,2026-07-18,31.725,74.775,0.0002082093399651,0.2395689041050227
punjab_stubble_belt,2026-07-18,31.725,74.825,0.0002315942933463,0.2022626110264749
punjab_stubble_belt,2026-07-18,31.725,74.875,0.0002268446464667,0.1620331555164815
punjab_stubble_belt,2026-07-18,31.725,74.925,0.0002417683846941,0.1338739000927997
punjab_stubble_belt,2026-07-18,31.725,74.975,0.0001969819443787,0.1339858871256316
punjab_stubble_belt,2026-07-18,31.725,75.025,0.0001884820517861,0.1511515826337598
punjab_stubble_belt,2026-07-18,31.725,75.075,0.0001824329344511,0.1674780694479309
punjab_stubble_belt,2026-07-18,31.725,75.125,0.0001739661254186,0.1868563515839562
punjab_stubble_belt,2026-07-18,31.725,75.175,0.0001628896357092,0.2519024661979998
punjab_stubble_belt,2026-07-18,31.725,75.225,0.0002010666642197,0.2734275498311311
punjab_stubble_belt,2026-07-18,31.725,75.275,0.0002071090716099,0.2768343976004038
punjab_stubble_belt,2026-07-18,31.775,74.625,0.0002440613612146,0.2621916752386032
punjab_stubble_belt,2026-07-18,31.775,74.675,0.0002800244222488,0.2954702051199347
punjab_stubble_belt,2026-07-18,31.775,74.725,0.0002043775954764,0.2018191098114161
punjab_stubble_belt,2026-07-18,31.775,74.775,0.0002483214596709,0.1584440050559634
punjab_stubble_belt,2026-07-18,31.775,74.825,0.0002603718959022,0.1359960282974588
punjab_stubble_belt,2026-07-18,31.775,74.875,0.0002352993406802,0.1325480542645669
punjab_stubble_belt,2026-07-18,31.775,74.925,0.0001938697182043,0.1555403645180252
punjab_stubble_belt,2026-07-18,31.775,74.975,0.0001843351563257,0.1773751172928285
punjab_stubble_belt,2026-07-18,31.775,75.025,0.0001892415050505,0.2363881112240182
punjab_stubble_belt,2026-07-18,31.775,75.075,0.0001834392692175,0.2742000186394434
punjab_stubble_belt,2026-07-18,31.775,75.125,0.0001683836082245,0.2810535214030601
punjab_stubble_belt,2026-07-18,31.775,75.175,0.0001628896357092,0.2519024661979998
punjab_stubble_belt,2026-07-18,31.775,75.225,0.0002019067850333,0.2739012292001209
punjab_stubble_belt,2026-07-18,31.775,75.275,0.0002071090716099,0.2768343976004038
punjab_stubble_belt,2026-07-18,31.825,74.625,0.0002277885390534,0.1719348171626496
punjab_stubble_belt,2026-07-18,31.825,74.675,0.0002489952926627,0.1929896113443573
punjab_stubble_belt,2026-07-18,31.825,74.725,0.0001851857258934,0.1977719982873106
punjab_stubble_belt,2026-07-18,31.825,74.775,0.0001940198338783,0.2048321731788136
punjab_stubble_belt,2026-07-18,31.825,74.825,0.0002100501876939,0.1907748682762454
punjab_stubble_belt,2026-07-18,31.825,74.875,0.0002367953392576,0.1288572723492043
punjab_stubble_belt,2026-07-18,31.825,74.925,0.0001882150145215,0.1580982110126699
punjab_stubble_belt,2026-07-18,31.825,74.975,0.000183153381522,0.1822682575892865
punjab_stubble_belt,2026-07-18,31.825,75.025,0.0001893566153859,0.2466288968232557
punjab_stubble_belt,2026-07-18,31.825,75.075,0.0001836731088353,0.2860836116193323
punjab_stubble_belt,2026-07-18,31.825,75.125,0.000167635727943,0.2936661982389219
punjab_stubble_belt,2026-07-18,31.875,74.625,0.0002540871001559,0.1320537705931785
punjab_stubble_belt,2026-07-18,31.875,74.675,0.000237725183252,0.1433729365669626
punjab_stubble_belt,2026-07-18,31.875,74.725,0.0001902175672927,0.2033030708499598
punjab_stubble_belt,2026-07-18,31.875,74.775,0.0001797368668865,0.2445497759820448
punjab_stubble_belt,2026-07-18,31.875,74.825,0.0001764967909155,0.2629176577470589
punjab_stubble_belt,2026-07-19,31.325,74.625,0.0002476897300945,0.1901948992502375
punjab_stubble_belt,2026-07-19,31.325,74.675,0.0002425766227503,0.1696182852043926
punjab_stubble_belt,2026-07-19,31.325,74.725,0.0002626871923333,0.2344461912029918
punjab_stubble_belt,2026-07-19,31.325,74.775,0.0002644041172841,0.2392367766670884
punjab_stubble_belt,2026-07-19,31.325,75.025,0.0002808072409231,0.182094953233992
punjab_stubble_belt,2026-07-19,31.325,75.075,0.0002797195805452,0.1564572134165463
punjab_stubble_belt,2026-07-19,31.325,75.125,0.0002788338849845,0.108449331349734
punjab_stubble_belt,2026-07-19,31.325,75.175,0.0002824614250472,0.0673502265495786
punjab_stubble_belt,2026-07-19,31.325,75.225,0.0002094596382517,0.1171043211704177
punjab_stubble_belt,2026-07-19,31.325,75.275,0.0002024371289884,0.1731470690571298
punjab_stubble_belt,2026-07-19,31.325,75.3,0.000221991875608,0.1789394752696865
punjab_stubble_belt,2026-07-19,31.375,74.625,0.0002437677548138,0.1546186093307312
punjab_stubble_belt,2026-07-19,31.375,74.675,0.000180650342029,0.1423772452462244
punjab_stubble_belt,2026-07-19,31.375,74.725,0.0002257318652893,0.2266315720263779
punjab_stubble_belt,2026-07-19,31.375,74.775,0.0002293811266366,0.2333072143658456
punjab_stubble_belt,2026-07-19,31.375,75.025,0.0002742584627687,0.2096384425456355
punjab_stubble_belt,2026-07-19,31.375,75.075,0.0002591039315133,0.1807181672870721
punjab_stubble_belt,2026-07-19,31.375,75.125,0.0002344190704165,0.1342170915791161
punjab_stubble_belt,2026-07-19,31.375,75.175,0.0002442035613684,0.1475602723472003
punjab_stubble_belt,2026-07-19,31.375,75.225,0.0001816803435663,0.1391464806568064
punjab_stubble_belt,2026-07-19,31.375,75.275,0.0001736410343928,0.2015098678343122
punjab_stubble_belt,2026-07-19,31.375,75.3,0.0001795476920415,0.2443722347528631
punjab_stubble_belt,2026-07-19,31.425,74.625,0.0002288365657978,0.1218798282172224
punjab_stubble_belt,2026-07-19,31.425,74.675,0.0001802826749521,0.1324385418920551
punjab_stubble_belt,2026-07-19,31.425,74.725,0.0002134837623531,0.2381291771794617
punjab_stubble_belt,2026-07-19,31.425,74.775,0.0002168377728604,0.2485897328122009
punjab_stubble_belt,2026-07-19,31.425,75.025,0.0003020305409131,0.242443721011221
punjab_stubble_belt,2026-07-19,31.425,75.075,0.0002595034146399,0.2130766321161234
punjab_stubble_belt,2026-07-19,31.425,75.125,0.000192144534552,0.1749417585951947
punjab_stubble_belt,2026-07-19,31.425,75.175,0.0002218544528117,0.2608201544646934
punjab_stubble_belt,2026-07-19,31.425,75.225,0.0002218544528117,0.2608201544646934
punjab_stubble_belt,2026-07-19,31.475,74.625,0.0002516345629679,0.1383588583173623
punjab_stubble_belt,2026-07-19,31.475,74.675,0.0002349927813504,0.1725470655220969
punjab_stubble_belt,2026-07-19,31.475,74.725,0.0002349927813504,0.1725470655220969
punjab_stubble_belt,2026-07-19,31.525,74.625,0.0002519077235248,0.1377976882496078
punjab_stubble_belt,2026-07-19,31.525,74.675,0.0002349927813504,0.1725470655220969
punjab_stubble_belt,2026-07-24,31.325,74.625,1.467592917528901e-06,0.2658245813368968
punjab_stubble_belt,2026-07-24,31.325,74.675,1.1749152245289962e-05,0.2204801982994854
punjab_stubble_belt,2026-07-24,31.325,74.725,7.802446369754069e-05,0.2728947441689059
punjab_stubble_belt,2026-07-24,31.325,74.775,0.0001153931796626,0.2677875114637231
punjab_stubble_belt,2026-07-24,31.325,74.825,0.0001379529598204,0.261132158300596
punjab_stubble_belt,2026-07-24,31.325,74.875,0.0001476911590962,0.2534023705168007
punjab_stubble_belt,2026-07-24,31.325,75.125,0.0001185276147274,0.2104482893389344
punjab_stubble_belt,2026-07-24,31.325,75.175,0.0001184608896186,0.2108525389595212
punjab_stubble_belt,2026-07-24,31.325,75.225,0.0001342284730721,0.1741855814686236
punjab_stubble_belt,2026-07-24,31.325,75.275,0.0001381375896883,0.177918693408294
punjab_stubble_belt,2026-07-24,31.325,75.3,0.0001409548383432,0.1784153458464363
punjab_stubble_belt,2026-07-24,31.375,74.725,9.950418092250932e-05,0.2766082267493767
punjab_stubble_belt,2026-07-24,31.375,74.775,0.0001216959286989,0.262679174515142
punjab_stubble_belt,2026-07-24,31.375,74.825,0.0001245316108468,0.2449447500443783
punjab_stubble_belt,2026-07-24,31.375,74.875,0.0001171684115958,0.2357070653790892
punjab_stubble_belt,2026-07-24,31.375,75.125,9.597276965625818e-05,0.2240627718473133
punjab_stubble_belt,2026-07-24,31.375,75.175,9.647825717264698e-05,0.2236749299224918
punjab_stubble_belt,2026-07-24,31.375,75.225,0.0001308883172589,0.1855812678622977
punjab_stubble_belt,2026-07-24,31.375,75.275,0.0001378063403989,0.1856134443155546
punjab_stubble_belt,2026-07-24,31.375,75.3,0.0001363005166773,0.1924274682525891
punjab_stubble_belt,2026-07-24,31.425,74.725,7.907531895961971e-05,0.2732051951417739
punjab_stubble_belt,2026-07-24,31.425,74.775,7.907531895961971e-05,0.2732051951417739
punjab_stubble_belt,2026-07-24,31.425,74.825,7.79975523036367e-05,0.2129980904523594
punjab_stubble_belt,2026-07-24,31.425,74.875,7.79975523036367e-05,0.2129980904523594
punjab_stubble_belt,2026-07-24,31.425,75.075,4.670990088788137e-05,0.292323143410123
punjab_stubble_belt,2026-07-24,31.425,75.125,5.640445290559864e-05,0.2764233488789205
punjab_stubble_belt,2026-07-24,31.425,75.175,7.010826577324083e-05,0.2549843756961021
punjab_stubble_belt,2026-07-24,31.425,75.225,7.013836948774872e-05,0.255065448045678
punjab_stubble_belt,2026-07-24,31.475,74.725,7.907531895961971e-05,0.2732051951417739
punjab_stubble_belt,2026-07-24,31.475,74.775,7.907531895961971e-05,0.2732051951417739
punjab_stubble_belt,2026-07-24,31.475,75.075,4.670990088788137e-05,0.292323143410123
punjab_stubble_belt,2026-07-24,31.475,75.125,5.119066294649215e-05,0.2925473964544233
punjab_stubble_belt,2026-07-24,31.475,75.175,8.46784635950569e-05,0.2942233928907725
punjab_stubble_belt,2026-07-24,31.475,75.225,8.46784635950569e-05,0.2942233928907725
punjab_stubble_belt,2026-07-24,31.525,74.625,0.000149790395832,0.2338642223038143
punjab_stubble_belt,2026-07-24,31.525,74.675,0.000149790395832,0.2338642223038143
punjab_stubble_belt,2026-07-24,31.525,74.725,0.000140518525322,0.2432240416694264
punjab_stubble_belt,2026-07-24,31.525,74.775,0.000139845824272,0.2439117867821787
punjab_stubble_belt,2026-07-24,31.525,74.875,7.236226875653037e-05,0.2602033389799327
punjab_stubble_belt,2026-07-24,31.525,74.925,7.236226875653037e-05,0.2602033389799327
punjab_stubble_belt,2026-07-24,31.525,74.975,0.0001360789840261,0.2185527826465778
punjab_stubble_belt,2026-07-24,31.525,75.025,0.0001003483765974,0.2377321985447761
punjab_stubble_belt,2026-07-24,31.525,75.075,0.0001002843725479,0.2443812003912249
punjab_stubble_belt,2026-07-24,31.525,75.125,0.0001374396956534,0.2342215160253646
punjab_stubble_belt,2026-07-24,31.525,75.175,8.46784635950569e-05,0.2942233928907725
punjab_stubble_belt,2026-07-24,31.525,75.225,8.46784635950569e-05,0.2942233928907725
punjab_stubble_belt,2026-07-24,31.575,74.625,0.0001568563916198,0.1852918282984178
punjab_stubble_belt,2026-07-24,31.575,74.675,0.0001340564612919,0.174317629761608
punjab_stubble_belt,2026-07-24,31.575,74.725,0.0001449015231744,0.2087592738512214
punjab_stubble_belt,2026-07-24,31.575,74.775,0.0001240331458451,0.2275585096843789
punjab_stubble_belt,2026-07-24,31.575,74.825,0.0001208044137575,0.2191636805620719
punjab_stubble_belt,2026-07-24,31.575,74.875,0.0001348188677795,0.1946719572815164
punjab_stubble_belt,2026-07-24,31.575,74.925,7.236226875653037e-05,0.2602033389799327
punjab_stubble_belt,2026-07-24,31.575,74.975,0.0001370626039874,0.2179098066482927
punjab_stubble_belt,2026-07-24,31.575,75.025,0.0001035166331855,0.2065372429123558
punjab_stubble_belt,2026-07-24,31.575,75.075,0.0001132923237355,0.2030736611286895
punjab_stubble_belt,2026-07-24,31.575,75.125,0.0001389957268802,0.2062287491472823
punjab_stubble_belt,2026-07-24,31.575,75.175,0.0001046330009507,0.2811704021135883
punjab_stubble_belt,2026-07-24,31.575,75.225,9.88090328360138e-05,0.2400848726210827
punjab_stubble_belt,2026-07-24,31.575,75.275,9.717668730452957e-05,0.2283729134478773
punjab_stubble_belt,2026-07-24,31.575,75.3,9.668706606095546e-05,0.2247899109166829
punjab_stubble_belt,2026-07-24,31.625,74.625,0.0001318789661629,0.157744303184582
punjab_stubble_belt,2026-07-24,31.625,74.675,9.960002694459336e-05,0.1256164446319728
punjab_stubble_belt,2026-07-24,31.625,74.725,0.000140611642346,0.1878221717115098
punjab_stubble_belt,2026-07-24,31.625,74.775,0.0001205705023974,0.2251846316806314
punjab_stubble_belt,2026-07-24,31.625,74.825,0.0001208237640988,0.2191336679391856
punjab_stubble_belt,2026-07-24,31.625,74.875,0.0001390751046481,0.1916948524369421
punjab_stubble_belt,2026-07-24,31.625,74.925,0.0001279650262498,0.2167499141356196
punjab_stubble_belt,2026-07-24,31.625,74.975,0.0001253749913939,0.2251216184588174
punjab_stubble_belt,2026-07-24,31.625,75.025,0.000103611013289,0.219582949732077
punjab_stubble_belt,2026-07-24,31.625,75.075,0.0001057199743336,0.2148918620173812
punjab_stubble_belt,2026-07-24,31.625,75.125,0.000118095516362,0.2067513938042036
punjab_stubble_belt,2026-07-24,31.625,75.175,0.0001224469367242,0.1830262300964362
punjab_stubble_belt,2026-07-24,31.625,75.225,0.000137905341062,0.1579683699596493
punjab_stubble_belt,2026-07-24,31.625,75.275,0.0001232788775294,0.1890536603335982
punjab_stubble_belt,2026-07-24,31.625,75.3,0.0001153843145791,0.2094928081886512
punjab_stubble_belt,2026-07-24,31.675,74.625,9.386473474839766e-05,0.1229101294319562
punjab_stubble_belt,2026-07-24,31.675,74.675,6.043801731700032e-05,0.0980723701657163
punjab_stubble_belt,2026-07-24,31.675,74.725,6.043801731700032e-05,0.0980723701657163
punjab_stubble_belt,2026-07-24,31.675,74.825,0.0001910144512199,0.1570194552269733
punjab_stubble_belt,2026-07-24,31.675,74.875,0.0001509034317851,0.1831791436592342
punjab_stubble_belt,2026-07-24,31.675,74.925,0.0001143184641934,0.2043805252008796
punjab_stubble_belt,2026-07-24,31.675,74.975,0.0001105131084829,0.2169620464348907
punjab_stubble_belt,2026-07-24,31.675,75.025,9.655488305358506e-05,0.2498720121697528
punjab_stubble_belt,2026-07-24,31.675,75.075,8.608581015312883e-05,0.2609371500750037
punjab_stubble_belt,2026-07-24,31.675,75.125,9.21014093597749e-05,0.2192979092262734
punjab_stubble_belt,2026-07-24,31.675,75.175,0.0001419594305204,0.0524087182242408
punjab_stubble_belt,2026-07-24,31.675,75.225,0.0001817072687676,0.0522917286268942
punjab_stubble_belt,2026-07-24,31.675,75.275,0.0001574160792249,0.1329471944015027
punjab_stubble_belt,2026-07-24,31.675,75.3,0.0001340815630972,0.1941957054606196
punjab_stubble_belt,2026-07-24,31.725,74.825,0.0001910144512199,0.1570194552269733
punjab_stubble_belt,2026-07-24,31.725,74.875,0.0001679692171182,0.1535539856326526
punjab_stubble_belt,2026-07-24,31.725,74.925,3.641933912120619e-05,0.1337719300317388
punjab_stubble_belt,2026-07-24,31.725,74.975,2.2995360214016543e-05,0.1677428381433539
punjab_stubble_belt,2026-07-24,31.725,75.025,2.141058492636221e-05,0.1717532925731973
punjab_stubble_belt,2026-07-24,31.725,75.125,0.0001031580676765,0.1342312869086541
punjab_stubble_belt,2026-07-24,31.725,75.175,0.0001031580676765,0.1342312869086541
punjab_stubble_belt,2026-07-24,31.725,75.225,0.0001026084473963,0.1396317807721363
punjab_stubble_belt,2026-07-24,31.725,75.275,0.0001025214571361,0.1404865351965724
punjab_stubble_belt,2026-07-24,31.775,74.725,0.0001829188571697,0.1595728267381338
punjab_stubble_belt,2026-07-24,31.775,74.775,0.0001792505642091,0.2285584278125189
punjab_stubble_belt,2026-07-24,31.775,74.825,0.000166720283011,0.2035486305823667
punjab_stubble_belt,2026-07-24,31.775,74.875,0.0001508714611706,0.1252194236562635
punjab_stubble_belt,2026-07-24,31.775,74.925,3.641933912120619e-05,0.1337719300317388
punjab_stubble_belt,2026-07-24,31.775,74.975,2.2348632063539955e-05,0.1693794574143562
punjab_stubble_belt,2026-07-24,31.775,75.025,2.141058492636221e-05,0.1717532925731973
punjab_stubble_belt,2026-07-24,31.775,75.125,5.878903138656598e-05,0.1910340273355088
punjab_stubble_belt,2026-07-24,31.775,75.175,5.8805242214585706e-05,0.1910132736853711
punjab_stubble_belt,2026-07-24,31.775,75.225,-6.956891484274359e-06,0.2295667069653816
punjab_stubble_belt,2026-07-24,31.775,75.275,-1.895188423446393e-05,0.2368715126282485
punjab_stubble_belt,2026-07-24,31.825,74.725,0.0001728546585463,0.181199136945788
punjab_stubble_belt,2026-07-24,31.825,74.775,0.0002136096101683,0.1418918717313482
punjab_stubble_belt,2026-07-24,31.825,74.825,0.0002187537618066,0.1272779685673078
punjab_stubble_belt,2026-07-24,31.825,74.875,0.0001975376779014,0.1333354794671178
punjab_stubble_belt,2026-07-24,31.825,75.125,5.356914476421682e-05,0.1977167026798446
punjab_stubble_belt,2026-07-24,31.825,75.175,5.356914476421682e-05,0.1977167026798446
punjab_stubble_belt,2026-07-24,31.825,75.225,-2.017140645748335e-05,0.2403324730081536
punjab_stubble_belt,2026-07-24,31.825,75.275,-3.173855174716181e-05,0.2470172997263197
punjab_stubble_belt,2026-07-24,31.875,74.725,0.0001589517324005,0.1997182369064925
punjab_stubble_belt,2026-07-24,31.875,74.775,0.0002033715128553,0.1056079427938691
punjab_stubble_belt,2026-07-24,31.875,74.825,0.0002303674141,0.094724576216007
punjab_stubble_belt,2026-07-24,31.875,74.875,0.0002386544077516,0.1467148829144264
punjab_stubble_belt,2026-07-24,31.875,75.225,8.00909308051713e-05,0.2894610157601704
punjab_stubble_belt,2026-07-24,31.875,75.275,8.00909308051713e-05,0.2894610157601704
punjab_stubble_belt,2026-07-25,31.325,74.875,0.0002029533056393,0.2445964509137599
punjab_stubble_belt,2026-07-25,31.325,74.925,0.0002029533056393,0.2445964509137599
punjab_stubble_belt,2026-07-25,31.325,74.975,0.0001443256301759,0.2883570809961245
punjab_stubble_belt,2026-07-25,31.325,75.025,0.0001372903091203,0.2936083566060082
punjab_stubble_belt,2026-07-25,31.375,74.875,0.0002029533056393,0.2445964509137599
punjab_stubble_belt,2026-07-25,31.375,74.925,0.0002029533056393,0.2445964509137599
punjab_stubble_belt,2026-07-25,31.375,74.975,0.0001250966279883,0.2585318613572989
punjab_stubble_belt,2026-07-25,31.375,75.025,0.0001342655723849,0.2533046187699262
punjab_stubble_belt,2026-07-25,31.375,75.075,0.000155550087157,0.2605605485985229
punjab_stubble_belt,2026-07-25,31.375,75.125,0.0001608236271039,0.2875711590944669
punjab_stubble_belt,2026-07-25,31.425,74.975,9.829665543991352e-05,0.2154242832437495
punjab_stubble_belt,2026-07-25,31.425,75.025,0.0001258449349522,0.239071947837797
punjab_stubble_belt,2026-07-25,31.425,75.075,0.00014065735407,0.2627004498790566
punjab_stubble_belt,2026-07-25,31.425,75.125,0.0001436104638154,0.2835473216092172
punjab_stubble_belt,2026-07-25,31.475,75.025,7.522515594324576e-05,0.2763360545728058
punjab_stubble_belt,2026-07-25,31.475,75.075,7.06605448240506e-05,0.271978444924847
punjab_stubble_belt,2026-07-25,31.475,75.125,6.3052859625392e-05,0.264715762178249
punjab_stubble_belt,2026-07-25,31.525,75.025,7.522515594324576e-05,0.2763360545728058
punjab_stubble_belt,2026-07-25,31.525,75.075,7.079886637311712e-05,0.2721104937020579
punjab_stubble_belt,2026-07-25,31.525,75.125,6.3052859625392e-05,0.264715762178249
punjab_stubble_belt,2026-07-25,31.675,74.625,0.0001990964345157,0.1821460471916574
punjab_stubble_belt,2026-07-25,31.675,74.675,0.0002250599981892,0.2556212429839142
punjab_stubble_belt,2026-07-25,31.675,74.725,0.0002250599981892,0.2556212429839142
punjab_stubble_belt,2026-07-25,31.725,74.625,0.0001992916492802,0.1826984922728022
punjab_stubble_belt,2026-07-25,31.725,74.675,0.0002250599981892,0.2556212429839142
punjab_stubble_belt,2026-07-25,31.725,74.725,0.0002250599981892,0.2556212429839142
punjab_stubble_belt,2026-07-25,31.775,74.625,0.0001773404074807,0.1618877292645547
punjab_stubble_belt,2026-07-25,31.775,74.675,0.0002245277730976,0.2351291910361901
punjab_stubble_belt,2026-07-25,31.775,74.725,0.0002245145290704,0.2346192615027688
punjab_stubble_belt,2026-07-25,31.825,74.625,0.0001928002630996,0.1642990674350621
punjab_stubble_belt,2026-07-25,31.825,74.675,0.0001922784555992,0.1985542331344004
punjab_stubble_belt,2026-07-25,31.825,74.725,0.0001921350220637,0.1984020238771605
punjab_stubble_belt,2026-07-25,31.875,74.625,0.0002030235199726,0.1672265750390015
punjab_stubble_belt,2026-07-25,31.875,74.675,0.0001736607826893,0.1787974715446646
punjab_stubble_belt,2026-07-25,31.875,74.725,0.0001736607826893,0.1787974715446646
punjab_stubble_belt,2026-07-26,31.325,74.625,0.0001364954884086,0.2177687683764259
punjab_stubble_belt,2026-07-26,31.325,74.675,0.0001214233755025,0.2037991027975587
punjab_stubble_belt,2026-07-26,31.325,74.725,0.0001529195277693,0.1968012424186816
punjab_stubble_belt,2026-07-26,31.325,74.775,0.0001502606842884,0.2191890965995856
punjab_stubble_belt,2026-07-26,31.325,74.825,0.000195234850261,0.2164220380687519
punjab_stubble_belt,2026-07-26,31.325,74.875,0.0002567479052657,0.1941484721305856
punjab_stubble_belt,2026-07-26,31.325,74.925,0.0002095545196905,0.1872693529070606
punjab_stubble_belt,2026-07-26,31.325,74.975,0.0001869540519326,0.1219097149094317
punjab_stubble_belt,2026-07-26,31.325,75.025,0.0001995505208051,0.0588174780657074
punjab_stubble_belt,2026-07-26,31.325,75.075,0.0001877150837158,0.0176535484739939
punjab_stubble_belt,2026-07-26,31.325,75.125,0.0001553080808967,0.0048445929505398
punjab_stubble_belt,2026-07-26,31.325,75.175,0.0001753392245519,0.0249443128041886
punjab_stubble_belt,2026-07-26,31.325,75.225,0.0002206653291391,0.0228999671756497
punjab_stubble_belt,2026-07-26,31.325,75.275,0.0001681772027226,0.0646691440142812
punjab_stubble_belt,2026-07-26,31.325,75.3,0.0001175287150731,0.0814158951510194
punjab_stubble_belt,2026-07-26,31.375,74.625,0.0001713263087456,0.1625558743853135
punjab_stubble_belt,2026-07-26,31.375,74.675,0.000161870077745,0.1609935487698195
punjab_stubble_belt,2026-07-26,31.375,74.725,0.0001343690213895,0.1373230310735645
punjab_stubble_belt,2026-07-26,31.375,74.775,0.0001194958614976,0.1535143022160705
punjab_stubble_belt,2026-07-26,31.375,74.825,0.0001458807411648,0.1727825985350556
punjab_stubble_belt,2026-07-26,31.375,74.875,0.000191178106613,0.1864328154097082
punjab_stubble_belt,2026-07-26,31.375,74.925,0.0001826900363607,0.1808457834103556
punjab_stubble_belt,2026-07-26,31.375,74.975,0.0001349984360302,0.1530146325475473
punjab_stubble_belt,2026-07-26,31.375,75.025,0.0001697839277085,0.1149475154221815
punjab_stubble_belt,2026-07-26,31.375,75.075,0.0001817206156306,0.0851115067691273
punjab_stubble_belt,2026-07-26,31.375,75.125,0.0001646081689946,0.0726794992077499
punjab_stubble_belt,2026-07-26,31.375,75.175,0.0001717537684697,0.1068749224491705
punjab_stubble_belt,2026-07-26,31.375,75.225,0.0002206127607573,0.111733325340067
punjab_stubble_belt,2026-07-26,31.375,75.275,0.0001902357873001,0.1283787659388468
punjab_stubble_belt,2026-07-26,31.375,75.3,0.0001676483736525,0.1427812920172952
punjab_stubble_belt,2026-07-26,31.425,74.625,0.0002240473593486,0.1211890567944476
punjab_stubble_belt,2026-07-26,31.425,74.675,0.000227234419637,0.1188221067210395
punjab_stubble_belt,2026-07-26,31.425,74.725,8.757715397005908e-05,0.0817810605976258
punjab_stubble_belt,2026-07-26,31.425,74.775,7.818876177077748e-05,0.0899762099462151
punjab_stubble_belt,2026-07-26,31.425,74.825,9.741210315082495e-05,0.124208857123905
punjab_stubble_belt,2026-07-26,31.425,74.875,0.0001338162529156,0.162781788067297
punjab_stubble_belt,2026-07-26,31.425,74.925,0.000187712385031,0.147270824243577
punjab_stubble_belt,2026-07-26,31.425,74.975,0.0001413608099347,0.1649500844117128
punjab_stubble_belt,2026-07-26,31.425,75.025,0.0001492848501993,0.170894184182459
punjab_stubble_belt,2026-07-26,31.425,75.075,0.0001603181488077,0.1681502484009249
punjab_stubble_belt,2026-07-26,31.425,75.125,0.0001676664620233,0.1655266388675689
punjab_stubble_belt,2026-07-26,31.425,75.175,0.0001773858276415,0.2096871854784265
punjab_stubble_belt,2026-07-26,31.425,75.225,0.0002151873700479,0.2193524782278678
punjab_stubble_belt,2026-07-26,31.425,75.275,0.0002189550429804,0.1899667758976536
punjab_stubble_belt,2026-07-26,31.425,75.3,0.0002710674095313,0.157302502994317
punjab_stubble_belt,2026-07-26,31.475,74.625,0.0002312724855021,0.1458265444568233
punjab_stubble_belt,2026-07-26,31.475,74.675,0.000214844493746,0.1532099496082599
punjab_stubble_belt,2026-07-26,31.475,74.725,9.684407305751448e-05,0.1205705085336863
punjab_stubble_belt,2026-07-26,31.475,74.775,8.502966818293878e-05,0.1016707111689284
punjab_stubble_belt,2026-07-26,31.475,74.825,0.0001466855590189,0.0860731067373205
punjab_stubble_belt,2026-07-26,31.475,74.875,0.0002417523048489,0.0782712117184687
punjab_stubble_belt,2026-07-26,31.475,74.925,0.00025478552828,0.096005160388299
punjab_stubble_belt,2026-07-26,31.475,74.975,0.0001819188541511,0.1325012485347337
punjab_stubble_belt,2026-07-26,31.475,75.025,0.0001550217615609,0.1706427245192961
punjab_stubble_belt,2026-07-26,31.475,75.075,0.0001654906366439,0.1929015186412524
punjab_stubble_belt,2026-07-26,31.475,75.125,0.0001938076956386,0.2044694488890394
punjab_stubble_belt,2026-07-26,31.475,75.175,0.0001432243983948,0.2574327161183364
punjab_stubble_belt,2026-07-26,31.475,75.225,0.0002094169867957,0.2416956015437588
punjab_stubble_belt,2026-07-26,31.475,75.275,0.0003004331529399,0.1781919483217055
punjab_stubble_belt,2026-07-26,31.525,74.625,0.0002487544638754,0.2234712130104193
punjab_stubble_belt,2026-07-26,31.525,74.675,0.0002233932489458,0.2391911782060054
punjab_stubble_belt,2026-07-26,31.525,74.725,0.0001557112113846,0.182028834813732
punjab_stubble_belt,2026-07-26,31.525,74.775,8.502246875836269e-05,0.1016200223292191
punjab_stubble_belt,2026-07-26,31.525,74.825,9.3625632925454e-05,0.0990701846255522
punjab_stubble_belt,2026-07-26,31.525,74.875,0.0001123324947988,0.0926605949656392
punjab_stubble_belt,2026-07-26,31.525,74.925,0.000221011485131,0.0521269451872578
punjab_stubble_belt,2026-07-26,31.525,74.975,0.0002229860711675,0.0977984088971839
punjab_stubble_belt,2026-07-26,31.525,75.025,0.0001797368729694,0.2066202308991722
punjab_stubble_belt,2026-07-26,31.525,75.075,0.0001620219983806,0.2666041485500152
punjab_stubble_belt,2026-07-26,31.525,75.125,0.0001755467774126,0.2652539529708902
punjab_stubble_belt,2026-07-26,31.525,75.175,0.0001842981803603,0.2558921303437249
punjab_stubble_belt,2026-07-26,31.525,75.225,0.0001842236149425,0.2254274952268038
punjab_stubble_belt,2026-07-26,31.525,75.275,0.0001533767468945,0.1341520014857266
punjab_stubble_belt,2026-07-26,31.525,75.3,0.0002345015806912,0.1047010511575144
punjab_stubble_belt,2026-07-26,31.575,74.625,0.0001894402834597,0.2232876930007825
punjab_stubble_belt,2026-07-26,31.575,74.675,0.0001918201470655,0.2570610992744083
punjab_stubble_belt,2026-07-26,31.575,74.725,0.000191719643663,0.2570951966524847
punjab_stubble_belt,2026-07-26,31.575,74.825,4.128160143475007e-05,0.2041453574904544
punjab_stubble_belt,2026-07-26,31.575,74.875,6.609568281673455e-05,0.1867111297593666
punjab_stubble_belt,2026-07-26,31.575,74.925,0.000208733653144,0.0846962197031203
punjab_stubble_belt,2026-07-26,31.575,74.975,0.0002597268165433,0.1258324735664701
punjab_stubble_belt,2026-07-26,31.575,75.025,0.0002002044557828,0.1940561112342344
punjab_stubble_belt,2026-07-26,31.575,75.075,0.0001743224544127,0.2304217633085497
punjab_stubble_belt,2026-07-26,31.575,75.125,0.0001960282157804,0.2268314538474569
punjab_stubble_belt,2026-07-26,31.575,75.175,0.0002164020119261,0.192053672955109
punjab_stubble_belt,2026-07-26,31.575,75.225,0.0001580034449721,0.1402953474786432
punjab_stubble_belt,2026-07-26,31.575,75.275,0.000126694052689,0.074516897644754
punjab_stubble_belt,2026-07-26,31.575,75.3,0.000112848721264,0.0452405961093392
punjab_stubble_belt,2026-07-26,31.625,74.625,0.000158385561218,0.2403991055915166
punjab_stubble_belt,2026-07-26,31.625,74.675,0.0001755385958457,0.2625848745227951
punjab_stubble_belt,2026-07-26,31.625,74.725,0.0001755385958457,0.2625848745227951
punjab_stubble_belt,2026-07-26,31.625,74.825,9.78418367175815e-05,0.2590739912714541
punjab_stubble_belt,2026-07-26,31.625,74.875,0.0001163500075205,0.2392946888777867
punjab_stubble_belt,2026-07-26,31.625,74.925,0.0002212555846759,0.1227856021570766
punjab_stubble_belt,2026-07-26,31.625,74.975,0.0002428042936041,0.147192343253093
punjab_stubble_belt,2026-07-26,31.625,75.025,0.0001737190243556,0.1685626256567901
punjab_stubble_belt,2026-07-26,31.625,75.075,0.0001339662516621,0.1759706580717953
punjab_stubble_belt,2026-07-26,31.625,75.125,0.0001472436433296,0.1632843735641123
punjab_stubble_belt,2026-07-26,31.625,75.175,0.0002258423331345,0.1057504620865144
punjab_stubble_belt,2026-07-26,31.625,75.225,0.0002241234620056,0.0600510525321158
punjab_stubble_belt,2026-07-26,31.625,75.275,0.0001644940529518,0.0279101458163903
punjab_stubble_belt,2026-07-26,31.625,75.3,0.0001282141163598,0.0095075564284685
punjab_stubble_belt,2026-07-26,31.675,74.625,0.0001447744096863,0.2723509287083661
punjab_stubble_belt,2026-07-26,31.675,74.825,0.0001923274664497,0.2588965063648719
punjab_stubble_belt,2026-07-26,31.675,74.875,0.0001971192990566,0.2444610831471305
punjab_stubble_belt,2026-07-26,31.675,74.925,0.0002307966070526,0.1608484563102703
punjab_stubble_belt,2026-07-26,31.675,74.975,0.0001838864282217,0.1663206298223404
punjab_stubble_belt,2026-07-26,31.675,75.025,0.0001130414052075,0.1543329337386445
punjab_stubble_belt,2026-07-26,31.675,75.075,6.711136491606617e-05,0.1360120579090473
punjab_stubble_belt,2026-07-26,31.675,75.125,7.012180884101084e-05,0.1071293733516324
punjab_stubble_belt,2026-07-26,31.675,75.175,0.0002009191546271,0.0356195365812726
punjab_stubble_belt,2026-07-26,31.675,75.225,0.0003086142339102,0.009137659573925
punjab_stubble_belt,2026-07-26,31.675,75.275,0.00021785387655,0.0019598887915788
punjab_stubble_belt,2026-07-26,31.675,75.3,0.000151210382182,0.0
punjab_stubble_belt,2026-07-26,31.725,74.625,7.361966904387308e-05,0.2470741570795466
punjab_stubble_belt,2026-07-26,31.725,74.825,5.498691466854333e-05,0.234240420462141
punjab_stubble_belt,2026-07-26,31.725,74.875,6.751421065186687e-05,0.2307181499410598
punjab_stubble_belt,2026-07-26,31.725,74.925,0.00013902419189,0.210611855716554
punjab_stubble_belt,2026-07-26,31.725,74.975,0.0001258388141969,0.2243876556336274
punjab_stubble_belt,2026-07-26,31.725,75.025,7.174069715936031e-05,0.2192130577067575
punjab_stubble_belt,2026-07-26,31.725,75.075,7.670860424206185e-05,0.1906522789411854
punjab_stubble_belt,2026-07-26,31.725,75.125,0.0001316216029754,0.1427854850719243
punjab_stubble_belt,2026-07-26,31.725,75.175,0.0001015803126896,0.0918005607487794
punjab_stubble_belt,2026-07-26,31.725,75.225,0.0001355065515224,0.0426255609061228
punjab_stubble_belt,2026-07-26,31.725,75.275,0.0001501444020781,0.0138504218259264
punjab_stubble_belt,2026-07-26,31.775,74.625,2.965018783857639e-05,0.1645578715643724
punjab_stubble_belt,2026-07-26,31.775,74.675,0.0001039695029833,0.2815627672900999
punjab_stubble_belt,2026-07-26,31.775,74.725,0.0001039695029833,0.2815627672900999
punjab_stubble_belt,2026-07-26,31.775,74.825,0.000134298726971,0.2659071318918101
punjab_stubble_belt,2026-07-26,31.775,74.875,0.0001395057089045,0.255799363768535
punjab_stubble_belt,2026-07-26,31.775,74.925,0.0001672105305287,0.195352589851049
punjab_stubble_belt,2026-07-26,31.775,74.975,0.0001628411100961,0.1771081478907961
punjab_stubble_belt,2026-07-26,31.775,75.025,0.0001215421972283,0.1605947642616325
punjab_stubble_belt,2026-07-26,31.775,75.075,0.0001195752272367,0.1471703578723353
punjab_stubble_belt,2026-07-26,31.775,75.125,0.0001487932074362,0.1433844057582596
punjab_stubble_belt,2026-07-26,31.775,75.175,0.0001121211953782,0.1727047213271361
punjab_stubble_belt,2026-07-26,31.775,75.225,0.0001222574556298,0.0683920811251128
punjab_stubble_belt,2026-07-26,31.775,75.275,0.0001262752633569,0.0204400008444377
punjab_stubble_belt,2026-07-26,31.775,75.3,0.0001405156043799,0.0
punjab_stubble_belt,2026-07-26,31.825,74.625,7.078490131937823e-05,0.0750854919668494
punjab_stubble_belt,2026-07-26,31.825,74.675,0.0001587838543824,0.1119730358399681
punjab_stubble_belt,2026-07-26,31.825,74.725,0.0003456648474581,0.0407193504622248
punjab_stubble_belt,2026-07-26,31.825,74.775,0.0002577510181644,0.0381284913567851
punjab_stubble_belt,2026-07-26,31.825,74.825,0.0001998002026673,0.1443538127050255
punjab_stubble_belt,2026-07-26,31.825,74.875,0.0001958444076568,0.2370533786458463
punjab_stubble_belt,2026-07-26,31.825,74.925,0.0001705380843958,0.1935511487419269
punjab_stubble_belt,2026-07-26,31.825,74.975,0.000123697826408,0.2420209650036754
punjab_stubble_belt,2026-07-26,31.825,75.025,0.0001277020299113,0.200569833465859
punjab_stubble_belt,2026-07-26,31.825,75.075,0.0001411233654901,0.1546197867703143
punjab_stubble_belt,2026-07-26,31.825,75.125,0.0001566874143161,0.1178545504290013
punjab_stubble_belt,2026-07-26,31.825,75.175,0.0001475500165869,0.1007105733736612
punjab_stubble_belt,2026-07-26,31.825,75.225,0.0001831866477757,0.0666619557131135
punjab_stubble_belt,2026-07-26,31.825,75.275,0.0002093809924732,0.0307685916240413
punjab_stubble_belt,2026-07-26,31.825,75.3,0.0002018760142644,0.0084180312186276
punjab_stubble_belt,2026-07-26,31.875,74.625,0.000115018792833,0.036776729047022
punjab_stubble_belt,2026-07-26,31.875,74.675,0.0001907404038653,0.0155819463249745
punjab_stubble_belt,2026-07-26,31.875,74.725,0.0003154276350702,0.0217093244845892
punjab_stubble_belt,2026-07-26,31.875,74.775,0.0002367647551138,0.0246197332270386
punjab_stubble_belt,2026-07-26,31.875,74.825,0.0001758629079774,0.0773447210417966
punjab_stubble_belt,2026-07-26,31.875,74.875,0.0001498007904309,0.1591999979555027
punjab_stubble_belt,2026-07-26,31.875,74.925,0.0001570920896202,0.2707967079066327
punjab_stubble_belt,2026-07-26,31.875,74.975,9.98828442255239e-05,0.2858330028186854
punjab_stubble_belt,2026-07-26,31.875,75.025,0.00012777199045,0.2205243422009089
punjab_stubble_belt,2026-07-26,31.875,75.075,0.0001462639940983,0.1651740987468544
punjab_stubble_belt,2026-07-26,31.875,75.125,0.0001594416054558,0.1036499069254983
punjab_stubble_belt,2026-07-26,31.875,75.175,0.0001681066492741,0.0383116861855926
punjab_stubble_belt,2026-07-26,31.875,75.225,0.0002291858722104,0.047985302229158
punjab_stubble_belt,2026-07-26,31.875,75.275,0.0002614509097428,0.0270087502907626
punjab_stubble_belt,2026-07-26,31.875,75.3,0.0002756779486923,0.0103657548396109
punjab_stubble_belt,2026-07-27,31.325,75.025,4.1166204027830375e-05,0.2749819457530896
punjab_stubble_belt,2026-07-27,31.325,75.075,5.5613729649519337e-05,0.2764815584798994
punjab_stubble_belt,2026-07-27,31.325,75.125,7.969293901900092e-05,0.2789809130245825
punjab_stubble_belt,2026-07-27,31.375,75.025,4.1166204027830375e-05,0.2749819457530896
punjab_stubble_belt,2026-07-27,31.375,75.075,5.5720748357828135e-05,0.2764926667223203
punjab_stubble_belt,2026-07-27,31.375,75.125,7.969293901900092e-05,0.2789809130245825
punjab_stubble_belt,2026-07-27,31.375,75.225,0.0001280722056162,0.2774193657434738
punjab_stubble_belt,2026-07-27,31.375,75.275,0.0001684856917268,0.2694200825713336
punjab_stubble_belt,2026-07-27,31.375,75.3,0.0001954280158006,0.2640872271232402
punjab_stubble_belt,2026-07-27,31.425,75.025,0.000100937183045,0.2834953514896352
punjab_stubble_belt,2026-07-27,31.425,75.075,0.000100937183045,0.2834953514896352
punjab_stubble_belt,2026-07-27,31.425,75.125,0.0002408127049681,0.2867109802741946
punjab_stubble_belt,2026-07-27,31.425,75.175,0.0002408127049681,0.2867109802741946
punjab_stubble_belt,2026-07-27,31.425,75.225,0.000126549068384,0.2747368508963489
punjab_stubble_belt,2026-07-27,31.425,75.275,0.0001608770551687,0.2670284496356493
punjab_stubble_belt,2026-07-27,31.425,75.3,0.0001666363718059,0.2588605360502238
punjab_stubble_belt,2026-07-27,31.475,75.025,0.000100937183045,0.2834953514896352
punjab_stubble_belt,2026-07-27,31.475,75.075,0.000100937183045,0.2834953514896352
punjab_stubble_belt,2026-07-27,31.475,75.125,0.0002408127049681,0.2867109802741946
punjab_stubble_belt,2026-07-27,31.475,75.175,0.0002408127049681,0.2867109802741946
punjab_stubble_belt,2026-07-27,31.475,75.225,0.0001194747892937,0.263649271732239
punjab_stubble_belt,2026-07-27,31.475,75.275,0.0001229082803237,0.256164179254239
punjab_stubble_belt,2026-07-27,31.525,74.975,6.341222673401307e-05,0.2944290294192549
punjab_stubble_belt,2026-07-27,31.525,75.025,9.139441980293722e-05,0.2832731026746096
punjab_stubble_belt,2026-07-27,31.525,75.075,0.0001258291567422,0.2600933161324248
punjab_stubble_belt,2026-07-27,31.525,75.125,0.0001621113301398,0.2309881794002494
punjab_stubble_belt,2026-07-27,31.525,75.175,0.0001731880790356,0.2438082676286262
punjab_stubble_belt,2026-07-27,31.525,75.225,0.0001684291184684,0.2377632196745505
punjab_stubble_belt,2026-07-27,31.525,75.275,0.0001784224062458,0.2501438969947138
punjab_stubble_belt,2026-07-27,31.525,75.3,0.0001636238301186,0.2564151873664278
punjab_stubble_belt,2026-07-27,31.575,74.975,6.341222673401307e-05,0.2944290294192549
punjab_stubble_belt,2026-07-27,31.575,75.025,0.000170439848669,0.2632557479483828
punjab_stubble_belt,2026-07-27,31.575,75.075,0.0001866312580673,0.2471492488963837
punjab_stubble_belt,2026-07-27,31.575,75.125,0.0001788381996376,0.229130069017228
punjab_stubble_belt,2026-07-27,31.575,75.175,0.0001721383544214,0.2212416563478231
punjab_stubble_belt,2026-07-27,31.575,75.225,0.0001686080853329,0.2152293054806454
punjab_stubble_belt,2026-07-27,31.575,75.275,0.0001623850569061,0.2255659504146404
punjab_stubble_belt,2026-07-27,31.575,75.3,0.0001663420652583,0.2395070171178476
punjab_stubble_belt,2026-07-27,31.625,75.025,0.0002000980006324,0.2234690131279809
punjab_stubble_belt,2026-07-27,31.625,75.075,0.0001783650286535,0.2136813272376489
punjab_stubble_belt,2026-07-27,31.625,75.125,0.0001430117106026,0.1975331344678406
punjab_stubble_belt,2026-07-27,31.625,75.175,0.000148541212655,0.1978792182355423
punjab_stubble_belt,2026-07-27,31.625,75.225,0.0001535507528385,0.1965374899053458
punjab_stubble_belt,2026-07-27,31.625,75.275,0.0001311697421748,0.2103333223967977
punjab_stubble_belt,2026-07-27,31.625,75.3,0.0001093208570466,0.219622868372435
punjab_stubble_belt,2026-07-27,31.675,74.625,0.000315120662978,0.2375206819405597
punjab_stubble_belt,2026-07-27,31.675,74.675,0.0004404846695252,0.2599722743034577
punjab_stubble_belt,2026-07-27,31.675,74.725,0.0004190578980682,0.2567056688071137
punjab_stubble_belt,2026-07-27,31.675,74.775,0.0003968175033547,0.2493307735605011
punjab_stubble_belt,2026-07-27,31.675,74.825,0.0003264013773529,0.2277836365503431
punjab_stubble_belt,2026-07-27,31.675,74.875,0.0002590743072673,0.2025302996407098
punjab_stubble_belt,2026-07-27,31.675,74.925,0.0004228466300582,0.2176582015335414
punjab_stubble_belt,2026-07-27,31.675,74.975,0.0002557643973498,0.2338522527142129
punjab_stubble_belt,2026-07-27,31.675,75.025,0.0001657952332396,0.1946734859308488
punjab_stubble_belt,2026-07-27,31.675,75.075,0.0001320909700482,0.1785095801116206
punjab_stubble_belt,2026-07-27,31.675,75.125,8.901863901198774e-05,0.1592146535480507
punjab_stubble_belt,2026-07-27,31.675,75.175,0.0001222041718992,0.1799684006163109
punjab_stubble_belt,2026-07-27,31.675,75.225,0.0001414059449442,0.1853196217336931
punjab_stubble_belt,2026-07-27,31.675,75.275,0.0001153111426147,0.2110762590131091
punjab_stubble_belt,2026-07-27,31.675,75.3,0.000148005424662,0.2464832046787284
punjab_stubble_belt,2026-07-27,31.725,74.625,0.0003160632494934,0.2376894909056942
punjab_stubble_belt,2026-07-27,31.725,74.675,0.0004404846695252,0.2599722743034577
punjab_stubble_belt,2026-07-27,31.725,74.725,0.0004197535724661,0.2568117274271249
punjab_stubble_belt,2026-07-27,31.725,74.775,0.000396412428106,0.2491931275951945
punjab_stubble_belt,2026-07-27,31.725,74.825,0.0003245260116691,0.227221952423944
punjab_stubble_belt,2026-07-27,31.725,74.875,0.0002625837141842,0.2028544689669848
punjab_stubble_belt,2026-07-27,31.725,74.925,0.0004228466300582,0.2176582015335414
punjab_stubble_belt,2026-07-27,31.725,74.975,0.0002591742388337,0.233521761873791
punjab_stubble_belt,2026-07-27,31.725,75.025,0.0002146821371705,0.2205983844131331
punjab_stubble_belt,2026-07-27,31.725,75.075,0.0001834206576816,0.2086478960423967
punjab_stubble_belt,2026-07-27,31.725,75.125,0.0001595871014596,0.2018595812123027
punjab_stubble_belt,2026-07-27,31.725,75.175,0.0001895119941752,0.1933761646181016
punjab_stubble_belt,2026-07-27,31.725,75.225,0.000183387844571,0.1915306311601639
punjab_stubble_belt,2026-07-27,31.725,75.275,0.0002054526076604,0.2408227903584621
punjab_stubble_belt,2026-07-27,31.775,74.625,0.0002705484537177,0.1992009420006987
punjab_stubble_belt,2026-07-27,31.775,74.675,0.000339807209544,0.2250767997167324
punjab_stubble_belt,2026-07-27,31.775,74.725,0.0004745603632367,0.2145045898432886
punjab_stubble_belt,2026-07-27,31.775,74.775,0.0003919409964436,0.2033259131123298
punjab_stubble_belt,2026-07-27,31.775,74.825,0.0002314030604672,0.1847257380978131
punjab_stubble_belt,2026-07-27,31.775,74.875,0.0001002711042781,0.164244608670612
punjab_stubble_belt,2026-07-27,31.775,74.925,0.0003108976559304,0.1647402548797783
punjab_stubble_belt,2026-07-27,31.775,74.975,0.0001585937250681,0.1983671338400516
punjab_stubble_belt,2026-07-27,31.775,75.025,0.0001678565036435,0.2235258262634121
punjab_stubble_belt,2026-07-27,31.775,75.075,0.0001727175896765,0.2197853837917737
punjab_stubble_belt,2026-07-27,31.775,75.125,0.0001505802738742,0.1849773507781427
punjab_stubble_belt,2026-07-27,31.775,75.175,0.0001049323222243,0.1211660765786466
punjab_stubble_belt,2026-07-27,31.775,75.225,0.0001511094548747,0.1421081951331715
punjab_stubble_belt,2026-07-27,31.775,75.275,0.0002241411704816,0.1939697933119848
punjab_stubble_belt,2026-07-27,31.775,75.3,0.0002464354559503,0.2469252743910035
punjab_stubble_belt,2026-07-27,31.825,74.625,0.0001917522813645,0.177414034510445
punjab_stubble_belt,2026-07-27,31.825,74.675,0.00022049156038,0.187166152164879
punjab_stubble_belt,2026-07-27,31.825,74.725,0.0003193720607954,0.1954565644382134
punjab_stubble_belt,2026-07-27,31.825,74.775,0.0002655128425098,0.1899849037855404
punjab_stubble_belt,2026-07-27,31.825,74.825,0.0001958888447585,0.1798969713605175
punjab_stubble_belt,2026-07-27,31.825,74.875,0.0001538313749466,0.1704249550634271
punjab_stubble_belt,2026-07-27,31.825,74.925,0.0002557513501353,0.1755170521934559
punjab_stubble_belt,2026-07-27,31.825,74.975,0.0001724462130686,0.2094014633554264
punjab_stubble_belt,2026-07-27,31.825,75.025,0.0001968945014237,0.2175506640320144
punjab_stubble_belt,2026-07-27,31.825,75.075,0.0002104413876657,0.1970190919719092
punjab_stubble_belt,2026-07-27,31.825,75.125,0.000194185073154,0.1534887316232993
punjab_stubble_belt,2026-07-27,31.825,75.175,0.0001456598425395,0.1149507236262572
punjab_stubble_belt,2026-07-27,31.825,75.225,0.000194763540934,0.1348397835593722
punjab_stubble_belt,2026-07-27,31.825,75.275,0.0002293373155652,0.1633453445940337
punjab_stubble_belt,2026-07-27,31.825,75.3,0.0002522655468983,0.1885843618373863
punjab_stubble_belt,2026-07-27,31.875,74.625,0.0001482696981532,0.1729259918248568
punjab_stubble_belt,2026-07-27,31.875,74.675,0.0001557086525646,0.1696216458624481
punjab_stubble_belt,2026-07-27,31.875,74.725,0.0002127859837995,0.1835645569533691
punjab_stubble_belt,2026-07-27,31.875,74.775,0.0001848165372612,0.1757932460054972
punjab_stubble_belt,2026-07-27,31.875,74.825,0.0001752646521612,0.1691540557856007
punjab_stubble_belt,2026-07-27,31.875,74.875,0.0001917156117237,0.1680909698202724
punjab_stubble_belt,2026-07-27,31.875,74.925,0.0002318249194872,0.1804360405045649
punjab_stubble_belt,2026-07-27,31.875,74.975,0.0002118207773705,0.2156740983286884
punjab_stubble_belt,2026-07-27,31.875,75.025,0.0002383470426005,0.2120673330599066
punjab_stubble_belt,2026-07-27,31.875,75.075,0.0002505812082491,0.1859570923862248
punjab_stubble_belt,2026-07-27,31.875,75.125,0.0002374984310267,0.1452378105980478
punjab_stubble_belt,2026-07-27,31.875,75.175,0.0001815108888066,0.1101669637609464
punjab_stubble_belt,2026-07-27,31.875,75.225,0.0002146201950213,0.1216362618760329
punjab_stubble_belt,2026-07-27,31.875,75.275,0.0002180108020642,0.1502635603907115
punjab_stubble_belt,2026-07-27,31.875,75.3,0.0002115026022748,0.1718512493334213
punjab_stubble_belt,2026-07-29,31.325,74.625,0.0001329767259594,0.2250829689811065
punjab_stubble_belt,2026-07-29,31.325,74.675,0.0001097453151938,0.1680585172112285
punjab_stubble_belt,2026-07-29,31.325,74.725,0.0002174756444318,0.2484157928358099
punjab_stubble_belt,2026-07-29,31.325,74.775,0.0002254852200324,0.2543020557427974
punjab_stubble_belt,2026-07-29,31.375,74.625,0.000160633250377,0.2648891686629722
punjab_stubble_belt,2026-07-29,31.375,74.675,0.0001663963137632,0.1890521725009671
punjab_stubble_belt,2026-07-29,31.375,74.725,0.0002091929375218,0.2625069063597385
punjab_stubble_belt,2026-07-29,31.375,74.775,0.0002157000964339,0.2729557008584
punjab_stubble_belt,2026-07-29,31.425,74.625,0.0001948226642468,0.234043631120356
punjab_stubble_belt,2026-07-29,31.425,74.675,0.0002466627238269,0.179509874777428
punjab_stubble_belt,2026-07-29,31.425,74.725,0.0002470842850679,0.1794927894779336
punjab_stubble_belt,2026-07-29,31.475,74.625,0.0001895429410527,0.1321780351498842
punjab_stubble_belt,2026-07-29,31.475,74.675,0.0002209799159151,0.1805507637927828
punjab_stubble_belt,2026-07-29,31.475,74.725,0.0002209799159151,0.1805507637927828
punjab_stubble_belt,2026-07-29,31.525,74.625,0.000263811283459,0.2412200839480872
punjab_stubble_belt,2026-07-29,31.525,74.675,0.0002209799159151,0.1805507637927828
punjab_stubble_belt,2026-07-29,31.575,74.625,0.0002711671214941,0.2520236294176022
punjab_stubble_belt,2026-07-30,31.325,75.275,0.00041755133063,0.2955288023352075
punjab_stubble_belt,2026-07-30,31.325,75.3,0.00041755133063,0.2955288023352075
punjab_stubble_belt,2026-07-30,31.375,75.275,0.0003256485983228,0.2361468001157111
punjab_stubble_belt,2026-07-30,31.375,75.3,0.0003125196365647,0.2276636569414973
punjab_stubble_belt,2026-07-30,31.425,75.275,0.0002271983704005,0.1455773568520548
punjab_stubble_belt,2026-07-30,31.425,75.3,0.0002637206338644,0.1192263937393743
punjab_stubble_belt,2026-07-30,31.475,75.275,0.0003199533252294,0.0786542759309614
punjab_stubble_belt,2026-07-30,31.525,74.975,0.0005298362133529,0.2833791328890124
punjab_stubble_belt,2026-07-30,31.525,75.025,0.0003143500869472,0.1969113642682432
punjab_stubble_belt,2026-07-30,31.525,75.075,0.0002221844763505,0.1322151244069279
punjab_stubble_belt,2026-07-30,31.525,75.125,0.0002580028552806,0.097481076887928
punjab_stubble_belt,2026-07-30,31.525,75.175,0.000129310503128,0.0220813730343059
punjab_stubble_belt,2026-07-30,31.525,75.225,0.0002019988078803,0.0132215293738463
punjab_stubble_belt,2026-07-30,31.525,75.275,0.0002561555565485,0.0117002700962701
punjab_stubble_belt,2026-07-30,31.525,75.3,0.000299731791907,0.0424988704603856
punjab_stubble_belt,2026-07-30,31.575,74.875,0.0003156748861971,0.2360140998492857
punjab_stubble_belt,2026-07-30,31.575,74.925,0.0003156748861971,0.2360140998492857
punjab_stubble_belt,2026-07-30,31.575,74.975,0.000359983152902,0.219537832866527
punjab_stubble_belt,2026-07-30,31.575,75.025,0.0002209534751054,0.153787394980632
punjab_stubble_belt,2026-07-30,31.575,75.075,0.0001881302846843,0.098108618231003
punjab_stubble_belt,2026-07-30,31.575,75.125,0.0002543414020264,0.0599552846775046
punjab_stubble_belt,2026-07-30,31.575,75.175,0.0001558109063611,0.0132673530220873
punjab_stubble_belt,2026-07-30,31.575,75.225,0.0002054702604078,0.0051732579888023
punjab_stubble_belt,2026-07-30,31.575,75.275,0.0003260393141821,0.0112513586553434
punjab_stubble_belt,2026-07-30,31.575,75.3,0.0003700364235502,0.0136201261799502
punjab_stubble_belt,2026-07-30,31.625,74.875,0.0003156748861971,0.2360140998492857
punjab_stubble_belt,2026-07-30,31.625,74.925,0.0003156748861971,0.2360140998492857
punjab_stubble_belt,2026-07-30,31.625,74.975,0.000283122752831,0.1907039979538401
punjab_stubble_belt,2026-07-30,31.625,75.025,0.0001894641054955,0.151120963894752
punjab_stubble_belt,2026-07-30,31.625,75.075,0.0001864296368104,0.1112225900831831
punjab_stubble_belt,2026-07-30,31.625,75.125,0.0002280187761163,0.0577592815835486
punjab_stubble_belt,2026-07-30,31.625,75.175,0.0001960134969195,0.008079324801573
punjab_stubble_belt,2026-07-30,31.625,75.225,0.000233441497348,0.0011095555455148
punjab_stubble_belt,2026-07-30,31.625,75.275,0.0002917143084903,0.0074444805005948
punjab_stubble_belt,2026-07-30,31.625,75.3,0.00029568944088,0.0104483936850453
punjab_stubble_belt,2026-07-30,31.675,74.775,0.000178601567288,0.2436035556335082
punjab_stubble_belt,2026-07-30,31.675,74.825,0.000178601567288,0.2436035556335082
punjab_stubble_belt,2026-07-30,31.675,75.025,0.0002197256178979,0.1926869709869246
punjab_stubble_belt,2026-07-30,31.675,75.075,0.0002074039763025,0.1548845082521621
punjab_stubble_belt,2026-07-30,31.675,75.125,0.0001915448983856,0.0815924448242427
punjab_stubble_belt,2026-07-30,31.675,75.175,0.0002186623792739,0.0142955651963946
punjab_stubble_belt,2026-07-30,31.675,75.225,0.0002761706883536,0.0020013687927872
punjab_stubble_belt,2026-07-30,31.675,75.275,0.0002158052468141,5.462096231950117e-05
punjab_stubble_belt,2026-07-30,31.675,75.3,0.0002695341416519,0.0
punjab_stubble_belt,2026-07-30,31.725,74.775,0.000178601567288,0.2436035556335082
punjab_stubble_belt,2026-07-30,31.725,74.825,0.000178601567288,0.2436035556335082
punjab_stubble_belt,2026-07-30,31.725,75.125,0.0001217643910042,0.0560172836092619
punjab_stubble_belt,2026-07-30,31.725,75.175,0.0001217643910042,0.0560172836092619
punjab_stubble_belt,2026-07-30,31.725,75.225,0.0002981468523566,0.0084928863744786
punjab_stubble_belt,2026-07-30,31.725,75.275,0.0003755807894063,0.0003860032119749
punjab_stubble_belt,2026-07-30,31.775,74.625,0.0002370449691295,0.1648771581767766
punjab_stubble_belt,2026-07-30,31.775,74.725,0.0001293691046534,0.2923600800265276
punjab_stubble_belt,2026-07-30,31.775,74.775,0.0001385480383649,0.2832698805634223
punjab_stubble_belt,2026-07-30,31.775,74.825,0.000178601567288,0.2436035556335082
punjab_stubble_belt,2026-07-30,31.775,75.125,0.0001591137579397,0.1499455037381133
punjab_stubble_belt,2026-07-30,31.775,75.175,0.0001591001118429,0.1499111857914093
punjab_stubble_belt,2026-07-30,31.775,75.225,0.0002897573692587,0.0596022237962951
punjab_stubble_belt,2026-07-30,31.775,75.275,0.0002331973112669,0.017993071814965
punjab_stubble_belt,2026-07-30,31.775,75.3,0.0002828139767046,1.9465547348433687e-06
punjab_stubble_belt,2026-07-30,31.825,74.625,0.0002070446625943,0.1462253515823106
punjab_stubble_belt,2026-07-30,31.825,74.725,0.0001293691046534,0.2923600800265276
punjab_stubble_belt,2026-07-30,31.825,74.775,0.0002507542805404,0.2735304158068374
punjab_stubble_belt,2026-07-30,31.825,74.825,0.0003148076330961,0.2762021312150524
punjab_stubble_belt,2026-07-30,31.825,74.875,0.0003373668496121,0.2835374304615934
punjab_stubble_belt,2026-07-30,31.825,74.925,0.0002124141246617,0.2587488758330695
punjab_stubble_belt,2026-07-30,31.825,74.975,0.0001667199206169,0.1759539765047836
punjab_stubble_belt,2026-07-30,31.825,75.025,0.0002204532992022,0.1215304837052348
punjab_stubble_belt,2026-07-30,31.825,75.075,0.0002331147395871,0.1402700654180335
punjab_stubble_belt,2026-07-30,31.825,75.125,0.0001948707912338,0.2100906081773229
punjab_stubble_belt,2026-07-30,31.825,75.175,0.0001635078011086,0.1609958825768017
punjab_stubble_belt,2026-07-30,31.825,75.225,0.0002549167735227,0.2008438046397496
punjab_stubble_belt,2026-07-30,31.825,75.275,0.0002074716700667,0.1303709785839589
punjab_stubble_belt,2026-07-30,31.825,75.3,0.0001696503992267,0.0647841961910969
punjab_stubble_belt,2026-07-30,31.875,74.625,0.0002137672523845,0.1358747716958023
punjab_stubble_belt,2026-07-30,31.875,74.675,0.0002111545991312,0.1171358546824745
punjab_stubble_belt,2026-07-30,31.875,74.725,0.0003240100076725,0.136677518977869
punjab_stubble_belt,2026-07-30,31.875,74.775,0.0002420284370847,0.1936608359993983
punjab_stubble_belt,2026-07-30,31.875,74.825,0.0002749318834634,0.2052844250764516
punjab_stubble_belt,2026-07-30,31.875,74.875,0.000324684472696,0.2139197197743983
punjab_stubble_belt,2026-07-30,31.875,74.925,0.0001890178575198,0.2524330840723588
punjab_stubble_belt,2026-07-30,31.875,74.975,0.0001360786396723,0.2076565786128633
punjab_stubble_belt,2026-07-30,31.875,75.025,0.0002186340660722,0.1294365875599233
punjab_stubble_belt,2026-07-30,31.875,75.075,0.0002524849448462,0.1261129938175875
punjab_stubble_belt,2026-07-30,31.875,75.125,0.0002254269833269,0.1898750947432703
punjab_stubble_belt,2026-07-30,31.875,75.225,0.0002322087567177,0.2916561129132898
punjab_stubble_belt,2026-07-30,31.875,75.275,0.0001927718852383,0.1677991716553091
punjab_stubble_belt,2026-07-30,31.875,75.3,0.0001744781955723,0.1117346506395148
punjab_stubble_belt,2026-07-31,31.325,74.625,0.0001017430766499,0.1978228002881777
punjab_stubble_belt,2026-07-31,31.325,74.675,0.0001017430766499,0.1978228002881777
punjab_stubble_belt,2026-07-31,31.325,74.725,0.0001458435621523,0.2250249715327125
punjab_stubble_belt,2026-07-31,31.325,74.775,0.0001296850397493,0.2645739393617345
punjab_stubble_belt,2026-07-31,31.325,74.825,0.0001215657822738,0.2839973825450806
punjab_stubble_belt,2026-07-31,31.325,74.975,0.0001037908370829,0.2456180011584862
punjab_stubble_belt,2026-07-31,31.325,75.025,0.0001265878466635,0.2331138634968534
punjab_stubble_belt,2026-07-31,31.325,75.075,0.0001381914206104,0.2469452856548161
punjab_stubble_belt,2026-07-31,31.325,75.125,0.0001408141302931,0.2715834448949518
punjab_stubble_belt,2026-07-31,31.325,75.175,6.12780814306148e-05,0.2561953807265885
punjab_stubble_belt,2026-07-31,31.325,75.225,8.264340745313775e-05,0.2389203531410529
punjab_stubble_belt,2026-07-31,31.325,75.275,8.573782568846142e-05,0.2362916563397415
punjab_stubble_belt,2026-07-31,31.375,74.725,0.0001336490628313,0.2225172550384339
punjab_stubble_belt,2026-07-31,31.375,74.775,0.0001038753276074,0.2687024146403955
punjab_stubble_belt,2026-07-31,31.375,74.825,8.898845999547293e-05,0.2917949944413763
punjab_stubble_belt,2026-07-31,31.375,75.025,0.0001251413483315,0.2406446439576901
punjab_stubble_belt,2026-07-31,31.375,75.075,0.0001371103001042,0.2602539151789502
punjab_stubble_belt,2026-07-31,31.375,75.125,0.0001462884904834,0.2909951071835519
punjab_stubble_belt,2026-07-31,31.375,75.175,6.200547251130104e-05,0.2785436577167031
punjab_stubble_belt,2026-07-31,31.375,75.225,6.836626891772854e-05,0.2616502097637126
punjab_stubble_belt,2026-07-31,31.375,75.275,6.934485298025585e-05,0.2590512177709448
punjab_stubble_belt,2026-08-01,31.325,74.625,0.0001273113850255,0.0
punjab_stubble_belt,2026-08-01,31.325,74.675,0.0001197437558261,0.0
punjab_stubble_belt,2026-08-01,31.325,74.725,0.0002011902907135,0.0
punjab_stubble_belt,2026-08-01,31.325,74.775,0.0001957402158143,0.0
punjab_stubble_belt,2026-08-01,31.325,74.825,0.0001366615095385,0.0047377925440646
punjab_stubble_belt,2026-08-01,31.325,74.875,7.468733532725645e-05,0.0180085420758955
punjab_stubble_belt,2026-08-01,31.325,74.925,0.0001658880467775,0.0560176758866712
punjab_stubble_belt,2026-08-01,31.325,74.975,0.0001494379279176,0.0663530144425495
punjab_stubble_belt,2026-08-01,31.325,75.025,8.744995968783416e-05,0.1152557832866753
punjab_stubble_belt,2026-08-01,31.325,75.075,6.409937257263747e-05,0.1436029451837535
punjab_stubble_belt,2026-08-01,31.325,75.125,8.87798222314982e-05,0.1460565628275859
punjab_stubble_belt,2026-08-01,31.325,75.175,0.0001304660982051,0.1580333670062802
punjab_stubble_belt,2026-08-01,31.325,75.225,0.0001384901000617,0.2088306580217797
punjab_stubble_belt,2026-08-01,31.325,75.275,0.0001345025999557,0.220409990052295
punjab_stubble_belt,2026-08-01,31.325,75.3,0.0001062727963153,0.2180599763141339
punjab_stubble_belt,2026-08-01,31.375,74.625,9.5088729411889e-05,0.0
punjab_stubble_belt,2026-08-01,31.375,74.675,9.208453665778842e-05,0.0
punjab_stubble_belt,2026-08-01,31.375,74.725,0.0001654690860487,0.0
punjab_stubble_belt,2026-08-01,31.375,74.775,0.0001755869231624,0.0
punjab_stubble_belt,2026-08-01,31.375,74.825,0.0001151697471102,0.0158283251283875
punjab_stubble_belt,2026-08-01,31.375,74.875,3.038175507921612e-05,0.0481383573135405
punjab_stubble_belt,2026-08-01,31.375,74.925,7.575573772545797e-05,0.0991364001568185
punjab_stubble_belt,2026-08-01,31.375,74.975,0.0001355250603983,0.0832624178851239
punjab_stubble_belt,2026-08-01,31.375,75.025,0.0001065236602499,0.1787436862831122
punjab_stubble_belt,2026-08-01,31.375,75.075,7.574882608962592e-05,0.190562778089883
punjab_stubble_belt,2026-08-01,31.375,75.125,5.066911445965049e-05,0.1591977668660872
punjab_stubble_belt,2026-08-01,31.375,75.175,9.060884001415692e-05,0.1868453665935888
punjab_stubble_belt,2026-08-01,31.375,75.225,8.435827777277906e-05,0.2315630137996257
punjab_stubble_belt,2026-08-01,31.375,75.275,0.0001223852042438,0.2347189087198809
punjab_stubble_belt,2026-08-01,31.375,75.3,0.0001692758818829,0.230124563513307
punjab_stubble_belt,2026-08-01,31.425,74.625,6.262597247815705e-05,0.000257268865555
punjab_stubble_belt,2026-08-01,31.425,74.675,8.167283848699629e-05,0.0
punjab_stubble_belt,2026-08-01,31.425,74.725,0.0001180448549996,0.0
punjab_stubble_belt,2026-08-01,31.425,74.775,0.0001318503580487,0.0
punjab_stubble_belt,2026-08-01,31.425,74.825,6.61184124212636e-05,0.0363064513211933
punjab_stubble_belt,2026-08-01,31.425,74.875,-3.7783064345878175e-05,0.0996356084665132
punjab_stubble_belt,2026-08-01,31.425,74.925,-3.62370878110122e-05,0.1612897561776823
punjab_stubble_belt,2026-08-01,31.425,74.975,-3.630917584190649e-05,0.1607795727731736
punjab_stubble_belt,2026-08-01,31.425,75.025,0.0001463475804565,0.2920936782600136
punjab_stubble_belt,2026-08-01,31.425,75.075,9.310205284459982e-05,0.2456205286088702
punjab_stubble_belt,2026-08-01,31.425,75.125,2.9081872742454195e-06,0.1785573612585088
punjab_stubble_belt,2026-08-01,31.425,75.175,-4.199880166223744e-06,0.2484448255437255
punjab_stubble_belt,2026-08-01,31.425,75.225,-5.588503060682427e-06,0.2633277607522942
punjab_stubble_belt,2026-08-01,31.425,75.275,-5.809423677198494e-06,0.265694747135474
punjab_stubble_belt,2026-08-01,31.475,74.625,8.684536950889065e-05,0.0014581579665865
punjab_stubble_belt,2026-08-01,31.475,74.675,0.0001341799076065,0.0
punjab_stubble_belt,2026-08-01,31.475,74.725,0.0001527232619989,0.0
punjab_stubble_belt,2026-08-01,31.475,74.775,0.0001919220055236,0.0
punjab_stubble_belt,2026-08-01,31.475,74.825,0.0001154194812894,0.0395068775953659
punjab_stubble_belt,2026-08-01,31.475,74.875,-2.4836370719057737e-05,0.1243776456831466
punjab_stubble_belt,2026-08-01,31.475,74.925,-2.006053367833291e-05,0.2757749121494499
punjab_stubble_belt,2026-08-01,31.475,74.975,-2.006053367833291e-05,0.2757749121494499
punjab_stubble_belt,2026-08-01,31.475,75.125,-5.959609140027181e-06,0.2657467145688427
punjab_stubble_belt,2026-08-01,31.475,75.175,-5.959609140027181e-06,0.2657467145688427
punjab_stubble_belt,2026-08-01,31.475,75.225,-5.959609064370313e-06,0.2657467111952047
punjab_stubble_belt,2026-08-01,31.475,75.275,-5.959609052395845e-06,0.2657467106612476
punjab_stubble_belt,2026-08-01,31.525,74.625,0.0001192979735451,0.0067665546946569
punjab_stubble_belt,2026-08-01,31.525,74.675,0.0001003957641032,0.0034150372495895
punjab_stubble_belt,2026-08-01,31.525,74.725,7.054040603808537e-05,0.0002552881249851
punjab_stubble_belt,2026-08-01,31.525,74.775,7.490726596000068e-05,0.0011772871734949
punjab_stubble_belt,2026-08-01,31.525,74.825,6.688043155219652e-05,0.0265026137204124
punjab_stubble_belt,2026-08-01,31.525,74.875,6.526941151948663e-05,0.0755818557836304
punjab_stubble_belt,2026-08-01,31.525,74.925,0.0001445304765752,0.1568338603115866
punjab_stubble_belt,2026-08-01,31.525,74.975,0.0001267937966866,0.1629872645712454
punjab_stubble_belt,2026-08-01,31.525,75.025,0.0001241496832232,0.1640397883773642
punjab_stubble_belt,2026-08-01,31.525,75.125,-5.959609140027181e-06,0.2657467145688427
punjab_stubble_belt,2026-08-01,31.525,75.175,-5.959609140027181e-06,0.2657467145688427
punjab_stubble_belt,2026-08-01,31.525,75.225,-5.95960906036233e-06,0.2657467110164835
punjab_stubble_belt,2026-08-01,31.525,75.275,-5.959609052395845e-06,0.2657467106612476
punjab_stubble_belt,2026-08-01,31.575,74.625,0.0001336558276144,0.0091211880584501
punjab_stubble_belt,2026-08-01,31.575,74.675,0.0001219007279286,0.0085532857468121
punjab_stubble_belt,2026-08-01,31.575,74.725,7.193434059015273e-05,0.0070860935054162
punjab_stubble_belt,2026-08-01,31.575,74.775,5.296825198662843e-05,0.014551183683813
punjab_stubble_belt,2026-08-01,31.575,74.825,3.758158343472699e-05,0.036418942209795
punjab_stubble_belt,2026-08-01,31.575,74.875,6.164587784802173e-05,0.0682646849183915
punjab_stubble_belt,2026-08-01,31.575,74.925,0.0002649012245227,0.0994398969481108
punjab_stubble_belt,2026-08-01,31.575,74.975,0.0002252782820684,0.1176614722201256
punjab_stubble_belt,2026-08-01,31.575,75.025,0.0002216026786069,0.1193477077579271
punjab_stubble_belt,2026-08-01,31.625,74.625,0.0001393386749816,0.0100645002191252
punjab_stubble_belt,2026-08-01,31.625,74.675,0.000134126849984,0.0110076170063567
punjab_stubble_belt,2026-08-01,31.625,74.725,0.0001393290775271,0.0989946382143623
punjab_stubble_belt,2026-08-01,31.625,74.775,0.0001072150512019,0.1070831052294964
punjab_stubble_belt,2026-08-01,31.625,74.825,6.946999685455166e-05,0.1069936543451006
punjab_stubble_belt,2026-08-01,31.625,74.875,7.617016554522191e-05,0.1059625007851947
punjab_stubble_belt,2026-08-01,31.625,74.925,0.0002982026091737,0.1157819391085907
punjab_stubble_belt,2026-08-01,31.625,74.975,0.0002738647080323,0.100743491384699
punjab_stubble_belt,2026-08-01,31.625,75.025,0.0002690797789221,0.0975746428407654
punjab_stubble_belt,2026-08-01,31.675,74.725,0.0002400548747221,0.2390735589868092
punjab_stubble_belt,2026-08-01,31.675,74.775,0.0001955306074658,0.2325133042094285
punjab_stubble_belt,2026-08-01,31.675,74.825,0.0001414765475115,0.1925833041841269
punjab_stubble_belt,2026-08-01,31.675,74.875,0.0001264671035714,0.1478508989300735
punjab_stubble_belt,2026-08-01,31.675,74.925,0.0002635836090998,0.1561276715182577
punjab_stubble_belt,2026-08-01,31.675,74.975,0.0002150106307147,0.1222963171543995
punjab_stubble_belt,2026-08-01,31.675,75.025,0.0001775151415506,0.0941298972850172
punjab_stubble_belt,2026-08-01,31.725,74.825,0.0002396421560165,0.0435322363865719
punjab_stubble_belt,2026-08-01,31.725,74.875,0.0002398388694274,0.043783382320122
punjab_stubble_belt,2026-08-01,31.725,74.925,0.0002409617751483,0.0452170070241371
punjab_stubble_belt,2026-08-01,31.725,74.975,0.000184214475533,0.0889651821643032
punjab_stubble_belt,2026-08-01,31.725,75.025,0.0001775151415506,0.0941298972850172
punjab_stubble_belt,2026-08-01,31.775,74.825,0.0002350379833515,0.0183926016048051
punjab_stubble_belt,2026-08-01,31.775,74.875,0.0002237372026169,0.0209075042040484
punjab_stubble_belt,2026-08-01,31.775,74.925,0.000158772431742,0.036746210293115
punjab_stubble_belt,2026-08-01,31.775,74.975,0.0002154839240808,0.028105926885866
punjab_stubble_belt,2026-08-01,31.775,75.025,0.0002135295903551,0.1503985277921281
punjab_stubble_belt,2026-08-01,31.775,75.075,0.0002079112023534,0.2289992948593279
punjab_stubble_belt,2026-08-01,31.825,74.625,7.532166155864087e-05,0.1936739702531418
punjab_stubble_belt,2026-08-01,31.825,74.675,7.532166155864087e-05,0.1936739702531418
punjab_stubble_belt,2026-08-01,31.825,74.725,0.0001362006596794,0.2405846407987681
punjab_stubble_belt,2026-08-01,31.825,74.775,0.000174474279898,0.2025365709633153
punjab_stubble_belt,2026-08-01,31.825,74.825,0.0002079565195694,0.0943010673288288
punjab_stubble_belt,2026-08-01,31.825,74.875,0.0002097511062208,0.0134000093770348
punjab_stubble_belt,2026-08-01,31.825,74.925,0.0001301098931333,0.0131578701634441
punjab_stubble_belt,2026-08-01,31.825,74.975,0.000162582814895,0.0156291573144798
punjab_stubble_belt,2026-08-01,31.825,75.025,0.0001836571168019,0.0964938250434646
punjab_stubble_belt,2026-08-01,31.825,75.075,0.0001915072477929,0.1371152144565928
punjab_stubble_belt,2026-08-01,31.825,75.125,0.0001737778365006,0.1313586205070296
punjab_stubble_belt,2026-08-01,31.825,75.175,8.376446889892656e-05,0.2089263427581537
punjab_stubble_belt,2026-08-01,31.825,75.225,0.000111097719979,0.0812963676340745
punjab_stubble_belt,2026-08-01,31.825,75.275,0.0001186724025975,0.0761043620478908
punjab_stubble_belt,2026-08-01,31.825,75.3,0.0001207879506996,0.0860143706928457
punjab_stubble_belt,2026-08-01,31.875,74.625,0.0001315480538881,0.1978736647671634
punjab_stubble_belt,2026-08-01,31.875,74.675,0.0001339926796415,0.1980562601808166
punjab_stubble_belt,2026-08-01,31.875,74.725,0.000122856886788,0.1944982924641999
punjab_stubble_belt,2026-08-01,31.875,74.775,0.0001663444711313,0.1460716373761821
punjab_stubble_belt,2026-08-01,31.875,74.825,0.0001966912339681,0.0773809849994229
punjab_stubble_belt,2026-08-01,31.875,74.875,0.0002009844955697,0.0109819435262732
punjab_stubble_belt,2026-08-01,31.875,74.925,0.0001557345378396,5.776435674026766e-05
punjab_stubble_belt,2026-08-01,31.875,74.975,0.0001528263810849,0.0079148125285646
punjab_stubble_belt,2026-08-01,31.875,75.025,0.0001877187908071,0.0428873621094434
punjab_stubble_belt,2026-08-01,31.875,75.075,0.0002015189158016,0.0761574052742923
punjab_stubble_belt,2026-08-01,31.875,75.125,0.0001847419676019,0.1069458421334637
punjab_stubble_belt,2026-08-01,31.875,75.175,0.0001278785410982,0.1751361312396975
punjab_stubble_belt,2026-08-01,31.875,75.225,0.0001323076206982,0.0873906397659787
punjab_stubble_belt,2026-08-01,31.875,75.275,0.0001054247707491,0.0625649097143906
punjab_stubble_belt,2026-08-01,31.875,75.3,7.570447040239636e-05,0.0452838098071227
punjab_stubble_belt,2026-08-02,31.325,74.625,9.339261894149057e-05,0.1424804219733556
punjab_stubble_belt,2026-08-02,31.325,74.675,8.84253605333241e-05,0.1544770553238021
punjab_stubble_belt,2026-08-02,31.325,74.725,6.791707315949637e-05,0.1788465422195827
punjab_stubble_belt,2026-08-02,31.325,74.775,6.98819663441221e-05,0.1831826811929407
punjab_stubble_belt,2026-08-02,31.325,74.825,7.680641348690273e-05,0.1925095349610666
punjab_stubble_belt,2026-08-02,31.325,74.875,9.08479546503758e-05,0.2064302195436665
punjab_stubble_belt,2026-08-02,31.325,74.925,0.0001293984591309,0.2207136912845472
punjab_stubble_belt,2026-08-02,31.325,74.975,0.0001342291813189,0.2212777695362062
punjab_stubble_belt,2026-08-02,31.325,75.025,0.0001164697506504,0.2225441366709148
punjab_stubble_belt,2026-08-02,31.325,75.075,0.0001084262696912,0.2230002225948647
punjab_stubble_belt,2026-08-02,31.325,75.125,0.0001191705109852,0.2272988031908989
punjab_stubble_belt,2026-08-02,31.325,75.175,0.0001702157117467,0.2645768053129932
punjab_stubble_belt,2026-08-02,31.325,75.225,0.0001620224027706,0.2730818370961079
punjab_stubble_belt,2026-08-02,31.325,75.275,0.0001607935224501,0.2744097874791186
punjab_stubble_belt,2026-08-02,31.375,74.625,9.048732301389537e-05,0.1849198727785065
punjab_stubble_belt,2026-08-02,31.375,74.675,0.0001075333815248,0.1896597868214747
punjab_stubble_belt,2026-08-02,31.375,74.725,0.0001114312862797,0.2033380709711172
punjab_stubble_belt,2026-08-02,31.375,74.775,9.572498900592432e-05,0.1923712667808415
punjab_stubble_belt,2026-08-02,31.375,74.825,8.627898953806868e-05,0.1922189640964337
punjab_stubble_belt,2026-08-02,31.375,74.875,9.291427524542853e-05,0.2024675788147927
punjab_stubble_belt,2026-08-02,31.375,74.925,0.0001440607161471,0.2114862331090699
punjab_stubble_belt,2026-08-02,31.375,74.975,0.0001276089949266,0.2158021321527101
punjab_stubble_belt,2026-08-02,31.375,75.025,0.0001074030660976,0.217787997005614
punjab_stubble_belt,2026-08-02,31.375,75.075,0.000100217331389,0.218106077504328
punjab_stubble_belt,2026-08-02,31.375,75.125,0.0001103967722408,0.2196910298642163
punjab_stubble_belt,2026-08-02,31.375,75.175,0.0001458717937098,0.238729538589387
punjab_stubble_belt,2026-08-02,31.375,75.225,0.0001333285932034,0.2503995247170201
punjab_stubble_belt,2026-08-02,31.375,75.275,0.000126214870657,0.2195609421956254
punjab_stubble_belt,2026-08-02,31.375,75.3,0.0001186760200653,0.1700930148363031
punjab_stubble_belt,2026-08-02,31.425,74.625,7.651280418792543e-05,0.2320588620577501
punjab_stubble_belt,2026-08-02,31.425,74.675,0.0001061220519962,0.2216423826188082
punjab_stubble_belt,2026-08-02,31.425,74.725,0.0001416655826551,0.2220219864434642
punjab_stubble_belt,2026-08-02,31.425,74.775,0.0001232805266987,0.2093693652294423
punjab_stubble_belt,2026-08-02,31.425,74.825,0.0001073848370512,0.2024778361037084
punjab_stubble_belt,2026-08-02,31.425,74.875,0.0001079395886218,0.20192198116488
punjab_stubble_belt,2026-08-02,31.425,74.925,0.0001553408041646,0.2029571175966777
punjab_stubble_belt,2026-08-02,31.425,74.975,0.0001257723749254,0.208011532651365
punjab_stubble_belt,2026-08-02,31.425,75.025,0.0001044878905341,0.212448260523854
punjab_stubble_belt,2026-08-02,31.425,75.075,9.695114625505944e-05,0.2144927997534304
punjab_stubble_belt,2026-08-02,31.425,75.125,0.0001023751059966,0.2131432202440171
punjab_stubble_belt,2026-08-02,31.425,75.175,0.0001123117227739,0.2033091123501875
punjab_stubble_belt,2026-08-02,31.425,75.225,9.357630199411271e-05,0.2228856617756279
punjab_stubble_belt,2026-08-02,31.425,75.275,0.0001088391022313,0.1890432527767926
punjab_stubble_belt,2026-08-02,31.425,75.3,0.0001244156893809,0.1556531631515896
punjab_stubble_belt,2026-08-02,31.475,74.625,4.525151892301567e-05,0.221360005626351
punjab_stubble_belt,2026-08-02,31.475,74.675,1.702244778080652e-05,0.2007177123967563
punjab_stubble_belt,2026-08-02,31.475,74.725,9.288251544348246e-05,0.2127194853991777
punjab_stubble_belt,2026-08-02,31.475,74.775,0.0001158571160922,0.1857673391015893
punjab_stubble_belt,2026-08-02,31.475,74.825,0.0001292107181482,0.1881782512219215
punjab_stubble_belt,2026-08-02,31.475,74.875,0.0001332495205271,0.2130941662065693
punjab_stubble_belt,2026-08-02,31.475,74.925,0.0001154803670594,0.2162085873284985
punjab_stubble_belt,2026-08-02,31.475,74.975,0.0001282281773265,0.2141963035673171
punjab_stubble_belt,2026-08-02,31.475,75.025,0.0001340338730561,0.2149941514741565
punjab_stubble_belt,2026-08-02,31.475,75.075,0.0001305090208363,0.2164885841908941
punjab_stubble_belt,2026-08-02,31.475,75.125,0.0001191919680376,0.2097673217194016
punjab_stubble_belt,2026-08-02,31.475,75.175,0.0001095049136123,0.1483800111705126
punjab_stubble_belt,2026-08-02,31.475,75.225,9.870594527067484e-05,0.2039287547337498
punjab_stubble_belt,2026-08-02,31.475,75.275,0.0001169742992541,0.169638585797237
punjab_stubble_belt,2026-08-02,31.525,74.625,7.673133116577804e-05,0.2208488866833877
punjab_stubble_belt,2026-08-02,31.525,74.675,0.0001352969863755,0.2415036787215266
punjab_stubble_belt,2026-08-02,31.525,74.725,0.0001327135621741,0.1788667949553291
punjab_stubble_belt,2026-08-02,31.525,74.775,0.0001237257793612,0.162667479641957
punjab_stubble_belt,2026-08-02,31.525,74.825,0.0001322107519459,0.1878322914479007
punjab_stubble_belt,2026-08-02,31.525,74.875,0.0001476951633527,0.2370502872564542
punjab_stubble_belt,2026-08-02,31.525,74.925,0.0001297766969437,0.2593248502565624
punjab_stubble_belt,2026-08-02,31.525,74.975,0.0001502818390952,0.2481607141296229
punjab_stubble_belt,2026-08-02,31.525,75.025,0.0001101316259968,0.2399559541955936
punjab_stubble_belt,2026-08-02,31.525,75.075,6.66703489397328e-05,0.2269333981359187
punjab_stubble_belt,2026-08-02,31.525,75.125,3.999151982245475e-05,0.2068031616725208
punjab_stubble_belt,2026-08-02,31.525,75.175,6.828459292325536e-05,0.1678065325331694
punjab_stubble_belt,2026-08-02,31.525,75.225,0.0001175254487998,0.1647747267415535
punjab_stubble_belt,2026-08-02,31.525,75.275,0.0001250162117316,0.1957800269553247
punjab_stubble_belt,2026-08-02,31.525,75.3,0.0001273791206112,0.1818809000176879
punjab_stubble_belt,2026-08-02,31.575,74.625,7.282937180267811e-05,0.2421087861908375
punjab_stubble_belt,2026-08-02,31.575,74.675,0.000108679807422,0.2491801982157531
punjab_stubble_belt,2026-08-02,31.575,74.725,0.0001543818576364,0.2106984490021334
punjab_stubble_belt,2026-08-02,31.575,74.775,0.0001604994698859,0.1940524366184404
punjab_stubble_belt,2026-08-02,31.575,74.825,0.0001510694803785,0.2148645535696288
punjab_stubble_belt,2026-08-02,31.575,74.875,0.0001327301956314,0.2578804681406882
punjab_stubble_belt,2026-08-02,31.575,74.925,0.0001168152757815,0.2715749752404051
punjab_stubble_belt,2026-08-02,31.575,74.975,0.0001293834776885,0.2591686066294174
punjab_stubble_belt,2026-08-02,31.575,75.025,0.0001026299094383,0.2482633001348002
punjab_stubble_belt,2026-08-02,31.575,75.075,6.311195364824873e-05,0.2320607768994436
punjab_stubble_belt,2026-08-02,31.575,75.125,2.963710880973463e-05,0.2137510232044557
punjab_stubble_belt,2026-08-02,31.575,75.175,7.634299781375604e-05,0.2109160010485886
punjab_stubble_belt,2026-08-02,31.575,75.225,0.0001211002176998,0.1993064619861255
punjab_stubble_belt,2026-08-02,31.575,75.275,0.0001298067940074,0.208581201452224
punjab_stubble_belt,2026-08-02,31.575,75.3,0.000129441508367,0.2175171600223341
punjab_stubble_belt,2026-08-02,31.625,74.625,6.991645909080919e-05,0.2527558473835802
punjab_stubble_belt,2026-08-02,31.625,74.675,9.043959398240104e-05,0.2513965922239131
punjab_stubble_belt,2026-08-02,31.625,74.725,0.0001641397914927,0.2280511491282236
punjab_stubble_belt,2026-08-02,31.625,74.775,0.0001787524292935,0.2108529622357372
punjab_stubble_belt,2026-08-02,31.625,74.825,0.0001604931310453,0.2286284980615792
punjab_stubble_belt,2026-08-02,31.625,74.875,0.0001224736527935,0.2657368081214977
punjab_stubble_belt,2026-08-02,31.625,74.925,0.0001053039755228,0.264465685884435
punjab_stubble_belt,2026-08-02,31.625,74.975,0.000112838177277,0.2555373019699972
punjab_stubble_belt,2026-08-02,31.625,75.025,0.0001172278271422,0.251194889788758
punjab_stubble_belt,2026-08-02,31.625,75.075,0.0001003218948985,0.2443192781376071
punjab_stubble_belt,2026-08-02,31.625,75.125,7.20158398942746e-05,0.2360629469435751
punjab_stubble_belt,2026-08-02,31.625,75.175,9.822342476888676e-05,0.235007265652906
punjab_stubble_belt,2026-08-02,31.625,75.225,0.0001261603118963,0.2157308964635197
punjab_stubble_belt,2026-08-02,31.625,75.275,0.0001304198108661,0.2078639665701435
punjab_stubble_belt,2026-08-02,31.625,75.3,0.0001293954457219,0.2028724907019744
punjab_stubble_belt,2026-08-02,31.675,74.775,0.0001303872843425,0.2961924053082179
punjab_stubble_belt,2026-08-02,31.675,74.825,0.0001301845365278,0.2831015092859029
punjab_stubble_belt,2026-08-02,31.675,74.875,0.0001143045452541,0.2553008381660322
punjab_stubble_belt,2026-08-02,31.675,74.925,0.0001010484301176,0.2490353445192856
punjab_stubble_belt,2026-08-02,31.675,74.975,0.0001089457586217,0.2454844011839203
punjab_stubble_belt,2026-08-02,31.675,75.025,0.0001403307506352,0.2508904473093425
punjab_stubble_belt,2026-08-02,31.675,75.075,0.0001502081620656,0.2575396982139782
punjab_stubble_belt,2026-08-02,31.675,75.125,0.0001367943568015,0.2602277875122106
punjab_stubble_belt,2026-08-02,31.675,75.175,0.0001312514310232,0.2364605365783345
punjab_stubble_belt,2026-08-02,31.675,75.225,0.0001412747336679,0.2126392577779719
punjab_stubble_belt,2026-08-02,31.675,75.275,0.0001368830475424,0.1994793232912734
punjab_stubble_belt,2026-08-02,31.675,75.3,0.0001538993303814,0.193875637967325
punjab_stubble_belt,2026-08-02,31.725,74.775,0.0001303872843425,0.2961924053082179
punjab_stubble_belt,2026-08-02,31.725,74.825,0.0001301781000892,0.2826859252851944
punjab_stubble_belt,2026-08-02,31.725,74.875,0.0001274675767682,0.2620670525057054
punjab_stubble_belt,2026-08-02,31.725,74.925,0.0001137585903102,0.2582376699168949
punjab_stubble_belt,2026-08-02,31.725,74.975,0.000128945557151,0.2542357129634913
punjab_stubble_belt,2026-08-02,31.725,75.025,0.0001285856388448,0.2513438107898971
punjab_stubble_belt,2026-08-02,31.725,75.075,0.0001277028038893,0.2473120602912185
punjab_stubble_belt,2026-08-02,31.725,75.125,0.0001348473563259,0.2400322259190431
punjab_stubble_belt,2026-08-02,31.725,75.175,0.0001837290552989,0.2184129092051863
punjab_stubble_belt,2026-08-02,31.725,75.225,0.0001937400639891,0.2159190317945527
punjab_stubble_belt,2026-08-02,31.725,75.275,0.0001880726535028,0.2028527486661957
punjab_stubble_belt,2026-08-02,31.775,74.775,0.0001303872843425,0.2961924053082179
punjab_stubble_belt,2026-08-02,31.775,74.825,0.0001300682191924,0.2713059595378354
punjab_stubble_belt,2026-08-02,31.775,74.875,0.0001258409811093,0.2638456272317009
punjab_stubble_belt,2026-08-02,31.775,74.925,0.000101388382396,0.2425491606977828
punjab_stubble_belt,2026-08-02,31.775,74.975,0.000106918954019,0.2396874249807535
punjab_stubble_belt,2026-08-02,31.775,75.025,0.0001303444444681,0.2486419026819746
punjab_stubble_belt,2026-08-02,31.775,75.075,0.0001423690877319,0.2526017340024991
punjab_stubble_belt,2026-08-02,31.775,75.125,0.0001405968273877,0.2482305485438443
punjab_stubble_belt,2026-08-02,31.775,75.175,0.0001408850141878,0.2320530742766903
punjab_stubble_belt,2026-08-02,31.775,75.225,0.0001499956601559,0.229617488657156
punjab_stubble_belt,2026-08-02,31.775,75.275,0.0001644830818569,0.213748811722289
punjab_stubble_belt,2026-08-02,31.775,75.3,0.0001777130159548,0.1995636848680986
punjab_stubble_belt,2026-08-02,31.825,74.625,0.0001680968815946,0.2204915020996573
punjab_stubble_belt,2026-08-02,31.825,74.675,0.0001684481943603,0.2205435166589706
punjab_stubble_belt,2026-08-02,31.825,74.725,0.0001118584452472,0.2244311382361694
punjab_stubble_belt,2026-08-02,31.825,74.775,0.0001056973931187,0.2240683509899305
punjab_stubble_belt,2026-08-02,31.825,74.825,8.905881987507049e-05,0.2253724370621993
punjab_stubble_belt,2026-08-02,31.825,74.875,8.290386995793616e-05,0.2279765452203291
punjab_stubble_belt,2026-08-02,31.825,74.925,0.0001336168522863,0.2363124873366751
punjab_stubble_belt,2026-08-02,31.825,74.975,0.0001208118567455,0.2254952626979015
punjab_stubble_belt,2026-08-02,31.825,75.025,0.0001299499115322,0.2314346672293813
punjab_stubble_belt,2026-08-02,31.825,75.075,0.0001086789237324,0.2339790543669549
punjab_stubble_belt,2026-08-02,31.825,75.125,6.58964407242298e-05,0.2308123168472684
punjab_stubble_belt,2026-08-02,31.825,75.175,8.867029785517372e-05,0.2287418836482147
punjab_stubble_belt,2026-08-02,31.825,75.225,0.0001321362598604,0.2208150856987981
punjab_stubble_belt,2026-08-02,31.825,75.275,0.0001549832278897,0.2213881867908362
punjab_stubble_belt,2026-08-02,31.825,75.3,0.0001668782450295,0.2187767288029261
punjab_stubble_belt,2026-08-02,31.875,74.625,0.000144899377675,0.2170234276757552
punjab_stubble_belt,2026-08-02,31.875,74.675,0.0001459600050263,0.2170151588523717
punjab_stubble_belt,2026-08-02,31.875,74.725,0.0001381812743515,0.2185729324013925
punjab_stubble_belt,2026-08-02,31.875,74.775,0.000135728942442,0.2172036110644115
punjab_stubble_belt,2026-08-02,31.875,74.825,0.0001175756983373,0.2085835773965296
punjab_stubble_belt,2026-08-02,31.875,74.875,9.72611709072314e-05,0.1992297432899182
punjab_stubble_belt,2026-08-02,31.875,74.925,0.0001236422663055,0.2114652397785949
punjab_stubble_belt,2026-08-02,31.875,74.975,0.0001244985968627,0.2175298873563306
punjab_stubble_belt,2026-08-02,31.875,75.025,0.0001257016270651,0.2199791406609622
punjab_stubble_belt,2026-08-02,31.875,75.075,9.42169029303336e-05,0.2190195528228118
punjab_stubble_belt,2026-08-02,31.875,75.125,4.3501029622172366e-05,0.2166010726060387
punjab_stubble_belt,2026-08-02,31.875,75.175,6.275710421027517e-05,0.2240879895702449
punjab_stubble_belt,2026-08-02,31.875,75.225,0.0001031144927609,0.2172509619154439
punjab_stubble_belt,2026-08-02,31.875,75.275,0.0001561434601393,0.2180737655899958
punjab_stubble_belt,2026-08-02,31.875,75.3,0.0001956235407694,0.2148454403022596
punjab_stubble_belt,2026-08-04,31.325,74.725,0.0001063390184265,0.2544415705373626
punjab_stubble_belt,2026-08-04,31.325,74.775,0.0001517171229286,0.198509957767855
punjab_stubble_belt,2026-08-04,31.325,74.825,0.0001892604323331,0.1486836176432498
punjab_stubble_belt,2026-08-04,31.325,74.875,0.0001890514499901,0.1097857087444661
punjab_stubble_belt,2026-08-04,31.325,74.925,6.390148842116759e-05,0.0633571643537921
punjab_stubble_belt,2026-08-04,31.325,74.975,0.0001487841880467,0.0734604853221588
punjab_stubble_belt,2026-08-04,31.325,75.025,0.0001310246252661,0.1538364970795107
punjab_stubble_belt,2026-08-04,31.325,75.075,0.0001148194179178,0.1996174905527226
punjab_stubble_belt,2026-08-04,31.375,74.625,0.0002117943116091,0.2700264829958876
punjab_stubble_belt,2026-08-04,31.375,74.675,0.0002381747546203,0.297300407599682
punjab_stubble_belt,2026-08-04,31.375,74.725,0.0001036950588327,0.2868164918904782
punjab_stubble_belt,2026-08-04,31.375,74.775,0.0001165364058584,0.2327398983555464
punjab_stubble_belt,2026-08-04,31.375,74.825,0.0001522220756823,0.1811184478788359
punjab_stubble_belt,2026-08-04,31.375,74.875,0.0001728533325995,0.1466145331311044
punjab_stubble_belt,2026-08-04,31.375,74.925,0.000118489594232,0.152739661892286
punjab_stubble_belt,2026-08-04,31.375,74.975,0.0001258823418455,0.1487866262811738
punjab_stubble_belt,2026-08-04,31.375,75.025,0.0001199523675941,0.1938413934684783
punjab_stubble_belt,2026-08-04,31.375,75.075,0.0001181179219098,0.2293826046996706
punjab_stubble_belt,2026-08-04,31.375,75.125,0.0001274052612777,0.2621470753194722
punjab_stubble_belt,2026-08-04,31.425,74.625,0.0002153045798209,0.2736137236982908
punjab_stubble_belt,2026-08-04,31.425,74.675,0.0002381747530691,0.2973004056634442
punjab_stubble_belt,2026-08-04,31.425,74.725,0.000238174753185,0.2973004058081057
punjab_stubble_belt,2026-08-04,31.425,74.875,0.0001635401693727,0.2685278243733423
punjab_stubble_belt,2026-08-04,31.425,74.925,0.0001635401693727,0.2685278243733423
punjab_stubble_belt,2026-08-04,31.425,74.975,6.936813719588351e-05,0.2516010724452193
punjab_stubble_belt,2026-08-04,31.425,75.025,0.0001051730395318,0.2534312172170866
punjab_stubble_belt,2026-08-04,31.425,75.075,0.0001266723844439,0.2569461104394827
punjab_stubble_belt,2026-08-04,31.425,75.125,0.0001193081290422,0.2591764907684331
punjab_stubble_belt,2026-08-04,31.475,74.625,0.0002311236982643,0.2897729591019828
punjab_stubble_belt,2026-08-04,31.475,74.675,0.0002381747460086,0.2973003968502236
punjab_stubble_belt,2026-08-04,31.475,74.725,0.0002381747460086,0.2973003968502236
punjab_stubble_belt,2026-08-04,31.475,74.975,0.0001131427140103,0.2763691801313729
punjab_stubble_belt,2026-08-04,31.475,75.025,0.0001208021799689,0.2788980262108682
punjab_stubble_belt,2026-08-04,31.475,75.075,0.0001088004909279,0.2672033019758362
punjab_stubble_belt,2026-08-04,31.475,75.125,8.141355018053182e-05,0.2452741550695702
punjab_stubble_belt,2026-08-04,31.525,74.625,0.0002289439623329,0.0658712840855516
punjab_stubble_belt,2026-08-04,31.525,74.675,0.0002617336113505,0.1947686797178697
punjab_stubble_belt,2026-08-04,31.525,74.725,0.000263630969633,0.1865110917609016
punjab_stubble_belt,2026-08-04,31.525,74.975,0.0001131427140103,0.2763691801313729
punjab_stubble_belt,2026-08-04,31.525,75.025,0.0001103369521533,0.2951614398390417
punjab_stubble_belt,2026-08-04,31.525,75.075,0.000112957057329,0.2877461554041133
punjab_stubble_belt,2026-08-04,31.525,75.125,0.0001226413533899,0.2746679441001791
punjab_stubble_belt,2026-08-04,31.525,75.175,0.0001671248646004,0.2836658166721699
punjab_stubble_belt,2026-08-04,31.525,75.225,0.0001671248646004,0.2836658166721699
punjab_stubble_belt,2026-08-04,31.575,74.625,0.0002134878687407,0.0428996527685187
punjab_stubble_belt,2026-08-04,31.575,74.675,0.0002416281864503,0.1861907955471328
punjab_stubble_belt,2026-08-04,31.575,74.725,0.0002415596419544,0.1861897977396132
punjab_stubble_belt,2026-08-04,31.575,75.025,0.0001129373592337,0.2777609205292068
punjab_stubble_belt,2026-08-04,31.575,75.075,0.0001284734566176,0.2800438547688621
punjab_stubble_belt,2026-08-04,31.575,75.125,0.0001564336582321,0.2849715018244129
punjab_stubble_belt,2026-08-04,31.575,75.175,0.0001728652686406,0.2924687118287529
punjab_stubble_belt,2026-08-04,31.575,75.225,0.0001728831515193,0.2924961351781504
punjab_stubble_belt,2026-08-04,31.625,74.625,0.0001812846748721,0.1173826646612717
punjab_stubble_belt,2026-08-04,31.625,74.675,0.0001819920482006,0.2136173669105568
punjab_stubble_belt,2026-08-04,31.625,74.725,0.0001804365376264,0.2145016046086846
punjab_stubble_belt,2026-08-04,31.625,75.025,8.783937648061385e-05,0.2654031683142456
punjab_stubble_belt,2026-08-04,31.625,75.075,0.0001075116253077,0.2626471923560387
punjab_stubble_belt,2026-08-04,31.625,75.125,0.0001455942706605,0.2602510242039277
punjab_stubble_belt,2026-08-04,31.625,75.175,0.000186481936312,0.2789532999931209
punjab_stubble_belt,2026-08-04,31.625,75.225,0.000186624365113,0.2787146972698186
punjab_stubble_belt,2026-08-04,31.675,74.625,0.0001512902361375,0.2179295801830579
punjab_stubble_belt,2026-08-04,31.675,74.675,0.0001111033823445,0.2540662127308215
punjab_stubble_belt,2026-08-04,31.675,74.725,0.0001107954508126,0.2541820203553476
punjab_stubble_belt,2026-08-04,31.675,74.775,0.000200886417707,0.2506380385381148
punjab_stubble_belt,2026-08-04,31.675,74.825,0.000200886417707,0.2506380385381148
punjab_stubble_belt,2026-08-04,31.675,74.875,9.60818753535259e-05,0.2892551663929728
punjab_stubble_belt,2026-08-04,31.675,74.925,9.60818753535259e-05,0.2892551663929728
punjab_stubble_belt,2026-08-04,31.675,74.975,0.0001277026274364,0.28812051251843
punjab_stubble_belt,2026-08-04,31.675,75.025,5.514207727011178e-05,0.2637853268060559
punjab_stubble_belt,2026-08-04,31.675,75.075,6.569781446863246e-05,0.2434219806199
punjab_stubble_belt,2026-08-04,31.675,75.125,0.0001075531182679,0.2177445566042049
punjab_stubble_belt,2026-08-04,31.675,75.175,0.0001895420286749,0.2469166545455794
punjab_stubble_belt,2026-08-04,31.675,75.225,0.0001668801593489,0.2709670096037759
punjab_stubble_belt,2026-08-04,31.675,75.275,0.0001407547287186,0.296905456194657
punjab_stubble_belt,2026-08-04,31.725,74.625,0.0001920834017138,0.1438636640226864
punjab_stubble_belt,2026-08-04,31.725,74.675,0.0001156087495149,0.2523718235059586
punjab_stubble_belt,2026-08-04,31.725,74.725,0.0001156087495149,0.2523718235059586
punjab_stubble_belt,2026-08-04,31.725,74.775,0.000200886417707,0.2506380385381148
punjab_stubble_belt,2026-08-04,31.725,74.825,0.000200886417707,0.2506380385381148
punjab_stubble_belt,2026-08-04,31.725,74.875,9.60818753535259e-05,0.2892551663929728
punjab_stubble_belt,2026-08-04,31.725,74.925,9.60818753535259e-05,0.2892551663929728
punjab_stubble_belt,2026-08-04,31.725,74.975,0.0001270573059653,0.2881436687199514
punjab_stubble_belt,2026-08-04,31.725,75.025,0.0001307141276348,0.2880124502446641
punjab_stubble_belt,2026-08-04,31.725,75.125,0.0001166352335949,0.2154405104035777
punjab_stubble_belt,2026-08-04,31.725,75.175,0.0001166352335949,0.2154405104035777
punjab_stubble_belt,2026-08-04,31.725,75.225,0.0001374588970867,0.2857736002480499
punjab_stubble_belt,2026-08-04,31.725,75.275,0.0001407547287186,0.296905456194657
punjab_stubble_belt,2026-08-04,31.775,74.625,0.0002450278650822,0.06578574243524
punjab_stubble_belt,2026-08-04,31.775,74.675,0.0001401563466882,0.1222664199128668
punjab_stubble_belt,2026-08-04,31.775,74.725,0.0002880953059965,0.0541232175873806
punjab_stubble_belt,2026-08-04,31.775,74.775,0.0002438183775368,0.0725702900345062
punjab_stubble_belt,2026-08-04,31.775,74.825,0.0002299720302416,0.1329176306426561
punjab_stubble_belt,2026-08-04,31.775,74.875,0.0002258957131167,0.2249615380994708
punjab_stubble_belt,2026-08-04,31.775,74.925,9.741190427349024e-05,0.2871333634473784
punjab_stubble_belt,2026-08-04,31.775,74.975,0.0001285704610972,0.2921426824602754
punjab_stubble_belt,2026-08-04,31.775,75.025,0.0001320517223157,0.2927222036267696
punjab_stubble_belt,2026-08-04,31.775,75.125,0.0001166352335949,0.2154405104035777
punjab_stubble_belt,2026-08-04,31.775,75.175,0.0001166352335949,0.2154405104035777
punjab_stubble_belt,2026-08-04,31.775,75.225,0.0001379171410569,0.2873213449251183
punjab_stubble_belt,2026-08-04,31.775,75.275,0.0001407547287186,0.296905456194657
punjab_stubble_belt,2026-08-04,31.825,74.625,0.000194826673001,0.0270150817749165
punjab_stubble_belt,2026-08-04,31.825,74.675,0.0001560616009288,0.0391770093071016
punjab_stubble_belt,2026-08-04,31.825,74.725,0.0002169053681812,0.0190670009392143
punjab_stubble_belt,2026-08-04,31.825,74.775,0.000192057798559,0.0213883238224906
punjab_stubble_belt,2026-08-04,31.825,74.825,0.0001722255358263,0.0872298009936488
punjab_stubble_belt,2026-08-04,31.825,74.875,0.0001593461451897,0.1857998249831263
punjab_stubble_belt,2026-08-04,31.825,74.925,9.75689215765416e-05,0.2868828728218568
punjab_stubble_belt,2026-08-04,31.825,74.975,0.0001286229078959,0.2926053507899275
punjab_stubble_belt,2026-08-04,31.825,75.025,0.0001322060601635,0.2932656367093203
punjab_stubble_belt,2026-08-04,31.875,74.625,0.0001636993068779,0.0134240814027266
punjab_stubble_belt,2026-08-04,31.875,74.675,0.0001875736493708,0.0001166425360861
punjab_stubble_belt,2026-08-04,31.875,74.725,0.0001770445304397,7.82477012911497e-06
punjab_stubble_belt,2026-08-04,31.875,74.775,0.0001935890849126,0.0
punjab_stubble_belt,2026-08-04,31.875,74.825,0.0001655407286669,0.0476713291140433
punjab_stubble_belt,2026-08-04,31.875,74.875,0.0001110492594283,0.1166669248054964
punjab_stubble_belt,2026-08-04,31.875,75.025,0.0001041719738362,0.2487064565136663
punjab_stubble_belt,2026-08-04,31.875,75.075,0.0001514006338734,0.2400006308756503
punjab_stubble_belt,2026-08-04,31.875,75.125,0.0002308306530268,0.2253590150298962
punjab_stubble_belt,2026-08-05,31.325,74.625,0.0001453204876144,0.1586192891160284
punjab_stubble_belt,2026-08-05,31.325,74.675,0.0001099140393441,0.1585761777772766
punjab_stubble_belt,2026-08-05,31.325,74.725,8.353803871393477e-05,0.1038719564615448
punjab_stubble_belt,2026-08-05,31.325,74.775,9.439326884560791e-05,0.142421837641453
punjab_stubble_belt,2026-08-05,31.325,74.825,0.0001009555977753,0.1637010453886674
punjab_stubble_belt,2026-08-05,31.325,75.025,0.0001092435889772,0.2967676733488271
punjab_stubble_belt,2026-08-05,31.325,75.075,0.0001092435889772,0.2967676733488271
punjab_stubble_belt,2026-08-05,31.375,74.625,0.0001396393730025,0.2029831598934013
punjab_stubble_belt,2026-08-05,31.375,74.675,9.262018775413234e-05,0.1598118604124551
punjab_stubble_belt,2026-08-05,31.375,74.725,8.242224167320695e-05,0.1079182371413694
punjab_stubble_belt,2026-08-05,31.375,74.775,8.118582568631542e-05,0.1448646246633326
punjab_stubble_belt,2026-08-05,31.375,74.825,8.099253211290819e-05,0.165500052727276
punjab_stubble_belt,2026-08-05,31.375,75.025,0.0001099016217688,0.2763451932990505
punjab_stubble_belt,2026-08-05,31.375,75.075,0.0001126587167473,0.270507496709913
punjab_stubble_belt,2026-08-05,31.375,75.125,0.0001232376192494,0.2488402975228369
punjab_stubble_belt,2026-08-05,31.425,74.625,0.0001164623433746,0.2862658527060105
punjab_stubble_belt,2026-08-05,31.425,75.025,0.0001023049837695,0.2514359079950497
punjab_stubble_belt,2026-08-05,31.425,75.075,0.0001071481241172,0.2519748168650891
punjab_stubble_belt,2026-08-05,31.425,75.125,0.0001153490981422,0.2529905318465156
punjab_stubble_belt,2026-08-05,31.475,75.025,6.287589910882747e-05,0.2586557514227556
punjab_stubble_belt,2026-08-05,31.475,75.075,6.870899420320234e-05,0.2638149553197218
punjab_stubble_belt,2026-08-05,31.475,75.125,7.843081936049378e-05,0.272413628481332
punjab_stubble_belt,2026-08-05,31.525,75.025,6.287589910882747e-05,0.2586557514227556
punjab_stubble_belt,2026-08-05,31.525,75.075,6.853223374579702e-05,0.2636586158076925
punjab_stubble_belt,2026-08-05,31.525,75.125,7.843081936049378e-05,0.272413628481332
punjab_stubble_belt,2026-08-05,31.625,75.075,0.0001671740595168,0.2771237536250241
punjab_stubble_belt,2026-08-05,31.625,75.125,0.0001651361648566,0.2768105198033487
punjab_stubble_belt,2026-08-05,31.625,75.175,0.0001485418797662,0.2742599015411347
punjab_stubble_belt,2026-08-05,31.625,75.225,0.0001485418797662,0.2742599015411347
punjab_stubble_belt,2026-08-05,31.675,74.825,0.0003669209792818,0.2763793764718737
punjab_stubble_belt,2026-08-05,31.675,74.875,0.0003669209792818,0.2763793764718737
punjab_stubble_belt,2026-08-05,31.675,75.025,0.0001389328716507,0.2736771146173812
punjab_stubble_belt,2026-08-05,31.675,75.075,0.000154790637754,0.2626822555174329
punjab_stubble_belt,2026-08-05,31.675,75.125,0.0001572463677811,0.2620072217897654
punjab_stubble_belt,2026-08-05,31.675,75.175,0.0001429969697773,0.2772065386166306
punjab_stubble_belt,2026-08-05,31.675,75.225,0.0001434695473332,0.276955404774969
punjab_stubble_belt,2026-08-05,31.725,74.825,0.0003669209792818,0.2763793764718737
punjab_stubble_belt,2026-08-05,31.725,74.875,0.0003669209792818,0.2763793764718737
punjab_stubble_belt,2026-08-05,31.725,75.025,0.0001389328716507,0.2736771146173812
punjab_stubble_belt,2026-08-05,31.725,75.075,0.0001284758665081,0.2319940720388016
punjab_stubble_belt,2026-08-05,31.725,75.125,0.0001110826038734,0.1780415097253113
punjab_stubble_belt,2026-08-05,31.725,75.175,0.0001113447752574,0.2940269252559193
punjab_stubble_belt,2026-08-05,31.725,75.225,0.0001113447752574,0.2940269252559193
punjab_stubble_belt,2026-08-05,31.775,74.825,0.0003669209792818,0.2763793764718737
punjab_stubble_belt,2026-08-05,31.775,74.875,0.0003669209792818,0.2763793764718737
punjab_stubble_belt,2026-08-05,31.775,75.025,0.0002064421471153,0.2223306417244887
punjab_stubble_belt,2026-08-05,31.775,75.075,0.0001805078973965,0.1972089058842322
punjab_stubble_belt,2026-08-05,31.775,75.125,0.0001363494666522,0.1583560640641741
punjab_stubble_belt,2026-08-05,31.775,75.175,0.0001113447752574,0.2940269252559193
punjab_stubble_belt,2026-08-05,31.775,75.225,0.0001113447752574,0.2940269252559193
punjab_stubble_belt,2026-08-05,31.825,74.725,0.0001802122396555,0.2657230511357455
punjab_stubble_belt,2026-08-05,31.825,74.775,0.0001766782672343,0.2614661011371742
punjab_stubble_belt,2026-08-05,31.825,74.825,0.0001358905603815,0.2707112461021814
punjab_stubble_belt,2026-08-05,31.825,74.875,7.87870667588097e-05,0.2873555680011465
punjab_stubble_belt,2026-08-05,31.825,75.025,0.0001529167639565,0.2374765387352828
punjab_stubble_belt,2026-08-05,31.825,75.075,0.0001320284273269,0.230465153003819
punjab_stubble_belt,2026-08-05,31.825,75.125,9.658820601125033e-05,0.2190321438224217
punjab_stubble_belt,2026-08-05,31.875,74.725,0.0001751115429453,0.2625625312772149
punjab_stubble_belt,2026-08-05,31.875,74.775,0.0001676403512692,0.2524902800866297
punjab_stubble_belt,2026-08-05,31.875,74.825,0.0001410215206632,0.2573172114668757
punjab_stubble_belt,2026-08-05,31.875,74.875,0.000108566972733,0.2732689131029016
punjab_stubble_belt,2026-08-05,31.875,74.925,0.0001143798016916,0.2977419188516638
punjab_stubble_belt,2026-08-05,31.875,74.975,0.0001443158165725,0.2933918838273623
punjab_stubble_belt,2026-08-05,31.875,75.025,0.0001241646174192,0.2616654228012732
punjab_stubble_belt,2026-08-05,31.875,75.075,0.0001069061625069,0.2550042963562395
punjab_stubble_belt,2026-08-05,31.875,75.125,8.687056448903311e-05,0.2551843663495182
punjab_stubble_belt,2026-08-06,31.325,74.625,0.0002080941747926,0.0
punjab_stubble_belt,2026-08-06,31.325,74.675,0.0002300618714283,0.0
punjab_stubble_belt,2026-08-06,31.325,74.725,0.0002549988937323,0.0
punjab_stubble_belt,2026-08-06,31.325,74.775,0.0002101310767964,0.0
punjab_stubble_belt,2026-08-06,31.325,74.825,0.0001982734952107,0.0
punjab_stubble_belt,2026-08-06,31.325,74.875,0.0002128265514532,0.0
punjab_stubble_belt,2026-08-06,31.325,74.925,0.000201366644451,0.0
punjab_stubble_belt,2026-08-06,31.325,74.975,0.0002011880475355,0.0
punjab_stubble_belt,2026-08-06,31.325,75.025,0.0002038818863629,0.0
punjab_stubble_belt,2026-08-06,31.325,75.075,0.0002080688261099,0.0
punjab_stubble_belt,2026-08-06,31.325,75.125,0.0002107270504552,0.0
punjab_stubble_belt,2026-08-06,31.325,75.175,0.0001935481632221,0.0
punjab_stubble_belt,2026-08-06,31.325,75.225,0.0002031190994454,0.0024186986330823
punjab_stubble_belt,2026-08-06,31.325,75.275,0.0002066294462487,0.071306377827019
punjab_stubble_belt,2026-08-06,31.325,75.3,0.0002308144581081,0.1300128709646748
punjab_stubble_belt,2026-08-06,31.375,74.625,0.0002021281213259,0.0
punjab_stubble_belt,2026-08-06,31.375,74.675,0.0001891110757747,0.0
punjab_stubble_belt,2026-08-06,31.375,74.725,0.0002493393364588,0.0
punjab_stubble_belt,2026-08-06,31.375,74.775,0.0002471138756528,0.0
punjab_stubble_belt,2026-08-06,31.375,74.825,0.000238309745615,0.0
punjab_stubble_belt,2026-08-06,31.375,74.875,0.000239478416002,0.0
punjab_stubble_belt,2026-08-06,31.375,74.925,0.0002864406732308,0.0
punjab_stubble_belt,2026-08-06,31.375,74.975,0.0002522632533488,0.0
punjab_stubble_belt,2026-08-06,31.375,75.025,0.0002276743221849,0.0
punjab_stubble_belt,2026-08-06,31.375,75.075,0.0002226908943569,0.0
punjab_stubble_belt,2026-08-06,31.375,75.125,0.0002305649979788,0.0
punjab_stubble_belt,2026-08-06,31.375,75.175,0.0002101761231484,0.0
punjab_stubble_belt,2026-08-06,31.375,75.225,0.0001840188522072,0.0
punjab_stubble_belt,2026-08-06,31.375,75.275,0.0001936241490837,0.0402761059265654
punjab_stubble_belt,2026-08-06,31.375,75.3,0.0002070472962686,0.0630961139660731
punjab_stubble_belt,2026-08-06,31.425,74.625,0.0002102947173855,0.0
punjab_stubble_belt,2026-08-06,31.425,74.675,0.0001505873270194,0.0
punjab_stubble_belt,2026-08-06,31.425,74.725,0.0002174189127379,0.0
punjab_stubble_belt,2026-08-06,31.425,74.775,0.0002727274161707,0.0
punjab_stubble_belt,2026-08-06,31.425,74.825,0.0002867585579887,0.0
punjab_stubble_belt,2026-08-06,31.425,74.875,0.0002871838846772,0.0
punjab_stubble_belt,2026-08-06,31.425,74.925,0.0003738635298963,0.0
punjab_stubble_belt,2026-08-06,31.425,74.975,0.000316434213741,0.0005904339871664
punjab_stubble_belt,2026-08-06,31.425,75.025,0.0002480776907981,0.0002361735948665
punjab_stubble_belt,2026-08-06,31.425,75.075,0.0002237192223944,0.0
punjab_stubble_belt,2026-08-06,31.425,75.125,0.0002360810270385,0.0
punjab_stubble_belt,2026-08-06,31.425,75.175,0.00018348057009,0.0
punjab_stubble_belt,2026-08-06,31.425,75.225,0.0001431627228924,0.0
punjab_stubble_belt,2026-08-06,31.425,75.275,0.0001970611843259,0.0157182383954692
punjab_stubble_belt,2026-08-06,31.425,75.3,0.0002280713501095,0.0168044265537227
punjab_stubble_belt,2026-08-06,31.475,74.625,0.0003377505131826,0.0
punjab_stubble_belt,2026-08-06,31.475,74.675,0.0001809513472941,0.0
punjab_stubble_belt,2026-08-06,31.475,74.725,7.670997718471246e-05,0.0
punjab_stubble_belt,2026-08-06,31.475,74.775,8.049442587706779e-05,0.0
punjab_stubble_belt,2026-08-06,31.475,74.825,0.0001707167454185,0.0
punjab_stubble_belt,2026-08-06,31.475,74.875,0.0003086509532069,0.0
punjab_stubble_belt,2026-08-06,31.475,74.925,0.0003872039008326,0.0
punjab_stubble_belt,2026-08-06,31.475,74.975,0.0002846619018398,0.003379776165047
punjab_stubble_belt,2026-08-06,31.475,75.025,0.00013598346646,0.0013847694009567
punjab_stubble_belt,2026-08-06,31.475,75.075,0.0001129528654494,0.0
punjab_stubble_belt,2026-08-06,31.475,75.125,0.0002001181578651,0.0
punjab_stubble_belt,2026-08-06,31.475,75.175,0.0001544264728024,0.0
punjab_stubble_belt,2026-08-06,31.475,75.225,0.0001472672270744,0.0
punjab_stubble_belt,2026-08-06,31.475,75.275,0.0001879311809693,0.0016619974579605
punjab_stubble_belt,2026-08-06,31.525,74.625,0.0001871124750776,0.0
punjab_stubble_belt,2026-08-06,31.525,74.675,0.0001368999690843,0.0
punjab_stubble_belt,2026-08-06,31.525,74.725,0.0001486726035973,0.0
punjab_stubble_belt,2026-08-06,31.525,74.775,0.0001471544417906,0.0
punjab_stubble_belt,2026-08-06,31.525,74.825,0.0001607939466365,0.0035590847914617
punjab_stubble_belt,2026-08-06,31.525,74.875,0.000189616040497,0.0141263408832803
punjab_stubble_belt,2026-08-06,31.525,74.925,0.0002385126771753,0.0441798760209076
punjab_stubble_belt,2026-08-06,31.525,74.975,0.0001429614266825,0.0950632329704259
punjab_stubble_belt,2026-08-06,31.525,75.025,8.815639016779034e-05,0.0761837207833286
punjab_stubble_belt,2026-08-06,31.525,75.075,6.394846184696904e-05,0.0606915044016467
punjab_stubble_belt,2026-08-06,31.525,75.125,8.451111982246403e-05,0.0515403356056153
punjab_stubble_belt,2026-08-06,31.525,75.175,0.0002332455308727,0.003714505910745
punjab_stubble_belt,2026-08-06,31.525,75.225,0.0001734714198753,0.0005478750338409
punjab_stubble_belt,2026-08-06,31.525,75.275,0.0001052539164315,0.0198914782377932
punjab_stubble_belt,2026-08-06,31.525,75.3,0.0001349529513067,0.0191330741556627
punjab_stubble_belt,2026-08-06,31.575,74.625,0.0001976248970286,0.0
punjab_stubble_belt,2026-08-06,31.575,74.675,0.0001831316546202,0.0
punjab_stubble_belt,2026-08-06,31.575,74.725,0.0001949478465509,0.0
punjab_stubble_belt,2026-08-06,31.575,74.775,0.0002279369617213,0.0
punjab_stubble_belt,2026-08-06,31.575,74.825,0.0002362868184537,0.0099289586334491
punjab_stubble_belt,2026-08-06,31.575,74.875,0.0002270956318921,0.032220664280573
punjab_stubble_belt,2026-08-06,31.575,74.925,0.0002376502168472,0.0761960380167896
punjab_stubble_belt,2026-08-06,31.575,74.975,0.0001599084537826,0.1217139779062799
punjab_stubble_belt,2026-08-06,31.575,75.025,0.0001232706869619,0.1033541207840286
punjab_stubble_belt,2026-08-06,31.575,75.075,0.0001050132273772,0.0826790728671336
punjab_stubble_belt,2026-08-06,31.575,75.125,0.0001097481076328,0.0634944967966751
punjab_stubble_belt,2026-08-06,31.575,75.175,0.0001782789986396,0.0097529861957736
punjab_stubble_belt,2026-08-06,31.575,75.225,0.0001234416793755,0.0013322573476083
punjab_stubble_belt,2026-08-06,31.575,75.275,3.903082998129921e-05,0.0261971953494721
punjab_stubble_belt,2026-08-06,31.575,75.3,5.419380159996324e-06,0.0413950377026106
punjab_stubble_belt,2026-08-06,31.625,74.625,0.0002088362147046,0.0
punjab_stubble_belt,2026-08-06,31.625,74.675,0.0001924196350046,0.0
punjab_stubble_belt,2026-08-06,31.625,74.725,0.0002358064138019,0.0019709102492743
punjab_stubble_belt,2026-08-06,31.625,74.775,0.0002663919438821,0.0068794945368661
punjab_stubble_belt,2026-08-06,31.625,74.825,0.0002862790510134,0.0233237215562905
punjab_stubble_belt,2026-08-06,31.625,74.875,0.0002868366694762,0.0550254306787688
punjab_stubble_belt,2026-08-06,31.625,74.925,0.0002328531836315,0.1202016201938655
punjab_stubble_belt,2026-08-06,31.625,74.975,0.0001915020497782,0.1478016745270176
punjab_stubble_belt,2026-08-06,31.625,75.025,0.0001425757074199,0.1298669326932027
punjab_stubble_belt,2026-08-06,31.625,75.075,0.0001186192870068,0.1026791291670585
punjab_stubble_belt,2026-08-06,31.625,75.125,0.0001251099577135,0.0744579908168105
punjab_stubble_belt,2026-08-06,31.625,75.175,0.0001513044692452,0.0499003986914577
punjab_stubble_belt,2026-08-06,31.625,75.225,9.28567208124418e-05,0.0332149139997865
punjab_stubble_belt,2026-08-06,31.625,75.275,9.159980271259271e-05,0.0493485473575327
punjab_stubble_belt,2026-08-06,31.625,75.3,0.0001294170060941,0.0652826233703241
punjab_stubble_belt,2026-08-06,31.675,74.625,0.0002159074238025,0.0
punjab_stubble_belt,2026-08-06,31.675,74.675,0.0001972221857134,0.0
punjab_stubble_belt,2026-08-06,31.675,74.725,0.0002524833487667,0.0041717600276306
punjab_stubble_belt,2026-08-06,31.675,74.775,0.0002535370672205,0.0145405962501188
punjab_stubble_belt,2026-08-06,31.675,74.825,0.0002864516135642,0.0332733277475609
punjab_stubble_belt,2026-08-06,31.675,74.875,0.0003188458386093,0.0661699050994254
punjab_stubble_belt,2026-08-06,31.675,74.925,0.0002108800191593,0.1426035390658176
punjab_stubble_belt,2026-08-06,31.675,74.975,0.0002150890336171,0.1537567646534166
punjab_stubble_belt,2026-08-06,31.675,75.025,0.0001455093860669,0.1357167657713928
punjab_stubble_belt,2026-08-06,31.675,75.075,0.0001104022510537,0.1051100070115255
punjab_stubble_belt,2026-08-06,31.675,75.125,0.0001235175085153,0.0766720585987342
punjab_stubble_belt,2026-08-06,31.675,75.175,0.0001707718081229,0.097548914968916
punjab_stubble_belt,2026-08-06,31.675,75.225,0.0001077459599785,0.0828242795628378
punjab_stubble_belt,2026-08-06,31.675,75.275,0.0002174253267371,0.0895522299989395
punjab_stubble_belt,2026-08-06,31.675,75.3,0.0002777763626421,0.1258185309272381
punjab_stubble_belt,2026-08-06,31.725,74.625,0.0002597403254965,0.0
punjab_stubble_belt,2026-08-06,31.725,74.675,0.0003581325610733,0.0
punjab_stubble_belt,2026-08-06,31.725,74.725,0.0001768640955083,0.0
punjab_stubble_belt,2026-08-06,31.725,74.775,0.0001737140297225,0.0
punjab_stubble_belt,2026-08-06,31.725,74.825,0.0001852649599847,0.0
punjab_stubble_belt,2026-08-06,31.725,74.875,0.0001907180188319,0.0030652947489094
punjab_stubble_belt,2026-08-06,31.725,74.925,0.0001731745337769,0.0205630189406009
punjab_stubble_belt,2026-08-06,31.725,74.975,0.0002100996671951,0.0416410386528741
punjab_stubble_belt,2026-08-06,31.725,75.025,0.0001677259484147,0.0341718412679399
punjab_stubble_belt,2026-08-06,31.725,75.075,0.0001332691009078,0.0258331253555373
punjab_stubble_belt,2026-08-06,31.725,75.125,0.0001359453976849,0.0255418397108128
punjab_stubble_belt,2026-08-06,31.725,75.175,0.0002484346750024,0.0554885300879543
punjab_stubble_belt,2026-08-06,31.725,75.225,0.0002396452322412,0.1041856557373446
punjab_stubble_belt,2026-08-06,31.725,75.275,0.0002472347935378,0.1459101112494839
punjab_stubble_belt,2026-08-06,31.775,74.625,0.0002910543191065,0.0
punjab_stubble_belt,2026-08-06,31.775,74.675,0.0003330703746664,0.0
punjab_stubble_belt,2026-08-06,31.775,74.725,0.0001419385204878,0.0
punjab_stubble_belt,2026-08-06,31.775,74.775,0.0001715208262215,0.0
punjab_stubble_belt,2026-08-06,31.775,74.825,0.0002043056233766,0.0
punjab_stubble_belt,2026-08-06,31.775,74.875,0.0002166475790879,0.0007836027892408
punjab_stubble_belt,2026-08-06,31.775,74.925,0.0002016563988196,0.0057261809433182
punjab_stubble_belt,2026-08-06,31.775,74.975,0.0001074719556798,0.0058154103702085
punjab_stubble_belt,2026-08-06,31.775,75.025,0.0001968118470299,0.0196389571119721
punjab_stubble_belt,2026-08-06,31.775,75.075,0.000213272020716,0.0245037017911471
punjab_stubble_belt,2026-08-06,31.775,75.125,0.0001658426040159,0.0227701375620866
punjab_stubble_belt,2026-08-06,31.775,75.175,0.0003229343717414,0.0463832518853409
punjab_stubble_belt,2026-08-06,31.775,75.225,0.0002207445254618,0.0849483019772298
punjab_stubble_belt,2026-08-06,31.775,75.275,0.000166850069482,0.1141051927567946
punjab_stubble_belt,2026-08-06,31.775,75.3,0.00019163171252,0.146557321848602
punjab_stubble_belt,2026-08-06,31.825,74.625,0.0002732429622262,0.0
punjab_stubble_belt,2026-08-06,31.825,74.675,0.0002612156603265,0.0
punjab_stubble_belt,2026-08-06,31.825,74.725,0.0002097490225425,0.0
punjab_stubble_belt,2026-08-06,31.825,74.775,0.0002352049117331,0.0
punjab_stubble_belt,2026-08-06,31.825,74.825,0.0002126036656089,0.0
punjab_stubble_belt,2026-08-06,31.825,74.875,0.0001614971975059,0.0046696737097516
punjab_stubble_belt,2026-08-06,31.825,74.925,0.0001768563982616,0.0316701130512285
punjab_stubble_belt,2026-08-06,31.825,74.975,0.0001245142786665,0.0319566751496413
punjab_stubble_belt,2026-08-06,31.825,75.025,0.0002202126072389,0.0500022819407557
punjab_stubble_belt,2026-08-06,31.825,75.075,0.0002640330555722,0.0600735511263152
punjab_stubble_belt,2026-08-06,31.825,75.125,0.0002463856381603,0.0606849650231012
punjab_stubble_belt,2026-08-06,31.825,75.175,0.0002951406955653,0.066072944130667
punjab_stubble_belt,2026-08-06,31.825,75.225,0.0002322119278515,0.0804469972479647
punjab_stubble_belt,2026-08-06,31.825,75.275,0.0002084567742242,0.0973782787403761
punjab_stubble_belt,2026-08-06,31.825,75.3,0.0001845886118208,0.1107984711956607
punjab_stubble_belt,2026-08-06,31.875,74.625,0.0002549238825816,0.001342277773331
punjab_stubble_belt,2026-08-06,31.875,74.675,0.0002256333583504,0.0076230883956414
punjab_stubble_belt,2026-08-06,31.875,74.725,0.0002149364649193,0.0005151655170293
punjab_stubble_belt,2026-08-06,31.875,74.775,0.0002307934573275,1.351191841105997e-06
punjab_stubble_belt,2026-08-06,31.875,74.825,0.0002029034315275,0.0
punjab_stubble_belt,2026-08-06,31.875,74.875,0.0001639263497351,0.0073410450480394
punjab_stubble_belt,2026-08-06,31.875,74.925,0.0002354122174968,0.0489325348587434
punjab_stubble_belt,2026-08-06,31.875,74.975,0.000183320405885,0.0545265417958915
punjab_stubble_belt,2026-08-06,31.875,75.025,0.0002465811643092,0.0751376783250403
punjab_stubble_belt,2026-08-06,31.875,75.075,0.0002865833234658,0.0871499360322454
punjab_stubble_belt,2026-08-06,31.875,75.125,0.0002851152278881,0.086934023477573
punjab_stubble_belt,2026-08-06,31.875,75.175,0.0002620309343728,0.0750472558255237
punjab_stubble_belt,2026-08-06,31.875,75.225,0.0002420451283247,0.075405427225966
punjab_stubble_belt,2026-08-06,31.875,75.275,0.0002021508533275,0.0812715719766013
punjab_stubble_belt,2026-08-06,31.875,75.3,0.0001572709027123,0.0812407298232202
punjab_stubble_belt,2026-08-07,31.325,74.625,0.0001055433467202,0.2259196032091098
punjab_stubble_belt,2026-08-07,31.325,74.675,0.0001026244932579,0.2281216221737313
punjab_stubble_belt,2026-08-07,31.325,74.725,6.836965180324904e-05,0.2668499056597651
punjab_stubble_belt,2026-08-07,31.325,74.775,6.575918326957342e-05,0.2696307610415051
punjab_stubble_belt,2026-08-07,31.325,74.825,6.316974116574043e-05,0.2658933082179083
punjab_stubble_belt,2026-08-07,31.325,74.875,5.96998163463358e-05,0.2596892760271903
punjab_stubble_belt,2026-08-07,31.325,74.925,6.165635461025485e-05,0.2558687307616749
punjab_stubble_belt,2026-08-07,31.325,74.975,8.569597639986994e-05,0.2131505777073582
punjab_stubble_belt,2026-08-07,31.325,75.025,8.882177068234567e-05,0.2076853432264506
punjab_stubble_belt,2026-08-07,31.325,75.075,8.786411535945689e-05,0.2032887160207264
punjab_stubble_belt,2026-08-07,31.325,75.125,8.610430582263946e-05,0.1950246285271963
punjab_stubble_belt,2026-08-07,31.325,75.175,8.834077422626722e-05,0.1839427070662005
punjab_stubble_belt,2026-08-07,31.325,75.225,8.80540635170977e-05,0.1842415639100866
punjab_stubble_belt,2026-08-07,31.325,75.275,0.0001242206123531,0.1637253469373928
punjab_stubble_belt,2026-08-07,31.325,75.3,0.0001396925001679,0.1481754034100328
punjab_stubble_belt,2026-08-07,31.375,74.625,9.964574031957684e-05,0.2289346530606355
punjab_stubble_belt,2026-08-07,31.375,74.675,0.0001066764655396,0.2342215299649244
punjab_stubble_belt,2026-08-07,31.375,74.725,9.922600518505315e-05,0.2568930585896124
punjab_stubble_belt,2026-08-07,31.375,74.775,9.831558817677024e-05,0.2588144865819682
punjab_stubble_belt,2026-08-07,31.375,74.825,9.141447563282074e-05,0.2590083163924423
punjab_stubble_belt,2026-08-07,31.375,74.875,8.111586777148128e-05,0.2584164758791433
punjab_stubble_belt,2026-08-07,31.375,74.925,7.6093102759413e-05,0.2531344675233183
punjab_stubble_belt,2026-08-07,31.375,74.975,7.682137961186992e-05,0.2298931774391695
punjab_stubble_belt,2026-08-07,31.375,75.025,7.706567738844373e-05,0.2273278927864664
punjab_stubble_belt,2026-08-07,31.375,75.075,7.240746623063186e-05,0.220984353028593
punjab_stubble_belt,2026-08-07,31.375,75.125,6.398839358100675e-05,0.2091889430763568
punjab_stubble_belt,2026-08-07,31.375,75.175,5.817170037459494e-05,0.203347658859267
punjab_stubble_belt,2026-08-07,31.375,75.225,7.252858064782219e-05,0.1989171708447236
punjab_stubble_belt,2026-08-07,31.375,75.275,0.0001505611107503,0.1706157430127248
punjab_stubble_belt,2026-08-07,31.375,75.3,0.0002068901959517,0.151975102093241
punjab_stubble_belt,2026-08-07,31.425,74.625,9.173017992845456e-05,0.2331170657625637
punjab_stubble_belt,2026-08-07,31.425,74.675,0.0001088056571128,0.2413689634306256
punjab_stubble_belt,2026-08-07,31.425,74.725,0.0001372120628861,0.2530009392593277
punjab_stubble_belt,2026-08-07,31.425,74.775,0.000139362824277,0.2543171607336676
punjab_stubble_belt,2026-08-07,31.425,74.825,0.0001241845181451,0.2601400791311374
punjab_stubble_belt,2026-08-07,31.425,74.875,0.0001004841933919,0.2672384445616351
punjab_stubble_belt,2026-08-07,31.425,74.925,8.957439953744651e-05,0.2602669004293837
punjab_stubble_belt,2026-08-07,31.425,74.975,7.311252830776697e-05,0.2522139239097106
punjab_stubble_belt,2026-08-07,31.425,75.025,7.135209166154766e-05,0.2514653488627055
punjab_stubble_belt,2026-08-07,31.425,75.075,6.346588564609984e-05,0.2404295265993909
punjab_stubble_belt,2026-08-07,31.425,75.125,4.9238258147397744e-05,0.2209888824187637
punjab_stubble_belt,2026-08-07,31.425,75.175,4.735485928826461e-05,0.2172747154383497
punjab_stubble_belt,2026-08-07,31.425,75.225,8.280568648712731e-05,0.2059243449317464
punjab_stubble_belt,2026-08-07,31.425,75.275,0.0001859376137324,0.1713239478321438
punjab_stubble_belt,2026-08-07,31.425,75.3,0.0002419823339587,0.1490265188362931
punjab_stubble_belt,2026-08-07,31.475,74.625,0.0001140405204317,0.242199408891659
punjab_stubble_belt,2026-08-07,31.475,74.675,0.0001114151319817,0.2511543588642862
punjab_stubble_belt,2026-08-07,31.475,74.725,0.0001119560629521,0.2591207694601736
punjab_stubble_belt,2026-08-07,31.475,74.775,0.0001123345346561,0.2611835685465352
punjab_stubble_belt,2026-08-07,31.475,74.825,0.0001097066275892,0.268357780279264
punjab_stubble_belt,2026-08-07,31.475,74.875,0.0001065101629557,0.2754358043984473
punjab_stubble_belt,2026-08-07,31.475,74.925,0.0001118439103535,0.2614023344296803
punjab_stubble_belt,2026-08-07,31.475,74.975,0.0001143933803669,0.2516141242794528
punjab_stubble_belt,2026-08-07,31.475,75.025,0.000114893139692,0.2497893976662013
punjab_stubble_belt,2026-08-07,31.475,75.075,9.031099082409749e-05,0.234026369595689
punjab_stubble_belt,2026-08-07,31.475,75.125,4.91247489575685e-05,0.2082345539611154
punjab_stubble_belt,2026-08-07,31.475,75.175,4.894269582908156e-05,0.2069997448728573
punjab_stubble_belt,2026-08-07,31.475,75.225,9.866994820155052e-05,0.1905632519117484
punjab_stubble_belt,2026-08-07,31.475,75.275,0.0001814095075508,0.1635699489521863
punjab_stubble_belt,2026-08-07,31.525,74.625,0.0002103028253355,0.2417598674769021
punjab_stubble_belt,2026-08-07,31.525,74.675,0.0001346761774051,0.2186575432213165
punjab_stubble_belt,2026-08-07,31.525,74.725,0.0001237875476915,0.2152183501715411
punjab_stubble_belt,2026-08-07,31.525,74.775,0.0001070882645881,0.2231599479340989
punjab_stubble_belt,2026-08-07,31.525,74.825,8.589651037291943e-05,0.2342786497625271
punjab_stubble_belt,2026-08-07,31.525,74.875,6.845815720447363e-05,0.250470974526002
punjab_stubble_belt,2026-08-07,31.525,74.925,8.150844878495892e-05,0.2846739735017372
punjab_stubble_belt,2026-08-07,31.525,74.975,8.349356553975392e-05,0.2884313931252056
punjab_stubble_belt,2026-08-07,31.525,75.025,8.798251445353352e-05,0.2747254894658802
punjab_stubble_belt,2026-08-07,31.525,75.075,9.387006218133442e-05,0.2454171872297481
punjab_stubble_belt,2026-08-07,31.525,75.125,9.94127991721008e-05,0.2099630417638713
punjab_stubble_belt,2026-08-07,31.525,75.175,9.969823047807209e-05,0.209832487090479
punjab_stubble_belt,2026-08-07,31.525,75.225,8.292601655362915e-05,0.1750308047036946
punjab_stubble_belt,2026-08-07,31.525,75.275,7.715476275510678e-05,0.1539233063436586
punjab_stubble_belt,2026-08-07,31.525,75.3,0.0001468041457708,0.1452327800142256
punjab_stubble_belt,2026-08-07,31.575,74.625,0.0001916893928992,0.2149095436496871
punjab_stubble_belt,2026-08-07,31.575,74.675,0.0001451283781438,0.20083704606592
punjab_stubble_belt,2026-08-07,31.575,74.725,0.0001410338377098,0.199419557352176
punjab_stubble_belt,2026-08-07,31.575,74.775,0.0001149218001944,0.2212639521626123
punjab_stubble_belt,2026-08-07,31.575,74.825,8.820496903348309e-05,0.243228535106817
punjab_stubble_belt,2026-08-07,31.575,74.875,6.883553028681644e-05,0.2606931413626393
punjab_stubble_belt,2026-08-07,31.575,74.925,7.906532436332856e-05,0.286548199467272
punjab_stubble_belt,2026-08-07,31.575,74.975,8.101263562309261e-05,0.2915117861282117
punjab_stubble_belt,2026-08-07,31.575,75.025,0.0001217013823429,0.2780794849921514
punjab_stubble_belt,2026-08-07,31.575,75.075,0.0001226856866841,0.2505988217580031
punjab_stubble_belt,2026-08-07,31.575,75.125,0.0001114295930259,0.2090641808295048
punjab_stubble_belt,2026-08-07,31.575,75.175,0.0001115044979828,0.2090544162063801
punjab_stubble_belt,2026-08-07,31.575,75.225,8.51130326725869e-05,0.1666786459270766
punjab_stubble_belt,2026-08-07,31.575,75.275,7.416226095652013e-05,0.1489569606726749
punjab_stubble_belt,2026-08-07,31.575,75.3,6.791049476556309e-05,0.1419162580130048
punjab_stubble_belt,2026-08-07,31.625,74.625,0.0001649375437409,0.2114910737562697
punjab_stubble_belt,2026-08-07,31.625,74.675,0.0001522891982582,0.2201091690951215
punjab_stubble_belt,2026-08-07,31.625,74.725,0.0001524929469486,0.2202764915148923
punjab_stubble_belt,2026-08-07,31.625,74.775,0.0001262968918753,0.2289955540864413
punjab_stubble_belt,2026-08-07,31.625,74.825,9.0376680199262e-05,0.2492048380906943
punjab_stubble_belt,2026-08-07,31.625,74.875,7.421970236098585e-05,0.2633655891502609
punjab_stubble_belt,2026-08-07,31.625,74.925,0.0001056600390799,0.2224148965719558
punjab_stubble_belt,2026-08-07,31.625,74.975,0.0001050372798035,0.2219153731015057
punjab_stubble_belt,2026-08-07,31.625,75.025,0.0001370264969822,0.2327444236292346
punjab_stubble_belt,2026-08-07,31.625,75.075,0.0001383618550338,0.2167791181612121
punjab_stubble_belt,2026-08-07,31.625,75.125,0.0001282687541614,0.1864023312071918
punjab_stubble_belt,2026-08-07,31.625,75.175,0.0001300849303094,0.1859358525554464
punjab_stubble_belt,2026-08-07,31.625,75.225,0.0001303128457575,0.1544210246042311
punjab_stubble_belt,2026-08-07,31.625,75.275,0.0001273733389307,0.1439703936159798
punjab_stubble_belt,2026-08-07,31.625,75.3,0.0001374564423099,0.1402063771607269
punjab_stubble_belt,2026-08-07,31.675,74.625,0.0001416967624848,0.2234077801736961
punjab_stubble_belt,2026-08-07,31.675,74.675,0.0001487179662089,0.2520430221155798
punjab_stubble_belt,2026-08-07,31.675,74.725,0.000149453409058,0.2530804724598713
punjab_stubble_belt,2026-08-07,31.675,74.775,0.0001382967896967,0.2483601012691898
punjab_stubble_belt,2026-08-07,31.675,74.825,9.892644725354944e-05,0.2320973497806173
punjab_stubble_belt,2026-08-07,31.675,74.875,0.0001023261540925,0.2249689318406702
punjab_stubble_belt,2026-08-07,31.675,74.925,0.0001050911546277,0.218086189787196
punjab_stubble_belt,2026-08-07,31.675,74.975,0.0001044966301029,0.2178344578955329
punjab_stubble_belt,2026-08-07,31.675,75.025,0.0001290619982274,0.186899381708805
punjab_stubble_belt,2026-08-07,31.675,75.075,0.0001462059904966,0.1636529494509256
punjab_stubble_belt,2026-08-07,31.675,75.125,0.0001510673586634,0.1542398479130916
punjab_stubble_belt,2026-08-07,31.675,75.175,0.0001493863480219,0.1529736503132048
punjab_stubble_belt,2026-08-07,31.675,75.225,0.0001767163685246,0.1426207823934935
punjab_stubble_belt,2026-08-07,31.675,75.275,0.000182087495097,0.1410206177863668
punjab_stubble_belt,2026-08-07,31.675,75.3,0.0001350213569689,0.1447422962428868
punjab_stubble_belt,2026-08-07,31.725,74.625,0.0001207481411447,0.2054160983267872
punjab_stubble_belt,2026-08-07,31.725,74.675,0.0001044619932616,0.207166553202281
punjab_stubble_belt,2026-08-07,31.725,74.725,0.0001035375380771,0.2118820052577777
punjab_stubble_belt,2026-08-07,31.725,74.775,0.0001003890168691,0.2253741493332652
punjab_stubble_belt,2026-08-07,31.725,74.825,9.892926723484592e-05,0.2321007065932956
punjab_stubble_belt,2026-08-07,31.725,74.875,9.947890900183727e-05,0.2264652604275462
punjab_stubble_belt,2026-08-07,31.725,74.925,0.0001018437725465,0.1933764885575251
punjab_stubble_belt,2026-08-07,31.725,74.975,0.0001013300544901,0.1937125546013627
punjab_stubble_belt,2026-08-07,31.725,75.025,0.0001487962932565,0.1713914499506817
punjab_stubble_belt,2026-08-07,31.725,75.075,0.0001763297315597,0.1585849243251839
punjab_stubble_belt,2026-08-07,31.725,75.125,0.0001716041764443,0.1584014844191403
punjab_stubble_belt,2026-08-07,31.725,75.175,0.0001357587745337,0.1554404795873102
punjab_stubble_belt,2026-08-07,31.725,75.225,7.72791134528593e-05,0.1501801518080576
punjab_stubble_belt,2026-08-07,31.725,75.275,6.80997571428207e-05,0.1496895362321463
punjab_stubble_belt,2026-08-07,31.775,74.625,7.561423584264003e-05,0.1948276134180638
punjab_stubble_belt,2026-08-07,31.775,74.675,6.716696869489043e-05,0.1947784787334522
punjab_stubble_belt,2026-08-07,31.775,74.725,8.032408837734281e-05,0.2097994052077184
punjab_stubble_belt,2026-08-07,31.775,74.775,9.844463080875406e-05,0.2315619923995946
punjab_stubble_belt,2026-08-07,31.775,74.825,0.0001069066875785,0.2418990368954933
punjab_stubble_belt,2026-08-07,31.775,74.875,0.0001010626152925,0.2387266657987289
punjab_stubble_belt,2026-08-07,31.775,74.925,6.854522311353592e-05,0.2184122255113093
punjab_stubble_belt,2026-08-07,31.775,74.975,6.872445344234812e-05,0.2192291098746624
punjab_stubble_belt,2026-08-07,31.775,75.025,0.0001334495670244,0.1970342077434801
punjab_stubble_belt,2026-08-07,31.775,75.075,0.0001695751265452,0.1850644686438002
punjab_stubble_belt,2026-08-07,31.775,75.125,0.0001630709207029,0.1845891838731871
punjab_stubble_belt,2026-08-07,31.775,75.175,0.0001208660882668,0.1767351802123176
punjab_stubble_belt,2026-08-07,31.775,75.225,8.12370026772891e-05,0.1689330509076651
punjab_stubble_belt,2026-08-07,31.775,75.275,7.566729031188736e-05,0.1686964403906359
punjab_stubble_belt,2026-08-07,31.775,75.3,7.254519276819112e-05,0.1606725291030293
punjab_stubble_belt,2026-08-07,31.825,74.625,8.017847703386594e-05,0.204647929063209
punjab_stubble_belt,2026-08-07,31.825,74.675,7.694027373091622e-05,0.204590001258406
punjab_stubble_belt,2026-08-07,31.825,74.725,9.795349369486095e-05,0.2385626618563781
punjab_stubble_belt,2026-08-07,31.825,74.775,0.0001116402912198,0.259408420104428
punjab_stubble_belt,2026-08-07,31.825,74.825,0.000118387850366,0.2695438544350916
punjab_stubble_belt,2026-08-07,31.825,74.875,0.00011674299582,0.2689532531690887
punjab_stubble_belt,2026-08-07,31.825,74.925,6.461414436103224e-05,0.221367833346131
punjab_stubble_belt,2026-08-07,31.825,74.975,6.507979492527928e-05,0.2220834523663745
punjab_stubble_belt,2026-08-07,31.825,75.025,0.0001316680460693,0.2000851167572139
punjab_stubble_belt,2026-08-07,31.825,75.075,0.0001688270440887,0.1880212574877668
punjab_stubble_belt,2026-08-07,31.825,75.125,0.0001629055057743,0.2012197611007381
punjab_stubble_belt,2026-08-07,31.825,75.175,0.0001495729017613,0.2353590330897539
punjab_stubble_belt,2026-08-07,31.825,75.225,0.000134515979695,0.223863043883924
punjab_stubble_belt,2026-08-07,31.825,75.275,0.0001269963188398,0.2220834357395849
punjab_stubble_belt,2026-08-07,31.825,75.3,0.0001136033877422,0.2112517447288803
punjab_stubble_belt,2026-08-07,31.875,74.625,8.849181700763137e-05,0.2174068285207843
punjab_stubble_belt,2026-08-07,31.875,74.675,8.824003860415737e-05,0.2175958656899257
punjab_stubble_belt,2026-08-07,31.875,74.725,0.0001089498286405,0.2540915010277611
punjab_stubble_belt,2026-08-07,31.875,74.775,0.000119164854133,0.2748119048849267
punjab_stubble_belt,2026-08-07,31.875,74.825,0.000124556710195,0.2850336518493499
punjab_stubble_belt,2026-08-07,31.875,74.875,0.0001268180579285,0.2881296596481957
punjab_stubble_belt,2026-08-07,31.875,75.125,0.0001796755630942,0.2520486820915938
punjab_stubble_belt,2026-08-07,31.875,75.175,0.0001791550698981,0.2527061847620279
punjab_stubble_belt,2026-08-07,31.875,75.225,0.0001778606012459,0.2429571688582906
punjab_stubble_belt,2026-08-07,31.875,75.275,0.0001773204445339,0.2396317637170004
punjab_stubble_belt,2026-08-07,31.875,75.3,0.000186056090053,0.2342488107565578
punjab_stubble_belt,2026-08-09,31.325,75.275,0.0004252170648556,0.2931667585973571
punjab_stubble_belt,2026-08-09,31.325,75.3,0.0004252170648556,0.2931667585973571
punjab_stubble_belt,2026-08-10,31.325,74.625,0.0001243486090573,0.245259085600829
punjab_stubble_belt,2026-08-10,31.325,74.675,8.430834446213767e-05,0.2854814982280568
punjab_stubble_belt,2026-08-10,31.325,74.725,0.0001400100796964,0.2504061663961003
punjab_stubble_belt,2026-08-10,31.325,74.775,0.0001577623091151,0.2236073049388149
punjab_stubble_belt,2026-08-10,31.325,74.825,0.0001397522969641,0.1981490750528341
punjab_stubble_belt,2026-08-10,31.325,74.875,0.0001066991650018,0.1890460026607021
punjab_stubble_belt,2026-08-10,31.325,74.925,0.0001360494883704,0.2405281873722624
punjab_stubble_belt,2026-08-10,31.325,74.975,0.0001761260948247,0.2867864016519683
punjab_stubble_belt,2026-08-10,31.325,75.025,0.00016242839999,0.2820389713757986
punjab_stubble_belt,2026-08-10,31.325,75.075,0.0001417275658205,0.2686884996246599
punjab_stubble_belt,2026-08-10,31.325,75.125,0.0001516323641348,0.2601979671073317
punjab_stubble_belt,2026-08-10,31.325,75.175,0.0001748055512826,0.1694293070404789
punjab_stubble_belt,2026-08-10,31.325,75.225,0.0002012100039661,0.1682504442584233
punjab_stubble_belt,2026-08-10,31.325,75.275,0.0001614237515343,0.2062855450014627
punjab_stubble_belt,2026-08-10,31.325,75.3,6.634139631793094e-05,0.2895456927840814
punjab_stubble_belt,2026-08-10,31.375,74.625,0.0002150360957767,0.2155910529558658
punjab_stubble_belt,2026-08-10,31.375,74.675,0.0003573803734352,0.1743898360632734
punjab_stubble_belt,2026-08-10,31.375,74.725,0.0001650769336783,0.2658079503309324
punjab_stubble_belt,2026-08-10,31.375,74.775,0.0001739724578584,0.2533644845878321
punjab_stubble_belt,2026-08-10,31.375,74.825,0.0001583231315598,0.2355155640059079
punjab_stubble_belt,2026-08-10,31.375,74.875,0.0001246746707708,0.2245889780926605
punjab_stubble_belt,2026-08-10,31.375,74.925,0.0001265591207444,0.2418568145344295
punjab_stubble_belt,2026-08-10,31.375,74.975,0.0001586942127853,0.2833047860343892
punjab_stubble_belt,2026-08-10,31.375,75.025,0.0001628906829069,0.2879399974641006
punjab_stubble_belt,2026-08-10,31.375,75.075,0.0001549969086412,0.299525014793802
punjab_stubble_belt,2026-08-10,31.375,75.125,0.0001568857257926,0.2764516288470885
punjab_stubble_belt,2026-08-10,31.375,75.175,0.0001652965367341,0.1741088002264769
punjab_stubble_belt,2026-08-10,31.375,75.225,0.0001754364172081,0.1548568160308065
punjab_stubble_belt,2026-08-10,31.375,75.275,0.0001964233397419,0.1673532450776123
punjab_stubble_belt,2026-08-10,31.375,75.3,0.0002262003446809,0.1910620778252325
punjab_stubble_belt,2026-08-10,31.425,74.625,0.0002930772233446,0.1928638395487288
punjab_stubble_belt,2026-08-10,31.425,74.675,0.0003316067713564,0.1746940080471772
punjab_stubble_belt,2026-08-10,31.425,74.725,0.0002102916613984,0.2405741432495166
punjab_stubble_belt,2026-08-10,31.425,74.775,0.0001821556324309,0.2626769244742868
punjab_stubble_belt,2026-08-10,31.425,74.825,0.0001655939075833,0.2728130651404928
punjab_stubble_belt,2026-08-10,31.425,74.875,0.0001415928911964,0.2756538100878606
punjab_stubble_belt,2026-08-10,31.425,74.925,8.078770910665427e-05,0.272532141831235
punjab_stubble_belt,2026-08-10,31.425,74.975,0.0001068684262302,0.282666108698483
punjab_stubble_belt,2026-08-10,31.425,75.025,0.0001099627486008,0.2838684437505294
punjab_stubble_belt,2026-08-10,31.425,75.125,0.0001638875035153,0.1621452645107217
punjab_stubble_belt,2026-08-10,31.425,75.175,0.0001638496297114,0.1621502171170054
punjab_stubble_belt,2026-08-10,31.425,75.225,0.000153980983708,0.1352083869573269
punjab_stubble_belt,2026-08-10,31.425,75.275,0.0001936452686288,0.1627835434316993
punjab_stubble_belt,2026-08-10,31.425,75.3,0.0002097662762076,0.1694208793388487
punjab_stubble_belt,2026-08-10,31.475,74.625,0.0002757941512146,0.207803815119378
punjab_stubble_belt,2026-08-10,31.475,74.675,0.0002142924446529,0.1760785150083947
punjab_stubble_belt,2026-08-10,31.475,74.725,0.0002420618943177,0.2254500400793724
punjab_stubble_belt,2026-08-10,31.475,74.775,0.0002373822788244,0.2489948936077128
punjab_stubble_belt,2026-08-10,31.475,74.825,0.0002338919200687,0.2588706474334064
punjab_stubble_belt,2026-08-10,31.475,75.125,0.000161542241039,0.1624519451305953
punjab_stubble_belt,2026-08-10,31.475,75.175,0.000161542241039,0.1624519451305953
punjab_stubble_belt,2026-08-10,31.475,75.225,0.0001345224794821,0.1452900982365796
punjab_stubble_belt,2026-08-10,31.475,75.275,0.0001682544488173,0.1457102761705
punjab_stubble_belt,2026-08-10,31.525,74.625,0.0002162337046782,0.2476667401329209
punjab_stubble_belt,2026-08-10,31.525,74.675,0.0001762094491268,0.2763889103652379
punjab_stubble_belt,2026-08-10,31.525,74.725,0.0002087203611507,0.2569469351053047
punjab_stubble_belt,2026-08-10,31.525,74.775,0.0002373607334,0.2490558550510813
punjab_stubble_belt,2026-08-10,31.525,74.825,0.0002338919200687,0.2588706474334064
punjab_stubble_belt,2026-08-10,31.525,75.075,0.0002046631725059,0.2418811308588384
punjab_stubble_belt,2026-08-10,31.525,75.125,0.0002006897447218,0.2351791907383263
punjab_stubble_belt,2026-08-10,31.525,75.175,0.0001715664529347,0.185922644256521
punjab_stubble_belt,2026-08-10,31.525,75.225,0.0001974743098246,0.187385023756375
punjab_stubble_belt,2026-08-10,31.525,75.275,0.0001976948454314,0.1878414018779952
punjab_stubble_belt,2026-08-10,31.525,75.3,0.0001945188962002,0.1696060274800301
punjab_stubble_belt,2026-08-10,31.575,74.625,0.0002115942477018,0.2506175338625514
punjab_stubble_belt,2026-08-10,31.575,74.675,0.0001731423622388,0.2844675999241783
punjab_stubble_belt,2026-08-10,31.575,74.725,0.0001731423622388,0.2844675999241783
punjab_stubble_belt,2026-08-10,31.575,75.075,0.0002030052529881,0.2289015480302994
punjab_stubble_belt,2026-08-10,31.575,75.125,0.0001973495350424,0.2223323591884118
punjab_stubble_belt,2026-08-10,31.575,75.175,0.0001531064339942,0.1709263194362054
punjab_stubble_belt,2026-08-10,31.575,75.225,0.0001770651095231,0.175211918788952
punjab_stubble_belt,2026-08-10,31.575,75.275,0.0002027799843497,0.1668545127208955
punjab_stubble_belt,2026-08-10,31.575,75.3,0.0002118689695609,0.1685606439263738
punjab_stubble_belt,2026-08-10,31.625,75.025,0.000162614313088,0.259884447267468
punjab_stubble_belt,2026-08-10,31.625,75.075,0.0001585080237832,0.2336672732560709
punjab_stubble_belt,2026-08-10,31.625,75.125,0.0001560593090806,0.2053835029791904
punjab_stubble_belt,2026-08-10,31.625,75.175,0.0001634688243967,0.1232790414105397
punjab_stubble_belt,2026-08-10,31.625,75.225,0.0001751467889162,0.1522020911539357
punjab_stubble_belt,2026-08-10,31.625,75.275,0.0001777699368528,0.1340428038073985
punjab_stubble_belt,2026-08-10,31.625,75.3,0.0001668220382908,0.1126144376776982
punjab_stubble_belt,2026-08-10,31.675,74.875,0.0001727599627385,0.2564413883716928
punjab_stubble_belt,2026-08-10,31.675,74.925,0.0001727599627385,0.2564413883716928
punjab_stubble_belt,2026-08-10,31.675,74.975,0.0001727599627385,0.2564413883716928
punjab_stubble_belt,2026-08-10,31.675,75.025,0.000151683005904,0.2618568221049389
punjab_stubble_belt,2026-08-10,31.675,75.075,0.000127019927445,0.2405097725799691
punjab_stubble_belt,2026-08-10,31.675,75.125,9.7052743340715e-05,0.1904669092892963
punjab_stubble_belt,2026-08-10,31.675,75.175,0.0001782986608453,0.0806319466174513
punjab_stubble_belt,2026-08-10,31.675,75.225,0.000181466981242,0.1323910757432448
punjab_stubble_belt,2026-08-10,31.675,75.275,0.0001404947375721,0.1054138806709419
punjab_stubble_belt,2026-08-10,31.675,75.3,0.0001333003278819,0.0894683671000026
punjab_stubble_belt,2026-08-10,31.725,74.875,0.0001727599627385,0.2564413883716928
punjab_stubble_belt,2026-08-10,31.725,74.925,0.0001727599627385,0.2564413883716928
punjab_stubble_belt,2026-08-10,31.725,74.975,0.0001727599627385,0.2564413883716928
punjab_stubble_belt,2026-08-10,31.725,75.025,8.828142423683253e-05,0.2732965961622697
punjab_stubble_belt,2026-08-10,31.725,75.075,8.814356808658381e-05,0.2457282884075205
punjab_stubble_belt,2026-08-10,31.725,75.125,8.858615788435394e-05,0.1959175596928893
punjab_stubble_belt,2026-08-10,31.725,75.175,9.36110898234183e-05,0.1670426136128714
punjab_stubble_belt,2026-08-10,31.725,75.225,0.0001244551863499,0.1477536349336605
punjab_stubble_belt,2026-08-10,31.725,75.275,0.0001484067928826,0.1174057884274213
punjab_stubble_belt,2026-08-10,31.775,74.875,0.0002120382452942,0.2836668635978098
punjab_stubble_belt,2026-08-10,31.775,74.925,0.000211236647691,0.2831112416544197
punjab_stubble_belt,2026-08-10,31.775,74.975,0.0002130903421484,0.2843961173985094
punjab_stubble_belt,2026-08-10,31.775,75.025,8.828142423683253e-05,0.2732965961622697
punjab_stubble_belt,2026-08-10,31.775,75.075,0.000109029172452,0.2741520127461678
punjab_stubble_belt,2026-08-10,31.775,75.125,0.0001074590596293,0.2676581187186932
punjab_stubble_belt,2026-08-10,31.775,75.175,7.103872510718139e-05,0.2215253837144259
punjab_stubble_belt,2026-08-10,31.775,75.225,6.743502313143125e-05,0.2715642276840527
punjab_stubble_belt,2026-08-10,31.775,75.275,0.0001325676042589,0.2281637242831724
punjab_stubble_belt,2026-08-10,31.775,75.3,0.0001692337204207,0.1519577216927927
punjab_stubble_belt,2026-08-10,31.825,74.875,0.0003183195053659,0.2731937221267808
punjab_stubble_belt,2026-08-10,31.825,74.925,0.0003153897776157,0.2735670376660242
punjab_stubble_belt,2026-08-10,31.825,74.975,0.0003054701111611,0.2726721039628316
punjab_stubble_belt,2026-08-10,31.825,75.025,0.0003032199173298,0.2725555144246967
punjab_stubble_belt,2026-08-10,31.825,75.075,0.0001356783334344,0.2514922322278782
punjab_stubble_belt,2026-08-10,31.825,75.125,0.0001360217774552,0.2517342167354685
punjab_stubble_belt,2026-08-10,31.825,75.175,0.0001386929190334,0.2537949222952012
punjab_stubble_belt,2026-08-10,31.825,75.225,0.0001249746781076,0.2830637767748332
punjab_stubble_belt,2026-08-10,31.825,75.275,0.0001494205297955,0.2521433551469199
punjab_stubble_belt,2026-08-10,31.825,75.3,0.0001690761411946,0.2236558079328844
punjab_stubble_belt,2026-08-10,31.875,74.625,0.0002073641194333,0.2351299818118371
punjab_stubble_belt,2026-08-10,31.875,74.675,0.0002299537664109,0.2855874893964192
punjab_stubble_belt,2026-08-10,31.875,74.725,0.000240034871991,0.2826339189181542
punjab_stubble_belt,2026-08-10,31.875,74.775,0.000240754950961,0.2824229495982782
punjab_stubble_belt,2026-08-10,31.875,74.875,0.0003318920057477,0.2541557481201606
punjab_stubble_belt,2026-08-10,31.875,74.925,0.0003321473830828,0.2542307134448444
punjab_stubble_belt,2026-08-10,31.875,74.975,0.0003063565788309,0.2676759708112323
punjab_stubble_belt,2026-08-10,31.875,75.025,0.0002889364712745,0.2451681881810015
punjab_stubble_belt,2026-08-10,31.875,75.075,0.0002142609197587,0.2127861875377584
punjab_stubble_belt,2026-08-10,31.875,75.125,0.0001822735703887,0.215575613293178
punjab_stubble_belt,2026-08-10,31.875,75.175,0.0001800101177949,0.2217294156043098
punjab_stubble_belt,2026-08-10,31.875,75.225,0.0001649033909125,0.2187996878097105
punjab_stubble_belt,2026-08-10,31.875,75.275,0.0001647066472234,0.2295382586350559
punjab_stubble_belt,2026-08-10,31.875,75.3,0.0001680274460757,0.234964655574161
punjab_stubble_belt,2026-08-12,31.325,74.625,0.0001322267300254,0.2810096029502892
punjab_stubble_belt,2026-08-12,31.325,74.675,0.000132290596652,0.2811296190762619
punjab_stubble_belt,2026-08-12,31.325,74.725,0.0001801707497996,0.2656315828377041
punjab_stubble_belt,2026-08-12,31.325,74.775,0.0001763883155478,0.2516490998997389
punjab_stubble_belt,2026-08-12,31.325,74.825,0.0001761995142529,0.2072013897864882
punjab_stubble_belt,2026-08-12,31.325,74.875,0.0001821159615935,0.1494786680766937
punjab_stubble_belt,2026-08-12,31.325,74.925,0.0001870537096962,0.136144941180159
punjab_stubble_belt,2026-08-12,31.325,74.975,0.0002224336300594,0.1307345642400816
punjab_stubble_belt,2026-08-12,31.325,75.025,0.0002217514513443,0.1281687355582253
punjab_stubble_belt,2026-08-12,31.325,75.075,0.0002071098187521,0.1249723802131313
punjab_stubble_belt,2026-08-12,31.325,75.125,0.0001837340801493,0.1222580797599583
punjab_stubble_belt,2026-08-12,31.325,75.175,0.0001599838525847,0.126147532644075
punjab_stubble_belt,2026-08-12,31.325,75.225,0.0001510799836901,0.1227903828975838
punjab_stubble_belt,2026-08-12,31.325,75.275,0.0001559475878853,0.1219524926845094
punjab_stubble_belt,2026-08-12,31.325,75.3,0.0001707222278668,0.1227153726435403
punjab_stubble_belt,2026-08-12,31.375,74.625,0.0001187329799596,0.2424728523844003
punjab_stubble_belt,2026-08-12,31.375,74.675,0.0001188925174126,0.2508520207406589
punjab_stubble_belt,2026-08-12,31.375,74.725,0.0001470076775734,0.2648419199219635
punjab_stubble_belt,2026-08-12,31.375,74.775,0.0001645657852458,0.2465406953550358
punjab_stubble_belt,2026-08-12,31.375,74.825,0.0001758586727925,0.2116022466762797
punjab_stubble_belt,2026-08-12,31.375,74.875,0.0001772412769697,0.1682739140890408
punjab_stubble_belt,2026-08-12,31.375,74.925,0.0001548209666384,0.1278149804603771
punjab_stubble_belt,2026-08-12,31.375,74.975,0.0001998809400228,0.115723902135148
punjab_stubble_belt,2026-08-12,31.375,75.025,0.0002073331723266,0.1063506038708668
punjab_stubble_belt,2026-08-12,31.375,75.075,0.0001997830331237,0.1017753941227724
punjab_stubble_belt,2026-08-12,31.375,75.125,0.0001809842233435,0.1030659915627831
punjab_stubble_belt,2026-08-12,31.375,75.175,0.0001421150903122,0.1108957859659218
punjab_stubble_belt,2026-08-12,31.375,75.225,0.0001365392181806,0.1103001085701607
punjab_stubble_belt,2026-08-12,31.375,75.275,0.0001494881606181,0.1051787521973284
punjab_stubble_belt,2026-08-12,31.375,75.3,0.0001608488865751,0.0992646817762482
punjab_stubble_belt,2026-08-12,31.425,74.625,0.0001186504156259,0.2260975135372842
punjab_stubble_belt,2026-08-12,31.425,74.675,0.0001079762328047,0.2094003452986161
punjab_stubble_belt,2026-08-12,31.425,74.725,0.0001158732101244,0.2480705801489977
punjab_stubble_belt,2026-08-12,31.425,74.775,0.0001569122674146,0.2286662670569229
punjab_stubble_belt,2026-08-12,31.425,74.825,0.0001704028732822,0.2142759745377834
punjab_stubble_belt,2026-08-12,31.425,74.875,0.0001597280747404,0.1980253283938345
punjab_stubble_belt,2026-08-12,31.425,74.925,0.0001538568626528,0.1288938085384692
punjab_stubble_belt,2026-08-12,31.425,74.975,0.0001671451049889,0.1067003425656634
punjab_stubble_belt,2026-08-12,31.425,75.025,0.0001652607971912,0.0906447326752368
punjab_stubble_belt,2026-08-12,31.425,75.075,0.0001695641838745,0.0833015113412649
punjab_stubble_belt,2026-08-12,31.425,75.125,0.0001779403741702,0.084875501889068
punjab_stubble_belt,2026-08-12,31.425,75.175,0.0001619493914417,0.0935064815062334
punjab_stubble_belt,2026-08-12,31.425,75.225,0.0001409457830554,0.0945570222704064
punjab_stubble_belt,2026-08-12,31.425,75.275,0.0001542604719764,0.0835095284360035
punjab_stubble_belt,2026-08-12,31.425,75.3,0.0001407444877609,0.0723668962072817
punjab_stubble_belt,2026-08-12,31.475,74.625,0.0001319510485835,0.189194435711988
punjab_stubble_belt,2026-08-12,31.475,74.675,0.0001313953861872,0.1882842597180537
punjab_stubble_belt,2026-08-12,31.475,74.725,0.0001424060933701,0.2210961970173751
punjab_stubble_belt,2026-08-12,31.475,74.775,0.0001720958583618,0.2099072779363679
punjab_stubble_belt,2026-08-12,31.475,74.825,0.0001797562734313,0.2008391315592034
punjab_stubble_belt,2026-08-12,31.475,74.875,0.0001771761044507,0.18758564497858
punjab_stubble_belt,2026-08-12,31.475,74.925,0.0002204148833037,0.1295318128806961
punjab_stubble_belt,2026-08-12,31.475,74.975,0.0002103516354232,0.114740522310891
punjab_stubble_belt,2026-08-12,31.475,75.025,0.0001673061663428,0.095133060578388
punjab_stubble_belt,2026-08-12,31.475,75.075,0.0001462778933277,0.0847799484745791
punjab_stubble_belt,2026-08-12,31.475,75.125,0.000156762296463,0.0843769587967965
punjab_stubble_belt,2026-08-12,31.475,75.175,0.0001954666948057,0.0816341254353853
punjab_stubble_belt,2026-08-12,31.475,75.225,0.0001603817279128,0.0835344773869378
punjab_stubble_belt,2026-08-12,31.475,75.275,0.0001237680618533,0.0733431715387229
punjab_stubble_belt,2026-08-12,31.525,74.625,0.0001137550347056,0.1854123801610291
punjab_stubble_belt,2026-08-12,31.525,74.675,0.0001183597993357,0.1842232375070726
punjab_stubble_belt,2026-08-12,31.525,74.725,0.0001589879523576,0.1448433030897728
punjab_stubble_belt,2026-08-12,31.525,74.775,0.0001453154711236,0.1848291553259124
punjab_stubble_belt,2026-08-12,31.525,74.825,0.0001565329416247,0.1927926230875118
punjab_stubble_belt,2026-08-12,31.525,74.875,0.0001689742638317,0.1689969845168305
punjab_stubble_belt,2026-08-12,31.525,74.925,7.641865217281731e-05,0.1466286097966613
punjab_stubble_belt,2026-08-12,31.525,74.975,0.0001040763631659,0.1198694524571243
punjab_stubble_belt,2026-08-12,31.525,75.025,0.0001199813981507,0.0964963161894284
punjab_stubble_belt,2026-08-12,31.525,75.075,0.0001344208467238,0.0848290693934002
punjab_stubble_belt,2026-08-12,31.525,75.125,0.0001455094675038,0.0834269445828223
punjab_stubble_belt,2026-08-12,31.525,75.175,0.0001405921050603,0.0749687772784961
punjab_stubble_belt,2026-08-12,31.525,75.225,0.0001012421494559,0.0673548355225165
punjab_stubble_belt,2026-08-12,31.525,75.275,0.0001134365754303,0.0553093482525433
punjab_stubble_belt,2026-08-12,31.525,75.3,0.0001150751321356,0.0564643753927209
punjab_stubble_belt,2026-08-12,31.575,74.625,0.0001185577830878,0.1853439231150116
punjab_stubble_belt,2026-08-12,31.575,74.675,0.0001100083437165,0.1855852772594587
punjab_stubble_belt,2026-08-12,31.575,74.725,0.000164881358478,0.1440618792014884
punjab_stubble_belt,2026-08-12,31.575,74.775,0.0001647386882331,0.1559774313084648
punjab_stubble_belt,2026-08-12,31.575,74.825,0.0001861488222425,0.1718446793347068
punjab_stubble_belt,2026-08-12,31.575,74.875,0.0002100304872831,0.1790534051209067
punjab_stubble_belt,2026-08-12,31.575,74.925,0.0001472374386322,0.1518973900118843
punjab_stubble_belt,2026-08-12,31.575,74.975,0.0001300050562084,0.1179308718012221
punjab_stubble_belt,2026-08-12,31.575,75.025,0.0001777100977008,0.0968238159274306
punjab_stubble_belt,2026-08-12,31.575,75.075,0.0001916013586723,0.0853299979968105
punjab_stubble_belt,2026-08-12,31.575,75.125,0.0001660999083108,0.0813067994187414
punjab_stubble_belt,2026-08-12,31.575,75.175,0.0001583622647847,0.0718751100085934
punjab_stubble_belt,2026-08-12,31.575,75.225,0.0001435065177132,0.049897143561417
punjab_stubble_belt,2026-08-12,31.575,75.275,0.0001519880561571,0.0336162112575602
punjab_stubble_belt,2026-08-12,31.575,75.3,0.0001510023507009,0.030471445714172
punjab_stubble_belt,2026-08-12,31.625,74.625,0.0001506796585533,0.1684172088989705
punjab_stubble_belt,2026-08-12,31.625,74.675,0.0001513798888986,0.1685923495418012
punjab_stubble_belt,2026-08-12,31.625,74.725,0.0001799198495047,0.1448382798449286
punjab_stubble_belt,2026-08-12,31.625,74.775,0.0001859056098713,0.1384674545826098
punjab_stubble_belt,2026-08-12,31.625,74.825,0.0002049978108901,0.1570920877829252
punjab_stubble_belt,2026-08-12,31.625,74.875,0.0002218185575213,0.1809838463175702
punjab_stubble_belt,2026-08-12,31.625,74.925,0.0001712951123674,0.1392742634961995
punjab_stubble_belt,2026-08-12,31.625,74.975,0.0001438421369867,0.1146648266024595
punjab_stubble_belt,2026-08-12,31.625,75.025,0.0001747342394954,0.0969148196377989
punjab_stubble_belt,2026-08-12,31.625,75.075,0.0001831734629724,0.0856900724433978
punjab_stubble_belt,2026-08-12,31.625,75.125,0.0001615751064254,0.0803561201661807
punjab_stubble_belt,2026-08-12,31.625,75.175,0.0001355613897443,0.0719029321248172
punjab_stubble_belt,2026-08-12,31.625,75.225,0.0001444090194821,0.0512689464248957
punjab_stubble_belt,2026-08-12,31.625,75.275,0.0001478375770576,0.0328951342594859
punjab_stubble_belt,2026-08-12,31.625,75.3,0.0001431551447951,0.0247709535428398
punjab_stubble_belt,2026-08-12,31.675,74.625,0.0001971201748066,0.1295997282519345
punjab_stubble_belt,2026-08-12,31.675,74.675,0.0002242101832631,0.1306199526661506
punjab_stubble_belt,2026-08-12,31.675,74.725,0.0002088337901108,0.1366482626687162
punjab_stubble_belt,2026-08-12,31.675,74.775,0.0002105521751665,0.1252462794488812
punjab_stubble_belt,2026-08-12,31.675,74.825,0.0002103961728412,0.1437471551463114
punjab_stubble_belt,2026-08-12,31.675,74.875,0.0001975952357256,0.1706182797265428
punjab_stubble_belt,2026-08-12,31.675,74.925,0.0001404537757822,0.116900355691789
punjab_stubble_belt,2026-08-12,31.675,74.975,0.0001402437560463,0.1127237651181176
punjab_stubble_belt,2026-08-12,31.675,75.025,0.000127699841721,0.09899986315797
punjab_stubble_belt,2026-08-12,31.675,75.075,0.0001276860084998,0.0883195477255166
punjab_stubble_belt,2026-08-12,31.675,75.125,0.0001332464952147,0.081907031642828
punjab_stubble_belt,2026-08-12,31.675,75.175,8.44795372046569e-05,0.0747324519118931
punjab_stubble_belt,2026-08-12,31.675,75.225,0.000115257739051,0.0662485124741478
punjab_stubble_belt,2026-08-12,31.675,75.275,0.0001199896657065,0.049439995891653
punjab_stubble_belt,2026-08-12,31.675,75.3,0.0001414680370809,0.0500037855342689
punjab_stubble_belt,2026-08-12,31.725,74.625,0.0002169115892708,0.0492045006802931
punjab_stubble_belt,2026-08-12,31.725,74.675,0.0002600890818442,0.0643110643843758
punjab_stubble_belt,2026-08-12,31.725,74.725,0.000271588579307,0.1018229844233839
punjab_stubble_belt,2026-08-12,31.725,74.775,0.0002680304978075,0.0800998507673001
punjab_stubble_belt,2026-08-12,31.725,74.825,0.0002152932711332,0.1017433548647244
punjab_stubble_belt,2026-08-12,31.725,74.875,0.0001364969923247,0.1461915925197327
punjab_stubble_belt,2026-08-12,31.725,74.925,0.0001122376016098,0.1121642966677562
punjab_stubble_belt,2026-08-12,31.725,74.975,0.0001466087640453,0.1215553626472218
punjab_stubble_belt,2026-08-12,31.725,75.025,0.000134807691565,0.1137763800998498
punjab_stubble_belt,2026-08-12,31.725,75.075,0.0001173417043633,0.1022440821194788
punjab_stubble_belt,2026-08-12,31.725,75.125,0.0001006890205958,0.0901967324803128
punjab_stubble_belt,2026-08-12,31.725,75.175,7.952805038606681e-05,0.0797708505148428
punjab_stubble_belt,2026-08-12,31.725,75.225,0.000136626107523,0.0743382031310507
punjab_stubble_belt,2026-08-12,31.725,75.275,0.0001613829029123,0.0683102516997932
punjab_stubble_belt,2026-08-12,31.775,74.625,0.0001643750469618,0.057768934397794
punjab_stubble_belt,2026-08-12,31.775,74.675,0.0001974961503453,0.0582291642961909
punjab_stubble_belt,2026-08-12,31.775,74.725,0.000245851323518,0.0447418176139267
punjab_stubble_belt,2026-08-12,31.775,74.775,0.0002511980953801,0.0409694115863418
punjab_stubble_belt,2026-08-12,31.775,74.825,0.0002052898216718,0.0867702301995702
punjab_stubble_belt,2026-08-12,31.775,74.875,0.0001358530729539,0.1484987823235157
punjab_stubble_belt,2026-08-12,31.775,74.925,0.0001291068280916,0.1104813134718381
punjab_stubble_belt,2026-08-12,31.775,74.975,0.0001381905380514,0.1111419934925729
punjab_stubble_belt,2026-08-12,31.775,75.025,0.0001913311806057,0.1171520113797495
punjab_stubble_belt,2026-08-12,31.775,75.075,0.0001943205307512,0.1195803450619036
punjab_stubble_belt,2026-08-12,31.775,75.125,0.0001406558884844,0.1143590526563794
punjab_stubble_belt,2026-08-12,31.775,75.175,8.012726782235686e-05,0.0894309497904867
punjab_stubble_belt,2026-08-12,31.775,75.225,7.15127302113786e-05,0.0849621101737679
punjab_stubble_belt,2026-08-12,31.775,75.275,0.0001515016422379,0.0816722767521308
punjab_stubble_belt,2026-08-12,31.775,75.3,0.0001903084114315,0.0732689435764001
punjab_stubble_belt,2026-08-12,31.825,74.625,0.0001899396396678,0.0734840592642781
punjab_stubble_belt,2026-08-12,31.825,74.675,0.0001951329889742,0.0689333114410136
punjab_stubble_belt,2026-08-12,31.825,74.725,0.0001753593244565,0.1086666449070762
punjab_stubble_belt,2026-08-12,31.825,74.775,0.0001743486793959,0.1118444737735749
punjab_stubble_belt,2026-08-12,31.825,74.825,0.0001598579967638,0.1235310059223773
punjab_stubble_belt,2026-08-12,31.825,74.875,0.0001360515679951,0.1379426674656867
punjab_stubble_belt,2026-08-12,31.825,74.925,0.0001296433931526,0.1161204648089599
punjab_stubble_belt,2026-08-12,31.825,74.975,0.0001319805167245,0.1146325201546011
punjab_stubble_belt,2026-08-12,31.825,75.025,0.0001487192014458,0.1152785378658027
punjab_stubble_belt,2026-08-12,31.825,75.075,0.0001559985336937,0.1168969484487648
punjab_stubble_belt,2026-08-12,31.825,75.125,0.0001500388906648,0.1179114527843596
punjab_stubble_belt,2026-08-12,31.825,75.175,0.0001381913134155,0.1117709690769905
punjab_stubble_belt,2026-08-12,31.825,75.225,0.0001280859285646,0.0994741479235919
punjab_stubble_belt,2026-08-12,31.825,75.275,0.0001367576282021,0.0888354670547286
punjab_stubble_belt,2026-08-12,31.825,75.3,0.0001573517110496,0.0828026326083794
punjab_stubble_belt,2026-08-12,31.875,74.625,0.0002251297490841,0.1029132168026389
punjab_stubble_belt,2026-08-12,31.875,74.675,0.0001847463396821,0.1234364055996446
punjab_stubble_belt,2026-08-12,31.875,74.725,0.0001459223931348,0.1512410695916367
punjab_stubble_belt,2026-08-12,31.875,74.775,0.0001423489718014,0.153074983269583
punjab_stubble_belt,2026-08-12,31.875,74.825,0.0001506415448146,0.145499581914718
punjab_stubble_belt,2026-08-12,31.875,74.875,0.0001598876908836,0.1326769801898068
punjab_stubble_belt,2026-08-12,31.875,74.925,0.0001394535704062,0.1212679951211021
punjab_stubble_belt,2026-08-12,31.875,74.975,0.0001466448629167,0.1171449099949982
punjab_stubble_belt,2026-08-12,31.875,75.025,0.0001323693733273,0.1130669049410319
punjab_stubble_belt,2026-08-12,31.875,75.075,0.0001385355841094,0.1135551631922534
punjab_stubble_belt,2026-08-12,31.875,75.125,0.0001654840975114,0.1184759782796192
punjab_stubble_belt,2026-08-12,31.875,75.175,0.0001798047302001,0.123929627148893
punjab_stubble_belt,2026-08-12,31.875,75.225,0.0001712390285527,0.1081851907584872
punjab_stubble_belt,2026-08-12,31.875,75.275,0.0001348086999803,0.0943217881780056
punjab_stubble_belt,2026-08-12,31.875,75.3,0.0001132917673752,0.087686766576359
