region_id,date,lat,lon,hcho_value,cloud_fraction
punjab_stubble_belt,2025-10-15,31.325,74.625,0.000290729734073152,0.056968466189552626
punjab_stubble_belt,2025-10-15,31.325,74.675,0.0002566422723312736,0.06529757490293288
punjab_stubble_belt,2025-10-15,31.325,74.725,0.00026997168698251057,0.047650281722294026
punjab_stubble_belt,2025-10-15,31.325,74.775,0.0002572076918488709,0.028113383403276043
punjab_stubble_belt,2025-10-15,31.325,74.825,0.00025234521637697765,0.011278154644388267
punjab_stubble_belt,2025-10-15,31.325,74.875,0.00024629189059766093,0
punjab_stubble_belt,2025-10-15,31.325,74.925,0.00019899052280026355,0
punjab_stubble_belt,2025-10-15,31.325,74.975,0.0002629920237253495,0.0003011933422452826
punjab_stubble_belt,2025-10-15,31.325,75.025,0.0002608339099098887,0.005169255879071623
punjab_stubble_belt,2025-10-15,31.325,75.075,0.0002880218327612711,0.01386064399520848
punjab_stubble_belt,2025-10-15,31.325,75.125,0.000333019198230868,0.021527354195522097
punjab_stubble_belt,2025-10-15,31.325,75.175,0.000249136195511219,0.0026616022564272803
punjab_stubble_belt,2025-10-15,31.325,75.225,0.00020223659636494455,0.0003609284904839177
punjab_stubble_belt,2025-10-15,31.325,75.275,0.0002733050636187185,0.011025025000469067
punjab_stubble_belt,2025-10-15,31.325,75.3,0.00033149443253444207,0.017762522873822545
punjab_stubble_belt,2025-10-15,31.375,74.625,0.0002997176186605816,0.039384978865143465
punjab_stubble_belt,2025-10-15,31.375,74.675,0.0003351619926463925,0.037572374220819105
punjab_stubble_belt,2025-10-15,31.375,74.725,0.00029571404000692744,0.027921673980225614
punjab_stubble_belt,2025-10-15,31.375,74.775,0.0002666911405359007,0.016378097360412135
punjab_stubble_belt,2025-10-15,31.375,74.825,0.00024504557571791556,0.006552037843896782
punjab_stubble_belt,2025-10-15,31.375,74.875,0.00023573653247557883,0
punjab_stubble_belt,2025-10-15,31.375,74.925,0.0002519025726387876,0
punjab_stubble_belt,2025-10-15,31.375,74.975,0.00032157602863864567,0
punjab_stubble_belt,2025-10-15,31.375,75.025,0.0002998692073805688,0
punjab_stubble_belt,2025-10-15,31.375,75.075,0.0003063217092518648,0.003991761919089548
punjab_stubble_belt,2025-10-15,31.375,75.125,0.0003256523321473744,0.00980683576383072
punjab_stubble_belt,2025-10-15,31.375,75.175,0.00018221538059923288,0.0036870760830368045
punjab_stubble_belt,2025-10-15,31.375,75.225,0.0002285020330096378,0.0015388066784884234
punjab_stubble_belt,2025-10-15,31.375,75.275,0.00023898330181794798,0.009970174340527861
punjab_stubble_belt,2025-10-15,31.375,75.3,0.0002307469504933986,0.01534480021290887
punjab_stubble_belt,2025-10-15,31.425,74.625,0.0002822193343873962,0.012260273616679456
punjab_stubble_belt,2025-10-15,31.425,74.675,0.00037075804485212966,0
punjab_stubble_belt,2025-10-15,31.425,74.725,0.00033908229238029255,0
punjab_stubble_belt,2025-10-15,31.425,74.775,0.0003025535741825001,0
punjab_stubble_belt,2025-10-15,31.425,74.825,0.00027988255348335763,0
punjab_stubble_belt,2025-10-15,31.425,74.875,0.0002818965410659331,0
punjab_stubble_belt,2025-10-15,31.425,74.925,0.0003425651124699305,0
punjab_stubble_belt,2025-10-15,31.425,74.975,0.0003274474484389414,0
punjab_stubble_belt,2025-10-15,31.425,75.025,0.0003412570227689142,0
punjab_stubble_belt,2025-10-15,31.425,75.075,0.00034519403341987164,0.0004541671535341641
punjab_stubble_belt,2025-10-15,31.425,75.125,0.00030746737481171884,0.0018435487256988747
punjab_stubble_belt,2025-10-15,31.425,75.175,7.778697816646202e-05,0.006587535090202582
punjab_stubble_belt,2025-10-15,31.425,75.225,0.0002170085196054618,0.010338592445576373
punjab_stubble_belt,2025-10-15,31.425,75.275,0.00019565784905351463,0.01504518737789849
punjab_stubble_belt,2025-10-15,31.425,75.3,0.0002059533329965846,0.028861246278342204
punjab_stubble_belt,2025-10-15,31.475,74.625,0.0002384522446359207,0.004123005443527221
punjab_stubble_belt,2025-10-15,31.475,74.675,0.00031523735599879257,0
punjab_stubble_belt,2025-10-15,31.475,74.725,0.0002706481395543109,0
punjab_stubble_belt,2025-10-15,31.475,74.775,0.0002403376417240951,0
punjab_stubble_belt,2025-10-15,31.475,74.825,0.00023884653141396868,0
punjab_stubble_belt,2025-10-15,31.475,74.875,0.00026473554512567967,0
punjab_stubble_belt,2025-10-15,31.475,74.925,0.00031140459858313536,0
punjab_stubble_belt,2025-10-15,31.475,74.975,0.0002035189730315989,0
punjab_stubble_belt,2025-10-15,31.475,75.025,0.0003006396824382385,0
punjab_stubble_belt,2025-10-15,31.475,75.075,0.00034149867414723123,0.0027079716529474535
punjab_stubble_belt,2025-10-15,31.475,75.125,0.0002906405042377884,0.00879980899968838
punjab_stubble_belt,2025-10-15,31.475,75.175,0.00019312089935522418,0.02059740261581019
punjab_stubble_belt,2025-10-15,31.475,75.225,1.884922374568733e-05,0.04565600874041329
punjab_stubble_belt,2025-10-15,31.475,75.275,0.00015625026545358677,0.04747159870022551
punjab_stubble_belt,2025-10-15,31.525,74.625,0.00019689246048689132,0.0003143010778446414
punjab_stubble_belt,2025-10-15,31.525,74.675,0.00014561440695858932,0
punjab_stubble_belt,2025-10-15,31.525,74.725,0.0004263793255947932,0
punjab_stubble_belt,2025-10-15,31.525,74.775,0.0003457750583753633,0
punjab_stubble_belt,2025-10-15,31.525,74.825,0.00022826445490182717,0
punjab_stubble_belt,2025-10-15,31.525,74.875,0.00015292231276849288,0.000525902366979209
punjab_stubble_belt,2025-10-15,31.525,74.925,0.0002801904505707043,0.0035175474240836937
punjab_stubble_belt,2025-10-15,31.525,74.975,0.0003387448377662934,0.016382375066729536
punjab_stubble_belt,2025-10-15,31.525,75.025,0.00039166347652117706,0.06167299219011707
punjab_stubble_belt,2025-10-15,31.525,75.075,0.00037064398980375896,0.08903858233344367
punjab_stubble_belt,2025-10-15,31.525,75.125,0.0002957077154990006,0.08699410275664915
punjab_stubble_belt,2025-10-15,31.525,75.175,0.0003168503793228359,0.054576602678428364
punjab_stubble_belt,2025-10-15,31.525,75.225,0.0003394563250212751,0.054412147972259045
punjab_stubble_belt,2025-10-15,31.525,75.275,0.0003221875237596367,0.0597707239887612
punjab_stubble_belt,2025-10-15,31.525,75.3,0.00028941274567244275,0.05545105725885251
punjab_stubble_belt,2025-10-15,31.575,74.625,0.00023830310419586113,0
punjab_stubble_belt,2025-10-15,31.575,74.675,0.00018973245122465396,0
punjab_stubble_belt,2025-10-15,31.575,74.725,0.0003736559870957125,0
punjab_stubble_belt,2025-10-15,31.575,74.775,0.00029579779743796965,0
punjab_stubble_belt,2025-10-15,31.575,74.825,0.0002068904100007347,0
punjab_stubble_belt,2025-10-15,31.575,74.875,0.0001691607829248948,0.001343092472371587
punjab_stubble_belt,2025-10-15,31.575,74.925,0.0003060816346339101,0.008993734759401378
punjab_stubble_belt,2025-10-15,31.575,74.975,0.0003223289983152479,0.0311522565702238
punjab_stubble_belt,2025-10-15,31.575,75.025,0.0003914977172984211,0.07708382641405323
punjab_stubble_belt,2025-10-15,31.575,75.075,0.00042249736062246394,0.10398440132764575
punjab_stubble_belt,2025-10-15,31.575,75.125,0.00040436816826508633,0.1024392731794027
punjab_stubble_belt,2025-10-15,31.575,75.175,0.00036202666161227613,0.061080314512718115
punjab_stubble_belt,2025-10-15,31.575,75.225,0.00027880130816953255,0.05304798423540118
punjab_stubble_belt,2025-10-15,31.575,75.275,0.00032375515808390193,0.056617988256498046
punjab_stubble_belt,2025-10-15,31.575,75.3,0.0003496137433234831,0.061035441743069976
punjab_stubble_belt,2025-10-15,31.625,74.625,0.000260414634541316,0.0003139534210473869
punjab_stubble_belt,2025-10-15,31.625,74.675,0.0002091105795541743,0
punjab_stubble_belt,2025-10-15,31.625,74.725,0.00033916724674496563,0
punjab_stubble_belt,2025-10-15,31.625,74.775,0.0002685520197288439,0
punjab_stubble_belt,2025-10-15,31.625,74.825,0.00021758581441109196,0
punjab_stubble_belt,2025-10-15,31.625,74.875,0.00020584677192067759,0.0010229315155667348
punjab_stubble_belt,2025-10-15,31.625,74.925,0.0002141128725833103,0.006927351691799158
punjab_stubble_belt,2025-10-15,31.625,74.975,0.00028141601648149937,0.02436934183926491
punjab_stubble_belt,2025-10-15,31.625,75.025,0.0003538751411638407,0.056658138372687815
punjab_stubble_belt,2025-10-15,31.625,75.075,0.00038650555296372905,0.07813743124129423
punjab_stubble_belt,2025-10-15,31.625,75.125,0.0003693316460628521,0.08229558955018106
punjab_stubble_belt,2025-10-15,31.625,75.175,0.0002976867360629213,0.06333559123934406
punjab_stubble_belt,2025-10-15,31.625,75.225,0.0002756980050473543,0.056121082421617834
punjab_stubble_belt,2025-10-15,31.625,75.275,0.00028063596086912277,0.058971383532321044
punjab_stubble_belt,2025-10-15,31.625,75.3,0.00026316688738467497,0.06265408708943519
punjab_stubble_belt,2025-10-15,31.675,74.625,0.00026642683926861657,0.000665188810844151
punjab_stubble_belt,2025-10-15,31.675,74.675,0.00020639178861521222,0
punjab_stubble_belt,2025-10-15,31.675,74.725,0.00031750735051450145,0
punjab_stubble_belt,2025-10-15,31.675,74.775,0.0002786342696451914,0
punjab_stubble_belt,2025-10-15,31.675,74.825,0.00025571956485932577,0
punjab_stubble_belt,2025-10-15,31.675,74.875,0.0002313148269851182,6.088578930919208e-07
punjab_stubble_belt,2025-10-15,31.675,74.925,9.343281177619372e-05,4.1447717442779205e-06
punjab_stubble_belt,2025-10-15,31.675,74.975,0.0002552959242753721,0.0041735912567674935
punjab_stubble_belt,2025-10-15,31.675,75.025,0.0002951481029782016,0.017196601722060806
punjab_stubble_belt,2025-10-15,31.675,75.075,0.00028685034492958897,0.029340068859887554
punjab_stubble_belt,2025-10-15,31.675,75.125,0.000246595719652922,0.04057418978579034
punjab_stubble_belt,2025-10-15,31.675,75.175,0.0002018108568492639,0.06042459902226338
punjab_stubble_belt,2025-10-15,31.675,75.225,0.00033524401522318453,0.07171240336758901
punjab_stubble_belt,2025-10-15,31.675,75.275,0.00023294161997722921,0.08535470973869397
punjab_stubble_belt,2025-10-15,31.675,75.3,0.00018110386350885177,0.15504041807494992
punjab_stubble_belt,2025-10-15,31.725,74.625,0.00030123363664669834,0
punjab_stubble_belt,2025-10-15,31.725,74.675,0.00027333627124773315,0
punjab_stubble_belt,2025-10-15,31.725,74.725,0.0002046643057421747,0
punjab_stubble_belt,2025-10-15,31.725,74.775,0.00032522386032860477,0
punjab_stubble_belt,2025-10-15,31.725,74.825,0.00029315751745348853,0
punjab_stubble_belt,2025-10-15,31.725,74.875,0.00017402033081766487,0
punjab_stubble_belt,2025-10-15,31.725,74.925,0.00030077557388652856,0
punjab_stubble_belt,2025-10-15,31.725,74.975,0.0003242025110957227,0
punjab_stubble_belt,2025-10-15,31.725,75.025,0.0002372545694987204,0
punjab_stubble_belt,2025-10-15,31.725,75.075,0.0002293344724218476,0.0017991163567058
punjab_stubble_belt,2025-10-15,31.725,75.125,0.0003078330265754687,0.009048999163799606
punjab_stubble_belt,2025-10-15,31.725,75.175,0.0003467716218694447,0.040822287980656506
punjab_stubble_belt,2025-10-15,31.725,75.225,0.0003527106283423135,0.12940412801792203
punjab_stubble_belt,2025-10-15,31.725,75.275,0.0002739604534193636,0.20281108195678504
punjab_stubble_belt,2025-10-15,31.775,74.625,0.0003829282664178377,0
punjab_stubble_belt,2025-10-15,31.775,74.675,0.00028889747958879287,0
punjab_stubble_belt,2025-10-15,31.775,74.725,0.00036976468534156477,0
punjab_stubble_belt,2025-10-15,31.775,74.775,0.0003126621934149821,0
punjab_stubble_belt,2025-10-15,31.775,74.825,0.000285333935332201,0
punjab_stubble_belt,2025-10-15,31.775,74.875,0.0003043225118319708,0
punjab_stubble_belt,2025-10-15,31.775,74.925,0.00036185331934267327,0
punjab_stubble_belt,2025-10-15,31.775,74.975,0.00025407099454422276,0
punjab_stubble_belt,2025-10-15,31.775,75.025,0.00025216583313894715,0
punjab_stubble_belt,2025-10-15,31.775,75.075,0.0002920931397392029,0.0007094193866320479
punjab_stubble_belt,2025-10-15,31.775,75.125,0.00035107254489493594,0.004683701542982402
punjab_stubble_belt,2025-10-15,31.775,75.175,0.0003829248779315307,0.025507068084045757
punjab_stubble_belt,2025-10-15,31.775,75.225,0.0003309183608340685,0.15975353891591726
punjab_stubble_belt,2025-10-15,31.775,75.275,0.0002255827075652638,0.23165572551408004
punjab_stubble_belt,2025-10-15,31.775,75.3,0.00018875879149065044,0.25436327571013345
punjab_stubble_belt,2025-10-15,31.825,74.625,0.00031595407224464887,0
punjab_stubble_belt,2025-10-15,31.825,74.675,0.00031098295090083107,0
punjab_stubble_belt,2025-10-15,31.825,74.725,0.000306174498637456,0
punjab_stubble_belt,2025-10-15,31.825,74.775,0.00026419645335973177,0
punjab_stubble_belt,2025-10-15,31.825,74.825,0.0002395460928627879,0
punjab_stubble_belt,2025-10-15,31.825,74.875,0.00023944896957572514,0
punjab_stubble_belt,2025-10-15,31.825,74.925,0.00028484857317422806,0
punjab_stubble_belt,2025-10-15,31.825,74.975,0.00023313662298930665,0
punjab_stubble_belt,2025-10-15,31.825,75.025,0.00019843106692064212,0.001739695951891762
punjab_stubble_belt,2025-10-15,31.825,75.075,0.00022650089106824334,0.006903954841129948
punjab_stubble_belt,2025-10-15,31.825,75.125,0.00029846990610574934,0.023615287565514398
punjab_stubble_belt,2025-10-15,31.825,75.175,0.0002870830105057981,0.09658808189698383
punjab_stubble_belt,2025-10-15,31.825,75.225,0.0002979099435745452,0.17504450705678518
punjab_stubble_belt,2025-10-15,31.825,75.275,0.0002607533416168477,0.22815992921422765
punjab_stubble_belt,2025-10-15,31.825,75.3,0.00021837762648219738,0.25742024019825477
punjab_stubble_belt,2025-10-15,31.875,74.625,0.00028035907764335056,0
punjab_stubble_belt,2025-10-15,31.875,74.675,0.00033182383227502805,0
punjab_stubble_belt,2025-10-15,31.875,74.725,0.00027261170884183443,0
punjab_stubble_belt,2025-10-15,31.875,74.775,0.0002379962961371458,0
punjab_stubble_belt,2025-10-15,31.875,74.825,0.0002264206949155372,0
punjab_stubble_belt,2025-10-15,31.875,74.875,0.0002323805591976831,0
punjab_stubble_belt,2025-10-15,31.875,74.925,0.00023280698488111366,0
punjab_stubble_belt,2025-10-15,31.875,74.975,0.00021373033569056674,0
punjab_stubble_belt,2025-10-15,31.875,75.025,0.0001675503107446226,0.008455617336368142
punjab_stubble_belt,2025-10-15,31.875,75.075,0.00017243602754898475,0.023026493738173677
punjab_stubble_belt,2025-10-15,31.875,75.125,0.00022673494390575407,0.05014074042142339
punjab_stubble_belt,2025-10-15,31.875,75.175,0.00026674696331469407,0.13254364903832055
punjab_stubble_belt,2025-10-15,31.875,75.225,0.00028898407371533987,0.16821073565093775
punjab_stubble_belt,2025-10-15,31.875,75.275,0.00027072841241039536,0.20625894524074484
punjab_stubble_belt,2025-10-15,31.875,75.3,0.0002479414692597085,0.2210345572673531
punjab_stubble_belt,2025-10-16,31.325,74.625,0.00045787286277636994,0.05234281998274443
punjab_stubble_belt,2025-10-16,31.325,74.675,0.000494761449316496,0.06648493115878631
punjab_stubble_belt,2025-10-16,31.325,74.725,0.0006122548953631508,0.0907148184807004
punjab_stubble_belt,2025-10-16,31.325,74.775,0.0006046838030622755,0.09961191195730998
punjab_stubble_belt,2025-10-16,31.325,74.825,0.0006207268921609182,0.09666938366178102
punjab_stubble_belt,2025-10-16,31.325,74.875,0.0006039669322039697,0.08315306205329169
punjab_stubble_belt,2025-10-16,31.325,74.925,0.00028848877749405703,0.06042446728749783
punjab_stubble_belt,2025-10-16,31.325,74.975,0.00022054251134831515,0.05088179108611889
punjab_stubble_belt,2025-10-16,31.325,75.025,0.0002607447364171152,0.033548830298959116
punjab_stubble_belt,2025-10-16,31.325,75.075,0.00024097073834226552,0.026556418507140044
punjab_stubble_belt,2025-10-16,31.325,75.125,0.0001734991929033763,0.028142546112245044
punjab_stubble_belt,2025-10-16,31.325,75.175,0.0002609448743822088,0.0068452379235655544
punjab_stubble_belt,2025-10-16,31.325,75.225,0.0002977086590749038,0.0008916134653941909
punjab_stubble_belt,2025-10-16,31.325,75.275,0.0003515610898098224,0
punjab_stubble_belt,2025-10-16,31.325,75.3,0.000385802820313936,0
punjab_stubble_belt,2025-10-16,31.375,74.625,0.0004280298361514563,0.048582381040182164
punjab_stubble_belt,2025-10-16,31.375,74.675,0.0004153237300710389,0.05989253139757462
punjab_stubble_belt,2025-10-16,31.375,74.725,0.0005241233308624665,0.06570381992786686
punjab_stubble_belt,2025-10-16,31.375,74.775,0.0005427205969548621,0.07396629759624282
punjab_stubble_belt,2025-10-16,31.375,74.825,0.0005239651109566968,0.07029353486409334
punjab_stubble_belt,2025-10-16,31.375,74.875,0.0004671782671630904,0.05490955348199755
punjab_stubble_belt,2025-10-16,31.375,74.925,0.0003561342378536746,0.03236721433981131
punjab_stubble_belt,2025-10-16,31.375,74.975,0.0002754253061558433,0.027633072581571147
punjab_stubble_belt,2025-10-16,31.375,75.025,0.0002587008983291005,0.01465041314886343
punjab_stubble_belt,2025-10-16,31.375,75.075,0.00024772653469641494,0.00922162751198391
punjab_stubble_belt,2025-10-16,31.375,75.125,0.0002362781033611584,0.011387219931344795
punjab_stubble_belt,2025-10-16,31.375,75.175,0.00023929970211355908,0.003242826983074479
punjab_stubble_belt,2025-10-16,31.375,75.225,0.0003333371622501841,0.0031115429049162436
punjab_stubble_belt,2025-10-16,31.375,75.275,0.0003035535778379165,0.0012425526114584278
punjab_stubble_belt,2025-10-16,31.375,75.3,0.00025886836967417277,0
punjab_stubble_belt,2025-10-16,31.425,74.625,0.0003557281321290463,0.04597408332432909
punjab_stubble_belt,2025-10-16,31.425,74.675,0.00029838084489430887,0.05165059914534537
punjab_stubble_belt,2025-10-16,31.425,74.725,0.00032711628295153825,0.04432789329973646
punjab_stubble_belt,2025-10-16,31.425,74.775,0.0003908257890176318,0.04654908590615321
punjab_stubble_belt,2025-10-16,31.425,74.825,0.0003380259090126595,0.03661666152944706
punjab_stubble_belt,2025-10-16,31.425,74.875,0.0002521534389508475,0.01735265747503288
punjab_stubble_belt,2025-10-16,31.425,74.925,0.00046400849842593585,0.00027446688191358476
punjab_stubble_belt,2025-10-16,31.425,74.975,0.00036450176818193856,0.0004858103861999082
punjab_stubble_belt,2025-10-16,31.425,75.025,0.00032062887255505967,0.0005832523956322047
punjab_stubble_belt,2025-10-16,31.425,75.075,0.00030495697705851396,0.0021652961420004137
punjab_stubble_belt,2025-10-16,31.425,75.125,0.00030065853241914266,0.004644700609746635
punjab_stubble_belt,2025-10-16,31.425,75.175,0.00023750415334901728,0.0024440943775775005
punjab_stubble_belt,2025-10-16,31.425,75.225,0.00040046578688463245,0.010965199882274892
punjab_stubble_belt,2025-10-16,31.425,75.275,0.000266643382709851,0.006708847898678493
punjab_stubble_belt,2025-10-16,31.425,75.3,0.00020812668251146867,0.00870290798574818
punjab_stubble_belt,2025-10-16,31.475,74.625,0.00033451580185128233,0.028466351311777213
punjab_stubble_belt,2025-10-16,31.475,74.675,0.0002703347487888639,0.02703320493512982
punjab_stubble_belt,2025-10-16,31.475,74.725,0.0002779670713879715,0.004933249063205169
punjab_stubble_belt,2025-10-16,31.475,74.775,0.0002918397834910765,0.004748941978338341
punjab_stubble_belt,2025-10-16,31.475,74.825,0.00024270470164079754,0.004128228326747561
punjab_stubble_belt,2025-10-16,31.475,74.875,0.0002012721800116759,0.0017207660976036084
punjab_stubble_belt,2025-10-16,31.475,74.925,0.0004354180757408094,0
punjab_stubble_belt,2025-10-16,31.475,74.975,0.00036950644095323527,0
punjab_stubble_belt,2025-10-16,31.475,75.025,0.0003841948938861507,0.0022387910395720054
punjab_stubble_belt,2025-10-16,31.475,75.075,0.0003731698644345586,0.012733889346005361
punjab_stubble_belt,2025-10-16,31.475,75.125,0.0003263252233469317,0.026052813008623905
punjab_stubble_belt,2025-10-16,31.475,75.175,0.00027544708466674584,0.01099636448503744
punjab_stubble_belt,2025-10-16,31.475,75.225,0.0004149658859853741,0.03354883191857217
punjab_stubble_belt,2025-10-16,31.475,75.275,0.0003411202449420782,0.02524182937743958
punjab_stubble_belt,2025-10-16,31.525,74.625,0.0003233533816217383,0.0021367406384303
punjab_stubble_belt,2025-10-16,31.525,74.675,0.0001295696436787879,0.0020148972622457007
punjab_stubble_belt,2025-10-16,31.525,74.725,0.00011950685134846795,0.00021815883835630482
punjab_stubble_belt,2025-10-16,31.525,74.775,0.00018744794951023417,0.0003543288860926717
punjab_stubble_belt,2025-10-16,31.525,74.825,0.00021896468109373668,0.00030618936709452514
punjab_stubble_belt,2025-10-16,31.525,74.875,0.00023574260105121517,0.00012718328132680574
punjab_stubble_belt,2025-10-16,31.525,74.925,0.00035926270833052504,0
punjab_stubble_belt,2025-10-16,31.525,74.975,0.0003585112152380727,0
punjab_stubble_belt,2025-10-16,31.525,75.025,0.0003810672580789979,0.0001766889006721043
punjab_stubble_belt,2025-10-16,31.525,75.075,0.00039583707391892346,0.0008562879939283619
punjab_stubble_belt,2025-10-16,31.525,75.125,0.0003823897317034231,0.0020126312646360617
punjab_stubble_belt,2025-10-16,31.525,75.175,0.0002564852640696774,0.0009438974427156114
punjab_stubble_belt,2025-10-16,31.525,75.225,0.0003003196669321742,0.002420536428144909
punjab_stubble_belt,2025-10-16,31.525,75.275,0.0002604207405429794,0.0019214509236224117
punjab_stubble_belt,2025-10-16,31.525,75.3,0.00025138022995618804,0.00870290798574818
punjab_stubble_belt,2025-10-16,31.575,74.625,0.0003154050362839029,0
punjab_stubble_belt,2025-10-16,31.575,74.675,0.00016478992113083178,0
punjab_stubble_belt,2025-10-16,31.575,74.725,0.00013965399092706634,0
punjab_stubble_belt,2025-10-16,31.575,74.775,0.000238656393761825,0
punjab_stubble_belt,2025-10-16,31.575,74.825,0.0002703621554390959,0
punjab_stubble_belt,2025-10-16,31.575,74.875,0.0002624869363142723,0
punjab_stubble_belt,2025-10-16,31.575,74.925,0.0003770269356871015,0
punjab_stubble_belt,2025-10-16,31.575,74.975,0.00030788615092927434,0
punjab_stubble_belt,2025-10-16,31.575,75.025,0.0003502924259386789,0
punjab_stubble_belt,2025-10-16,31.575,75.075,0.0003359516291624508,0
punjab_stubble_belt,2025-10-16,31.575,75.125,0.0002620653264604754,5.068029493925322e-06
punjab_stubble_belt,2025-10-16,31.575,75.175,0.00024778990509697176,4.504565345221824e-05
punjab_stubble_belt,2025-10-16,31.575,75.225,0.0003755610891430508,5.912701076246209e-06
punjab_stubble_belt,2025-10-16,31.575,75.275,0.0003060170697797614,0
punjab_stubble_belt,2025-10-16,31.575,75.3,0.00024194580245489125,0
punjab_stubble_belt,2025-10-16,31.625,74.625,0.00028371457253332377,0
punjab_stubble_belt,2025-10-16,31.625,74.675,0.00015483039200391444,0
punjab_stubble_belt,2025-10-16,31.625,74.725,0.00013869105583499858,0
punjab_stubble_belt,2025-10-16,31.625,74.775,0.00021001710711656432,0
punjab_stubble_belt,2025-10-16,31.625,74.825,0.00024400875897984806,0
punjab_stubble_belt,2025-10-16,31.625,74.875,0.0002518232213925025,0
punjab_stubble_belt,2025-10-16,31.625,74.925,0.00032212957736924334,0
punjab_stubble_belt,2025-10-16,31.625,74.975,0.0003153576417869166,0
punjab_stubble_belt,2025-10-16,31.625,75.025,0.000327710845227426,0
punjab_stubble_belt,2025-10-16,31.625,75.075,0.00026179549064233535,0
punjab_stubble_belt,2025-10-16,31.625,75.125,0.00015557663241204086,0
punjab_stubble_belt,2025-10-16,31.625,75.175,0.00028336812731884035,0
punjab_stubble_belt,2025-10-16,31.625,75.225,0.0003743702823098112,0
punjab_stubble_belt,2025-10-16,31.625,75.275,0.0003692809157041319,0
punjab_stubble_belt,2025-10-16,31.625,75.3,0.0003787790231286386,0
punjab_stubble_belt,2025-10-16,31.675,74.625,0.0002519678900546337,0
punjab_stubble_belt,2025-10-16,31.675,74.675,0.00013128203663422263,0
punjab_stubble_belt,2025-10-16,31.675,74.725,0.00015394432338968365,0
punjab_stubble_belt,2025-10-16,31.675,74.775,0.00015755366700075283,0
punjab_stubble_belt,2025-10-16,31.675,74.825,0.0001872024788822256,0
punjab_stubble_belt,2025-10-16,31.675,74.875,0.00022573345656343277,0
punjab_stubble_belt,2025-10-16,31.675,74.925,0.00020693518211913818,0
punjab_stubble_belt,2025-10-16,31.675,74.975,0.00034418476697362034,0
punjab_stubble_belt,2025-10-16,31.675,75.025,0.00030621027207661624,0
punjab_stubble_belt,2025-10-16,31.675,75.075,0.00021018874006195078,0
punjab_stubble_belt,2025-10-16,31.675,75.125,0.00012860476291999366,0
punjab_stubble_belt,2025-10-16,31.675,75.175,0.00034632455588737613,0
punjab_stubble_belt,2025-10-16,31.675,75.225,0.0003061241484323133,0
punjab_stubble_belt,2025-10-16,31.675,75.275,0.00041223253876930115,0
punjab_stubble_belt,2025-10-16,31.675,75.3,0.0004521487993643593,0
punjab_stubble_belt,2025-10-16,31.725,74.625,0.0003074738369783544,0
punjab_stubble_belt,2025-10-16,31.725,74.675,0.00027891676722933235,0
punjab_stubble_belt,2025-10-16,31.725,74.725,0.0003894083460525068,0
punjab_stubble_belt,2025-10-16,31.725,74.775,0.0003535736102870484,0
punjab_stubble_belt,2025-10-16,31.725,74.825,0.00031339931831301935,0
punjab_stubble_belt,2025-10-16,31.725,74.875,0.0002615390747234098,0
punjab_stubble_belt,2025-10-16,31.725,74.925,0.0001138729515812889,0
punjab_stubble_belt,2025-10-16,31.725,74.975,0.0002290268835926744,0
punjab_stubble_belt,2025-10-16,31.725,75.025,0.00024160418768606707,0
punjab_stubble_belt,2025-10-16,31.725,75.075,0.0002792475980420688,0
punjab_stubble_belt,2025-10-16,31.725,75.125,0.00034677703968460076,0
punjab_stubble_belt,2025-10-16,31.725,75.175,0.0003752497969844633,0
punjab_stubble_belt,2025-10-16,31.725,75.225,0.0002688448474046149,0
punjab_stubble_belt,2025-10-16,31.725,75.275,0.00034460240292469524,0
punjab_stubble_belt,2025-10-16,31.775,74.625,0.00026779818868804953,0
punjab_stubble_belt,2025-10-16,31.775,74.675,0.00034491255646016734,0
punjab_stubble_belt,2025-10-16,31.775,74.725,0.00033133446110891084,0
punjab_stubble_belt,2025-10-16,31.775,74.775,0.0003451755991728144,0
punjab_stubble_belt,2025-10-16,31.775,74.825,0.00032162318103987905,0
punjab_stubble_belt,2025-10-16,31.775,74.875,0.00028005736964835154,0
punjab_stubble_belt,2025-10-16,31.775,74.925,0.0003036145769804466,0
punjab_stubble_belt,2025-10-16,31.775,74.975,0.0003410920995255442,0
punjab_stubble_belt,2025-10-16,31.775,75.025,0.0002860271070509665,0
punjab_stubble_belt,2025-10-16,31.775,75.075,0.000315464058400837,0
punjab_stubble_belt,2025-10-16,31.775,75.125,0.00043597944163548173,0
punjab_stubble_belt,2025-10-16,31.775,75.175,0.0005687518135174056,0
punjab_stubble_belt,2025-10-16,31.775,75.225,0.0006310056089317463,0
punjab_stubble_belt,2025-10-16,31.775,75.275,0.0004359814183669141,0
punjab_stubble_belt,2025-10-16,31.775,75.3,0.0003465846931192705,0
punjab_stubble_belt,2025-10-16,31.825,74.625,0.00022170037817930097,0
punjab_stubble_belt,2025-10-16,31.825,74.675,0.00030096586625154396,0
punjab_stubble_belt,2025-10-16,31.825,74.725,0.00031703827669468703,0
punjab_stubble_belt,2025-10-16,31.825,74.775,0.00027982733037215304,0
punjab_stubble_belt,2025-10-16,31.825,74.825,0.00026023792821215446,0
punjab_stubble_belt,2025-10-16,31.825,74.875,0.0002740150923143825,0
punjab_stubble_belt,2025-10-16,31.825,74.925,0.0003656676304419791,0
punjab_stubble_belt,2025-10-16,31.825,74.975,0.00046181253248337746,0
punjab_stubble_belt,2025-10-16,31.825,75.025,0.00030201379904841826,0
punjab_stubble_belt,2025-10-16,31.825,75.075,0.000219632725371646,0
punjab_stubble_belt,2025-10-16,31.825,75.125,0.0002653339276562094,0
punjab_stubble_belt,2025-10-16,31.825,75.175,0.00041098955514979555,0
punjab_stubble_belt,2025-10-16,31.825,75.225,0.0005081128088956997,0
punjab_stubble_belt,2025-10-16,31.825,75.275,0.00023815218319052318,0
punjab_stubble_belt,2025-10-16,31.825,75.3,0.00010149705289233397,0
punjab_stubble_belt,2025-10-16,31.875,74.625,0.00019579985743440305,0
punjab_stubble_belt,2025-10-16,31.875,74.675,0.0002757544299534382,0
punjab_stubble_belt,2025-10-16,31.875,74.725,0.0002528269373904165,0
punjab_stubble_belt,2025-10-16,31.875,74.775,0.0002575170362760463,0
punjab_stubble_belt,2025-10-16,31.875,74.825,0.0002481433522864386,0
punjab_stubble_belt,2025-10-16,31.875,74.875,0.00023944914080915725,0
punjab_stubble_belt,2025-10-16,31.875,74.925,0.00030360136629905746,0
punjab_stubble_belt,2025-10-16,31.875,74.975,0.00041278760998732244,0
punjab_stubble_belt,2025-10-16,31.875,75.025,0.0002662812450713941,0
punjab_stubble_belt,2025-10-16,31.875,75.075,0.00019468573402492333,0
punjab_stubble_belt,2025-10-16,31.875,75.125,0.00023694191874652667,0
punjab_stubble_belt,2025-10-16,31.875,75.175,0.00032231867816927555,0
punjab_stubble_belt,2025-10-16,31.875,75.225,0.0003990338074007254,0
punjab_stubble_belt,2025-10-16,31.875,75.275,0.00017079031974857268,0
punjab_stubble_belt,2025-10-16,31.875,75.3,4.199657838984118e-05,0
punjab_stubble_belt,2025-10-17,31.325,74.625,0.0004082905374079797,0.1378231965873819
punjab_stubble_belt,2025-10-17,31.325,74.675,0.00023308675003529271,0.13745057403032115
punjab_stubble_belt,2025-10-17,31.325,74.725,0.00018736772813999328,0.11256735025439116
punjab_stubble_belt,2025-10-17,31.325,74.775,0.00019000688293645897,0.09925421427098868
punjab_stubble_belt,2025-10-17,31.325,74.825,0.00024114761808408214,0.08093769777573775
punjab_stubble_belt,2025-10-17,31.325,74.875,0.000306618116658542,0.06227969226421714
punjab_stubble_belt,2025-10-17,31.325,74.925,0.000278191023880432,0.06073568580418895
punjab_stubble_belt,2025-10-17,31.325,74.975,0.0004088444487633925,0.06051485115730019
punjab_stubble_belt,2025-10-17,31.325,75.025,0.0003775799984841185,0.06735656629774119
punjab_stubble_belt,2025-10-17,31.325,75.075,0.00030834000575300917,0.07535188765644986
punjab_stubble_belt,2025-10-17,31.325,75.125,0.00021657010626178862,0.0806065677839967
punjab_stubble_belt,2025-10-17,31.325,75.175,4.85877128071027e-05,0.06947176923352719
punjab_stubble_belt,2025-10-17,31.325,75.225,-8.145487040282007e-05,0.06381147814212515
punjab_stubble_belt,2025-10-17,31.325,75.275,6.35251804429507e-05,0.034095455875523366
punjab_stubble_belt,2025-10-17,31.325,75.3,0.00015623515215590114,0.01704764971775532
punjab_stubble_belt,2025-10-17,31.375,74.625,0.00038348721997947876,0.11429671769955192
punjab_stubble_belt,2025-10-17,31.375,74.675,0.000300436150621622,0.11812149121206622
punjab_stubble_belt,2025-10-17,31.375,74.725,0.0003115839563648274,0.09558318938217564
punjab_stubble_belt,2025-10-17,31.375,74.775,0.0003418664487866464,0.09093876695066037
punjab_stubble_belt,2025-10-17,31.375,74.825,0.00035430072238075547,0.0769495168772571
punjab_stubble_belt,2025-10-17,31.375,74.875,0.0003305545205530164,0.05807755486925442
punjab_stubble_belt,2025-10-17,31.375,74.925,0.000206906242799719,0.0554194520215694
punjab_stubble_belt,2025-10-17,31.375,74.975,0.0002670059892517436,0.05488905792823189
punjab_stubble_belt,2025-10-17,31.375,75.025,0.00025573216634972875,0.06397425636138705
punjab_stubble_belt,2025-10-17,31.375,75.075,0.00021985923482724972,0.07216642453878122
punjab_stubble_belt,2025-10-17,31.375,75.125,0.00016934223999390992,0.07639426974884173
punjab_stubble_belt,2025-10-17,31.375,75.175,8.580108174776256e-05,0.07046165616857834
punjab_stubble_belt,2025-10-17,31.375,75.225,3.4026389797096066e-05,0.06747623256504574
punjab_stubble_belt,2025-10-17,31.375,75.275,0.00016792435415148175,0.03457454510469066
punjab_stubble_belt,2025-10-17,31.375,75.3,0.0002713933713562346,0.01302626793001305
punjab_stubble_belt,2025-10-17,31.425,74.625,0.0003402713392826378,0.09495076490957131
punjab_stubble_belt,2025-10-17,31.425,74.675,0.0003486784198947879,0.09644755015698908
punjab_stubble_belt,2025-10-17,31.425,74.725,0.0004368992252926742,0.07820760578523998
punjab_stubble_belt,2025-10-17,31.425,74.775,0.0004898092858332132,0.07794737302659512
punjab_stubble_belt,2025-10-17,31.425,74.825,0.0004087511870093328,0.06971080575357251
punjab_stubble_belt,2025-10-17,31.425,74.875,0.00023403205261085378,0.055765056762297975
punjab_stubble_belt,2025-10-17,31.425,74.925,9.242736386485502e-05,0.04908950078072699
punjab_stubble_belt,2025-10-17,31.425,74.975,9.21000938541459e-05,0.049333010710974234
punjab_stubble_belt,2025-10-17,31.425,75.025,0.0001117488984303476,0.059017365200378986
punjab_stubble_belt,2025-10-17,31.425,75.075,9.622293396858349e-05,0.06607179339157732
punjab_stubble_belt,2025-10-17,31.425,75.125,6.143384970025187e-05,0.06903943980576997
punjab_stubble_belt,2025-10-17,31.425,75.175,0.00013743838524195778,0.07166679797278633
punjab_stubble_belt,2025-10-17,31.425,75.225,0.0001778116086516301,0.06986459199968914
punjab_stubble_belt,2025-10-17,31.425,75.275,0.00027321937998464266,0.038867025937602794
punjab_stubble_belt,2025-10-17,31.425,75.3,0.00030078180801009467,0.028407171310993427
punjab_stubble_belt,2025-10-17,31.475,74.625,0.0003039299265265183,0.08536378457256569
punjab_stubble_belt,2025-10-17,31.475,74.675,0.0003225474613663015,0.08714764623456167
punjab_stubble_belt,2025-10-17,31.475,74.725,0.00012037426595622947,0.06357540163948942
punjab_stubble_belt,2025-10-17,31.475,74.775,0.0001786685542012057,0.058870220842507266
punjab_stubble_belt,2025-10-17,31.475,74.825,0.0001340310241345949,0.05579130474729667
punjab_stubble_belt,2025-10-17,31.475,74.875,2.7781751368110634e-05,0.05260138396952055
punjab_stubble_belt,2025-10-17,31.475,74.925,0.0001149116785844819,0.04840779943313223
punjab_stubble_belt,2025-10-17,31.475,74.975,7.756202632333804e-05,0.04864547030797472
punjab_stubble_belt,2025-10-17,31.475,75.025,8.874208809803649e-05,0.05731226746461916
punjab_stubble_belt,2025-10-17,31.475,75.075,0.00012156991109308562,0.06268203211278077
punjab_stubble_belt,2025-10-17,31.475,75.125,0.00017269383712482093,0.06377946125127217
punjab_stubble_belt,2025-10-17,31.475,75.175,0.0002581918900027422,0.06733706410593233
punjab_stubble_belt,2025-10-17,31.475,75.225,0.000179752742815821,0.06494294346086185
punjab_stubble_belt,2025-10-17,31.475,75.275,0.00021966727821632768,0.051577942561846515
punjab_stubble_belt,2025-10-17,31.525,74.625,0.000203504548013763,0.05972607317562919
punjab_stubble_belt,2025-10-17,31.525,74.675,0.00031430310160783016,0.025055417362565804
punjab_stubble_belt,2025-10-17,31.525,74.725,0.0003403595162633905,0.038003230179902196
punjab_stubble_belt,2025-10-17,31.525,74.775,0.00022013445815665224,0.022664574090362415
punjab_stubble_belt,2025-10-17,31.525,74.825,0.00015044427058550348,0.015064714388642583
punjab_stubble_belt,2025-10-17,31.525,74.875,0.00013249189807008395,0.019457411857578502
punjab_stubble_belt,2025-10-17,31.525,74.925,9.27249177791306e-05,0.03910021846552757
punjab_stubble_belt,2025-10-17,31.525,74.975,0.00020591859812483807,0.04800989020126467
punjab_stubble_belt,2025-10-17,31.525,75.025,0.0002823241929499684,0.05470050271443237
punjab_stubble_belt,2025-10-17,31.525,75.075,0.00029507542248477454,0.057662830594082
punjab_stubble_belt,2025-10-17,31.525,75.125,0.000238777962681391,0.05784719727318722
punjab_stubble_belt,2025-10-17,31.525,75.175,0.00012552296783600308,0.0613363659409816
punjab_stubble_belt,2025-10-17,31.525,75.225,0.0001178117049406297,0.0562948699229291
punjab_stubble_belt,2025-10-17,31.525,75.275,3.0111900040009854e-05,0.054716440217977697
punjab_stubble_belt,2025-10-17,31.525,75.3,0.00010190899263188148,0.0490024938875268
punjab_stubble_belt,2025-10-17,31.575,74.625,0.000309503477222214,0.045750408577148904
punjab_stubble_belt,2025-10-17,31.575,74.675,0.00031614218738741076,0.014295085941608663
punjab_stubble_belt,2025-10-17,31.575,74.725,0.00033129730967442026,0.016904482432614835
punjab_stubble_belt,2025-10-17,31.575,74.775,0.0002641267629658298,0.008636628735700919
punjab_stubble_belt,2025-10-17,31.575,74.825,0.00023126719532905922,0.005591882588583524
punjab_stubble_belt,2025-10-17,31.575,74.875,0.00022676797392537747,0.00982083674782382
punjab_stubble_belt,2025-10-17,31.575,74.925,0.00018505720596138345,0.024163403184565387
punjab_stubble_belt,2025-10-17,31.575,74.975,0.0002770487923311875,0.046992234369468824
punjab_stubble_belt,2025-10-17,31.575,75.025,0.00029136569637402775,0.05025999219856414
punjab_stubble_belt,2025-10-17,31.575,75.075,0.0002843584590606261,0.04942555112207946
punjab_stubble_belt,2025-10-17,31.575,75.125,0.0002648939992321959,0.0470704523620323
punjab_stubble_belt,2025-10-17,31.575,75.175,0.00022834217762734632,0.043966971260961656
punjab_stubble_belt,2025-10-17,31.575,75.225,0.00018708705627342763,0.04367803779031383
punjab_stubble_belt,2025-10-17,31.575,75.275,0.00019209439081167064,0.05001593844151655
punjab_stubble_belt,2025-10-17,31.575,75.3,0.00013705778329265472,0.054397884228662145
punjab_stubble_belt,2025-10-17,31.625,74.625,0.0003179068859765332,0.02519592219179794
punjab_stubble_belt,2025-10-17,31.625,74.675,0.0002862664958626326,0.006977493640511026
punjab_stubble_belt,2025-10-17,31.625,74.725,0.0002518076522283877,0.004252258131718521
punjab_stubble_belt,2025-10-17,31.625,74.775,0.00024877545786839415,0.001817335426412817
punjab_stubble_belt,2025-10-17,31.625,74.825,0.00025585495771370426,0.007976937329023477
punjab_stubble_belt,2025-10-17,31.625,74.875,0.0002632961308255708,0.02038806104946427
punjab_stubble_belt,2025-10-17,31.625,74.925,0.0002464246311842105,0.02958368276323888
punjab_stubble_belt,2025-10-17,31.625,74.975,0.000312029558860532,0.04696294739251693
punjab_stubble_belt,2025-10-17,31.625,75.025,0.0002468319481675591,0.03870966487313597
punjab_stubble_belt,2025-10-17,31.625,75.075,0.00020151009851226992,0.03157454224335555
punjab_stubble_belt,2025-10-17,31.625,75.125,0.00020125534072650808,0.028881617688336747
punjab_stubble_belt,2025-10-17,31.625,75.175,0.0002297563808672396,0.021134910221850156
punjab_stubble_belt,2025-10-17,31.625,75.225,0.00019632708875362732,0.022613670120339168
punjab_stubble_belt,2025-10-17,31.625,75.275,0.00022675093591329598,0.02831158378663137
punjab_stubble_belt,2025-10-17,31.625,75.3,0.00023345564956386215,0.02690029553404476
punjab_stubble_belt,2025-10-17,31.675,74.625,0.00025309440073840973,0.004618668354349596
punjab_stubble_belt,2025-10-17,31.675,74.675,0.0002454217918869064,0.0017649533081437925
punjab_stubble_belt,2025-10-17,31.675,74.725,0.00017097740254645255,8.64177351693198e-05
punjab_stubble_belt,2025-10-17,31.675,74.775,0.0002012178121920008,0
punjab_stubble_belt,2025-10-17,31.675,74.825,0.00022242378194188838,0.014128183209594948
punjab_stubble_belt,2025-10-17,31.675,74.875,0.0002348842862246287,0.03566322968420308
punjab_stubble_belt,2025-10-17,31.675,74.925,0.00029251632645958147,0.041977464008094566
punjab_stubble_belt,2025-10-17,31.675,74.975,0.0003381341970954068,0.04232846678708091
punjab_stubble_belt,2025-10-17,31.675,75.025,0.00020731103049261484,0.022199402230621307
punjab_stubble_belt,2025-10-17,31.675,75.075,0.00011769055198723018,0.01046941063469951
punjab_stubble_belt,2025-10-17,31.675,75.125,0.00010043306010047891,0.009123926374834482
punjab_stubble_belt,2025-10-17,31.675,75.175,0.00013552392529790172,0
punjab_stubble_belt,2025-10-17,31.675,75.225,0.00015843245739028728,0.0005042849593511885
punjab_stubble_belt,2025-10-17,31.675,75.275,0.00015972817933251212,0.00023077447292342524
punjab_stubble_belt,2025-10-17,31.675,75.3,0.00019759857763373333,0
punjab_stubble_belt,2025-10-17,31.725,74.625,0.00029545309877380656,0.010152095887908672
punjab_stubble_belt,2025-10-17,31.725,74.675,0.00027479164352862766,0.009197068652427339
punjab_stubble_belt,2025-10-17,31.725,74.725,0.0002669267738505609,0.0006854958001809196
punjab_stubble_belt,2025-10-17,31.725,74.775,0.00023066112052533362,0
punjab_stubble_belt,2025-10-17,31.725,74.825,0.00015914075314873644,0
punjab_stubble_belt,2025-10-17,31.725,74.875,0.0001335307709599903,0.0009934954146151498
punjab_stubble_belt,2025-10-17,31.725,74.925,0.000438704796118046,0.0066646984063766295
punjab_stubble_belt,2025-10-17,31.725,74.975,0.00044108111999948275,0.009885630195116506
punjab_stubble_belt,2025-10-17,31.725,75.025,0.0003384588546605872,0.007204181322392512
punjab_stubble_belt,2025-10-17,31.725,75.075,0.0002333142043266408,0.006281806492955607
punjab_stubble_belt,2025-10-17,31.725,75.125,0.00014681482241602303,0.006787910322269044
punjab_stubble_belt,2025-10-17,31.725,75.175,6.862527866847163e-05,0
punjab_stubble_belt,2025-10-17,31.725,75.225,0.0001747333723193169,0
punjab_stubble_belt,2025-10-17,31.725,75.275,0.00022842954116164392,0
punjab_stubble_belt,2025-10-17,31.775,74.625,0.00029265328246727286,0.011071437550443625
punjab_stubble_belt,2025-10-17,31.775,74.675,0.0002658172594886439,0.006044540684668903
punjab_stubble_belt,2025-10-17,31.775,74.725,0.00023832170952295997,0.0004474569271047853
punjab_stubble_belt,2025-10-17,31.775,74.775,0.0002726661766833989,0
punjab_stubble_belt,2025-10-17,31.775,74.825,0.0002715716306287001,0
punjab_stubble_belt,2025-10-17,31.775,74.875,0.0002710075745654602,8.383268435693872e-05
punjab_stubble_belt,2025-10-17,31.775,74.925,0.00043100450745793594,0.0007037259186857311
punjab_stubble_belt,2025-10-17,31.775,74.975,0.0004297052698086587,0.0015356786193569435
punjab_stubble_belt,2025-10-17,31.775,75.025,0.00040412768120051505,0.0009705654564436866
punjab_stubble_belt,2025-10-17,31.775,75.075,0.00035361135644425116,0.0006321314709892436
punjab_stubble_belt,2025-10-17,31.775,75.125,0.0002665104492283284,0.0007170327805213778
punjab_stubble_belt,2025-10-17,31.775,75.175,7.679298966819915e-05,0
punjab_stubble_belt,2025-10-17,31.775,75.225,0.00015465169244917074,0
punjab_stubble_belt,2025-10-17,31.775,75.275,0.00022299027530940424,0
punjab_stubble_belt,2025-10-17,31.775,75.3,0.0002565875176216519,0
punjab_stubble_belt,2025-10-17,31.825,74.625,0.0002592294675939582,0.027982481133069174
punjab_stubble_belt,2025-10-17,31.825,74.675,0.0002676147047618813,0.007860467525758351
punjab_stubble_belt,2025-10-17,31.825,74.725,0.00014310325785369925,0.0006807163597369163
punjab_stubble_belt,2025-10-17,31.825,74.775,9.518282074742121e-05,4.8968813317903425e-05
punjab_stubble_belt,2025-10-17,31.825,74.825,9.573874379000204e-05,0
punjab_stubble_belt,2025-10-17,31.825,74.875,0.00013981693292433264,0
punjab_stubble_belt,2025-10-17,31.825,74.925,0.0002578739689396935,0
punjab_stubble_belt,2025-10-17,31.825,74.975,0.0004268997332766435,0.00021206254003780698
punjab_stubble_belt,2025-10-17,31.825,75.025,0.0003665593170285789,8.617926155382577e-05
punjab_stubble_belt,2025-10-17,31.825,75.075,0.0002883953407178279,0
punjab_stubble_belt,2025-10-17,31.825,75.125,0.00023432322081437388,0
punjab_stubble_belt,2025-10-17,31.825,75.175,0.00023186847658281803,0
punjab_stubble_belt,2025-10-17,31.825,75.225,0.00021933395843011896,0
punjab_stubble_belt,2025-10-17,31.825,75.275,0.00025540568607083296,0
punjab_stubble_belt,2025-10-17,31.825,75.3,0.0002760979861900797,0
punjab_stubble_belt,2025-10-17,31.875,74.625,0.00029940096226878843,0.0400858350673701
punjab_stubble_belt,2025-10-17,31.875,74.675,0.0003038129761154378,0.015836957590886342
punjab_stubble_belt,2025-10-17,31.875,74.725,0.00013023281495543835,0.001600802696174099
punjab_stubble_belt,2025-10-17,31.875,74.775,2.8684253915555135e-05,0.00018654729046357584
punjab_stubble_belt,2025-10-17,31.875,74.825,4.062335112446555e-06,0
punjab_stubble_belt,2025-10-17,31.875,74.875,5.304819115439924e-05,0
punjab_stubble_belt,2025-10-17,31.875,74.925,0.00017431173618995887,0
punjab_stubble_belt,2025-10-17,31.875,74.975,0.0004482109568309555,0
punjab_stubble_belt,2025-10-17,31.875,75.025,0.0002948383602267875,0
punjab_stubble_belt,2025-10-17,31.875,75.075,0.00014818161668923638,0
punjab_stubble_belt,2025-10-17,31.875,75.125,9.876994336717408e-05,0
punjab_stubble_belt,2025-10-17,31.875,75.175,0.0002865430430880404,0
punjab_stubble_belt,2025-10-17,31.875,75.225,0.0002873151608209402,0
punjab_stubble_belt,2025-10-17,31.875,75.275,0.0003138518179951615,0
punjab_stubble_belt,2025-10-17,31.875,75.3,0.0003449676513252486,0
punjab_stubble_belt,2025-10-18,31.325,74.625,0.00014238057474267988,0.13178047859502562
punjab_stubble_belt,2025-10-18,31.325,74.675,0.00013480735892923936,0.12989827708187263
punjab_stubble_belt,2025-10-18,31.325,74.725,0.0003293272504692488,0.1279430299251873
punjab_stubble_belt,2025-10-18,31.325,74.775,0.0004412204805987891,0.12656912866405517
punjab_stubble_belt,2025-10-18,31.325,74.825,0.0003964855682627261,0.10766820325267878
punjab_stubble_belt,2025-10-18,31.325,74.875,0.00024554849636603064,0.07797262334406463
punjab_stubble_belt,2025-10-18,31.325,74.925,0.0001570375967627831,0.06094003768020269
punjab_stubble_belt,2025-10-18,31.325,74.975,0.00016452451587615504,0.06647039499699689
punjab_stubble_belt,2025-10-18,31.325,75.025,0.00020999715722887463,0.09596074734876729
punjab_stubble_belt,2025-10-18,31.325,75.075,0.0002091754435423823,0.11280568210634134
punjab_stubble_belt,2025-10-18,31.325,75.125,0.00017141487285418246,0.11268790037706235
punjab_stubble_belt,2025-10-18,31.325,75.175,0.00023469598419669857,0.10931815999318226
punjab_stubble_belt,2025-10-18,31.325,75.225,0.0003150382369888768,0.10489368582482729
punjab_stubble_belt,2025-10-18,31.325,75.275,0.00026252899222811065,0.10243956721332903
punjab_stubble_belt,2025-10-18,31.325,75.3,0.0002462284770458871,0.10172807011353258
punjab_stubble_belt,2025-10-18,31.375,74.625,0.00021909461034409078,0.12409270316002255
punjab_stubble_belt,2025-10-18,31.375,74.675,0.00018396206336005508,0.12287088152003765
punjab_stubble_belt,2025-10-18,31.375,74.725,0.0003047937894386418,0.1199221275715392
punjab_stubble_belt,2025-10-18,31.375,74.775,0.0003875143548137927,0.11898365291642668
punjab_stubble_belt,2025-10-18,31.375,74.825,0.0003433310475308746,0.10318444151756462
punjab_stubble_belt,2025-10-18,31.375,74.875,0.00022285504859197538,0.07981248742599294
punjab_stubble_belt,2025-10-18,31.375,74.925,0.00021184978793339112,0.07325362702523472
punjab_stubble_belt,2025-10-18,31.375,74.975,0.00021932349866399836,0.08156160312463692
punjab_stubble_belt,2025-10-18,31.375,75.025,0.00022058675107874598,0.09862015309656753
punjab_stubble_belt,2025-10-18,31.375,75.075,0.00017888841470407025,0.10842745362547232
punjab_stubble_belt,2025-10-18,31.375,75.125,0.00011086605544759342,0.10891726763138312
punjab_stubble_belt,2025-10-18,31.375,75.175,0.00012648518317388816,0.10704426831116673
punjab_stubble_belt,2025-10-18,31.375,75.225,0.00020775413161182606,0.10399782113936816
punjab_stubble_belt,2025-10-18,31.375,75.275,0.000202202846294621,0.10080173279154019
punjab_stubble_belt,2025-10-18,31.375,75.3,0.00019248269484486739,0.09875621828544887
punjab_stubble_belt,2025-10-18,31.425,74.625,0.0003896022207116956,0.11613883714199619
punjab_stubble_belt,2025-10-18,31.425,74.675,0.0004163749983856509,0.11507722403009582
punjab_stubble_belt,2025-10-18,31.425,74.725,0.00035030390576692245,0.11111763229614145
punjab_stubble_belt,2025-10-18,31.425,74.775,0.0003355282763619038,0.11067249184285718
punjab_stubble_belt,2025-10-18,31.425,74.825,0.0002713611340420716,0.1090874600397216
punjab_stubble_belt,2025-10-18,31.425,74.875,0.0001962054887850398,0.10468323717116691
punjab_stubble_belt,2025-10-18,31.425,74.925,0.0002649042729084529,0.0916715413559954
punjab_stubble_belt,2025-10-18,31.425,74.975,0.0002634898291432121,0.09901238303256808
punjab_stubble_belt,2025-10-18,31.425,75.025,0.00018866252495519962,0.10192077232486263
punjab_stubble_belt,2025-10-18,31.425,75.075,0.00010469216874411409,0.103637760211253
punjab_stubble_belt,2025-10-18,31.425,75.125,3.509388671029337e-05,0.10452698347872412
punjab_stubble_belt,2025-10-18,31.425,75.175,4.4046838054564043e-05,0.10402214133678096
punjab_stubble_belt,2025-10-18,31.425,75.225,6.159195107247448e-05,0.10331024633727294
punjab_stubble_belt,2025-10-18,31.425,75.275,0.00013616546037366548,0.09947945842056574
punjab_stubble_belt,2025-10-18,31.425,75.3,0.00014127947312516897,0.09730645429915503
punjab_stubble_belt,2025-10-18,31.475,74.625,0.00026941668165277516,0.11068648747367132
punjab_stubble_belt,2025-10-18,31.475,74.675,0.00027505212698176773,0.10984296935482926
punjab_stubble_belt,2025-10-18,31.475,74.725,0.0002820253188111095,0.10564277506214537
punjab_stubble_belt,2025-10-18,31.475,74.775,0.0002856177386798581,0.10535350458984098
punjab_stubble_belt,2025-10-18,31.475,74.825,0.00025491040950352165,0.10474275627366252
punjab_stubble_belt,2025-10-18,31.475,74.875,0.00023668112457370162,0.10279827797189629
punjab_stubble_belt,2025-10-18,31.475,74.925,0.00040440417252836304,0.0970561109228808
punjab_stubble_belt,2025-10-18,31.475,74.975,0.0003071041989240368,0.0982537252582114
punjab_stubble_belt,2025-10-18,31.475,75.025,0.0002272894028882543,0.10020763903014057
punjab_stubble_belt,2025-10-18,31.475,75.075,0.0001462588045622524,0.10165515201203332
punjab_stubble_belt,2025-10-18,31.475,75.125,9.49823371193389e-05,0.10235465316643716
punjab_stubble_belt,2025-10-18,31.475,75.175,0.00022878199582025043,0.10261138918158574
punjab_stubble_belt,2025-10-18,31.475,75.225,7.853043926179948e-05,0.10279269147552465
punjab_stubble_belt,2025-10-18,31.475,75.275,6.834076289207522e-05,0.09972267607200248
punjab_stubble_belt,2025-10-18,31.525,74.625,0.0003577296994266597,0.10090608924483449
punjab_stubble_belt,2025-10-18,31.525,74.675,0.0003582011489356555,0.10083725388574907
punjab_stubble_belt,2025-10-18,31.525,74.725,0.0003352054047940083,0.09971023681721752
punjab_stubble_belt,2025-10-18,31.525,74.775,0.0002958307218388661,0.06917708175673139
punjab_stubble_belt,2025-10-18,31.525,74.825,0.00018643600154359953,0.0534012402647672
punjab_stubble_belt,2025-10-18,31.525,74.875,7.940513174739274e-05,0.05820504682124101
punjab_stubble_belt,2025-10-18,31.525,74.925,0.00023856228750036046,0.09071242328429664
punjab_stubble_belt,2025-10-18,31.525,74.975,0.0002564129488350637,0.09143635417485513
punjab_stubble_belt,2025-10-18,31.525,75.025,0.00026115477862441314,0.09503412556987044
punjab_stubble_belt,2025-10-18,31.525,75.075,0.00026473763053199686,0.0972860868234603
punjab_stubble_belt,2025-10-18,31.525,75.125,0.0002448163445408774,0.09813416376426931
punjab_stubble_belt,2025-10-18,31.525,75.175,8.92153149268728e-05,0.10092741461654878
punjab_stubble_belt,2025-10-18,31.525,75.225,9.216038399535058e-05,0.09927436320854813
punjab_stubble_belt,2025-10-18,31.525,75.275,0.00018234964250700162,0.09852193842902622
punjab_stubble_belt,2025-10-18,31.525,75.3,0.00016608854103565405,0.09794214557678718
punjab_stubble_belt,2025-10-18,31.575,74.625,0.0003615521116569365,0.1001757041549462
punjab_stubble_belt,2025-10-18,31.575,74.675,0.00036160702177887824,0.10017465796849008
punjab_stubble_belt,2025-10-18,31.575,74.725,0.0003040264093090381,0.10151980116569725
punjab_stubble_belt,2025-10-18,31.575,74.775,0.00031359581582026275,0.06784982217197882
punjab_stubble_belt,2025-10-18,31.575,74.825,0.0002609743264928267,0.051176512779238084
punjab_stubble_belt,2025-10-18,31.575,74.875,0.00017040157392420624,0.057229070754441815
punjab_stubble_belt,2025-10-18,31.575,74.925,0.00014968553362480723,0.08855606963530756
punjab_stubble_belt,2025-10-18,31.575,74.975,0.00022223200565125466,0.08967806359767776
punjab_stubble_belt,2025-10-18,31.575,75.025,0.00019340710601526605,0.09247132469405694
punjab_stubble_belt,2025-10-18,31.575,75.075,0.0002328814632436169,0.09475027345015258
punjab_stubble_belt,2025-10-18,31.575,75.125,0.00032616950416089675,0.09642151434321482
punjab_stubble_belt,2025-10-18,31.575,75.175,0.00026055381852787066,0.09944895147328663
punjab_stubble_belt,2025-10-18,31.575,75.225,0.00015667261170758425,0.09789410799927166
punjab_stubble_belt,2025-10-18,31.575,75.275,0.00018211399928403957,0.09689709948593493
punjab_stubble_belt,2025-10-18,31.575,75.3,0.00022064777918996462,0.09684978229738594
punjab_stubble_belt,2025-10-18,31.625,74.625,0.0002911543234604509,0.09547037131298218
punjab_stubble_belt,2025-10-18,31.625,74.675,0.0002887492210596356,0.09540885565740767
punjab_stubble_belt,2025-10-18,31.625,74.725,0.0002490811057015335,0.09104019736799318
punjab_stubble_belt,2025-10-18,31.625,74.775,0.00027387394105100773,0.0728844563924414
punjab_stubble_belt,2025-10-18,31.625,74.825,0.0002661497603073033,0.06479362478307008
punjab_stubble_belt,2025-10-18,31.625,74.875,0.0002238858662479176,0.06924298019704181
punjab_stubble_belt,2025-10-18,31.625,74.925,0.00016747871458181086,0.08650322292903044
punjab_stubble_belt,2025-10-18,31.625,74.975,0.00022508467243052547,0.08723333632941345
punjab_stubble_belt,2025-10-18,31.625,75.025,0.00020474368170702852,0.08919506673528363
punjab_stubble_belt,2025-10-18,31.625,75.075,0.0002469369708238214,0.09104836900664777
punjab_stubble_belt,2025-10-18,31.625,75.125,0.00034132555358445314,0.09285842571361529
punjab_stubble_belt,2025-10-18,31.625,75.175,0.00033247146826925473,0.09704115021169812
punjab_stubble_belt,2025-10-18,31.625,75.225,0.0002282873197198558,0.09627889771762992
punjab_stubble_belt,2025-10-18,31.625,75.275,0.00021559882549286287,0.0951628260821429
punjab_stubble_belt,2025-10-18,31.625,75.3,0.0002254680391740272,0.0942683585426202
punjab_stubble_belt,2025-10-18,31.675,74.625,0.0001789523502829872,0.08944124828110375
punjab_stubble_belt,2025-10-18,31.675,74.675,0.00017280179135494074,0.08924113934404286
punjab_stubble_belt,2025-10-18,31.675,74.725,0.00018013985817554314,0.07662077749011578
punjab_stubble_belt,2025-10-18,31.675,74.775,0.00019430021473427407,0.0792007006159182
punjab_stubble_belt,2025-10-18,31.675,74.825,0.00021214084977090939,0.08222023860139452
punjab_stubble_belt,2025-10-18,31.675,74.875,0.00022934489747414356,0.08400603394198891
punjab_stubble_belt,2025-10-18,31.675,74.925,0.0002324844838642569,0.08370474788616368
punjab_stubble_belt,2025-10-18,31.675,74.975,0.00023157188324884401,0.08366855743843268
punjab_stubble_belt,2025-10-18,31.675,75.025,0.0002593610681787439,0.08524817492793206
punjab_stubble_belt,2025-10-18,31.675,75.075,0.0002764226191342569,0.08649961672759159
punjab_stubble_belt,2025-10-18,31.675,75.125,0.0002828496449511983,0.08789598530927305
punjab_stubble_belt,2025-10-18,31.675,75.175,0.00030494577063939235,0.09351188726046583
punjab_stubble_belt,2025-10-18,31.675,75.225,0.0002942013873033027,0.0937669360048785
punjab_stubble_belt,2025-10-18,31.675,75.275,0.00028005746573647066,0.09314456592742383
punjab_stubble_belt,2025-10-18,31.675,75.3,0.00029063698137245513,0.09190119852945693
punjab_stubble_belt,2025-10-18,31.725,74.625,0.00011848042587597215,0.09540672249776735
punjab_stubble_belt,2025-10-18,31.725,74.675,0.00011118134215469647,0.09447989850775977
punjab_stubble_belt,2025-10-18,31.725,74.725,9.3257191426483e-05,0.0922039233949955
punjab_stubble_belt,2025-10-18,31.725,74.775,0.0001416954302559412,0.08025974895634955
punjab_stubble_belt,2025-10-18,31.725,74.825,0.0002054217521578512,0.07475824441257414
punjab_stubble_belt,2025-10-18,31.725,74.875,0.00024296168301807077,0.07579217313264629
punjab_stubble_belt,2025-10-18,31.725,74.925,0.0001322263063729362,0.07803615621082455
punjab_stubble_belt,2025-10-18,31.725,74.975,0.00011167122716145333,0.07845014970596101
punjab_stubble_belt,2025-10-18,31.725,75.025,0.00018071488889817065,0.08065422986813757
punjab_stubble_belt,2025-10-18,31.725,75.075,0.00016989333665187582,0.08237781974094559
punjab_stubble_belt,2025-10-18,31.725,75.125,0.00011073349803557739,0.0837367270330227
punjab_stubble_belt,2025-10-18,31.725,75.175,0.00031833145127833966,0.08795180055881628
punjab_stubble_belt,2025-10-18,31.725,75.225,0.0003446029758462969,0.08809448039456308
punjab_stubble_belt,2025-10-18,31.725,75.275,0.00032948361534632336,0.08970886082982622
punjab_stubble_belt,2025-10-18,31.775,74.625,0.00041276807731815805,0.09905621679557085
punjab_stubble_belt,2025-10-18,31.775,74.675,0.0001351262211252033,0.09445138771071898
punjab_stubble_belt,2025-10-18,31.775,74.725,-0.00018008646172739597,0.08906219556576817
punjab_stubble_belt,2025-10-18,31.775,74.775,-3.9643822998245725e-05,0.07632924050730827
punjab_stubble_belt,2025-10-18,31.775,74.825,0.0001269375817098974,0.07043326636375787
punjab_stubble_belt,2025-10-18,31.775,74.875,0.0002393721975434943,0.07136753445667458
punjab_stubble_belt,2025-10-18,31.775,74.925,0.0002027421895797494,0.07520452175575272
punjab_stubble_belt,2025-10-18,31.775,74.975,0.00022197643343369275,0.07601233687110129
punjab_stubble_belt,2025-10-18,31.775,75.025,0.0002261879068573354,0.07858282907319683
punjab_stubble_belt,2025-10-18,31.775,75.075,0.00022398225020808844,0.08063363698967221
punjab_stubble_belt,2025-10-18,31.775,75.125,0.00020883302789318628,0.08213931283446263
punjab_stubble_belt,2025-10-18,31.775,75.175,0.00014551973204471688,0.08516572211765325
punjab_stubble_belt,2025-10-18,31.775,75.225,0.0001045132191603619,0.08453104991083728
punjab_stubble_belt,2025-10-18,31.775,75.275,0.00018703349847941331,0.08586307134921219
punjab_stubble_belt,2025-10-18,31.775,75.3,0.0002777962183739413,0.08856467484586056
punjab_stubble_belt,2025-10-18,31.825,74.625,0.0004259687492414152,0.10365677932434728
punjab_stubble_belt,2025-10-18,31.825,74.675,0.00021033764919084393,0.09629130628145782
punjab_stubble_belt,2025-10-18,31.825,74.725,0.00021048473557911933,0.08234953352563097
punjab_stubble_belt,2025-10-18,31.825,74.775,0.0002765584759135346,0.07290314738117128
punjab_stubble_belt,2025-10-18,31.825,74.825,0.0002910484754392589,0.06721857077176413
punjab_stubble_belt,2025-10-18,31.825,74.875,0.0002653088183072704,0.06435085750968483
punjab_stubble_belt,2025-10-18,31.825,74.925,0.00023463185921686358,0.061450716954558185
punjab_stubble_belt,2025-10-18,31.825,74.975,0.00015773329854668403,0.06572970300686752
punjab_stubble_belt,2025-10-18,31.825,75.025,0.0001577670720500991,0.06882264881733176
punjab_stubble_belt,2025-10-18,31.825,75.075,0.00015161713000617973,0.07361478036185745
punjab_stubble_belt,2025-10-18,31.825,75.125,0.0001264884227507551,0.07950082299009464
punjab_stubble_belt,2025-10-18,31.825,75.175,8.803427262057087e-05,0.08289887889049455
punjab_stubble_belt,2025-10-18,31.825,75.225,7.478710406260261e-05,0.08369264353796757
punjab_stubble_belt,2025-10-18,31.825,75.275,0.0001381943529815491,0.08310074515508012
punjab_stubble_belt,2025-10-18,31.825,75.3,0.00019344641024030652,0.08342654498122595
punjab_stubble_belt,2025-10-18,31.875,74.625,0.00039731495840901915,0.10559404847014435
punjab_stubble_belt,2025-10-18,31.875,74.675,0.00017972160793684733,0.09686347386252125
punjab_stubble_belt,2025-10-18,31.875,74.725,0.0004306700916048416,0.07968264438005516
punjab_stubble_belt,2025-10-18,31.875,74.775,0.00047373159280487303,0.07236143668836138
punjab_stubble_belt,2025-10-18,31.875,74.825,0.00042901552748385936,0.06551353476408968
punjab_stubble_belt,2025-10-18,31.875,74.875,0.0003276449962548525,0.058336219903037057
punjab_stubble_belt,2025-10-18,31.875,74.925,0.00022236275172581716,0.04986469945498366
punjab_stubble_belt,2025-10-18,31.875,74.975,0.00010027504830248518,0.056416192038213644
punjab_stubble_belt,2025-10-18,31.875,75.025,0.00011621939456227239,0.06005127733433778
punjab_stubble_belt,2025-10-18,31.875,75.075,0.00011381336310943423,0.06791283746213832
punjab_stubble_belt,2025-10-18,31.875,75.125,8.291717934175422e-05,0.07865429613811278
punjab_stubble_belt,2025-10-18,31.875,75.175,8.93529781511737e-05,0.08223234272926773
punjab_stubble_belt,2025-10-18,31.875,75.225,0.00011772375888167381,0.08387886953298193
punjab_stubble_belt,2025-10-18,31.875,75.275,0.00013365003575054044,0.08211088852389724
punjab_stubble_belt,2025-10-18,31.875,75.3,0.0001391040730584225,0.0808489519660665
punjab_stubble_belt,2025-10-19,31.325,74.625,0.0002228853736057246,0.011649345229497588
punjab_stubble_belt,2025-10-19,31.325,74.675,0.00020877930599568439,0.021100046324504344
punjab_stubble_belt,2025-10-19,31.325,74.725,0.00037901687404929776,0.03411519057793575
punjab_stubble_belt,2025-10-19,31.325,74.775,0.00023088902587761425,0.03132987055260187
punjab_stubble_belt,2025-10-19,31.325,74.825,0.00018887405841043844,0.02521457859373545
punjab_stubble_belt,2025-10-19,31.325,74.875,0.00025231438382579847,0.02335440989239717
punjab_stubble_belt,2025-10-19,31.325,74.925,0.000300524310458441,0.04992222645640609
punjab_stubble_belt,2025-10-19,31.325,74.975,0.00016705469417872322,0.05557844602597144
punjab_stubble_belt,2025-10-19,31.325,75.025,0.00022166588816454033,0.0662658513391532
punjab_stubble_belt,2025-10-19,31.325,75.075,0.00022327173474922464,0.07124500314114716
punjab_stubble_belt,2025-10-19,31.325,75.125,0.00017001192274749064,0.06399493343781111
punjab_stubble_belt,2025-10-19,31.325,75.175,0.00025277691868651734,0.01695284725855509
punjab_stubble_belt,2025-10-19,31.325,75.225,0.00024799541041415534,0.0022190818027978845
punjab_stubble_belt,2025-10-19,31.325,75.275,0.00017118453059422124,0
punjab_stubble_belt,2025-10-19,31.325,75.3,0.00015052501989201662,0
punjab_stubble_belt,2025-10-19,31.375,74.625,0.00023501112158206744,0.003837003353092749
punjab_stubble_belt,2025-10-19,31.375,74.675,0.0002037404487991119,0.008667470564438383
punjab_stubble_belt,2025-10-19,31.375,74.725,0.0002599084356592723,0.01566345202470191
punjab_stubble_belt,2025-10-19,31.375,74.775,6.326334482387023e-05,0.014270961446822905
punjab_stubble_belt,2025-10-19,31.375,74.825,0.00010348543154916828,0.010632532392120047
punjab_stubble_belt,2025-10-19,31.375,74.875,0.0002991983988342024,0.009523486446185761
punjab_stubble_belt,2025-10-19,31.375,74.925,0.00024210262688318805,0.02688071626240182
punjab_stubble_belt,2025-10-19,31.375,74.975,0.00010650086601157803,0.03040277232212894
punjab_stubble_belt,2025-10-19,31.375,75.025,0.0002105892819084934,0.042752208473931526
punjab_stubble_belt,2025-10-19,31.375,75.075,0.0002443094518602345,0.048737067846193326
punjab_stubble_belt,2025-10-19,31.375,75.125,0.00018162269360314076,0.04329998935628902
punjab_stubble_belt,2025-10-19,31.375,75.175,0.00015659988183892962,0.008187633211894
punjab_stubble_belt,2025-10-19,31.375,75.225,0.00015116916312054785,0.001093263175978955
punjab_stubble_belt,2025-10-19,31.375,75.275,8.521188990293045e-05,0
punjab_stubble_belt,2025-10-19,31.375,75.3,3.731839374145057e-05,0
punjab_stubble_belt,2025-10-19,31.425,74.625,0.00025007874965375323,0
punjab_stubble_belt,2025-10-19,31.425,74.675,0.00021868506263588415,0
punjab_stubble_belt,2025-10-19,31.425,74.725,0.0001349488802457904,0
punjab_stubble_belt,2025-10-19,31.425,74.775,-6.048600102211631e-05,0
punjab_stubble_belt,2025-10-19,31.425,74.825,4.3308248734790956e-05,0
punjab_stubble_belt,2025-10-19,31.425,74.875,0.00032441517636555675,0
punjab_stubble_belt,2025-10-19,31.425,74.925,0.0002836327546081198,0
punjab_stubble_belt,2025-10-19,31.425,74.975,0.00012869427834013138,0.0019105713718336873
punjab_stubble_belt,2025-10-19,31.425,75.025,0.0002764933228092528,0.013551030082272713
punjab_stubble_belt,2025-10-19,31.425,75.075,0.0003188079426129496,0.019597341859749956
punjab_stubble_belt,2025-10-19,31.425,75.125,0.000210275327944864,0.016726948960281554
punjab_stubble_belt,2025-10-19,31.425,75.175,4.550780409087115e-05,3.219852836680388e-06
punjab_stubble_belt,2025-10-19,31.425,75.225,5.973924750964388e-05,4.418150341240419e-07
punjab_stubble_belt,2025-10-19,31.425,75.275,2.6377177057399495e-05,0
punjab_stubble_belt,2025-10-19,31.425,75.3,1.2419431778060401e-05,0
punjab_stubble_belt,2025-10-19,31.475,74.625,0.00023319390952059672,0
punjab_stubble_belt,2025-10-19,31.475,74.675,0.0002658418976377241,0
punjab_stubble_belt,2025-10-19,31.475,74.725,0.0001320648398532572,0
punjab_stubble_belt,2025-10-19,31.475,74.775,0.00012320770142023406,0
punjab_stubble_belt,2025-10-19,31.475,74.825,0.00022322346861325471,0
punjab_stubble_belt,2025-10-19,31.475,74.875,0.00035553545932503426,0
punjab_stubble_belt,2025-10-19,31.475,74.925,0.0002757623420153003,0
punjab_stubble_belt,2025-10-19,31.475,74.975,6.270982728089927e-05,0
punjab_stubble_belt,2025-10-19,31.475,75.025,0.00020580983617647983,0
punjab_stubble_belt,2025-10-19,31.475,75.075,0.0002719259922441811,0
punjab_stubble_belt,2025-10-19,31.475,75.125,0.0001865349029180045,0
punjab_stubble_belt,2025-10-19,31.475,75.175,-6.294352867106646e-05,0
punjab_stubble_belt,2025-10-19,31.475,75.225,9.284299722499117e-05,0
punjab_stubble_belt,2025-10-19,31.475,75.275,6.275931120059931e-05,0
punjab_stubble_belt,2025-10-19,31.525,74.625,0.00014870881907711478,0
punjab_stubble_belt,2025-10-19,31.525,74.675,0.00027684577257984776,0
punjab_stubble_belt,2025-10-19,31.525,74.725,0.0002632180367048953,0
punjab_stubble_belt,2025-10-19,31.525,74.775,0.00023139464761026888,0
punjab_stubble_belt,2025-10-19,31.525,74.825,0.00023234390644591367,0
punjab_stubble_belt,2025-10-19,31.525,74.875,0.00023745822479599368,0
punjab_stubble_belt,2025-10-19,31.525,74.925,0.0001334037250792608,0
punjab_stubble_belt,2025-10-19,31.525,74.975,0.0002484276353995286,0
punjab_stubble_belt,2025-10-19,31.525,75.025,0.00017423923440184854,0.002031137572045245
punjab_stubble_belt,2025-10-19,31.525,75.075,9.862281183818978e-05,0.006591055083932258
punjab_stubble_belt,2025-10-19,31.525,75.125,6.35882317626331e-05,0.014274676351829777
punjab_stubble_belt,2025-10-19,31.525,75.175,6.89838770156603e-05,0.03098398247204397
punjab_stubble_belt,2025-10-19,31.525,75.225,0.00013383804146855009,0.023013393741412085
punjab_stubble_belt,2025-10-19,31.525,75.275,0.00021128752859176828,0.008612452602801525
punjab_stubble_belt,2025-10-19,31.525,75.3,0.00015079075176788558,0
punjab_stubble_belt,2025-10-19,31.575,74.625,0.00014567225390893352,0
punjab_stubble_belt,2025-10-19,31.575,74.675,0.0002525844360880565,0
punjab_stubble_belt,2025-10-19,31.575,74.725,0.0002616031927580962,0
punjab_stubble_belt,2025-10-19,31.575,74.775,0.0002851319548556127,0
punjab_stubble_belt,2025-10-19,31.575,74.825,0.00025076422739342684,0
punjab_stubble_belt,2025-10-19,31.575,74.875,0.00017999104828770676,0
punjab_stubble_belt,2025-10-19,31.575,74.925,0.0001598479569764675,0
punjab_stubble_belt,2025-10-19,31.575,74.975,0.00034427297289478433,0
punjab_stubble_belt,2025-10-19,31.575,75.025,0.0002447776109376088,0.001264808923443525
punjab_stubble_belt,2025-10-19,31.575,75.075,0.00013797734850751737,0.0038530684992023863
punjab_stubble_belt,2025-10-19,31.575,75.125,8.432761047043966e-05,0.00874077562926252
punjab_stubble_belt,2025-10-19,31.575,75.175,0.0001643200297392515,0.022564103845422626
punjab_stubble_belt,2025-10-19,31.575,75.225,0.00017749160395544986,0.019053896162142172
punjab_stubble_belt,2025-10-19,31.575,75.275,0.000254850976628617,0.007340058132811806
punjab_stubble_belt,2025-10-19,31.575,75.3,0.00029698170481791517,0
punjab_stubble_belt,2025-10-19,31.625,74.625,0.00019834138397529336,0
punjab_stubble_belt,2025-10-19,31.625,74.675,0.00032200410030802006,0
punjab_stubble_belt,2025-10-19,31.625,74.725,0.0002288405070245394,0
punjab_stubble_belt,2025-10-19,31.625,74.775,0.0002621301289447886,0
punjab_stubble_belt,2025-10-19,31.625,74.825,0.00024703537377342735,0
punjab_stubble_belt,2025-10-19,31.625,74.875,0.00020460213851712487,0
punjab_stubble_belt,2025-10-19,31.625,74.925,0.0002683019664190526,0
punjab_stubble_belt,2025-10-19,31.625,74.975,0.000363588282632158,0
punjab_stubble_belt,2025-10-19,31.625,75.025,0.00024563208939663253,0.0004677724782930508
punjab_stubble_belt,2025-10-19,31.625,75.075,0.00015398218038711284,0.0013432403866251927
punjab_stubble_belt,2025-10-19,31.625,75.125,0.00012804035115073894,0.0032538505322041297
punjab_stubble_belt,2025-10-19,31.625,75.175,0.0001261235272909696,0.010169728173483618
punjab_stubble_belt,2025-10-19,31.625,75.225,0.00015534775883327927,0.009641856694211798
punjab_stubble_belt,2025-10-19,31.625,75.275,0.00024423492836964013,0.003825997010549809
punjab_stubble_belt,2025-10-19,31.625,75.3,0.00029597900323553676,0
punjab_stubble_belt,2025-10-19,31.675,74.625,0.0002738414885658185,0
punjab_stubble_belt,2025-10-19,31.675,74.675,0.00042092986426766867,0
punjab_stubble_belt,2025-10-19,31.675,74.725,0.0001844243497447315,0
punjab_stubble_belt,2025-10-19,31.675,74.775,0.00018932873232923932,0
punjab_stubble_belt,2025-10-19,31.675,74.825,0.00022535662340092636,0
punjab_stubble_belt,2025-10-19,31.675,74.875,0.0002767573281138775,0
punjab_stubble_belt,2025-10-19,31.675,74.925,0.0003625599245884484,0
punjab_stubble_belt,2025-10-19,31.675,74.975,0.0003397172852322401,0
punjab_stubble_belt,2025-10-19,31.675,75.025,0.00020146579332443662,0
punjab_stubble_belt,2025-10-19,31.675,75.075,0.00014395972584071323,0
punjab_stubble_belt,2025-10-19,31.675,75.125,0.00015780424692825963,0
punjab_stubble_belt,2025-10-19,31.675,75.175,2.4211819817059656e-05,0
punjab_stubble_belt,2025-10-19,31.675,75.225,0.0001234327890796057,0
punjab_stubble_belt,2025-10-19,31.675,75.275,0.00022617457412231137,0
punjab_stubble_belt,2025-10-19,31.675,75.3,0.0003070351680182403,0
punjab_stubble_belt,2025-10-19,31.725,74.625,0.0002760538657027964,0
punjab_stubble_belt,2025-10-19,31.725,74.675,0.0002933726002529093,0
punjab_stubble_belt,2025-10-19,31.725,74.725,0.00016261683452093868,0
punjab_stubble_belt,2025-10-19,31.725,74.775,0.00015335981132213124,0
punjab_stubble_belt,2025-10-19,31.725,74.825,0.0002073757129206867,0
punjab_stubble_belt,2025-10-19,31.725,74.875,0.00026553648664535853,0
punjab_stubble_belt,2025-10-19,31.725,74.925,0.0001475610383814229,0
punjab_stubble_belt,2025-10-19,31.725,74.975,0.000364002741757285,0
punjab_stubble_belt,2025-10-19,31.725,75.025,0.000269746641137813,0
punjab_stubble_belt,2025-10-19,31.725,75.075,0.0001614372638193175,0
punjab_stubble_belt,2025-10-19,31.725,75.125,9.9785923860184e-05,0
punjab_stubble_belt,2025-10-19,31.725,75.175,0.0001249189905936943,0
punjab_stubble_belt,2025-10-19,31.725,75.225,0.00030393950857473634,0
punjab_stubble_belt,2025-10-19,31.725,75.275,0.00033761313868620955,0
punjab_stubble_belt,2025-10-19,31.775,74.625,0.00014861288266869481,0
punjab_stubble_belt,2025-10-19,31.775,74.675,0.0001763518251415468,0
punjab_stubble_belt,2025-10-19,31.775,74.725,0.00011623914929369512,0
punjab_stubble_belt,2025-10-19,31.775,74.775,0.00014195805932237711,0
punjab_stubble_belt,2025-10-19,31.775,74.825,0.00011818149017782623,0
punjab_stubble_belt,2025-10-19,31.775,74.875,8.995438092831095e-05,0
punjab_stubble_belt,2025-10-19,31.775,74.925,0.00026696088358752325,0
punjab_stubble_belt,2025-10-19,31.775,74.975,0.0004905896408802054,0
punjab_stubble_belt,2025-10-19,31.775,75.025,0.0004369713614968785,0
punjab_stubble_belt,2025-10-19,31.775,75.075,0.0003847526754431207,0
punjab_stubble_belt,2025-10-19,31.775,75.125,0.0003573861971346572,0
punjab_stubble_belt,2025-10-19,31.775,75.175,0.0002793212552128974,0
punjab_stubble_belt,2025-10-19,31.775,75.225,0.0004141198036236574,0
punjab_stubble_belt,2025-10-19,31.775,75.275,0.0003955869023507377,0
punjab_stubble_belt,2025-10-19,31.775,75.3,0.00035667238030240566,0
punjab_stubble_belt,2025-10-19,31.825,74.625,8.591072911851926e-05,0
punjab_stubble_belt,2025-10-19,31.825,74.675,0.00020615796554117503,0
punjab_stubble_belt,2025-10-19,31.825,74.725,0.00015757548310583444,0
punjab_stubble_belt,2025-10-19,31.825,74.775,0.00011100872111681439,0
punjab_stubble_belt,2025-10-19,31.825,74.825,0.0001316342358291415,0
punjab_stubble_belt,2025-10-19,31.825,74.875,0.00020464559958000502,0
punjab_stubble_belt,2025-10-19,31.825,74.925,0.00027035626769859883,0
punjab_stubble_belt,2025-10-19,31.825,74.975,0.0004044538039390951,0
punjab_stubble_belt,2025-10-19,31.825,75.025,0.00026204608835224424,0
punjab_stubble_belt,2025-10-19,31.825,75.075,0.00019256433294392853,0
punjab_stubble_belt,2025-10-19,31.825,75.125,0.00021955106530663777,0
punjab_stubble_belt,2025-10-19,31.825,75.175,0.00017395526487521486,0
punjab_stubble_belt,2025-10-19,31.825,75.225,0.00024265801176328244,0
punjab_stubble_belt,2025-10-19,31.825,75.275,0.00024125581640846658,0
punjab_stubble_belt,2025-10-19,31.825,75.3,0.00026306846156810116,0
punjab_stubble_belt,2025-10-19,31.875,74.625,0.0001553464573218737,0
punjab_stubble_belt,2025-10-19,31.875,74.675,0.00022963692302218567,0
punjab_stubble_belt,2025-10-19,31.875,74.725,0.00018286466755615123,0
punjab_stubble_belt,2025-10-19,31.875,74.775,8.194084315932242e-05,0
punjab_stubble_belt,2025-10-19,31.875,74.825,0.0001354144193239979,0
punjab_stubble_belt,2025-10-19,31.875,74.875,0.000278792193112791,0
punjab_stubble_belt,2025-10-19,31.875,74.925,0.000246907884986657,0
punjab_stubble_belt,2025-10-19,31.875,74.975,0.000291828113525974,0
punjab_stubble_belt,2025-10-19,31.875,75.025,0.00011658534978768463,0
punjab_stubble_belt,2025-10-19,31.875,75.075,4.573652061169594e-05,0
punjab_stubble_belt,2025-10-19,31.875,75.125,0.00010417513373227211,0
punjab_stubble_belt,2025-10-19,31.875,75.175,0.00015724851411486973,0
punjab_stubble_belt,2025-10-19,31.875,75.225,0.00015625794434157548,0
punjab_stubble_belt,2025-10-19,31.875,75.275,0.00017197901949526375,0
punjab_stubble_belt,2025-10-19,31.875,75.3,0.00019198671424407762,0
punjab_stubble_belt,2025-10-20,31.325,74.625,0.0003575411733113771,0
punjab_stubble_belt,2025-10-20,31.325,74.675,0.0002479557872716167,0
punjab_stubble_belt,2025-10-20,31.325,74.725,1.4931596318186448e-06,0
punjab_stubble_belt,2025-10-20,31.325,74.775,0.00013628982156112387,0
punjab_stubble_belt,2025-10-20,31.325,74.825,0.00023874798619419617,0
punjab_stubble_belt,2025-10-20,31.325,74.875,0.00026304318656124065,0
punjab_stubble_belt,2025-10-20,31.325,74.925,0.0001840984879095203,0
punjab_stubble_belt,2025-10-20,31.325,74.975,0.00030095641561728463,0
punjab_stubble_belt,2025-10-20,31.325,75.025,0.000331819004875761,0
punjab_stubble_belt,2025-10-20,31.325,75.075,0.0002898617629824888,0
punjab_stubble_belt,2025-10-20,31.325,75.125,0.00020244663290069442,0
punjab_stubble_belt,2025-10-20,31.325,75.175,0.00019589373221497354,0
punjab_stubble_belt,2025-10-20,31.325,75.225,0.00026467905652419383,0
punjab_stubble_belt,2025-10-20,31.325,75.275,0.0002608071987055183,0
punjab_stubble_belt,2025-10-20,31.325,75.3,0.0002374053822868423,0
punjab_stubble_belt,2025-10-20,31.375,74.625,0.0003216126178909953,0
punjab_stubble_belt,2025-10-20,31.375,74.675,0.00027248148475027923,0
punjab_stubble_belt,2025-10-20,31.375,74.725,5.885726211363317e-06,0
punjab_stubble_belt,2025-10-20,31.375,74.775,0.00014649768844487125,0
punjab_stubble_belt,2025-10-20,31.375,74.825,0.0002355159698648018,0
punjab_stubble_belt,2025-10-20,31.375,74.875,0.0002457967645633876,0
punjab_stubble_belt,2025-10-20,31.375,74.925,0.00024264650214615116,0
punjab_stubble_belt,2025-10-20,31.375,74.975,0.0002655616294959858,0
punjab_stubble_belt,2025-10-20,31.375,75.025,0.0002996774738141953,0
punjab_stubble_belt,2025-10-20,31.375,75.075,0.0002934939793484982,0
punjab_stubble_belt,2025-10-20,31.375,75.125,0.00024895197644799274,0
punjab_stubble_belt,2025-10-20,31.375,75.175,0.00021182145017021654,0
punjab_stubble_belt,2025-10-20,31.375,75.225,0.00021412900652067858,0
punjab_stubble_belt,2025-10-20,31.375,75.275,0.00028128024071780064,0
punjab_stubble_belt,2025-10-20,31.375,75.3,0.000333529670548221,0
punjab_stubble_belt,2025-10-20,31.425,74.625,0.0002307651107005265,0
punjab_stubble_belt,2025-10-20,31.425,74.675,0.00024258949622494672,0
punjab_stubble_belt,2025-10-20,31.425,74.725,2.054892317689302e-05,0
punjab_stubble_belt,2025-10-20,31.425,74.775,0.00019859872249630809,0
punjab_stubble_belt,2025-10-20,31.425,74.825,0.00024821380981480246,0
punjab_stubble_belt,2025-10-20,31.425,74.875,0.00020712910787908285,0
punjab_stubble_belt,2025-10-20,31.425,74.925,0.00038032571940245817,0
punjab_stubble_belt,2025-10-20,31.425,74.975,0.0002995749212022318,0
punjab_stubble_belt,2025-10-20,31.425,75.025,0.00027047144605283897,0
punjab_stubble_belt,2025-10-20,31.425,75.075,0.0002809861466078395,0
punjab_stubble_belt,2025-10-20,31.425,75.125,0.00030563690011576976,0
punjab_stubble_belt,2025-10-20,31.425,75.175,0.00020806516840279074,0
punjab_stubble_belt,2025-10-20,31.425,75.225,0.00016580094424673713,0
punjab_stubble_belt,2025-10-20,31.425,75.275,0.0002530121386469743,0
punjab_stubble_belt,2025-10-20,31.425,75.3,0.0001664385626479641,0
punjab_stubble_belt,2025-10-20,31.475,74.625,0.0002529331740670418,0
punjab_stubble_belt,2025-10-20,31.475,74.675,0.0002536965312288185,0
punjab_stubble_belt,2025-10-20,31.475,74.725,0.00014514036449054675,0
punjab_stubble_belt,2025-10-20,31.475,74.775,0.00034680418170952377,0
punjab_stubble_belt,2025-10-20,31.475,74.825,0.00036590171819595726,0
punjab_stubble_belt,2025-10-20,31.475,74.875,0.0002714279758433359,0
punjab_stubble_belt,2025-10-20,31.475,74.925,0.00046636736999956265,0
punjab_stubble_belt,2025-10-20,31.475,74.975,0.00029105788672027983,0
punjab_stubble_belt,2025-10-20,31.475,75.025,0.00025746324891691435,0
punjab_stubble_belt,2025-10-20,31.475,75.075,0.0002897261957077097,0
punjab_stubble_belt,2025-10-20,31.475,75.125,0.0003423608422086557,0
punjab_stubble_belt,2025-10-20,31.475,75.175,0.0002409306636312802,0
punjab_stubble_belt,2025-10-20,31.475,75.225,0.00017878582948651373,0
punjab_stubble_belt,2025-10-20,31.475,75.275,3.052388147062356e-05,0
punjab_stubble_belt,2025-10-20,31.525,74.625,0.000341149473236236,0
punjab_stubble_belt,2025-10-20,31.525,74.675,0.00022307236561946975,0
punjab_stubble_belt,2025-10-20,31.525,74.725,0.00023991867847563076,0
punjab_stubble_belt,2025-10-20,31.525,74.775,0.00017038244852217186,0
punjab_stubble_belt,2025-10-20,31.525,74.825,0.00017148974389947765,0
punjab_stubble_belt,2025-10-20,31.525,74.875,0.00024315012333933603,0
punjab_stubble_belt,2025-10-20,31.525,74.925,0.0003486254426908904,0
punjab_stubble_belt,2025-10-20,31.525,74.975,0.000334153721490913,0
punjab_stubble_belt,2025-10-20,31.525,75.025,0.0002711226555962379,0
punjab_stubble_belt,2025-10-20,31.525,75.075,0.00028872316129393807,0
punjab_stubble_belt,2025-10-20,31.525,75.125,0.0003713486137683367,0
punjab_stubble_belt,2025-10-20,31.525,75.175,0.00032606345049231394,0
punjab_stubble_belt,2025-10-20,31.525,75.225,0.00021391588229391806,0
punjab_stubble_belt,2025-10-20,31.525,75.275,0.00017255866652646676,0
punjab_stubble_belt,2025-10-20,31.525,75.3,5.651423496248109e-05,0
punjab_stubble_belt,2025-10-20,31.575,74.625,0.00034945877864338976,0
punjab_stubble_belt,2025-10-20,31.575,74.675,0.00020888959292778532,0
punjab_stubble_belt,2025-10-20,31.575,74.725,0.00022937143858156904,0
punjab_stubble_belt,2025-10-20,31.575,74.775,0.0001390910677203554,0
punjab_stubble_belt,2025-10-20,31.575,74.825,0.00020971707559146578,0
punjab_stubble_belt,2025-10-20,31.575,74.875,0.0003801523893285414,0
punjab_stubble_belt,2025-10-20,31.575,74.925,0.00037336539310329337,0
punjab_stubble_belt,2025-10-20,31.575,74.975,0.0004196113392917145,0
punjab_stubble_belt,2025-10-20,31.575,75.025,0.0003119957240853464,0
punjab_stubble_belt,2025-10-20,31.575,75.075,0.00022613901418767516,0
punjab_stubble_belt,2025-10-20,31.575,75.125,0.0002017625803154924,0
punjab_stubble_belt,2025-10-20,31.575,75.175,0.00028851043894810986,0
punjab_stubble_belt,2025-10-20,31.575,75.225,0.00021900377313096238,0
punjab_stubble_belt,2025-10-20,31.575,75.275,0.0002276924989745184,0
punjab_stubble_belt,2025-10-20,31.575,75.3,0.00022370072574254046,0
punjab_stubble_belt,2025-10-20,31.625,74.625,0.00028616428081688634,0
punjab_stubble_belt,2025-10-20,31.625,74.675,0.00015854381166490448,0
punjab_stubble_belt,2025-10-20,31.625,74.725,0.00013936422608166744,0
punjab_stubble_belt,2025-10-20,31.625,74.775,0.0001437911473864282,0
punjab_stubble_belt,2025-10-20,31.625,74.825,0.00023734991673464805,0
punjab_stubble_belt,2025-10-20,31.625,74.875,0.0003584725044353815,0
punjab_stubble_belt,2025-10-20,31.625,74.925,0.00028906636293469037,0
punjab_stubble_belt,2025-10-20,31.625,74.975,0.0003935905142639005,0
punjab_stubble_belt,2025-10-20,31.625,75.025,0.0003236740824225256,0
punjab_stubble_belt,2025-10-20,31.625,75.075,0.00025027483922063215,0
punjab_stubble_belt,2025-10-20,31.625,75.125,0.00022422657586894672,0
punjab_stubble_belt,2025-10-20,31.625,75.175,0.00034657285142719124,0
punjab_stubble_belt,2025-10-20,31.625,75.225,0.00029765306538433563,0
punjab_stubble_belt,2025-10-20,31.625,75.275,0.00022924735563729313,0
punjab_stubble_belt,2025-10-20,31.625,75.3,0.00016936162166769148,0
punjab_stubble_belt,2025-10-20,31.675,74.625,0.00016197149270921285,0
punjab_stubble_belt,2025-10-20,31.675,74.675,0.00010568581340790322,0
punjab_stubble_belt,2025-10-20,31.675,74.725,6.202669163669874e-05,0
punjab_stubble_belt,2025-10-20,31.675,74.775,0.0001500398093604794,0
punjab_stubble_belt,2025-10-20,31.675,74.825,0.0002185404626023302,0
punjab_stubble_belt,2025-10-20,31.675,74.875,0.00023767499572675615,0
punjab_stubble_belt,2025-10-20,31.675,74.925,0.00013647544956673632,0
punjab_stubble_belt,2025-10-20,31.675,74.975,0.0003094564974969184,0
punjab_stubble_belt,2025-10-20,31.675,75.025,0.00031239313123156316,0
punjab_stubble_belt,2025-10-20,31.675,75.075,0.0003212440749835901,0
punjab_stubble_belt,2025-10-20,31.675,75.125,0.00036049301114974246,0
punjab_stubble_belt,2025-10-20,31.675,75.175,0.0004231800436820767,0
punjab_stubble_belt,2025-10-20,31.675,75.225,0.0003937288934640293,0
punjab_stubble_belt,2025-10-20,31.675,75.275,0.0002011343199417708,0
punjab_stubble_belt,2025-10-20,31.675,75.3,0.00011431664008679168,0
punjab_stubble_belt,2025-10-20,31.725,74.625,-1.5406190574483455e-05,0
punjab_stubble_belt,2025-10-20,31.725,74.675,0.00017855770363937225,0
punjab_stubble_belt,2025-10-20,31.725,74.725,0.0003025930300735112,0
punjab_stubble_belt,2025-10-20,31.725,74.775,6.516791568809197e-05,0
punjab_stubble_belt,2025-10-20,31.725,74.825,0.00011062101868144312,0
punjab_stubble_belt,2025-10-20,31.725,74.875,0.0003263271834674535,0
punjab_stubble_belt,2025-10-20,31.725,74.925,0.00012175064829452211,0
punjab_stubble_belt,2025-10-20,31.725,74.975,0.00037827080299028277,0
punjab_stubble_belt,2025-10-20,31.725,75.025,0.0003275404445849632,0
punjab_stubble_belt,2025-10-20,31.725,75.075,0.0002569736065399335,0
punjab_stubble_belt,2025-10-20,31.725,75.125,0.00021328070636959364,0
punjab_stubble_belt,2025-10-20,31.725,75.175,0.00018201661365406497,0
punjab_stubble_belt,2025-10-20,31.725,75.225,0.00029411201552698006,0
punjab_stubble_belt,2025-10-20,31.725,75.275,0.00022245738790046496,0
punjab_stubble_belt,2025-10-20,31.775,74.625,8.335538068575453e-05,0
punjab_stubble_belt,2025-10-20,31.775,74.675,8.768188443866342e-05,0
punjab_stubble_belt,2025-10-20,31.775,74.725,0.000260115050813993,0
punjab_stubble_belt,2025-10-20,31.775,74.775,0.00023827042072436597,0
punjab_stubble_belt,2025-10-20,31.775,74.825,0.00028798048908507866,0
punjab_stubble_belt,2025-10-20,31.775,74.875,0.00035346246332873413,0
punjab_stubble_belt,2025-10-20,31.775,74.925,0.00015256073983138435,0
punjab_stubble_belt,2025-10-20,31.775,74.975,0.0002828932450466616,0
punjab_stubble_belt,2025-10-20,31.775,75.025,6.902376293426824e-05,0
punjab_stubble_belt,2025-10-20,31.775,75.075,-4.967275827164364e-05,0
punjab_stubble_belt,2025-10-20,31.775,75.125,-9.191282054064961e-06,0
punjab_stubble_belt,2025-10-20,31.775,75.175,0.00011391017198260116,0
punjab_stubble_belt,2025-10-20,31.775,75.225,0.0002521321392784107,0
punjab_stubble_belt,2025-10-20,31.775,75.275,0.0002586019262955836,0
punjab_stubble_belt,2025-10-20,31.775,75.3,0.00021105648886053066,0
punjab_stubble_belt,2025-10-20,31.825,74.625,9.552999738835032e-05,0
punjab_stubble_belt,2025-10-20,31.825,74.675,8.57812040041828e-05,0
punjab_stubble_belt,2025-10-20,31.825,74.725,0.00028870881457844234,0
punjab_stubble_belt,2025-10-20,31.825,74.775,0.00032635962373343716,0
punjab_stubble_belt,2025-10-20,31.825,74.825,0.0002986221448343257,0
punjab_stubble_belt,2025-10-20,31.825,74.875,0.00024236135730509612,0
punjab_stubble_belt,2025-10-20,31.825,74.925,0.00024339978465061956,0
punjab_stubble_belt,2025-10-20,31.825,74.975,0.00014683706430208346,0
punjab_stubble_belt,2025-10-20,31.825,75.025,0.00016976401659980745,0
punjab_stubble_belt,2025-10-20,31.825,75.075,0.00018359207175844654,0
punjab_stubble_belt,2025-10-20,31.825,75.125,0.00017793061019458876,0
punjab_stubble_belt,2025-10-20,31.825,75.175,0.00019167045982245833,0
punjab_stubble_belt,2025-10-20,31.825,75.225,0.00019471951125071704,0
punjab_stubble_belt,2025-10-20,31.825,75.275,0.00028082977710013936,0
punjab_stubble_belt,2025-10-20,31.825,75.3,0.00032046037504864335,0
punjab_stubble_belt,2025-10-20,31.875,74.625,0.00010966152970083078,0
punjab_stubble_belt,2025-10-20,31.875,74.675,0.00019824115064053018,0
punjab_stubble_belt,2025-10-20,31.875,74.725,0.00029827345904655765,0
punjab_stubble_belt,2025-10-20,31.875,74.775,0.0003530037090090993,0
punjab_stubble_belt,2025-10-20,31.875,74.825,0.00027998012142273356,0
punjab_stubble_belt,2025-10-20,31.875,74.875,0.00016305777446439114,0
punjab_stubble_belt,2025-10-20,31.875,74.925,0.0002994375975981893,0
punjab_stubble_belt,2025-10-20,31.875,74.975,0.0001049771953507105,0
punjab_stubble_belt,2025-10-20,31.875,75.025,0.000225213155513442,0
punjab_stubble_belt,2025-10-20,31.875,75.075,0.0002758116778549504,0
punjab_stubble_belt,2025-10-20,31.875,75.125,0.00022322522720230102,0
punjab_stubble_belt,2025-10-20,31.875,75.175,0.00021834044952261588,0
punjab_stubble_belt,2025-10-20,31.875,75.225,0.00012715868442479618,0
punjab_stubble_belt,2025-10-20,31.875,75.275,0.0002673353775036071,0
punjab_stubble_belt,2025-10-20,31.875,75.3,0.0003664527600138358,0
punjab_stubble_belt,2025-10-21,31.325,74.625,0.0001241678283690597,0.0015109870848713798
punjab_stubble_belt,2025-10-21,31.325,74.675,0.00029954866475738836,0.008982090388476261
punjab_stubble_belt,2025-10-21,31.325,74.725,0.0001209130036260555,0.10490238876265827
punjab_stubble_belt,2025-10-21,31.325,74.775,9.668543643634305e-05,0.14584949389579605
punjab_stubble_belt,2025-10-21,31.325,74.825,8.685465929128939e-05,0.16031126648250518
punjab_stubble_belt,2025-10-21,31.325,74.875,8.851135781778162e-05,0.14868675983989263
punjab_stubble_belt,2025-10-21,31.325,74.925,0.00013933240324410327,0.10015181494008775
punjab_stubble_belt,2025-10-21,31.325,74.975,0.00017349980162610323,0.07752521880218535
punjab_stubble_belt,2025-10-21,31.325,75.025,0.0001111844817745893,0.06602686165921078
punjab_stubble_belt,2025-10-21,31.325,75.075,0.00012882983807592965,0.059741765812459345
punjab_stubble_belt,2025-10-21,31.325,75.125,0.00021492169970011143,0.05640610027696283
punjab_stubble_belt,2025-10-21,31.325,75.175,0.00016186700899339953,0.0445081255411927
punjab_stubble_belt,2025-10-21,31.325,75.225,0.00020497785076579718,0.031030855631552324
punjab_stubble_belt,2025-10-21,31.325,75.275,0.00029117603657991285,0.01185902626917342
punjab_stubble_belt,2025-10-21,31.325,75.3,0.0003287068490993115,0.00047730208952653357
punjab_stubble_belt,2025-10-21,31.375,74.625,0.00017142475578372826,0.00033000752980261156
punjab_stubble_belt,2025-10-21,31.375,74.675,0.00029821885717180825,0.0018652599510582395
punjab_stubble_belt,2025-10-21,31.375,74.725,0.00013004130247014052,0.05870907608841118
punjab_stubble_belt,2025-10-21,31.375,74.775,0.00011354458643741261,0.12242079611914025
punjab_stubble_belt,2025-10-21,31.375,74.825,0.00010403110735904832,0.16384423759420325
punjab_stubble_belt,2025-10-21,31.375,74.875,0.00010287886082260887,0.17202576991584578
punjab_stubble_belt,2025-10-21,31.375,74.925,0.00016121863159353152,0.11592183174064892
punjab_stubble_belt,2025-10-21,31.375,74.975,0.00016799234142547234,0.09883234376226796
punjab_stubble_belt,2025-10-21,31.375,75.025,0.00013505994853054,0.0773667146788907
punjab_stubble_belt,2025-10-21,31.375,75.075,0.0001380561720631736,0.06501609378209071
punjab_stubble_belt,2025-10-21,31.375,75.125,0.00016990633388719767,0.062194755138370784
punjab_stubble_belt,2025-10-21,31.375,75.175,0.00014127865509212386,0.05739119085693441
punjab_stubble_belt,2025-10-21,31.375,75.225,0.00016215463591326602,0.03403957243626967
punjab_stubble_belt,2025-10-21,31.375,75.275,0.00022527500202611413,0.012869386230575083
punjab_stubble_belt,2025-10-21,31.375,75.3,0.00025102590256038503,0.0012118870655702947
punjab_stubble_belt,2025-10-21,31.425,74.625,0.0002656431107827156,0
punjab_stubble_belt,2025-10-21,31.425,74.675,0.00032798359627887806,0
punjab_stubble_belt,2025-10-21,31.425,74.725,0.00017826665386673455,0.012212925761312688
punjab_stubble_belt,2025-10-21,31.425,74.775,0.00016236273437173626,0.08352693207109159
punjab_stubble_belt,2025-10-21,31.425,74.825,0.0001776509088562489,0.15479751087481272
punjab_stubble_belt,2025-10-21,31.425,74.875,0.00020860728679138042,0.19744247246652252
punjab_stubble_belt,2025-10-21,31.425,74.925,0.00022904175717659617,0.1321550382009075
punjab_stubble_belt,2025-10-21,31.425,74.975,0.00021694731374804932,0.12079051021694209
punjab_stubble_belt,2025-10-21,31.425,75.025,0.00019334698065328362,0.08862575669318225
punjab_stubble_belt,2025-10-21,31.425,75.075,0.0001563297404326656,0.06637280941125705
punjab_stubble_belt,2025-10-21,31.425,75.125,0.00012672484505939325,0.0564689493052272
punjab_stubble_belt,2025-10-21,31.425,75.175,0.0002073786612641339,0.04180290176855439
punjab_stubble_belt,2025-10-21,31.425,75.225,0.0001409613717900148,0.019343348178107612
punjab_stubble_belt,2025-10-21,31.425,75.275,0.00012429055316376768,0.010137305215517976
punjab_stubble_belt,2025-10-21,31.425,75.3,8.904612717269532e-05,0.015758444696728054
punjab_stubble_belt,2025-10-21,31.475,74.625,0.0003117928568197296,0
punjab_stubble_belt,2025-10-21,31.475,74.675,0.00036038473620107314,0
punjab_stubble_belt,2025-10-21,31.475,74.725,0.00017434550907271344,0.009792127759991762
punjab_stubble_belt,2025-10-21,31.475,74.775,0.0001316823380884371,0.04499022729985642
punjab_stubble_belt,2025-10-21,31.475,74.825,0.00028378863986094655,0.1338521600985939
punjab_stubble_belt,2025-10-21,31.475,74.875,0.0004903886929630699,0.22618375457006779
punjab_stubble_belt,2025-10-21,31.475,74.925,0.0002695845821515877,0.15047358184571122
punjab_stubble_belt,2025-10-21,31.475,74.975,0.00028402798198538885,0.12338848725484983
punjab_stubble_belt,2025-10-21,31.475,75.025,0.0001585876763179447,0.08424545162208445
punjab_stubble_belt,2025-10-21,31.475,75.075,0.00013595589360631573,0.05410572559312101
punjab_stubble_belt,2025-10-21,31.475,75.125,0.00020781673715755127,0.035000302604346195
punjab_stubble_belt,2025-10-21,31.475,75.175,0.00011070099004845008,0.008649004694351299
punjab_stubble_belt,2025-10-21,31.475,75.225,0.0001308684102824564,0.012784742075154863
punjab_stubble_belt,2025-10-21,31.475,75.275,7.79317035022536e-05,0.023445622456799757
punjab_stubble_belt,2025-10-21,31.525,74.625,0.00021706346163720668,0
punjab_stubble_belt,2025-10-21,31.525,74.675,0.00019438933426709127,0
punjab_stubble_belt,2025-10-21,31.525,74.725,0.00027481885148203237,0.0007320019527645692
punjab_stubble_belt,2025-10-21,31.525,74.775,0.00028163820674595213,0.003361298527904967
punjab_stubble_belt,2025-10-21,31.525,74.825,0.00027693448214310214,0.016111846938293612
punjab_stubble_belt,2025-10-21,31.525,74.875,0.0002835462818780338,0.04518951846575256
punjab_stubble_belt,2025-10-21,31.525,74.925,0.0003665213238196928,0.12300464132661476
punjab_stubble_belt,2025-10-21,31.525,74.975,0.0003301921906498496,0.12452945837053737
punjab_stubble_belt,2025-10-21,31.525,75.025,0.0003112864373455415,0.05951016411493921
punjab_stubble_belt,2025-10-21,31.525,75.075,0.0003639153283619516,0.01471666505972678
punjab_stubble_belt,2025-10-21,31.525,75.125,0.0004454499624347662,0.004698301334272778
punjab_stubble_belt,2025-10-21,31.525,75.175,0.00033026856534863167,0.018026594533452265
punjab_stubble_belt,2025-10-21,31.525,75.225,0.00012063973193529047,0.05969018763169952
punjab_stubble_belt,2025-10-21,31.525,75.275,0.00017041855319948043,0.08200464515271835
punjab_stubble_belt,2025-10-21,31.525,75.3,0.0001403674195387964,0.06394326011218193
punjab_stubble_belt,2025-10-21,31.575,74.625,0.00010317979207198193,0
punjab_stubble_belt,2025-10-21,31.575,74.675,0.00018206321723606127,0
punjab_stubble_belt,2025-10-21,31.575,74.725,0.00027659138777092195,0
punjab_stubble_belt,2025-10-21,31.575,74.775,0.0002971034055384385,0
punjab_stubble_belt,2025-10-21,31.575,74.825,0.0002831193515179511,0.0021637251433557518
punjab_stubble_belt,2025-10-21,31.575,74.875,0.0002794085226827229,0.0188334775970742
punjab_stubble_belt,2025-10-21,31.575,74.925,0.00042898465518974386,0.09625666364339168
punjab_stubble_belt,2025-10-21,31.575,74.975,0.00036419056143916585,0.12304296705685934
punjab_stubble_belt,2025-10-21,31.575,75.025,0.00019269594191606684,0.06288878292687414
punjab_stubble_belt,2025-10-21,31.575,75.075,0.00015385984132097768,0.01848967378477971
punjab_stubble_belt,2025-10-21,31.575,75.125,0.00024965974875441844,0.006941154748783011
punjab_stubble_belt,2025-10-21,31.575,75.175,0.00027259708831870664,0.027021073793777377
punjab_stubble_belt,2025-10-21,31.575,75.225,6.351331638755083e-05,0.06791397821762132
punjab_stubble_belt,2025-10-21,31.575,75.275,0.00016377462818735366,0.07841091691773333
punjab_stubble_belt,2025-10-21,31.575,75.3,0.00024777985165017795,0.0853734715844191
punjab_stubble_belt,2025-10-21,31.625,74.625,9.671943441309086e-05,0
punjab_stubble_belt,2025-10-21,31.625,74.675,0.00012374198474881433,0
punjab_stubble_belt,2025-10-21,31.625,74.725,0.0002849446181767217,0
punjab_stubble_belt,2025-10-21,31.625,74.775,0.00031832022445026374,0
punjab_stubble_belt,2025-10-21,31.625,74.825,0.00026561592106557155,0
punjab_stubble_belt,2025-10-21,31.625,74.875,0.0001975853536308124,0.007385145614574471
punjab_stubble_belt,2025-10-21,31.625,74.925,0.0003471627600116977,0.05001191777323192
punjab_stubble_belt,2025-10-21,31.625,74.975,0.0002825136480718473,0.07850370477131052
punjab_stubble_belt,2025-10-21,31.625,75.025,0.00015618208728403963,0.05465361021999317
punjab_stubble_belt,2025-10-21,31.625,75.075,0.00011211674826215349,0.026379188353946877
punjab_stubble_belt,2025-10-21,31.625,75.125,0.00015476124002416857,0.010935208547852276
punjab_stubble_belt,2025-10-21,31.625,75.175,0.00016801225560082698,0.053685736960598154
punjab_stubble_belt,2025-10-21,31.625,75.225,8.135569536454647e-05,0.0858947401669141
punjab_stubble_belt,2025-10-21,31.625,75.275,0.00016938162575134814,0.07684488828023675
punjab_stubble_belt,2025-10-21,31.625,75.3,0.00023284568457198539,0.06614024098571135
punjab_stubble_belt,2025-10-21,31.675,74.625,0.00015920664619118824,0
punjab_stubble_belt,2025-10-21,31.675,74.675,5.9807286391996495e-05,0
punjab_stubble_belt,2025-10-21,31.675,74.725,0.00027243585493515784,0
punjab_stubble_belt,2025-10-21,31.675,74.775,0.00032553421093167847,0
punjab_stubble_belt,2025-10-21,31.675,74.825,0.00024085837974921118,0
punjab_stubble_belt,2025-10-21,31.675,74.875,0.00010762646121585415,0
punjab_stubble_belt,2025-10-21,31.675,74.925,0.00019729701317776872,0
punjab_stubble_belt,2025-10-21,31.675,74.975,0.00014554755778577646,0.01267371714623133
punjab_stubble_belt,2025-10-21,31.675,75.025,0.00020240182836089404,0.03248120740286526
punjab_stubble_belt,2025-10-21,31.675,75.075,0.00022255201088962085,0.02802321098004042
punjab_stubble_belt,2025-10-21,31.675,75.125,0.00018287810892192983,0.013265608294664648
punjab_stubble_belt,2025-10-21,31.675,75.175,7.944796993794176e-05,0.09082988222781258
punjab_stubble_belt,2025-10-21,31.675,75.225,0.00014454940902665876,0.1174808523561393
punjab_stubble_belt,2025-10-21,31.675,75.275,0.0001762415271133909,0.08979657313772067
punjab_stubble_belt,2025-10-21,31.675,75.3,0.00014067057290719206,0.09309407299529056
punjab_stubble_belt,2025-10-21,31.725,74.625,0.0001277319139528569,0
punjab_stubble_belt,2025-10-21,31.725,74.675,0.00019097577427350934,0
punjab_stubble_belt,2025-10-21,31.725,74.725,9.266545673133288e-05,0
punjab_stubble_belt,2025-10-21,31.725,74.775,0.0002001329172041176,0
punjab_stubble_belt,2025-10-21,31.725,74.825,0.0002970423677844615,0
punjab_stubble_belt,2025-10-21,31.725,74.875,0.000340753125164132,0
punjab_stubble_belt,2025-10-21,31.725,74.925,0.0002641856569026261,0
punjab_stubble_belt,2025-10-21,31.725,74.975,0.00017937744268363878,0
punjab_stubble_belt,2025-10-21,31.725,75.025,0.00023735657270836582,5.797410549242679e-06
punjab_stubble_belt,2025-10-21,31.725,75.075,0.00026938394245953657,8.329255575144997e-05
punjab_stubble_belt,2025-10-21,31.725,75.125,0.00024279354165405084,0.013531256268334171
punjab_stubble_belt,2025-10-21,31.725,75.175,0.00013500606490234117,0.11311357039828056
punjab_stubble_belt,2025-10-21,31.725,75.225,0.00013377246724370864,0.1668801932379338
punjab_stubble_belt,2025-10-21,31.725,75.275,9.610014001403531e-05,0.14612480994510588
punjab_stubble_belt,2025-10-21,31.775,74.625,0.0001592156382245645,0
punjab_stubble_belt,2025-10-21,31.775,74.675,0.00030040250314981436,0
punjab_stubble_belt,2025-10-21,31.775,74.725,0.00017234452071302365,0
punjab_stubble_belt,2025-10-21,31.775,74.775,0.00017067998600135554,0
punjab_stubble_belt,2025-10-21,31.775,74.825,0.00011235260317474249,0
punjab_stubble_belt,2025-10-21,31.775,74.875,4.801677383844639e-05,0
punjab_stubble_belt,2025-10-21,31.775,74.925,0.00021781316312609303,0
punjab_stubble_belt,2025-10-21,31.775,74.975,0.00017378591106999977,0
punjab_stubble_belt,2025-10-21,31.775,75.025,0.0001969113843266942,6.29118509969901e-07
punjab_stubble_belt,2025-10-21,31.775,75.075,0.00021407668917593822,8.381640830334588e-06
punjab_stubble_belt,2025-10-21,31.775,75.125,0.0002126720287102005,0.0042665837435177595
punjab_stubble_belt,2025-10-21,31.775,75.175,0.00017751620942011578,0.03601854910188943
punjab_stubble_belt,2025-10-21,31.775,75.225,0.00014554357793284677,0.07513591211426207
punjab_stubble_belt,2025-10-21,31.775,75.275,0.00010089760428579425,0.09349615156490365
punjab_stubble_belt,2025-10-21,31.775,75.3,7.350443984952329e-05,0.11305744258567355
punjab_stubble_belt,2025-10-21,31.825,74.625,6.17551671563305e-05,0
punjab_stubble_belt,2025-10-21,31.825,74.675,0.00016581760140542924,0
punjab_stubble_belt,2025-10-21,31.825,74.725,0.0002097584049325002,0
punjab_stubble_belt,2025-10-21,31.825,74.775,0.00021833055909562085,0
punjab_stubble_belt,2025-10-21,31.825,74.825,0.0001891850412471483,0
punjab_stubble_belt,2025-10-21,31.825,74.875,0.00015161796056596642,0
punjab_stubble_belt,2025-10-21,31.825,74.925,0.0001934283078910901,0
punjab_stubble_belt,2025-10-21,31.825,74.975,0.00020581640391129227,0
punjab_stubble_belt,2025-10-21,31.825,75.025,0.00029038585740480356,0
punjab_stubble_belt,2025-10-21,31.825,75.075,0.0003413726347970949,0
punjab_stubble_belt,2025-10-21,31.825,75.125,0.00033448833317031976,0.0013061595032859395
punjab_stubble_belt,2025-10-21,31.825,75.175,0.00023113449816206558,0.011018762443979625
punjab_stubble_belt,2025-10-21,31.825,75.225,0.00016690613021797408,0.03906558553410064
punjab_stubble_belt,2025-10-21,31.825,75.275,0.00015789480710542468,0.08723750409116786
punjab_stubble_belt,2025-10-21,31.825,75.3,0.000140954883750049,0.11242529925471972
punjab_stubble_belt,2025-10-21,31.875,74.625,4.510408097827325e-05,0
punjab_stubble_belt,2025-10-21,31.875,74.675,7.789495638059304e-05,0
punjab_stubble_belt,2025-10-21,31.875,74.725,0.00013276813416088004,0
punjab_stubble_belt,2025-10-21,31.875,74.775,0.00020294247502722124,0
punjab_stubble_belt,2025-10-21,31.875,74.825,0.0002573258371339039,0
punjab_stubble_belt,2025-10-21,31.875,74.875,0.00027959467531368315,0
punjab_stubble_belt,2025-10-21,31.875,74.925,0.000221716133997632,0
punjab_stubble_belt,2025-10-21,31.875,74.975,0.00021884879808521226,0
punjab_stubble_belt,2025-10-21,31.875,75.025,0.00031032315399260495,0
punjab_stubble_belt,2025-10-21,31.875,75.075,0.00035676244982159506,0
punjab_stubble_belt,2025-10-21,31.875,75.125,0.0003342550913834982,0.00012531008246968798
punjab_stubble_belt,2025-10-21,31.875,75.175,0.00024997562039593454,0.0011434279687804394
punjab_stubble_belt,2025-10-21,31.875,75.225,0.0002439689278195113,0.021402951084893526
punjab_stubble_belt,2025-10-21,31.875,75.275,0.00021008630724456777,0.09223072535793396
punjab_stubble_belt,2025-10-21,31.875,75.3,0.00018245252314296858,0.14119854756635292
punjab_stubble_belt,2025-10-22,31.325,74.625,0.0002542340789503161,0.10874926299791615
punjab_stubble_belt,2025-10-22,31.325,74.675,0.0002760695120602606,0.10935486170179472
punjab_stubble_belt,2025-10-22,31.325,74.725,0.0002886586663421723,0.11007857838341308
punjab_stubble_belt,2025-10-22,31.325,74.775,0.0002646622833525808,0.11157672251420879
punjab_stubble_belt,2025-10-22,31.325,74.825,0.00027801495583443323,0.11482885924358462
punjab_stubble_belt,2025-10-22,31.325,74.875,0.00033159239259981374,0.11896172160809955
punjab_stubble_belt,2025-10-22,31.325,74.925,0.00042719492018439465,0.1216936225409935
punjab_stubble_belt,2025-10-22,31.325,74.975,0.0003937571989156768,0.1251494640219162
punjab_stubble_belt,2025-10-22,31.325,75.025,0.0003070365770460561,0.1318311619767837
punjab_stubble_belt,2025-10-22,31.325,75.075,0.00028399945306277914,0.13522527777204668
punjab_stubble_belt,2025-10-22,31.325,75.125,0.0003092685432435094,0.13316429218677797
punjab_stubble_belt,2025-10-22,31.325,75.175,0.00017442266255844792,0.11932134414609377
punjab_stubble_belt,2025-10-22,31.325,75.225,0.00020109303432778506,0.11729186672151334
punjab_stubble_belt,2025-10-22,31.325,75.275,0.00019772659809502328,0.10757310774656412
punjab_stubble_belt,2025-10-22,31.325,75.3,0.00018099356924846104,0.10149302192268675
punjab_stubble_belt,2025-10-22,31.375,74.625,0.00027961849091200634,0.09953418656504409
punjab_stubble_belt,2025-10-22,31.375,74.675,0.0002702890267373743,0.10133793686845155
punjab_stubble_belt,2025-10-22,31.375,74.725,0.00027466448496985565,0.10469291485348557
punjab_stubble_belt,2025-10-22,31.375,74.775,0.0002761558650297955,0.10848566859790891
punjab_stubble_belt,2025-10-22,31.375,74.825,0.00029225390800568363,0.1128412674987289
punjab_stubble_belt,2025-10-22,31.375,74.875,0.0003176870522634234,0.11678299528304528
punjab_stubble_belt,2025-10-22,31.375,74.925,0.0003284124070468665,0.1177107876632642
punjab_stubble_belt,2025-10-22,31.375,74.975,0.00028867585259359274,0.11932027510273169
punjab_stubble_belt,2025-10-22,31.375,75.025,0.00017038471262727337,0.1228335119495414
punjab_stubble_belt,2025-10-22,31.375,75.075,0.00013987192958779077,0.12505486093958246
punjab_stubble_belt,2025-10-22,31.375,75.125,0.00019637755588642773,0.12464971974494043
punjab_stubble_belt,2025-10-22,31.375,75.175,0.00016461725760235477,0.11635726192087725
punjab_stubble_belt,2025-10-22,31.375,75.225,0.00015110490425940606,0.11357343168535548
punjab_stubble_belt,2025-10-22,31.375,75.275,0.00016397803230690908,0.10547531866416093
punjab_stubble_belt,2025-10-22,31.375,75.3,0.0001687528309630892,0.10025390143925551
punjab_stubble_belt,2025-10-22,31.425,74.625,0.0003091366590875642,0.08999946789698357
punjab_stubble_belt,2025-10-22,31.425,74.675,0.0003059507262156581,0.09283440261450164
punjab_stubble_belt,2025-10-22,31.425,74.725,0.0002512517854184493,0.09863873509410699
punjab_stubble_belt,2025-10-22,31.425,74.775,0.0003056390450853147,0.10568767647475617
punjab_stubble_belt,2025-10-22,31.425,74.825,0.00033741859769612184,0.11179385036156257
punjab_stubble_belt,2025-10-22,31.425,74.875,0.0003241622617498164,0.11589206819678245
punjab_stubble_belt,2025-10-22,31.425,74.925,0.0002251560931012171,0.11554770386237012
punjab_stubble_belt,2025-10-22,31.425,74.975,0.00016831872572159494,0.1145355127021936
punjab_stubble_belt,2025-10-22,31.425,75.025,4.044380546493486e-05,0.11410764980281615
punjab_stubble_belt,2025-10-22,31.425,75.075,2.1650919106610426e-06,0.11469303842416922
punjab_stubble_belt,2025-10-22,31.425,75.125,6.946283530817435e-05,0.11559398783253291
punjab_stubble_belt,2025-10-22,31.425,75.175,0.00019309377239404795,0.11276536351631007
punjab_stubble_belt,2025-10-22,31.425,75.225,0.00013693437747172221,0.1092053957528621
punjab_stubble_belt,2025-10-22,31.425,75.275,0.00013619394051279124,0.10322746895830734
punjab_stubble_belt,2025-10-22,31.425,75.3,0.000169346635151596,0.10054085549848968
punjab_stubble_belt,2025-10-22,31.475,74.625,0.0003137740621450651,0.08709843229064532
punjab_stubble_belt,2025-10-22,31.475,74.675,0.0003602464774977268,0.08992331058325649
punjab_stubble_belt,2025-10-22,31.475,74.725,0.0003281925624203002,0.09634727480223314
punjab_stubble_belt,2025-10-22,31.475,74.775,0.0003237032300750038,0.10358674577547929
punjab_stubble_belt,2025-10-22,31.475,74.825,0.0003203367282373683,0.1095072503019964
punjab_stubble_belt,2025-10-22,31.475,74.875,0.0003033449331802864,0.11359174296952326
punjab_stubble_belt,2025-10-22,31.475,74.925,0.00022661499426567165,0.11559406290189624
punjab_stubble_belt,2025-10-22,31.475,74.975,0.0001944659441498906,0.11516033438605969
punjab_stubble_belt,2025-10-22,31.475,75.025,6.859697276243482e-05,0.11262623403360397
punjab_stubble_belt,2025-10-22,31.475,75.075,2.7604474431556065e-05,0.1104295454717032
punjab_stubble_belt,2025-10-22,31.475,75.125,9.838777526022301e-05,0.10919145784410772
punjab_stubble_belt,2025-10-22,31.475,75.175,0.000258465126652743,0.10941131962690727
punjab_stubble_belt,2025-10-22,31.475,75.225,0.00021703011648634352,0.10993082153619817
punjab_stubble_belt,2025-10-22,31.475,75.275,0.00021152887126679187,0.10507503826355058
punjab_stubble_belt,2025-10-22,31.525,74.625,0.0003142784694127126,0.08081780270761856
punjab_stubble_belt,2025-10-22,31.525,74.675,0.00022237203544156478,0.08442256991999618
punjab_stubble_belt,2025-10-22,31.525,74.725,0.00012914962430375635,0.09592567452145896
punjab_stubble_belt,2025-10-22,31.525,74.775,0.00012457874190100122,0.0980726394968572
punjab_stubble_belt,2025-10-22,31.525,74.825,0.00019241919829644504,0.10401566034784115
punjab_stubble_belt,2025-10-22,31.525,74.875,0.00026347502130270563,0.11209140124677279
punjab_stubble_belt,2025-10-22,31.525,74.925,0.0001068574001453989,0.11397692840475146
punjab_stubble_belt,2025-10-22,31.525,74.975,0.0001453727379544065,0.1126431293395768
punjab_stubble_belt,2025-10-22,31.525,75.025,0.00019831739590132132,0.10971887700755495
punjab_stubble_belt,2025-10-22,31.525,75.075,0.0002409564902726535,0.1065555819391734
punjab_stubble_belt,2025-10-22,31.525,75.125,0.0002454079592880672,0.10428851482993798
punjab_stubble_belt,2025-10-22,31.525,75.175,0.00012931034048814806,0.10667645846556668
punjab_stubble_belt,2025-10-22,31.525,75.225,0.00018620153501100174,0.10664984062965881
punjab_stubble_belt,2025-10-22,31.525,75.275,0.0001117394082300337,0.10765806926272119
punjab_stubble_belt,2025-10-22,31.525,75.3,0.00012790687147278744,0.10531947749602692
punjab_stubble_belt,2025-10-22,31.575,74.625,0.00025173816455538505,0.08123706289937128
punjab_stubble_belt,2025-10-22,31.575,74.675,0.00019581952496789271,0.08345529312661867
punjab_stubble_belt,2025-10-22,31.575,74.725,0.00017816972965134512,0.09543288742618108
punjab_stubble_belt,2025-10-22,31.575,74.775,0.00016043975088657415,0.09792094525480029
punjab_stubble_belt,2025-10-22,31.575,74.825,0.00023746862649642894,0.10393366794927476
punjab_stubble_belt,2025-10-22,31.575,74.875,0.0003250308413476579,0.11189884627799414
punjab_stubble_belt,2025-10-22,31.575,74.925,0.00011057533405567066,0.11362155595507586
punjab_stubble_belt,2025-10-22,31.575,74.975,0.0002513353076457924,0.1100744847239235
punjab_stubble_belt,2025-10-22,31.575,75.025,0.000302920482505163,0.10686298775093528
punjab_stubble_belt,2025-10-22,31.575,75.075,0.0003258238607887107,0.1041529991221093
punjab_stubble_belt,2025-10-22,31.575,75.125,0.0003085481793595063,0.10259839029867363
punjab_stubble_belt,2025-10-22,31.575,75.175,0.0001347638196968779,0.10496709037322412
punjab_stubble_belt,2025-10-22,31.575,75.225,0.0001670129331167644,0.10617562027119175
punjab_stubble_belt,2025-10-22,31.575,75.275,0.0001893199362692605,0.10784106245932787
punjab_stubble_belt,2025-10-22,31.575,75.3,0.00016145438061263988,0.10881513836469145
punjab_stubble_belt,2025-10-22,31.625,74.625,0.00026818975385312993,0.0816866800297172
punjab_stubble_belt,2025-10-22,31.625,74.675,0.00023415352365797128,0.08331687467739507
punjab_stubble_belt,2025-10-22,31.625,74.725,0.00018966834849338613,0.0954408240416186
punjab_stubble_belt,2025-10-22,31.625,74.775,0.00022688431532586975,0.09999199371986899
punjab_stubble_belt,2025-10-22,31.625,74.825,0.0003015165270186529,0.10542311604911142
punjab_stubble_belt,2025-10-22,31.625,74.875,0.0003493756668232185,0.11079375974717116
punjab_stubble_belt,2025-10-22,31.625,74.925,0.00016705550088401942,0.1110018072236376
punjab_stubble_belt,2025-10-22,31.625,74.975,0.00026191154519396325,0.10686087373920088
punjab_stubble_belt,2025-10-22,31.625,75.025,0.00025468682328901265,0.10343888009507679
punjab_stubble_belt,2025-10-22,31.625,75.075,0.00026940218877415095,0.10120032707359597
punjab_stubble_belt,2025-10-22,31.625,75.125,0.00029325103321522285,0.1004931196335768
punjab_stubble_belt,2025-10-22,31.625,75.175,0.00013718901156724818,0.10155275152042419
punjab_stubble_belt,2025-10-22,31.625,75.225,0.0002333303190991156,0.10551367591401009
punjab_stubble_belt,2025-10-22,31.625,75.275,0.00028344209414795675,0.10866111552518969
punjab_stubble_belt,2025-10-22,31.625,75.3,0.000312844321827401,0.11068709922451925
punjab_stubble_belt,2025-10-22,31.675,74.625,0.00030137272251068176,0.08292600088310136
punjab_stubble_belt,2025-10-22,31.675,74.675,0.00023908421945322296,0.08525006037348618
punjab_stubble_belt,2025-10-22,31.675,74.725,0.00015277740686354054,0.09574128030927805
punjab_stubble_belt,2025-10-22,31.675,74.775,0.00026308942621950743,0.10194695609109104
punjab_stubble_belt,2025-10-22,31.675,74.825,0.00034320067072572734,0.10579187602138002
punjab_stubble_belt,2025-10-22,31.675,74.875,0.00035293299822794337,0.10701033220277203
punjab_stubble_belt,2025-10-22,31.675,74.925,0.0002170655073996157,0.1045520423890478
punjab_stubble_belt,2025-10-22,31.675,74.975,0.00017862560058412325,0.10169061263651641
punjab_stubble_belt,2025-10-22,31.675,75.025,0.00011231563861959672,0.09849580256616476
punjab_stubble_belt,2025-10-22,31.675,75.075,0.00014005672087564856,0.09689028197559464
punjab_stubble_belt,2025-10-22,31.675,75.125,0.00023495676710126004,0.09714899553222717
punjab_stubble_belt,2025-10-22,31.675,75.175,0.00015812360369745507,0.09763987701724526
punjab_stubble_belt,2025-10-22,31.675,75.225,0.00033816858504959093,0.10406226007886138
punjab_stubble_belt,2025-10-22,31.675,75.275,0.0003445670263310644,0.10935024815302638
punjab_stubble_belt,2025-10-22,31.675,75.3,0.0002887272668289334,0.11099444550198634
punjab_stubble_belt,2025-10-22,31.725,74.625,7.491948935492102e-05,0.09051044295357583
punjab_stubble_belt,2025-10-22,31.725,74.675,-0.00012168492371880184,0.09522167383707904
punjab_stubble_belt,2025-10-22,31.725,74.725,0.00010868951885948584,0.09539541731495169
punjab_stubble_belt,2025-10-22,31.725,74.775,0.0001250254084621858,0.0967098549363183
punjab_stubble_belt,2025-10-22,31.725,74.825,0.00028103867404243846,0.09626127202627016
punjab_stubble_belt,2025-10-22,31.725,74.875,0.00044902872126139883,0.09376988713102577
punjab_stubble_belt,2025-10-22,31.725,74.925,8.32239996075176e-05,0.08886323840954469
punjab_stubble_belt,2025-10-22,31.725,74.975,6.558679823272156e-05,0.08893656346568432
punjab_stubble_belt,2025-10-22,31.725,75.025,8.620351184157779e-05,0.08794500936664051
punjab_stubble_belt,2025-10-22,31.725,75.075,0.00015164584784239398,0.0881758106150958
punjab_stubble_belt,2025-10-22,31.725,75.125,0.0002489596634764538,0.09049583681115658
punjab_stubble_belt,2025-10-22,31.725,75.175,0.00032463942984275296,0.09775354798873762
punjab_stubble_belt,2025-10-22,31.725,75.225,0.00030973051065213086,0.10009247231873764
punjab_stubble_belt,2025-10-22,31.725,75.275,0.0002614110406653049,0.10586111819707823
punjab_stubble_belt,2025-10-22,31.775,74.625,5.124820153042124e-05,0.09742425375302016
punjab_stubble_belt,2025-10-22,31.775,74.675,6.095371813586836e-06,0.10305098458109031
punjab_stubble_belt,2025-10-22,31.775,74.725,0.00021577591237598054,0.0959060150694521
punjab_stubble_belt,2025-10-22,31.775,74.775,0.000275481325425666,0.09522899874762972
punjab_stubble_belt,2025-10-22,31.775,74.825,0.00035338752515148684,0.09278097019988216
punjab_stubble_belt,2025-10-22,31.775,74.875,0.00040147788532340445,0.08856959416478866
punjab_stubble_belt,2025-10-22,31.775,74.925,0.00018888807424614071,0.08476230973510972
punjab_stubble_belt,2025-10-22,31.775,74.975,0.00012460565631728656,0.08282057454500637
punjab_stubble_belt,2025-10-22,31.775,75.025,8.452157407969105e-05,0.08234650264876572
punjab_stubble_belt,2025-10-22,31.775,75.075,0.00012046800513169846,0.08274985362680153
punjab_stubble_belt,2025-10-22,31.775,75.125,0.00022273976083499755,0.08530761077659539
punjab_stubble_belt,2025-10-22,31.775,75.175,0.00031210559669707437,0.0968061706413384
punjab_stubble_belt,2025-10-22,31.775,75.225,0.00032602857669983504,0.09781174211506173
punjab_stubble_belt,2025-10-22,31.775,75.275,0.0002446408145753927,0.10347885523899436
punjab_stubble_belt,2025-10-22,31.775,75.3,0.0002082577559584266,0.10811548004539095
punjab_stubble_belt,2025-10-22,31.825,74.625,9.20214626400706e-05,0.09917461561286998
punjab_stubble_belt,2025-10-22,31.825,74.675,6.10009653130871e-05,0.101187248267253
punjab_stubble_belt,2025-10-22,31.825,74.725,0.0002610100061086297,0.09315343846003538
punjab_stubble_belt,2025-10-22,31.825,74.775,0.0002491258909626339,0.0894369177812368
punjab_stubble_belt,2025-10-22,31.825,74.825,0.00022190872126838702,0.08515511139573814
punjab_stubble_belt,2025-10-22,31.825,74.875,0.00018619347323671134,0.08069113231409666
punjab_stubble_belt,2025-10-22,31.825,74.925,0.00010996513244393602,0.07888207824503636
punjab_stubble_belt,2025-10-22,31.825,74.975,3.226143537269222e-05,0.07773017679659912
punjab_stubble_belt,2025-10-22,31.825,75.025,0.0001338008428879198,0.0783593303741268
punjab_stubble_belt,2025-10-22,31.825,75.075,0.000232150911084754,0.07903014449327612
punjab_stubble_belt,2025-10-22,31.825,75.125,0.0002887194591984451,0.08057061323105436
punjab_stubble_belt,2025-10-22,31.825,75.175,0.0002685824606205301,0.08938257378798659
punjab_stubble_belt,2025-10-22,31.825,75.225,0.0002683459837581029,0.09412824911159413
punjab_stubble_belt,2025-10-22,31.825,75.275,0.00022590232680234305,0.09915723734551395
punjab_stubble_belt,2025-10-22,31.825,75.3,0.00019545621155219966,0.10299827977861149
punjab_stubble_belt,2025-10-22,31.875,74.625,0.00012403730531630663,0.09843281879039241
punjab_stubble_belt,2025-10-22,31.875,74.675,0.00011989051494441223,0.09852311847008688
punjab_stubble_belt,2025-10-22,31.875,74.725,0.00028393309583917193,0.09089953932661565
punjab_stubble_belt,2025-10-22,31.875,74.775,0.0002368924736735512,0.08470266069393953
punjab_stubble_belt,2025-10-22,31.875,74.825,0.00016448654694784553,0.07945445571899429
punjab_stubble_belt,2025-10-22,31.875,74.875,9.841101244589378e-05,0.07576300502114672
punjab_stubble_belt,2025-10-22,31.875,74.925,7.963044871673782e-05,0.07506636984434838
punjab_stubble_belt,2025-10-22,31.875,74.975,3.7642786816907705e-05,0.07493853549003654
punjab_stubble_belt,2025-10-22,31.875,75.025,0.00017362699147421685,0.0763701963094892
punjab_stubble_belt,2025-10-22,31.875,75.075,0.00026775105345819256,0.07727666100167091
punjab_stubble_belt,2025-10-22,31.875,75.125,0.0002858500637443792,0.07812642204542644
punjab_stubble_belt,2025-10-22,31.875,75.175,0.00024576645350464727,0.08377526910954514
punjab_stubble_belt,2025-10-22,31.875,75.225,0.0002116609299607681,0.08942707043486005
punjab_stubble_belt,2025-10-22,31.875,75.275,0.00018558501959785054,0.09496748699459645
punjab_stubble_belt,2025-10-22,31.875,75.3,0.00016049053190640724,0.09767651269862784
punjab_stubble_belt,2025-10-23,31.325,74.625,0.00019469969959623565,0.18978505837980864
punjab_stubble_belt,2025-10-23,31.325,74.675,0.0002283952936104056,0.189639258545406
punjab_stubble_belt,2025-10-23,31.325,74.725,0.00040689305589831795,0.18449057785248138
punjab_stubble_belt,2025-10-23,31.325,74.775,0.00039529560021401774,0.18316911820015688
punjab_stubble_belt,2025-10-23,31.325,74.825,0.0003737466933031414,0.18242978204991378
punjab_stubble_belt,2025-10-23,31.325,74.875,0.00036585576625699975,0.18218820323598578
punjab_stubble_belt,2025-10-23,31.325,74.925,0.00039524729361145394,0.18333260283113217
punjab_stubble_belt,2025-10-23,31.325,74.975,0.0002902741461739333,0.18350927187757213
punjab_stubble_belt,2025-10-23,31.325,75.025,0.0002687552141537912,0.18840467279485754
punjab_stubble_belt,2025-10-23,31.325,75.075,0.00026643793568573523,0.1919669943941695
punjab_stubble_belt,2025-10-23,31.325,75.125,0.0002776084296654338,0.1940323566642758
punjab_stubble_belt,2025-10-23,31.325,75.175,0.00032517506544377234,0.19989921835228222
punjab_stubble_belt,2025-10-23,31.325,75.225,0.0003588323246531449,0.20034216723374884
punjab_stubble_belt,2025-10-23,31.325,75.275,0.00038108669303878233,0.202611381224863
punjab_stubble_belt,2025-10-23,31.325,75.3,0.0003925746393571445,0.20355508584370818
punjab_stubble_belt,2025-10-23,31.375,74.625,0.0001428987541797237,0.1862200214352388
punjab_stubble_belt,2025-10-23,31.375,74.675,0.00016682760020643336,0.18452845358337341
punjab_stubble_belt,2025-10-23,31.375,74.725,0.00043149798069230295,0.1780061797016897
punjab_stubble_belt,2025-10-23,31.375,74.775,0.00041305707058126673,0.17566730263204372
punjab_stubble_belt,2025-10-23,31.375,74.825,0.0003755102598346156,0.17456116527123045
punjab_stubble_belt,2025-10-23,31.375,74.875,0.0003350426981369651,0.1744028060081531
punjab_stubble_belt,2025-10-23,31.375,74.925,0.00024852924348022024,0.17593135987595981
punjab_stubble_belt,2025-10-23,31.375,74.975,0.00020855443735435535,0.17582832162878761
punjab_stubble_belt,2025-10-23,31.375,75.025,0.0001493545808650882,0.18117420647137195
punjab_stubble_belt,2025-10-23,31.375,75.075,0.00015562258000395576,0.18533446898712758
punjab_stubble_belt,2025-10-23,31.375,75.125,0.00023649554780323615,0.1884775796025038
punjab_stubble_belt,2025-10-23,31.375,75.175,0.0003580553515849721,0.19813177830094542
punjab_stubble_belt,2025-10-23,31.375,75.225,0.0003818705926920627,0.19943411135774275
punjab_stubble_belt,2025-10-23,31.375,75.275,0.0003328052386782809,0.2031698529963734
punjab_stubble_belt,2025-10-23,31.375,75.3,0.00028414208664306857,0.20564083225627977
punjab_stubble_belt,2025-10-23,31.425,74.625,0.00015794887113428592,0.18056102441478325
punjab_stubble_belt,2025-10-23,31.425,74.675,0.00016760900440421667,0.1765507907747545
punjab_stubble_belt,2025-10-23,31.425,74.725,0.0004014276677968873,0.16930034656332085
punjab_stubble_belt,2025-10-23,31.425,74.775,0.000398366783140031,0.16688933778239765
punjab_stubble_belt,2025-10-23,31.425,74.825,0.0003572166683744232,0.166539507091571
punjab_stubble_belt,2025-10-23,31.425,74.875,0.00028037495591161474,0.167727583508354
punjab_stubble_belt,2025-10-23,31.425,74.925,8.662444173859136e-05,0.16992554909487623
punjab_stubble_belt,2025-10-23,31.425,74.975,0.00013201572259447872,0.17051667293594366
punjab_stubble_belt,2025-10-23,31.425,75.025,3.915835959954538e-05,0.1755487451998039
punjab_stubble_belt,2025-10-23,31.425,75.075,6.0431437291494686e-05,0.18018547090444864
punjab_stubble_belt,2025-10-23,31.425,75.125,0.00021583670691205766,0.18469780555552565
punjab_stubble_belt,2025-10-23,31.425,75.175,0.0004045597678416112,0.19611402558017973
punjab_stubble_belt,2025-10-23,31.425,75.225,0.00040589235151160924,0.1973050992897565
punjab_stubble_belt,2025-10-23,31.425,75.275,0.0002660427457117797,0.20313048303170272
punjab_stubble_belt,2025-10-23,31.425,75.3,0.00017198517100052238,0.20737739143321715
punjab_stubble_belt,2025-10-23,31.475,74.625,0.0002491002111683208,0.1756515300696667
punjab_stubble_belt,2025-10-23,31.475,74.675,0.0002803127139070896,0.17086233478856921
punjab_stubble_belt,2025-10-23,31.475,74.725,0.0002889943754495918,0.16495118832337785
punjab_stubble_belt,2025-10-23,31.475,74.775,0.00031256662326003485,0.1640696872241178
punjab_stubble_belt,2025-10-23,31.475,74.825,0.000269977292864837,0.1647043814030961
punjab_stubble_belt,2025-10-23,31.475,74.875,0.00019344964663434416,0.16662293463166905
punjab_stubble_belt,2025-10-23,31.475,74.925,0.00021298497672590991,0.17049867619194686
punjab_stubble_belt,2025-10-23,31.475,74.975,0.00012148242276529913,0.17176572252471609
punjab_stubble_belt,2025-10-23,31.475,75.025,0.0001201893141808727,0.17616396882042704
punjab_stubble_belt,2025-10-23,31.475,75.075,0.00022171921812394997,0.18003642089483377
punjab_stubble_belt,2025-10-23,31.475,75.125,0.0003780116986205737,0.18398604909466387
punjab_stubble_belt,2025-10-23,31.475,75.175,0.00034993615707178756,0.19588023873615443
punjab_stubble_belt,2025-10-23,31.475,75.225,0.00043086507137360034,0.19642227965754036
punjab_stubble_belt,2025-10-23,31.475,75.275,0.00027714955223453764,0.2036004945379136
punjab_stubble_belt,2025-10-23,31.525,74.625,0.0003441707793009806,0.16055841615453686
punjab_stubble_belt,2025-10-23,31.525,74.675,0.0003207680368460729,0.16175159821035004
punjab_stubble_belt,2025-10-23,31.525,74.725,0.0003811109531019758,0.16428419085961715
punjab_stubble_belt,2025-10-23,31.525,74.775,0.00035318481046665016,0.16776019176420381
punjab_stubble_belt,2025-10-23,31.525,74.825,0.00026258331873382193,0.17164792356652933
punjab_stubble_belt,2025-10-23,31.525,74.875,0.0001445869900146056,0.17510822139798382
punjab_stubble_belt,2025-10-23,31.525,74.925,9.434086444928973e-05,0.17575628226240325
punjab_stubble_belt,2025-10-23,31.525,74.975,0.00011325528135519337,0.1807339012182907
punjab_stubble_belt,2025-10-23,31.525,75.025,0.0002867892646008364,0.18510800647746567
punjab_stubble_belt,2025-10-23,31.525,75.075,0.00036978784093927194,0.18716361366942824
punjab_stubble_belt,2025-10-23,31.525,75.125,0.0003270796100551719,0.18828294540787263
punjab_stubble_belt,2025-10-23,31.525,75.175,0.00020773596223607016,0.19921836832664655
punjab_stubble_belt,2025-10-23,31.525,75.225,0.0002491741796522178,0.203094945216126
punjab_stubble_belt,2025-10-23,31.525,75.275,0.0003542533665685806,0.21092470521735182
punjab_stubble_belt,2025-10-23,31.525,75.3,0.0003029946750699309,0.21233049240740237
punjab_stubble_belt,2025-10-23,31.575,74.625,0.0004134250623176279,0.15546878500695951
punjab_stubble_belt,2025-10-23,31.575,74.675,0.0004031727959118942,0.15645905692666057
punjab_stubble_belt,2025-10-23,31.575,74.725,0.0004681234978000336,0.16313934856573153
punjab_stubble_belt,2025-10-23,31.575,74.775,0.0004832290580884574,0.16875356283040627
punjab_stubble_belt,2025-10-23,31.575,74.825,0.00033859533252627135,0.17544039317986215
punjab_stubble_belt,2025-10-23,31.575,74.875,0.00011874887156683945,0.18132672878413048
punjab_stubble_belt,2025-10-23,31.575,74.925,0.00011087430070636998,0.18036557052302454
punjab_stubble_belt,2025-10-23,31.575,74.975,0.00017255145784698763,0.18382296261777117
punjab_stubble_belt,2025-10-23,31.575,75.025,0.00031184980791413745,0.18716988992560205
punjab_stubble_belt,2025-10-23,31.575,75.075,0.00038719152695745055,0.1896688738706098
punjab_stubble_belt,2025-10-23,31.575,75.125,0.00037697304172528285,0.1922987117933492
punjab_stubble_belt,2025-10-23,31.575,75.175,0.00028968005368053084,0.20222913140535545
punjab_stubble_belt,2025-10-23,31.575,75.225,0.00035296011563005364,0.20532403513016756
punjab_stubble_belt,2025-10-23,31.575,75.275,0.00036206010970183473,0.2122718960110088
punjab_stubble_belt,2025-10-23,31.575,75.3,0.0003809841150232527,0.21648764780878205
punjab_stubble_belt,2025-10-23,31.625,74.625,0.00031443929738124297,0.1524597625161899
punjab_stubble_belt,2025-10-23,31.625,74.675,0.0003449256394987166,0.15298813743738623
punjab_stubble_belt,2025-10-23,31.625,74.725,0.000450759412605857,0.16059048681229304
punjab_stubble_belt,2025-10-23,31.625,74.775,0.00047368739988446976,0.1656309594720728
punjab_stubble_belt,2025-10-23,31.625,74.825,0.00033739947378947185,0.17382292548049125
punjab_stubble_belt,2025-10-23,31.625,74.875,0.00013844883666772853,0.1828574227012151
punjab_stubble_belt,2025-10-23,31.625,74.925,0.00021657510471602743,0.1845823006158857
punjab_stubble_belt,2025-10-23,31.625,74.975,0.00020203378940804564,0.1882543561041082
punjab_stubble_belt,2025-10-23,31.625,75.025,0.00024284531568258063,0.18992708707385084
punjab_stubble_belt,2025-10-23,31.625,75.075,0.00028657926811699304,0.19229732366698776
punjab_stubble_belt,2025-10-23,31.625,75.125,0.000311039682608169,0.19614617475596383
punjab_stubble_belt,2025-10-23,31.625,75.175,0.00024824296156973147,0.20478308429229208
punjab_stubble_belt,2025-10-23,31.625,75.225,0.00034430881113845446,0.20719027869166093
punjab_stubble_belt,2025-10-23,31.625,75.275,0.00031461988314235577,0.2135446061975154
punjab_stubble_belt,2025-10-23,31.625,75.3,0.00027560461991292247,0.21774087339536258
punjab_stubble_belt,2025-10-23,31.675,74.625,0.00012189547916474763,0.15182132649236765
punjab_stubble_belt,2025-10-23,31.675,74.675,0.0001875248547575145,0.1521672097536972
punjab_stubble_belt,2025-10-23,31.675,74.725,0.00034712572677545925,0.15766005427764235
punjab_stubble_belt,2025-10-23,31.675,74.775,0.00035810894172008553,0.1603342733506228
punjab_stubble_belt,2025-10-23,31.675,74.825,0.0002960490634024651,0.16833651359478508
punjab_stubble_belt,2025-10-23,31.675,74.875,0.00022609082558150916,0.17950013503302883
punjab_stubble_belt,2025-10-23,31.675,74.925,0.000328716659135248,0.1865012376542021
punjab_stubble_belt,2025-10-23,31.675,74.975,0.0002107917002351224,0.19213214859885927
punjab_stubble_belt,2025-10-23,31.675,75.025,0.00015333200117134782,0.19254514916693974
punjab_stubble_belt,2025-10-23,31.675,75.075,0.0001569078723891513,0.19463948937588751
punjab_stubble_belt,2025-10-23,31.675,75.125,0.00019541561898603997,0.1992826434519532
punjab_stubble_belt,2025-10-23,31.675,75.175,0.00014595134940447585,0.20640387837192986
punjab_stubble_belt,2025-10-23,31.675,75.225,0.00025506402340443344,0.20952527270013166
punjab_stubble_belt,2025-10-23,31.675,75.275,0.00024429929400337033,0.2158437902601066
punjab_stubble_belt,2025-10-23,31.675,75.3,0.00022053444098662651,0.22147565269078964
punjab_stubble_belt,2025-10-23,31.725,74.625,0.00011684610656949303,0.157768398747649
punjab_stubble_belt,2025-10-23,31.725,74.675,0.0001168485235088848,0.15734694734407326
punjab_stubble_belt,2025-10-23,31.725,74.725,0.0002261432775280857,0.1573457531526792
punjab_stubble_belt,2025-10-23,31.725,74.775,0.00031187691976721567,0.15891700375050116
punjab_stubble_belt,2025-10-23,31.725,74.825,0.00041479895818075514,0.16355580666786834
punjab_stubble_belt,2025-10-23,31.725,74.875,0.0004616522270351466,0.17079783337126025
punjab_stubble_belt,2025-10-23,31.725,74.925,0.00018872050292174946,0.179714794880425
punjab_stubble_belt,2025-10-23,31.725,74.975,0.0002662530650406059,0.18628789093153814
punjab_stubble_belt,2025-10-23,31.725,75.025,0.0002596072569448241,0.1896310658215896
punjab_stubble_belt,2025-10-23,31.725,75.075,0.0002805953010869584,0.1942238426958868
punjab_stubble_belt,2025-10-23,31.725,75.125,0.0003282052060342469,0.20015729531762227
punjab_stubble_belt,2025-10-23,31.725,75.175,0.00030876473323714494,0.20579039403271185
punjab_stubble_belt,2025-10-23,31.725,75.225,0.0003067559327531547,0.214494837177927
punjab_stubble_belt,2025-10-23,31.725,75.275,0.00025021312045782215,0.22080769973325753
punjab_stubble_belt,2025-10-23,31.775,74.625,0.0003229318643374571,0.16345315557187345
punjab_stubble_belt,2025-10-23,31.775,74.675,0.0001731683887915171,0.16168758580759718
punjab_stubble_belt,2025-10-23,31.775,74.725,0.00020946293475467503,0.16057750797903553
punjab_stubble_belt,2025-10-23,31.775,74.775,0.00024348252886988967,0.1612828971140196
punjab_stubble_belt,2025-10-23,31.775,74.825,0.00021708854305399171,0.16484210971171953
punjab_stubble_belt,2025-10-23,31.775,74.875,0.00016525238203975656,0.17068273636760994
punjab_stubble_belt,2025-10-23,31.775,74.925,0.00023463993212720377,0.1777303215752275
punjab_stubble_belt,2025-10-23,31.775,74.975,0.000258394478717224,0.18191086825847477
punjab_stubble_belt,2025-10-23,31.775,75.025,0.00014359941273732729,0.1866506040076018
punjab_stubble_belt,2025-10-23,31.775,75.075,0.00014567184108718012,0.19289301650168247
punjab_stubble_belt,2025-10-23,31.775,75.125,0.0002753020760773583,0.20028912507575572
punjab_stubble_belt,2025-10-23,31.775,75.175,0.0003772067835461992,0.20831763362450706
punjab_stubble_belt,2025-10-23,31.775,75.225,0.00038996257910146106,0.21507303994754012
punjab_stubble_belt,2025-10-23,31.775,75.275,0.0003325482629519867,0.22228791966452624
punjab_stubble_belt,2025-10-23,31.775,75.3,0.0002578024677505002,0.2253000255789267
punjab_stubble_belt,2025-10-23,31.825,74.625,0.0003584258682478423,0.16749292617507713
punjab_stubble_belt,2025-10-23,31.825,74.675,0.00031749530593931565,0.16744704100938618
punjab_stubble_belt,2025-10-23,31.825,74.725,0.00016247216959471169,0.166236126393979
punjab_stubble_belt,2025-10-23,31.825,74.775,0.0001462277391197706,0.16663595726602562
punjab_stubble_belt,2025-10-23,31.825,74.825,0.0001396357166919383,0.1687805577818536
punjab_stubble_belt,2025-10-23,31.825,74.875,0.00015677441025691355,0.17267837845642692
punjab_stubble_belt,2025-10-23,31.825,74.925,0.00030165273947722275,0.17872743490096302
punjab_stubble_belt,2025-10-23,31.825,74.975,0.00028502501416571407,0.18272539334338006
punjab_stubble_belt,2025-10-23,31.825,75.025,0.0002458051405612501,0.1874147368709321
punjab_stubble_belt,2025-10-23,31.825,75.075,0.0002536031930221017,0.1932391424806744
punjab_stubble_belt,2025-10-23,31.825,75.125,0.0002984588777736521,0.20040294653680502
punjab_stubble_belt,2025-10-23,31.825,75.175,0.0002580542773794468,0.21147322392505075
punjab_stubble_belt,2025-10-23,31.825,75.225,0.00030086135270212275,0.21853362164388512
punjab_stubble_belt,2025-10-23,31.825,75.275,0.00030190625293179845,0.2273411002205012
punjab_stubble_belt,2025-10-23,31.825,75.3,0.00029916561846408545,0.23113647384502198
punjab_stubble_belt,2025-10-23,31.875,74.625,0.0002906753918698117,0.16927951762627924
punjab_stubble_belt,2025-10-23,31.875,74.675,0.0003022402081011975,0.17053585979752128
punjab_stubble_belt,2025-10-23,31.875,74.725,0.00014877736591869915,0.1701701999844898
punjab_stubble_belt,2025-10-23,31.875,74.775,0.00011425509467623339,0.17058883170634298
punjab_stubble_belt,2025-10-23,31.875,74.825,0.00014983025563830056,0.17195445912564133
punjab_stubble_belt,2025-10-23,31.875,74.875,0.00024583255759841446,0.17457604487349176
punjab_stubble_belt,2025-10-23,31.875,74.925,0.0003955473741355528,0.17999066608302822
punjab_stubble_belt,2025-10-23,31.875,74.975,0.0003033680756539994,0.1839278212765513
punjab_stubble_belt,2025-10-23,31.875,75.025,0.0003157940672270457,0.18911260145643322
punjab_stubble_belt,2025-10-23,31.875,75.075,0.00033520433984145806,0.19471563868670427
punjab_stubble_belt,2025-10-23,31.875,75.125,0.0003309015027001562,0.2012681347405356
punjab_stubble_belt,2025-10-23,31.875,75.175,0.00020829958588188227,0.21445489276224425
punjab_stubble_belt,2025-10-23,31.875,75.225,0.00023975650946118378,0.22243948841443956
punjab_stubble_belt,2025-10-23,31.875,75.275,0.0002905724766525066,0.23336187120387022
punjab_stubble_belt,2025-10-23,31.875,75.3,0.00032941111875601223,0.24115173950751356
punjab_stubble_belt,2025-10-24,31.325,74.625,0.00033292860820031554,0.08379070941242096
punjab_stubble_belt,2025-10-24,31.325,74.675,0.00033158869608257945,0.08439213505506982
punjab_stubble_belt,2025-10-24,31.325,74.725,0.0003616142436142342,0.08600279199403454
punjab_stubble_belt,2025-10-24,31.325,74.775,0.00043331785106781004,0.08625061651555987
punjab_stubble_belt,2025-10-24,31.325,74.825,0.0003874716661399431,0.08898134374634724
punjab_stubble_belt,2025-10-24,31.325,74.875,0.000273040860413425,0.09377428597799845
punjab_stubble_belt,2025-10-24,31.325,74.925,0.00028640382496710213,0.09948440721552207
punjab_stubble_belt,2025-10-24,31.325,74.975,0.00034805885361569456,0.09962323968780057
punjab_stubble_belt,2025-10-24,31.325,75.025,0.00028045122251082886,0.09821136399710685
punjab_stubble_belt,2025-10-24,31.325,75.075,0.00022874891567323943,0.09727428130001854
punjab_stubble_belt,2025-10-24,31.325,75.125,0.00021800739526504125,0.09678063473660038
punjab_stubble_belt,2025-10-24,31.325,75.175,0.00024924319319227014,0.09417344530404771
punjab_stubble_belt,2025-10-24,31.325,75.225,0.00017217446882669316,0.0945538713391131
punjab_stubble_belt,2025-10-24,31.325,75.275,0.0002621362473016551,0.10105944361372933
punjab_stubble_belt,2025-10-24,31.325,75.3,0.0003384045717907888,0.106306383153843
punjab_stubble_belt,2025-10-24,31.375,74.625,0.0002902336414674237,0.08428152325820215
punjab_stubble_belt,2025-10-24,31.375,74.675,0.00031087139826844535,0.08382978602644306
punjab_stubble_belt,2025-10-24,31.375,74.725,0.0003823547028504844,0.08251000684523094
punjab_stubble_belt,2025-10-24,31.375,74.775,0.00040400802496488175,0.08204938228750201
punjab_stubble_belt,2025-10-24,31.375,74.825,0.00035654485100717346,0.08380587719245927
punjab_stubble_belt,2025-10-24,31.375,74.875,0.00027389806241001223,0.08738763946206257
punjab_stubble_belt,2025-10-24,31.375,74.925,0.00026602123321248835,0.09225797229508477
punjab_stubble_belt,2025-10-24,31.375,74.975,0.00028621734388742723,0.09306388422977768
punjab_stubble_belt,2025-10-24,31.375,75.025,0.0002759583294482131,0.09240330103517892
punjab_stubble_belt,2025-10-24,31.375,75.075,0.0002873033068866013,0.09194149661754397
punjab_stubble_belt,2025-10-24,31.375,75.125,0.00031229822240402523,0.09191689009614123
punjab_stubble_belt,2025-10-24,31.375,75.175,0.0002526003463896924,0.09109022389643481
punjab_stubble_belt,2025-10-24,31.375,75.225,0.00018943823144953683,0.09094943044299711
punjab_stubble_belt,2025-10-24,31.375,75.275,0.00026959581739011195,0.09585188161022554
punjab_stubble_belt,2025-10-24,31.375,75.3,0.0003316310972543044,0.09848579578362736
punjab_stubble_belt,2025-10-24,31.425,74.625,0.00025224263489629175,0.0848287689171711
punjab_stubble_belt,2025-10-24,31.425,74.675,0.00029404748920752315,0.08351373778914035
punjab_stubble_belt,2025-10-24,31.425,74.725,0.0003194171746381833,0.07987249460184774
punjab_stubble_belt,2025-10-24,31.425,74.775,0.0002741527806821247,0.07932987746695136
punjab_stubble_belt,2025-10-24,31.425,74.825,0.0002662471617899294,0.08006667989915786
punjab_stubble_belt,2025-10-24,31.425,74.875,0.00027806078163917575,0.08149221815225219
punjab_stubble_belt,2025-10-24,31.425,74.925,0.00021142843669119075,0.08253427454319191
punjab_stubble_belt,2025-10-24,31.425,74.975,0.00021894943758234947,0.08366634369311451
punjab_stubble_belt,2025-10-24,31.425,75.025,0.0002578746913614407,0.08483063919140395
punjab_stubble_belt,2025-10-24,31.425,75.075,0.0003297305029173746,0.08586082638291484
punjab_stubble_belt,2025-10-24,31.425,75.125,0.0003986624431856042,0.08694913460861384
punjab_stubble_belt,2025-10-24,31.425,75.175,0.0002779814871196984,0.08943078061537503
punjab_stubble_belt,2025-10-24,31.425,75.225,0.00020646183450791306,0.08956465935401306
punjab_stubble_belt,2025-10-24,31.425,75.275,0.00027593101834856083,0.09214098777032984
punjab_stubble_belt,2025-10-24,31.425,75.3,0.00028940248703415944,0.09487229461967334
punjab_stubble_belt,2025-10-24,31.475,74.625,0.00024080950408533102,0.0837656319922743
punjab_stubble_belt,2025-10-24,31.475,74.675,0.0002706253108829913,0.0816253442367166
punjab_stubble_belt,2025-10-24,31.475,74.725,0.00020143628644065742,0.07739393124111965
punjab_stubble_belt,2025-10-24,31.475,74.775,0.00016160637462487416,0.07679888775745375
punjab_stubble_belt,2025-10-24,31.475,74.825,0.0001670463062119579,0.07685546276606031
punjab_stubble_belt,2025-10-24,31.475,74.875,0.00019610582743326288,0.07706068813789833
punjab_stubble_belt,2025-10-24,31.475,74.925,0.0001703657006718795,0.0766733977709313
punjab_stubble_belt,2025-10-24,31.475,74.975,0.00039244703593040246,0.07726473948567279
punjab_stubble_belt,2025-10-24,31.475,75.025,0.00030404279586593346,0.08023767982858845
punjab_stubble_belt,2025-10-24,31.475,75.075,0.0002728290809237932,0.0830461358480608
punjab_stubble_belt,2025-10-24,31.475,75.125,0.00032348414254690974,0.085847837010922
punjab_stubble_belt,2025-10-24,31.475,75.175,0.0002650111537317579,0.09272145497735043
punjab_stubble_belt,2025-10-24,31.475,75.225,0.0002534769948408549,0.09338801229876031
punjab_stubble_belt,2025-10-24,31.475,75.275,0.00023820007872204518,0.09531983713287673
punjab_stubble_belt,2025-10-24,31.525,74.625,0.00046788388133408014,0.07755321103524646
punjab_stubble_belt,2025-10-24,31.525,74.675,0.0004953398050992112,0.07540370254779673
punjab_stubble_belt,2025-10-24,31.525,74.725,0.0005125698713091147,0.07728509372520799
punjab_stubble_belt,2025-10-24,31.525,74.775,0.00047624451804387664,0.07706820274459192
punjab_stubble_belt,2025-10-24,31.525,74.825,0.0004245494413240039,0.07572786404835882
punjab_stubble_belt,2025-10-24,31.525,74.875,0.000372165614985496,0.07316688809507414
punjab_stubble_belt,2025-10-24,31.525,74.925,0.0003441902564788933,0.06824010385301528
punjab_stubble_belt,2025-10-24,31.525,74.975,0.00035571030315025286,0.0672733746531106
punjab_stubble_belt,2025-10-24,31.525,75.025,0.00013508295648386205,0.066322915062238
punjab_stubble_belt,2025-10-24,31.525,75.075,6.209118008878464e-05,0.0672481866047634
punjab_stubble_belt,2025-10-24,31.525,75.125,0.00017705047959959438,0.07136959136320391
punjab_stubble_belt,2025-10-24,31.525,75.175,0.0003451874123355086,0.08288713019145147
punjab_stubble_belt,2025-10-24,31.525,75.225,0.00036234089510225285,0.08649591068247697
punjab_stubble_belt,2025-10-24,31.525,75.275,0.00032514727910302484,0.09040876273837237
punjab_stubble_belt,2025-10-24,31.525,75.3,0.0002670683238186444,0.09440599172687184
punjab_stubble_belt,2025-10-24,31.575,74.625,0.0005102788542617661,0.07186436233489385
punjab_stubble_belt,2025-10-24,31.575,74.675,0.0003833459041500099,0.06953052643444678
punjab_stubble_belt,2025-10-24,31.575,74.725,0.0005391884133944982,0.0702495657185437
punjab_stubble_belt,2025-10-24,31.575,74.775,0.00043853661137990493,0.07146817699746082
punjab_stubble_belt,2025-10-24,31.575,74.825,0.00037438746743602636,0.07196726043179988
punjab_stubble_belt,2025-10-24,31.575,74.875,0.00036756182090161646,0.07090930883181332
punjab_stubble_belt,2025-10-24,31.575,74.925,0.0003878318154704013,0.06576521093569411
punjab_stubble_belt,2025-10-24,31.575,74.975,0.0003226169868707471,0.06463062589084824
punjab_stubble_belt,2025-10-24,31.575,75.025,0.00011906063616779749,0.06289721532597625
punjab_stubble_belt,2025-10-24,31.575,75.075,5.964334053314842e-05,0.06299795041946761
punjab_stubble_belt,2025-10-24,31.575,75.125,0.00016158944849206287,0.06615390226412433
punjab_stubble_belt,2025-10-24,31.575,75.175,0.0002844179603979911,0.07759589629452598
punjab_stubble_belt,2025-10-24,31.575,75.225,0.00035597521094077637,0.0835284868999233
punjab_stubble_belt,2025-10-24,31.575,75.275,0.0003289117870284502,0.08953900458312872
punjab_stubble_belt,2025-10-24,31.575,75.3,0.00030419129776972217,0.09273895240905683
punjab_stubble_belt,2025-10-24,31.625,74.625,0.0004423621770371105,0.06421913112298601
punjab_stubble_belt,2025-10-24,31.625,74.675,0.00025716229829750114,0.06214093475651848
punjab_stubble_belt,2025-10-24,31.625,74.725,0.0004356431478903603,0.0619131837887397
punjab_stubble_belt,2025-10-24,31.625,74.775,0.00037481786652696807,0.0645737913423433
punjab_stubble_belt,2025-10-24,31.625,74.825,0.00031511722385721766,0.06681156574362601
punjab_stubble_belt,2025-10-24,31.625,74.875,0.00028337644927705437,0.06735819588511656
punjab_stubble_belt,2025-10-24,31.625,74.925,0.00028462067266496406,0.06309287354187881
punjab_stubble_belt,2025-10-24,31.625,74.975,0.00022035677706564935,0.06128944028270278
punjab_stubble_belt,2025-10-24,31.625,75.025,0.00011398544817192183,0.0603779601080235
punjab_stubble_belt,2025-10-24,31.625,75.075,8.915744154556624e-05,0.0605504955308233
punjab_stubble_belt,2025-10-24,31.625,75.125,0.00015114573363470083,0.06284455792718452
punjab_stubble_belt,2025-10-24,31.625,75.175,0.00021180448589850872,0.07319125434554052
punjab_stubble_belt,2025-10-24,31.625,75.225,0.00032089436328752854,0.07970653676143692
punjab_stubble_belt,2025-10-24,31.625,75.275,0.00022764072202054446,0.08621497700446146
punjab_stubble_belt,2025-10-24,31.625,75.3,0.00011928881438181501,0.08909187740418836
punjab_stubble_belt,2025-10-24,31.675,74.625,0.0003428443711083986,0.05610313799064413
punjab_stubble_belt,2025-10-24,31.675,74.675,0.00020387108933267472,0.054599824912497125
punjab_stubble_belt,2025-10-24,31.675,74.725,0.00028805143017330046,0.053847643707834465
punjab_stubble_belt,2025-10-24,31.675,74.775,0.00033620169794126956,0.057026415938894966
punjab_stubble_belt,2025-10-24,31.675,74.825,0.00029464363595551696,0.060075145444608236
punjab_stubble_belt,2025-10-24,31.675,74.875,0.0001912239651137015,0.061742801504658454
punjab_stubble_belt,2025-10-24,31.675,74.925,0.00011590720312452272,0.05935057222175007
punjab_stubble_belt,2025-10-24,31.675,74.975,0.00015596492275430556,0.05719758888177214
punjab_stubble_belt,2025-10-24,31.675,75.025,0.00012740382996454352,0.05828421062786344
punjab_stubble_belt,2025-10-24,31.675,75.075,0.00011953078813888921,0.05946550286816842
punjab_stubble_belt,2025-10-24,31.675,75.125,0.00013613129735981597,0.061285212826207885
punjab_stubble_belt,2025-10-24,31.675,75.175,0.00015343152527610475,0.07007768217303867
punjab_stubble_belt,2025-10-24,31.675,75.225,0.00026028829248342757,0.07555841092003311
punjab_stubble_belt,2025-10-24,31.675,75.275,9.375044295344346e-05,0.08138368095119723
punjab_stubble_belt,2025-10-24,31.675,75.3,7.116543930278274e-05,0.08361297561649816
punjab_stubble_belt,2025-10-24,31.725,74.625,0.0004566139300178977,0.05258044989613337
punjab_stubble_belt,2025-10-24,31.725,74.675,0.00040998025429685376,0.05099547249515288
punjab_stubble_belt,2025-10-24,31.725,74.725,0.00032605282238282955,0.047512787713656635
punjab_stubble_belt,2025-10-24,31.725,74.775,0.0003855253173723215,0.04729767986761547
punjab_stubble_belt,2025-10-24,31.725,74.825,0.0003844930434972722,0.04875983998920059
punjab_stubble_belt,2025-10-24,31.725,74.875,0.0003060991549897132,0.05116981910385753
punjab_stubble_belt,2025-10-24,31.725,74.925,0.00014910515007049896,0.052877812748359364
punjab_stubble_belt,2025-10-24,31.725,74.975,0.0005252511286661841,0.05411408402233545
punjab_stubble_belt,2025-10-24,31.725,75.025,0.0002672217868091379,0.05789404628656768
punjab_stubble_belt,2025-10-24,31.725,75.075,0.00010461956623919406,0.06095426654173029
punjab_stubble_belt,2025-10-24,31.725,75.125,0.00012768047366996024,0.06346520141426894
punjab_stubble_belt,2025-10-24,31.725,75.175,0.0001463722112975981,0.07029575176526487
punjab_stubble_belt,2025-10-24,31.725,75.225,0.00013684305690059585,0.07304351190273627
punjab_stubble_belt,2025-10-24,31.725,75.275,0.00017870728268980278,0.0787528864286867
punjab_stubble_belt,2025-10-24,31.775,74.625,0.0006215327796056292,0.056089260607824244
punjab_stubble_belt,2025-10-24,31.775,74.675,0.0005477129217490903,0.0547365733443442
punjab_stubble_belt,2025-10-24,31.775,74.725,0.0003487934637192048,0.0495552969565605
punjab_stubble_belt,2025-10-24,31.775,74.775,0.0003180712820070126,0.04799657196480548
punjab_stubble_belt,2025-10-24,31.775,74.825,0.0003039330775786411,0.047412604611066785
punjab_stubble_belt,2025-10-24,31.775,74.875,0.00028317380722426856,0.048068887722925495
punjab_stubble_belt,2025-10-24,31.775,74.925,0.00022118571775262,0.05210625203234125
punjab_stubble_belt,2025-10-24,31.775,74.975,0.00038548915106364427,0.055018108892218184
punjab_stubble_belt,2025-10-24,31.775,75.025,0.00015885244016471006,0.057547609558847114
punjab_stubble_belt,2025-10-24,31.775,75.075,3.902493122223199e-05,0.05987389901005405
punjab_stubble_belt,2025-10-24,31.775,75.125,7.35725852929562e-05,0.06270811341777695
punjab_stubble_belt,2025-10-24,31.775,75.175,8.661441979365524e-05,0.07045959433495817
punjab_stubble_belt,2025-10-24,31.775,75.225,8.126214722446345e-05,0.07269082340504272
punjab_stubble_belt,2025-10-24,31.775,75.275,0.00011719557257843413,0.07875302179255857
punjab_stubble_belt,2025-10-24,31.775,75.3,0.00017062268449587328,0.08236245443130036
punjab_stubble_belt,2025-10-24,31.825,74.625,0.0003478018289243359,0.05521600665690215
punjab_stubble_belt,2025-10-24,31.825,74.675,0.0003870047282911055,0.05236902436334499
punjab_stubble_belt,2025-10-24,31.825,74.725,0.0003342633390423458,0.04379422123928712
punjab_stubble_belt,2025-10-24,31.825,74.775,0.00031813105807110867,0.04185218120673939
punjab_stubble_belt,2025-10-24,31.825,74.825,0.0002940506700273259,0.042141934150510145
punjab_stubble_belt,2025-10-24,31.825,74.875,0.00026085764430769056,0.04470228573449443
punjab_stubble_belt,2025-10-24,31.825,74.925,0.0002203943706125787,0.05253142889750491
punjab_stubble_belt,2025-10-24,31.825,74.975,0.0002277797235859772,0.05453233279884717
punjab_stubble_belt,2025-10-24,31.825,75.025,0.00025097949925790826,0.05670875193480704
punjab_stubble_belt,2025-10-24,31.825,75.075,0.00025393790361397355,0.05884294382335386
punjab_stubble_belt,2025-10-24,31.825,75.125,0.0002421128075528455,0.06131345277526605
punjab_stubble_belt,2025-10-24,31.825,75.175,0.0002605092544592276,0.06713683904642727
punjab_stubble_belt,2025-10-24,31.825,75.225,0.00020361067463476047,0.0689299254622664
punjab_stubble_belt,2025-10-24,31.825,75.275,0.00010959649113729317,0.07434428032643338
punjab_stubble_belt,2025-10-24,31.825,75.3,7.076881429421327e-05,0.07873446445855492
punjab_stubble_belt,2025-10-24,31.875,74.625,0.00022067453043297632,0.05248675762993701
punjab_stubble_belt,2025-10-24,31.875,74.675,0.000323567809100867,0.04940869347588287
punjab_stubble_belt,2025-10-24,31.875,74.725,0.00035233402620121784,0.03894281061557118
punjab_stubble_belt,2025-10-24,31.875,74.775,0.00035788041576762626,0.03572011847384765
punjab_stubble_belt,2025-10-24,31.875,74.825,0.0003207657498569815,0.03695284901764992
punjab_stubble_belt,2025-10-24,31.875,74.875,0.00025937159835480076,0.04275269306628172
punjab_stubble_belt,2025-10-24,31.875,74.925,0.0002358351322820568,0.05508208838248381
punjab_stubble_belt,2025-10-24,31.875,74.975,0.00020358254328943517,0.05652452014248916
punjab_stubble_belt,2025-10-24,31.875,75.025,0.00030086420750518363,0.058450928227427514
punjab_stubble_belt,2025-10-24,31.875,75.075,0.0003362091320117522,0.059991836111254984
punjab_stubble_belt,2025-10-24,31.875,75.125,0.0003053689893622043,0.06136706345518616
punjab_stubble_belt,2025-10-24,31.875,75.175,0.00035723506393312677,0.06466641942731315
punjab_stubble_belt,2025-10-24,31.875,75.225,0.00029224739626450535,0.06670987368314729
punjab_stubble_belt,2025-10-24,31.875,75.275,0.00015433665804296792,0.07171867503580819
punjab_stubble_belt,2025-10-24,31.875,75.3,8.996746132715871e-05,0.07479713942380842
punjab_stubble_belt,2025-10-25,31.325,74.625,0.0003307373010042738,0.0007046784743713984
punjab_stubble_belt,2025-10-25,31.325,74.675,0.00034726238587541873,0
punjab_stubble_belt,2025-10-25,31.325,74.725,0.00032100983310724576,0
punjab_stubble_belt,2025-10-25,31.325,74.775,0.0002037449531882972,0
punjab_stubble_belt,2025-10-25,31.325,74.825,0.00019244286919905247,5.287781215552197e-05
punjab_stubble_belt,2025-10-25,31.325,74.875,0.00025421254882235857,0.0008282501873424391
punjab_stubble_belt,2025-10-25,31.325,74.925,0.00022674165382490508,0.0049892645691536905
punjab_stubble_belt,2025-10-25,31.325,74.975,0.0003923259500017306,0.004233159316946743
punjab_stubble_belt,2025-10-25,31.325,75.025,0.00036757906051967845,0.009246937080330949
punjab_stubble_belt,2025-10-25,31.325,75.075,0.0003291838742257684,0.014127141607835333
punjab_stubble_belt,2025-10-25,31.325,75.125,0.00032610167576147426,0.0175587409175414
punjab_stubble_belt,2025-10-25,31.325,75.175,0.0004686455719764704,0.01563035541633316
punjab_stubble_belt,2025-10-25,31.325,75.225,0.0003599790271819532,0.0021882221457023275
punjab_stubble_belt,2025-10-25,31.325,75.275,0.00028782159901451877,0.008465229176530552
punjab_stubble_belt,2025-10-25,31.325,75.3,0.0002722301946568303,0.01599129316848781
punjab_stubble_belt,2025-10-25,31.375,74.625,0.0004224824102339771,0.03220717884441105
punjab_stubble_belt,2025-10-25,31.375,74.675,0.0004112233477113343,0.024548413899750408
punjab_stubble_belt,2025-10-25,31.375,74.725,0.00029318702543665255,0.006509982896876388
punjab_stubble_belt,2025-10-25,31.375,74.775,0.00031213364723094725,0.0017042487847749666
punjab_stubble_belt,2025-10-25,31.375,74.825,0.00028812141123571417,0
punjab_stubble_belt,2025-10-25,31.375,74.875,0.0002203926106536466,0
punjab_stubble_belt,2025-10-25,31.375,74.925,0.0001396682141275372,0
punjab_stubble_belt,2025-10-25,31.375,74.975,0.0003117747442731888,0
punjab_stubble_belt,2025-10-25,31.375,75.025,0.000311979828091705,0
punjab_stubble_belt,2025-10-25,31.375,75.075,0.0002962207788954306,0.0005776090945495317
punjab_stubble_belt,2025-10-25,31.375,75.125,0.0002964637699204636,0.002601444682765655
punjab_stubble_belt,2025-10-25,31.375,75.175,0.0003532058921484714,0.011235295988765348
punjab_stubble_belt,2025-10-25,31.375,75.225,0.0003312025626593777,0.0015729238372529013
punjab_stubble_belt,2025-10-25,31.375,75.275,0.00028151005216923584,0.003696350554737176
punjab_stubble_belt,2025-10-25,31.375,75.3,0.00025580363507758013,0.005428443609402153
punjab_stubble_belt,2025-10-25,31.425,74.625,0.0005170079626029423,0.07136752880583355
punjab_stubble_belt,2025-10-25,31.425,74.675,0.00047687108743196707,0.05872042775237057
punjab_stubble_belt,2025-10-25,31.425,74.725,0.0003496353723385041,0.018620266238181967
punjab_stubble_belt,2025-10-25,31.425,74.775,0.0005138212642349488,0.005907774998715056
punjab_stubble_belt,2025-10-25,31.425,74.825,0.00044646697534042964,0.0007624162948279981
punjab_stubble_belt,2025-10-25,31.425,74.875,0.00019348203290540063,0
punjab_stubble_belt,2025-10-25,31.425,74.925,2.74930052606792e-05,0
punjab_stubble_belt,2025-10-25,31.425,74.975,0.00018172035906266888,0
punjab_stubble_belt,2025-10-25,31.425,75.025,0.00022276687105310248,0
punjab_stubble_belt,2025-10-25,31.425,75.075,0.000228062565046677,0
punjab_stubble_belt,2025-10-25,31.425,75.125,0.0002080206447155806,0
punjab_stubble_belt,2025-10-25,31.425,75.175,0.00014914233386258501,0
punjab_stubble_belt,2025-10-25,31.425,75.225,0.00020870813141311563,0
punjab_stubble_belt,2025-10-25,31.425,75.275,0.0002579879017704095,7.984475081339249e-06
punjab_stubble_belt,2025-10-25,31.425,75.3,0.0002677391754292074,7.984475081339247e-06
punjab_stubble_belt,2025-10-25,31.475,74.625,0.0006159389385023314,0.06728170045111305
punjab_stubble_belt,2025-10-25,31.475,74.675,0.0005534539284696472,0.06900311752301512
punjab_stubble_belt,2025-10-25,31.475,74.725,0.0004882587669461271,0.035016921668890776
punjab_stubble_belt,2025-10-25,31.475,74.775,0.00046562704887239114,0.015595689995993329
punjab_stubble_belt,2025-10-25,31.475,74.825,0.0003658683318661075,0.004278667989973712
punjab_stubble_belt,2025-10-25,31.475,74.875,0.00021361105053579633,0
punjab_stubble_belt,2025-10-25,31.475,74.925,0.00011156568429188064,0
punjab_stubble_belt,2025-10-25,31.475,74.975,0.00014318050465749846,0
punjab_stubble_belt,2025-10-25,31.475,75.025,0.00017545921382140618,0
punjab_stubble_belt,2025-10-25,31.475,75.075,0.00019729487299364708,0
punjab_stubble_belt,2025-10-25,31.475,75.125,0.00020508343269082883,0
punjab_stubble_belt,2025-10-25,31.475,75.175,0.00019698211200080257,0
punjab_stubble_belt,2025-10-25,31.475,75.225,0.0002304205199247871,0
punjab_stubble_belt,2025-10-25,31.475,75.275,0.0002400840876013388,0
punjab_stubble_belt,2025-10-25,31.525,74.625,0.0003612531228342518,0.035189001080115884
punjab_stubble_belt,2025-10-25,31.525,74.675,0.00034768638980737214,0.05790810148117314
punjab_stubble_belt,2025-10-25,31.525,74.725,0.0006346795057339911,0.09226447617072042
punjab_stubble_belt,2025-10-25,31.525,74.775,0.0004163830612584039,0.08133712862805242
punjab_stubble_belt,2025-10-25,31.525,74.825,0.0003073321626052134,0.04591050209711741
punjab_stubble_belt,2025-10-25,31.525,74.875,0.0003068136366626669,0.003453701508394264
punjab_stubble_belt,2025-10-25,31.525,74.925,0.00018918560380580025,0
punjab_stubble_belt,2025-10-25,31.525,74.975,0.00021122344262459368,0
punjab_stubble_belt,2025-10-25,31.525,75.025,0.00021522869122310087,0
punjab_stubble_belt,2025-10-25,31.525,75.075,0.0001966812799952988,0
punjab_stubble_belt,2025-10-25,31.525,75.125,0.00017575810791258653,0
punjab_stubble_belt,2025-10-25,31.525,75.175,0.00025956316568438313,0
punjab_stubble_belt,2025-10-25,31.525,75.225,0.0002929301902811127,0
punjab_stubble_belt,2025-10-25,31.525,75.275,0.000307012838134146,0
punjab_stubble_belt,2025-10-25,31.525,75.3,0.00028098256017737203,0
punjab_stubble_belt,2025-10-25,31.575,74.625,0.0003847174868148643,0.05045043752817358
punjab_stubble_belt,2025-10-25,31.575,74.675,0.0004092892052230895,0.062041759375293284
punjab_stubble_belt,2025-10-25,31.575,74.725,0.0005142120714756983,0.09642893289021151
punjab_stubble_belt,2025-10-25,31.575,74.775,0.00037051111978095004,0.08934182362884252
punjab_stubble_belt,2025-10-25,31.575,74.825,0.00036337476962096865,0.05306166726617921
punjab_stubble_belt,2025-10-25,31.575,74.875,0.00045771376366705754,0.006228957311422995
punjab_stubble_belt,2025-10-25,31.575,74.925,0.00041354629934872413,0
punjab_stubble_belt,2025-10-25,31.575,74.975,0.00019493826228417942,0
punjab_stubble_belt,2025-10-25,31.575,75.025,0.00020174364936031424,0
punjab_stubble_belt,2025-10-25,31.575,75.075,0.00018643291987141555,0
punjab_stubble_belt,2025-10-25,31.575,75.125,0.0001468678476215078,0
punjab_stubble_belt,2025-10-25,31.575,75.175,0.0002797758207637703,0
punjab_stubble_belt,2025-10-25,31.575,75.225,0.00030697136621272867,0
punjab_stubble_belt,2025-10-25,31.575,75.275,0.00021404226831913084,0
punjab_stubble_belt,2025-10-25,31.575,75.3,0.00019250904889337654,0
punjab_stubble_belt,2025-10-25,31.625,74.625,0.00040428464938482557,0.035486008770500205
punjab_stubble_belt,2025-10-25,31.625,74.675,0.0004255995303735984,0.03850664893801579
punjab_stubble_belt,2025-10-25,31.625,74.725,0.0004220221489096634,0.057185416927560496
punjab_stubble_belt,2025-10-25,31.625,74.775,0.0003687622985611638,0.05387377639299604
punjab_stubble_belt,2025-10-25,31.625,74.825,0.0003671955881462142,0.03281558568068942
punjab_stubble_belt,2025-10-25,31.625,74.875,0.000408489406006434,0.004519996306863736
punjab_stubble_belt,2025-10-25,31.625,74.925,0.00043714864709929526,0
punjab_stubble_belt,2025-10-25,31.625,74.975,0.00023533704659539645,0
punjab_stubble_belt,2025-10-25,31.625,75.025,0.0002637332153195868,0.00216513355756274
punjab_stubble_belt,2025-10-25,31.625,75.075,0.0002496504565357221,0.0033566742293071675
punjab_stubble_belt,2025-10-25,31.625,75.125,0.0001853636603230549,0.0028477072658042914
punjab_stubble_belt,2025-10-25,31.625,75.175,0.00026576941770962043,0
punjab_stubble_belt,2025-10-25,31.625,75.225,0.00016944017548283283,0
punjab_stubble_belt,2025-10-25,31.625,75.275,0.0001536017774435039,0
punjab_stubble_belt,2025-10-25,31.625,75.3,0.00017352757015558567,0
punjab_stubble_belt,2025-10-25,31.675,74.625,0.0003812101155052414,0
punjab_stubble_belt,2025-10-25,31.675,74.675,0.00037067304135204296,0
punjab_stubble_belt,2025-10-25,31.675,74.725,0.00038496493266443153,0
punjab_stubble_belt,2025-10-25,31.675,74.775,0.00039945999176370064,0
punjab_stubble_belt,2025-10-25,31.675,74.825,0.0003360963964090906,2.8447928131761426e-05
punjab_stubble_belt,2025-10-25,31.675,74.875,0.0002448747359199704,5.943584984671583e-05
punjab_stubble_belt,2025-10-25,31.675,74.925,0.00031075148229683496,0
punjab_stubble_belt,2025-10-25,31.675,74.975,0.00034287194416412185,0
punjab_stubble_belt,2025-10-25,31.675,75.025,0.0003481850089794702,0.004723768791580274
punjab_stubble_belt,2025-10-25,31.675,75.075,0.00030910241817580226,0.007587702252810463
punjab_stubble_belt,2025-10-25,31.675,75.125,0.0002417500322801199,0.00702824443141726
punjab_stubble_belt,2025-10-25,31.675,75.175,0.00023948816632754448,0
punjab_stubble_belt,2025-10-25,31.675,75.225,-1.3447638921217647e-05,0
punjab_stubble_belt,2025-10-25,31.675,75.275,0.00014233339531395032,0.00012168908813310183
punjab_stubble_belt,2025-10-25,31.675,75.3,0.00024250387697772712,0.000695366217903439
punjab_stubble_belt,2025-10-25,31.725,74.625,0.0002647835174368234,0
punjab_stubble_belt,2025-10-25,31.725,74.675,0.00025224194347144073,0
punjab_stubble_belt,2025-10-25,31.725,74.725,0.00038339437046505177,0
punjab_stubble_belt,2025-10-25,31.725,74.775,0.00041788065811614,0
punjab_stubble_belt,2025-10-25,31.725,74.825,0.0003982346993719271,0
punjab_stubble_belt,2025-10-25,31.725,74.875,0.00034644850308559143,0
punjab_stubble_belt,2025-10-25,31.725,74.925,0.0003182561731667962,0
punjab_stubble_belt,2025-10-25,31.725,74.975,0.000534612992255128,0
punjab_stubble_belt,2025-10-25,31.725,75.025,0.00024441691542556826,0.0008748668732243814
punjab_stubble_belt,2025-10-25,31.725,75.075,8.074338339996768e-05,0.0037799120238476247
punjab_stubble_belt,2025-10-25,31.725,75.125,0.0001311964866740656,0.006860307996366519
punjab_stubble_belt,2025-10-25,31.725,75.175,0.00027210673436627703,0
punjab_stubble_belt,2025-10-25,31.725,75.225,0.0001348495031337796,0
punjab_stubble_belt,2025-10-25,31.725,75.275,0.00016786009006688752,0.0008378946973494855
punjab_stubble_belt,2025-10-25,31.775,74.625,0.000302133945902566,0
punjab_stubble_belt,2025-10-25,31.775,74.675,0.0003364233744151368,0
punjab_stubble_belt,2025-10-25,31.775,74.725,0.00026123307456366393,0
punjab_stubble_belt,2025-10-25,31.775,74.775,0.00024402580269666492,0
punjab_stubble_belt,2025-10-25,31.775,74.825,0.0002683949813219856,0
punjab_stubble_belt,2025-10-25,31.775,74.875,0.00030138137867673134,0
punjab_stubble_belt,2025-10-25,31.775,74.925,0.00025321710668304887,0
punjab_stubble_belt,2025-10-25,31.775,74.975,0.00012476292164751844,0
punjab_stubble_belt,2025-10-25,31.775,75.025,0.00015008156995835917,9.493806571570953e-05
punjab_stubble_belt,2025-10-25,31.775,75.075,0.00019728510414088063,0.00038036850554441505
punjab_stubble_belt,2025-10-25,31.775,75.125,0.00024237876216584868,0.0007246804221513928
punjab_stubble_belt,2025-10-25,31.775,75.175,0.00029452950346601044,0
punjab_stubble_belt,2025-10-25,31.775,75.225,0.00019777406529641824,0
punjab_stubble_belt,2025-10-25,31.775,75.275,0.0002689659771175189,0.003407847487250164
punjab_stubble_belt,2025-10-25,31.775,75.3,0.0002711907729970269,0.0037490919282595165
punjab_stubble_belt,2025-10-25,31.825,74.625,0.0004445768997124004,0
punjab_stubble_belt,2025-10-25,31.825,74.675,0.0004049213953351412,0
punjab_stubble_belt,2025-10-25,31.825,74.725,0.0003870511545062874,0
punjab_stubble_belt,2025-10-25,31.825,74.775,0.00026065521197479784,0
punjab_stubble_belt,2025-10-25,31.825,74.825,0.00025379576832383155,0
punjab_stubble_belt,2025-10-25,31.825,74.875,0.00033916435024994676,0
punjab_stubble_belt,2025-10-25,31.825,74.925,0.00035828783091627003,0
punjab_stubble_belt,2025-10-25,31.825,74.975,0.0002395126360105479,0
punjab_stubble_belt,2025-10-25,31.825,75.025,0.0001589782898269712,0
punjab_stubble_belt,2025-10-25,31.825,75.075,0.00013488433932462023,0
punjab_stubble_belt,2025-10-25,31.825,75.125,0.0001761592265801501,0
punjab_stubble_belt,2025-10-25,31.825,75.175,0.00031407380107018333,0
punjab_stubble_belt,2025-10-25,31.825,75.225,0.0002069540028090718,0
punjab_stubble_belt,2025-10-25,31.825,75.275,0.0002252127462592131,0.0034301082577791672
punjab_stubble_belt,2025-10-25,31.825,75.3,0.00026752736106363633,0.005771974999388554
punjab_stubble_belt,2025-10-25,31.875,74.625,0.0005456012360441921,0
punjab_stubble_belt,2025-10-25,31.875,74.675,0.0005116277216140085,0
punjab_stubble_belt,2025-10-25,31.875,74.725,0.00037238549841399,0
punjab_stubble_belt,2025-10-25,31.875,74.775,0.0002598732830191787,0
punjab_stubble_belt,2025-10-25,31.875,74.825,0.0002654981872558324,0
punjab_stubble_belt,2025-10-25,31.875,74.875,0.0003658272026331982,0
punjab_stubble_belt,2025-10-25,31.875,74.925,0.00047241922056394446,0
punjab_stubble_belt,2025-10-25,31.875,74.975,0.00034737811598047145,0
punjab_stubble_belt,2025-10-25,31.875,75.025,0.0001983440704293439,0
punjab_stubble_belt,2025-10-25,31.875,75.075,0.00010682874432952907,0
punjab_stubble_belt,2025-10-25,31.875,75.125,0.00010163271753736587,0
punjab_stubble_belt,2025-10-25,31.875,75.175,0.00025523853003001724,0
punjab_stubble_belt,2025-10-25,31.875,75.225,0.00025732089283730106,0
punjab_stubble_belt,2025-10-25,31.875,75.275,0.00024050130884208557,0.0020386869667743577
punjab_stubble_belt,2025-10-25,31.875,75.3,0.00024039930781293202,0.0027182492890324766
punjab_stubble_belt,2025-10-26,31.325,74.625,0.0003993289523566186,0.00022665993024960517
punjab_stubble_belt,2025-10-26,31.325,74.675,0.000351956716683846,0.0013796691406497707
punjab_stubble_belt,2025-10-26,31.325,74.725,0.0003806754578464555,8.55320491507944e-05
punjab_stubble_belt,2025-10-26,31.325,74.775,0.00036053513621532975,0
punjab_stubble_belt,2025-10-26,31.325,74.825,0.00037552262587987005,0.003579026692406223
punjab_stubble_belt,2025-10-26,31.325,74.875,0.00039433111339825096,0.017383277255239943
punjab_stubble_belt,2025-10-26,31.325,74.925,0.00027666700823992846,0.06845196015155772
punjab_stubble_belt,2025-10-26,31.325,74.975,0.00033873334422317495,0.07002730710181101
punjab_stubble_belt,2025-10-26,31.325,75.025,0.0003836104987954401,0.06668729782800623
punjab_stubble_belt,2025-10-26,31.325,75.075,0.00041350701325571746,0.0686697041016623
punjab_stubble_belt,2025-10-26,31.325,75.125,0.0004203728463441295,0.07862066964167301
punjab_stubble_belt,2025-10-26,31.325,75.175,0.00036275560747704944,0.10388519593606912
punjab_stubble_belt,2025-10-26,31.325,75.225,0.0003721457225019133,0.11385964705498096
punjab_stubble_belt,2025-10-26,31.325,75.275,0.00037235574319818176,0.10830298145860766
punjab_stubble_belt,2025-10-26,31.325,75.3,0.00036894342336789916,0.10577249043164237
punjab_stubble_belt,2025-10-26,31.375,74.625,0.0003197514179542687,0
punjab_stubble_belt,2025-10-26,31.375,74.675,0.0002890559633031424,0
punjab_stubble_belt,2025-10-26,31.375,74.725,0.0002878690667748471,0
punjab_stubble_belt,2025-10-26,31.375,74.775,0.00034736161055473315,0
punjab_stubble_belt,2025-10-26,31.375,74.825,0.00037814180111137317,0.007958376919433201
punjab_stubble_belt,2025-10-26,31.375,74.875,0.0003691702504807893,0.02674802047858954
punjab_stubble_belt,2025-10-26,31.375,74.925,0.0003102144779240774,0.06830882116714856
punjab_stubble_belt,2025-10-26,31.375,74.975,0.00029421606401377055,0.06434340614064853
punjab_stubble_belt,2025-10-26,31.375,75.025,0.000275404096731506,0.04803692089335866
punjab_stubble_belt,2025-10-26,31.375,75.075,0.00030722506815716665,0.04303513306325755
punjab_stubble_belt,2025-10-26,31.375,75.125,0.00038244276886274136,0.055277917446136166
punjab_stubble_belt,2025-10-26,31.375,75.175,0.00041241788298101507,0.09566201216880546
punjab_stubble_belt,2025-10-26,31.375,75.225,0.00032135468174929963,0.09948775139675822
punjab_stubble_belt,2025-10-26,31.375,75.275,0.0003633152105029282,0.07973170905353953
punjab_stubble_belt,2025-10-26,31.375,75.3,0.00040402361561004026,0.061336371524032804
punjab_stubble_belt,2025-10-26,31.425,74.625,0.00023598627944789114,0
punjab_stubble_belt,2025-10-26,31.425,74.675,0.0002685470752470384,0
punjab_stubble_belt,2025-10-26,31.425,74.725,0.0002537127578642016,0
punjab_stubble_belt,2025-10-26,31.425,74.775,0.0003367538743987934,0
punjab_stubble_belt,2025-10-26,31.425,74.825,0.00036089009761173705,0.012001153242191472
punjab_stubble_belt,2025-10-26,31.425,74.875,0.0003353586708607322,0.035085328447730345
punjab_stubble_belt,2025-10-26,31.425,74.925,0.0003361325279113998,0.06901366430280897
punjab_stubble_belt,2025-10-26,31.425,74.975,0.0002874291542813641,0.05756367398202901
punjab_stubble_belt,2025-10-26,31.425,75.025,0.00020602612249188135,0.025369295262845024
punjab_stubble_belt,2025-10-26,31.425,75.075,0.00023039565662789737,0.011758139022839982
punjab_stubble_belt,2025-10-26,31.425,75.125,0.0003562977583579771,0.026129688734404962
punjab_stubble_belt,2025-10-26,31.425,75.175,0.0004560092672699448,0.08713111403073684
punjab_stubble_belt,2025-10-26,31.425,75.225,0.0003385152090551297,0.08560697474627701
punjab_stubble_belt,2025-10-26,31.425,75.275,0.0003766159759569199,0.0479579494413146
punjab_stubble_belt,2025-10-26,31.425,75.3,0.00037931849534822014,0.026338339588496525
punjab_stubble_belt,2025-10-26,31.475,74.625,0.00017947298562668226,0
punjab_stubble_belt,2025-10-26,31.475,74.675,0.00023616706482364893,0
punjab_stubble_belt,2025-10-26,31.475,74.725,0.000259564128368731,0
punjab_stubble_belt,2025-10-26,31.475,74.775,0.00033612458942707305,0
punjab_stubble_belt,2025-10-26,31.475,74.825,0.00036636891674207624,0.003267197083332435
punjab_stubble_belt,2025-10-26,31.475,74.875,0.0003559241447060897,0.01697582466720683
punjab_stubble_belt,2025-10-26,31.475,74.925,0.00035904953549991325,0.06768425581747176
punjab_stubble_belt,2025-10-26,31.475,74.975,0.0003917510452275138,0.05546161833240843
punjab_stubble_belt,2025-10-26,31.475,75.025,0.0003826142008224078,0.021401373095563513
punjab_stubble_belt,2025-10-26,31.475,75.075,0.00039944429686067346,0.005222331570959873
punjab_stubble_belt,2025-10-26,31.475,75.125,0.0004326368410650064,0.01783919235056482
punjab_stubble_belt,2025-10-26,31.475,75.175,0.00037742255541858556,0.07865369788388835
punjab_stubble_belt,2025-10-26,31.475,75.225,0.0004956300015348081,0.08277502318469504
punjab_stubble_belt,2025-10-26,31.475,75.275,0.00040137151916133407,0.051514260900308494
punjab_stubble_belt,2025-10-26,31.525,74.625,0.00020867738817255074,0
punjab_stubble_belt,2025-10-26,31.525,74.675,0.0002876349266642799,0
punjab_stubble_belt,2025-10-26,31.525,74.725,6.23412068232893e-05,0
punjab_stubble_belt,2025-10-26,31.525,74.775,0.00016418592029137974,0
punjab_stubble_belt,2025-10-26,31.525,74.825,0.0002245653414900695,0.0002528936203925587
punjab_stubble_belt,2025-10-26,31.525,74.875,0.0002249417191572971,0.001088452897759422
punjab_stubble_belt,2025-10-26,31.525,74.925,0.00022983238617772922,0.006073478034870279
punjab_stubble_belt,2025-10-26,31.525,74.975,0.00016401005415740984,0.010953180071939532
punjab_stubble_belt,2025-10-26,31.525,75.025,0.00019506047973653654,0.004220235103607568
punjab_stubble_belt,2025-10-26,31.525,75.075,0.00023383361901361526,0.0003534356597150164
punjab_stubble_belt,2025-10-26,31.525,75.125,0.00028471814440334924,0.005928834541158791
punjab_stubble_belt,2025-10-26,31.525,75.175,0.00044399815175370013,0.0474123949412451
punjab_stubble_belt,2025-10-26,31.525,75.225,0.00037218279392484084,0.06505869710572423
punjab_stubble_belt,2025-10-26,31.525,75.275,0.0004440412231549971,0.05842878950119839
punjab_stubble_belt,2025-10-26,31.525,75.3,0.0004195833064817051,0.042110355059804094
punjab_stubble_belt,2025-10-26,31.575,74.625,0.00021926124782778786,0
punjab_stubble_belt,2025-10-26,31.575,74.675,0.00037707444510373157,0
punjab_stubble_belt,2025-10-26,31.575,74.725,0.0001928264960948454,0
punjab_stubble_belt,2025-10-26,31.575,74.775,0.00020867151013618528,0
punjab_stubble_belt,2025-10-26,31.575,74.825,0.00018433910070785175,0
punjab_stubble_belt,2025-10-26,31.575,74.875,0.00015779288011266775,5.5231612423845496e-05
punjab_stubble_belt,2025-10-26,31.575,74.925,0.0003380363809716053,0.0003728133838609571
punjab_stubble_belt,2025-10-26,31.575,74.975,0.00018593428314054184,0.0024885494578192786
punjab_stubble_belt,2025-10-26,31.575,75.025,0.000170312537141156,0.0009651447881600522
punjab_stubble_belt,2025-10-26,31.575,75.075,0.00023824221399803148,0
punjab_stubble_belt,2025-10-26,31.575,75.125,0.00035490199253252754,0.005081068333188251
punjab_stubble_belt,2025-10-26,31.575,75.175,0.0003907409262255708,0.04488281234660618
punjab_stubble_belt,2025-10-26,31.575,75.225,0.0003443738197825347,0.05967851389734695
punjab_stubble_belt,2025-10-26,31.575,75.275,0.00030799448287053985,0.05214688651499574
punjab_stubble_belt,2025-10-26,31.575,75.3,0.0003446321381000031,0.047735640914589206
punjab_stubble_belt,2025-10-26,31.625,74.625,0.00023843891242061142,0
punjab_stubble_belt,2025-10-26,31.625,74.675,0.000328191009403123,0
punjab_stubble_belt,2025-10-26,31.625,74.725,0.00018034474676271843,0
punjab_stubble_belt,2025-10-26,31.625,74.775,0.00024650004479199105,0
punjab_stubble_belt,2025-10-26,31.625,74.825,0.00023206896230031058,0
punjab_stubble_belt,2025-10-26,31.625,74.875,0.00017086682886160483,0
punjab_stubble_belt,2025-10-26,31.625,74.925,0.0002758485376300994,0
punjab_stubble_belt,2025-10-26,31.625,74.975,0.00012899528245438933,0
punjab_stubble_belt,2025-10-26,31.625,75.025,0.00013813422734038912,0
punjab_stubble_belt,2025-10-26,31.625,75.075,0.00022583503562488913,0
punjab_stubble_belt,2025-10-26,31.625,75.125,0.00035105888291634465,0.004641879882423253
punjab_stubble_belt,2025-10-26,31.625,75.175,0.00039495586927217497,0.0408555108379115
punjab_stubble_belt,2025-10-26,31.625,75.225,0.00039816635404927,0.05723798069608427
punjab_stubble_belt,2025-10-26,31.625,75.275,0.00037306563561307634,0.04101928660806283
punjab_stubble_belt,2025-10-26,31.625,75.3,0.0003973087136372695,0.02540233172886264
punjab_stubble_belt,2025-10-26,31.675,74.625,0.0002503010640503358,0
punjab_stubble_belt,2025-10-26,31.675,74.675,0.0002103614622591342,0
punjab_stubble_belt,2025-10-26,31.675,74.725,8.516254434161917e-05,0
punjab_stubble_belt,2025-10-26,31.675,74.775,0.00026916666639491006,0
punjab_stubble_belt,2025-10-26,31.675,74.825,0.00032451308779120867,0
punjab_stubble_belt,2025-10-26,31.675,74.875,0.00024296794612579934,0
punjab_stubble_belt,2025-10-26,31.675,74.925,0.00013187714511698725,0
punjab_stubble_belt,2025-10-26,31.675,74.975,5.903930973381977e-05,0
punjab_stubble_belt,2025-10-26,31.675,75.025,0.0001349742454282559,0
punjab_stubble_belt,2025-10-26,31.675,75.075,0.00022009451851240212,0
punjab_stubble_belt,2025-10-26,31.675,75.125,0.0002965393229076573,0.00349175620612265
punjab_stubble_belt,2025-10-26,31.675,75.175,0.0004318070769914895,0.029712459642161685
punjab_stubble_belt,2025-10-26,31.675,75.225,0.00047873572708597096,0.05092456747828043
punjab_stubble_belt,2025-10-26,31.675,75.275,0.0005486121911456417,0.028876169576810714
punjab_stubble_belt,2025-10-26,31.675,75.3,0.0005188423175393324,0.020367307587620852
punjab_stubble_belt,2025-10-26,31.725,74.625,0.00019497015982014907,0
punjab_stubble_belt,2025-10-26,31.725,74.675,0.00031278530318685783,0
punjab_stubble_belt,2025-10-26,31.725,74.725,0.00026885580205466273,0
punjab_stubble_belt,2025-10-26,31.725,74.775,0.00032539630754408854,0
punjab_stubble_belt,2025-10-26,31.725,74.825,0.0003307183877110368,0
punjab_stubble_belt,2025-10-26,31.725,74.875,0.00030053573693106727,0
punjab_stubble_belt,2025-10-26,31.725,74.925,0.00033899451526456616,0
punjab_stubble_belt,2025-10-26,31.725,74.975,0.0003228287789734027,0
punjab_stubble_belt,2025-10-26,31.725,75.025,0.00034947835087509077,0
punjab_stubble_belt,2025-10-26,31.725,75.075,0.000364847666661079,0
punjab_stubble_belt,2025-10-26,31.725,75.125,0.0003622576760286497,0
punjab_stubble_belt,2025-10-26,31.725,75.175,0.000357219771632848,0
punjab_stubble_belt,2025-10-26,31.725,75.225,0.0004134948127039966,0.01596798970856879
punjab_stubble_belt,2025-10-26,31.725,75.275,0.0004209553473082437,0.026414020990121228
punjab_stubble_belt,2025-10-26,31.775,74.625,0.00029482570652664407,0
punjab_stubble_belt,2025-10-26,31.775,74.675,0.0001840551623245556,0
punjab_stubble_belt,2025-10-26,31.775,74.725,0.00031273467116712275,0
punjab_stubble_belt,2025-10-26,31.775,74.775,0.0003020437861867285,0
punjab_stubble_belt,2025-10-26,31.775,74.825,0.00029065055571684276,0
punjab_stubble_belt,2025-10-26,31.775,74.875,0.00029153881010577395,0
punjab_stubble_belt,2025-10-26,31.775,74.925,0.00030081656807163316,0
punjab_stubble_belt,2025-10-26,31.775,74.975,0.0003929846791576372,0
punjab_stubble_belt,2025-10-26,31.775,75.025,0.00040341430278340447,0
punjab_stubble_belt,2025-10-26,31.775,75.075,0.0003666605237080774,0
punjab_stubble_belt,2025-10-26,31.775,75.125,0.00030707913226250686,0
punjab_stubble_belt,2025-10-26,31.775,75.175,0.00031432358012495906,0
punjab_stubble_belt,2025-10-26,31.775,75.225,0.0001903438148014981,0.0017231643570397974
punjab_stubble_belt,2025-10-26,31.775,75.275,0.00016583325430204513,0.006100896284465672
punjab_stubble_belt,2025-10-26,31.775,75.3,0.0002777939528384152,0.018973304876043873
punjab_stubble_belt,2025-10-26,31.825,74.625,0.0003731788742072089,0
punjab_stubble_belt,2025-10-26,31.825,74.675,0.00027906660110233795,0
punjab_stubble_belt,2025-10-26,31.825,74.725,0.00024317793342905564,0
punjab_stubble_belt,2025-10-26,31.825,74.775,0.00021581463394838057,0
punjab_stubble_belt,2025-10-26,31.825,74.825,0.00022939703164638362,0
punjab_stubble_belt,2025-10-26,31.825,74.875,0.00024510251733666886,0
punjab_stubble_belt,2025-10-26,31.825,74.925,0.00012815635638025813,0
punjab_stubble_belt,2025-10-26,31.825,74.975,0.00018530854918109908,0
punjab_stubble_belt,2025-10-26,31.825,75.025,0.00022732488188498815,0
punjab_stubble_belt,2025-10-26,31.825,75.075,0.00020902808114812345,0
punjab_stubble_belt,2025-10-26,31.825,75.125,0.00015614314269283715,0
punjab_stubble_belt,2025-10-26,31.825,75.175,0.00025381446700146765,0
punjab_stubble_belt,2025-10-26,31.825,75.225,0.00028820831752740083,0
punjab_stubble_belt,2025-10-26,31.825,75.275,0.00027338752016709624,0.001388523508862971
punjab_stubble_belt,2025-10-26,31.825,75.3,0.00023330709572013568,0.0031539319701316053
punjab_stubble_belt,2025-10-26,31.875,74.625,0.00041456623981435295,0
punjab_stubble_belt,2025-10-26,31.875,74.675,0.0004049997752220798,0
punjab_stubble_belt,2025-10-26,31.875,74.725,0.0002314561369866868,0
punjab_stubble_belt,2025-10-26,31.875,74.775,0.00020196481803499118,0
punjab_stubble_belt,2025-10-26,31.875,74.825,0.0002300853299783031,0
punjab_stubble_belt,2025-10-26,31.875,74.875,0.00025974352276775806,0
punjab_stubble_belt,2025-10-26,31.875,74.925,0.00012616347265763565,0
punjab_stubble_belt,2025-10-26,31.875,74.975,6.950831715273785e-05,0
punjab_stubble_belt,2025-10-26,31.875,75.025,0.00013492361318245843,0
punjab_stubble_belt,2025-10-26,31.875,75.075,0.00018030150752713122,0
punjab_stubble_belt,2025-10-26,31.875,75.125,0.00019861367862526443,0
punjab_stubble_belt,2025-10-26,31.875,75.175,0.00026064827003617933,0
punjab_stubble_belt,2025-10-26,31.875,75.225,0.0004140095239879408,0
punjab_stubble_belt,2025-10-26,31.875,75.275,0.00031104770394485163,0
punjab_stubble_belt,2025-10-26,31.875,75.3,0.00019123984943738805,0
punjab_stubble_belt,2025-10-27,31.325,74.625,0.00019318628154511145,0.1440947866500572
punjab_stubble_belt,2025-10-27,31.325,74.675,0.00019180723888275966,0.14317223713231678
punjab_stubble_belt,2025-10-27,31.325,74.725,-2.5291742103040235e-05,0.12891315036313378
punjab_stubble_belt,2025-10-27,31.325,74.775,-5.8891968014849244e-05,0.12539850839772612
punjab_stubble_belt,2025-10-27,31.325,74.825,0.00012590821631593447,0.11483887954121488
punjab_stubble_belt,2025-10-27,31.325,74.875,0.00039299565145638996,0.09953513213989089
punjab_stubble_belt,2025-10-27,31.325,74.925,0.0003002694494846587,0.09001496394476084
punjab_stubble_belt,2025-10-27,31.325,74.975,0.00022619425463775225,0.08235297291324911
punjab_stubble_belt,2025-10-27,31.325,75.025,0.00017931399169898138,0.08525165958123662
punjab_stubble_belt,2025-10-27,31.325,75.075,0.0002006573039517771,0.09115617919108555
punjab_stubble_belt,2025-10-27,31.325,75.125,0.00028882403220029123,0.09538953097505809
punjab_stubble_belt,2025-10-27,31.325,75.175,0.00040783039807714913,0.07902760896793977
punjab_stubble_belt,2025-10-27,31.325,75.225,0.00036519556113638195,0.05860418600184029
punjab_stubble_belt,2025-10-27,31.325,75.275,0.00033153543326405104,0.038580614095475106
punjab_stubble_belt,2025-10-27,31.325,75.3,0.0003028233939247316,0.03910871027409437
punjab_stubble_belt,2025-10-27,31.375,74.625,0.0002153935560090442,0.12616719082768157
punjab_stubble_belt,2025-10-27,31.375,74.675,0.0002032732863573909,0.12453491312721769
punjab_stubble_belt,2025-10-27,31.375,74.725,0.00014029889165620662,0.11853053499584086
punjab_stubble_belt,2025-10-27,31.375,74.775,0.00011789589876849296,0.11237881223516095
punjab_stubble_belt,2025-10-27,31.375,74.825,0.00021075026419159452,0.09909123593813322
punjab_stubble_belt,2025-10-27,31.375,74.875,0.00034073311768496173,0.08198092343070802
punjab_stubble_belt,2025-10-27,31.375,74.925,0.0002309994260987555,0.07271286669057143
punjab_stubble_belt,2025-10-27,31.375,74.975,0.00026659790456085025,0.06948016939624846
punjab_stubble_belt,2025-10-27,31.375,75.025,0.00023396492559241884,0.07278092680134068
punjab_stubble_belt,2025-10-27,31.375,75.075,0.00025170243070163324,0.07820041377268379
punjab_stubble_belt,2025-10-27,31.375,75.125,0.00031733512610999286,0.08322369483576159
punjab_stubble_belt,2025-10-27,31.375,75.175,0.0003272542346627254,0.07767562047793024
punjab_stubble_belt,2025-10-27,31.375,75.225,0.0003441071422477973,0.0579643903863486
punjab_stubble_belt,2025-10-27,31.375,75.275,0.00032650979717043036,0.029277259135189776
punjab_stubble_belt,2025-10-27,31.375,75.3,0.00031083461602597964,0.012464024158502172
punjab_stubble_belt,2025-10-27,31.425,74.625,0.00023005472393680567,0.10828983655120489
punjab_stubble_belt,2025-10-27,31.425,74.675,0.00021638865998035382,0.10805424854203582
punjab_stubble_belt,2025-10-27,31.425,74.725,0.0003433049882021341,0.10934630150976675
punjab_stubble_belt,2025-10-27,31.425,74.775,0.0003323804536559671,0.09900665218404549
punjab_stubble_belt,2025-10-27,31.425,74.825,0.0003236322939368433,0.08398297623404391
punjab_stubble_belt,2025-10-27,31.425,74.875,0.0003046375821037872,0.06774972507079477
punjab_stubble_belt,2025-10-27,31.425,74.925,0.0001667440112290711,0.056479949703128696
punjab_stubble_belt,2025-10-27,31.425,74.975,0.00020672391943991179,0.05554431205651344
punjab_stubble_belt,2025-10-27,31.425,75.025,0.00029738663103932037,0.059782599913071104
punjab_stubble_belt,2025-10-27,31.425,75.075,0.0003590712689035866,0.06439528576668206
punjab_stubble_belt,2025-10-27,31.425,75.125,0.00036098174733393656,0.06857490847787542
punjab_stubble_belt,2025-10-27,31.425,75.175,0.00021539410039036485,0.07267077781112098
punjab_stubble_belt,2025-10-27,31.425,75.225,0.00028747734499854895,0.06280597610118062
punjab_stubble_belt,2025-10-27,31.425,75.275,0.00028393460677347387,0.032851482858493895
punjab_stubble_belt,2025-10-27,31.425,75.3,0.00024216047940854642,0.01315104665209546
punjab_stubble_belt,2025-10-27,31.475,74.625,0.00028227226963396015,0.09783498141851377
punjab_stubble_belt,2025-10-27,31.475,74.675,0.000284020177225967,0.10186556174598912
punjab_stubble_belt,2025-10-27,31.475,74.725,0.00030851468327136193,0.0989219538824003
punjab_stubble_belt,2025-10-27,31.475,74.775,0.0002282815473100853,0.09233587820157713
punjab_stubble_belt,2025-10-27,31.475,74.825,0.00029980295188711546,0.0809292466086418
punjab_stubble_belt,2025-10-27,31.475,74.875,0.0004263593456547141,0.06692816268720875
punjab_stubble_belt,2025-10-27,31.475,74.925,0.00019603711206763757,0.05615835637665765
punjab_stubble_belt,2025-10-27,31.475,74.975,0.00029801665725121885,0.05027478717764491
punjab_stubble_belt,2025-10-27,31.475,75.025,0.00042984090700225284,0.05341414132092446
punjab_stubble_belt,2025-10-27,31.475,75.075,0.00044695001340578315,0.057969496473655756
punjab_stubble_belt,2025-10-27,31.475,75.125,0.00033505087680123626,0.06205881907274408
punjab_stubble_belt,2025-10-27,31.475,75.175,0.00014869222390981185,0.06350262077068948
punjab_stubble_belt,2025-10-27,31.475,75.225,0.0001753093598944759,0.06047130004352499
punjab_stubble_belt,2025-10-27,31.475,75.275,0.000187520652190207,0.030596865518273307
punjab_stubble_belt,2025-10-27,31.525,74.625,0.00010344540121964724,0.08488061636081712
punjab_stubble_belt,2025-10-27,31.525,74.675,0.0002504820591370556,0.08563374613610794
punjab_stubble_belt,2025-10-27,31.525,74.725,0.00018692383132768025,0.09983590535484053
punjab_stubble_belt,2025-10-27,31.525,74.775,0.00020243399787945544,0.1022745521093468
punjab_stubble_belt,2025-10-27,31.525,74.825,0.00030933396656779066,0.09418400543086812
punjab_stubble_belt,2025-10-27,31.525,74.875,0.00045043198351535753,0.0787037961265101
punjab_stubble_belt,2025-10-27,31.525,74.925,0.00044082515233089057,0.062352276883648985
punjab_stubble_belt,2025-10-27,31.525,74.975,0.0002973492128554542,0.04572340634176062
punjab_stubble_belt,2025-10-27,31.525,75.025,0.000310189850660577,0.02073214493518507
punjab_stubble_belt,2025-10-27,31.525,75.075,0.00020865761896659652,0.018557123771831822
punjab_stubble_belt,2025-10-27,31.525,75.125,3.862733521670018e-05,0.0391361063571813
punjab_stubble_belt,2025-10-27,31.525,75.175,0.00020789104166847683,0.05074624743936762
punjab_stubble_belt,2025-10-27,31.525,75.225,0.00022657612769484464,0.03158463068796333
punjab_stubble_belt,2025-10-27,31.525,75.275,0.0001991586626021047,0.012671613030727617
punjab_stubble_belt,2025-10-27,31.525,75.3,0.00018555129893186478,0.006154122338705448
punjab_stubble_belt,2025-10-27,31.575,74.625,0.00015946592227838693,0.0826393835311797
punjab_stubble_belt,2025-10-27,31.575,74.675,0.00022637400696738554,0.08104369207863013
punjab_stubble_belt,2025-10-27,31.575,74.725,0.00019815477292793043,0.09271596187248979
punjab_stubble_belt,2025-10-27,31.575,74.775,0.00023442612659290153,0.09568031938858537
punjab_stubble_belt,2025-10-27,31.575,74.825,0.0003213518940318911,0.09326420747003374
punjab_stubble_belt,2025-10-27,31.575,74.875,0.00040253729640254786,0.08437620967416842
punjab_stubble_belt,2025-10-27,31.575,74.925,0.0003036588849277974,0.06232786641388715
punjab_stubble_belt,2025-10-27,31.575,74.975,0.0003370964976957325,0.05071456585613406
punjab_stubble_belt,2025-10-27,31.575,75.025,0.00032323886286864383,0.028232661576394043
punjab_stubble_belt,2025-10-27,31.575,75.075,0.00021793726838227476,0.02310142268506408
punjab_stubble_belt,2025-10-27,31.575,75.125,7.603782169592291e-05,0.036200363045758514
punjab_stubble_belt,2025-10-27,31.575,75.175,0.0001983368908341081,0.04879598234654417
punjab_stubble_belt,2025-10-27,31.575,75.225,0.00026845571587045283,0.02280188051708387
punjab_stubble_belt,2025-10-27,31.575,75.275,0.00018852988816381923,0.007690107294276316
punjab_stubble_belt,2025-10-27,31.575,75.3,0.00014137995936589867,0.0005528960600550143
punjab_stubble_belt,2025-10-27,31.625,74.625,0.0002586970657988142,0.08290805499567955
punjab_stubble_belt,2025-10-27,31.625,74.675,0.0002624876926346211,0.08032382525121796
punjab_stubble_belt,2025-10-27,31.625,74.725,0.00027006888885207803,0.08255769436717234
punjab_stubble_belt,2025-10-27,31.625,74.775,0.0002915748066122523,0.08408329405306667
punjab_stubble_belt,2025-10-27,31.625,74.825,0.0003092328413619563,0.08406994702392007
punjab_stubble_belt,2025-10-27,31.625,74.875,0.00030125622899071416,0.079815099542082
punjab_stubble_belt,2025-10-27,31.625,74.925,0.00019707592561228425,0.06132560222968491
punjab_stubble_belt,2025-10-27,31.625,74.975,0.00039635564829610477,0.05195878933718893
punjab_stubble_belt,2025-10-27,31.625,75.025,0.0003564025089005546,0.03971089730706002
punjab_stubble_belt,2025-10-27,31.625,75.075,0.00027722973776071394,0.03344794780703236
punjab_stubble_belt,2025-10-27,31.625,75.125,0.0002118878175673187,0.03391840298112531
punjab_stubble_belt,2025-10-27,31.625,75.175,0.00024026469891053181,0.03544578694757048
punjab_stubble_belt,2025-10-27,31.625,75.225,0.00031996608113398276,0.01712198086168516
punjab_stubble_belt,2025-10-27,31.625,75.275,0.0001954242275361654,0.005690832228056737
punjab_stubble_belt,2025-10-27,31.625,75.3,0.00010386101555747122,0
punjab_stubble_belt,2025-10-27,31.675,74.625,0.00033973299455353846,0.08576751180178874
punjab_stubble_belt,2025-10-27,31.675,74.675,0.00031808709305185294,0.08223125118268401
punjab_stubble_belt,2025-10-27,31.675,74.725,0.00033256931624570655,0.07279876096530229
punjab_stubble_belt,2025-10-27,31.675,74.775,0.0003256088307722356,0.07224534105500466
punjab_stubble_belt,2025-10-27,31.675,74.825,0.0002713018725423418,0.07118458308855549
punjab_stubble_belt,2025-10-27,31.675,74.875,0.00019947570795011467,0.06756548890939186
punjab_stubble_belt,2025-10-27,31.675,74.925,0.00020702018580331637,0.055459056965910164
punjab_stubble_belt,2025-10-27,31.675,74.975,0.00046976001806032234,0.04458681189063601
punjab_stubble_belt,2025-10-27,31.675,75.025,0.00038645853890439827,0.043363276004011464
punjab_stubble_belt,2025-10-27,31.675,75.075,0.0003350236981460575,0.037938262862264954
punjab_stubble_belt,2025-10-27,31.675,75.125,0.00034928444988225276,0.027698734429120214
punjab_stubble_belt,2025-10-27,31.675,75.175,0.000282818598304413,0.013969298972690876
punjab_stubble_belt,2025-10-27,31.675,75.225,0.00034629902830148214,0.01146999162271965
punjab_stubble_belt,2025-10-27,31.675,75.275,0.00023401961170601963,0.004356855075419816
punjab_stubble_belt,2025-10-27,31.675,75.3,0.0002810751663857681,0
punjab_stubble_belt,2025-10-27,31.725,74.625,0.0002595036409626945,0.09514518777535197
punjab_stubble_belt,2025-10-27,31.725,74.675,0.00023991878106012566,0.08522093775104264
punjab_stubble_belt,2025-10-27,31.725,74.725,0.00017011984391344058,0.07218477670698702
punjab_stubble_belt,2025-10-27,31.725,74.775,0.00018038225397593767,0.0701316105845939
punjab_stubble_belt,2025-10-27,31.725,74.825,0.00021089947304318523,0.06647194561265249
punjab_stubble_belt,2025-10-27,31.725,74.875,0.0002815087532279015,0.05680298371730295
punjab_stubble_belt,2025-10-27,31.725,74.925,0.0004948685197821765,0.028194406365984928
punjab_stubble_belt,2025-10-27,31.725,74.975,0.0005628085868503123,0.01524572078635923
punjab_stubble_belt,2025-10-27,31.725,75.025,0.0003876205111840448,0.01121236917028805
punjab_stubble_belt,2025-10-27,31.725,75.075,0.0002736192439241966,0.009063569776247952
punjab_stubble_belt,2025-10-27,31.725,75.125,0.00024266444239211008,0.006964956252501382
punjab_stubble_belt,2025-10-27,31.725,75.175,0.00011131047389761892,0
punjab_stubble_belt,2025-10-27,31.725,75.225,0.00021534120257631618,0
punjab_stubble_belt,2025-10-27,31.725,75.275,0.0003686169504837349,0
punjab_stubble_belt,2025-10-27,31.775,74.625,0.00018283973147227808,0.09513081322303561
punjab_stubble_belt,2025-10-27,31.775,74.675,7.315914157527533e-05,0.0867564543277303
punjab_stubble_belt,2025-10-27,31.775,74.725,0.0002141830537797507,0.07326031897912827
punjab_stubble_belt,2025-10-27,31.775,74.775,0.0002584893162007277,0.06925938275344665
punjab_stubble_belt,2025-10-27,31.775,74.825,0.0003343777900494475,0.0632292697949126
punjab_stubble_belt,2025-10-27,31.775,74.875,0.00042838944109974467,0.05068929428935251
punjab_stubble_belt,2025-10-27,31.775,74.925,0.0004588378251940897,0.016474211896639196
punjab_stubble_belt,2025-10-27,31.775,74.975,0.0004940005984259349,0.010944512684252498
punjab_stubble_belt,2025-10-27,31.775,75.025,0.00036976339801752676,0.004435302060419589
punjab_stubble_belt,2025-10-27,31.775,75.075,0.0002719916334574644,0.0009120573359746369
punjab_stubble_belt,2025-10-27,31.775,75.125,0.00021340086428402885,0.0007357348154050755
punjab_stubble_belt,2025-10-27,31.775,75.175,8.197456688081692e-05,0
punjab_stubble_belt,2025-10-27,31.775,75.225,0.00022144253389751295,0
punjab_stubble_belt,2025-10-27,31.775,75.275,0.00019611940402136527,0
punjab_stubble_belt,2025-10-27,31.775,75.3,0.0002951508455347113,0
punjab_stubble_belt,2025-10-27,31.825,74.625,0.00028659509984184486,0.0899960348553389
punjab_stubble_belt,2025-10-27,31.825,74.675,0.00019115682037966814,0.086387097489767
punjab_stubble_belt,2025-10-27,31.825,74.725,0.00022317849040590966,0.07204558211879888
punjab_stubble_belt,2025-10-27,31.825,74.775,0.0002635514738512683,0.06524089850134096
punjab_stubble_belt,2025-10-27,31.825,74.825,0.0003393663418838276,0.049457704242815995
punjab_stubble_belt,2025-10-27,31.825,74.875,0.0004314392596588525,0.02697404403971118
punjab_stubble_belt,2025-10-27,31.825,74.925,0.00048430709166981,0.007295570281327061
punjab_stubble_belt,2025-10-27,31.825,74.975,0.0003320432620464628,0.004317091444460075
punjab_stubble_belt,2025-10-27,31.825,75.025,0.0002465634124421722,0.0014474325951186642
punjab_stubble_belt,2025-10-27,31.825,75.075,0.00023950268511530907,0
punjab_stubble_belt,2025-10-27,31.825,75.125,0.00028718997725850007,0
punjab_stubble_belt,2025-10-27,31.825,75.175,0.00025994262968030826,0
punjab_stubble_belt,2025-10-27,31.825,75.225,0.00029306686612873425,0
punjab_stubble_belt,2025-10-27,31.825,75.275,0.00017416881894583952,0
punjab_stubble_belt,2025-10-27,31.825,75.3,0.00010093939104696313,0
punjab_stubble_belt,2025-10-27,31.875,74.625,0.0003048342389803296,0.0857608614403728
punjab_stubble_belt,2025-10-27,31.875,74.675,0.0002596380667332601,0.08292433863164113
punjab_stubble_belt,2025-10-27,31.875,74.725,0.0002435993044859076,0.05950141268904027
punjab_stubble_belt,2025-10-27,31.875,74.775,0.00027987490533860405,0.05302775870766196
punjab_stubble_belt,2025-10-27,31.875,74.825,0.000331370199348799,0.035916622719565604
punjab_stubble_belt,2025-10-27,31.875,74.875,0.0003889006723833526,0.012551433646492135
punjab_stubble_belt,2025-10-27,31.875,74.925,0.00044681577735723293,0.0017481741000810926
punjab_stubble_belt,2025-10-27,31.875,74.975,0.00016809880366961102,0.0004807056174062606
punjab_stubble_belt,2025-10-27,31.875,75.025,0.00020130548334907405,0.0001226149127761043
punjab_stubble_belt,2025-10-27,31.875,75.075,0.0002686434004204633,0
punjab_stubble_belt,2025-10-27,31.875,75.125,0.00031912035659930927,0
punjab_stubble_belt,2025-10-27,31.875,75.175,0.00031386951009144666,0
punjab_stubble_belt,2025-10-27,31.875,75.225,0.0002668502913540836,0
punjab_stubble_belt,2025-10-27,31.875,75.275,0.00018513279916592602,0
punjab_stubble_belt,2025-10-27,31.875,75.3,0.00015725882637523448,0
punjab_stubble_belt,2025-10-28,31.325,74.625,0.0003124658020590608,0.22069039713291005
punjab_stubble_belt,2025-10-28,31.325,74.675,0.00032378509938357715,0.22478555526503682
punjab_stubble_belt,2025-10-28,31.325,74.725,0.0003603355587735657,0.23536478180281278
punjab_stubble_belt,2025-10-28,31.325,74.775,0.000368674785903286,0.24032257029609613
punjab_stubble_belt,2025-10-28,31.325,74.825,0.00032538108409345526,0.24713728116629063
punjab_stubble_belt,2025-10-28,31.325,74.875,0.00026662850091618894,0.25501628526420644
punjab_stubble_belt,2025-10-28,31.325,74.925,0.0003127691313637499,0.26107102761062484
punjab_stubble_belt,2025-10-28,31.325,74.975,0.00041097202391162784,0.26371666887921213
punjab_stubble_belt,2025-10-28,31.325,75.025,0.0004337025021308076,0.26696861191971955
punjab_stubble_belt,2025-10-28,31.325,75.075,0.00040068028843244063,0.270654600026933
punjab_stubble_belt,2025-10-28,31.325,75.125,0.00032032448166503065,0.27392788014742797
punjab_stubble_belt,2025-10-28,31.325,75.175,0.00019740246198310932,0.27352955926580574
punjab_stubble_belt,2025-10-28,31.325,75.225,0.0003554063554395458,0.2722387589286513
punjab_stubble_belt,2025-10-28,31.325,75.275,0.0003763216066481872,0.26991721322037043
punjab_stubble_belt,2025-10-28,31.325,75.3,0.0004000884965553572,0.2679235490853458
punjab_stubble_belt,2025-10-28,31.375,74.625,0.00030153929018254127,0.21643907090624484
punjab_stubble_belt,2025-10-28,31.375,74.675,0.0003079639236099058,0.22180199752632698
punjab_stubble_belt,2025-10-28,31.375,74.725,0.00036723028723007324,0.2291738472278611
punjab_stubble_belt,2025-10-28,31.375,74.775,0.000381298933207291,0.23751913985347942
punjab_stubble_belt,2025-10-28,31.375,74.825,0.0003445479459195705,0.24565446979364192
punjab_stubble_belt,2025-10-28,31.375,74.875,0.00029316679101968983,0.2532622038412485
punjab_stubble_belt,2025-10-28,31.375,74.925,0.00034371508990579345,0.2614052415192564
punjab_stubble_belt,2025-10-28,31.375,74.975,0.0003833891302492846,0.263085790340589
punjab_stubble_belt,2025-10-28,31.375,75.025,0.00039685557363262555,0.2671141229013166
punjab_stubble_belt,2025-10-28,31.375,75.075,0.0003716844515603378,0.27067520416583235
punjab_stubble_belt,2025-10-28,31.375,75.125,0.00031117222839570976,0.27313427338778823
punjab_stubble_belt,2025-10-28,31.375,75.175,0.00023150022661959547,0.2749525454354813
punjab_stubble_belt,2025-10-28,31.375,75.225,0.00034255774869293274,0.27473931535465596
punjab_stubble_belt,2025-10-28,31.375,75.275,0.0003020225822069262,0.2730252959677856
punjab_stubble_belt,2025-10-28,31.375,75.3,0.0002538037742191698,0.27224790069567567
punjab_stubble_belt,2025-10-28,31.425,74.625,0.0002979742998517181,0.2141589384528834
punjab_stubble_belt,2025-10-28,31.425,74.675,0.00030053321767036417,0.21939820852415348
punjab_stubble_belt,2025-10-28,31.425,74.725,0.00031803352171733205,0.22503870497589956
punjab_stubble_belt,2025-10-28,31.425,74.775,0.000342065195141549,0.23749946714224326
punjab_stubble_belt,2025-10-28,31.425,74.825,0.0003517456001981351,0.24668343108838578
punjab_stubble_belt,2025-10-28,31.425,74.875,0.00035911268210012316,0.25310359270273086
punjab_stubble_belt,2025-10-28,31.425,74.925,0.00041411045035555637,0.2632854543543956
punjab_stubble_belt,2025-10-28,31.425,74.975,0.00041760523099435535,0.2633883727201687
punjab_stubble_belt,2025-10-28,31.425,75.025,0.00037955179890179335,0.26801189559426325
punjab_stubble_belt,2025-10-28,31.425,75.075,0.00036321517109018966,0.27059812610594486
punjab_stubble_belt,2025-10-28,31.425,75.125,0.00037392374127062845,0.27109612308262543
punjab_stubble_belt,2025-10-28,31.425,75.175,0.0003736173328980057,0.2755834930242431
punjab_stubble_belt,2025-10-28,31.425,75.225,0.0003023979065457998,0.2765815606517459
punjab_stubble_belt,2025-10-28,31.425,75.275,0.0002518406646104458,0.2759400394445748
punjab_stubble_belt,2025-10-28,31.425,75.3,0.00032380644499555776,0.2760951300698951
punjab_stubble_belt,2025-10-28,31.475,74.625,0.0002846488295374301,0.21562260104451494
punjab_stubble_belt,2025-10-28,31.475,74.675,0.00029926307999308965,0.21658962982043162
punjab_stubble_belt,2025-10-28,31.475,74.725,0.00030394741882781086,0.2277841900943491
punjab_stubble_belt,2025-10-28,31.475,74.775,0.0003363529160679196,0.23952053895030373
punjab_stubble_belt,2025-10-28,31.475,74.825,0.0003705467997008665,0.24763281154239983
punjab_stubble_belt,2025-10-28,31.475,74.875,0.0004071266441366746,0.2533247052424622
punjab_stubble_belt,2025-10-28,31.475,74.925,0.00046392896486530956,0.2635228192922187
punjab_stubble_belt,2025-10-28,31.475,74.975,0.0004888676150220332,0.2635594276358476
punjab_stubble_belt,2025-10-28,31.475,75.025,0.0002379047314478601,0.26839434399635476
punjab_stubble_belt,2025-10-28,31.475,75.075,0.00019283248335610694,0.2707774048653398
punjab_stubble_belt,2025-10-28,31.475,75.125,0.0003808370846732722,0.2708634820129817
punjab_stubble_belt,2025-10-28,31.475,75.175,0.0005179445263722033,0.2766275964709466
punjab_stubble_belt,2025-10-28,31.475,75.225,0.00027525957609018047,0.27611429786507596
punjab_stubble_belt,2025-10-28,31.475,75.275,0.0003795610342948234,0.27669612829498386
punjab_stubble_belt,2025-10-28,31.525,74.625,0.0004544952187505279,0.2225388202125613
punjab_stubble_belt,2025-10-28,31.525,74.675,0.00048563837073072307,0.22151007600899045
punjab_stubble_belt,2025-10-28,31.525,74.725,0.0005157343507184179,0.23818699302051813
punjab_stubble_belt,2025-10-28,31.525,74.775,0.0005259889421119203,0.2418332166284698
punjab_stubble_belt,2025-10-28,31.525,74.825,0.0005341540891743052,0.24835105507118443
punjab_stubble_belt,2025-10-28,31.525,74.875,0.0005064505424940209,0.2575953024134481
punjab_stubble_belt,2025-10-28,31.525,74.925,0.0003153582215554599,0.2663289980883982
punjab_stubble_belt,2025-10-28,31.525,74.975,0.00028795637091783856,0.2660165397258206
punjab_stubble_belt,2025-10-28,31.525,75.025,0.00015473459473503752,0.266958607583833
punjab_stubble_belt,2025-10-28,31.525,75.075,9.69849332608645e-05,0.26699763618307737
punjab_stubble_belt,2025-10-28,31.525,75.125,0.0001471056120735223,0.2674331912292443
punjab_stubble_belt,2025-10-28,31.525,75.175,0.0003222233989443049,0.27676364302668904
punjab_stubble_belt,2025-10-28,31.525,75.225,0.00036722820190720335,0.2772470989653242
punjab_stubble_belt,2025-10-28,31.525,75.275,0.0004134285460398456,0.2798956965024716
punjab_stubble_belt,2025-10-28,31.525,75.3,0.00045534454100733664,0.27955217247763753
punjab_stubble_belt,2025-10-28,31.575,74.625,0.000553589870142496,0.22740064065430035
punjab_stubble_belt,2025-10-28,31.575,74.675,0.0005646945718149735,0.22667689172248934
punjab_stubble_belt,2025-10-28,31.575,74.725,0.0004996280007332663,0.24230193709976122
punjab_stubble_belt,2025-10-28,31.575,74.775,0.0005251178942095967,0.24481836794491074
punjab_stubble_belt,2025-10-28,31.575,74.825,0.0004681604320898774,0.2501390886212158
punjab_stubble_belt,2025-10-28,31.575,74.875,0.00035859703414885935,0.2578646715869678
punjab_stubble_belt,2025-10-28,31.575,74.925,0.00034267116886542177,0.2628162026791742
punjab_stubble_belt,2025-10-28,31.575,74.975,0.0002719392270416801,0.262306102006072
punjab_stubble_belt,2025-10-28,31.575,75.025,0.00014040161855373722,0.26281759952278694
punjab_stubble_belt,2025-10-28,31.575,75.075,0.00011466046025266658,0.2634371614573421
punjab_stubble_belt,2025-10-28,31.575,75.125,0.000212458587396992,0.2651287503632197
punjab_stubble_belt,2025-10-28,31.575,75.175,0.0003973555522494084,0.27450153903100927
punjab_stubble_belt,2025-10-28,31.575,75.225,0.00041572246921240617,0.27578115090536165
punjab_stubble_belt,2025-10-28,31.575,75.275,0.0004506336037652019,0.28100911196408457
punjab_stubble_belt,2025-10-28,31.575,75.3,0.00046304547194676523,0.28372628166855285
punjab_stubble_belt,2025-10-28,31.625,74.625,0.00048281839988383713,0.23689966370339738
punjab_stubble_belt,2025-10-28,31.625,74.675,0.0005088299357015595,0.2345222300342342
punjab_stubble_belt,2025-10-28,31.625,74.725,0.0003877239265864992,0.24284876796913454
punjab_stubble_belt,2025-10-28,31.625,74.775,0.0003987232484391107,0.2444610048401268
punjab_stubble_belt,2025-10-28,31.625,74.825,0.0003722384637564253,0.24743275922929361
punjab_stubble_belt,2025-10-28,31.625,74.875,0.0003218234305136624,0.2514204130796629
punjab_stubble_belt,2025-10-28,31.625,74.925,0.0003431017039029917,0.2534664921605855
punjab_stubble_belt,2025-10-28,31.625,74.975,0.00026272007345122853,0.25228569218407454
punjab_stubble_belt,2025-10-28,31.625,75.025,0.00018773081729287985,0.25405654612920364
punjab_stubble_belt,2025-10-28,31.625,75.075,0.00018146047961890494,0.2559983709479271
punjab_stubble_belt,2025-10-28,31.625,75.125,0.00025385912864927986,0.2586171685225029
punjab_stubble_belt,2025-10-28,31.625,75.175,0.00041337070302824785,0.2678773180433923
punjab_stubble_belt,2025-10-28,31.625,75.225,0.00039031611526115417,0.272054707729585
punjab_stubble_belt,2025-10-28,31.625,75.275,0.0003515412247597255,0.27906988422585793
punjab_stubble_belt,2025-10-28,31.625,75.3,0.00029098407749569263,0.28279260692595154
punjab_stubble_belt,2025-10-28,31.675,74.625,0.00029851316798091784,0.24903370617649945
punjab_stubble_belt,2025-10-28,31.675,74.675,0.00034990445587729403,0.24386925244862806
punjab_stubble_belt,2025-10-28,31.675,74.725,0.0002215507745800718,0.2414069101401242
punjab_stubble_belt,2025-10-28,31.675,74.775,0.00020986305704021984,0.2412396519577798
punjab_stubble_belt,2025-10-28,31.675,74.825,0.000286055555116702,0.24098659685126764
punjab_stubble_belt,2025-10-28,31.675,74.875,0.0003876826288213604,0.24055644047527602
punjab_stubble_belt,2025-10-28,31.675,74.925,0.0003194355143422153,0.23972495882461753
punjab_stubble_belt,2025-10-28,31.675,74.975,0.00025770176584436497,0.23828903436242393
punjab_stubble_belt,2025-10-28,31.675,75.025,0.00027043988344169407,0.24174087672163
punjab_stubble_belt,2025-10-28,31.675,75.075,0.0002651110378838197,0.24481214565530118
punjab_stubble_belt,2025-10-28,31.675,75.125,0.0002510229572119016,0.24801999836213912
punjab_stubble_belt,2025-10-28,31.675,75.175,0.0003609400963518681,0.257838150890634
punjab_stubble_belt,2025-10-28,31.675,75.225,0.0003150398553375663,0.26548295581231784
punjab_stubble_belt,2025-10-28,31.675,75.275,0.00020477297009472388,0.27358218230551984
punjab_stubble_belt,2025-10-28,31.675,75.3,0.0002489381164021685,0.2729768594077543
punjab_stubble_belt,2025-10-28,31.725,74.625,0.0001994356870022342,0.256199371687498
punjab_stubble_belt,2025-10-28,31.725,74.675,0.00018618885434501075,0.2513805291055765
punjab_stubble_belt,2025-10-28,31.725,74.725,7.2092843001398e-05,0.24346840894385527
punjab_stubble_belt,2025-10-28,31.725,74.775,0.00011529045834566583,0.23731584056080648
punjab_stubble_belt,2025-10-28,31.725,74.825,0.0002544151631816714,0.23412684920875043
punjab_stubble_belt,2025-10-28,31.725,74.875,0.00040996079724292013,0.23213757824330228
punjab_stubble_belt,2025-10-28,31.725,74.925,0.0003478321527736947,0.2242011989592738
punjab_stubble_belt,2025-10-28,31.725,74.975,0.00031527020466985066,0.22529984169560016
punjab_stubble_belt,2025-10-28,31.725,75.025,0.0003243671009324068,0.2271224827643657
punjab_stubble_belt,2025-10-28,31.725,75.075,0.0002945234608203456,0.2295659415894586
punjab_stubble_belt,2025-10-28,31.725,75.125,0.00024187414612407852,0.23374117321228827
punjab_stubble_belt,2025-10-28,31.725,75.175,0.0003133666674135922,0.24670714172419855
punjab_stubble_belt,2025-10-28,31.725,75.225,0.0002645816689595078,0.25191055218571134
punjab_stubble_belt,2025-10-28,31.725,75.275,0.0003461311396258897,0.2606364377667996
punjab_stubble_belt,2025-10-28,31.775,74.625,0.0003983125663408161,0.2579818168443338
punjab_stubble_belt,2025-10-28,31.775,74.675,0.0002790863457467901,0.25516440449110134
punjab_stubble_belt,2025-10-28,31.775,74.725,0.00018938677984681459,0.24708914190536188
punjab_stubble_belt,2025-10-28,31.775,74.775,0.0002564683962828944,0.24047304440059045
punjab_stubble_belt,2025-10-28,31.775,74.825,0.0003677529848718512,0.2353953973662303
punjab_stubble_belt,2025-10-28,31.775,74.875,0.0004480626644402015,0.2310176785168073
punjab_stubble_belt,2025-10-28,31.775,74.925,0.0002729633701313073,0.22306538269682738
punjab_stubble_belt,2025-10-28,31.775,74.975,0.0003438239083262773,0.2215803459665406
punjab_stubble_belt,2025-10-28,31.775,75.025,0.00034853147049193427,0.22217837476207794
punjab_stubble_belt,2025-10-28,31.775,75.075,0.00034865651822932656,0.22375463130411355
punjab_stubble_belt,2025-10-28,31.775,75.125,0.0003415462845722716,0.22778825025296134
punjab_stubble_belt,2025-10-28,31.775,75.175,0.00026798783285867517,0.24304582699483857
punjab_stubble_belt,2025-10-28,31.775,75.225,0.0002950150341177159,0.2464819395097022
punjab_stubble_belt,2025-10-28,31.775,75.275,0.00042217751552477004,0.25604419554600394
punjab_stubble_belt,2025-10-28,31.775,75.3,0.00045882108618877876,0.26367485825005477
punjab_stubble_belt,2025-10-28,31.825,74.625,0.00041597862521640795,0.25152873785365454
punjab_stubble_belt,2025-10-28,31.825,74.675,0.0003876110625039024,0.2515373570411375
punjab_stubble_belt,2025-10-28,31.825,74.725,0.0002667938372460444,0.2444983366772841
punjab_stubble_belt,2025-10-28,31.825,74.775,0.00034524000282783114,0.24188991133028445
punjab_stubble_belt,2025-10-28,31.825,74.825,0.00041328547130895784,0.23664868868893232
punjab_stubble_belt,2025-10-28,31.825,74.875,0.0004330594411640979,0.22957843514336693
punjab_stubble_belt,2025-10-28,31.825,74.925,0.0003282166051689107,0.22409032928516723
punjab_stubble_belt,2025-10-28,31.825,74.975,0.00025436331040015823,0.22047268992649946
punjab_stubble_belt,2025-10-28,31.825,75.025,0.00027544799730117237,0.21762374678952462
punjab_stubble_belt,2025-10-28,31.825,75.075,0.00028345595600849763,0.21735309213317897
punjab_stubble_belt,2025-10-28,31.825,75.125,0.00027724770323996783,0.22112826123022164
punjab_stubble_belt,2025-10-28,31.825,75.175,0.0003526581067156287,0.23587166306859175
punjab_stubble_belt,2025-10-28,31.825,75.225,0.00038266284721782723,0.2397537306180391
punjab_stubble_belt,2025-10-28,31.825,75.275,0.000434495833966465,0.2507667220834708
punjab_stubble_belt,2025-10-28,31.825,75.3,0.00047536655472835333,0.2584302046851588
punjab_stubble_belt,2025-10-28,31.875,74.625,0.0003882712415574657,0.2456267522544778
punjab_stubble_belt,2025-10-28,31.875,74.675,0.00040956737504687567,0.24684404682882854
punjab_stubble_belt,2025-10-28,31.875,74.725,0.0003026182316974174,0.2422211138165547
punjab_stubble_belt,2025-10-28,31.875,74.775,0.00035684006594106384,0.2422745744464638
punjab_stubble_belt,2025-10-28,31.875,74.825,0.0003733491998542834,0.23683238829866068
punjab_stubble_belt,2025-10-28,31.875,74.875,0.0003464590160948537,0.2280884145475752
punjab_stubble_belt,2025-10-28,31.875,74.925,0.00031443417165381073,0.22531464787455846
punjab_stubble_belt,2025-10-28,31.875,74.975,0.0002938201360680358,0.2186687884521064
punjab_stubble_belt,2025-10-28,31.875,75.025,0.0003134074503384481,0.2147687538154091
punjab_stubble_belt,2025-10-28,31.875,75.075,0.00029881267866520815,0.21429507128621236
punjab_stubble_belt,2025-10-28,31.875,75.125,0.000267410754810539,0.21800379546155466
punjab_stubble_belt,2025-10-28,31.875,75.175,0.0003554011204821994,0.22997332327387499
punjab_stubble_belt,2025-10-28,31.875,75.225,0.00040323631346217973,0.23568720141203806
punjab_stubble_belt,2025-10-28,31.875,75.275,0.0004272415719486654,0.24720283669599946
punjab_stubble_belt,2025-10-28,31.875,75.3,0.0004382381469802734,0.25391535579294233
punjab_stubble_belt,2025-10-29,31.325,74.625,0.00024624622604836073,0.22262840420801944
punjab_stubble_belt,2025-10-29,31.325,74.675,0.00025295102592166196,0.2219218355423099
punjab_stubble_belt,2025-10-29,31.325,74.725,0.0002754928135847886,0.21628413884975584
punjab_stubble_belt,2025-10-29,31.325,74.775,0.00023654511334175724,0.20504089150500734
punjab_stubble_belt,2025-10-29,31.325,74.825,0.000312880063691968,0.19527211245946763
punjab_stubble_belt,2025-10-29,31.325,74.875,0.00044342915841959245,0.18863809788294372
punjab_stubble_belt,2025-10-29,31.325,74.925,0.0003729722023499979,0.18738778045313534
punjab_stubble_belt,2025-10-29,31.325,74.975,0.00025983770008482167,0.18799771969724866
punjab_stubble_belt,2025-10-29,31.325,75.025,0.00028063380082213465,0.1813041972578365
punjab_stubble_belt,2025-10-29,31.325,75.075,0.00029643431573563413,0.17704985538545537
punjab_stubble_belt,2025-10-29,31.325,75.125,0.00027723691607797394,0.17541600548873687
punjab_stubble_belt,2025-10-29,31.325,75.175,0.00017085125567712896,0.1667209917528917
punjab_stubble_belt,2025-10-29,31.325,75.225,0.00027358143883048287,0.1679267031890883
punjab_stubble_belt,2025-10-29,31.325,75.275,0.00029790356808197385,0.17073783261620684
punjab_stubble_belt,2025-10-29,31.325,75.3,0.0003189311236154261,0.17268526665430645
punjab_stubble_belt,2025-10-29,31.375,74.625,0.00020956822400382402,0.21612066591557216
punjab_stubble_belt,2025-10-29,31.375,74.675,0.00017758395174866657,0.21467168706313405
punjab_stubble_belt,2025-10-29,31.375,74.725,0.00021576950527817692,0.20730548844304097
punjab_stubble_belt,2025-10-29,31.375,74.775,0.00025726680950117066,0.19715110010652884
punjab_stubble_belt,2025-10-29,31.375,74.825,0.000369097571725527,0.18676649319612668
punjab_stubble_belt,2025-10-29,31.375,74.875,0.00048781239989017003,0.17831053898443514
punjab_stubble_belt,2025-10-29,31.375,74.925,0.00038759851077324825,0.17763491912255536
punjab_stubble_belt,2025-10-29,31.375,74.975,0.0003261491260799702,0.17813941331954394
punjab_stubble_belt,2025-10-29,31.375,75.025,0.00028574117048721717,0.17293979869678477
punjab_stubble_belt,2025-10-29,31.375,75.075,0.00027411416822974155,0.16922592528184227
punjab_stubble_belt,2025-10-29,31.375,75.125,0.0002794189625792368,0.16768712440777211
punjab_stubble_belt,2025-10-29,31.375,75.175,0.00022245870467974433,0.1633023402739397
punjab_stubble_belt,2025-10-29,31.375,75.225,0.0002225521321602205,0.16710129454952993
punjab_stubble_belt,2025-10-29,31.375,75.275,0.0002554791130678975,0.17144999647393183
punjab_stubble_belt,2025-10-29,31.375,75.3,0.00027723133263888434,0.17423086443163033
punjab_stubble_belt,2025-10-29,31.425,74.625,0.00023598652996944887,0.2077991831368502
punjab_stubble_belt,2025-10-29,31.425,74.675,0.00017377280383590579,0.20535243406610015
punjab_stubble_belt,2025-10-29,31.425,74.725,0.00018762100986414548,0.19600266882921494
punjab_stubble_belt,2025-10-29,31.425,74.775,0.0002662343197798923,0.1883549617300721
punjab_stubble_belt,2025-10-29,31.425,74.825,0.00037688430767288523,0.17778964958209348
punjab_stubble_belt,2025-10-29,31.425,74.875,0.0004677324947989561,0.16712223520256428
punjab_stubble_belt,2025-10-29,31.425,74.925,0.0003894302097408541,0.16565318914793237
punjab_stubble_belt,2025-10-29,31.425,74.975,0.00038508737711299783,0.16590733755910086
punjab_stubble_belt,2025-10-29,31.425,75.025,0.0002997701155939655,0.16258716733327977
punjab_stubble_belt,2025-10-29,31.425,75.075,0.0002701921031993796,0.1599350918519516
punjab_stubble_belt,2025-10-29,31.425,75.125,0.0002988095020083323,0.1587795195281178
punjab_stubble_belt,2025-10-29,31.425,75.175,0.000279360197103747,0.15955879002135673
punjab_stubble_belt,2025-10-29,31.425,75.225,0.00017343011803775155,0.16626589381804477
punjab_stubble_belt,2025-10-29,31.425,75.275,0.00022485957041430202,0.17288579166995982
punjab_stubble_belt,2025-10-29,31.425,75.3,0.0002599333050363889,0.17676636596953765
punjab_stubble_belt,2025-10-29,31.475,74.625,0.0004054489083253787,0.20179874110218327
punjab_stubble_belt,2025-10-29,31.475,74.675,0.0004156216523228977,0.19801862156169106
punjab_stubble_belt,2025-10-29,31.475,74.725,0.0003785000650403389,0.18626171655739313
punjab_stubble_belt,2025-10-29,31.475,74.775,0.0003683888692252477,0.180379053746151
punjab_stubble_belt,2025-10-29,31.475,74.825,0.0003699661295590567,0.17172488201983985
punjab_stubble_belt,2025-10-29,31.475,74.875,0.0003803520843108621,0.1623536999522325
punjab_stubble_belt,2025-10-29,31.475,74.925,0.0003960404763948167,0.16082045554786928
punjab_stubble_belt,2025-10-29,31.475,74.975,0.00039437525262957116,0.16094995936520548
punjab_stubble_belt,2025-10-29,31.475,75.025,0.0002840554673175711,0.15774633857481413
punjab_stubble_belt,2025-10-29,31.475,75.075,0.0002135760460797791,0.15512194508722463
punjab_stubble_belt,2025-10-29,31.475,75.125,0.00020733679046214327,0.15430958135667697
punjab_stubble_belt,2025-10-29,31.475,75.175,0.00024516803469082143,0.1577357305308514
punjab_stubble_belt,2025-10-29,31.475,75.225,0.0002362066668208356,0.1637333361230399
punjab_stubble_belt,2025-10-29,31.475,75.275,0.0002413597187635184,0.17221748248305166
punjab_stubble_belt,2025-10-29,31.525,74.625,0.00021060466392540308,0.1893368550276299
punjab_stubble_belt,2025-10-29,31.525,74.675,0.00027607081124651664,0.18430416611991007
punjab_stubble_belt,2025-10-29,31.525,74.725,0.0004268100787673643,0.17073370529830498
punjab_stubble_belt,2025-10-29,31.525,74.775,0.0004532691589120119,0.16916148459416291
punjab_stubble_belt,2025-10-29,31.525,74.825,0.0004551356048905786,0.16471308777111235
punjab_stubble_belt,2025-10-29,31.525,74.875,0.0004126680271454837,0.1583470252397682
punjab_stubble_belt,2025-10-29,31.525,74.925,0.0002138158677526617,0.15648912355760897
punjab_stubble_belt,2025-10-29,31.525,74.975,0.0002526971519424298,0.1543389472158328
punjab_stubble_belt,2025-10-29,31.525,75.025,0.00027934091365011866,0.15073285402756748
punjab_stubble_belt,2025-10-29,31.525,75.075,0.00020153986558750397,0.14769415250182305
punjab_stubble_belt,2025-10-29,31.525,75.125,6.024046576581074e-05,0.14681537779798873
punjab_stubble_belt,2025-10-29,31.525,75.175,0.0001360910927071648,0.1536731846463881
punjab_stubble_belt,2025-10-29,31.525,75.225,0.000156296359531542,0.15611646521334852
punjab_stubble_belt,2025-10-29,31.525,75.275,0.00013877294289039337,0.16733935847387496
punjab_stubble_belt,2025-10-29,31.525,75.3,0.00018028531273149378,0.17575391986817765
punjab_stubble_belt,2025-10-29,31.575,74.625,0.0002344412878392958,0.18254623926829172
punjab_stubble_belt,2025-10-29,31.575,74.675,0.00025758155920698015,0.1783462831288496
punjab_stubble_belt,2025-10-29,31.575,74.725,0.0002695952747143332,0.16667741763868038
punjab_stubble_belt,2025-10-29,31.575,74.775,0.00027235753143894464,0.16565972611558769
punjab_stubble_belt,2025-10-29,31.575,74.825,0.0002584869367701815,0.16289519121241167
punjab_stubble_belt,2025-10-29,31.575,74.875,0.00022187851077260052,0.1585148432686492
punjab_stubble_belt,2025-10-29,31.575,74.925,0.00014480300990395295,0.15628106181976287
punjab_stubble_belt,2025-10-29,31.575,74.975,0.0002496468774618631,0.15283359996381699
punjab_stubble_belt,2025-10-29,31.575,75.025,0.0002879764962196593,0.1493089436751815
punjab_stubble_belt,2025-10-29,31.575,75.075,0.00019359122855189983,0.14665666115736017
punjab_stubble_belt,2025-10-29,31.575,75.125,2.438707012633173e-05,0.14606726728963448
punjab_stubble_belt,2025-10-29,31.575,75.175,0.00012602847335419035,0.15282975766920412
punjab_stubble_belt,2025-10-29,31.575,75.225,0.00013786403555474485,0.15379714956227675
punjab_stubble_belt,2025-10-29,31.575,75.275,0.00013408433850363636,0.16422528588159244
punjab_stubble_belt,2025-10-29,31.575,75.3,0.00012653495971815334,0.17180870816711308
punjab_stubble_belt,2025-10-29,31.625,74.625,0.00026426084238097167,0.17475951168873727
punjab_stubble_belt,2025-10-29,31.625,74.675,0.00024060106970060508,0.1717503528845957
punjab_stubble_belt,2025-10-29,31.625,74.725,0.0002798442952413243,0.1630134790674058
punjab_stubble_belt,2025-10-29,31.625,74.775,0.00023755661629426317,0.16197657198473614
punjab_stubble_belt,2025-10-29,31.625,74.825,0.00016494579649648194,0.16011332451874088
punjab_stubble_belt,2025-10-29,31.625,74.875,0.00010020954451444131,0.15717998030713642
punjab_stubble_belt,2025-10-29,31.625,74.925,0.00015058533155750891,0.15465854281750374
punjab_stubble_belt,2025-10-29,31.625,74.975,0.00028973490009565056,0.15062830861830048
punjab_stubble_belt,2025-10-29,31.625,75.025,0.00029194549873412485,0.14837991504828824
punjab_stubble_belt,2025-10-29,31.625,75.075,0.00020437367360656095,0.14693716087911496
punjab_stubble_belt,2025-10-29,31.625,75.125,8.006325199632597e-05,0.14701600253489744
punjab_stubble_belt,2025-10-29,31.625,75.175,0.00013124924318545615,0.15293024027146543
punjab_stubble_belt,2025-10-29,31.625,75.225,0.0001384816542025338,0.15321723082463898
punjab_stubble_belt,2025-10-29,31.625,75.275,0.00018047421255196512,0.16180566767584625
punjab_stubble_belt,2025-10-29,31.625,75.3,0.00022374406267741548,0.16708629993929308
punjab_stubble_belt,2025-10-29,31.675,74.625,0.0002944988755152341,0.1670077969038899
punjab_stubble_belt,2025-10-29,31.675,74.675,0.000245800318798346,0.1654088334330156
punjab_stubble_belt,2025-10-29,31.675,74.725,0.00038730140845664757,0.15952403734137222
punjab_stubble_belt,2025-10-29,31.675,74.775,0.000315278673319523,0.15793922137417618
punjab_stubble_belt,2025-10-29,31.675,74.825,0.0001905719938874902,0.15619718101985938
punjab_stubble_belt,2025-10-29,31.675,74.875,9.03666404915553e-05,0.15406892000553676
punjab_stubble_belt,2025-10-29,31.675,74.925,0.00020252502388759283,0.15137170137148878
punjab_stubble_belt,2025-10-29,31.675,74.975,0.0003405046163224199,0.14734024452776848
punjab_stubble_belt,2025-10-29,31.675,75.025,0.00028319237693754,0.14700809470082676
punjab_stubble_belt,2025-10-29,31.675,75.075,0.00022002494926001248,0.14714077004156062
punjab_stubble_belt,2025-10-29,31.675,75.125,0.00018131581142613655,0.1479684186089903
punjab_stubble_belt,2025-10-29,31.675,75.175,0.00016342902345793553,0.1531309920527468
punjab_stubble_belt,2025-10-29,31.675,75.225,0.0001741168908148417,0.1538576622566319
punjab_stubble_belt,2025-10-29,31.675,75.275,0.0002664354890591405,0.1604991899076247
punjab_stubble_belt,2025-10-29,31.675,75.3,0.0003648242439663382,0.16442076558816138
punjab_stubble_belt,2025-10-29,31.725,74.625,0.00038803528209899933,0.1642183877215242
punjab_stubble_belt,2025-10-29,31.725,74.675,0.00038778969559345803,0.16416809654940256
punjab_stubble_belt,2025-10-29,31.725,74.725,0.0002302015466349355,0.15784155290796273
punjab_stubble_belt,2025-10-29,31.725,74.775,0.0002594266919404068,0.15450652401152276
punjab_stubble_belt,2025-10-29,31.725,74.825,0.00026530535598937683,0.1518402204706467
punjab_stubble_belt,2025-10-29,31.725,74.875,0.0002392157045713736,0.14954308571696692
punjab_stubble_belt,2025-10-29,31.725,74.925,0.00021907244613813317,0.14688734511718868
punjab_stubble_belt,2025-10-29,31.725,74.975,0.0003193406154092462,0.14318755636769753
punjab_stubble_belt,2025-10-29,31.725,75.025,0.00023625814453302779,0.14346317416065466
punjab_stubble_belt,2025-10-29,31.725,75.075,0.0001813225765234028,0.14389605812529707
punjab_stubble_belt,2025-10-29,31.725,75.125,0.00019500734215089106,0.1447925355387616
punjab_stubble_belt,2025-10-29,31.725,75.175,0.00029766964932592763,0.1512333076771408
punjab_stubble_belt,2025-10-29,31.725,75.225,0.00032562996000022837,0.15511399754101707
punjab_stubble_belt,2025-10-29,31.725,75.275,0.0003844595663346157,0.1606922297275817
punjab_stubble_belt,2025-10-29,31.775,74.625,0.0004046869278720161,0.16499297251989808
punjab_stubble_belt,2025-10-29,31.775,74.675,0.0003741482731999127,0.16425169522508162
punjab_stubble_belt,2025-10-29,31.775,74.725,0.0001110416464212393,0.1580900217634069
punjab_stubble_belt,2025-10-29,31.775,74.775,0.00016466504283608134,0.15330945346588812
punjab_stubble_belt,2025-10-29,31.775,74.825,0.00020032170702210584,0.15019733139621566
punjab_stubble_belt,2025-10-29,31.775,74.875,0.00019268606132216525,0.14831769990101243
punjab_stubble_belt,2025-10-29,31.775,74.925,0.00017517958652559241,0.14567542263189268
punjab_stubble_belt,2025-10-29,31.775,74.975,0.00018534239617766732,0.14311928917724515
punjab_stubble_belt,2025-10-29,31.775,75.025,0.00010405090775635157,0.14310532209572083
punjab_stubble_belt,2025-10-29,31.775,75.075,5.5116343782963514e-05,0.14324250512837047
punjab_stubble_belt,2025-10-29,31.775,75.125,0.000102780356410886,0.1439401095828596
punjab_stubble_belt,2025-10-29,31.775,75.175,0.0004666519339022018,0.14923218014003592
punjab_stubble_belt,2025-10-29,31.775,75.225,0.00033787546757751014,0.1552734855766158
punjab_stubble_belt,2025-10-29,31.775,75.275,0.0002616889944685015,0.16163834408656264
punjab_stubble_belt,2025-10-29,31.775,75.3,0.0003119240487421172,0.16462287177778873
punjab_stubble_belt,2025-10-29,31.825,74.625,0.00047682508277120065,0.16437053414960054
punjab_stubble_belt,2025-10-29,31.825,74.675,0.0003226628803403281,0.1615342904435235
punjab_stubble_belt,2025-10-29,31.825,74.725,0.00010204121029353807,0.15523139833940536
punjab_stubble_belt,2025-10-29,31.825,74.775,0.0001826146845827305,0.15123470771776618
punjab_stubble_belt,2025-10-29,31.825,74.825,0.0002539720974413435,0.14892615681695573
punjab_stubble_belt,2025-10-29,31.825,74.875,0.00028018502811723794,0.1477700520231901
punjab_stubble_belt,2025-10-29,31.825,74.925,0.00022515890408611634,0.1459738663145476
punjab_stubble_belt,2025-10-29,31.825,74.975,0.0002184979782399705,0.1449369027588356
punjab_stubble_belt,2025-10-29,31.825,75.025,0.00018800403626587864,0.14346758136608137
punjab_stubble_belt,2025-10-29,31.825,75.075,0.00016166279904216785,0.14284056166350512
punjab_stubble_belt,2025-10-29,31.825,75.125,0.00016125009560008304,0.14347899970868813
punjab_stubble_belt,2025-10-29,31.825,75.175,0.0002634091528332397,0.14643350537653455
punjab_stubble_belt,2025-10-29,31.825,75.225,0.00021920670601102867,0.15521660308845245
punjab_stubble_belt,2025-10-29,31.825,75.275,0.0001971530828093663,0.16156362034099142
punjab_stubble_belt,2025-10-29,31.825,75.3,0.00019080096215514964,0.16491357460756678
punjab_stubble_belt,2025-10-29,31.875,74.625,0.00036433106987238356,0.16442693119269375
punjab_stubble_belt,2025-10-29,31.875,74.675,0.0002103815478289257,0.1601557582619308
punjab_stubble_belt,2025-10-29,31.875,74.725,0.00014416838286367424,0.15403902684140786
punjab_stubble_belt,2025-10-29,31.875,74.775,0.00025029482540698134,0.15084663631809128
punjab_stubble_belt,2025-10-29,31.875,74.825,0.00029651481167775913,0.1487671121321408
punjab_stubble_belt,2025-10-29,31.875,74.875,0.00027461340483815393,0.1473119528290961
punjab_stubble_belt,2025-10-29,31.875,74.925,0.0002347960553521097,0.14513970484885189
punjab_stubble_belt,2025-10-29,31.875,74.975,0.00022726101945734264,0.1449885211931161
punjab_stubble_belt,2025-10-29,31.875,75.025,0.0002189607281953849,0.1423878580916199
punjab_stubble_belt,2025-10-29,31.875,75.075,0.00021161449269128032,0.1412603067329785
punjab_stubble_belt,2025-10-29,31.875,75.125,0.00020109725087428499,0.14202670971047796
punjab_stubble_belt,2025-10-29,31.875,75.175,0.00016251064134522133,0.14400712259223936
punjab_stubble_belt,2025-10-29,31.875,75.225,0.00019222459356916459,0.1540290052226423
punjab_stubble_belt,2025-10-29,31.875,75.275,0.0001921059250424339,0.16057102828269357
punjab_stubble_belt,2025-10-29,31.875,75.3,0.0001925485425487065,0.16363830202821847
punjab_stubble_belt,2025-10-30,31.325,74.625,0.000359294148163192,0.15092203776879679
punjab_stubble_belt,2025-10-30,31.325,74.675,0.00034214475802321793,0.1513823705057034
punjab_stubble_belt,2025-10-30,31.325,74.725,0.00022835302449686026,0.1602460540182139
punjab_stubble_belt,2025-10-30,31.325,74.775,0.00040048411860922145,0.16143639708792099
punjab_stubble_belt,2025-10-30,31.325,74.825,0.0004943812739290468,0.16019872075621436
punjab_stubble_belt,2025-10-30,31.325,74.875,0.0004907381722066774,0.15247566699811996
punjab_stubble_belt,2025-10-30,31.325,74.925,0.00044940804891827204,0.11970517434009824
punjab_stubble_belt,2025-10-30,31.325,74.975,0.00042499635685237927,0.09675248486518255
punjab_stubble_belt,2025-10-30,31.325,75.025,0.00033930130630382114,0.06826449725606244
punjab_stubble_belt,2025-10-30,31.325,75.075,0.00026150096780744986,0.04770926004459166
punjab_stubble_belt,2025-10-30,31.325,75.125,0.00022759434103619043,0.03409289251526448
punjab_stubble_belt,2025-10-30,31.325,75.175,0.0003438000209758525,2.123929255464589e-05
punjab_stubble_belt,2025-10-30,31.325,75.225,0.00035997505197353453,2.6334432817081156e-06
punjab_stubble_belt,2025-10-30,31.325,75.275,0.00025565686197561246,0
punjab_stubble_belt,2025-10-30,31.325,75.3,0.0001642342809654978,0
punjab_stubble_belt,2025-10-30,31.375,74.625,0.00046715141366299087,0.13145259782604993
punjab_stubble_belt,2025-10-30,31.375,74.675,0.0004499300594168027,0.14207376633571503
punjab_stubble_belt,2025-10-30,31.375,74.725,0.0002575009405439388,0.15034955608440884
punjab_stubble_belt,2025-10-30,31.375,74.775,0.0003165890180558898,0.14988031004019498
punjab_stubble_belt,2025-10-30,31.375,74.825,0.00041674409321733335,0.14779255282520218
punjab_stubble_belt,2025-10-30,31.375,74.875,0.0004941735500717082,0.14097046172883074
punjab_stubble_belt,2025-10-30,31.375,74.925,0.00040981497989034914,0.11538174891284524
punjab_stubble_belt,2025-10-30,31.375,74.975,0.0003740920222210761,0.09309477523032372
punjab_stubble_belt,2025-10-30,31.375,75.025,0.00025141186543307356,0.05991541649927887
punjab_stubble_belt,2025-10-30,31.375,75.075,0.00016849785604842408,0.033770541060342836
punjab_stubble_belt,2025-10-30,31.375,75.125,0.00015786492821721166,0.017443835695481722
punjab_stubble_belt,2025-10-30,31.375,75.175,0.00025315921986610436,0
punjab_stubble_belt,2025-10-30,31.375,75.225,0.0002913785762278483,0
punjab_stubble_belt,2025-10-30,31.375,75.275,0.0002547870701512034,0
punjab_stubble_belt,2025-10-30,31.375,75.3,0.00022843988915549027,0
punjab_stubble_belt,2025-10-30,31.425,74.625,0.0005519740297740198,0.11078539495030146
punjab_stubble_belt,2025-10-30,31.425,74.675,0.0005294071078488373,0.1314764982301673
punjab_stubble_belt,2025-10-30,31.425,74.725,0.00037780615084257905,0.1383012133245215
punjab_stubble_belt,2025-10-30,31.425,74.775,0.00033181854387902445,0.1349865651327597
punjab_stubble_belt,2025-10-30,31.425,74.825,0.0003820264776535773,0.12973505173193584
punjab_stubble_belt,2025-10-30,31.425,74.875,0.0004637754636826378,0.12234823756576965
punjab_stubble_belt,2025-10-30,31.425,74.925,0.00038336200130392793,0.10742602706058596
punjab_stubble_belt,2025-10-30,31.425,74.975,0.0003302964942167289,0.08638576296489285
punjab_stubble_belt,2025-10-30,31.425,75.025,0.00016044726668254476,0.05006071676726277
punjab_stubble_belt,2025-10-30,31.425,75.075,0.00010185416852948761,0.019515052515890682
punjab_stubble_belt,2025-10-30,31.425,75.125,0.00015578636925400575,0.00036449385125751404
punjab_stubble_belt,2025-10-30,31.425,75.175,0.00012079887461510966,0
punjab_stubble_belt,2025-10-30,31.425,75.225,0.00016422241395859378,0
punjab_stubble_belt,2025-10-30,31.425,75.275,0.00018365813966008955,0
punjab_stubble_belt,2025-10-30,31.425,75.3,0.00010448482434250686,0
punjab_stubble_belt,2025-10-30,31.475,74.625,0.0003323896622532781,0.11388326265450247
punjab_stubble_belt,2025-10-30,31.475,74.675,0.000401110274815582,0.12959497940485115
punjab_stubble_belt,2025-10-30,31.475,74.725,0.000437252323962494,0.13019027691575885
punjab_stubble_belt,2025-10-30,31.475,74.775,0.00041796600821933426,0.1252025896801466
punjab_stubble_belt,2025-10-30,31.475,74.825,0.0003488399488668385,0.1188765962200055
punjab_stubble_belt,2025-10-30,31.475,74.875,0.0003101570262536431,0.11136982162625123
punjab_stubble_belt,2025-10-30,31.475,74.925,0.0005776841351528054,0.10042613669553768
punjab_stubble_belt,2025-10-30,31.475,74.975,0.00038305048138475716,0.07833935953397982
punjab_stubble_belt,2025-10-30,31.475,75.025,0.00019367756512311812,0.04262285347141856
punjab_stubble_belt,2025-10-30,31.475,75.075,0.00014484645696098827,0.014669716510659967
punjab_stubble_belt,2025-10-30,31.475,75.125,0.00022444311795752909,0
punjab_stubble_belt,2025-10-30,31.475,75.175,0.0002286884746028424,0
punjab_stubble_belt,2025-10-30,31.475,75.225,0.00023240467775383875,0
punjab_stubble_belt,2025-10-30,31.475,75.275,7.459560657655003e-05,0
punjab_stubble_belt,2025-10-30,31.525,74.625,0.000290745579782569,0.11382768807693097
punjab_stubble_belt,2025-10-30,31.525,74.675,0.0004169954085969454,0.11615141680560309
punjab_stubble_belt,2025-10-30,31.525,74.725,0.0005578819095561525,0.11017139579005093
punjab_stubble_belt,2025-10-30,31.525,74.775,0.0005979285595290279,0.10601529872096536
punjab_stubble_belt,2025-10-30,31.525,74.825,0.0005087200423220574,0.10034735481972211
punjab_stubble_belt,2025-10-30,31.525,74.875,0.00036193457459645804,0.09112193372153052
punjab_stubble_belt,2025-10-30,31.525,74.925,0.00040021412017773883,0.07026432017286734
punjab_stubble_belt,2025-10-30,31.525,74.975,0.0004560760292228948,0.04336823469384194
punjab_stubble_belt,2025-10-30,31.525,75.025,0.00034512234791769434,0.01564661877076188
punjab_stubble_belt,2025-10-30,31.525,75.075,0.0002526015641912164,0.0010268801557461978
punjab_stubble_belt,2025-10-30,31.525,75.125,0.00021904237753298284,0
punjab_stubble_belt,2025-10-30,31.525,75.175,0.000301033846749557,0
punjab_stubble_belt,2025-10-30,31.525,75.225,0.0003195034743986208,0
punjab_stubble_belt,2025-10-30,31.525,75.275,0.0003205967816288168,0
punjab_stubble_belt,2025-10-30,31.525,75.3,0.00015881854250117725,0
punjab_stubble_belt,2025-10-30,31.575,74.625,0.00021292589835363135,0.09953445685768499
punjab_stubble_belt,2025-10-30,31.575,74.675,0.00031901555248335135,0.10087954400183309
punjab_stubble_belt,2025-10-30,31.575,74.725,0.00037031266551945283,0.10035693181856445
punjab_stubble_belt,2025-10-30,31.575,74.775,0.0004320864413949311,0.09848296804538016
punjab_stubble_belt,2025-10-30,31.575,74.825,0.0003857107947814301,0.09398806644422636
punjab_stubble_belt,2025-10-30,31.575,74.875,0.0002847441000281638,0.08329293426907383
punjab_stubble_belt,2025-10-30,31.575,74.925,0.0003438259093321939,0.05230594449526178
punjab_stubble_belt,2025-10-30,31.575,74.975,0.00043146425629990567,0.02873691673507023
punjab_stubble_belt,2025-10-30,31.575,75.025,0.0002874050124379043,0.009433904623917381
punjab_stubble_belt,2025-10-30,31.575,75.075,0.0001982780448299439,0
punjab_stubble_belt,2025-10-30,31.575,75.125,0.00020200326590406816,0
punjab_stubble_belt,2025-10-30,31.575,75.175,0.0002481774765224511,0
punjab_stubble_belt,2025-10-30,31.575,75.225,0.00020107616191095227,0
punjab_stubble_belt,2025-10-30,31.575,75.275,0.00022070014564341402,0
punjab_stubble_belt,2025-10-30,31.575,75.3,0.0002655856458701938,0
punjab_stubble_belt,2025-10-30,31.625,74.625,0.0002130387734331438,0.07933940734298246
punjab_stubble_belt,2025-10-30,31.625,74.675,0.00026249221796857734,0.08248130574776924
punjab_stubble_belt,2025-10-30,31.625,74.725,0.0003124144552512936,0.09018065924278462
punjab_stubble_belt,2025-10-30,31.625,74.775,0.0003514352054897271,0.09049454225864763
punjab_stubble_belt,2025-10-30,31.625,74.825,0.0003274888398437591,0.08617970520487636
punjab_stubble_belt,2025-10-30,31.625,74.875,0.0002673749585657334,0.07250538008770166
punjab_stubble_belt,2025-10-30,31.625,74.925,0.00027151072524279554,0.02778148591887568
punjab_stubble_belt,2025-10-30,31.625,74.975,0.00034744711820755336,0.013830697241512188
punjab_stubble_belt,2025-10-30,31.625,75.025,0.00026112660979353536,0.004494088268080362
punjab_stubble_belt,2025-10-30,31.625,75.075,0.00021063116748947256,0
punjab_stubble_belt,2025-10-30,31.625,75.125,0.00021699959794521407,0
punjab_stubble_belt,2025-10-30,31.625,75.175,0.0002034942547349136,0
punjab_stubble_belt,2025-10-30,31.625,75.225,0.00017489681461418051,0
punjab_stubble_belt,2025-10-30,31.625,75.275,0.00018223972725605445,0
punjab_stubble_belt,2025-10-30,31.625,75.3,0.00019162039376184657,0
punjab_stubble_belt,2025-10-30,31.675,74.625,0.00025071883994174206,0.05720922352408681
punjab_stubble_belt,2025-10-30,31.675,74.675,0.00024691772755441866,0.06337501120121591
punjab_stubble_belt,2025-10-30,31.675,74.725,0.00032357890626689815,0.07856707397460516
punjab_stubble_belt,2025-10-30,31.675,74.775,0.0003414428366112403,0.07980470328006249
punjab_stubble_belt,2025-10-30,31.675,74.825,0.0003314406895608875,0.07423764917492184
punjab_stubble_belt,2025-10-30,31.675,74.875,0.0002904589678374585,0.056845821735911004
punjab_stubble_belt,2025-10-30,31.675,74.925,0.000188539817886395,0.0026682373981982404
punjab_stubble_belt,2025-10-30,31.675,74.975,0.0002393227404081719,0.0002760963639323709
punjab_stubble_belt,2025-10-30,31.675,75.025,0.00026731149938718926,0
punjab_stubble_belt,2025-10-30,31.675,75.075,0.00027011993878764764,0
punjab_stubble_belt,2025-10-30,31.675,75.125,0.00024288521506609298,0
punjab_stubble_belt,2025-10-30,31.675,75.175,0.0001438605401565049,0
punjab_stubble_belt,2025-10-30,31.675,75.225,0.00020913934848608106,0
punjab_stubble_belt,2025-10-30,31.675,75.275,0.00022174642888834838,0
punjab_stubble_belt,2025-10-30,31.675,75.3,0.00028186079549131235,0
punjab_stubble_belt,2025-10-30,31.725,74.625,0.00015395724037324678,0.04125250100341074
punjab_stubble_belt,2025-10-30,31.725,74.675,0.00021222242055551985,0.04904940795464356
punjab_stubble_belt,2025-10-30,31.725,74.725,3.437449266587162e-05,0.06066274461279947
punjab_stubble_belt,2025-10-30,31.725,74.775,0.00019449868453512076,0.059371164496407974
punjab_stubble_belt,2025-10-30,31.725,74.825,0.00025999928931103684,0.05045953684531824
punjab_stubble_belt,2025-10-30,31.725,74.875,0.0002146028789049052,0.03315024242718265
punjab_stubble_belt,2025-10-30,31.725,74.925,0.00014548047828272082,0
punjab_stubble_belt,2025-10-30,31.725,74.975,0.00018356245444821562,0
punjab_stubble_belt,2025-10-30,31.725,75.025,0.0002400860138644951,0
punjab_stubble_belt,2025-10-30,31.725,75.075,0.00025179376386894633,0
punjab_stubble_belt,2025-10-30,31.725,75.125,0.0001868469352182017,0
punjab_stubble_belt,2025-10-30,31.725,75.175,-6.951727960005339e-05,0
punjab_stubble_belt,2025-10-30,31.725,75.225,9.978723200189507e-05,0
punjab_stubble_belt,2025-10-30,31.725,75.275,0.0002696842130100512,0
punjab_stubble_belt,2025-10-30,31.775,74.625,0.0003077060531660326,0.021241633574386288
punjab_stubble_belt,2025-10-30,31.775,74.675,0.00010012035557078459,0.03933892379311331
punjab_stubble_belt,2025-10-30,31.775,74.725,0.0001328267157765215,0.03163418000572285
punjab_stubble_belt,2025-10-30,31.775,74.775,0.0001952068927543009,0.023594598860322103
punjab_stubble_belt,2025-10-30,31.775,74.825,0.0002321555275880441,0.019757257606187878
punjab_stubble_belt,2025-10-30,31.775,74.875,0.00024784667177723093,0.01628469938553112
punjab_stubble_belt,2025-10-30,31.775,74.925,0.00026845068088920997,0
punjab_stubble_belt,2025-10-30,31.775,74.975,0.00016981050415458435,0
punjab_stubble_belt,2025-10-30,31.775,75.025,0.0002598051457328248,0
punjab_stubble_belt,2025-10-30,31.775,75.075,0.0003366540020396813,0
punjab_stubble_belt,2025-10-30,31.775,75.125,0.00031911074363256633,0
punjab_stubble_belt,2025-10-30,31.775,75.175,-3.4929743393128804e-05,0
punjab_stubble_belt,2025-10-30,31.775,75.225,4.851908860820684e-05,0
punjab_stubble_belt,2025-10-30,31.775,75.275,0.00022792774411416208,0
punjab_stubble_belt,2025-10-30,31.775,75.3,0.00034873122047313754,0
punjab_stubble_belt,2025-10-30,31.825,74.625,0.00025934727833002254,0.011215490040511696
punjab_stubble_belt,2025-10-30,31.825,74.675,0.00030787383436634,0.013996026610260346
punjab_stubble_belt,2025-10-30,31.825,74.725,3.656292117125434e-05,0.010240576833852565
punjab_stubble_belt,2025-10-30,31.825,74.775,6.187496544575992e-05,0.007071032843477833
punjab_stubble_belt,2025-10-30,31.825,74.825,7.460243263221754e-05,0.005946838456563478
punjab_stubble_belt,2025-10-30,31.825,74.875,7.00720198793371e-05,0.005235299754026467
punjab_stubble_belt,2025-10-30,31.825,74.925,0.00015299644629717302,0
punjab_stubble_belt,2025-10-30,31.825,74.975,0.00013776491880100933,0
punjab_stubble_belt,2025-10-30,31.825,75.025,0.00016994975412798596,0
punjab_stubble_belt,2025-10-30,31.825,75.075,0.00021993426315025384,0
punjab_stubble_belt,2025-10-30,31.825,75.125,0.00025527502073012005,0
punjab_stubble_belt,2025-10-30,31.825,75.175,0.00014876592452150116,0
punjab_stubble_belt,2025-10-30,31.825,75.225,0.000204390597893832,0
punjab_stubble_belt,2025-10-30,31.825,75.275,0.0002290891661185037,0
punjab_stubble_belt,2025-10-30,31.825,75.3,0.00025934703712043536,0
punjab_stubble_belt,2025-10-30,31.875,74.625,0.00021914857114555512,0.004319039072108234
punjab_stubble_belt,2025-10-30,31.875,74.675,0.00041972856752201594,0
punjab_stubble_belt,2025-10-30,31.875,74.725,5.9179725103471106e-05,0
punjab_stubble_belt,2025-10-30,31.875,74.775,7.672335583862693e-05,0
punjab_stubble_belt,2025-10-30,31.875,74.825,9.411076286459144e-05,0
punjab_stubble_belt,2025-10-30,31.875,74.875,9.693688299713753e-05,0
punjab_stubble_belt,2025-10-30,31.875,74.925,0.0001461542239978144,0
punjab_stubble_belt,2025-10-30,31.875,74.975,0.00013265272561630663,0
punjab_stubble_belt,2025-10-30,31.875,75.025,0.00013203500811833542,0
punjab_stubble_belt,2025-10-30,31.875,75.075,0.00015121654534055925,0
punjab_stubble_belt,2025-10-30,31.875,75.125,0.00018629550051046928,0
punjab_stubble_belt,2025-10-30,31.875,75.175,0.0002198717911629988,0
punjab_stubble_belt,2025-10-30,31.875,75.225,0.00022814962920883955,0
punjab_stubble_belt,2025-10-30,31.875,75.275,0.00024266705221164634,0
punjab_stubble_belt,2025-10-30,31.875,75.3,0.0002732975240474944,0
punjab_stubble_belt,2025-10-31,31.325,74.625,0.00025002547184465327,0.003519236936579097
punjab_stubble_belt,2025-10-31,31.325,74.675,0.0003580038281835623,0.01813076501168238
punjab_stubble_belt,2025-10-31,31.325,74.725,0.0003284189860282989,0.02949840149863325
punjab_stubble_belt,2025-10-31,31.325,74.775,0.0001623230880552321,0.011962442724724054
punjab_stubble_belt,2025-10-31,31.325,74.825,0.00019025753004896258,0.0016539559388642007
punjab_stubble_belt,2025-10-31,31.325,74.875,0.00033007565361100835,0
punjab_stubble_belt,2025-10-31,31.325,74.925,0.00022033384733636946,0
punjab_stubble_belt,2025-10-31,31.325,74.975,0.000373901220682779,0
punjab_stubble_belt,2025-10-31,31.325,75.025,0.0004004182580780684,0.0002674586800408241
punjab_stubble_belt,2025-10-31,31.325,75.075,0.0004587251081130136,0.008383399093751687
punjab_stubble_belt,2025-10-31,31.325,75.125,0.00048360169977752906,0.02134341130730187
punjab_stubble_belt,2025-10-31,31.325,75.175,-1.762621877189486e-05,0.01841538866559634
punjab_stubble_belt,2025-10-31,31.325,75.225,0.00017075413864923092,0.002470651615656784
punjab_stubble_belt,2025-10-31,31.325,75.275,0.0002792764109844507,8.59490504881866e-06
punjab_stubble_belt,2025-10-31,31.325,75.3,0.00032840818305688863,0
punjab_stubble_belt,2025-10-31,31.375,74.625,0.0002727493109095938,0.003967583275111036
punjab_stubble_belt,2025-10-31,31.375,74.675,0.0003922810222091274,0.021857552791127624
punjab_stubble_belt,2025-10-31,31.375,74.725,0.0004345435383150892,0.05130886677080801
punjab_stubble_belt,2025-10-31,31.375,74.775,0.00022923852433705692,0.03182655619592051
punjab_stubble_belt,2025-10-31,31.375,74.825,0.0002218550264090748,0.012375341670962657
punjab_stubble_belt,2025-10-31,31.375,74.875,0.0003515173241769583,0
punjab_stubble_belt,2025-10-31,31.375,74.925,0.0002719867765959934,0
punjab_stubble_belt,2025-10-31,31.375,74.975,0.00032414630469767305,0
punjab_stubble_belt,2025-10-31,31.375,75.025,0.000330517490378255,0.0009053270561718565
punjab_stubble_belt,2025-10-31,31.375,75.075,0.0003750171321885072,0.007887570560767086
punjab_stubble_belt,2025-10-31,31.375,75.125,0.00041184177997904156,0.01908361803006294
punjab_stubble_belt,2025-10-31,31.375,75.175,0.00010405703640859365,0.02250242968438077
punjab_stubble_belt,2025-10-31,31.375,75.225,0.0001749450599350761,0.003954672436432245
punjab_stubble_belt,2025-10-31,31.375,75.275,0.00025980018908126527,0.0004571790665563603
punjab_stubble_belt,2025-10-31,31.375,75.3,0.0003055952083778155,0
punjab_stubble_belt,2025-10-31,31.425,74.625,0.00034256755977069773,0.01308782051762565
punjab_stubble_belt,2025-10-31,31.425,74.675,0.0004765079163320092,0.0393814835476503
punjab_stubble_belt,2025-10-31,31.425,74.725,0.0005613733044499773,0.08026137318456204
punjab_stubble_belt,2025-10-31,31.425,74.775,0.0004306963216542604,0.05818902899382816
punjab_stubble_belt,2025-10-31,31.425,74.825,0.0003493562725284798,0.027044001021516908
punjab_stubble_belt,2025-10-31,31.425,74.875,0.00033600746688572673,0
punjab_stubble_belt,2025-10-31,31.425,74.925,0.0003783712803701782,0
punjab_stubble_belt,2025-10-31,31.425,74.975,0.00023928872001788154,0
punjab_stubble_belt,2025-10-31,31.425,75.025,0.00023932856913780483,0.004927399952832403
punjab_stubble_belt,2025-10-31,31.425,75.075,0.00029021956771591544,0.014511131580098507
punjab_stubble_belt,2025-10-31,31.425,75.125,0.0003592136771149984,0.025699017255963612
punjab_stubble_belt,2025-10-31,31.425,75.175,0.0003431357441767262,0.022499616088203306
punjab_stubble_belt,2025-10-31,31.425,75.225,0.00013398284734916842,0.004994219164982905
punjab_stubble_belt,2025-10-31,31.425,75.275,0.00022267590440419284,0.0008682897890355626
punjab_stubble_belt,2025-10-31,31.425,75.3,0.0003488993106264672,0
punjab_stubble_belt,2025-10-31,31.475,74.625,0.0005627248503089653,0.047837492256761684
punjab_stubble_belt,2025-10-31,31.475,74.675,0.0007501858352616738,0.08089723709760194
punjab_stubble_belt,2025-10-31,31.475,74.725,0.0006407615248620217,0.07617013731246892
punjab_stubble_belt,2025-10-31,31.475,74.775,0.00040751158673339103,0.05117339850193929
punjab_stubble_belt,2025-10-31,31.475,74.825,0.00023443998110301596,0.023105801093700515
punjab_stubble_belt,2025-10-31,31.475,74.875,0.00017479430841715044,0
punjab_stubble_belt,2025-10-31,31.475,74.925,0.0003385124412569546,0
punjab_stubble_belt,2025-10-31,31.475,74.975,0.00023154509485688176,0
punjab_stubble_belt,2025-10-31,31.475,75.025,0.00030119377781462066,0.019462842189481338
punjab_stubble_belt,2025-10-31,31.475,75.075,0.00042037092087635465,0.04051236712484873
punjab_stubble_belt,2025-10-31,31.475,75.125,0.0005128549612570623,0.05160260165937928
punjab_stubble_belt,2025-10-31,31.475,75.175,0.0003123702382745175,0.012521888637791377
punjab_stubble_belt,2025-10-31,31.475,75.225,0.0001950309431198729,0.0019527161399290212
punjab_stubble_belt,2025-10-31,31.475,75.275,0.00032396024149398435,0.00011126359103706038
punjab_stubble_belt,2025-10-31,31.525,74.625,0.0005552625296456375,0.003547113369737153
punjab_stubble_belt,2025-10-31,31.525,74.675,0.00046266795029136523,0.006029607733982753
punjab_stubble_belt,2025-10-31,31.525,74.725,0.00019909291472125688,0.005267482468072799
punjab_stubble_belt,2025-10-31,31.525,74.775,0.0001440775473820341,0.0038171689101983842
punjab_stubble_belt,2025-10-31,31.525,74.825,0.0001240303680283356,0.0016953279838932604
punjab_stubble_belt,2025-10-31,31.525,74.875,0.0001384283394706674,0
punjab_stubble_belt,2025-10-31,31.525,74.925,0.00023753289778159905,0
punjab_stubble_belt,2025-10-31,31.525,74.975,0.00025674484780534366,0
punjab_stubble_belt,2025-10-31,31.525,75.025,0.0004207666192309603,0.0015360380355423995
punjab_stubble_belt,2025-10-31,31.525,75.075,0.0005493619467708795,0.0027648260598041817
punjab_stubble_belt,2025-10-31,31.525,75.125,0.0005936480517745479,0.0039854419454237976
punjab_stubble_belt,2025-10-31,31.525,75.175,0.0004798449797988255,0.000933308469897494
punjab_stubble_belt,2025-10-31,31.525,75.225,0.00041455378685502055,9.635763113092721e-05
punjab_stubble_belt,2025-10-31,31.525,75.275,0.0003349139057482854,8.746795975081407e-06
punjab_stubble_belt,2025-10-31,31.525,75.3,0.00035040411268687173,0
punjab_stubble_belt,2025-10-31,31.575,74.625,0.0004437792208872665,0
punjab_stubble_belt,2025-10-31,31.575,74.675,0.00044415405172370327,0
punjab_stubble_belt,2025-10-31,31.575,74.725,0.00022316554995502967,8.718248717001544e-06
punjab_stubble_belt,2025-10-31,31.575,74.775,0.00013959463112591853,3.138569538120556e-06
punjab_stubble_belt,2025-10-31,31.575,74.825,0.00016174595490915284,0
punjab_stubble_belt,2025-10-31,31.575,74.875,0.00024059085027036396,0
punjab_stubble_belt,2025-10-31,31.575,74.925,0.00022526321816713251,0
punjab_stubble_belt,2025-10-31,31.575,74.975,0.0002455089073666018,0
punjab_stubble_belt,2025-10-31,31.575,75.025,0.00042795074818267865,0
punjab_stubble_belt,2025-10-31,31.575,75.075,0.0005165177266874844,0
punjab_stubble_belt,2025-10-31,31.575,75.125,0.0004873809905377331,0
punjab_stubble_belt,2025-10-31,31.575,75.175,0.00044208584141255724,0
punjab_stubble_belt,2025-10-31,31.575,75.225,0.00024966464827195714,0
punjab_stubble_belt,2025-10-31,31.575,75.275,0.0003113580887115444,0
punjab_stubble_belt,2025-10-31,31.575,75.3,0.000348165267285689,0
punjab_stubble_belt,2025-10-31,31.625,74.625,0.0003569241493014766,0
punjab_stubble_belt,2025-10-31,31.625,74.675,0.00035457885290432044,0
punjab_stubble_belt,2025-10-31,31.625,74.725,0.00021472217822048474,0
punjab_stubble_belt,2025-10-31,31.625,74.775,0.0002116860853957156,0
punjab_stubble_belt,2025-10-31,31.625,74.825,0.00026811699905393197,0
punjab_stubble_belt,2025-10-31,31.625,74.875,0.0003346838283203894,0
punjab_stubble_belt,2025-10-31,31.625,74.925,0.00027242435707462,0
punjab_stubble_belt,2025-10-31,31.625,74.975,0.00021408049640897538,0
punjab_stubble_belt,2025-10-31,31.625,75.025,0.00034153739603468984,0
punjab_stubble_belt,2025-10-31,31.625,75.075,0.0003977210779379085,0
punjab_stubble_belt,2025-10-31,31.625,75.125,0.000363623495773735,0
punjab_stubble_belt,2025-10-31,31.625,75.175,0.0003794813851189426,0
punjab_stubble_belt,2025-10-31,31.625,75.225,0.00023145176381598044,0
punjab_stubble_belt,2025-10-31,31.625,75.275,0.0002741569037602196,0
punjab_stubble_belt,2025-10-31,31.625,75.3,0.00029549738629492246,0
punjab_stubble_belt,2025-10-31,31.675,74.625,0.0003082302623261351,0
punjab_stubble_belt,2025-10-31,31.675,74.675,0.00023071987542528952,0
punjab_stubble_belt,2025-10-31,31.675,74.725,0.0001858523981987002,0
punjab_stubble_belt,2025-10-31,31.675,74.775,0.00031203111689728796,0
punjab_stubble_belt,2025-10-31,31.675,74.825,0.000386116235576792,0
punjab_stubble_belt,2025-10-31,31.675,74.875,0.00038790235819651566,0
punjab_stubble_belt,2025-10-31,31.675,74.925,0.0003243165242440194,0
punjab_stubble_belt,2025-10-31,31.675,74.975,0.00021436295222522267,0
punjab_stubble_belt,2025-10-31,31.675,75.025,0.0002242334966797421,0
punjab_stubble_belt,2025-10-31,31.675,75.075,0.00025163502760804747,0
punjab_stubble_belt,2025-10-31,31.675,75.125,0.00027815523868728926,0
punjab_stubble_belt,2025-10-31,31.675,75.175,0.00030873265846031425,0
punjab_stubble_belt,2025-10-31,31.675,75.225,0.0003255692120466974,0
punjab_stubble_belt,2025-10-31,31.675,75.275,0.00025277854130196023,0
punjab_stubble_belt,2025-10-31,31.675,75.3,0.0002768358214947748,0
punjab_stubble_belt,2025-10-31,31.725,74.625,0.00029888032143562027,0
punjab_stubble_belt,2025-10-31,31.725,74.675,0.0002986296604589327,0
punjab_stubble_belt,2025-10-31,31.725,74.725,0.000333148132052228,0
punjab_stubble_belt,2025-10-31,31.725,74.775,0.000352903647149391,0
punjab_stubble_belt,2025-10-31,31.725,74.825,0.00036136828081740496,0
punjab_stubble_belt,2025-10-31,31.725,74.875,0.00033797874977904973,0
punjab_stubble_belt,2025-10-31,31.725,74.925,0.0002053271842196376,0
punjab_stubble_belt,2025-10-31,31.725,74.975,0.00042775092924593743,0
punjab_stubble_belt,2025-10-31,31.725,75.025,0.0002546007877583476,0
punjab_stubble_belt,2025-10-31,31.725,75.075,0.0002284731283284092,0
punjab_stubble_belt,2025-10-31,31.725,75.125,0.0003579863266655767,0
punjab_stubble_belt,2025-10-31,31.725,75.175,0.00021463416180928557,0
punjab_stubble_belt,2025-10-31,31.725,75.225,0.0002668652471818594,0
punjab_stubble_belt,2025-10-31,31.725,75.275,0.00033799985913680484,0
punjab_stubble_belt,2025-10-31,31.775,74.625,0.00023575620261421043,0
punjab_stubble_belt,2025-10-31,31.775,74.675,0.00026975969268635294,0
punjab_stubble_belt,2025-10-31,31.775,74.725,0.0003527338046544642,0
punjab_stubble_belt,2025-10-31,31.775,74.775,0.0003677273866835997,0
punjab_stubble_belt,2025-10-31,31.775,74.825,0.00026571501100824144,0
punjab_stubble_belt,2025-10-31,31.775,74.875,0.00012805111204147228,0
punjab_stubble_belt,2025-10-31,31.775,74.925,0.00023661866249343106,0
punjab_stubble_belt,2025-10-31,31.775,74.975,0.0003992482000087661,0
punjab_stubble_belt,2025-10-31,31.775,75.025,0.000332591796998068,0
punjab_stubble_belt,2025-10-31,31.775,75.075,0.00038104454899833473,0
punjab_stubble_belt,2025-10-31,31.775,75.125,0.0005029716193689319,0
punjab_stubble_belt,2025-10-31,31.775,75.175,0.0002445772321015451,0
punjab_stubble_belt,2025-10-31,31.775,75.225,0.00022898287734294121,0
punjab_stubble_belt,2025-10-31,31.775,75.275,0.00029445207263872094,0
punjab_stubble_belt,2025-10-31,31.775,75.3,0.00035695591731836043,0
punjab_stubble_belt,2025-10-31,31.825,74.625,0.00020310803611492436,0
punjab_stubble_belt,2025-10-31,31.825,74.675,0.0002661164445141256,0
punjab_stubble_belt,2025-10-31,31.825,74.725,0.00045965283834410774,0
punjab_stubble_belt,2025-10-31,31.825,74.775,0.00042153566768052286,0
punjab_stubble_belt,2025-10-31,31.825,74.825,0.0003602918136848359,0
punjab_stubble_belt,2025-10-31,31.825,74.875,0.0003097567658243213,0
punjab_stubble_belt,2025-10-31,31.825,74.925,0.00029854669236121416,0
punjab_stubble_belt,2025-10-31,31.825,74.975,0.0004593291378511883,0
punjab_stubble_belt,2025-10-31,31.825,75.025,0.00032919971964652457,0
punjab_stubble_belt,2025-10-31,31.825,75.075,0.0003106236927815135,0
punjab_stubble_belt,2025-10-31,31.825,75.125,0.000422798809785562,0
punjab_stubble_belt,2025-10-31,31.825,75.175,0.0004304339661306531,0
punjab_stubble_belt,2025-10-31,31.825,75.225,0.0003253129843633128,0
punjab_stubble_belt,2025-10-31,31.825,75.275,0.00033491387317823945,0
punjab_stubble_belt,2025-10-31,31.825,75.3,0.00034829598845130256,0
punjab_stubble_belt,2025-10-31,31.875,74.625,0.00018051263553166906,0
punjab_stubble_belt,2025-10-31,31.875,74.675,0.00031554396836365407,0
punjab_stubble_belt,2025-10-31,31.875,74.725,0.0004334223250066458,0
punjab_stubble_belt,2025-10-31,31.875,74.775,0.00035911461294584957,0
punjab_stubble_belt,2025-10-31,31.875,74.825,0.0003520545983777773,0
punjab_stubble_belt,2025-10-31,31.875,74.875,0.0003825977714047848,0
punjab_stubble_belt,2025-10-31,31.875,74.925,0.0002686769602813144,0
punjab_stubble_belt,2025-10-31,31.875,74.975,0.0004232054973221685,0
punjab_stubble_belt,2025-10-31,31.875,75.025,0.000338202086657561,0
punjab_stubble_belt,2025-10-31,31.875,75.075,0.0003260199943483528,0
punjab_stubble_belt,2025-10-31,31.875,75.125,0.00041044414714158173,0
punjab_stubble_belt,2025-10-31,31.875,75.175,0.0004672077607779535,0
punjab_stubble_belt,2025-10-31,31.875,75.225,0.0003858905850420008,0
punjab_stubble_belt,2025-10-31,31.875,75.275,0.0003552783528040557,0
punjab_stubble_belt,2025-10-31,31.875,75.3,0.0003375888782699224,0
punjab_stubble_belt,2025-11-01,31.325,74.625,0.00039135649991428373,0.0897587998514262
punjab_stubble_belt,2025-11-01,31.325,74.675,0.00036018196920333727,0.10020334120139925
punjab_stubble_belt,2025-11-01,31.325,74.725,0.00043686251489789043,0.12784795046274378
punjab_stubble_belt,2025-11-01,31.325,74.775,0.0005090180209576177,0.13816790474891374
punjab_stubble_belt,2025-11-01,31.325,74.825,0.0005265263351698562,0.1426325113143676
punjab_stubble_belt,2025-11-01,31.325,74.875,0.00046759333754206145,0.14194399663124882
punjab_stubble_belt,2025-11-01,31.325,74.925,0.0002628123685283558,0.13497147707669552
punjab_stubble_belt,2025-11-01,31.325,74.975,0.0003035916389082505,0.13410718015812859
punjab_stubble_belt,2025-11-01,31.325,75.025,0.00043195541047887624,0.13051830608968498
punjab_stubble_belt,2025-11-01,31.325,75.075,0.0004335634747074761,0.12636566663494195
punjab_stubble_belt,2025-11-01,31.325,75.125,0.0003130170132581519,0.12172955929942603
punjab_stubble_belt,2025-11-01,31.325,75.175,0.0002908980778398415,0.11162881676072718
punjab_stubble_belt,2025-11-01,31.325,75.225,0.00030633505223800735,0.10716537928345884
punjab_stubble_belt,2025-11-01,31.325,75.275,0.0003264077707585095,0.10623375567569487
punjab_stubble_belt,2025-11-01,31.325,75.3,0.0003350288093880332,0.1074489652056521
punjab_stubble_belt,2025-11-01,31.375,74.625,0.000346335634835435,0.09394253378733661
punjab_stubble_belt,2025-11-01,31.375,74.675,0.0004474622031872466,0.10370368981875779
punjab_stubble_belt,2025-11-01,31.375,74.725,0.00041917611606600614,0.12945886414488164
punjab_stubble_belt,2025-11-01,31.375,74.775,0.000477904923226595,0.13793575447164577
punjab_stubble_belt,2025-11-01,31.375,74.825,0.0005043570635375543,0.13896260957240922
punjab_stubble_belt,2025-11-01,31.375,74.875,0.0004766206641124662,0.13318242887131837
punjab_stubble_belt,2025-11-01,31.375,74.925,0.0003415009947215889,0.11853402030824177
punjab_stubble_belt,2025-11-01,31.375,74.975,0.0003040836182314326,0.11230384052238016
punjab_stubble_belt,2025-11-01,31.375,75.025,0.0004511900288859911,0.10766603046563783
punjab_stubble_belt,2025-11-01,31.375,75.075,0.00047063769094497174,0.10378246255933314
punjab_stubble_belt,2025-11-01,31.375,75.125,0.0003634433930771611,0.10142950671811095
punjab_stubble_belt,2025-11-01,31.375,75.175,0.00039049718846943994,0.10092657422306568
punjab_stubble_belt,2025-11-01,31.375,75.225,0.00031854248787199893,0.09943518444681562
punjab_stubble_belt,2025-11-01,31.375,75.275,0.0003201503525458336,0.10012577864166546
punjab_stubble_belt,2025-11-01,31.375,75.3,0.0003262425112362067,0.10030957765930543
punjab_stubble_belt,2025-11-01,31.425,74.625,0.00028006415158298977,0.10249120237156456
punjab_stubble_belt,2025-11-01,31.425,74.675,0.0005114501577320472,0.11386180375322734
punjab_stubble_belt,2025-11-01,31.425,74.725,0.0004010813589209484,0.1342438651094047
punjab_stubble_belt,2025-11-01,31.425,74.775,0.0005362954578923392,0.13775154823216137
punjab_stubble_belt,2025-11-01,31.425,74.825,0.0005604465443389327,0.1316197223958722
punjab_stubble_belt,2025-11-01,31.425,74.875,0.0004787165171083849,0.11792885454365573
punjab_stubble_belt,2025-11-01,31.425,74.925,0.00041318648581256965,0.09815340090508413
punjab_stubble_belt,2025-11-01,31.425,74.975,0.00028046072491584047,0.08740652768129285
punjab_stubble_belt,2025-11-01,31.425,75.025,0.00040999531780815617,0.08427876229040453
punjab_stubble_belt,2025-11-01,31.425,75.075,0.00047213096219507657,0.08282142844649276
punjab_stubble_belt,2025-11-01,31.425,75.125,0.0004440004905327344,0.08291939860348063
punjab_stubble_belt,2025-11-01,31.425,75.175,0.0004962352195533945,0.08889787408917069
punjab_stubble_belt,2025-11-01,31.425,75.225,0.0003734058808207392,0.09257061717441437
punjab_stubble_belt,2025-11-01,31.425,75.275,0.0003146505155888218,0.09528274690036513
punjab_stubble_belt,2025-11-01,31.425,75.3,0.00025193886589621795,0.09670003231934635
punjab_stubble_belt,2025-11-01,31.475,74.625,9.95449687228913e-05,0.11354775914127034
punjab_stubble_belt,2025-11-01,31.475,74.675,0.00048284789772600156,0.12634851316232257
punjab_stubble_belt,2025-11-01,31.475,74.725,0.0005654134752256536,0.13887305523933438
punjab_stubble_belt,2025-11-01,31.475,74.775,0.0006768738888803349,0.13255189203664294
punjab_stubble_belt,2025-11-01,31.475,74.825,0.0006002195052097805,0.119835158901522
punjab_stubble_belt,2025-11-01,31.475,74.875,0.00038930796671537364,0.10240357204722435
punjab_stubble_belt,2025-11-01,31.475,74.925,0.000277557150062296,0.07892319671241792
punjab_stubble_belt,2025-11-01,31.475,74.975,0.0003184641406531604,0.07796326521231232
punjab_stubble_belt,2025-11-01,31.475,75.025,0.0004648597910585851,0.07823467165111418
punjab_stubble_belt,2025-11-01,31.475,75.075,0.0005405854512993414,0.07846867986246858
punjab_stubble_belt,2025-11-01,31.475,75.125,0.0005336668349213284,0.07925135884514994
punjab_stubble_belt,2025-11-01,31.475,75.175,0.0005586985668962558,0.0849580156714595
punjab_stubble_belt,2025-11-01,31.475,75.225,0.0005079147615260885,0.08995228495595349
punjab_stubble_belt,2025-11-01,31.475,75.275,0.0003159874083178027,0.09436495232184271
punjab_stubble_belt,2025-11-01,31.525,74.625,0.00046507384081516026,0.11907496393283735
punjab_stubble_belt,2025-11-01,31.525,74.675,0.0005082095689519985,0.11712520583963539
punjab_stubble_belt,2025-11-01,31.525,74.725,0.00041996061696592245,0.09850042092109298
punjab_stubble_belt,2025-11-01,31.525,74.775,0.00033115422736423454,0.09527034523936609
punjab_stubble_belt,2025-11-01,31.525,74.825,0.0004146633134277368,0.08690342825152723
punjab_stubble_belt,2025-11-01,31.525,74.875,0.0005553882900385468,0.07410637906276878
punjab_stubble_belt,2025-11-01,31.525,74.925,0.000298668238210525,0.06333866044062665
punjab_stubble_belt,2025-11-01,31.525,74.975,0.00030686650103492724,0.06086665913041898
punjab_stubble_belt,2025-11-01,31.525,75.025,0.00022905556083746426,0.0639444328688557
punjab_stubble_belt,2025-11-01,31.525,75.075,0.00021562563644675012,0.06683195313290934
punjab_stubble_belt,2025-11-01,31.525,75.125,0.00027428726307770525,0.06917379848604926
punjab_stubble_belt,2025-11-01,31.525,75.175,0.00026489756209299004,0.0735841588729951
punjab_stubble_belt,2025-11-01,31.525,75.225,0.00037133910338490203,0.07792138717331187
punjab_stubble_belt,2025-11-01,31.525,75.275,0.0003757097344562394,0.08421168762733552
punjab_stubble_belt,2025-11-01,31.525,75.3,0.0002873403662675626,0.09196970068848025
punjab_stubble_belt,2025-11-01,31.575,74.625,0.00031946464526496455,0.10416824108379084
punjab_stubble_belt,2025-11-01,31.575,74.675,0.00031887642259444886,0.09884513547624244
punjab_stubble_belt,2025-11-01,31.575,74.725,0.00045374746909409045,0.08638072564726312
punjab_stubble_belt,2025-11-01,31.575,74.775,0.00033648711094255143,0.08324430155493716
punjab_stubble_belt,2025-11-01,31.575,74.825,0.0003380680285533879,0.07858625962441895
punjab_stubble_belt,2025-11-01,31.575,74.875,0.0004100346105776052,0.07158061762858596
punjab_stubble_belt,2025-11-01,31.575,74.925,0.0002712470206771311,0.06162667427819633
punjab_stubble_belt,2025-11-01,31.575,74.975,0.0004063184651671437,0.05886212569894633
punjab_stubble_belt,2025-11-01,31.575,75.025,0.00027634535461369865,0.06071866879153432
punjab_stubble_belt,2025-11-01,31.575,75.075,0.00024379274760714486,0.06252699707406133
punjab_stubble_belt,2025-11-01,31.575,75.125,0.0003310049124884416,0.06453265312909491
punjab_stubble_belt,2025-11-01,31.575,75.175,0.0003530876072275542,0.07256638597708026
punjab_stubble_belt,2025-11-01,31.575,75.225,0.00038730185453796713,0.07625442686059061
punjab_stubble_belt,2025-11-01,31.575,75.275,0.0003359504656410794,0.08330047459377367
punjab_stubble_belt,2025-11-01,31.575,75.3,0.00031915749450247134,0.08746321631574136
punjab_stubble_belt,2025-11-01,31.625,74.625,0.0003404691978198486,0.09238066153964324
punjab_stubble_belt,2025-11-01,31.625,74.675,0.00021349853483935337,0.08690350984013004
punjab_stubble_belt,2025-11-01,31.625,74.725,0.0004807766275046727,0.08304006747036388
punjab_stubble_belt,2025-11-01,31.625,74.775,0.000372491171014131,0.08102951295161355
punjab_stubble_belt,2025-11-01,31.625,74.825,0.0002787857708593185,0.07944662397962449
punjab_stubble_belt,2025-11-01,31.625,74.875,0.00023893533863028648,0.07696045267061581
punjab_stubble_belt,2025-11-01,31.625,74.925,0.00025026267743652036,0.06837128612300007
punjab_stubble_belt,2025-11-01,31.625,74.975,0.0003803595582166475,0.06423688611299454
punjab_stubble_belt,2025-11-01,31.625,75.025,0.0002535823058304635,0.06332120615054489
punjab_stubble_belt,2025-11-01,31.625,75.075,0.0002369961506449485,0.06351203756354085
punjab_stubble_belt,2025-11-01,31.625,75.125,0.0003530986427732638,0.06527031377479202
punjab_stubble_belt,2025-11-01,31.625,75.175,0.00039124563865332,0.07345406359269596
punjab_stubble_belt,2025-11-01,31.625,75.225,0.0003137736013196119,0.07803483938378704
punjab_stubble_belt,2025-11-01,31.625,75.275,0.00027982205785534274,0.08528011037436121
punjab_stubble_belt,2025-11-01,31.625,75.3,0.00026712376310499605,0.090057099904762
punjab_stubble_belt,2025-11-01,31.675,74.625,0.0004943484066370514,0.08298724739624688
punjab_stubble_belt,2025-11-01,31.675,74.675,0.00022913484360261827,0.07917165890940858
punjab_stubble_belt,2025-11-01,31.675,74.725,0.0004707393822371384,0.08209547606662757
punjab_stubble_belt,2025-11-01,31.675,74.775,0.0003868617513848707,0.08198648595902781
punjab_stubble_belt,2025-11-01,31.675,74.825,0.00023586622777561894,0.08266477235628648
punjab_stubble_belt,2025-11-01,31.675,74.875,0.00011892019732628654,0.08299090784798514
punjab_stubble_belt,2025-11-01,31.675,74.925,0.0002800099914584741,0.07783906038304639
punjab_stubble_belt,2025-11-01,31.675,74.975,0.0003014146584252459,0.07279663909293839
punjab_stubble_belt,2025-11-01,31.675,75.025,0.00019058475229795347,0.06989441291067591
punjab_stubble_belt,2025-11-01,31.675,75.075,0.00019371940510097278,0.06932985159893637
punjab_stubble_belt,2025-11-01,31.675,75.125,0.00030994417474907343,0.07115297321826411
punjab_stubble_belt,2025-11-01,31.675,75.175,0.0003461025780098071,0.07704235550085337
punjab_stubble_belt,2025-11-01,31.675,75.225,0.00020306872437409054,0.08263674087453288
punjab_stubble_belt,2025-11-01,31.675,75.275,0.00025537575357742845,0.08993602701109886
punjab_stubble_belt,2025-11-01,31.675,75.3,0.00037488157288030795,0.09832376154531244
punjab_stubble_belt,2025-11-01,31.725,74.625,0.0004624160809695827,0.06381204846438486
punjab_stubble_belt,2025-11-01,31.725,74.675,0.00039254713114407746,0.061095597477550084
punjab_stubble_belt,2025-11-01,31.725,74.725,0.00036996844832794284,0.06554536629830368
punjab_stubble_belt,2025-11-01,31.725,74.775,0.0003086360800481734,0.06739187644997996
punjab_stubble_belt,2025-11-01,31.725,74.825,0.00023388687688063935,0.06890647655596945
punjab_stubble_belt,2025-11-01,31.725,74.875,0.00021778228720720216,0.07048797890743023
punjab_stubble_belt,2025-11-01,31.725,74.925,0.0005028263917131757,0.07307818483527907
punjab_stubble_belt,2025-11-01,31.725,74.975,0.0004892553269284344,0.07465646854401817
punjab_stubble_belt,2025-11-01,31.725,75.025,0.0003247698330260725,0.0773034062705758
punjab_stubble_belt,2025-11-01,31.725,75.075,0.00021758984692074715,0.07996753043775504
punjab_stubble_belt,2025-11-01,31.725,75.125,0.00020148752180656565,0.08292930779377798
punjab_stubble_belt,2025-11-01,31.725,75.175,0.00024261456873675668,0.08960876047650859
punjab_stubble_belt,2025-11-01,31.725,75.225,0.0002945205841237813,0.09104255651657689
punjab_stubble_belt,2025-11-01,31.725,75.275,0.0004058042206793385,0.09910523784304387
punjab_stubble_belt,2025-11-01,31.775,74.625,0.0002687386676610316,0.0622431464906356
punjab_stubble_belt,2025-11-01,31.775,74.675,0.0002447100505419977,0.059443038584730504
punjab_stubble_belt,2025-11-01,31.775,74.725,0.0003365822994659408,0.05834528248596137
punjab_stubble_belt,2025-11-01,31.775,74.775,0.00026893769397651885,0.05985816756453141
punjab_stubble_belt,2025-11-01,31.775,74.825,0.0002477578719337671,0.06174943362176311
punjab_stubble_belt,2025-11-01,31.775,74.875,0.0002956484814975172,0.06398360095083165
punjab_stubble_belt,2025-11-01,31.775,74.925,0.0004364776466671464,0.06867932294554435
punjab_stubble_belt,2025-11-01,31.775,74.975,0.00036932800178369335,0.07180996734066664
punjab_stubble_belt,2025-11-01,31.775,75.025,0.00034216895952435234,0.07812936584590349
punjab_stubble_belt,2025-11-01,31.775,75.075,0.0003652655579010233,0.08281398598245436
punjab_stubble_belt,2025-11-01,31.775,75.125,0.00039168306912511577,0.08598775042810039
punjab_stubble_belt,2025-11-01,31.775,75.175,0.00018546988008415644,0.0940551792584696
punjab_stubble_belt,2025-11-01,31.775,75.225,0.000280507288767761,0.09670266263406958
punjab_stubble_belt,2025-11-01,31.775,75.275,0.0004298509312762589,0.10082598388825934
punjab_stubble_belt,2025-11-01,31.775,75.3,0.0004979121704071714,0.1036677135180535
punjab_stubble_belt,2025-11-01,31.825,74.625,0.0002910640741424255,0.06525206757905963
punjab_stubble_belt,2025-11-01,31.825,74.675,0.0003452029444375129,0.06293875355174333
punjab_stubble_belt,2025-11-01,31.825,74.725,0.0003227556792188632,0.06101818468610436
punjab_stubble_belt,2025-11-01,31.825,74.775,0.00032497632031756445,0.060314307538311324
punjab_stubble_belt,2025-11-01,31.825,74.825,0.0003292544351832952,0.06041975275822838
punjab_stubble_belt,2025-11-01,31.825,74.875,0.0003037836691211728,0.0616894616300998
punjab_stubble_belt,2025-11-01,31.825,74.925,0.00013387488807292908,0.0658820989193901
punjab_stubble_belt,2025-11-01,31.825,74.975,0.0002237471441674763,0.06918243130789285
punjab_stubble_belt,2025-11-01,31.825,75.025,0.0003514147435518946,0.07454845625542529
punjab_stubble_belt,2025-11-01,31.825,75.075,0.0003743905327510226,0.07903729454508993
punjab_stubble_belt,2025-11-01,31.825,75.125,0.0002879705793999129,0.08261128152973432
punjab_stubble_belt,2025-11-01,31.825,75.175,0.00018471551012189946,0.08930776570889815
punjab_stubble_belt,2025-11-01,31.825,75.225,0.00023512328127771906,0.09235277470831954
punjab_stubble_belt,2025-11-01,31.825,75.275,0.00041252076199029604,0.09423694867833955
punjab_stubble_belt,2025-11-01,31.825,75.3,0.0005234221816060711,0.09684691711420115
punjab_stubble_belt,2025-11-01,31.875,74.625,0.0003661089933196866,0.07294307494495701
punjab_stubble_belt,2025-11-01,31.875,74.675,0.0004002329397789154,0.0710609021419266
punjab_stubble_belt,2025-11-01,31.875,74.725,0.0003110753003349871,0.06537287849132763
punjab_stubble_belt,2025-11-01,31.875,74.775,0.00031141593697973094,0.06319438833463241
punjab_stubble_belt,2025-11-01,31.875,74.825,0.00035583809988457135,0.06197114058635855
punjab_stubble_belt,2025-11-01,31.875,74.875,0.00037306621819243127,0.06187226047541232
punjab_stubble_belt,2025-11-01,31.875,74.925,0.00011760214954410804,0.06429134697389519
punjab_stubble_belt,2025-11-01,31.875,74.975,0.00022894088338477206,0.06736045035904002
punjab_stubble_belt,2025-11-01,31.875,75.025,0.0003607998581014392,0.07272070692519052
punjab_stubble_belt,2025-11-01,31.875,75.075,0.00037018762112411163,0.07744915627728301
punjab_stubble_belt,2025-11-01,31.875,75.125,0.0002631810234699473,0.08114516864519856
punjab_stubble_belt,2025-11-01,31.875,75.175,0.00017942411377588977,0.08554199727241484
punjab_stubble_belt,2025-11-01,31.875,75.225,0.0002034673890714315,0.08780442082637835
punjab_stubble_belt,2025-11-01,31.875,75.275,0.00033096488487623153,0.08750512212293617
punjab_stubble_belt,2025-11-01,31.875,75.3,0.00037627296031748306,0.0858704498818828
punjab_stubble_belt,2025-11-02,31.325,74.625,0.0004472322761711365,0.19354426269498667
punjab_stubble_belt,2025-11-02,31.325,74.675,0.00044211773624350383,0.19245951711766174
punjab_stubble_belt,2025-11-02,31.325,74.725,0.00039902871820619694,0.2117269641274261
punjab_stubble_belt,2025-11-02,31.325,74.775,0.0003998576480121807,0.21408473678137985
punjab_stubble_belt,2025-11-02,31.325,74.825,0.000425547572646495,0.21954403337552386
punjab_stubble_belt,2025-11-02,31.325,74.875,0.0004574437592999519,0.22482163707349942
punjab_stubble_belt,2025-11-02,31.325,74.925,0.0004408955105907203,0.2130245886823917
punjab_stubble_belt,2025-11-02,31.325,74.975,0.000466531986039791,0.21768920285152643
punjab_stubble_belt,2025-11-02,31.325,75.025,0.00036404425534695755,0.2160646708837006
punjab_stubble_belt,2025-11-02,31.325,75.075,0.00033588404615189903,0.2174441832239794
punjab_stubble_belt,2025-11-02,31.325,75.125,0.00039037971166079377,0.22324416338904218
punjab_stubble_belt,2025-11-02,31.325,75.175,0.00037559324598773763,0.2329326324319868
punjab_stubble_belt,2025-11-02,31.325,75.225,0.0004237934936680181,0.23331049773499352
punjab_stubble_belt,2025-11-02,31.325,75.275,0.00044591238085920374,0.23240885819592594
punjab_stubble_belt,2025-11-02,31.325,75.3,0.0004422224594512848,0.23228934063948706
punjab_stubble_belt,2025-11-02,31.375,74.625,0.0004342995638048779,0.20196647642791374
punjab_stubble_belt,2025-11-02,31.375,74.675,0.0004797771278261955,0.19902768348833105
punjab_stubble_belt,2025-11-02,31.375,74.725,0.0004466278782827247,0.20945137828100727
punjab_stubble_belt,2025-11-02,31.375,74.775,0.00043697445752824676,0.2076446973759303
punjab_stubble_belt,2025-11-02,31.375,74.825,0.000464686690566626,0.20943664764726166
punjab_stubble_belt,2025-11-02,31.375,74.875,0.0004985484776464797,0.21177424111163362
punjab_stubble_belt,2025-11-02,31.375,74.925,0.0004239757538070107,0.19983291608300283
punjab_stubble_belt,2025-11-02,31.375,74.975,0.0004610380352741438,0.2035942804621981
punjab_stubble_belt,2025-11-02,31.375,75.025,0.0002255219679498809,0.2025675039375492
punjab_stubble_belt,2025-11-02,31.375,75.075,0.00016574771083311933,0.20625196099061713
punjab_stubble_belt,2025-11-02,31.375,75.125,0.0003066951311101211,0.21544114951147747
punjab_stubble_belt,2025-11-02,31.375,75.175,0.0003790184120105572,0.22674906304685158
punjab_stubble_belt,2025-11-02,31.375,75.225,0.00043543764796305463,0.22630328506309264
punjab_stubble_belt,2025-11-02,31.375,75.275,0.0004218108995707942,0.22435650601294135
punjab_stubble_belt,2025-11-02,31.375,75.3,0.00039681116789931756,0.22201055655804552
punjab_stubble_belt,2025-11-02,31.425,74.625,0.0003999628716915981,0.21187285316596483
punjab_stubble_belt,2025-11-02,31.425,74.675,0.0005299518667119346,0.20526986945877046
punjab_stubble_belt,2025-11-02,31.425,74.725,0.0005021072920692482,0.20621617304711154
punjab_stubble_belt,2025-11-02,31.425,74.775,0.0004521261957325913,0.19929981920802242
punjab_stubble_belt,2025-11-02,31.425,74.825,0.00046565017798686647,0.19636510825177847
punjab_stubble_belt,2025-11-02,31.425,74.875,0.0005015912894115209,0.19562143286577494
punjab_stubble_belt,2025-11-02,31.425,74.925,0.00039635142792712323,0.1867496771601579
punjab_stubble_belt,2025-11-02,31.425,74.975,0.00044877811163519804,0.18849863935127778
punjab_stubble_belt,2025-11-02,31.425,75.025,0.00018167908881162965,0.1911642318077573
punjab_stubble_belt,2025-11-02,31.425,75.075,0.00011783330653309277,0.19888047362641378
punjab_stubble_belt,2025-11-02,31.425,75.125,0.00029141639277914874,0.2107871466903238
punjab_stubble_belt,2025-11-02,31.425,75.175,0.0004565955750168313,0.2198230649534835
punjab_stubble_belt,2025-11-02,31.425,75.225,0.0004928327802660169,0.21880492864213455
punjab_stubble_belt,2025-11-02,31.425,75.275,0.00038837168321612336,0.21389372936080317
punjab_stubble_belt,2025-11-02,31.425,75.3,0.0003148754128079798,0.20671446061655674
punjab_stubble_belt,2025-11-02,31.475,74.625,0.00035464008664807005,0.21311189848342604
punjab_stubble_belt,2025-11-02,31.475,74.675,0.0005960984490955864,0.200413506375386
punjab_stubble_belt,2025-11-02,31.475,74.725,0.0004848313098837523,0.19888209869813422
punjab_stubble_belt,2025-11-02,31.475,74.775,0.00032358324264072187,0.1912341481683898
punjab_stubble_belt,2025-11-02,31.475,74.825,0.00027093218064275335,0.18607455236756923
punjab_stubble_belt,2025-11-02,31.475,74.875,0.0002972257712390536,0.18307514553571164
punjab_stubble_belt,2025-11-02,31.475,74.925,0.0002432597007554642,0.1774373032234669
punjab_stubble_belt,2025-11-02,31.475,74.975,0.0003672547523045469,0.1834149712103933
punjab_stubble_belt,2025-11-02,31.475,75.025,0.0004941557892719089,0.18823765242894291
punjab_stubble_belt,2025-11-02,31.475,75.075,0.0005035475567513162,0.19882347510935441
punjab_stubble_belt,2025-11-02,31.475,75.125,0.00041343453442730884,0.21299249060593176
punjab_stubble_belt,2025-11-02,31.475,75.175,0.0004318285846395207,0.21669170892591852
punjab_stubble_belt,2025-11-02,31.475,75.225,0.0004186109368765259,0.2175493854053288
punjab_stubble_belt,2025-11-02,31.475,75.275,0.0003534828926988436,0.20727700351747338
punjab_stubble_belt,2025-11-02,31.525,74.625,0.00018815591721166316,0.18788725155938363
punjab_stubble_belt,2025-11-02,31.525,74.675,0.0003495572213913866,0.187348680264192
punjab_stubble_belt,2025-11-02,31.525,74.725,0.0002913663596158488,0.17499110007623342
punjab_stubble_belt,2025-11-02,31.525,74.775,0.0002778585002080912,0.1748271577996856
punjab_stubble_belt,2025-11-02,31.525,74.825,0.00024411997266887952,0.17313567032225044
punjab_stubble_belt,2025-11-02,31.525,74.875,0.00019862454097230618,0.17113268861797573
punjab_stubble_belt,2025-11-02,31.525,74.925,0.0001795754028143007,0.17707575425010252
punjab_stubble_belt,2025-11-02,31.525,74.975,0.00017581118491452353,0.18167486568577346
punjab_stubble_belt,2025-11-02,31.525,75.025,0.00021187847986095122,0.1937545744501841
punjab_stubble_belt,2025-11-02,31.525,75.075,0.00026546222775473483,0.20269510895299006
punjab_stubble_belt,2025-11-02,31.525,75.125,0.00033333770551865783,0.20687016001764402
punjab_stubble_belt,2025-11-02,31.525,75.175,0.00040306929545508286,0.2093673296938799
punjab_stubble_belt,2025-11-02,31.525,75.225,0.00040488658528365767,0.21115715468409924
punjab_stubble_belt,2025-11-02,31.525,75.275,0.0004244077759431101,0.20235687730778404
punjab_stubble_belt,2025-11-02,31.525,75.3,0.00037942373185838503,0.1981725164933485
punjab_stubble_belt,2025-11-02,31.575,74.625,0.0002315465065280852,0.18025406945652847
punjab_stubble_belt,2025-11-02,31.575,74.675,0.0001854737783998419,0.182205541226963
punjab_stubble_belt,2025-11-02,31.575,74.725,0.00037491408511168914,0.17095026746390563
punjab_stubble_belt,2025-11-02,31.575,74.775,0.0003330724501908683,0.17131758815558998
punjab_stubble_belt,2025-11-02,31.575,74.825,0.0003150485569646306,0.17074089711795365
punjab_stubble_belt,2025-11-02,31.575,74.875,0.0003200110836342176,0.170436134635074
punjab_stubble_belt,2025-11-02,31.575,74.925,0.00025291079117089195,0.17890370846725018
punjab_stubble_belt,2025-11-02,31.575,74.975,0.00023608820691947314,0.18101031459908293
punjab_stubble_belt,2025-11-02,31.575,75.025,0.0001308544241854825,0.19330968960021574
punjab_stubble_belt,2025-11-02,31.575,75.075,8.98822867719012e-05,0.20102158849586085
punjab_stubble_belt,2025-11-02,31.575,75.125,0.00015259025501571883,0.20287257014547444
punjab_stubble_belt,2025-11-02,31.575,75.175,0.0003981332814947181,0.20631857878491194
punjab_stubble_belt,2025-11-02,31.575,75.225,0.0003905048168984442,0.20697099307654215
punjab_stubble_belt,2025-11-02,31.575,75.275,0.0003987855508898386,0.1995052763987064
punjab_stubble_belt,2025-11-02,31.575,75.3,0.00041547442360388394,0.1948887987520292
punjab_stubble_belt,2025-11-02,31.625,74.625,0.0003152324401955388,0.17452984461952498
punjab_stubble_belt,2025-11-02,31.625,74.675,0.0002670627950764457,0.17556884819668736
punjab_stubble_belt,2025-11-02,31.625,74.725,0.0004456569026763946,0.16702948497597223
punjab_stubble_belt,2025-11-02,31.625,74.775,0.0003687921504974596,0.16805218378234554
punjab_stubble_belt,2025-11-02,31.625,74.825,0.00034565717659295204,0.16875164047862803
punjab_stubble_belt,2025-11-02,31.625,74.875,0.0003810300622981958,0.17013146954769218
punjab_stubble_belt,2025-11-02,31.625,74.925,0.0003918940645939642,0.1798193146134091
punjab_stubble_belt,2025-11-02,31.625,74.975,0.0003547114853454754,0.18055411051500614
punjab_stubble_belt,2025-11-02,31.625,75.025,0.00022338700254594202,0.1888440603504698
punjab_stubble_belt,2025-11-02,31.625,75.075,0.00015096093482886482,0.19396208214195598
punjab_stubble_belt,2025-11-02,31.625,75.125,0.00017920405115475543,0.19497553011895796
punjab_stubble_belt,2025-11-02,31.625,75.175,0.0003860245446362681,0.19810978942639076
punjab_stubble_belt,2025-11-02,31.625,75.225,0.0003752523313800719,0.1954258479775762
punjab_stubble_belt,2025-11-02,31.625,75.275,0.00036456562806971377,0.19059249215426957
punjab_stubble_belt,2025-11-02,31.625,75.3,0.0003527115847380264,0.1862249165527556
punjab_stubble_belt,2025-11-02,31.675,74.625,0.00037632052370678657,0.17012643210778267
punjab_stubble_belt,2025-11-02,31.675,74.675,0.0004449754859026832,0.16834058718055245
punjab_stubble_belt,2025-11-02,31.675,74.725,0.000476021884093921,0.16349733758549428
punjab_stubble_belt,2025-11-02,31.675,74.775,0.0003909348674512029,0.1656583710612305
punjab_stubble_belt,2025-11-02,31.675,74.825,0.00034645388250572316,0.16762373356818033
punjab_stubble_belt,2025-11-02,31.675,74.875,0.00036810987159828853,0.17015054149316497
punjab_stubble_belt,2025-11-02,31.675,74.925,0.0005075277694288622,0.17932875033004803
punjab_stubble_belt,2025-11-02,31.675,74.975,0.000450805346691555,0.17826982247882617
punjab_stubble_belt,2025-11-02,31.675,75.025,0.0003794667471483996,0.18078825880357607
punjab_stubble_belt,2025-11-02,31.675,75.075,0.0003345759378947194,0.18192085479599393
punjab_stubble_belt,2025-11-02,31.675,75.125,0.00032643827968105064,0.1819365228782767
punjab_stubble_belt,2025-11-02,31.675,75.175,0.0003488301121011833,0.18377590208574174
punjab_stubble_belt,2025-11-02,31.675,75.225,0.00034747187741466026,0.1779206037498766
punjab_stubble_belt,2025-11-02,31.675,75.275,0.00031583091389874706,0.17620948362814515
punjab_stubble_belt,2025-11-02,31.675,75.3,0.0002315127382603719,0.16856848710353473
punjab_stubble_belt,2025-11-02,31.725,74.625,0.0002476511952735166,0.17016126772684204
punjab_stubble_belt,2025-11-02,31.725,74.675,0.00015904470548862277,0.16562564591350365
punjab_stubble_belt,2025-11-02,31.725,74.725,0.00046187823307389757,0.1666233777560092
punjab_stubble_belt,2025-11-02,31.725,74.775,0.00047301823408544327,0.17018583983528632
punjab_stubble_belt,2025-11-02,31.725,74.825,0.00040813015737175293,0.17231533764637535
punjab_stubble_belt,2025-11-02,31.725,74.875,0.00032329571801044247,0.1734382661403774
punjab_stubble_belt,2025-11-02,31.725,74.925,0.00032971609472865843,0.17671061700670135
punjab_stubble_belt,2025-11-02,31.725,74.975,0.0003258631524631598,0.16638295684232007
punjab_stubble_belt,2025-11-02,31.725,75.025,0.0002671533521851213,0.16658353563784772
punjab_stubble_belt,2025-11-02,31.725,75.075,0.00022218749253428085,0.16402233198499877
punjab_stubble_belt,2025-11-02,31.725,75.125,0.000206242910347815,0.15865783023362498
punjab_stubble_belt,2025-11-02,31.725,75.175,0.00022745105868468923,0.16069775966074187
punjab_stubble_belt,2025-11-02,31.725,75.225,0.00025674379250562024,0.15799790820726953
punjab_stubble_belt,2025-11-02,31.725,75.275,0.00018921189580172065,0.15814831369113888
punjab_stubble_belt,2025-11-02,31.775,74.625,0.0001781924602711496,0.1715558365267554
punjab_stubble_belt,2025-11-02,31.775,74.675,0.00015649878486619792,0.16886406621500288
punjab_stubble_belt,2025-11-02,31.775,74.725,0.0003455306084110315,0.16725430520198184
punjab_stubble_belt,2025-11-02,31.775,74.775,0.0004033296230493144,0.16804402313441003
punjab_stubble_belt,2025-11-02,31.775,74.825,0.00038604798021888163,0.16957829489555823
punjab_stubble_belt,2025-11-02,31.775,74.875,0.00033121445319497317,0.1707346922730009
punjab_stubble_belt,2025-11-02,31.775,74.925,0.00034820944793064677,0.16856363872901728
punjab_stubble_belt,2025-11-02,31.775,74.975,0.0003454377478499262,0.15895308814899153
punjab_stubble_belt,2025-11-02,31.775,75.025,0.00029285203411287433,0.15399522035500116
punjab_stubble_belt,2025-11-02,31.775,75.075,0.00024388246410711657,0.1511887747534529
punjab_stubble_belt,2025-11-02,31.775,75.125,0.0002139392903533448,0.15040294875469323
punjab_stubble_belt,2025-11-02,31.775,75.175,0.00023113403702229818,0.14984217156608498
punjab_stubble_belt,2025-11-02,31.775,75.225,0.0002333110098922023,0.15208446354847624
punjab_stubble_belt,2025-11-02,31.775,75.275,0.0002742423821777635,0.1518607721592011
punjab_stubble_belt,2025-11-02,31.775,75.3,0.0002303838258525985,0.15461842517156557
punjab_stubble_belt,2025-11-02,31.825,74.625,0.0002767886377548416,0.17445521985574935
punjab_stubble_belt,2025-11-02,31.825,74.675,0.00020422825902523812,0.17276671946361258
punjab_stubble_belt,2025-11-02,31.825,74.725,0.0001802492843103815,0.16428729024863692
punjab_stubble_belt,2025-11-02,31.825,74.775,0.0002397100042549364,0.1646383295058379
punjab_stubble_belt,2025-11-02,31.825,74.825,0.00028514656149344523,0.16397136867942388
punjab_stubble_belt,2025-11-02,31.825,74.875,0.00029052576803899924,0.1612426247165695
punjab_stubble_belt,2025-11-02,31.825,74.925,0.00021155132105269225,0.15603403799333654
punjab_stubble_belt,2025-11-02,31.825,74.975,0.00023418320928198256,0.15257661121487137
punjab_stubble_belt,2025-11-02,31.825,75.025,0.000214054600979925,0.14476879414279398
punjab_stubble_belt,2025-11-02,31.825,75.075,0.00019359099737936537,0.140533615613498
punjab_stubble_belt,2025-11-02,31.825,75.125,0.00017923512851800692,0.14054119379647328
punjab_stubble_belt,2025-11-02,31.825,75.175,0.0001677571483193608,0.141019832581405
punjab_stubble_belt,2025-11-02,31.825,75.225,0.00013634604322474304,0.14326135434770515
punjab_stubble_belt,2025-11-02,31.825,75.275,0.0002366359115599654,0.1458987099128683
punjab_stubble_belt,2025-11-02,31.825,75.3,0.0003087059497091174,0.14811173184255147
punjab_stubble_belt,2025-11-02,31.875,74.625,0.00039428136095942887,0.17660926844620223
punjab_stubble_belt,2025-11-02,31.875,74.675,0.0003338116920458908,0.17574250006039227
punjab_stubble_belt,2025-11-02,31.875,74.725,7.892901381344613e-05,0.1619703434133165
punjab_stubble_belt,2025-11-02,31.875,74.775,0.00011606673691414275,0.16112241658972276
punjab_stubble_belt,2025-11-02,31.875,74.825,0.00021962100235757353,0.15896566084981947
punjab_stubble_belt,2025-11-02,31.875,74.875,0.00031617023477864623,0.15459092398012916
punjab_stubble_belt,2025-11-02,31.875,74.925,0.00022591962394249084,0.1482380266230988
punjab_stubble_belt,2025-11-02,31.875,74.975,0.0002073762875554998,0.14874216462494716
punjab_stubble_belt,2025-11-02,31.875,75.025,0.00022865071896711723,0.14149557265676965
punjab_stubble_belt,2025-11-02,31.875,75.075,0.00022432051066585836,0.13682685136174322
punjab_stubble_belt,2025-11-02,31.875,75.125,0.00020011249638980183,0.1358661281719881
punjab_stubble_belt,2025-11-02,31.875,75.175,0.00022249309883733514,0.13488943629737565
punjab_stubble_belt,2025-11-02,31.875,75.225,0.00017610937097043618,0.13779661825820308
punjab_stubble_belt,2025-11-02,31.875,75.275,0.000178190174670317,0.142270725940404
punjab_stubble_belt,2025-11-02,31.875,75.3,0.00014668698581610354,0.14475746513091736
punjab_stubble_belt,2025-11-03,31.325,74.625,0.0002524901434191659,0.19026861803430767
punjab_stubble_belt,2025-11-03,31.325,74.675,0.000253519316756866,0.1901345710226336
punjab_stubble_belt,2025-11-03,31.325,74.725,0.0003486847052836243,0.19280905362085965
punjab_stubble_belt,2025-11-03,31.325,74.775,0.000315748574257826,0.19449041891871877
punjab_stubble_belt,2025-11-03,31.325,74.825,0.00022330307576678382,0.19877440640890645
punjab_stubble_belt,2025-11-03,31.325,74.875,0.0001470860462898299,0.20713597781216186
punjab_stubble_belt,2025-11-03,31.325,74.925,0.0003279977024013981,0.22613464495328917
punjab_stubble_belt,2025-11-03,31.325,74.975,0.00034548073670652636,0.22797392798404748
punjab_stubble_belt,2025-11-03,31.325,75.025,0.0003224555532135905,0.2325512971254733
punjab_stubble_belt,2025-11-03,31.325,75.075,0.0002958556380897822,0.23558391617889873
punjab_stubble_belt,2025-11-03,31.325,75.125,0.0002782218446604307,0.2358066280911871
punjab_stubble_belt,2025-11-03,31.325,75.175,0.0002899160362319564,0.23028975372362226
punjab_stubble_belt,2025-11-03,31.325,75.225,0.00024639224980403185,0.22987604844544382
punjab_stubble_belt,2025-11-03,31.325,75.275,0.00022827163340741042,0.22842577911980338
punjab_stubble_belt,2025-11-03,31.325,75.3,0.00021396259914243602,0.22865059333541454
punjab_stubble_belt,2025-11-03,31.375,74.625,0.0003051961626663642,0.20078174844698435
punjab_stubble_belt,2025-11-03,31.375,74.675,0.00031295052712574316,0.20002480657341
punjab_stubble_belt,2025-11-03,31.375,74.725,0.00037054546828658357,0.1992285994076066
punjab_stubble_belt,2025-11-03,31.375,74.775,0.00026849633953273175,0.1990023275046694
punjab_stubble_belt,2025-11-03,31.375,74.825,0.00014358955173209616,0.2001661259426932
punjab_stubble_belt,2025-11-03,31.375,74.875,8.342207015905816e-05,0.20435966159767666
punjab_stubble_belt,2025-11-03,31.375,74.925,0.00035427049620589344,0.21846698254451252
punjab_stubble_belt,2025-11-03,31.375,74.975,0.0003340990450740822,0.2191274296306403
punjab_stubble_belt,2025-11-03,31.375,75.025,0.0002524317427319648,0.22282810190794547
punjab_stubble_belt,2025-11-03,31.375,75.075,0.00020469846662231022,0.22547805128834286
punjab_stubble_belt,2025-11-03,31.375,75.125,0.00021562756370994098,0.22642713493119768
punjab_stubble_belt,2025-11-03,31.375,75.175,0.00032169743205964085,0.22521650673505725
punjab_stubble_belt,2025-11-03,31.375,75.225,0.0003060309295535408,0.22519258939117176
punjab_stubble_belt,2025-11-03,31.375,75.275,0.0002472084346888522,0.22412773791430285
punjab_stubble_belt,2025-11-03,31.375,75.3,0.00020668154120467047,0.2231060211120809
punjab_stubble_belt,2025-11-03,31.425,74.625,0.0003517420054139404,0.2127211972764152
punjab_stubble_belt,2025-11-03,31.425,74.675,0.00037229005367040655,0.21186382589462885
punjab_stubble_belt,2025-11-03,31.425,74.725,0.000408360399365384,0.2094891646186658
punjab_stubble_belt,2025-11-03,31.425,74.775,0.0002580288761491013,0.20644142562933146
punjab_stubble_belt,2025-11-03,31.425,74.825,0.00012445792005811603,0.20450092495763197
punjab_stubble_belt,2025-11-03,31.425,74.875,9.031682184709432e-05,0.20490177546878494
punjab_stubble_belt,2025-11-03,31.425,74.925,0.00038053917359042437,0.2116799433927116
punjab_stubble_belt,2025-11-03,31.425,74.975,0.0003234806016517547,0.2114695516148041
punjab_stubble_belt,2025-11-03,31.425,75.025,0.0001896083506794464,0.21320055200525548
punjab_stubble_belt,2025-11-03,31.425,75.075,0.00012080938239054718,0.21519475916181874
punjab_stubble_belt,2025-11-03,31.425,75.125,0.00013992052967023926,0.2172245268660751
punjab_stubble_belt,2025-11-03,31.425,75.175,0.00024324936018201726,0.21994706164895397
punjab_stubble_belt,2025-11-03,31.425,75.225,0.0002453627547931782,0.22017527294681008
punjab_stubble_belt,2025-11-03,31.425,75.275,0.0002066818766721408,0.2201275931132536
punjab_stubble_belt,2025-11-03,31.425,75.3,0.00017953807077666673,0.21940667840957573
punjab_stubble_belt,2025-11-03,31.475,74.625,0.00030290081568625714,0.2166873090693125
punjab_stubble_belt,2025-11-03,31.475,74.675,0.0003452800880792738,0.2184316988353058
punjab_stubble_belt,2025-11-03,31.475,74.725,0.00038854131221609207,0.21976040840842273
punjab_stubble_belt,2025-11-03,31.475,74.775,0.0003628912723850301,0.2160414147677241
punjab_stubble_belt,2025-11-03,31.475,74.825,0.00032465946247380755,0.2157428728922595
punjab_stubble_belt,2025-11-03,31.475,74.875,0.0003094536849465634,0.21737246664910634
punjab_stubble_belt,2025-11-03,31.475,74.925,0.00042101811981524995,0.21291286138255727
punjab_stubble_belt,2025-11-03,31.475,74.975,0.00035944944249264525,0.21281856211429656
punjab_stubble_belt,2025-11-03,31.475,75.025,0.00027628900715820717,0.21161801572309158
punjab_stubble_belt,2025-11-03,31.475,75.075,0.00023107855026490156,0.21182865418379188
punjab_stubble_belt,2025-11-03,31.475,75.125,0.00021721758702199692,0.21383743877208813
punjab_stubble_belt,2025-11-03,31.475,75.175,0.0001299700061131793,0.21765696489928077
punjab_stubble_belt,2025-11-03,31.475,75.225,8.525019135502671e-05,0.21803395713024445
punjab_stubble_belt,2025-11-03,31.475,75.275,0.00013750979358512702,0.21826600736619406
punjab_stubble_belt,2025-11-03,31.525,74.625,0.0003155895877474168,0.20791072329060975
punjab_stubble_belt,2025-11-03,31.525,74.675,0.0005609232248589391,0.2255552529012505
punjab_stubble_belt,2025-11-03,31.525,74.725,0.0005297547421938044,0.22777410636303264
punjab_stubble_belt,2025-11-03,31.525,74.775,0.0003135798855150888,0.22464747087835527
punjab_stubble_belt,2025-11-03,31.525,74.825,0.00024360439949222822,0.22000723917543882
punjab_stubble_belt,2025-11-03,31.525,74.875,0.00030807274445004913,0.2152319830980959
punjab_stubble_belt,2025-11-03,31.525,74.925,0.0003669491223761861,0.21305816613521625
punjab_stubble_belt,2025-11-03,31.525,74.975,0.0003694323207704321,0.20126082217687108
punjab_stubble_belt,2025-11-03,31.525,75.025,0.00028407461602455487,0.2070158048555069
punjab_stubble_belt,2025-11-03,31.525,75.075,0.00026068627615511466,0.21327692718700958
punjab_stubble_belt,2025-11-03,31.525,75.125,0.00030455110976876175,0.21658088767822417
punjab_stubble_belt,2025-11-03,31.525,75.175,0.0003190155890186695,0.21507039964067745
punjab_stubble_belt,2025-11-03,31.525,75.225,0.00016897193653875819,0.21778855831433316
punjab_stubble_belt,2025-11-03,31.525,75.275,0.00017158170744379817,0.21776290034711243
punjab_stubble_belt,2025-11-03,31.525,75.3,0.00018351730726283113,0.2178852646387289
punjab_stubble_belt,2025-11-03,31.575,74.625,0.0003732236404666128,0.21159293462360182
punjab_stubble_belt,2025-11-03,31.575,74.675,0.0007280597157740337,0.2304975711140618
punjab_stubble_belt,2025-11-03,31.575,74.725,0.0005763280705087264,0.2290657915337184
punjab_stubble_belt,2025-11-03,31.575,74.775,0.00024690783154920735,0.22416727876046524
punjab_stubble_belt,2025-11-03,31.575,74.825,0.00016538333940162192,0.22011049434730126
punjab_stubble_belt,2025-11-03,31.575,74.875,0.00028264934158961916,0.21583891825782342
punjab_stubble_belt,2025-11-03,31.575,74.925,0.0002975894532283998,0.2051409229238593
punjab_stubble_belt,2025-11-03,31.575,74.975,0.0003736038399633739,0.20048717857719958
punjab_stubble_belt,2025-11-03,31.575,75.025,0.0003714122533506378,0.20247429008002965
punjab_stubble_belt,2025-11-03,31.575,75.075,0.0003314559298381565,0.21005899232309597
punjab_stubble_belt,2025-11-03,31.575,75.125,0.00027643936145919283,0.22003899922263526
punjab_stubble_belt,2025-11-03,31.575,75.175,0.0002934504877906911,0.21699089663050772
punjab_stubble_belt,2025-11-03,31.575,75.225,0.00016596053817759623,0.21878107276537131
punjab_stubble_belt,2025-11-03,31.575,75.275,0.00017431221370834955,0.2184258469875155
punjab_stubble_belt,2025-11-03,31.575,75.3,0.0001919775545324188,0.2178586597431374
punjab_stubble_belt,2025-11-03,31.625,74.625,0.0004209377755229493,0.20245430493710076
punjab_stubble_belt,2025-11-03,31.625,74.675,0.0006694467817449617,0.21314202907777763
punjab_stubble_belt,2025-11-03,31.625,74.725,0.00043174710055646996,0.21199194413418992
punjab_stubble_belt,2025-11-03,31.625,74.775,0.00020014947375080939,0.21433848547239828
punjab_stubble_belt,2025-11-03,31.625,74.825,0.00020149834420239195,0.21575148077886253
punjab_stubble_belt,2025-11-03,31.625,74.875,0.0003625426265990959,0.2144774165486434
punjab_stubble_belt,2025-11-03,31.625,74.925,0.00035809145268411176,0.20588008641953193
punjab_stubble_belt,2025-11-03,31.625,74.975,0.00037062659774748274,0.20774761075456352
punjab_stubble_belt,2025-11-03,31.625,75.025,0.00035341736891279514,0.207973899128008
punjab_stubble_belt,2025-11-03,31.625,75.075,0.0002741369962574451,0.2130144793882644
punjab_stubble_belt,2025-11-03,31.625,75.125,0.000162333938167677,0.2209344038478809
punjab_stubble_belt,2025-11-03,31.625,75.175,0.0001739793660759819,0.21820451782533926
punjab_stubble_belt,2025-11-03,31.625,75.225,0.00013341272206508087,0.2171554556400425
punjab_stubble_belt,2025-11-03,31.625,75.275,0.00019007353809056627,0.21647181288901057
punjab_stubble_belt,2025-11-03,31.625,75.3,0.00024090557192233634,0.21562259908996587
punjab_stubble_belt,2025-11-03,31.675,74.625,0.00043683223223466705,0.18660011751126374
punjab_stubble_belt,2025-11-03,31.675,74.675,0.0004521570623444118,0.1852589045937067
punjab_stubble_belt,2025-11-03,31.675,74.725,0.00019268636192335437,0.18928494655429567
punjab_stubble_belt,2025-11-03,31.675,74.775,0.00018017647550911092,0.20178950849222835
punjab_stubble_belt,2025-11-03,31.675,74.825,0.0003003640698634053,0.209547035923032
punjab_stubble_belt,2025-11-03,31.675,74.875,0.00046749990835206573,0.21205553889570253
punjab_stubble_belt,2025-11-03,31.675,74.925,0.00045465250497648673,0.21341273455184886
punjab_stubble_belt,2025-11-03,31.675,74.975,0.0003433248008697756,0.21785499678544884
punjab_stubble_belt,2025-11-03,31.675,75.025,0.00026048388293597725,0.21853292086141607
punjab_stubble_belt,2025-11-03,31.675,75.075,0.00015851786155452195,0.21870230748664798
punjab_stubble_belt,2025-11-03,31.675,75.125,5.732472551775402e-05,0.21868063643288801
punjab_stubble_belt,2025-11-03,31.675,75.175,9.288415658935916e-05,0.2166323802338332
punjab_stubble_belt,2025-11-03,31.675,75.225,0.00014192410329727498,0.2128819137076604
punjab_stubble_belt,2025-11-03,31.675,75.275,0.00022310789641705132,0.2119724642999509
punjab_stubble_belt,2025-11-03,31.675,75.3,0.00022729043710511594,0.20895884063366832
punjab_stubble_belt,2025-11-03,31.725,74.625,0.00037062167086403356,0.19308153291052013
punjab_stubble_belt,2025-11-03,31.725,74.675,0.00034318239001266776,0.1910007795340647
punjab_stubble_belt,2025-11-03,31.725,74.725,0.00019689710949931396,0.205192997735956
punjab_stubble_belt,2025-11-03,31.725,74.775,0.00019808288828970937,0.20719827120050088
punjab_stubble_belt,2025-11-03,31.725,74.825,0.00023465043637684225,0.20981503434273943
punjab_stubble_belt,2025-11-03,31.725,74.875,0.00027007861401011883,0.2135449407575787
punjab_stubble_belt,2025-11-03,31.725,74.925,0.00021919425510286757,0.21644395911175252
punjab_stubble_belt,2025-11-03,31.725,74.975,0.00022355858589071252,0.21627665309640196
punjab_stubble_belt,2025-11-03,31.725,75.025,0.000241267945340444,0.21524153055325695
punjab_stubble_belt,2025-11-03,31.725,75.075,0.0002581037368253871,0.2136729574740758
punjab_stubble_belt,2025-11-03,31.725,75.125,0.0002924886320806215,0.2113821482853208
punjab_stubble_belt,2025-11-03,31.725,75.175,0.00046364556113146215,0.20648395849007523
punjab_stubble_belt,2025-11-03,31.725,75.225,0.0004430291036724969,0.20587934401933627
punjab_stubble_belt,2025-11-03,31.725,75.275,0.0002750374772816285,0.20531092096297335
punjab_stubble_belt,2025-11-03,31.775,74.625,0.00028529929509858677,0.1998899434838728
punjab_stubble_belt,2025-11-03,31.775,74.675,0.00028663157807884654,0.1993132495532655
punjab_stubble_belt,2025-11-03,31.775,74.725,0.000228448389461963,0.20454712663255104
punjab_stubble_belt,2025-11-03,31.775,74.775,0.00017165217693938434,0.20720936545140378
punjab_stubble_belt,2025-11-03,31.775,74.825,0.00016210043339739781,0.20965160586668316
punjab_stubble_belt,2025-11-03,31.775,74.875,0.0001883391719073805,0.2118072258484416
punjab_stubble_belt,2025-11-03,31.775,74.925,0.0002020452330787433,0.21338197700044917
punjab_stubble_belt,2025-11-03,31.775,74.975,0.00016417849296512425,0.21351449708962522
punjab_stubble_belt,2025-11-03,31.775,75.025,0.0003098983076639261,0.20998429084539158
punjab_stubble_belt,2025-11-03,31.775,75.075,0.00038063178815641257,0.2079022867060225
punjab_stubble_belt,2025-11-03,31.775,75.125,0.0003363506364638864,0.2068403656620443
punjab_stubble_belt,2025-11-03,31.775,75.175,0.0002024162175317484,0.198811871416972
punjab_stubble_belt,2025-11-03,31.775,75.225,0.00029239136719663245,0.19959007783229932
punjab_stubble_belt,2025-11-03,31.775,75.275,0.000325523096945236,0.19821638887604057
punjab_stubble_belt,2025-11-03,31.775,75.3,0.0002623602583004197,0.20069984171789915
punjab_stubble_belt,2025-11-03,31.825,74.625,0.0004004630977633212,0.2087229138575637
punjab_stubble_belt,2025-11-03,31.825,74.675,0.0004014538713562093,0.20852472482108908
punjab_stubble_belt,2025-11-03,31.825,74.725,0.0003726886788748116,0.2024211520365515
punjab_stubble_belt,2025-11-03,31.825,74.775,0.00033392029690922906,0.20362185275056063
punjab_stubble_belt,2025-11-03,31.825,74.825,0.00026685709308878295,0.20288889288750514
punjab_stubble_belt,2025-11-03,31.825,74.875,0.00018771793119769502,0.19989652398301244
punjab_stubble_belt,2025-11-03,31.825,74.925,0.0001279149283851801,0.1968469163025746
punjab_stubble_belt,2025-11-03,31.825,74.975,0.00011443565138934714,0.1973879536649637
punjab_stubble_belt,2025-11-03,31.825,75.025,0.0002669353481359031,0.19348090086920433
punjab_stubble_belt,2025-11-03,31.825,75.075,0.00033788707224141347,0.19093949706031252
punjab_stubble_belt,2025-11-03,31.825,75.125,0.0002906066800886964,0.18989145980743258
punjab_stubble_belt,2025-11-03,31.825,75.175,0.00015954078449887193,0.18649938138714034
punjab_stubble_belt,2025-11-03,31.825,75.225,0.00020022987360190984,0.18538323287987774
punjab_stubble_belt,2025-11-03,31.825,75.275,0.00019827250626851261,0.1866265385765934
punjab_stubble_belt,2025-11-03,31.825,75.3,0.00022817699798849815,0.18945920037041813
punjab_stubble_belt,2025-11-03,31.875,74.625,0.00045023901587913114,0.2154939876706639
punjab_stubble_belt,2025-11-03,31.875,74.675,0.00043823824235900876,0.20981771641298896
punjab_stubble_belt,2025-11-03,31.875,74.725,0.0003923813381459036,0.2008180393373736
punjab_stubble_belt,2025-11-03,31.875,74.775,0.00037078788533717794,0.20018415159239752
punjab_stubble_belt,2025-11-03,31.875,74.825,0.0003028567565047164,0.19675258119923972
punjab_stubble_belt,2025-11-03,31.875,74.875,0.00019549834990294996,0.19032069602155832
punjab_stubble_belt,2025-11-03,31.875,74.925,6.96940168903486e-05,0.18247465451715023
punjab_stubble_belt,2025-11-03,31.875,74.975,6.79045332966841e-05,0.1836786828684001
punjab_stubble_belt,2025-11-03,31.875,75.025,0.00019617999255427688,0.18024099781494698
punjab_stubble_belt,2025-11-03,31.875,75.075,0.0002744558738105689,0.1776833988671595
punjab_stubble_belt,2025-11-03,31.875,75.125,0.00027057797560160805,0.1766042234941234
punjab_stubble_belt,2025-11-03,31.875,75.175,0.00017600111784175977,0.17641209312468573
punjab_stubble_belt,2025-11-03,31.875,75.225,0.00020391012682676422,0.17472664132715926
punjab_stubble_belt,2025-11-03,31.875,75.275,0.00016418081751894698,0.17759968463504047
punjab_stubble_belt,2025-11-03,31.875,75.3,0.00014711322392081916,0.17875309668826825
punjab_stubble_belt,2025-11-04,31.325,74.625,0.0003759248245824822,0.11349104481102303
punjab_stubble_belt,2025-11-04,31.325,74.675,0.0002570696537485905,0.15709619935825003
punjab_stubble_belt,2025-11-04,31.325,74.725,0.00040326524687732634,0.1810900151525366
punjab_stubble_belt,2025-11-04,31.325,74.775,0.00021952536007612423,0.1864912762293474
punjab_stubble_belt,2025-11-04,31.325,74.825,0.00021229296950572258,0.1861627518167562
punjab_stubble_belt,2025-11-04,31.325,74.875,0.0003456434432965144,0.19143920720035346
punjab_stubble_belt,2025-11-04,31.325,74.925,0.00035602889621687956,0.24296215310381408
punjab_stubble_belt,2025-11-04,31.325,74.975,0.00033886773258691856,0.2574801640404754
punjab_stubble_belt,2025-11-04,31.325,75.025,0.00037097100960037653,0.25422433375173314
punjab_stubble_belt,2025-11-04,31.325,75.075,0.00034912322111907163,0.2500443595291616
punjab_stubble_belt,2025-11-04,31.325,75.125,0.00027847091416633097,0.24732732866273055
punjab_stubble_belt,2025-11-04,31.325,75.175,0.00029196801720101305,0.23793591834818545
punjab_stubble_belt,2025-11-04,31.325,75.225,0.00033138591835029296,0.2419975618383175
punjab_stubble_belt,2025-11-04,31.325,75.275,0.0004377816008667898,0.25288987151123615
punjab_stubble_belt,2025-11-04,31.325,75.3,0.0005202658033974183,0.26374709627669113
punjab_stubble_belt,2025-11-04,31.375,74.625,0.00035526685326204763,0.10720435757465263
punjab_stubble_belt,2025-11-04,31.375,74.675,0.0002621099809196982,0.1282910564638155
punjab_stubble_belt,2025-11-04,31.375,74.725,0.0003816201693159743,0.1590947943287133
punjab_stubble_belt,2025-11-04,31.375,74.775,0.0002790519024355121,0.1662249262511889
punjab_stubble_belt,2025-11-04,31.375,74.825,0.0002260756048560317,0.17324635833563806
punjab_stubble_belt,2025-11-04,31.375,74.875,0.00024007614815219712,0.18518695604852078
punjab_stubble_belt,2025-11-04,31.375,74.925,0.0003013144398291593,0.21556504556069558
punjab_stubble_belt,2025-11-04,31.375,74.975,0.0002522412404432507,0.22422812804384992
punjab_stubble_belt,2025-11-04,31.375,75.025,0.00035291273460499574,0.22200758165982412
punjab_stubble_belt,2025-11-04,31.375,75.075,0.000399899667585291,0.2214428544779339
punjab_stubble_belt,2025-11-04,31.375,75.125,0.0003669576686074295,0.22521231765001792
punjab_stubble_belt,2025-11-04,31.375,75.175,0.0002642142689054507,0.2350390871081796
punjab_stubble_belt,2025-11-04,31.375,75.225,0.00039712794747862463,0.2384314999822469
punjab_stubble_belt,2025-11-04,31.375,75.275,0.0004218758929977461,0.23880233882866592
punjab_stubble_belt,2025-11-04,31.375,75.3,0.0004168239846616404,0.23664795922343634
punjab_stubble_belt,2025-11-04,31.425,74.625,0.000329302025264258,0.11056297667282422
punjab_stubble_belt,2025-11-04,31.425,74.675,0.0003453005309051847,0.11765859169985494
punjab_stubble_belt,2025-11-04,31.425,74.725,0.00044112892956017584,0.15168424657476523
punjab_stubble_belt,2025-11-04,31.425,74.775,0.00038852867268261476,0.1622206419961682
punjab_stubble_belt,2025-11-04,31.425,74.825,0.0002658840170784256,0.17202082373556635
punjab_stubble_belt,2025-11-04,31.425,74.875,0.00014258075857788305,0.18197011010847255
punjab_stubble_belt,2025-11-04,31.425,74.925,0.00021195760071979875,0.18967916352934916
punjab_stubble_belt,2025-11-04,31.425,74.975,0.00016949143551791773,0.19776670470611946
punjab_stubble_belt,2025-11-04,31.425,75.025,0.0002664902887529478,0.20395285869391422
punjab_stubble_belt,2025-11-04,31.425,75.075,0.0003882375242436132,0.21035082682687148
punjab_stubble_belt,2025-11-04,31.425,75.125,0.0004748073238141598,0.21757708960892902
punjab_stubble_belt,2025-11-04,31.425,75.175,0.00031239571478764583,0.22878521975186925
punjab_stubble_belt,2025-11-04,31.425,75.225,0.0005358591173086458,0.23038659347395923
punjab_stubble_belt,2025-11-04,31.425,75.275,0.00045040635910816935,0.2234368147534671
punjab_stubble_belt,2025-11-04,31.425,75.3,0.0004006522516564941,0.2165445020989834
punjab_stubble_belt,2025-11-04,31.475,74.625,0.00041378172174787745,0.12059452617077925
punjab_stubble_belt,2025-11-04,31.475,74.675,0.0004210238195219214,0.12888556110491156
punjab_stubble_belt,2025-11-04,31.475,74.725,0.000487957609861296,0.1620102849016427
punjab_stubble_belt,2025-11-04,31.475,74.775,0.0004375105886990436,0.1707819160623352
punjab_stubble_belt,2025-11-04,31.475,74.825,0.00034572274908107177,0.17791098520558613
punjab_stubble_belt,2025-11-04,31.475,74.875,0.0002455646226375917,0.18477396895231168
punjab_stubble_belt,2025-11-04,31.475,74.925,0.00021009373641820645,0.18981725175265043
punjab_stubble_belt,2025-11-04,31.475,74.975,0.00028199460621429603,0.19771005973559266
punjab_stubble_belt,2025-11-04,31.475,75.025,0.00034604567858378683,0.20443506987235516
punjab_stubble_belt,2025-11-04,31.475,75.075,0.0004153191012171935,0.21065748958405398
punjab_stubble_belt,2025-11-04,31.475,75.125,0.0004551860578315572,0.21653561025819765
punjab_stubble_belt,2025-11-04,31.475,75.175,0.000290590665078294,0.22469977651321296
punjab_stubble_belt,2025-11-04,31.475,75.225,0.0006354373862344568,0.22563812163619207
punjab_stubble_belt,2025-11-04,31.475,75.275,0.0005425369792100396,0.21816415407374115
punjab_stubble_belt,2025-11-04,31.525,74.625,0.0005300189768939032,0.14815540389738857
punjab_stubble_belt,2025-11-04,31.525,74.675,0.0004855180900979895,0.15952525151750677
punjab_stubble_belt,2025-11-04,31.525,74.725,0.00032004120999518684,0.17855693965458863
punjab_stubble_belt,2025-11-04,31.525,74.775,0.00031799427033148733,0.18526102262640196
punjab_stubble_belt,2025-11-04,31.525,74.825,0.000293541773695492,0.189931170643484
punjab_stubble_belt,2025-11-04,31.525,74.875,0.00023946163068180637,0.19377350407571897
punjab_stubble_belt,2025-11-04,31.525,74.925,0.00017787186073263457,0.1996086635804781
punjab_stubble_belt,2025-11-04,31.525,74.975,0.0002832915079926058,0.2024234350889471
punjab_stubble_belt,2025-11-04,31.525,75.025,0.00047945365823683637,0.20470145921473945
punjab_stubble_belt,2025-11-04,31.525,75.075,0.0005596689442904293,0.2057574965375817
punjab_stubble_belt,2025-11-04,31.525,75.125,0.0004983042129713764,0.20520223584259553
punjab_stubble_belt,2025-11-04,31.525,75.175,0.00035848700453348936,0.2007155635969048
punjab_stubble_belt,2025-11-04,31.525,75.225,0.0003470084101671912,0.19839655354356062
punjab_stubble_belt,2025-11-04,31.525,75.275,0.0004319663180450683,0.19453747231505197
punjab_stubble_belt,2025-11-04,31.525,75.3,0.0004686021947964838,0.20174535442166766
punjab_stubble_belt,2025-11-04,31.575,74.625,0.0005883186510816969,0.15850874074619756
punjab_stubble_belt,2025-11-04,31.575,74.675,0.00047455770643627847,0.1699706045212277
punjab_stubble_belt,2025-11-04,31.575,74.725,0.0002879230199521222,0.1824479239075214
punjab_stubble_belt,2025-11-04,31.575,74.775,0.00031751301152939713,0.1872406244145176
punjab_stubble_belt,2025-11-04,31.575,74.825,0.0002854091581264957,0.1912886835141021
punjab_stubble_belt,2025-11-04,31.575,74.875,0.000214299408023056,0.19538593808907348
punjab_stubble_belt,2025-11-04,31.575,74.925,0.0002649922236031631,0.20089948526117618
punjab_stubble_belt,2025-11-04,31.575,74.975,0.00033320505144429126,0.20101735756390884
punjab_stubble_belt,2025-11-04,31.575,75.025,0.00039817674695915526,0.19939635364590627
punjab_stubble_belt,2025-11-04,31.575,75.075,0.00041019963574160474,0.19837772019969066
punjab_stubble_belt,2025-11-04,31.575,75.125,0.0003737113248323609,0.19761142769730505
punjab_stubble_belt,2025-11-04,31.575,75.175,0.00034410041900642246,0.1925283328278685
punjab_stubble_belt,2025-11-04,31.575,75.225,0.00033691507462250855,0.19033363473794174
punjab_stubble_belt,2025-11-04,31.575,75.275,0.0004124164215096159,0.18990465860871455
punjab_stubble_belt,2025-11-04,31.575,75.3,0.00047000019827879934,0.18996923178630926
punjab_stubble_belt,2025-11-04,31.625,74.625,0.000528208505795137,0.16823048790029838
punjab_stubble_belt,2025-11-04,31.625,74.675,0.00045114607918562136,0.17569707691269676
punjab_stubble_belt,2025-11-04,31.625,74.725,0.00028634664803482907,0.18114269157668025
punjab_stubble_belt,2025-11-04,31.625,74.775,0.00031713068306924455,0.1836698508464903
punjab_stubble_belt,2025-11-04,31.625,74.825,0.0002998374236806857,0.18742258597863182
punjab_stubble_belt,2025-11-04,31.625,74.875,0.00025648806079298157,0.1918654565648428
punjab_stubble_belt,2025-11-04,31.625,74.925,0.00034427741275606,0.1947059598312519
punjab_stubble_belt,2025-11-04,31.625,74.975,0.00031623617445638094,0.19357389823114482
punjab_stubble_belt,2025-11-04,31.625,75.025,0.00031805803050551405,0.19191000855756493
punjab_stubble_belt,2025-11-04,31.625,75.075,0.000325967590920799,0.19088456384055014
punjab_stubble_belt,2025-11-04,31.625,75.125,0.00033978397498672956,0.19013760872513502
punjab_stubble_belt,2025-11-04,31.625,75.175,0.00038210485224688794,0.18574535900459765
punjab_stubble_belt,2025-11-04,31.625,75.225,0.00036828378803460774,0.18609929419651802
punjab_stubble_belt,2025-11-04,31.625,75.275,0.0004158575277370369,0.19294554699202032
punjab_stubble_belt,2025-11-04,31.625,75.3,0.0004493407355449973,0.19928721537945177
punjab_stubble_belt,2025-11-04,31.675,74.625,0.00040091317537837364,0.17585378690409492
punjab_stubble_belt,2025-11-04,31.675,74.675,0.00041071414556931844,0.17705422880552743
punjab_stubble_belt,2025-11-04,31.675,74.725,0.00027945398934169655,0.17605683423364454
punjab_stubble_belt,2025-11-04,31.675,74.775,0.0002968531832547573,0.1768575388628187
punjab_stubble_belt,2025-11-04,31.675,74.825,0.00031763433171773804,0.18024559951340727
punjab_stubble_belt,2025-11-04,31.675,74.875,0.00033573522079412114,0.18441883834391698
punjab_stubble_belt,2025-11-04,31.675,74.925,0.0003799964631155348,0.18378805911668172
punjab_stubble_belt,2025-11-04,31.675,74.975,0.0002575468624735034,0.1832155130786339
punjab_stubble_belt,2025-11-04,31.675,75.025,0.00027023851040636925,0.18453028717185094
punjab_stubble_belt,2025-11-04,31.675,75.075,0.0003123324921088632,0.1849013617833637
punjab_stubble_belt,2025-11-04,31.675,75.125,0.00036745302421751055,0.18388479286142126
punjab_stubble_belt,2025-11-04,31.675,75.175,0.0004459695967166734,0.18135505454324435
punjab_stubble_belt,2025-11-04,31.675,75.225,0.0003776247096137793,0.18707093414551598
punjab_stubble_belt,2025-11-04,31.675,75.275,0.00040664261332759376,0.20276705091091826
punjab_stubble_belt,2025-11-04,31.675,75.3,0.00038722594507335133,0.22076268346511513
punjab_stubble_belt,2025-11-04,31.725,74.625,0.00038332104623208375,0.1712990705401261
punjab_stubble_belt,2025-11-04,31.725,74.675,0.0003085591365412629,0.1704662157930489
punjab_stubble_belt,2025-11-04,31.725,74.725,0.00017372784784882962,0.16981815557518862
punjab_stubble_belt,2025-11-04,31.725,74.775,0.000219489349747994,0.17085102959564355
punjab_stubble_belt,2025-11-04,31.725,74.825,0.00027876512589223066,0.17290118988276815
punjab_stubble_belt,2025-11-04,31.725,74.875,0.0003200935543697741,0.1752243770194833
punjab_stubble_belt,2025-11-04,31.725,74.925,0.0002971769875745468,0.17581819659578304
punjab_stubble_belt,2025-11-04,31.725,74.975,0.0002700529471520055,0.17847193061587682
punjab_stubble_belt,2025-11-04,31.725,75.025,0.00027750664840720066,0.1828310438866725
punjab_stubble_belt,2025-11-04,31.725,75.075,0.0002713879202029657,0.1842684558241042
punjab_stubble_belt,2025-11-04,31.725,75.125,0.00026917723907537273,0.1832475341700343
punjab_stubble_belt,2025-11-04,31.725,75.175,0.00040564664460232596,0.18686314451186337
punjab_stubble_belt,2025-11-04,31.725,75.225,0.0002169190106966744,0.2034758769841495
punjab_stubble_belt,2025-11-04,31.725,75.275,0.000269437151752806,0.2220278994768502
punjab_stubble_belt,2025-11-04,31.775,74.625,0.0003550413711736171,0.16755077128675375
punjab_stubble_belt,2025-11-04,31.775,74.675,0.00029437652336135084,0.16605059209384535
punjab_stubble_belt,2025-11-04,31.775,74.725,0.00027157299794387866,0.16432786855981077
punjab_stubble_belt,2025-11-04,31.775,74.775,0.0002598008016548058,0.16533948073420748
punjab_stubble_belt,2025-11-04,31.775,74.825,0.0002488530175097546,0.16782131392444313
punjab_stubble_belt,2025-11-04,31.775,74.875,0.00023401611436640125,0.17109588457313638
punjab_stubble_belt,2025-11-04,31.775,74.925,0.0001954053129717425,0.17456657312962054
punjab_stubble_belt,2025-11-04,31.775,74.975,0.00012049956241584091,0.17745687248733977
punjab_stubble_belt,2025-11-04,31.775,75.025,0.00021395630622165265,0.182851930111515
punjab_stubble_belt,2025-11-04,31.775,75.075,0.00028178866616216324,0.18571473827252374
punjab_stubble_belt,2025-11-04,31.775,75.125,0.0003017722180676729,0.18725651278536526
punjab_stubble_belt,2025-11-04,31.775,75.175,0.000327765822663844,0.19918808082321177
punjab_stubble_belt,2025-11-04,31.775,75.225,0.0003076477905104596,0.21332387021838448
punjab_stubble_belt,2025-11-04,31.775,75.275,0.0003524048673044239,0.23140526287020197
punjab_stubble_belt,2025-11-04,31.775,75.3,0.0003564246120937561,0.23760433278495424
punjab_stubble_belt,2025-11-04,31.825,74.625,0.00038688783984214693,0.16114350339070638
punjab_stubble_belt,2025-11-04,31.825,74.675,0.00026061435246861354,0.15823581163212672
punjab_stubble_belt,2025-11-04,31.825,74.725,0.00023683802730251063,0.157368489309237
punjab_stubble_belt,2025-11-04,31.825,74.775,0.00020894177014365984,0.15967805051582887
punjab_stubble_belt,2025-11-04,31.825,74.825,0.000190733432194106,0.16428108000973757
punjab_stubble_belt,2025-11-04,31.825,74.875,0.00020549032622086753,0.170390518067177
punjab_stubble_belt,2025-11-04,31.825,74.925,0.0003417248655965525,0.17738809357965377
punjab_stubble_belt,2025-11-04,31.825,74.975,0.00032161553233998706,0.18036348029355595
punjab_stubble_belt,2025-11-04,31.825,75.025,0.0003298392632393864,0.18800285948940848
punjab_stubble_belt,2025-11-04,31.825,75.075,0.0003364925407473169,0.1938878518415811
punjab_stubble_belt,2025-11-04,31.825,75.125,0.00034415327021132205,0.19955555272662895
punjab_stubble_belt,2025-11-04,31.825,75.175,0.00038868315317538684,0.22026590541674312
punjab_stubble_belt,2025-11-04,31.825,75.225,0.0004269370002772575,0.22968398566701792
punjab_stubble_belt,2025-11-04,31.825,75.275,0.0003522738844837469,0.24285544334246867
punjab_stubble_belt,2025-11-04,31.825,75.3,0.00031828544080055433,0.2488344589437934
punjab_stubble_belt,2025-11-04,31.875,74.625,0.0003870614154058635,0.15495099328665268
punjab_stubble_belt,2025-11-04,31.875,74.675,0.00019343198595923164,0.15128630966000195
punjab_stubble_belt,2025-11-04,31.875,74.725,0.00025907246485329556,0.1525783557013441
punjab_stubble_belt,2025-11-04,31.875,74.775,0.0002556442084775392,0.15599921447756515
punjab_stubble_belt,2025-11-04,31.875,74.825,0.00021635211499868124,0.16302631159327505
punjab_stubble_belt,2025-11-04,31.875,74.875,0.0002032633721332018,0.17255428929981587
punjab_stubble_belt,2025-11-04,31.875,74.925,0.000429208991955861,0.1817430369597092
punjab_stubble_belt,2025-11-04,31.875,74.975,0.0004287903561725713,0.18477013438841036
punjab_stubble_belt,2025-11-04,31.875,75.025,0.000396657812428564,0.19492633960370098
punjab_stubble_belt,2025-11-04,31.875,75.075,0.000377288127117905,0.20378924704024381
punjab_stubble_belt,2025-11-04,31.875,75.125,0.00039145843878172614,0.21255424020511604
punjab_stubble_belt,2025-11-04,31.875,75.175,0.0005130670388756173,0.23683765958940484
punjab_stubble_belt,2025-11-04,31.875,75.225,0.0005278442885633009,0.24200407900024548
punjab_stubble_belt,2025-11-04,31.875,75.275,0.00040012706302340373,0.24754754796784476
punjab_stubble_belt,2025-11-04,31.875,75.3,0.00033522274262926416,0.24925698120491271
punjab_stubble_belt,2025-11-05,31.325,74.625,0.00022469564618855838,0
punjab_stubble_belt,2025-11-05,31.325,74.675,0.00019138075444680906,0
punjab_stubble_belt,2025-11-05,31.325,74.725,8.441906458039684e-05,0
punjab_stubble_belt,2025-11-05,31.325,74.775,0.0001368216183483095,0
punjab_stubble_belt,2025-11-05,31.325,74.825,0.0001814912391245061,0
punjab_stubble_belt,2025-11-05,31.325,74.875,0.00017934147301535544,0
punjab_stubble_belt,2025-11-05,31.325,74.925,3.830462462722066e-05,0
punjab_stubble_belt,2025-11-05,31.325,74.975,0.00025483015908378455,0
punjab_stubble_belt,2025-11-05,31.325,75.025,0.00022723615136311298,0
punjab_stubble_belt,2025-11-05,31.325,75.075,0.00024769143959652896,0
punjab_stubble_belt,2025-11-05,31.325,75.125,0.0003255821193761258,0
punjab_stubble_belt,2025-11-05,31.325,75.175,0.00026575095080751045,0
punjab_stubble_belt,2025-11-05,31.325,75.225,0.00028616156671320636,0
punjab_stubble_belt,2025-11-05,31.325,75.275,0.00026100317827647935,0
punjab_stubble_belt,2025-11-05,31.325,75.3,0.00023696862534880475,0
punjab_stubble_belt,2025-11-05,31.375,74.625,0.00012963752931404338,0
punjab_stubble_belt,2025-11-05,31.375,74.675,5.060820789138325e-05,0
punjab_stubble_belt,2025-11-05,31.375,74.725,0.0001566301601599891,0
punjab_stubble_belt,2025-11-05,31.375,74.775,0.00020146394176925116,0
punjab_stubble_belt,2025-11-05,31.375,74.825,0.0002382821040610773,0
punjab_stubble_belt,2025-11-05,31.375,74.875,0.00024120658347195995,0
punjab_stubble_belt,2025-11-05,31.375,74.925,8.86889044410694e-05,0
punjab_stubble_belt,2025-11-05,31.375,74.975,0.0002450913117823072,0
punjab_stubble_belt,2025-11-05,31.375,75.025,0.00030117150539600427,0
punjab_stubble_belt,2025-11-05,31.375,75.075,0.00034502532777759163,0
punjab_stubble_belt,2025-11-05,31.375,75.125,0.0003655154309331385,0
punjab_stubble_belt,2025-11-05,31.375,75.175,0.00025566995477982273,0
punjab_stubble_belt,2025-11-05,31.375,75.225,0.0003145128985053118,0
punjab_stubble_belt,2025-11-05,31.375,75.275,0.00027717406328413936,8.66950648516552e-05
punjab_stubble_belt,2025-11-05,31.375,75.3,0.00024533038300665974,0.0001651334568602956
punjab_stubble_belt,2025-11-05,31.425,74.625,1.147044256148306e-05,0
punjab_stubble_belt,2025-11-05,31.425,74.675,-6.406288807379033e-05,0
punjab_stubble_belt,2025-11-05,31.425,74.725,0.00019128442784565138,0
punjab_stubble_belt,2025-11-05,31.425,74.775,0.00028947095501493275,0
punjab_stubble_belt,2025-11-05,31.425,74.825,0.0003300833053448066,0
punjab_stubble_belt,2025-11-05,31.425,74.875,0.00031313671813544043,0
punjab_stubble_belt,2025-11-05,31.425,74.925,0.0001981636143518851,0
punjab_stubble_belt,2025-11-05,31.425,74.975,0.00026359431954073455,0
punjab_stubble_belt,2025-11-05,31.425,75.025,0.0003836147982482966,0
punjab_stubble_belt,2025-11-05,31.425,75.075,0.0004294089345431918,0
punjab_stubble_belt,2025-11-05,31.425,75.125,0.0003834708493948303,0
punjab_stubble_belt,2025-11-05,31.425,75.175,0.0002649772222360183,0
punjab_stubble_belt,2025-11-05,31.425,75.225,0.00038274474484553304,0
punjab_stubble_belt,2025-11-05,31.425,75.275,0.0002969550469296123,0.0009347462603532193
punjab_stubble_belt,2025-11-05,31.425,75.3,0.00020923246168711346,0.00378684076741523
punjab_stubble_belt,2025-11-05,31.475,74.625,3.067151364505152e-05,0
punjab_stubble_belt,2025-11-05,31.475,74.675,-0.00010465537975804224,0
punjab_stubble_belt,2025-11-05,31.475,74.725,0.00021762925378377,0
punjab_stubble_belt,2025-11-05,31.475,74.775,0.0003451926854426029,0
punjab_stubble_belt,2025-11-05,31.475,74.825,0.00034918764102083606,0
punjab_stubble_belt,2025-11-05,31.475,74.875,0.0002853419948615591,0
punjab_stubble_belt,2025-11-05,31.475,74.925,0.0003195273696226123,0
punjab_stubble_belt,2025-11-05,31.475,74.975,0.0004202575883543341,0
punjab_stubble_belt,2025-11-05,31.475,75.025,0.00027840523029133,0
punjab_stubble_belt,2025-11-05,31.475,75.075,0.0001778864877191895,0
punjab_stubble_belt,2025-11-05,31.475,75.125,0.0001673115728848363,0
punjab_stubble_belt,2025-11-05,31.475,75.175,0.00023262374196534832,0
punjab_stubble_belt,2025-11-05,31.475,75.225,0.0003600543759032811,0
punjab_stubble_belt,2025-11-05,31.475,75.275,0.0002588234530979052,0.00436404483383638
punjab_stubble_belt,2025-11-05,31.525,74.625,0.0001232625627808307,0
punjab_stubble_belt,2025-11-05,31.525,74.675,9.745856837346375e-05,0
punjab_stubble_belt,2025-11-05,31.525,74.725,0.0002709477626086703,0
punjab_stubble_belt,2025-11-05,31.525,74.775,0.00034073805429391365,0
punjab_stubble_belt,2025-11-05,31.525,74.825,0.00026214922672929196,0
punjab_stubble_belt,2025-11-05,31.525,74.875,0.00010194309969221912,0
punjab_stubble_belt,2025-11-05,31.525,74.925,9.815520719339704e-05,0
punjab_stubble_belt,2025-11-05,31.525,74.975,0.0002300111529607479,0
punjab_stubble_belt,2025-11-05,31.525,75.025,0.00027833230921988505,0
punjab_stubble_belt,2025-11-05,31.525,75.075,0.00028115954825953934,0
punjab_stubble_belt,2025-11-05,31.525,75.125,0.00023850051345290711,0
punjab_stubble_belt,2025-11-05,31.525,75.175,0.00014094374350656608,0
punjab_stubble_belt,2025-11-05,31.525,75.225,0.0004620846253957002,0
punjab_stubble_belt,2025-11-05,31.525,75.275,0.0004572780456937954,0.0003175729805419313
punjab_stubble_belt,2025-11-05,31.525,75.3,0.0003097983959185535,0.003622312785492799
punjab_stubble_belt,2025-11-05,31.575,74.625,0.00038990737014843875,0
punjab_stubble_belt,2025-11-05,31.575,74.675,0.00026727685509790735,0
punjab_stubble_belt,2025-11-05,31.575,74.725,0.0002239335299478178,0
punjab_stubble_belt,2025-11-05,31.575,74.775,0.0002502560987654536,0
punjab_stubble_belt,2025-11-05,31.575,74.825,0.00015464431300253844,0
punjab_stubble_belt,2025-11-05,31.575,74.875,2.8721816468675544e-06,0
punjab_stubble_belt,2025-11-05,31.575,74.925,6.362839631588337e-05,0
punjab_stubble_belt,2025-11-05,31.575,74.975,0.00020167459737388077,0
punjab_stubble_belt,2025-11-05,31.575,75.025,0.0002618051916148195,0
punjab_stubble_belt,2025-11-05,31.575,75.075,0.00018282072726510465,0
punjab_stubble_belt,2025-11-05,31.575,75.125,2.7725770700587567e-05,0
punjab_stubble_belt,2025-11-05,31.575,75.175,0.00017506537968089503,0
punjab_stubble_belt,2025-11-05,31.575,75.225,0.0003986196115288834,0
punjab_stubble_belt,2025-11-05,31.575,75.275,0.0004228516395032279,0.0012327015045005434
punjab_stubble_belt,2025-11-05,31.575,75.3,0.00042254937246725066,0.0015315491375907013
punjab_stubble_belt,2025-11-05,31.625,74.625,0.00039066144358962997,0
punjab_stubble_belt,2025-11-05,31.625,74.675,0.0002614245922315558,0
punjab_stubble_belt,2025-11-05,31.625,74.725,0.0002607224509576294,0
punjab_stubble_belt,2025-11-05,31.625,74.775,0.00023974694600064164,0
punjab_stubble_belt,2025-11-05,31.625,74.825,0.00017208294560747695,0
punjab_stubble_belt,2025-11-05,31.625,74.875,9.717399629878959e-05,0
punjab_stubble_belt,2025-11-05,31.625,74.925,0.00014291687853788362,0
punjab_stubble_belt,2025-11-05,31.625,74.975,0.00024838214852172303,0
punjab_stubble_belt,2025-11-05,31.625,75.025,0.0002372603127125565,0
punjab_stubble_belt,2025-11-05,31.625,75.075,0.00013117254490813504,0
punjab_stubble_belt,2025-11-05,31.625,75.125,1.1082094098025578e-05,0
punjab_stubble_belt,2025-11-05,31.625,75.175,0.00026297279015315443,0
punjab_stubble_belt,2025-11-05,31.625,75.225,0.0004023120029074833,0
punjab_stubble_belt,2025-11-05,31.625,75.275,0.00038057211384353527,0.0011732520088984298
punjab_stubble_belt,2025-11-05,31.625,75.3,0.0003391322503867049,0.0017000814047211106
punjab_stubble_belt,2025-11-05,31.675,74.625,0.0001725239861895573,0
punjab_stubble_belt,2025-11-05,31.675,74.675,0.00011664503451635609,0
punjab_stubble_belt,2025-11-05,31.675,74.725,0.00031808144864087126,0
punjab_stubble_belt,2025-11-05,31.675,74.775,0.00026478458728181184,0
punjab_stubble_belt,2025-11-05,31.675,74.825,0.00026264143764049457,0
punjab_stubble_belt,2025-11-05,31.675,74.875,0.00030146450102092336,0
punjab_stubble_belt,2025-11-05,31.675,74.925,0.00023923730686162438,0
punjab_stubble_belt,2025-11-05,31.675,74.975,0.00029256510893920916,0
punjab_stubble_belt,2025-11-05,31.675,75.025,0.00022784711134055056,0
punjab_stubble_belt,2025-11-05,31.675,75.075,0.00016816718068791238,0
punjab_stubble_belt,2025-11-05,31.675,75.125,0.00015868789872772862,0
punjab_stubble_belt,2025-11-05,31.675,75.175,0.0003337952340937032,0
punjab_stubble_belt,2025-11-05,31.675,75.225,0.00042824412121161555,0.00048147014423452776
punjab_stubble_belt,2025-11-05,31.675,75.275,0.0003533237206202165,0.004047508174630633
punjab_stubble_belt,2025-11-05,31.675,75.3,0.00034600477749174526,0.021056944612521195
punjab_stubble_belt,2025-11-05,31.725,74.625,5.602565828588536e-07,0
punjab_stubble_belt,2025-11-05,31.725,74.675,-7.184049557598454e-06,0
punjab_stubble_belt,2025-11-05,31.725,74.725,0.00011288235991995236,0
punjab_stubble_belt,2025-11-05,31.725,74.775,0.00011032436229272185,0
punjab_stubble_belt,2025-11-05,31.725,74.825,0.00019905085113847655,0
punjab_stubble_belt,2025-11-05,31.725,74.875,0.0002960294296939574,0
punjab_stubble_belt,2025-11-05,31.725,74.925,4.955642625297519e-05,0
punjab_stubble_belt,2025-11-05,31.725,74.975,8.190021821674215e-05,0
punjab_stubble_belt,2025-11-05,31.725,75.025,0.00030538304969680857,0
punjab_stubble_belt,2025-11-05,31.725,75.075,0.0003553956267423297,0
punjab_stubble_belt,2025-11-05,31.725,75.125,0.0002206753238404479,0
punjab_stubble_belt,2025-11-05,31.725,75.175,0.0001735420416984859,0
punjab_stubble_belt,2025-11-05,31.725,75.225,0.00023009390273689246,0.0033254335427875463
punjab_stubble_belt,2025-11-05,31.725,75.275,0.000346845336023682,0.026700293457863015
punjab_stubble_belt,2025-11-05,31.775,74.625,0.00025676421041047977,0
punjab_stubble_belt,2025-11-05,31.775,74.675,0.0001702073659071831,0
punjab_stubble_belt,2025-11-05,31.775,74.725,0.0003341840636544794,0
punjab_stubble_belt,2025-11-05,31.775,74.775,0.0003774698253143096,0
punjab_stubble_belt,2025-11-05,31.775,74.825,0.00030959506018344207,0
punjab_stubble_belt,2025-11-05,31.775,74.875,0.00018524300545333692,0
punjab_stubble_belt,2025-11-05,31.775,74.925,0.00015110174406860133,0
punjab_stubble_belt,2025-11-05,31.775,74.975,0.00011006955146478355,0
punjab_stubble_belt,2025-11-05,31.775,75.025,0.00032801744118624547,0
punjab_stubble_belt,2025-11-05,31.775,75.075,0.00036513743506397576,0
punjab_stubble_belt,2025-11-05,31.775,75.125,0.00023683246604923482,0
punjab_stubble_belt,2025-11-05,31.775,75.175,0.0003858169689747726,0
punjab_stubble_belt,2025-11-05,31.775,75.225,0.00038833127718947277,0.00849122756016582
punjab_stubble_belt,2025-11-05,31.775,75.275,0.00039464000926151314,0.03975902065000503
punjab_stubble_belt,2025-11-05,31.775,75.3,0.00040653747042681415,0.051455139037018316
punjab_stubble_belt,2025-11-05,31.825,74.625,0.00018473878543492488,0
punjab_stubble_belt,2025-11-05,31.825,74.675,0.00014801572739320086,0
punjab_stubble_belt,2025-11-05,31.825,74.725,0.0003709906626948396,0
punjab_stubble_belt,2025-11-05,31.825,74.775,0.0003991021226161109,0
punjab_stubble_belt,2025-11-05,31.825,74.825,0.00026132581394945235,0
punjab_stubble_belt,2025-11-05,31.825,74.875,8.201365362110365e-05,0
punjab_stubble_belt,2025-11-05,31.825,74.925,0.0002654504555344336,0
punjab_stubble_belt,2025-11-05,31.825,74.975,0.00016926899382954278,0
punjab_stubble_belt,2025-11-05,31.825,75.025,0.0002819199949140513,0
punjab_stubble_belt,2025-11-05,31.825,75.075,0.0003431446077367941,0
punjab_stubble_belt,2025-11-05,31.825,75.125,0.0003343780028028246,8.406760308341797e-05
punjab_stubble_belt,2025-11-05,31.825,75.175,0.00040166697665850327,0.0007145746262090529
punjab_stubble_belt,2025-11-05,31.825,75.225,0.0001863031011880195,0.016549685429317368
punjab_stubble_belt,2025-11-05,31.825,75.275,0.00027464239430448226,0.04357192212877936
punjab_stubble_belt,2025-11-05,31.825,75.3,0.0003639093805943006,0.05996228051071073
punjab_stubble_belt,2025-11-05,31.875,74.625,0.00011435185231138617,0
punjab_stubble_belt,2025-11-05,31.875,74.675,0.00010113876152241259,0
punjab_stubble_belt,2025-11-05,31.875,74.725,0.0003659664927021237,0
punjab_stubble_belt,2025-11-05,31.875,74.775,0.00038340767285114394,0
punjab_stubble_belt,2025-11-05,31.875,74.825,0.00025631734210011104,0
punjab_stubble_belt,2025-11-05,31.875,74.875,0.00010753786789118299,0
punjab_stubble_belt,2025-11-05,31.875,74.925,0.0002994117021010667,0
punjab_stubble_belt,2025-11-05,31.875,74.975,0.0002461580092600154,0
punjab_stubble_belt,2025-11-05,31.875,75.025,0.0002661790275898094,0
punjab_stubble_belt,2025-11-05,31.875,75.075,0.0003073617883285708,0
punjab_stubble_belt,2025-11-05,31.875,75.125,0.000351385262123677,0.00033909374426058404
punjab_stubble_belt,2025-11-05,31.875,75.175,0.00035451292434034675,0.0029355027278432054
punjab_stubble_belt,2025-11-05,31.875,75.225,6.70497716451553e-05,0.022353563675733025
punjab_stubble_belt,2025-11-05,31.875,75.275,0.0002103812931172772,0.04398607651003664
punjab_stubble_belt,2025-11-05,31.875,75.3,0.000337956789346905,0.055528797055182835
punjab_stubble_belt,2025-11-06,31.325,74.625,8.134119867579331e-05,0
punjab_stubble_belt,2025-11-06,31.325,74.675,0.00024063550835184337,0
punjab_stubble_belt,2025-11-06,31.325,74.725,0.00032049016234272145,0
punjab_stubble_belt,2025-11-06,31.325,74.775,0.00033613890580175,0
punjab_stubble_belt,2025-11-06,31.325,74.825,0.00031786926319894655,0
punjab_stubble_belt,2025-11-06,31.325,74.875,0.00025131931671091955,0
punjab_stubble_belt,2025-11-06,31.325,74.925,5.756247707694077e-05,0
punjab_stubble_belt,2025-11-06,31.325,74.975,9.544342528845261e-05,0
punjab_stubble_belt,2025-11-06,31.325,75.025,0.0001370520842249908,0
punjab_stubble_belt,2025-11-06,31.325,75.075,0.00018134675996729779,0
punjab_stubble_belt,2025-11-06,31.325,75.125,0.00021415869380083142,0
punjab_stubble_belt,2025-11-06,31.325,75.175,0.00016770145422857947,0
punjab_stubble_belt,2025-11-06,31.325,75.225,0.00021853287726365876,0
punjab_stubble_belt,2025-11-06,31.325,75.275,0.0002492822779552428,0
punjab_stubble_belt,2025-11-06,31.325,75.3,0.0002530241695472812,0
punjab_stubble_belt,2025-11-06,31.375,74.625,0.00015188159327814905,0
punjab_stubble_belt,2025-11-06,31.375,74.675,0.00021394043795163286,0
punjab_stubble_belt,2025-11-06,31.375,74.725,0.0002813488199925542,0
punjab_stubble_belt,2025-11-06,31.375,74.775,0.00025924194635229433,0
punjab_stubble_belt,2025-11-06,31.375,74.825,0.0002548254226492455,0
punjab_stubble_belt,2025-11-06,31.375,74.875,0.00023676085859732754,0
punjab_stubble_belt,2025-11-06,31.375,74.925,4.86337741792578e-05,0
punjab_stubble_belt,2025-11-06,31.375,74.975,0.0001027568176797816,0
punjab_stubble_belt,2025-11-06,31.375,75.025,8.9579315281541e-05,0
punjab_stubble_belt,2025-11-06,31.375,75.075,8.749063684685439e-05,0
punjab_stubble_belt,2025-11-06,31.375,75.125,0.00010182056669270642,0
punjab_stubble_belt,2025-11-06,31.375,75.175,0.00010973761310252488,0
punjab_stubble_belt,2025-11-06,31.375,75.225,0.00020178926138483,0
punjab_stubble_belt,2025-11-06,31.375,75.275,0.00021313411169000427,0
punjab_stubble_belt,2025-11-06,31.375,75.3,0.00020175116251494563,0
punjab_stubble_belt,2025-11-06,31.425,74.625,0.00024107212701682663,0
punjab_stubble_belt,2025-11-06,31.425,74.675,0.00010515738754870967,0
punjab_stubble_belt,2025-11-06,31.425,74.725,0.00016885235185747313,0
punjab_stubble_belt,2025-11-06,31.425,74.775,0.00014965797864545697,0
punjab_stubble_belt,2025-11-06,31.425,74.825,0.00020023833575841824,0
punjab_stubble_belt,2025-11-06,31.425,74.875,0.00026809337095369626,0
punjab_stubble_belt,2025-11-06,31.425,74.925,0.00012994437086064265,0
punjab_stubble_belt,2025-11-06,31.425,74.975,0.0002103153666913654,0
punjab_stubble_belt,2025-11-06,31.425,75.025,0.00012094006068508482,0
punjab_stubble_belt,2025-11-06,31.425,75.075,3.834970953580741e-05,0
punjab_stubble_belt,2025-11-06,31.425,75.125,-1.4827561634024606e-06,0
punjab_stubble_belt,2025-11-06,31.425,75.175,3.253030109636088e-05,0
punjab_stubble_belt,2025-11-06,31.425,75.225,0.00011236215548685025,0
punjab_stubble_belt,2025-11-06,31.425,75.275,0.00012538672887700962,0
punjab_stubble_belt,2025-11-06,31.425,75.3,0.0001314221647651545,0
punjab_stubble_belt,2025-11-06,31.475,74.625,0.0002772421651373896,0
punjab_stubble_belt,2025-11-06,31.475,74.675,-1.6977505343491245e-05,0
punjab_stubble_belt,2025-11-06,31.475,74.725,0.00017920621511920455,0
punjab_stubble_belt,2025-11-06,31.475,74.775,0.0001736809791653717,0
punjab_stubble_belt,2025-11-06,31.475,74.825,0.00020567953200930627,0
punjab_stubble_belt,2025-11-06,31.475,74.875,0.0002552628189620603,0
punjab_stubble_belt,2025-11-06,31.475,74.925,0.00017779399817935827,0
punjab_stubble_belt,2025-11-06,31.475,74.975,0.0002051000814284785,0
punjab_stubble_belt,2025-11-06,31.475,75.025,0.000259836096447356,0
punjab_stubble_belt,2025-11-06,31.475,75.075,0.0002724683841736466,0
punjab_stubble_belt,2025-11-06,31.475,75.125,0.00021433354514879135,0
punjab_stubble_belt,2025-11-06,31.475,75.175,-6.349581141370973e-06,0
punjab_stubble_belt,2025-11-06,31.475,75.225,2.025831002872865e-05,0
punjab_stubble_belt,2025-11-06,31.475,75.275,9.428322346697959e-05,0
punjab_stubble_belt,2025-11-06,31.525,74.625,0.00011503586927163328,0
punjab_stubble_belt,2025-11-06,31.525,74.675,6.737591836276703e-05,0
punjab_stubble_belt,2025-11-06,31.525,74.725,6.639983484841792e-05,0
punjab_stubble_belt,2025-11-06,31.525,74.775,0.00019005838341587013,0
punjab_stubble_belt,2025-11-06,31.525,74.825,0.0002386203541072006,0
punjab_stubble_belt,2025-11-06,31.525,74.875,0.00024104980297867158,0
punjab_stubble_belt,2025-11-06,31.525,74.925,0.000373198799526706,0
punjab_stubble_belt,2025-11-06,31.525,74.975,0.0004783798346111948,0
punjab_stubble_belt,2025-11-06,31.525,75.025,0.0003390647655345314,0
punjab_stubble_belt,2025-11-06,31.525,75.075,0.0002691151775744214,0
punjab_stubble_belt,2025-11-06,31.525,75.125,0.0002908208235941063,0
punjab_stubble_belt,2025-11-06,31.525,75.175,0.00022712404582972198,0
punjab_stubble_belt,2025-11-06,31.525,75.225,-6.515161177477339e-05,0
punjab_stubble_belt,2025-11-06,31.525,75.275,0.00015122450570774284,0
punjab_stubble_belt,2025-11-06,31.525,75.3,0.00024007771945570242,0
punjab_stubble_belt,2025-11-06,31.575,74.625,0.00012254844694130284,0
punjab_stubble_belt,2025-11-06,31.575,74.675,0.00010745136509623655,0
punjab_stubble_belt,2025-11-06,31.575,74.725,0.0001766371200909072,0
punjab_stubble_belt,2025-11-06,31.575,74.775,0.0001960292321830348,0
punjab_stubble_belt,2025-11-06,31.575,74.825,0.0001586658082523906,0
punjab_stubble_belt,2025-11-06,31.575,74.875,0.00011164278453875885,0
punjab_stubble_belt,2025-11-06,31.575,74.925,0.0002149700438394767,0
punjab_stubble_belt,2025-11-06,31.575,74.975,0.00042576389254055054,0
punjab_stubble_belt,2025-11-06,31.575,75.025,0.00031452666305610506,0
punjab_stubble_belt,2025-11-06,31.575,75.075,0.0002095112150248156,0
punjab_stubble_belt,2025-11-06,31.575,75.125,0.00015694536419993813,0
punjab_stubble_belt,2025-11-06,31.575,75.175,0.00011584727395644084,0
punjab_stubble_belt,2025-11-06,31.575,75.225,-5.0716665085820585e-05,0
punjab_stubble_belt,2025-11-06,31.575,75.275,0.0001459247743794855,0
punjab_stubble_belt,2025-11-06,31.575,75.3,0.00030362541997083645,0
punjab_stubble_belt,2025-11-06,31.625,74.625,0.00010722764291130055,0
punjab_stubble_belt,2025-11-06,31.625,74.675,0.00012120529929416491,0
punjab_stubble_belt,2025-11-06,31.625,74.725,0.00015763498435205356,0
punjab_stubble_belt,2025-11-06,31.625,74.775,0.0001689916694575034,0
punjab_stubble_belt,2025-11-06,31.625,74.825,0.00014327133210589827,0
punjab_stubble_belt,2025-11-06,31.625,74.875,0.00010444670374217467,0
punjab_stubble_belt,2025-11-06,31.625,74.925,0.0001346712765138675,0
punjab_stubble_belt,2025-11-06,31.625,74.975,0.00021277155430395658,0
punjab_stubble_belt,2025-11-06,31.625,75.025,0.00024071337305398276,0
punjab_stubble_belt,2025-11-06,31.625,75.075,0.00019807956265552228,0
punjab_stubble_belt,2025-11-06,31.625,75.125,0.00010948127456848823,0
punjab_stubble_belt,2025-11-06,31.625,75.175,0.0001226949920900711,0
punjab_stubble_belt,2025-11-06,31.625,75.225,6.85390478391708e-05,0
punjab_stubble_belt,2025-11-06,31.625,75.275,0.00016563948531709234,0
punjab_stubble_belt,2025-11-06,31.625,75.3,0.00022892526282936216,0
punjab_stubble_belt,2025-11-06,31.675,74.625,8.855628478805509e-05,0
punjab_stubble_belt,2025-11-06,31.675,74.675,0.0001454648805553084,0
punjab_stubble_belt,2025-11-06,31.675,74.725,6.144435314502547e-05,0
punjab_stubble_belt,2025-11-06,31.675,74.775,0.0001352492394035224,0
punjab_stubble_belt,2025-11-06,31.675,74.825,0.0001726107939510145,0
punjab_stubble_belt,2025-11-06,31.675,74.875,0.00016469041861255095,0
punjab_stubble_belt,2025-11-06,31.675,74.925,0.00015443880818769498,0
punjab_stubble_belt,2025-11-06,31.675,74.975,-4.149486159636575e-05,0
punjab_stubble_belt,2025-11-06,31.675,75.025,0.00013247160132232356,0
punjab_stubble_belt,2025-11-06,31.675,75.075,0.000209438312788161,0
punjab_stubble_belt,2025-11-06,31.675,75.125,0.00015977655750542608,0
punjab_stubble_belt,2025-11-06,31.675,75.175,0.00020711204750570563,0
punjab_stubble_belt,2025-11-06,31.675,75.225,0.00021168280588410731,0
punjab_stubble_belt,2025-11-06,31.675,75.275,0.00020835747113288268,0
punjab_stubble_belt,2025-11-06,31.675,75.3,0.00024372954187552512,0
punjab_stubble_belt,2025-11-06,31.725,74.625,0.0002037096991214231,0
punjab_stubble_belt,2025-11-06,31.725,74.675,0.0003095975237206797,0
punjab_stubble_belt,2025-11-06,31.725,74.725,0.0001874174819610254,0
punjab_stubble_belt,2025-11-06,31.725,74.775,0.00018623993067427955,0
punjab_stubble_belt,2025-11-06,31.725,74.825,0.00010892260877760677,0
punjab_stubble_belt,2025-11-06,31.725,74.875,2.044273061303382e-05,0
punjab_stubble_belt,2025-11-06,31.725,74.925,0.00020407142540675705,0
punjab_stubble_belt,2025-11-06,31.725,74.975,-2.7580741372463162e-05,0
punjab_stubble_belt,2025-11-06,31.725,75.025,9.811683138042186e-07,0
punjab_stubble_belt,2025-11-06,31.725,75.075,0.00012367794550126836,0
punjab_stubble_belt,2025-11-06,31.725,75.125,0.00025108636337448374,0
punjab_stubble_belt,2025-11-06,31.725,75.175,7.779925738410127e-05,0
punjab_stubble_belt,2025-11-06,31.725,75.225,0.00012587686195548285,0
punjab_stubble_belt,2025-11-06,31.725,75.275,0.00023203073118668757,0
punjab_stubble_belt,2025-11-06,31.775,74.625,0.0002965711250327324,0
punjab_stubble_belt,2025-11-06,31.775,74.675,0.00024523593452134627,0
punjab_stubble_belt,2025-11-06,31.775,74.725,0.00010891135032386486,0
punjab_stubble_belt,2025-11-06,31.775,74.775,5.8709005299920804e-05,0
punjab_stubble_belt,2025-11-06,31.775,74.825,-3.4707379539483194e-05,0
punjab_stubble_belt,2025-11-06,31.775,74.875,-0.00012244682788264028,0
punjab_stubble_belt,2025-11-06,31.775,74.925,1.1974073574555429e-05,0
punjab_stubble_belt,2025-11-06,31.775,74.975,-5.94692910762204e-05,0
punjab_stubble_belt,2025-11-06,31.775,75.025,9.205004575757305e-05,0
punjab_stubble_belt,2025-11-06,31.775,75.075,0.0002357021032428354,0
punjab_stubble_belt,2025-11-06,31.775,75.125,0.0002992593926944791,0
punjab_stubble_belt,2025-11-06,31.775,75.175,0.00013047531591678033,0
punjab_stubble_belt,2025-11-06,31.775,75.225,0.00017462625756836843,0
punjab_stubble_belt,2025-11-06,31.775,75.275,0.00022964241648633412,0
punjab_stubble_belt,2025-11-06,31.775,75.3,0.0002766642912496042,0
punjab_stubble_belt,2025-11-06,31.825,74.625,0.000281313150708313,0
punjab_stubble_belt,2025-11-06,31.825,74.675,0.0002263919545993093,0
punjab_stubble_belt,2025-11-06,31.825,74.725,0.0002114518447771809,0
punjab_stubble_belt,2025-11-06,31.825,74.775,0.0002494324804147666,0
punjab_stubble_belt,2025-11-06,31.825,74.825,0.00013669788028336917,0
punjab_stubble_belt,2025-11-06,31.825,74.875,-3.79036200117447e-05,0
punjab_stubble_belt,2025-11-06,31.825,74.925,4.7518497195479416e-05,0
punjab_stubble_belt,2025-11-06,31.825,74.975,-0.0001238048667719717,0
punjab_stubble_belt,2025-11-06,31.825,75.025,0.000129551606709503,0
punjab_stubble_belt,2025-11-06,31.825,75.075,0.00025537165977906364,0
punjab_stubble_belt,2025-11-06,31.825,75.125,0.0002055546445615382,0
punjab_stubble_belt,2025-11-06,31.825,75.175,0.00022106344946491726,0
punjab_stubble_belt,2025-11-06,31.825,75.225,0.00022291390568553,0
punjab_stubble_belt,2025-11-06,31.825,75.275,0.00025487606752293843,0
punjab_stubble_belt,2025-11-06,31.825,75.3,0.00027150610574800424,0
punjab_stubble_belt,2025-11-06,31.875,74.625,0.0002218456017261357,0
punjab_stubble_belt,2025-11-06,31.875,74.675,0.0001989498056514802,0
punjab_stubble_belt,2025-11-06,31.875,74.725,0.00028992894109751855,0
punjab_stubble_belt,2025-11-06,31.875,74.775,0.00035149505190305825,0
punjab_stubble_belt,2025-11-06,31.875,74.825,0.00020433736728464578,0
punjab_stubble_belt,2025-11-06,31.875,74.875,-3.213195595424943e-05,0
punjab_stubble_belt,2025-11-06,31.875,74.925,7.333308254697327e-05,0
punjab_stubble_belt,2025-11-06,31.875,74.975,-0.00011900746930887218,0
punjab_stubble_belt,2025-11-06,31.875,75.025,0.00011006188870050169,0
punjab_stubble_belt,2025-11-06,31.875,75.075,0.00014486710225024752,0
punjab_stubble_belt,2025-11-06,31.875,75.125,-7.619731781543428e-06,0
punjab_stubble_belt,2025-11-06,31.875,75.175,0.00023289877415443844,0
punjab_stubble_belt,2025-11-06,31.875,75.225,0.00020599096815052267,0
punjab_stubble_belt,2025-11-06,31.875,75.275,0.00023215776127158408,0
punjab_stubble_belt,2025-11-06,31.875,75.3,0.00024098418646179487,0
punjab_stubble_belt,2025-11-07,31.325,74.625,0.0003802183803216883,0
punjab_stubble_belt,2025-11-07,31.325,74.675,0.00036339141749993525,0
punjab_stubble_belt,2025-11-07,31.325,74.725,0.00023237939843397898,0
punjab_stubble_belt,2025-11-07,31.325,74.775,0.0003123958017859172,0
punjab_stubble_belt,2025-11-07,31.325,74.825,0.00037756443496725063,0
punjab_stubble_belt,2025-11-07,31.325,74.875,0.0003848884855682414,0
punjab_stubble_belt,2025-11-07,31.325,74.925,0.0002514667616916828,0
punjab_stubble_belt,2025-11-07,31.325,74.975,0.00030762448512920053,0
punjab_stubble_belt,2025-11-07,31.325,75.025,0.00021208337765049135,0
punjab_stubble_belt,2025-11-07,31.325,75.075,0.00014971392232856237,0
punjab_stubble_belt,2025-11-07,31.325,75.125,0.00014396595734963473,0
punjab_stubble_belt,2025-11-07,31.325,75.175,0.0001291126385780917,0
punjab_stubble_belt,2025-11-07,31.325,75.225,0.000279635383163705,0
punjab_stubble_belt,2025-11-07,31.325,75.275,0.00033287723425305964,0
punjab_stubble_belt,2025-11-07,31.325,75.3,0.0003396715301140524,0
punjab_stubble_belt,2025-11-07,31.375,74.625,0.0003234042596504327,0
punjab_stubble_belt,2025-11-07,31.375,74.675,0.00027924144770010475,0
punjab_stubble_belt,2025-11-07,31.375,74.725,0.00022946552953742437,0
punjab_stubble_belt,2025-11-07,31.375,74.775,0.000287717630080368,0
punjab_stubble_belt,2025-11-07,31.375,74.825,0.00033402650535677744,0
punjab_stubble_belt,2025-11-07,31.375,74.875,0.00033044711121776356,0
punjab_stubble_belt,2025-11-07,31.375,74.925,0.00018464783628902248,0
punjab_stubble_belt,2025-11-07,31.375,74.975,0.0002680774008479347,0
punjab_stubble_belt,2025-11-07,31.375,75.025,0.0002780922579206627,0
punjab_stubble_belt,2025-11-07,31.375,75.075,0.00021204465823673074,0
punjab_stubble_belt,2025-11-07,31.375,75.125,9.907065646154835e-05,0
punjab_stubble_belt,2025-11-07,31.375,75.175,0.0001027167414597734,0
punjab_stubble_belt,2025-11-07,31.375,75.225,0.00023589498932662906,0
punjab_stubble_belt,2025-11-07,31.375,75.275,0.00022106350960965408,0
punjab_stubble_belt,2025-11-07,31.375,75.3,0.00017322577119291055,0
punjab_stubble_belt,2025-11-07,31.425,74.625,0.00022712718891958184,0
punjab_stubble_belt,2025-11-07,31.425,74.675,0.00015226475436685074,0
punjab_stubble_belt,2025-11-07,31.425,74.725,0.00020311858322805292,0
punjab_stubble_belt,2025-11-07,31.425,74.775,0.00022616632081427597,0
punjab_stubble_belt,2025-11-07,31.425,74.825,0.00024580827149571244,0
punjab_stubble_belt,2025-11-07,31.425,74.875,0.00023294969246204683,0
punjab_stubble_belt,2025-11-07,31.425,74.925,7.061819486028959e-05,0
punjab_stubble_belt,2025-11-07,31.425,74.975,0.00023640665129406814,0
punjab_stubble_belt,2025-11-07,31.425,75.025,0.0003990880603920533,0
punjab_stubble_belt,2025-11-07,31.425,75.075,0.0003563240384115282,0
punjab_stubble_belt,2025-11-07,31.425,75.125,0.0001392154182123855,0
punjab_stubble_belt,2025-11-07,31.425,75.175,8.386947030097859e-05,0
punjab_stubble_belt,2025-11-07,31.425,75.225,0.00012617282532749116,0
punjab_stubble_belt,2025-11-07,31.425,75.275,6.64228797640035e-05,0
punjab_stubble_belt,2025-11-07,31.425,75.3,0.00011413924697443065,0
punjab_stubble_belt,2025-11-07,31.475,74.625,0.0001543350129647259,0
punjab_stubble_belt,2025-11-07,31.475,74.675,0.0001640169806195218,0
punjab_stubble_belt,2025-11-07,31.475,74.725,7.53460106756865e-05,0
punjab_stubble_belt,2025-11-07,31.475,74.775,0.0001359695799970193,0
punjab_stubble_belt,2025-11-07,31.475,74.825,0.00011165765887260116,0
punjab_stubble_belt,2025-11-07,31.475,74.875,9.194837903091555e-06,0
punjab_stubble_belt,2025-11-07,31.475,74.925,-8.24043003696141e-05,0
punjab_stubble_belt,2025-11-07,31.475,74.975,3.4524462129490576e-05,0
punjab_stubble_belt,2025-11-07,31.475,75.025,0.00030639201709310385,0
punjab_stubble_belt,2025-11-07,31.475,75.075,0.00032745918227786966,0
punjab_stubble_belt,2025-11-07,31.475,75.125,0.0001239905415418293,0
punjab_stubble_belt,2025-11-07,31.475,75.175,0.00020026764279049876,0
punjab_stubble_belt,2025-11-07,31.475,75.225,0.00013089644974239678,0
punjab_stubble_belt,2025-11-07,31.475,75.275,0.0002007312470832602,0
punjab_stubble_belt,2025-11-07,31.525,74.625,0.00015331220730342165,0
punjab_stubble_belt,2025-11-07,31.525,74.675,0.00015331033603854628,0
punjab_stubble_belt,2025-11-07,31.525,74.725,0.00024113874007939025,0
punjab_stubble_belt,2025-11-07,31.525,74.775,0.0002334012408090767,0
punjab_stubble_belt,2025-11-07,31.525,74.825,0.0002241004088823957,0
punjab_stubble_belt,2025-11-07,31.525,74.875,0.0002036472585503345,0
punjab_stubble_belt,2025-11-07,31.525,74.925,9.08725619917071e-05,0
punjab_stubble_belt,2025-11-07,31.525,74.975,5.35893622267387e-05,0
punjab_stubble_belt,2025-11-07,31.525,75.025,0.00031361532018208375,0
punjab_stubble_belt,2025-11-07,31.525,75.075,0.00048448128788570457,0
punjab_stubble_belt,2025-11-07,31.525,75.125,0.0005068252937772067,0
punjab_stubble_belt,2025-11-07,31.525,75.175,0.0004491324675784236,0
punjab_stubble_belt,2025-11-07,31.525,75.225,0.00034246816349142484,0
punjab_stubble_belt,2025-11-07,31.525,75.275,0.00035917678317302893,0
punjab_stubble_belt,2025-11-07,31.525,75.3,0.000323438563933349,0
punjab_stubble_belt,2025-11-07,31.575,74.625,0.00022666691319293708,0
punjab_stubble_belt,2025-11-07,31.575,74.675,0.000188001037591219,0
punjab_stubble_belt,2025-11-07,31.575,74.725,0.00032100932098843877,0
punjab_stubble_belt,2025-11-07,31.575,74.775,0.00023148716019890666,0
punjab_stubble_belt,2025-11-07,31.575,74.825,0.000177084397511575,0
punjab_stubble_belt,2025-11-07,31.575,74.875,0.0001721958870290915,0
punjab_stubble_belt,2025-11-07,31.575,74.925,0.0001767399012758246,0
punjab_stubble_belt,2025-11-07,31.575,74.975,0.00014246155340321106,0
punjab_stubble_belt,2025-11-07,31.575,75.025,0.00036316476658183763,0
punjab_stubble_belt,2025-11-07,31.575,75.075,0.0004986528169638029,0
punjab_stubble_belt,2025-11-07,31.575,75.125,0.0004952124035136172,0
punjab_stubble_belt,2025-11-07,31.575,75.175,0.00036228277617213005,0
punjab_stubble_belt,2025-11-07,31.575,75.225,0.0003143856855165582,0
punjab_stubble_belt,2025-11-07,31.575,75.275,0.0003831040805448221,0
punjab_stubble_belt,2025-11-07,31.575,75.3,0.00042291911362743223,0
punjab_stubble_belt,2025-11-07,31.625,74.625,0.0002158348143717438,0
punjab_stubble_belt,2025-11-07,31.625,74.675,0.00016411404570039695,0
punjab_stubble_belt,2025-11-07,31.625,74.725,0.00037978749881707437,0
punjab_stubble_belt,2025-11-07,31.625,74.775,0.00034582169495126267,0
punjab_stubble_belt,2025-11-07,31.625,74.825,0.0002548854715825388,0
punjab_stubble_belt,2025-11-07,31.625,74.875,0.0001582581382379547,0
punjab_stubble_belt,2025-11-07,31.625,74.925,0.0001497439352772129,0
punjab_stubble_belt,2025-11-07,31.625,74.975,0.0002012129098980381,0
punjab_stubble_belt,2025-11-07,31.625,75.025,0.00030874724453429554,0
punjab_stubble_belt,2025-11-07,31.625,75.075,0.00038433883227435324,0
punjab_stubble_belt,2025-11-07,31.625,75.125,0.00040805527139991783,0
punjab_stubble_belt,2025-11-07,31.625,75.175,0.0003700559743058954,0
punjab_stubble_belt,2025-11-07,31.625,75.225,0.00035986909233182217,0
punjab_stubble_belt,2025-11-07,31.625,75.275,0.0003562882372904578,0
punjab_stubble_belt,2025-11-07,31.625,75.3,0.00033240648195152615,0
punjab_stubble_belt,2025-11-07,31.675,74.625,0.00015384559388284367,0
punjab_stubble_belt,2025-11-07,31.675,74.675,0.00010668913542796989,0
punjab_stubble_belt,2025-11-07,31.675,74.725,0.0003848867292325986,0
punjab_stubble_belt,2025-11-07,31.675,74.775,0.00048845941181753,0
punjab_stubble_belt,2025-11-07,31.675,74.825,0.0004013481455989729,0
punjab_stubble_belt,2025-11-07,31.675,74.875,0.00019903738594665503,0
punjab_stubble_belt,2025-11-07,31.675,74.925,0.00010927106219045849,0
punjab_stubble_belt,2025-11-07,31.675,74.975,0.00023655084870150727,0
punjab_stubble_belt,2025-11-07,31.675,75.025,0.00021190258208889483,0
punjab_stubble_belt,2025-11-07,31.675,75.075,0.00023640909591841474,0
punjab_stubble_belt,2025-11-07,31.675,75.125,0.00032959971130240996,0
punjab_stubble_belt,2025-11-07,31.675,75.175,0.00045465154081318697,0
punjab_stubble_belt,2025-11-07,31.675,75.225,0.0004317525744821522,0
punjab_stubble_belt,2025-11-07,31.675,75.275,0.00029495980570072583,0
punjab_stubble_belt,2025-11-07,31.675,75.3,0.00019956774433879196,0
punjab_stubble_belt,2025-11-07,31.725,74.625,0.00020158251140950712,0
punjab_stubble_belt,2025-11-07,31.725,74.675,0.0001315444635536641,0
punjab_stubble_belt,2025-11-07,31.725,74.725,0.0001894931618107657,0
punjab_stubble_belt,2025-11-07,31.725,74.775,0.0003010576434894639,0
punjab_stubble_belt,2025-11-07,31.725,74.825,0.00035619842490267983,0
punjab_stubble_belt,2025-11-07,31.725,74.875,0.0003659864146916072,0
punjab_stubble_belt,2025-11-07,31.725,74.925,0.00041180562587363656,0
punjab_stubble_belt,2025-11-07,31.725,74.975,0.000316591981780167,0
punjab_stubble_belt,2025-11-07,31.725,75.025,0.00030414208929396044,0
punjab_stubble_belt,2025-11-07,31.725,75.075,0.0003517676670874068,0
punjab_stubble_belt,2025-11-07,31.725,75.125,0.00043052797493804663,0
punjab_stubble_belt,2025-11-07,31.725,75.175,0.00041721306042354935,0
punjab_stubble_belt,2025-11-07,31.725,75.225,0.00027556253933742116,0
punjab_stubble_belt,2025-11-07,31.725,75.275,0.00021349514822922093,0
punjab_stubble_belt,2025-11-07,31.775,74.625,0.00019853045521118232,0
punjab_stubble_belt,2025-11-07,31.775,74.675,0.00011645215824180605,0
punjab_stubble_belt,2025-11-07,31.775,74.725,0.0002775153863533011,0
punjab_stubble_belt,2025-11-07,31.775,74.775,0.00029037235836851987,0
punjab_stubble_belt,2025-11-07,31.775,74.825,0.000315786627542248,0
punjab_stubble_belt,2025-11-07,31.775,74.875,0.00034799496895704927,0
punjab_stubble_belt,2025-11-07,31.775,74.925,0.00031446423759824715,0
punjab_stubble_belt,2025-11-07,31.775,74.975,0.00040900466833106045,0
punjab_stubble_belt,2025-11-07,31.775,75.025,0.00034490988212342814,0
punjab_stubble_belt,2025-11-07,31.775,75.075,0.0003025619492273099,0
punjab_stubble_belt,2025-11-07,31.775,75.125,0.0002999061677958988,0
punjab_stubble_belt,2025-11-07,31.775,75.175,0.0002675771730895313,0
punjab_stubble_belt,2025-11-07,31.775,75.225,0.00011321047728696537,0
punjab_stubble_belt,2025-11-07,31.775,75.275,0.00018344541806651968,0
punjab_stubble_belt,2025-11-07,31.775,75.3,0.0002201458398419063,0
punjab_stubble_belt,2025-11-07,31.825,74.625,0.00012693012337485784,0
punjab_stubble_belt,2025-11-07,31.825,74.675,0.00015610251138378846,0
punjab_stubble_belt,2025-11-07,31.825,74.725,0.00018143979232347794,0
punjab_stubble_belt,2025-11-07,31.825,74.775,0.0002005788049371018,0
punjab_stubble_belt,2025-11-07,31.825,74.825,0.0002204040778866679,0
punjab_stubble_belt,2025-11-07,31.825,74.875,0.000237534264673863,0
punjab_stubble_belt,2025-11-07,31.825,74.925,0.00025661507842708755,0
punjab_stubble_belt,2025-11-07,31.825,74.975,0.0002964268792534658,0
punjab_stubble_belt,2025-11-07,31.825,75.025,0.00029295588414771713,0
punjab_stubble_belt,2025-11-07,31.825,75.075,0.00033338874018922984,0
punjab_stubble_belt,2025-11-07,31.825,75.125,0.00040430946526452807,0
punjab_stubble_belt,2025-11-07,31.825,75.175,0.0003742156288717092,0
punjab_stubble_belt,2025-11-07,31.825,75.225,0.00025289164825148227,0
punjab_stubble_belt,2025-11-07,31.825,75.275,0.00032700325031668494,0
punjab_stubble_belt,2025-11-07,31.825,75.3,0.0003592098565933336,0
punjab_stubble_belt,2025-11-07,31.875,74.625,9.136368525459371e-05,0
punjab_stubble_belt,2025-11-07,31.875,74.675,0.00018659172447278564,0
punjab_stubble_belt,2025-11-07,31.875,74.725,0.0002024756101709051,0
punjab_stubble_belt,2025-11-07,31.875,74.775,0.00021443904885031949,0
punjab_stubble_belt,2025-11-07,31.875,74.825,0.0002103553687667132,0
punjab_stubble_belt,2025-11-07,31.875,74.875,0.00020048674921592733,0
punjab_stubble_belt,2025-11-07,31.875,74.925,0.00022435572203200477,0
punjab_stubble_belt,2025-11-07,31.875,74.975,0.00022788731514056625,0
punjab_stubble_belt,2025-11-07,31.875,75.025,0.0002564676140345653,0
punjab_stubble_belt,2025-11-07,31.875,75.075,0.0003420457283156403,0
punjab_stubble_belt,2025-11-07,31.875,75.125,0.00045161996533292037,0
punjab_stubble_belt,2025-11-07,31.875,75.175,0.0004065307492406104,0
punjab_stubble_belt,2025-11-07,31.875,75.225,0.0003617036055220487,0
punjab_stubble_belt,2025-11-07,31.875,75.275,0.0004141925606609077,0
punjab_stubble_belt,2025-11-07,31.875,75.3,0.0004503567236898247,0
punjab_stubble_belt,2025-11-08,31.325,74.625,0.00024168504193729814,0.1472948244670973
punjab_stubble_belt,2025-11-08,31.325,74.675,0.00025887803795759837,0.14939715748350416
punjab_stubble_belt,2025-11-08,31.325,74.725,0.0001427974334449871,0.14847907769185822
punjab_stubble_belt,2025-11-08,31.325,74.775,0.0002480249972863711,0.15217565040604922
punjab_stubble_belt,2025-11-08,31.325,74.825,0.000281548816261668,0.1535480939336923
punjab_stubble_belt,2025-11-08,31.325,74.875,0.00027426433435634006,0.15355676967689513
punjab_stubble_belt,2025-11-08,31.325,74.925,0.00043127859312633245,0.1583026926284641
punjab_stubble_belt,2025-11-08,31.325,74.975,0.0004821231376922891,0.15886242857745542
punjab_stubble_belt,2025-11-08,31.325,75.025,0.0004415262865463528,0.1569608288584858
punjab_stubble_belt,2025-11-08,31.325,75.075,0.00041293678140878287,0.15564136234673617
punjab_stubble_belt,2025-11-08,31.325,75.125,0.0004104226659331181,0.15519487199260534
punjab_stubble_belt,2025-11-08,31.325,75.175,0.0004119212892477201,0.1536806160047543
punjab_stubble_belt,2025-11-08,31.325,75.225,0.000446804380012059,0.1515314368903857
punjab_stubble_belt,2025-11-08,31.325,75.275,0.00037161991672761576,0.14711235932884217
punjab_stubble_belt,2025-11-08,31.325,75.3,0.0003449020428282661,0.1450142735972063
punjab_stubble_belt,2025-11-08,31.375,74.625,0.00012714404386962786,0.1467378875529264
punjab_stubble_belt,2025-11-08,31.375,74.675,0.00022069233677584862,0.14798982853629053
punjab_stubble_belt,2025-11-08,31.375,74.725,0.00020219034599001343,0.14521535423306808
punjab_stubble_belt,2025-11-08,31.375,74.775,0.0003025117447318407,0.14753918183953682
punjab_stubble_belt,2025-11-08,31.375,74.825,0.0003294356538401244,0.14717961623151754
punjab_stubble_belt,2025-11-08,31.375,74.875,0.0003092254429043951,0.14506892929860737
punjab_stubble_belt,2025-11-08,31.375,74.925,0.00039532447517299124,0.14732685892277833
punjab_stubble_belt,2025-11-08,31.375,74.975,0.0003528990803062938,0.14680971715873348
punjab_stubble_belt,2025-11-08,31.375,75.025,0.0003571789517998293,0.1470983628589487
punjab_stubble_belt,2025-11-08,31.375,75.075,0.000365478857820547,0.1471073157581247
punjab_stubble_belt,2025-11-08,31.375,75.125,0.0003674872257922483,0.1472723994551496
punjab_stubble_belt,2025-11-08,31.375,75.175,0.0003309854323426535,0.14939246828126299
punjab_stubble_belt,2025-11-08,31.375,75.225,0.00032658692618517594,0.1476514413093416
punjab_stubble_belt,2025-11-08,31.375,75.275,0.0002606522726064666,0.1442928772721558
punjab_stubble_belt,2025-11-08,31.375,75.3,0.00020908632878135255,0.1420682933359444
punjab_stubble_belt,2025-11-08,31.425,74.625,9.716130337139852e-05,0.14707358219779468
punjab_stubble_belt,2025-11-08,31.425,74.675,0.0002344491117260656,0.1478010207196575
punjab_stubble_belt,2025-11-08,31.425,74.725,0.00025410218059939457,0.14418252168167975
punjab_stubble_belt,2025-11-08,31.425,74.775,0.00033325184984994596,0.14354258256405428
punjab_stubble_belt,2025-11-08,31.425,74.825,0.0003486454078964028,0.1413281879567642
punjab_stubble_belt,2025-11-08,31.425,74.875,0.00032601181039322824,0.1379449285002953
punjab_stubble_belt,2025-11-08,31.425,74.925,0.00038658675897784104,0.13556108212282394
punjab_stubble_belt,2025-11-08,31.425,74.975,0.00025422101398660653,0.13350712942981824
punjab_stubble_belt,2025-11-08,31.425,75.025,0.00027785865918182444,0.13600688209201933
punjab_stubble_belt,2025-11-08,31.425,75.075,0.0003083934647160605,0.13790973208042154
punjab_stubble_belt,2025-11-08,31.425,75.125,0.00031130311863303544,0.1391825911643437
punjab_stubble_belt,2025-11-08,31.425,75.175,0.000221730508316673,0.14465941589380335
punjab_stubble_belt,2025-11-08,31.425,75.225,0.00016689084831737365,0.14238929592505817
punjab_stubble_belt,2025-11-08,31.425,75.275,0.00014764923041862173,0.14099316276721974
punjab_stubble_belt,2025-11-08,31.425,75.3,0.00014366217412000934,0.13978257261578128
punjab_stubble_belt,2025-11-08,31.475,74.625,0.0002632154651107445,0.14405645987116958
punjab_stubble_belt,2025-11-08,31.475,74.675,0.0002969584445854719,0.14450339767147477
punjab_stubble_belt,2025-11-08,31.475,74.725,0.00015178509818139678,0.14280465721841545
punjab_stubble_belt,2025-11-08,31.475,74.775,0.0002076390461560961,0.1410287855289693
punjab_stubble_belt,2025-11-08,31.475,74.825,0.0002609409291771174,0.13883278005550692
punjab_stubble_belt,2025-11-08,31.475,74.875,0.0002964830679774411,0.1363084149972436
punjab_stubble_belt,2025-11-08,31.475,74.925,0.0003373859712906504,0.13343867064981102
punjab_stubble_belt,2025-11-08,31.475,74.975,0.00024014049880979703,0.1312514916651909
punjab_stubble_belt,2025-11-08,31.475,75.025,0.00028480257806302606,0.1341001672067883
punjab_stubble_belt,2025-11-08,31.475,75.075,0.0003456106180561817,0.13580665561427202
punjab_stubble_belt,2025-11-08,31.475,75.125,0.0003715564314206599,0.1365418905142547
punjab_stubble_belt,2025-11-08,31.475,75.175,0.0002125413562802423,0.14316571479318152
punjab_stubble_belt,2025-11-08,31.475,75.225,0.00018224966770142775,0.1389067663717817
punjab_stubble_belt,2025-11-08,31.475,75.275,0.00015973399650395022,0.13866497760493263
punjab_stubble_belt,2025-11-08,31.525,74.625,0.00024782157957076043,0.13467705132580582
punjab_stubble_belt,2025-11-08,31.525,74.675,0.00026833444385023403,0.13392202018924299
punjab_stubble_belt,2025-11-08,31.525,74.725,0.0002431234350632093,0.13476669749514988
punjab_stubble_belt,2025-11-08,31.525,74.775,0.00016556008719942824,0.13432297256020173
punjab_stubble_belt,2025-11-08,31.525,74.825,0.00020523343150013766,0.1347131459887555
punjab_stubble_belt,2025-11-08,31.525,74.875,0.00031789126067681574,0.13600818331595857
punjab_stubble_belt,2025-11-08,31.525,74.925,0.0003093268726693664,0.1376383181987992
punjab_stubble_belt,2025-11-08,31.525,74.975,0.0002620831546801404,0.13615111209460343
punjab_stubble_belt,2025-11-08,31.525,75.025,0.0001125827618954171,0.1366214346495521
punjab_stubble_belt,2025-11-08,31.525,75.075,0.00012960363220378382,0.13718770632996388
punjab_stubble_belt,2025-11-08,31.525,75.125,0.0002903581626018134,0.13693548141391573
punjab_stubble_belt,2025-11-08,31.525,75.175,0.00021371194196264618,0.1325985144141231
punjab_stubble_belt,2025-11-08,31.525,75.225,0.00024920382916480337,0.13191722171025796
punjab_stubble_belt,2025-11-08,31.525,75.275,0.00030313485653808914,0.13314240607267702
punjab_stubble_belt,2025-11-08,31.525,75.3,0.0002493075747583212,0.13626489924294377
punjab_stubble_belt,2025-11-08,31.575,74.625,0.00043336421957835815,0.13217686338056953
punjab_stubble_belt,2025-11-08,31.575,74.675,0.00044260218721119306,0.1303601084256881
punjab_stubble_belt,2025-11-08,31.575,74.725,0.0003109373952360408,0.1321189442113384
punjab_stubble_belt,2025-11-08,31.575,74.775,0.0002633783103471168,0.1320233316391023
punjab_stubble_belt,2025-11-08,31.575,74.825,0.0002928503970080794,0.13334783187715268
punjab_stubble_belt,2025-11-08,31.575,74.875,0.00034485532293717866,0.13586525936093796
punjab_stubble_belt,2025-11-08,31.575,74.925,0.00023832413915994487,0.13822316216625716
punjab_stubble_belt,2025-11-08,31.575,74.975,0.0003386789606591539,0.1381694350062871
punjab_stubble_belt,2025-11-08,31.575,75.025,0.00021264106363298705,0.13826144952692082
punjab_stubble_belt,2025-11-08,31.575,75.075,0.00017309158358725732,0.13837230357181252
punjab_stubble_belt,2025-11-08,31.575,75.125,0.0002385050012228859,0.13765804344772153
punjab_stubble_belt,2025-11-08,31.575,75.175,0.0002462362536426873,0.13127234229498255
punjab_stubble_belt,2025-11-08,31.575,75.225,0.0002482293572785254,0.13130203886606956
punjab_stubble_belt,2025-11-08,31.575,75.275,0.0002773866609868199,0.13256893550045196
punjab_stubble_belt,2025-11-08,31.575,75.3,0.0003098925331196445,0.13344281698890817
punjab_stubble_belt,2025-11-08,31.625,74.625,0.00036281775131975417,0.12823491815333926
punjab_stubble_belt,2025-11-08,31.625,74.675,0.0004103638373704099,0.12720288186265793
punjab_stubble_belt,2025-11-08,31.625,74.725,0.0003046228117992326,0.12984088394401583
punjab_stubble_belt,2025-11-08,31.625,74.775,0.0003116750712122956,0.13020658322362633
punjab_stubble_belt,2025-11-08,31.625,74.825,0.0003439336455782049,0.13153967825238913
punjab_stubble_belt,2025-11-08,31.625,74.875,0.00036204131660402903,0.13368502380665467
punjab_stubble_belt,2025-11-08,31.625,74.925,0.00025828258211278596,0.1354382351329792
punjab_stubble_belt,2025-11-08,31.625,74.975,0.0003380011060383755,0.13656250466615402
punjab_stubble_belt,2025-11-08,31.625,75.025,0.00037460688529590146,0.13723667412014942
punjab_stubble_belt,2025-11-08,31.625,75.075,0.00036347203810667823,0.13753328065595755
punjab_stubble_belt,2025-11-08,31.625,75.125,0.00030444990639376943,0.13680306397742018
punjab_stubble_belt,2025-11-08,31.625,75.175,0.00021101721945737307,0.131275001407445
punjab_stubble_belt,2025-11-08,31.625,75.225,0.00020511588119038733,0.1310715098434246
punjab_stubble_belt,2025-11-08,31.625,75.275,0.0002832394233221396,0.13211188729365872
punjab_stubble_belt,2025-11-08,31.625,75.3,0.00035129524219589176,0.13271721727613506
punjab_stubble_belt,2025-11-08,31.675,74.625,0.00013316058552913362,0.1232792311111234
punjab_stubble_belt,2025-11-08,31.675,74.675,0.00024384725108908003,0.12420695926335008
punjab_stubble_belt,2025-11-08,31.675,74.725,0.0002843368617601959,0.12814255647941186
punjab_stubble_belt,2025-11-08,31.675,74.775,0.000330273674142241,0.12908075714770356
punjab_stubble_belt,2025-11-08,31.675,74.825,0.00035457103952893924,0.13005349680425698
punjab_stubble_belt,2025-11-08,31.675,74.875,0.0003539363207618152,0.13103774050956646
punjab_stubble_belt,2025-11-08,31.675,74.925,0.0003378435714755292,0.13130314667936735
punjab_stubble_belt,2025-11-08,31.675,74.975,0.000292158057545055,0.13298324778204923
punjab_stubble_belt,2025-11-08,31.675,75.025,0.0004906581643180661,0.1345351866801717
punjab_stubble_belt,2025-11-08,31.675,75.075,0.0005403974414944943,0.13536994091349178
punjab_stubble_belt,2025-11-08,31.675,75.125,0.00040025627523661034,0.13511662813438435
punjab_stubble_belt,2025-11-08,31.675,75.175,0.0001504066012356629,0.1324252602585568
punjab_stubble_belt,2025-11-08,31.675,75.225,0.00016361616495785087,0.13154038422901695
punjab_stubble_belt,2025-11-08,31.675,75.275,0.0003159824297426857,0.13217666842716627
punjab_stubble_belt,2025-11-08,31.675,75.3,0.0003648576811692474,0.13404369525988713
punjab_stubble_belt,2025-11-08,31.725,74.625,0.0002057161883613031,0.12092027077051774
punjab_stubble_belt,2025-11-08,31.725,74.675,0.0003163886935721778,0.12219381731179685
punjab_stubble_belt,2025-11-08,31.725,74.725,0.0004750178190100485,0.12852512960899123
punjab_stubble_belt,2025-11-08,31.725,74.775,0.0004649358968743461,0.13048011949252036
punjab_stubble_belt,2025-11-08,31.725,74.825,0.00037588346502233675,0.13244285053141358
punjab_stubble_belt,2025-11-08,31.725,74.875,0.0002718102833577994,0.13396081669299623
punjab_stubble_belt,2025-11-08,31.725,74.925,0.0003312530542735571,0.13222706318373026
punjab_stubble_belt,2025-11-08,31.725,74.975,0.0003511401621631386,0.13270853986325323
punjab_stubble_belt,2025-11-08,31.725,75.025,0.0002706885948546944,0.13351782093274048
punjab_stubble_belt,2025-11-08,31.725,75.075,0.0002151022404671568,0.1344974500497101
punjab_stubble_belt,2025-11-08,31.725,75.125,0.00020665310975702926,0.13558681815060367
punjab_stubble_belt,2025-11-08,31.725,75.175,0.00023932723236083105,0.13694736110042563
punjab_stubble_belt,2025-11-08,31.725,75.225,0.00026537545282392944,0.13585215885753285
punjab_stubble_belt,2025-11-08,31.725,75.275,0.0002856677867943001,0.1358476176433666
punjab_stubble_belt,2025-11-08,31.775,74.625,0.00035286730092414404,0.12110245014848883
punjab_stubble_belt,2025-11-08,31.775,74.675,0.0003946794162598919,0.12203957505647973
punjab_stubble_belt,2025-11-08,31.775,74.725,0.0005022026488423063,0.1293550909123944
punjab_stubble_belt,2025-11-08,31.775,74.775,0.000477685286423058,0.13184634352855967
punjab_stubble_belt,2025-11-08,31.775,74.825,0.0004383103321317429,0.1346369508436403
punjab_stubble_belt,2025-11-08,31.775,74.875,0.0004126694050152231,0.13727280448736806
punjab_stubble_belt,2025-11-08,31.775,74.925,0.00044976926256013285,0.13666931301589155
punjab_stubble_belt,2025-11-08,31.775,74.975,0.000367863963281776,0.13476133313845662
punjab_stubble_belt,2025-11-08,31.775,75.025,0.00039271622686089556,0.13425839686410856
punjab_stubble_belt,2025-11-08,31.775,75.075,0.0003905104138916309,0.1345251926885929
punjab_stubble_belt,2025-11-08,31.775,75.125,0.0003409830824997764,0.13539179712759913
punjab_stubble_belt,2025-11-08,31.775,75.175,0.0002658892242736291,0.13670245156228356
punjab_stubble_belt,2025-11-08,31.775,75.225,0.00033487903417828407,0.13249890790056473
punjab_stubble_belt,2025-11-08,31.775,75.275,0.0003444166617739219,0.13380474364424658
punjab_stubble_belt,2025-11-08,31.775,75.3,0.00032227232096621836,0.13549129882788097
punjab_stubble_belt,2025-11-08,31.825,74.625,0.0002503527417895438,0.1235771473745844
punjab_stubble_belt,2025-11-08,31.825,74.675,0.0002669913208577922,0.1234849217457909
punjab_stubble_belt,2025-11-08,31.825,74.725,0.0005061886855924279,0.12542346085592015
punjab_stubble_belt,2025-11-08,31.825,74.775,0.0004925063531168207,0.12622375448181358
punjab_stubble_belt,2025-11-08,31.825,74.825,0.0004381984482547775,0.12818533611564348
punjab_stubble_belt,2025-11-08,31.825,74.875,0.0003714316603168854,0.1308090574886427
punjab_stubble_belt,2025-11-08,31.825,74.925,0.0003154057331931418,0.1331420065542114
punjab_stubble_belt,2025-11-08,31.825,74.975,0.0003524638783176785,0.13325707974475612
punjab_stubble_belt,2025-11-08,31.825,75.025,0.00037484792448050987,0.1329293908828087
punjab_stubble_belt,2025-11-08,31.825,75.075,0.00038601726122483224,0.13351456252933086
punjab_stubble_belt,2025-11-08,31.825,75.125,0.00037748445627796667,0.13473702152632053
punjab_stubble_belt,2025-11-08,31.825,75.175,0.0003041522817203024,0.13418938088748208
punjab_stubble_belt,2025-11-08,31.825,75.225,0.0002973613659145267,0.13028169060774208
punjab_stubble_belt,2025-11-08,31.825,75.275,0.00024333177463312216,0.13211743352227542
punjab_stubble_belt,2025-11-08,31.825,75.3,0.00023843726346953106,0.1340057632752085
punjab_stubble_belt,2025-11-08,31.875,74.625,0.0002110850816816511,0.1253748157671336
punjab_stubble_belt,2025-11-08,31.875,74.675,0.0002184882687336856,0.12452360149482852
punjab_stubble_belt,2025-11-08,31.875,74.725,0.0004905303811589022,0.12368599643845338
punjab_stubble_belt,2025-11-08,31.875,74.775,0.00045798519601233234,0.12264235459103222
punjab_stubble_belt,2025-11-08,31.875,74.825,0.0004132910163626638,0.12278468814897257
punjab_stubble_belt,2025-11-08,31.875,74.875,0.00035967198110162046,0.12439143029735424
punjab_stubble_belt,2025-11-08,31.875,74.925,0.00020171551718959824,0.12843243484536537
punjab_stubble_belt,2025-11-08,31.875,74.975,0.0002833793051059604,0.1300854175274307
punjab_stubble_belt,2025-11-08,31.875,75.025,0.0002825804812617902,0.1305864302084728
punjab_stubble_belt,2025-11-08,31.875,75.075,0.00029674282290391364,0.13176592084556524
punjab_stubble_belt,2025-11-08,31.875,75.125,0.00032687302620310396,0.13308469878722085
punjab_stubble_belt,2025-11-08,31.875,75.175,0.0003267587991901568,0.13088086314182756
punjab_stubble_belt,2025-11-08,31.875,75.225,0.00029012590055745724,0.12845073903445095
punjab_stubble_belt,2025-11-08,31.875,75.275,0.00022744091786820335,0.1304139848319681
punjab_stubble_belt,2025-11-08,31.875,75.3,0.00020992330518928177,0.13164925413926568
punjab_stubble_belt,2025-11-09,31.325,74.625,0.0001255087269320937,0.04448550484835394
punjab_stubble_belt,2025-11-09,31.325,74.675,0.0003174445431453355,0.049057840197041555
punjab_stubble_belt,2025-11-09,31.325,74.725,0.0002831298260220459,0.05672779783398983
punjab_stubble_belt,2025-11-09,31.325,74.775,0.00021186098897415219,0.059998594694898065
punjab_stubble_belt,2025-11-09,31.325,74.825,0.00026265243163552885,0.06684560487074535
punjab_stubble_belt,2025-11-09,31.325,74.875,0.00036313944271653006,0.07561976303037886
punjab_stubble_belt,2025-11-09,31.325,74.925,0.00021959731316964306,0.08011911057262582
punjab_stubble_belt,2025-11-09,31.325,74.975,0.00015791447529820102,0.08021088086839236
punjab_stubble_belt,2025-11-09,31.325,75.025,0.0002706109846367102,0.07550186432646745
punjab_stubble_belt,2025-11-09,31.325,75.075,0.0003249797438892717,0.07085765053022527
punjab_stubble_belt,2025-11-09,31.325,75.125,0.00030566698584953846,0.06735462931482886
punjab_stubble_belt,2025-11-09,31.325,75.175,0.0003400589973730235,0.06416750852248408
punjab_stubble_belt,2025-11-09,31.325,75.225,0.00034090436823254466,0.0647470801881432
punjab_stubble_belt,2025-11-09,31.325,75.275,0.0002693079771913715,0.0639685527783884
punjab_stubble_belt,2025-11-09,31.325,75.3,0.0002462802772161437,0.0635688875375656
punjab_stubble_belt,2025-11-09,31.375,74.625,0.00015492791144740433,0.024701620712000986
punjab_stubble_belt,2025-11-09,31.375,74.675,0.00018822501290485482,0.031362304792275274
punjab_stubble_belt,2025-11-09,31.375,74.725,0.00039518132719742777,0.052027084741818476
punjab_stubble_belt,2025-11-09,31.375,74.775,0.00030955309146117485,0.05532859786824238
punjab_stubble_belt,2025-11-09,31.375,74.825,0.00028354478968916263,0.059468985373506124
punjab_stubble_belt,2025-11-09,31.375,74.875,0.00028419570787729557,0.0646003611426695
punjab_stubble_belt,2025-11-09,31.375,74.925,7.492784714804542e-05,0.06755116800907845
punjab_stubble_belt,2025-11-09,31.375,74.975,0.00013428695913166985,0.06695642450827588
punjab_stubble_belt,2025-11-09,31.375,75.025,0.0002622519851055851,0.06369060819792033
punjab_stubble_belt,2025-11-09,31.375,75.075,0.00031606001827602436,0.06086997693057164
punjab_stubble_belt,2025-11-09,31.375,75.125,0.00028555645850875144,0.05967612033228208
punjab_stubble_belt,2025-11-09,31.375,75.175,0.00026986190904610763,0.06142672664413682
punjab_stubble_belt,2025-11-09,31.375,75.225,0.00029541746487523257,0.06342448407434349
punjab_stubble_belt,2025-11-09,31.375,75.275,0.00025874270251580986,0.0615970239896439
punjab_stubble_belt,2025-11-09,31.375,75.3,0.00023851931583049232,0.05976496964290913
punjab_stubble_belt,2025-11-09,31.425,74.625,0.00022568234614052426,0.014323722189018019
punjab_stubble_belt,2025-11-09,31.425,74.675,-1.5172863630641678e-05,0.02107112026294147
punjab_stubble_belt,2025-11-09,31.425,74.725,0.0004722169023482059,0.05009238448353958
punjab_stubble_belt,2025-11-09,31.425,74.775,0.0003859238949182208,0.05172696498907823
punjab_stubble_belt,2025-11-09,31.425,74.825,0.00030683233965118467,0.05053340659359939
punjab_stubble_belt,2025-11-09,31.425,74.875,0.00025256049904001676,0.04952294467549788
punjab_stubble_belt,2025-11-09,31.425,74.925,6.627376244979984e-05,0.050939469292740645
punjab_stubble_belt,2025-11-09,31.425,74.975,0.00024235980533000794,0.052160339949747996
punjab_stubble_belt,2025-11-09,31.425,75.025,0.0003176966238754391,0.05158838676844113
punjab_stubble_belt,2025-11-09,31.425,75.075,0.00032539177002991783,0.050952333979670805
punjab_stubble_belt,2025-11-09,31.425,75.125,0.00027189296648592946,0.051280982812764844
punjab_stubble_belt,2025-11-09,31.425,75.175,0.00016018371571674354,0.05674034681300851
punjab_stubble_belt,2025-11-09,31.425,75.225,0.00026148497939426125,0.06000646140005864
punjab_stubble_belt,2025-11-09,31.425,75.275,0.0002663950325525802,0.057616755705271305
punjab_stubble_belt,2025-11-09,31.425,75.3,0.00020074991946353275,0.05450299976935023
punjab_stubble_belt,2025-11-09,31.475,74.625,0.00014135902847534754,0.046665034797621324
punjab_stubble_belt,2025-11-09,31.475,74.675,5.2732601507192785e-05,0.04810885843607013
punjab_stubble_belt,2025-11-09,31.475,74.725,0.00040575183999234433,0.05371270126624217
punjab_stubble_belt,2025-11-09,31.475,74.775,0.00028698883003438043,0.05125181912536137
punjab_stubble_belt,2025-11-09,31.475,74.825,0.00028457231743054623,0.04594138448666112
punjab_stubble_belt,2025-11-09,31.475,74.875,0.0003410611781810695,0.03955241984459778
punjab_stubble_belt,2025-11-09,31.475,74.925,5.761290872616516e-05,0.035462363569871515
punjab_stubble_belt,2025-11-09,31.475,74.975,0.00021590857329071387,0.04422854030074141
punjab_stubble_belt,2025-11-09,31.475,75.025,0.0003064645457473706,0.047677218882096944
punjab_stubble_belt,2025-11-09,31.475,75.075,0.00034511413925697096,0.04912561736032428
punjab_stubble_belt,2025-11-09,31.475,75.125,0.0003449084669345875,0.04968682810466303
punjab_stubble_belt,2025-11-09,31.475,75.175,0.0003797592109056509,0.05323104370446512
punjab_stubble_belt,2025-11-09,31.475,75.225,0.000378011325490317,0.05459249969056419
punjab_stubble_belt,2025-11-09,31.475,75.275,0.00021698784178373473,0.05348708885166292
punjab_stubble_belt,2025-11-09,31.525,74.625,0.00031672903138012774,0.05575258779977869
punjab_stubble_belt,2025-11-09,31.525,74.675,0.00023628414662318122,0.05497319377525638
punjab_stubble_belt,2025-11-09,31.525,74.725,0.00019878946211865787,0.05007511680698135
punjab_stubble_belt,2025-11-09,31.525,74.775,0.00029065904054632945,0.049016365194601876
punjab_stubble_belt,2025-11-09,31.525,74.825,0.00020277326297814317,0.04809044081273628
punjab_stubble_belt,2025-11-09,31.525,74.875,3.9295721849445366e-05,0.04737085504604526
punjab_stubble_belt,2025-11-09,31.525,74.925,0.0002532127689770954,0.04769963212781558
punjab_stubble_belt,2025-11-09,31.525,74.975,0.0005283219844811353,0.04954546444965725
punjab_stubble_belt,2025-11-09,31.525,75.025,0.0004463215571125042,0.04032939624646453
punjab_stubble_belt,2025-11-09,31.525,75.075,0.00035649079090775915,0.032366203873079306
punjab_stubble_belt,2025-11-09,31.525,75.125,0.0003046786899796097,0.029312584728589546
punjab_stubble_belt,2025-11-09,31.525,75.175,0.00020666509092053136,0.03601955699182163
punjab_stubble_belt,2025-11-09,31.525,75.225,0.00019877588590499088,0.04745928528216086
punjab_stubble_belt,2025-11-09,31.525,75.275,0.00023304142340633505,0.05124260357852907
punjab_stubble_belt,2025-11-09,31.525,75.3,0.00018886968558926752,0.05256994593800907
punjab_stubble_belt,2025-11-09,31.575,74.625,0.00046319591808630843,0.05162102091763369
punjab_stubble_belt,2025-11-09,31.575,74.675,0.0003581577109650993,0.05108933656331681
punjab_stubble_belt,2025-11-09,31.575,74.725,0.0002920856162286628,0.04323609800106932
punjab_stubble_belt,2025-11-09,31.575,74.775,0.00034765306495737635,0.040652723940177125
punjab_stubble_belt,2025-11-09,31.575,74.825,0.0002716158768818573,0.035025115472936456
punjab_stubble_belt,2025-11-09,31.575,74.875,0.00014944845171026804,0.031334455385738084
punjab_stubble_belt,2025-11-09,31.575,74.925,0.0003376363690137599,0.04959071622360777
punjab_stubble_belt,2025-11-09,31.575,74.975,0.0003510977281380268,0.050112847984636874
punjab_stubble_belt,2025-11-09,31.575,75.025,0.00043395669890850094,0.04499397016188012
punjab_stubble_belt,2025-11-09,31.575,75.075,0.00044361674868887964,0.04130123003078575
punjab_stubble_belt,2025-11-09,31.575,75.125,0.0003622824663328173,0.04071970135769629
punjab_stubble_belt,2025-11-09,31.575,75.175,0.0002325862611388783,0.046465955507335496
punjab_stubble_belt,2025-11-09,31.575,75.225,0.0002132191769864731,0.05301906978517201
punjab_stubble_belt,2025-11-09,31.575,75.275,0.0002679795527688475,0.05524099120111302
punjab_stubble_belt,2025-11-09,31.575,75.3,0.0002960997206321827,0.055167370440932346
punjab_stubble_belt,2025-11-09,31.625,74.625,0.0004113932381323475,0.04951844870943596
punjab_stubble_belt,2025-11-09,31.625,74.675,0.0002885975036072122,0.04946835366420191
punjab_stubble_belt,2025-11-09,31.625,74.725,0.0004422592619199491,0.044549540928726324
punjab_stubble_belt,2025-11-09,31.625,74.775,0.0004384938995776573,0.04288397546786524
punjab_stubble_belt,2025-11-09,31.625,74.825,0.00035773320083070347,0.03854518428321756
punjab_stubble_belt,2025-11-09,31.625,74.875,0.00027264186672974,0.035735966785942326
punjab_stubble_belt,2025-11-09,31.625,74.925,0.00039590210339386726,0.05040860119039272
punjab_stubble_belt,2025-11-09,31.625,74.975,0.00034093900730842324,0.049790807508130315
punjab_stubble_belt,2025-11-09,31.625,75.025,0.00039415974389391814,0.0487707806957941
punjab_stubble_belt,2025-11-09,31.625,75.075,0.0003578959613168255,0.04899246935092425
punjab_stubble_belt,2025-11-09,31.625,75.125,0.0002453909568143605,0.05080093990732968
punjab_stubble_belt,2025-11-09,31.625,75.175,0.0002936160308247266,0.054920973290215294
punjab_stubble_belt,2025-11-09,31.625,75.225,0.00028668366968916353,0.05759463646025926
punjab_stubble_belt,2025-11-09,31.625,75.275,0.0003363416168883356,0.06022096136112596
punjab_stubble_belt,2025-11-09,31.625,75.3,0.0003805351985369775,0.0625854552867789
punjab_stubble_belt,2025-11-09,31.675,74.625,0.00022842045698397186,0.047611885980201746
punjab_stubble_belt,2025-11-09,31.675,74.675,9.933424772524221e-05,0.048531138367843146
punjab_stubble_belt,2025-11-09,31.675,74.725,0.0005754154204376102,0.05108682018602206
punjab_stubble_belt,2025-11-09,31.675,74.775,0.0005209529127274501,0.05212372253590749
punjab_stubble_belt,2025-11-09,31.675,74.825,0.0004213981206171469,0.05366246663519856
punjab_stubble_belt,2025-11-09,31.675,74.875,0.0003515584116227968,0.05460497589240476
punjab_stubble_belt,2025-11-09,31.675,74.925,0.000398925514018418,0.050878352429978395
punjab_stubble_belt,2025-11-09,31.675,74.975,0.00043681675410707954,0.04932767431124056
punjab_stubble_belt,2025-11-09,31.675,75.025,0.00033233042626491663,0.04964105020810261
punjab_stubble_belt,2025-11-09,31.675,75.075,0.0001826675435068986,0.05088533319987218
punjab_stubble_belt,2025-11-09,31.675,75.125,7.123776052349394e-05,0.052726192220966646
punjab_stubble_belt,2025-11-09,31.675,75.175,0.0003294001044397782,0.05231800262661116
punjab_stubble_belt,2025-11-09,31.675,75.225,0.0003369649831305391,0.056405228009987596
punjab_stubble_belt,2025-11-09,31.675,75.275,0.0003747384277971206,0.06235150620488061
punjab_stubble_belt,2025-11-09,31.675,75.3,0.0003063368952377088,0.062012229242925675
punjab_stubble_belt,2025-11-09,31.725,74.625,0.0001743355623048576,0.03350504699192748
punjab_stubble_belt,2025-11-09,31.725,74.675,6.105080491989093e-05,0.037970192420936036
punjab_stubble_belt,2025-11-09,31.725,74.725,0.0005199695278383225,0.04938918509903793
punjab_stubble_belt,2025-11-09,31.725,74.775,0.00046889119250182056,0.05180738087090708
punjab_stubble_belt,2025-11-09,31.725,74.825,0.0003907413144736196,0.05315030357348481
punjab_stubble_belt,2025-11-09,31.725,74.875,0.0003224853101612597,0.053495080244856184
punjab_stubble_belt,2025-11-09,31.725,74.925,0.00021713749724671608,0.050517290914138334
punjab_stubble_belt,2025-11-09,31.725,74.975,0.00019940459903464242,0.05001530126327243
punjab_stubble_belt,2025-11-09,31.725,75.025,0.00020983588436829242,0.04534008272487511
punjab_stubble_belt,2025-11-09,31.725,75.075,0.0002584368475010542,0.039552701790825893
punjab_stubble_belt,2025-11-09,31.725,75.125,0.0003110048427061198,0.032252329543939195
punjab_stubble_belt,2025-11-09,31.725,75.175,0.00018874214217593773,0.016522016665396506
punjab_stubble_belt,2025-11-09,31.725,75.225,0.00011959718039918954,0.035522583304793395
punjab_stubble_belt,2025-11-09,31.725,75.275,0.0001498260543916096,0.04945538177267409
punjab_stubble_belt,2025-11-09,31.775,74.625,0.0003791096634139143,0.01076777213177531
punjab_stubble_belt,2025-11-09,31.775,74.675,0.00041602215884449506,0.01644780100677766
punjab_stubble_belt,2025-11-09,31.775,74.725,0.0005398409735138663,0.04704276407339488
punjab_stubble_belt,2025-11-09,31.775,74.775,0.0001990717558196841,0.05157478197734255
punjab_stubble_belt,2025-11-09,31.775,74.825,0.0001211562250058486,0.05310136945638019
punjab_stubble_belt,2025-11-09,31.775,74.875,0.00021680061385943603,0.05387870008740253
punjab_stubble_belt,2025-11-09,31.775,74.925,-4.289689751019267e-05,0.05394136597077049
punjab_stubble_belt,2025-11-09,31.775,74.975,0.00018634176098062085,0.053085447944098675
punjab_stubble_belt,2025-11-09,31.775,75.025,0.0002589006212675219,0.0453381250647723
punjab_stubble_belt,2025-11-09,31.775,75.075,0.0002530480525803408,0.0382451000413838
punjab_stubble_belt,2025-11-09,31.775,75.125,0.00021329085422040064,0.030398961547583876
punjab_stubble_belt,2025-11-09,31.775,75.175,0.00030763731911669166,0.005486008693360403
punjab_stubble_belt,2025-11-09,31.775,75.225,0.00032124220244672254,0.021786691165550817
punjab_stubble_belt,2025-11-09,31.775,75.275,0.0002831746919224661,0.04174354572442402
punjab_stubble_belt,2025-11-09,31.775,75.3,0.0002206315512436428,0.05470023024131015
punjab_stubble_belt,2025-11-09,31.825,74.625,0.00034246741847737943,0.033802581173157445
punjab_stubble_belt,2025-11-09,31.825,74.675,0.0004116576768123606,0.03512733540209087
punjab_stubble_belt,2025-11-09,31.825,74.725,0.0005187989566659522,0.05071128080502754
punjab_stubble_belt,2025-11-09,31.825,74.775,0.00035425147149393415,0.053310414888569246
punjab_stubble_belt,2025-11-09,31.825,74.825,0.00022804594790898296,0.055335964069504584
punjab_stubble_belt,2025-11-09,31.825,74.875,0.00015614595565614239,0.05747564621238399
punjab_stubble_belt,2025-11-09,31.825,74.925,6.700150562560328e-05,0.058392530022239326
punjab_stubble_belt,2025-11-09,31.825,74.975,0.00035323033772225875,0.056266150713309405
punjab_stubble_belt,2025-11-09,31.825,75.025,0.0002613304546738078,0.04725728301195555
punjab_stubble_belt,2025-11-09,31.825,75.075,0.00018725580244349413,0.040240994528873766
punjab_stubble_belt,2025-11-09,31.825,75.125,0.00019748921033367397,0.03364698323133928
punjab_stubble_belt,2025-11-09,31.825,75.175,0.00030286318060241676,0.009048313638028783
punjab_stubble_belt,2025-11-09,31.825,75.225,0.0002854454054576187,0.017488364436745184
punjab_stubble_belt,2025-11-09,31.825,75.275,0.00018178033578423146,0.03574283711512795
punjab_stubble_belt,2025-11-09,31.825,75.3,0.00014734404295679921,0.04810864067636775
punjab_stubble_belt,2025-11-09,31.875,74.625,0.0002980415016067752,0.04904257093350502
punjab_stubble_belt,2025-11-09,31.875,74.675,0.0003490797666199517,0.04849850781151803
punjab_stubble_belt,2025-11-09,31.875,74.725,0.00044219523243368606,0.0525153347196041
punjab_stubble_belt,2025-11-09,31.875,74.775,0.00039754311620310984,0.05382941064265331
punjab_stubble_belt,2025-11-09,31.875,74.825,0.00028617982757453555,0.05643786689106966
punjab_stubble_belt,2025-11-09,31.875,74.875,0.00016877106693593977,0.059702487323225015
punjab_stubble_belt,2025-11-09,31.875,74.925,0.00020475618151748553,0.060694663529129715
punjab_stubble_belt,2025-11-09,31.875,74.975,0.0005089146007746549,0.057730869132163486
punjab_stubble_belt,2025-11-09,31.875,75.025,0.00020778026612690192,0.051155732084549134
punjab_stubble_belt,2025-11-09,31.875,75.075,5.129555658019556e-05,0.04642325052242363
punjab_stubble_belt,2025-11-09,31.875,75.125,0.00012722740809657278,0.04237124091129331
punjab_stubble_belt,2025-11-09,31.875,75.175,0.0002954912048601231,0.02419653223697865
punjab_stubble_belt,2025-11-09,31.875,75.225,0.00025717790137511017,0.02383197610718604
punjab_stubble_belt,2025-11-09,31.875,75.275,9.440955699145484e-05,0.025819982475249793
punjab_stubble_belt,2025-11-09,31.875,75.3,-2.3496052012339707e-05,0.021740394777672763
punjab_stubble_belt,2025-11-10,31.325,74.625,0.0003924160633840851,0.010782166078467064
punjab_stubble_belt,2025-11-10,31.325,74.675,0.00030798988256631495,0.013682550415945379
punjab_stubble_belt,2025-11-10,31.325,74.725,0.0003316007626867729,0.03930754559459187
punjab_stubble_belt,2025-11-10,31.325,74.775,0.0003483514560924415,0.05127615084497697
punjab_stubble_belt,2025-11-10,31.325,74.825,0.00035539246523390967,0.05819683240413679
punjab_stubble_belt,2025-11-10,31.325,74.875,0.0003593510018498804,0.062047654578342756
punjab_stubble_belt,2025-11-10,31.325,74.925,0.0003764327187380916,0.06874538869321131
punjab_stubble_belt,2025-11-10,31.325,74.975,0.00035799039405491417,0.06881535094812534
punjab_stubble_belt,2025-11-10,31.325,75.025,0.00032505162623733746,0.06436943098056103
punjab_stubble_belt,2025-11-10,31.325,75.075,0.000303724818172312,0.061249219407503476
punjab_stubble_belt,2025-11-10,31.325,75.125,0.0003001359009149428,0.059413285365794564
punjab_stubble_belt,2025-11-10,31.325,75.175,0.00032495659413032724,0.050988805574196536
punjab_stubble_belt,2025-11-10,31.325,75.225,0.00027756842346988265,0.04673227612791867
punjab_stubble_belt,2025-11-10,31.325,75.275,0.00016479720528378674,0.02912847689654561
punjab_stubble_belt,2025-11-10,31.325,75.3,0.00010876889800948807,0.015683006301382245
punjab_stubble_belt,2025-11-10,31.375,74.625,0.000367711054046119,1.5564817454346495e-05
punjab_stubble_belt,2025-11-10,31.375,74.675,0.0002455062011072262,9.023082582229853e-05
punjab_stubble_belt,2025-11-10,31.375,74.725,0.00025631826013175767,0.028343210824850484
punjab_stubble_belt,2025-11-10,31.375,74.775,0.0003474666463543485,0.0420879306160503
punjab_stubble_belt,2025-11-10,31.375,74.825,0.00038135103793200697,0.04794780878347321
punjab_stubble_belt,2025-11-10,31.375,74.875,0.00036056438102839185,0.048707773700775524
punjab_stubble_belt,2025-11-10,31.375,74.925,0.0003300347087612067,0.05338522612890818
punjab_stubble_belt,2025-11-10,31.375,74.975,0.00030794918324783494,0.054883394755047936
punjab_stubble_belt,2025-11-10,31.375,75.025,0.0003095514547603869,0.050463757459623906
punjab_stubble_belt,2025-11-10,31.375,75.075,0.0003169610115195958,0.04638883329858641
punjab_stubble_belt,2025-11-10,31.375,75.125,0.00032511400714242477,0.04246011826875943
punjab_stubble_belt,2025-11-10,31.375,75.175,0.00031446677981798656,0.029093198087047467
punjab_stubble_belt,2025-11-10,31.375,75.225,0.00022497068417050718,0.02809615401569371
punjab_stubble_belt,2025-11-10,31.375,75.275,0.00023423275226790475,0.019336477274694133
punjab_stubble_belt,2025-11-10,31.375,75.3,0.0002743892973842948,0.012608586921712643
punjab_stubble_belt,2025-11-10,31.425,74.625,0.00037353096467849926,0.003204392103945911
punjab_stubble_belt,2025-11-10,31.425,74.675,0.00019530311904053226,0.004558549482406315
punjab_stubble_belt,2025-11-10,31.425,74.725,0.0001581342309742344,0.029593348311981717
punjab_stubble_belt,2025-11-10,31.425,74.775,0.00024415599384568356,0.0368306026682239
punjab_stubble_belt,2025-11-10,31.425,74.825,0.0003551241615335775,0.036174107463336255
punjab_stubble_belt,2025-11-10,31.425,74.875,0.0004248841774142606,0.03155404281165312
punjab_stubble_belt,2025-11-10,31.425,74.925,0.000259393901811274,0.03294303378308608
punjab_stubble_belt,2025-11-10,31.425,74.975,0.0002359568898469173,0.03619630196762033
punjab_stubble_belt,2025-11-10,31.425,75.025,0.0002880845010906529,0.0352035393383215
punjab_stubble_belt,2025-11-10,31.425,75.075,0.000333212447503008,0.03238862235396179
punjab_stubble_belt,2025-11-10,31.425,75.125,0.00035765885667844195,0.02580820764013594
punjab_stubble_belt,2025-11-10,31.425,75.175,0.00036708905876412255,0
punjab_stubble_belt,2025-11-10,31.425,75.225,0.0002159399181643617,0
punjab_stubble_belt,2025-11-10,31.425,75.275,0.00033636516229152205,0.0018598986829025026
punjab_stubble_belt,2025-11-10,31.425,75.3,0.0003502347809186766,0.0018598986829025024
punjab_stubble_belt,2025-11-10,31.475,74.625,0.0003934970698441219,0.01803787738795678
punjab_stubble_belt,2025-11-10,31.475,74.675,0.00020221631896001862,0.02436318579130231
punjab_stubble_belt,2025-11-10,31.475,74.725,0.0001997779167192318,0.047207397542961334
punjab_stubble_belt,2025-11-10,31.475,74.775,0.0002335395493589786,0.0366710416979103
punjab_stubble_belt,2025-11-10,31.475,74.825,0.00032711093682565425,0.025499196358548956
punjab_stubble_belt,2025-11-10,31.475,74.875,0.0004088340457810579,0.018206794352573205
punjab_stubble_belt,2025-11-10,31.475,74.925,0.00023094192222848962,0.018108743660114772
punjab_stubble_belt,2025-11-10,31.475,74.975,0.00017594334543688279,0.017917694378130525
punjab_stubble_belt,2025-11-10,31.475,75.025,0.00032106849628244687,0.025513514509086302
punjab_stubble_belt,2025-11-10,31.475,75.075,0.00040415616778592374,0.032194981503267835
punjab_stubble_belt,2025-11-10,31.475,75.125,0.00040118915956844904,0.03173942405872032
punjab_stubble_belt,2025-11-10,31.475,75.175,0.0004364743361311806,0
punjab_stubble_belt,2025-11-10,31.475,75.225,0.00022830011647261773,0
punjab_stubble_belt,2025-11-10,31.475,75.275,0.00021444834197527384,0
punjab_stubble_belt,2025-11-10,31.525,74.625,0.0003088767737586954,0.056508879706923025
punjab_stubble_belt,2025-11-10,31.525,74.675,8.500079017850918e-05,0.039586377854181225
punjab_stubble_belt,2025-11-10,31.525,74.725,0.00024231309448417967,0.008715587282396735
punjab_stubble_belt,2025-11-10,31.525,74.775,0.00030052023530029284,0.0036310442668136505
punjab_stubble_belt,2025-11-10,31.525,74.825,0.0003479153880779373,0.0029330227083160403
punjab_stubble_belt,2025-11-10,31.525,74.875,0.00036503432736217873,0.007191902879651392
punjab_stubble_belt,2025-11-10,31.525,74.925,0.0002574912347954848,0.026432771348295518
punjab_stubble_belt,2025-11-10,31.525,74.975,0.00015411021877460314,0.04090393965609727
punjab_stubble_belt,2025-11-10,31.525,75.025,0.00029207222121888906,0.017032758003358846
punjab_stubble_belt,2025-11-10,31.525,75.075,0.00037353526310938214,0.0022228196100828883
punjab_stubble_belt,2025-11-10,31.525,75.125,0.00037822385121599603,0.0024740545778166234
punjab_stubble_belt,2025-11-10,31.525,75.175,0.0004626948573067265,0
punjab_stubble_belt,2025-11-10,31.525,75.225,0.0004574208026194469,0
punjab_stubble_belt,2025-11-10,31.525,75.275,0.00040323386268860156,0
punjab_stubble_belt,2025-11-10,31.525,75.3,0.0003034901269154624,0
punjab_stubble_belt,2025-11-10,31.575,74.625,0.00037219974898561315,0.03653571284481928
punjab_stubble_belt,2025-11-10,31.575,74.675,6.222796502629508e-05,0.01849441823387246
punjab_stubble_belt,2025-11-10,31.575,74.725,0.00030413280374021895,0.002273956448311613
punjab_stubble_belt,2025-11-10,31.575,74.775,0.0003379019676200256,0.0003242421317498191
punjab_stubble_belt,2025-11-10,31.575,74.825,0.00037968886323596295,0.004082464787657932
punjab_stubble_belt,2025-11-10,31.575,74.875,0.00040901345277147115,0.0112887349206541
punjab_stubble_belt,2025-11-10,31.575,74.925,0.00028564485084560636,0.018222722765531243
punjab_stubble_belt,2025-11-10,31.575,74.975,0.0002649456573567256,0.017201835295567354
punjab_stubble_belt,2025-11-10,31.575,75.025,0.00030407443064269993,0.006090430630592678
punjab_stubble_belt,2025-11-10,31.575,75.075,0.0003185709483135697,5.022286095447229e-06
punjab_stubble_belt,2025-11-10,31.575,75.125,0.0003374303239760855,0
punjab_stubble_belt,2025-11-10,31.575,75.175,0.0005896783594415472,0
punjab_stubble_belt,2025-11-10,31.575,75.225,0.0004740404330677396,0
punjab_stubble_belt,2025-11-10,31.575,75.275,0.00034865877699823394,0
punjab_stubble_belt,2025-11-10,31.575,75.3,0.0003034560085419871,0
punjab_stubble_belt,2025-11-10,31.625,74.625,0.0003092237606594004,0.014935373287671656
punjab_stubble_belt,2025-11-10,31.625,74.675,7.996838627592714e-05,0.00431173226074582
punjab_stubble_belt,2025-11-10,31.625,74.725,0.000255910735183394,0.00031636212616279553
punjab_stubble_belt,2025-11-10,31.625,74.775,0.0003219389756239692,0
punjab_stubble_belt,2025-11-10,31.625,74.825,0.00038616648974506526,0.00483477563673231
punjab_stubble_belt,2025-11-10,31.625,74.875,0.0004228670316591142,0.011471370977119852
punjab_stubble_belt,2025-11-10,31.625,74.925,0.00031280490310324087,0.008446122131679454
punjab_stubble_belt,2025-11-10,31.625,74.975,0.0003357224840683532,0.002588526333646116
punjab_stubble_belt,2025-11-10,31.625,75.025,0.0003634271276961237,0.0007009580000888906
punjab_stubble_belt,2025-11-10,31.625,75.075,0.0003496989739329972,0
punjab_stubble_belt,2025-11-10,31.625,75.125,0.0003296181437991443,0
punjab_stubble_belt,2025-11-10,31.625,75.175,0.0005457353106081918,0
punjab_stubble_belt,2025-11-10,31.625,75.225,0.00042408143836421996,0
punjab_stubble_belt,2025-11-10,31.625,75.275,0.0003314072953196493,0.00026928512433029494
punjab_stubble_belt,2025-11-10,31.625,75.3,0.0002952305302527577,0.0005523797422159895
punjab_stubble_belt,2025-11-10,31.675,74.625,0.00015171744349978876,0
punjab_stubble_belt,2025-11-10,31.675,74.675,0.00016085440145207437,0
punjab_stubble_belt,2025-11-10,31.675,74.725,0.00014770275616094,0
punjab_stubble_belt,2025-11-10,31.675,74.775,0.0002888071977856858,0
punjab_stubble_belt,2025-11-10,31.675,74.825,0.0003820073465006411,0.0032429027588087266
punjab_stubble_belt,2025-11-10,31.675,74.875,0.00039602553343367943,0.006853598772374613
punjab_stubble_belt,2025-11-10,31.675,74.925,0.00029657266401409386,0.0005326721035607455
punjab_stubble_belt,2025-11-10,31.675,74.975,0.0003219012375224437,5.5118345564243686e-05
punjab_stubble_belt,2025-11-10,31.675,75.025,0.00040946045277566554,0
punjab_stubble_belt,2025-11-10,31.675,75.075,0.0004064734703184441,0
punjab_stubble_belt,2025-11-10,31.675,75.125,0.00032883336821998586,0
punjab_stubble_belt,2025-11-10,31.675,75.175,0.00036167927577596457,0
punjab_stubble_belt,2025-11-10,31.675,75.225,0.0003140472926882453,0
punjab_stubble_belt,2025-11-10,31.675,75.275,0.00030853912663388294,0.0005730939825490892
punjab_stubble_belt,2025-11-10,31.675,75.3,0.00017739916091021269,0.0005523797422159895
punjab_stubble_belt,2025-11-10,31.725,74.625,7.039783387358907e-05,0
punjab_stubble_belt,2025-11-10,31.725,74.675,0.0004162858451998265,0
punjab_stubble_belt,2025-11-10,31.725,74.725,0.00019018642391793232,0
punjab_stubble_belt,2025-11-10,31.725,74.775,0.000370852024677267,0
punjab_stubble_belt,2025-11-10,31.725,74.825,0.0004308345324959096,0
punjab_stubble_belt,2025-11-10,31.725,74.875,0.00032862110164884,0
punjab_stubble_belt,2025-11-10,31.725,74.925,8.562339205041285e-05,0
punjab_stubble_belt,2025-11-10,31.725,74.975,0.00012000774342843834,0
punjab_stubble_belt,2025-11-10,31.725,75.025,0.0002197846011978595,0
punjab_stubble_belt,2025-11-10,31.725,75.075,0.0002579597663473828,0
punjab_stubble_belt,2025-11-10,31.725,75.125,0.00022736031091547855,0
punjab_stubble_belt,2025-11-10,31.725,75.175,0.00021280183445009245,0
punjab_stubble_belt,2025-11-10,31.725,75.225,9.738655980935907e-05,0
punjab_stubble_belt,2025-11-10,31.725,75.275,2.6219951643201403e-05,0
punjab_stubble_belt,2025-11-10,31.775,74.625,0.0002423255184157026,0
punjab_stubble_belt,2025-11-10,31.775,74.675,0.0004530736543118394,0
punjab_stubble_belt,2025-11-10,31.775,74.725,0.00013720900847290243,0
punjab_stubble_belt,2025-11-10,31.775,74.775,0.00031121551537141974,0
punjab_stubble_belt,2025-11-10,31.775,74.825,0.0004036005435917088,0
punjab_stubble_belt,2025-11-10,31.775,74.875,0.0004114636210333504,0
punjab_stubble_belt,2025-11-10,31.775,74.925,0.0005176722827912393,0
punjab_stubble_belt,2025-11-10,31.775,74.975,0.00029709675441869906,0
punjab_stubble_belt,2025-11-10,31.775,75.025,0.0002873602203799742,0
punjab_stubble_belt,2025-11-10,31.775,75.075,0.00030333645454987514,0
punjab_stubble_belt,2025-11-10,31.775,75.125,0.00031215458770371483,0
punjab_stubble_belt,2025-11-10,31.775,75.175,0.0003064748119197914,0
punjab_stubble_belt,2025-11-10,31.775,75.225,0.00022253089150405355,0
punjab_stubble_belt,2025-11-10,31.775,75.275,0.0002089037802231115,0
punjab_stubble_belt,2025-11-10,31.775,75.3,0.000111911923361039,0
punjab_stubble_belt,2025-11-10,31.825,74.625,0.00028700884432984855,0
punjab_stubble_belt,2025-11-10,31.825,74.675,0.0004985761660091099,0
punjab_stubble_belt,2025-11-10,31.825,74.725,0.00029617393575496066,0
punjab_stubble_belt,2025-11-10,31.825,74.775,0.00030058033470265665,0
punjab_stubble_belt,2025-11-10,31.825,74.825,0.00032539183270329983,0
punjab_stubble_belt,2025-11-10,31.825,74.875,0.00037975038022341887,0
punjab_stubble_belt,2025-11-10,31.825,74.925,0.0005707536275161703,0
punjab_stubble_belt,2025-11-10,31.825,74.975,0.00020009677127593562,0
punjab_stubble_belt,2025-11-10,31.825,75.025,0.0001449130235757767,0
punjab_stubble_belt,2025-11-10,31.825,75.075,0.0002123643942746561,0
punjab_stubble_belt,2025-11-10,31.825,75.125,0.0003336188375287474,0
punjab_stubble_belt,2025-11-10,31.825,75.175,0.0003340458360119337,0
punjab_stubble_belt,2025-11-10,31.825,75.225,0.00034588470369626095,0
punjab_stubble_belt,2025-11-10,31.825,75.275,0.00021738025155439833,0
punjab_stubble_belt,2025-11-10,31.825,75.3,0.00015310009616608148,0
punjab_stubble_belt,2025-11-10,31.875,74.625,0.0003033614098293121,0
punjab_stubble_belt,2025-11-10,31.875,74.675,0.00048291272252392535,0
punjab_stubble_belt,2025-11-10,31.875,74.725,0.00034820343170514906,0
punjab_stubble_belt,2025-11-10,31.875,74.775,0.0003008557912144491,0
punjab_stubble_belt,2025-11-10,31.875,74.825,0.0003033600937539594,0
punjab_stubble_belt,2025-11-10,31.875,74.875,0.0003640125973166439,0
punjab_stubble_belt,2025-11-10,31.875,74.925,0.0005368169606677659,0
punjab_stubble_belt,2025-11-10,31.875,74.975,0.0001830064640671292,0
punjab_stubble_belt,2025-11-10,31.875,75.025,0.00014260447260206627,0
punjab_stubble_belt,2025-11-10,31.875,75.075,0.00021658986346004296,0
punjab_stubble_belt,2025-11-10,31.875,75.125,0.00033373238748231923,0
punjab_stubble_belt,2025-11-10,31.875,75.175,0.0002657190501911625,0
punjab_stubble_belt,2025-11-10,31.875,75.225,0.0003746572874333366,0
punjab_stubble_belt,2025-11-10,31.875,75.275,0.00022646108945531443,0
punjab_stubble_belt,2025-11-10,31.875,75.3,0.00013036709173836814,0
punjab_stubble_belt,2025-11-11,31.325,74.625,0.0005909962873376259,0.032674675691700954
punjab_stubble_belt,2025-11-11,31.325,74.675,0.00044372615759533096,0.008791222078919114
punjab_stubble_belt,2025-11-11,31.325,74.725,0.00012927196302277383,0.0006313091366476961
punjab_stubble_belt,2025-11-11,31.325,74.775,0.0001994278621670668,0
punjab_stubble_belt,2025-11-11,31.325,74.825,0.00024354551881278666,0
punjab_stubble_belt,2025-11-11,31.325,74.875,0.00025430355744664515,0
punjab_stubble_belt,2025-11-11,31.325,74.925,0.0003348578165889761,0
punjab_stubble_belt,2025-11-11,31.325,74.975,0.00035385656440861175,0
punjab_stubble_belt,2025-11-11,31.325,75.025,0.00030859711773675847,0
punjab_stubble_belt,2025-11-11,31.325,75.075,0.0003112669259615405,0
punjab_stubble_belt,2025-11-11,31.325,75.125,0.0003414251640919137,7.611138429756936e-05
punjab_stubble_belt,2025-11-11,31.325,75.175,0.00019715537393799235,0.0006516559993370487
punjab_stubble_belt,2025-11-11,31.325,75.225,0.0002755027907033924,8.837316028745353e-05
punjab_stubble_belt,2025-11-11,31.325,75.275,0.00027927150343568,0
punjab_stubble_belt,2025-11-11,31.325,75.3,0.00028235503394497387,0
punjab_stubble_belt,2025-11-11,31.375,74.625,0.0004705258642435169,0.022112724790012844
punjab_stubble_belt,2025-11-11,31.375,74.675,0.00032811742953567905,0.0067863352900275516
punjab_stubble_belt,2025-11-11,31.375,74.725,0.0002450353569123017,0.0005220257915405809
punjab_stubble_belt,2025-11-11,31.375,74.775,0.00029475104766650746,0
punjab_stubble_belt,2025-11-11,31.375,74.825,0.0002951516149937495,0
punjab_stubble_belt,2025-11-11,31.375,74.875,0.00026883114203351557,0
punjab_stubble_belt,2025-11-11,31.375,74.925,0.0003600150372916611,0
punjab_stubble_belt,2025-11-11,31.375,74.975,0.00031717761591246944,0
punjab_stubble_belt,2025-11-11,31.375,75.025,0.0002901957214237899,0
punjab_stubble_belt,2025-11-11,31.375,75.075,0.00027903169677800054,0
punjab_stubble_belt,2025-11-11,31.375,75.125,0.0002785309659307184,0.0007689031512903577
punjab_stubble_belt,2025-11-11,31.375,75.175,0.00023717769420484442,0.0067064786090258715
punjab_stubble_belt,2025-11-11,31.375,75.225,0.00024280114042721031,0.004949740431109608
punjab_stubble_belt,2025-11-11,31.375,75.275,0.00025524403998825247,0.0018897188178454778
punjab_stubble_belt,2025-11-11,31.375,75.3,0.0002630628394458892,0
punjab_stubble_belt,2025-11-11,31.425,74.625,0.00020771938098386239,0.0011796665088891214
punjab_stubble_belt,2025-11-11,31.425,74.675,0.0001852835343472378,0
punjab_stubble_belt,2025-11-11,31.425,74.725,0.00032887304777079256,0
punjab_stubble_belt,2025-11-11,31.425,74.775,0.00035694345956183084,0
punjab_stubble_belt,2025-11-11,31.425,74.825,0.0003170376787467786,0
punjab_stubble_belt,2025-11-11,31.425,74.875,0.0002667572829352693,0
punjab_stubble_belt,2025-11-11,31.425,74.925,0.00036765760879628836,0
punjab_stubble_belt,2025-11-11,31.425,74.975,0.00023175347184292816,0
punjab_stubble_belt,2025-11-11,31.425,75.025,0.00018422714411700744,0
punjab_stubble_belt,2025-11-11,31.425,75.075,0.00017794045834469097,0
punjab_stubble_belt,2025-11-11,31.425,75.125,0.00020750376175902803,0.0013319173736248495
punjab_stubble_belt,2025-11-11,31.425,75.175,0.0002838272371654663,0.011648072435178807
punjab_stubble_belt,2025-11-11,31.425,75.225,0.0002455388614148809,0.009292156035292121
punjab_stubble_belt,2025-11-11,31.425,75.275,0.00024389660669458765,0.003509477804570174
punjab_stubble_belt,2025-11-11,31.425,75.3,0.0002143387645136096,0
punjab_stubble_belt,2025-11-11,31.475,74.625,0.00017199113034450806,0
punjab_stubble_belt,2025-11-11,31.475,74.675,4.5422528117929835e-06,0
punjab_stubble_belt,2025-11-11,31.475,74.725,3.7469866793234116e-05,0
punjab_stubble_belt,2025-11-11,31.475,74.775,0.00024266805016911976,0
punjab_stubble_belt,2025-11-11,31.475,74.825,0.0003859824484929078,0
punjab_stubble_belt,2025-11-11,31.475,74.875,0.0004165653741494486,0
punjab_stubble_belt,2025-11-11,31.475,74.925,0.0002446823619620386,0
punjab_stubble_belt,2025-11-11,31.475,74.975,0.00022374106740860765,0
punjab_stubble_belt,2025-11-11,31.475,75.025,0.00020687289548070842,0
punjab_stubble_belt,2025-11-11,31.475,75.075,0.0002267602536979683,0
punjab_stubble_belt,2025-11-11,31.475,75.125,0.00027399147291463856,0
punjab_stubble_belt,2025-11-11,31.475,75.175,0.0002755399259759801,0
punjab_stubble_belt,2025-11-11,31.475,75.225,0.00021214031388127084,0
punjab_stubble_belt,2025-11-11,31.475,75.275,0.00017935186048443136,0
punjab_stubble_belt,2025-11-11,31.525,74.625,0.0003009040322820355,0
punjab_stubble_belt,2025-11-11,31.525,74.675,0.00021927163117590624,0
punjab_stubble_belt,2025-11-11,31.525,74.725,0.00018264555733004341,0
punjab_stubble_belt,2025-11-11,31.525,74.775,0.00018136991881168886,0
punjab_stubble_belt,2025-11-11,31.525,74.825,0.0001908581662615789,0
punjab_stubble_belt,2025-11-11,31.525,74.875,0.00020739707751975714,0
punjab_stubble_belt,2025-11-11,31.525,74.925,0.00023880067281380134,0
punjab_stubble_belt,2025-11-11,31.525,74.975,-4.2434146558162986e-05,0
punjab_stubble_belt,2025-11-11,31.525,75.025,8.810925853577294e-05,0
punjab_stubble_belt,2025-11-11,31.525,75.075,0.00020067885528103686,0
punjab_stubble_belt,2025-11-11,31.525,75.125,0.00019995747778566412,0
punjab_stubble_belt,2025-11-11,31.525,75.175,-4.0148023132834606e-05,0
punjab_stubble_belt,2025-11-11,31.525,75.225,0.00012418952762285144,0
punjab_stubble_belt,2025-11-11,31.525,75.275,9.429450978336266e-05,0
punjab_stubble_belt,2025-11-11,31.525,75.3,0.00010620641202769054,0
punjab_stubble_belt,2025-11-11,31.575,74.625,0.000323064884756607,0
punjab_stubble_belt,2025-11-11,31.575,74.675,0.00030248800332506766,0
punjab_stubble_belt,2025-11-11,31.575,74.725,0.00012766768702634452,0
punjab_stubble_belt,2025-11-11,31.575,74.775,0.00015339804077554254,0
punjab_stubble_belt,2025-11-11,31.575,74.825,0.0001685702540888306,0
punjab_stubble_belt,2025-11-11,31.575,74.875,0.00016651392164290113,0
punjab_stubble_belt,2025-11-11,31.575,74.925,0.00019756997605098367,0
punjab_stubble_belt,2025-11-11,31.575,74.975,6.3166932647209e-05,0
punjab_stubble_belt,2025-11-11,31.575,75.025,0.00017578002721431435,0
punjab_stubble_belt,2025-11-11,31.575,75.075,0.0001908372453176856,0
punjab_stubble_belt,2025-11-11,31.575,75.125,8.775196950093465e-05,0
punjab_stubble_belt,2025-11-11,31.575,75.175,2.073784272788592e-05,0
punjab_stubble_belt,2025-11-11,31.575,75.225,0.00016906953922887901,0
punjab_stubble_belt,2025-11-11,31.575,75.275,0.00018882765766138843,0
punjab_stubble_belt,2025-11-11,31.575,75.3,0.00015227429393435552,0
punjab_stubble_belt,2025-11-11,31.625,74.625,0.00032180439929053913,0
punjab_stubble_belt,2025-11-11,31.625,74.675,0.00030163247209337435,0
punjab_stubble_belt,2025-11-11,31.625,74.725,0.0001328898926328561,0
punjab_stubble_belt,2025-11-11,31.625,74.775,0.0001244543777953492,0
punjab_stubble_belt,2025-11-11,31.625,74.825,0.00016300168041283734,0
punjab_stubble_belt,2025-11-11,31.625,74.875,0.00020906891075143363,0
punjab_stubble_belt,2025-11-11,31.625,74.925,0.000161390927256233,0
punjab_stubble_belt,2025-11-11,31.625,74.975,0.00016777990852893333,0
punjab_stubble_belt,2025-11-11,31.625,75.025,0.0002396678032636571,0
punjab_stubble_belt,2025-11-11,31.625,75.075,0.00018132214162391107,0
punjab_stubble_belt,2025-11-11,31.625,75.125,4.2282503932765816e-05,0
punjab_stubble_belt,2025-11-11,31.625,75.175,0.00026484878398516274,0
punjab_stubble_belt,2025-11-11,31.625,75.225,0.0002189409207108943,0
punjab_stubble_belt,2025-11-11,31.625,75.275,0.00019050572982475198,0
punjab_stubble_belt,2025-11-11,31.625,75.3,0.00015830695777691945,0
punjab_stubble_belt,2025-11-11,31.675,74.625,0.0002763343551497011,0
punjab_stubble_belt,2025-11-11,31.675,74.675,0.00022554061453517157,0
punjab_stubble_belt,2025-11-11,31.675,74.725,0.00014925134280337324,0
punjab_stubble_belt,2025-11-11,31.675,74.775,7.077823889472287e-05,0
punjab_stubble_belt,2025-11-11,31.675,74.825,0.00015077195352873366,0
punjab_stubble_belt,2025-11-11,31.675,74.875,0.0002966644532586119,0
punjab_stubble_belt,2025-11-11,31.675,74.925,0.00014034753954320734,0
punjab_stubble_belt,2025-11-11,31.675,74.975,0.00021803371111117644,0
punjab_stubble_belt,2025-11-11,31.675,75.025,0.0002555729068762282,0
punjab_stubble_belt,2025-11-11,31.675,75.075,0.0001725279330159624,0
punjab_stubble_belt,2025-11-11,31.675,75.125,6.196783061117356e-05,0
punjab_stubble_belt,2025-11-11,31.675,75.175,0.00046898071792389104,0
punjab_stubble_belt,2025-11-11,31.675,75.225,0.0002263551327982986,0
punjab_stubble_belt,2025-11-11,31.675,75.275,0.00013343536006411025,0
punjab_stubble_belt,2025-11-11,31.675,75.3,0.00019417292659238786,0
punjab_stubble_belt,2025-11-11,31.725,74.625,6.818614766021952e-05,0
punjab_stubble_belt,2025-11-11,31.725,74.675,7.88824795077878e-05,0
punjab_stubble_belt,2025-11-11,31.725,74.725,-8.22668368447291e-05,0
punjab_stubble_belt,2025-11-11,31.725,74.775,-9.605148177060646e-05,0
punjab_stubble_belt,2025-11-11,31.725,74.825,9.034743324175433e-05,0
punjab_stubble_belt,2025-11-11,31.725,74.875,0.00033428266907450005,0
punjab_stubble_belt,2025-11-11,31.725,74.925,0.00015182996540039808,0
punjab_stubble_belt,2025-11-11,31.725,74.975,0.0001780920999564971,0
punjab_stubble_belt,2025-11-11,31.725,75.025,0.00019858722601026038,0
punjab_stubble_belt,2025-11-11,31.725,75.075,0.00016741769909870885,0
punjab_stubble_belt,2025-11-11,31.725,75.125,8.037450882327927e-05,0
punjab_stubble_belt,2025-11-11,31.725,75.175,-5.657735025788551e-05,0
punjab_stubble_belt,2025-11-11,31.725,75.225,4.880225861697698e-05,0
punjab_stubble_belt,2025-11-11,31.725,75.275,0.00022376912765754224,0
punjab_stubble_belt,2025-11-11,31.775,74.625,0.0001375082460015323,0
punjab_stubble_belt,2025-11-11,31.775,74.675,0.0001463718518356124,0
punjab_stubble_belt,2025-11-11,31.775,74.725,-2.146270967035994e-05,0
punjab_stubble_belt,2025-11-11,31.775,74.775,3.165088472927716e-05,0
punjab_stubble_belt,2025-11-11,31.775,74.825,0.0001950954877170962,0
punjab_stubble_belt,2025-11-11,31.775,74.875,0.00035250002859765463,0
punjab_stubble_belt,2025-11-11,31.775,74.925,0.00015266295394544949,0
punjab_stubble_belt,2025-11-11,31.775,74.975,0.00028544704367389635,0
punjab_stubble_belt,2025-11-11,31.775,75.025,0.00020184970551470337,0
punjab_stubble_belt,2025-11-11,31.775,75.075,7.750042892846214e-05,0
punjab_stubble_belt,2025-11-11,31.775,75.125,-1.526103734217329e-05,0
punjab_stubble_belt,2025-11-11,31.775,75.175,0.00012097627462492457,0
punjab_stubble_belt,2025-11-11,31.775,75.225,7.215785226943098e-05,0
punjab_stubble_belt,2025-11-11,31.775,75.275,0.00018823360467755867,0
punjab_stubble_belt,2025-11-11,31.775,75.3,0.00029517548445677825,0
punjab_stubble_belt,2025-11-11,31.825,74.625,0.00022189692128711028,0
punjab_stubble_belt,2025-11-11,31.825,74.675,0.0002449330301903336,0
punjab_stubble_belt,2025-11-11,31.825,74.725,0.00010407799948206459,0
punjab_stubble_belt,2025-11-11,31.825,74.775,6.721882675122781e-05,0
punjab_stubble_belt,2025-11-11,31.825,74.825,0.00014587501095134284,0
punjab_stubble_belt,2025-11-11,31.825,74.875,0.00026561566107052755,0
punjab_stubble_belt,2025-11-11,31.825,74.925,0.0001803150125386625,0
punjab_stubble_belt,2025-11-11,31.825,74.975,0.0002735627595935094,0
punjab_stubble_belt,2025-11-11,31.825,75.025,0.00014631421252386822,0
punjab_stubble_belt,2025-11-11,31.825,75.075,4.472313447819838e-05,0
punjab_stubble_belt,2025-11-11,31.825,75.125,2.879059431414081e-05,0
punjab_stubble_belt,2025-11-11,31.825,75.175,0.00019163474818390775,0
punjab_stubble_belt,2025-11-11,31.825,75.225,0.00025171988890250826,0
punjab_stubble_belt,2025-11-11,31.825,75.275,0.0002133164778938757,0
punjab_stubble_belt,2025-11-11,31.825,75.3,0.00019870420981879966,0
punjab_stubble_belt,2025-11-11,31.875,74.625,0.00026585233903480106,0
punjab_stubble_belt,2025-11-11,31.875,74.675,0.0002942967878400925,0
punjab_stubble_belt,2025-11-11,31.875,74.725,0.00023880301884121415,0
punjab_stubble_belt,2025-11-11,31.875,74.775,0.0001603673025468895,0
punjab_stubble_belt,2025-11-11,31.875,74.825,0.00016145066265522593,0
punjab_stubble_belt,2025-11-11,31.875,74.875,0.00020340527028617827,0
punjab_stubble_belt,2025-11-11,31.875,74.925,0.00013644708550995886,0
punjab_stubble_belt,2025-11-11,31.875,74.975,0.0002715089582007092,0
punjab_stubble_belt,2025-11-11,31.875,75.025,8.344461819664091e-05,0
punjab_stubble_belt,2025-11-11,31.875,75.075,2.0596437774060957e-05,0
punjab_stubble_belt,2025-11-11,31.875,75.125,0.00012434419667837885,0
punjab_stubble_belt,2025-11-11,31.875,75.175,0.00024348886594030618,0
punjab_stubble_belt,2025-11-11,31.875,75.225,0.0003133081322928886,0
punjab_stubble_belt,2025-11-11,31.875,75.275,0.00021396043051268333,0
punjab_stubble_belt,2025-11-11,31.875,75.3,0.00014169196271290548,0
punjab_stubble_belt,2025-11-12,31.325,74.625,0.0004352367161038889,0.05709145789905308
punjab_stubble_belt,2025-11-12,31.325,74.675,0.0004479432843005682,0.05793014805695591
punjab_stubble_belt,2025-11-12,31.325,74.725,0.000413029920788839,0.06148213314834896
punjab_stubble_belt,2025-11-12,31.325,74.775,0.00039382289590926734,0.05938791364327384
punjab_stubble_belt,2025-11-12,31.325,74.825,0.0003453063745862788,0.04457405123260469
punjab_stubble_belt,2025-11-12,31.325,74.875,0.00023877902505521582,0.02228155318324383
punjab_stubble_belt,2025-11-12,31.325,74.925,-4.773469422673649e-05,0.008610183087787191
punjab_stubble_belt,2025-11-12,31.325,74.975,0.0001988494998206567,0.0075748037561989105
punjab_stubble_belt,2025-11-12,31.325,75.025,0.00044048999340523954,0.003556185591706797
punjab_stubble_belt,2025-11-12,31.325,75.075,0.0005417128737743911,0.0014397458488078164
punjab_stubble_belt,2025-11-12,31.325,75.125,0.00045719440630918786,0.0017719927340707398
punjab_stubble_belt,2025-11-12,31.325,75.175,8.639007084594436e-05,0.00240572542741837
punjab_stubble_belt,2025-11-12,31.325,75.225,6.0647613403239515e-05,0.00029828401525942047
punjab_stubble_belt,2025-11-12,31.325,75.275,0.00017133300392269913,0
punjab_stubble_belt,2025-11-12,31.325,75.3,0.0002449581726041684,0
punjab_stubble_belt,2025-11-12,31.375,74.625,0.0005393525630747746,0.05447874149866735
punjab_stubble_belt,2025-11-12,31.375,74.675,0.0005474557060580312,0.0456838939900529
punjab_stubble_belt,2025-11-12,31.375,74.725,0.00039092068605920766,0.041009052851495746
punjab_stubble_belt,2025-11-12,31.375,74.775,0.0004155095904875797,0.03834890947677541
punjab_stubble_belt,2025-11-12,31.375,74.825,0.0004026220107937129,0.026428511832899845
punjab_stubble_belt,2025-11-12,31.375,74.875,0.00031636765282058623,0.009401781415906276
punjab_stubble_belt,2025-11-12,31.375,74.925,7.154367357812737e-05,0.0029609275506929456
punjab_stubble_belt,2025-11-12,31.375,74.975,0.00017220011341105042,0.001620385172941552
punjab_stubble_belt,2025-11-12,31.375,75.025,0.00031379001221471675,0.0005435033905637956
punjab_stubble_belt,2025-11-12,31.375,75.075,0.00040761966721878414,0
punjab_stubble_belt,2025-11-12,31.375,75.125,0.0004113288644295713,0
punjab_stubble_belt,2025-11-12,31.375,75.175,0.0001550901836548616,0
punjab_stubble_belt,2025-11-12,31.375,75.225,0.00013489373844627328,0
punjab_stubble_belt,2025-11-12,31.375,75.275,0.00014394759977816386,0
punjab_stubble_belt,2025-11-12,31.375,75.3,0.00013725794870348923,0
punjab_stubble_belt,2025-11-12,31.425,74.625,0.000580809757959875,0.05140304371208142
punjab_stubble_belt,2025-11-12,31.425,74.675,0.0005645617476645978,0.027805166511312478
punjab_stubble_belt,2025-11-12,31.425,74.725,0.00033562864909130244,0.013140518224506334
punjab_stubble_belt,2025-11-12,31.425,74.775,0.00038272650863797143,0.010899518793468998
punjab_stubble_belt,2025-11-12,31.425,74.825,0.0003984225948851144,0.0073249506226188135
punjab_stubble_belt,2025-11-12,31.425,74.875,0.0003491566617716495,0.002497279427949199
punjab_stubble_belt,2025-11-12,31.425,74.925,0.00019934271131245184,0
punjab_stubble_belt,2025-11-12,31.425,74.975,0.00011802676632362833,0
punjab_stubble_belt,2025-11-12,31.425,75.025,0.00012288027852302017,0
punjab_stubble_belt,2025-11-12,31.425,75.075,0.00021606669593484643,0
punjab_stubble_belt,2025-11-12,31.425,75.125,0.00035588951012278876,0
punjab_stubble_belt,2025-11-12,31.425,75.175,0.000338414876742067,0
punjab_stubble_belt,2025-11-12,31.425,75.225,0.0003150469539434843,0
punjab_stubble_belt,2025-11-12,31.425,75.275,0.00013910678984538946,0
punjab_stubble_belt,2025-11-12,31.425,75.3,3.0220209628587165e-05,0
punjab_stubble_belt,2025-11-12,31.475,74.625,0.00043760928099690445,0.04765722823982857
punjab_stubble_belt,2025-11-12,31.475,74.675,0.0002129468540064192,0.016261953506174258
punjab_stubble_belt,2025-11-12,31.475,74.725,0.00012922129164380646,0.0012120710687831746
punjab_stubble_belt,2025-11-12,31.475,74.775,0.00016643523053420069,6.542004207580868e-05
punjab_stubble_belt,2025-11-12,31.475,74.825,0.00023002573449407005,5.869461718951059e-05
punjab_stubble_belt,2025-11-12,31.475,74.875,0.00029331372834285273,0
punjab_stubble_belt,2025-11-12,31.475,74.925,0.00030549295857475953,0
punjab_stubble_belt,2025-11-12,31.475,74.975,0.0002504353333205949,0
punjab_stubble_belt,2025-11-12,31.475,75.025,0.0001916965312044487,0
punjab_stubble_belt,2025-11-12,31.475,75.075,0.00016688449920628854,0
punjab_stubble_belt,2025-11-12,31.475,75.125,0.00019014575732093848,0
punjab_stubble_belt,2025-11-12,31.475,75.175,0.00029667245122737084,0
punjab_stubble_belt,2025-11-12,31.475,75.225,0.00025848178694077905,0
punjab_stubble_belt,2025-11-12,31.475,75.275,0.0001212833462306715,0
punjab_stubble_belt,2025-11-12,31.525,74.625,0.00020110043700852925,0.006980757820587615
punjab_stubble_belt,2025-11-12,31.525,74.675,6.87857362315729e-05,0.0012120710687831746
punjab_stubble_belt,2025-11-12,31.525,74.725,0.0001890210757346959,0
punjab_stubble_belt,2025-11-12,31.525,74.775,0.00040557452203416233,4.891218099125882e-06
punjab_stubble_belt,2025-11-12,31.525,74.825,0.00040519152541441543,4.306564685714742e-06
punjab_stubble_belt,2025-11-12,31.525,74.875,0.00028614356101762264,0
punjab_stubble_belt,2025-11-12,31.525,74.925,0.00048525205949720933,0
punjab_stubble_belt,2025-11-12,31.525,74.975,0.0003168866626162683,0
punjab_stubble_belt,2025-11-12,31.525,75.025,0.00030862233214179637,0
punjab_stubble_belt,2025-11-12,31.525,75.075,0.0003250055435753841,0
punjab_stubble_belt,2025-11-12,31.525,75.125,0.00033873149170337967,0
punjab_stubble_belt,2025-11-12,31.525,75.175,0.00035104670573305624,0
punjab_stubble_belt,2025-11-12,31.525,75.225,0.00026138127870356444,0
punjab_stubble_belt,2025-11-12,31.525,75.275,0.00018258827659214716,0
punjab_stubble_belt,2025-11-12,31.525,75.3,9.113404849836345e-05,0
punjab_stubble_belt,2025-11-12,31.575,74.625,0.00020844121942109676,0.0012947656747467264
punjab_stubble_belt,2025-11-12,31.575,74.675,0.00021242148892031956,0
punjab_stubble_belt,2025-11-12,31.575,74.725,0.0002958891629904032,0
punjab_stubble_belt,2025-11-12,31.575,74.775,0.000424740449980479,0
punjab_stubble_belt,2025-11-12,31.575,74.825,0.00038777520079532506,0
punjab_stubble_belt,2025-11-12,31.575,74.875,0.0002711274965928699,0
punjab_stubble_belt,2025-11-12,31.575,74.925,0.0004272374213311701,0
punjab_stubble_belt,2025-11-12,31.575,74.975,0.00010339455486993631,0
punjab_stubble_belt,2025-11-12,31.575,75.025,0.00033155472165649917,0
punjab_stubble_belt,2025-11-12,31.575,75.075,0.0004087593533285536,0
punjab_stubble_belt,2025-11-12,31.575,75.125,0.00028211408338519716,0
punjab_stubble_belt,2025-11-12,31.575,75.175,0.00027427696177114244,0
punjab_stubble_belt,2025-11-12,31.575,75.225,0.0002534521303676967,0
punjab_stubble_belt,2025-11-12,31.575,75.275,0.00015907844120402391,0
punjab_stubble_belt,2025-11-12,31.575,75.3,0.00011127990335049554,0
punjab_stubble_belt,2025-11-12,31.625,74.625,0.00015421822871204143,7.148299312157007e-05
punjab_stubble_belt,2025-11-12,31.625,74.675,0.00027363118540629083,0
punjab_stubble_belt,2025-11-12,31.625,74.725,0.0002878211121594092,0
punjab_stubble_belt,2025-11-12,31.625,74.775,0.0003594732804282585,0
punjab_stubble_belt,2025-11-12,31.625,74.825,0.0003877025382060416,0
punjab_stubble_belt,2025-11-12,31.625,74.875,0.0003713349839669456,0
punjab_stubble_belt,2025-11-12,31.625,74.925,0.00033142296789718796,0
punjab_stubble_belt,2025-11-12,31.625,74.975,0.00010764111158141403,0
punjab_stubble_belt,2025-11-12,31.625,75.025,0.00034226730891969424,0
punjab_stubble_belt,2025-11-12,31.625,75.075,0.0004038597238723043,0
punjab_stubble_belt,2025-11-12,31.625,75.125,0.00025589746733355883,0
punjab_stubble_belt,2025-11-12,31.625,75.175,0.0002734601022218535,0
punjab_stubble_belt,2025-11-12,31.625,75.225,0.0002489116538447762,0
punjab_stubble_belt,2025-11-12,31.625,75.275,0.0002343475728615087,0
punjab_stubble_belt,2025-11-12,31.625,75.3,0.0002624479936010842,0
punjab_stubble_belt,2025-11-12,31.675,74.625,8.956840317051128e-05,0
punjab_stubble_belt,2025-11-12,31.675,74.675,0.0002574387401148445,0
punjab_stubble_belt,2025-11-12,31.675,74.725,0.00023086541897442687,0
punjab_stubble_belt,2025-11-12,31.675,74.775,0.00029253165995642323,0
punjab_stubble_belt,2025-11-12,31.675,74.825,0.0004121433271937608,0
punjab_stubble_belt,2025-11-12,31.675,74.875,0.0005002355452774905,0
punjab_stubble_belt,2025-11-12,31.675,74.925,0.00029230966599148417,0
punjab_stubble_belt,2025-11-12,31.675,74.975,0.000270879739794689,0
punjab_stubble_belt,2025-11-12,31.675,75.025,0.00034785801805961526,0
punjab_stubble_belt,2025-11-12,31.675,75.075,0.0003432995325522281,0
punjab_stubble_belt,2025-11-12,31.675,75.125,0.00026811486273567957,0
punjab_stubble_belt,2025-11-12,31.675,75.175,0.0003135569033213963,0
punjab_stubble_belt,2025-11-12,31.675,75.225,0.0002448434782638985,0
punjab_stubble_belt,2025-11-12,31.675,75.275,0.0003397316419565311,0
punjab_stubble_belt,2025-11-12,31.675,75.3,0.0003070545298930523,0
punjab_stubble_belt,2025-11-12,31.725,74.625,0.00029400454429326324,0
punjab_stubble_belt,2025-11-12,31.725,74.675,0.0003094999163070335,0
punjab_stubble_belt,2025-11-12,31.725,74.725,0.0004079585628114779,0
punjab_stubble_belt,2025-11-12,31.725,74.775,0.00045712065811141057,0
punjab_stubble_belt,2025-11-12,31.725,74.825,0.00040168678508343257,0
punjab_stubble_belt,2025-11-12,31.725,74.875,0.00033071803899608975,0
punjab_stubble_belt,2025-11-12,31.725,74.925,0.0005683903873995293,0
punjab_stubble_belt,2025-11-12,31.725,74.975,0.0002758949001479823,0
punjab_stubble_belt,2025-11-12,31.725,75.025,0.0003178662801283043,0
punjab_stubble_belt,2025-11-12,31.725,75.075,0.000327504945344019,0
punjab_stubble_belt,2025-11-12,31.725,75.125,0.0002620570472435135,0
punjab_stubble_belt,2025-11-12,31.725,75.175,0.00020405887895704025,0
punjab_stubble_belt,2025-11-12,31.725,75.225,0.00022442514457212136,0
punjab_stubble_belt,2025-11-12,31.725,75.275,0.00018945409766647214,0
punjab_stubble_belt,2025-11-12,31.775,74.625,6.983342373213749e-05,0
punjab_stubble_belt,2025-11-12,31.775,74.675,0.00019699448418238261,0
punjab_stubble_belt,2025-11-12,31.775,74.725,0.00024841187062714116,0
punjab_stubble_belt,2025-11-12,31.775,74.775,0.00032340356916883266,0
punjab_stubble_belt,2025-11-12,31.775,74.825,0.0003867597143257046,0
punjab_stubble_belt,2025-11-12,31.775,74.875,0.00042673412181969,0
punjab_stubble_belt,2025-11-12,31.775,74.925,0.00043174120748673263,0
punjab_stubble_belt,2025-11-12,31.775,74.975,0.00032801990722251855,0
punjab_stubble_belt,2025-11-12,31.775,75.025,0.000325042174426877,0
punjab_stubble_belt,2025-11-12,31.775,75.075,0.00030502945441871426,0
punjab_stubble_belt,2025-11-12,31.775,75.125,0.00023722323992315185,0
punjab_stubble_belt,2025-11-12,31.775,75.175,2.8482200882576255e-05,0
punjab_stubble_belt,2025-11-12,31.775,75.225,7.580734533842337e-05,0
punjab_stubble_belt,2025-11-12,31.775,75.275,0.0001120346484479971,0
punjab_stubble_belt,2025-11-12,31.775,75.3,0.00014612294368085784,0
punjab_stubble_belt,2025-11-12,31.825,74.625,0.0001320651569579628,0
punjab_stubble_belt,2025-11-12,31.825,74.675,0.0003598369286532131,0
punjab_stubble_belt,2025-11-12,31.825,74.725,0.00015226846619374179,0
punjab_stubble_belt,2025-11-12,31.825,74.775,0.00023606623417250398,0
punjab_stubble_belt,2025-11-12,31.825,74.825,0.00029336385135409274,0
punjab_stubble_belt,2025-11-12,31.825,74.875,0.00028505972426288626,0
punjab_stubble_belt,2025-11-12,31.825,74.925,0.00018469684108033175,0
punjab_stubble_belt,2025-11-12,31.825,74.975,0.00016494007846739136,0
punjab_stubble_belt,2025-11-12,31.825,75.025,0.00023588614464698234,0
punjab_stubble_belt,2025-11-12,31.825,75.075,0.0002790484987464632,0
punjab_stubble_belt,2025-11-12,31.825,75.125,0.00027223503217767964,0
punjab_stubble_belt,2025-11-12,31.825,75.175,0.00021060660719182374,0
punjab_stubble_belt,2025-11-12,31.825,75.225,0.00012314498877475223,0
punjab_stubble_belt,2025-11-12,31.825,75.275,0.00019870179271994342,0
punjab_stubble_belt,2025-11-12,31.825,75.3,0.0002298080241837419,0
punjab_stubble_belt,2025-11-12,31.875,74.625,0.0002978004567915953,0
punjab_stubble_belt,2025-11-12,31.875,74.675,0.0005000431029954027,0
punjab_stubble_belt,2025-11-12,31.875,74.725,0.0001184873883804875,0
punjab_stubble_belt,2025-11-12,31.875,74.775,0.0002170866141544438,0
punjab_stubble_belt,2025-11-12,31.875,74.825,0.000254377089233826,0
punjab_stubble_belt,2025-11-12,31.875,74.875,0.000186037786546624,0
punjab_stubble_belt,2025-11-12,31.875,74.925,1.3634228448747241e-05,0
punjab_stubble_belt,2025-11-12,31.875,74.975,4.175012150570775e-05,0
punjab_stubble_belt,2025-11-12,31.875,75.025,0.00019260353726915436,0
punjab_stubble_belt,2025-11-12,31.875,75.075,0.0002879901919015618,0
punjab_stubble_belt,2025-11-12,31.875,75.125,0.00031283617199992156,0
punjab_stubble_belt,2025-11-12,31.875,75.175,0.0003551436358729404,0
punjab_stubble_belt,2025-11-12,31.875,75.225,0.00025441596062787615,0
punjab_stubble_belt,2025-11-12,31.875,75.275,0.00029062733388400726,0
punjab_stubble_belt,2025-11-12,31.875,75.3,0.0003237766556117811,0
punjab_stubble_belt,2025-11-13,31.325,74.625,0.00033881155973302193,0.15837035407520075
punjab_stubble_belt,2025-11-13,31.325,74.675,0.00031350069296498084,0.15911758652616262
punjab_stubble_belt,2025-11-13,31.325,74.725,0.0002506888821020993,0.15676227604238213
punjab_stubble_belt,2025-11-13,31.325,74.775,0.0003588376733169032,0.15682928687415476
punjab_stubble_belt,2025-11-13,31.325,74.825,0.00033715428552512236,0.1544868320768504
punjab_stubble_belt,2025-11-13,31.325,74.875,0.0002263588238940956,0.15120601846581053
punjab_stubble_belt,2025-11-13,31.325,74.925,0.0002417810027035934,0.1531562413985021
punjab_stubble_belt,2025-11-13,31.325,74.975,0.0003836153691032764,0.1508374881170063
punjab_stubble_belt,2025-11-13,31.325,75.025,0.0005200008142481914,0.1525779106285691
punjab_stubble_belt,2025-11-13,31.325,75.075,0.0005086500071203424,0.15364316509582895
punjab_stubble_belt,2025-11-13,31.325,75.125,0.00035296477006605264,0.1534779477383595
punjab_stubble_belt,2025-11-13,31.325,75.175,0.00019178556727857067,0.15302609039390005
punjab_stubble_belt,2025-11-13,31.325,75.225,0.00020445755651522045,0.15188106712963437
punjab_stubble_belt,2025-11-13,31.325,75.275,0.00020203325623752583,0.14847873046751858
punjab_stubble_belt,2025-11-13,31.325,75.3,0.0002050162973603342,0.14656130172397888
punjab_stubble_belt,2025-11-13,31.375,74.625,0.0003619129671997367,0.15583644135056884
punjab_stubble_belt,2025-11-13,31.375,74.675,0.00028545884331895806,0.15518185941642315
punjab_stubble_belt,2025-11-13,31.375,74.725,0.00022763050083332562,0.1545535282061042
punjab_stubble_belt,2025-11-13,31.375,74.775,0.0002615828377429532,0.15435035324754293
punjab_stubble_belt,2025-11-13,31.375,74.825,0.0002777464880503874,0.15161377913421167
punjab_stubble_belt,2025-11-13,31.375,74.875,0.0002618519952830643,0.1479767168042557
punjab_stubble_belt,2025-11-13,31.375,74.925,0.0002037001979586433,0.1498204202233538
punjab_stubble_belt,2025-11-13,31.375,74.975,0.0002669302093736575,0.1479883441181657
punjab_stubble_belt,2025-11-13,31.375,75.025,0.00042100469453384227,0.14858009019199195
punjab_stubble_belt,2025-11-13,31.375,75.075,0.0004701624906113886,0.1491486973777947
punjab_stubble_belt,2025-11-13,31.375,75.125,0.0004001375882558578,0.14954156932488535
punjab_stubble_belt,2025-11-13,31.375,75.175,0.00027342491943206936,0.15079572098644756
punjab_stubble_belt,2025-11-13,31.375,75.225,0.0002838449371135902,0.14893270636279735
punjab_stubble_belt,2025-11-13,31.375,75.275,0.0002561088730193001,0.1467759436182689
punjab_stubble_belt,2025-11-13,31.375,75.3,0.00024319197530248764,0.14546491694971247
punjab_stubble_belt,2025-11-13,31.425,74.625,0.0003483010083988335,0.1532632720263188
punjab_stubble_belt,2025-11-13,31.425,74.675,0.00023323667471296153,0.1506584986171777
punjab_stubble_belt,2025-11-13,31.425,74.725,0.0002366227969624528,0.15210812611304467
punjab_stubble_belt,2025-11-13,31.425,74.775,0.00016514570511646224,0.15134385992400184
punjab_stubble_belt,2025-11-13,31.425,74.825,0.00017002468892887842,0.1484854766024981
punjab_stubble_belt,2025-11-13,31.425,74.875,0.00021511641256737198,0.14495245238436621
punjab_stubble_belt,2025-11-13,31.425,74.925,0.0001500545895135557,0.14486001419318165
punjab_stubble_belt,2025-11-13,31.425,74.975,0.00010653483534463341,0.144999737687856
punjab_stubble_belt,2025-11-13,31.425,75.025,0.00023566965342457005,0.14496272491031953
punjab_stubble_belt,2025-11-13,31.425,75.075,0.0003673873355606852,0.145376917775933
punjab_stubble_belt,2025-11-13,31.425,75.125,0.0004464751718576032,0.1463326918110293
punjab_stubble_belt,2025-11-13,31.425,75.175,0.00032617619189199347,0.1477648261851779
punjab_stubble_belt,2025-11-13,31.425,75.225,0.0002646277748499652,0.1456458480046205
punjab_stubble_belt,2025-11-13,31.425,75.275,0.00027052763125565176,0.14469492334773001
punjab_stubble_belt,2025-11-13,31.425,75.3,0.0002511355545998466,0.14323466647335614
punjab_stubble_belt,2025-11-13,31.475,74.625,0.00017175321532851933,0.1533441440048768
punjab_stubble_belt,2025-11-13,31.475,74.675,0.00022015176729300005,0.14891756872434608
punjab_stubble_belt,2025-11-13,31.475,74.725,0.0004418232915719538,0.1518347076657282
punjab_stubble_belt,2025-11-13,31.475,74.775,0.000458347112029232,0.14993721234789784
punjab_stubble_belt,2025-11-13,31.475,74.825,0.0003052294199985578,0.1479839765675574
punjab_stubble_belt,2025-11-13,31.475,74.875,9.584399882356774e-05,0.14580863859475104
punjab_stubble_belt,2025-11-13,31.475,74.925,0.00018584788411333517,0.14078533095923676
punjab_stubble_belt,2025-11-13,31.475,74.975,0.0001923509569515336,0.14180536062816462
punjab_stubble_belt,2025-11-13,31.475,75.025,0.00024256110782793183,0.14174733865038802
punjab_stubble_belt,2025-11-13,31.475,75.075,0.00035987213615470184,0.14257806560600572
punjab_stubble_belt,2025-11-13,31.475,75.125,0.00048036350145958846,0.1442183341292915
punjab_stubble_belt,2025-11-13,31.475,75.175,0.00027586907435592055,0.14484385188111445
punjab_stubble_belt,2025-11-13,31.475,75.225,0.00013139796196661864,0.14366634297256248
punjab_stubble_belt,2025-11-13,31.475,75.275,0.00016692983045848306,0.1423466474109379
punjab_stubble_belt,2025-11-13,31.525,74.625,0.0002124967217795,0.15226309054541223
punjab_stubble_belt,2025-11-13,31.525,74.675,0.00024532275893194834,0.1525233659259711
punjab_stubble_belt,2025-11-13,31.525,74.725,0.00030478277015142356,0.15186073244202786
punjab_stubble_belt,2025-11-13,31.525,74.775,0.00027454032365424873,0.1497957584407396
punjab_stubble_belt,2025-11-13,31.525,74.825,0.00020669701110026563,0.1476909954607775
punjab_stubble_belt,2025-11-13,31.525,74.875,0.00014066500284959442,0.1452739457107219
punjab_stubble_belt,2025-11-13,31.525,74.925,0.00018309357963280747,0.1404965341341251
punjab_stubble_belt,2025-11-13,31.525,74.975,0.0002737778978222649,0.14014463383038994
punjab_stubble_belt,2025-11-13,31.525,75.025,0.00032660398971467747,0.1362575698037112
punjab_stubble_belt,2025-11-13,31.525,75.075,0.00027729173343626255,0.13450300912186253
punjab_stubble_belt,2025-11-13,31.525,75.125,0.00019025857444325287,0.135219785736442
punjab_stubble_belt,2025-11-13,31.525,75.175,0.00043446939643367895,0.13382018274779575
punjab_stubble_belt,2025-11-13,31.525,75.225,0.0004733782152385935,0.13522313579694226
punjab_stubble_belt,2025-11-13,31.525,75.275,0.0003852024455628382,0.13568727589831273
punjab_stubble_belt,2025-11-13,31.525,75.3,0.0002696318761528845,0.13846563628985148
punjab_stubble_belt,2025-11-13,31.575,74.625,0.00025496314892524787,0.15107423961383057
punjab_stubble_belt,2025-11-13,31.575,74.675,0.00027831084408646217,0.15257953711394154
punjab_stubble_belt,2025-11-13,31.575,74.725,0.0002926212925569375,0.1505439122509217
punjab_stubble_belt,2025-11-13,31.575,74.775,0.0002848064073852623,0.14921411029463488
punjab_stubble_belt,2025-11-13,31.575,74.825,0.00025628141862733757,0.14719960636464216
punjab_stubble_belt,2025-11-13,31.575,74.875,0.00020688894426825011,0.1444741081507638
punjab_stubble_belt,2025-11-13,31.575,74.925,0.00012329331361404057,0.14085464204655235
punjab_stubble_belt,2025-11-13,31.575,74.975,0.00030409287560994073,0.1397284810396212
punjab_stubble_belt,2025-11-13,31.575,75.025,0.0003759862830171411,0.13539002483333581
punjab_stubble_belt,2025-11-13,31.575,75.075,0.0003270335250229427,0.13319996174281484
punjab_stubble_belt,2025-11-13,31.575,75.125,0.00020206131604631663,0.1332309251467891
punjab_stubble_belt,2025-11-13,31.575,75.175,0.0002449105307564376,0.13081435130682773
punjab_stubble_belt,2025-11-13,31.575,75.225,0.00024559451692256293,0.131419102189163
punjab_stubble_belt,2025-11-13,31.575,75.275,0.00027848206695858183,0.13353812799663292
punjab_stubble_belt,2025-11-13,31.575,75.3,0.00030840080604383624,0.13498386199813608
punjab_stubble_belt,2025-11-13,31.625,74.625,0.00020325040871535952,0.1478749754783349
punjab_stubble_belt,2025-11-13,31.625,74.675,0.0001808166900849001,0.14911841636769002
punjab_stubble_belt,2025-11-13,31.625,74.725,0.0002622343517039124,0.14743885615948402
punjab_stubble_belt,2025-11-13,31.625,74.775,0.0002621432890549849,0.14705669334826055
punjab_stubble_belt,2025-11-13,31.625,74.825,0.0002608369122643795,0.14558033861836545
punjab_stubble_belt,2025-11-13,31.625,74.875,0.0002560290862759804,0.14322124192901667
punjab_stubble_belt,2025-11-13,31.625,74.925,0.00021152938988389984,0.14113483615040523
punjab_stubble_belt,2025-11-13,31.625,74.975,0.0003835898017192474,0.1374924473972003
punjab_stubble_belt,2025-11-13,31.625,75.025,0.00036044577397840983,0.1340634836310424
punjab_stubble_belt,2025-11-13,31.625,75.075,0.00026786660727117824,0.13201339893132752
punjab_stubble_belt,2025-11-13,31.625,75.125,0.00016078151634676995,0.1312554772758619
punjab_stubble_belt,2025-11-13,31.625,75.175,0.00019452538114862717,0.1293344209493187
punjab_stubble_belt,2025-11-13,31.625,75.225,0.00016558034203781877,0.12948603780667528
punjab_stubble_belt,2025-11-13,31.625,75.275,0.00016656828969448812,0.13190854803774282
punjab_stubble_belt,2025-11-13,31.625,75.3,0.00014434451878787326,0.1332467422284147
punjab_stubble_belt,2025-11-13,31.675,74.625,0.00014113408221739653,0.14381719794874392
punjab_stubble_belt,2025-11-13,31.675,74.675,6.733353938638172e-05,0.14411113389929092
punjab_stubble_belt,2025-11-13,31.675,74.725,0.00021041964201389,0.14408869365857058
punjab_stubble_belt,2025-11-13,31.675,74.775,0.00019488505303778643,0.14451147914770684
punjab_stubble_belt,2025-11-13,31.675,74.825,0.0002104447810488571,0.14367785000361527
punjab_stubble_belt,2025-11-13,31.675,74.875,0.0002718501988861887,0.1419667729181408
punjab_stubble_belt,2025-11-13,31.675,74.925,0.00037549139875148435,0.1408911647281486
punjab_stubble_belt,2025-11-13,31.675,74.975,0.00047139147167750693,0.13454959365004518
punjab_stubble_belt,2025-11-13,31.675,75.025,0.00031246514050243586,0.13234299874261163
punjab_stubble_belt,2025-11-13,31.675,75.075,0.00016106360364781262,0.13065313745719184
punjab_stubble_belt,2025-11-13,31.675,75.125,9.039094478067751e-05,0.12918160927138905
punjab_stubble_belt,2025-11-13,31.675,75.175,0.00025272856222293116,0.12870477635449376
punjab_stubble_belt,2025-11-13,31.675,75.225,0.00023013164927426603,0.1287398716715151
punjab_stubble_belt,2025-11-13,31.675,75.275,0.0001306274472297853,0.13046956784627156
punjab_stubble_belt,2025-11-13,31.675,75.3,0.00022322580221990435,0.1309183861186458
punjab_stubble_belt,2025-11-13,31.725,74.625,0.00040263923764957796,0.14318346142120159
punjab_stubble_belt,2025-11-13,31.725,74.675,0.0003732164045689903,0.14371121548929372
punjab_stubble_belt,2025-11-13,31.725,74.725,0.0001651924304620151,0.1453748983786651
punjab_stubble_belt,2025-11-13,31.725,74.775,0.00010195784335278507,0.1456490211881308
punjab_stubble_belt,2025-11-13,31.725,74.825,0.00012514233884003246,0.14458788664908748
punjab_stubble_belt,2025-11-13,31.725,74.875,0.00021192054839204845,0.14229674774290182
punjab_stubble_belt,2025-11-13,31.725,74.925,0.00031404999179981177,0.13876058695707377
punjab_stubble_belt,2025-11-13,31.725,74.975,0.000391675270782076,0.13559831793036178
punjab_stubble_belt,2025-11-13,31.725,75.025,0.00035068818890481994,0.13235912875576147
punjab_stubble_belt,2025-11-13,31.725,75.075,0.00027197997694692146,0.1299388390891187
punjab_stubble_belt,2025-11-13,31.725,75.125,0.00018439571718299725,0.12865700223066207
punjab_stubble_belt,2025-11-13,31.725,75.175,0.0001488787988998085,0.12857579932522192
punjab_stubble_belt,2025-11-13,31.725,75.225,0.00020647218911360325,0.12725736843211466
punjab_stubble_belt,2025-11-13,31.725,75.275,0.00035125097067173163,0.12881393227297366
punjab_stubble_belt,2025-11-13,31.775,74.625,0.0004500914190342173,0.14309956671708282
punjab_stubble_belt,2025-11-13,31.775,74.675,0.00040485602732737874,0.1433957123679676
punjab_stubble_belt,2025-11-13,31.775,74.725,0.00026563729526707494,0.14649213323894936
punjab_stubble_belt,2025-11-13,31.775,74.775,0.0003076040689408645,0.14661776986443498
punjab_stubble_belt,2025-11-13,31.775,74.825,0.0003383681363765133,0.14551903387718534
punjab_stubble_belt,2025-11-13,31.775,74.875,0.00034316218356394274,0.14341538871454154
punjab_stubble_belt,2025-11-13,31.775,74.925,0.00032039063824819864,0.13977695503878085
punjab_stubble_belt,2025-11-13,31.775,74.975,0.00028640961498159966,0.13702378177574226
punjab_stubble_belt,2025-11-13,31.775,75.025,0.00026339939228716054,0.13199564613787512
punjab_stubble_belt,2025-11-13,31.775,75.075,0.0002631057147631875,0.12914723532525746
punjab_stubble_belt,2025-11-13,31.775,75.125,0.0002719462928440345,0.12842357289955983
punjab_stubble_belt,2025-11-13,31.775,75.175,0.0002062971796416594,0.12494517659924423
punjab_stubble_belt,2025-11-13,31.775,75.225,0.00017532568940395376,0.1247496565143815
punjab_stubble_belt,2025-11-13,31.775,75.275,0.00023554019748416496,0.12455401071960812
punjab_stubble_belt,2025-11-13,31.775,75.3,0.000350219976007695,0.1269034485568847
punjab_stubble_belt,2025-11-13,31.825,74.625,0.0003235166327821792,0.14587454313160925
punjab_stubble_belt,2025-11-13,31.825,74.675,0.0003010338027421832,0.14447078854053577
punjab_stubble_belt,2025-11-13,31.825,74.725,0.00027572505143762694,0.14447174098465398
punjab_stubble_belt,2025-11-13,31.825,74.775,0.00036314149499410087,0.14402217755025204
punjab_stubble_belt,2025-11-13,31.825,74.825,0.0003681749397232019,0.1430051316238093
punjab_stubble_belt,2025-11-13,31.825,74.875,0.0003117827583333929,0.1409979392609823
punjab_stubble_belt,2025-11-13,31.825,74.925,0.00031656740489686215,0.13641346386833364
punjab_stubble_belt,2025-11-13,31.825,74.975,0.000296454578459119,0.13483854961478942
punjab_stubble_belt,2025-11-13,31.825,75.025,0.00026456205611206224,0.12949651368267837
punjab_stubble_belt,2025-11-13,31.825,75.075,0.000253519959476257,0.12656355518992712
punjab_stubble_belt,2025-11-13,31.825,75.125,0.0002677804538197136,0.12571981425591253
punjab_stubble_belt,2025-11-13,31.825,75.175,0.0003005330909803858,0.11923536739025875
punjab_stubble_belt,2025-11-13,31.825,75.225,0.00027952191124578,0.12007418974893504
punjab_stubble_belt,2025-11-13,31.825,75.275,0.00030488569618151615,0.11901222074234281
punjab_stubble_belt,2025-11-13,31.825,75.3,0.00030993240631928883,0.1194260311541103
punjab_stubble_belt,2025-11-13,31.875,74.625,0.00022343092381847245,0.14878160351673395
punjab_stubble_belt,2025-11-13,31.875,74.675,0.0002197143009531722,0.14716397842035728
punjab_stubble_belt,2025-11-13,31.875,74.725,0.0003306374781505222,0.14184572126903147
punjab_stubble_belt,2025-11-13,31.875,74.775,0.0003874348652369171,0.14051663013409427
punjab_stubble_belt,2025-11-13,31.875,74.825,0.00036784272250582785,0.13903357246281126
punjab_stubble_belt,2025-11-13,31.875,74.875,0.00029342105771678907,0.13674143465450714
punjab_stubble_belt,2025-11-13,31.875,74.925,0.00022845345479080814,0.13222850242230005
punjab_stubble_belt,2025-11-13,31.875,74.975,0.00020235153614212755,0.13125509129060436
punjab_stubble_belt,2025-11-13,31.875,75.025,0.00025975899802253215,0.12609363273174526
punjab_stubble_belt,2025-11-13,31.875,75.075,0.00029622270872848704,0.12348032096689068
punjab_stubble_belt,2025-11-13,31.875,75.125,0.000312368036481216,0.1228912387919696
punjab_stubble_belt,2025-11-13,31.875,75.175,0.0004062906495875123,0.11539391233423037
punjab_stubble_belt,2025-11-13,31.875,75.225,0.00031691678275551095,0.11698143366052657
punjab_stubble_belt,2025-11-13,31.875,75.275,0.0003276981211371254,0.11542302811898769
punjab_stubble_belt,2025-11-13,31.875,75.3,0.00033876628210701256,0.11394635940203496
punjab_stubble_belt,2025-11-14,31.325,74.625,0.00031147997628168167,0.14699107562154037
punjab_stubble_belt,2025-11-14,31.325,74.675,0.0004502860758873025,0.15404141881507386
punjab_stubble_belt,2025-11-14,31.325,74.725,0.0004213255553023878,0.15625757487209085
punjab_stubble_belt,2025-11-14,31.325,74.775,0.00029072233433952377,0.15410452957185158
punjab_stubble_belt,2025-11-14,31.325,74.825,0.00026771952945548686,0.14937609317436604
punjab_stubble_belt,2025-11-14,31.325,74.875,0.00035836237534560294,0.14488015323119605
punjab_stubble_belt,2025-11-14,31.325,74.925,0.0005362740832964013,0.14939400557661264
punjab_stubble_belt,2025-11-14,31.325,74.975,0.0005540444753580018,0.14968855709384168
punjab_stubble_belt,2025-11-14,31.325,75.025,0.0005757826800164173,0.15243935930258246
punjab_stubble_belt,2025-11-14,31.325,75.075,0.00053417620094175,0.1536628902137053
punjab_stubble_belt,2025-11-14,31.325,75.125,0.0004231490735625482,0.1527994738779415
punjab_stubble_belt,2025-11-14,31.325,75.175,0.00024603588340864173,0.1504101419472011
punjab_stubble_belt,2025-11-14,31.325,75.225,0.00019638329750482785,0.14236603029129313
punjab_stubble_belt,2025-11-14,31.325,75.275,0.00022807179411901538,0.1335576854589297
punjab_stubble_belt,2025-11-14,31.325,75.3,0.0002632834189213394,0.12993131185901086
punjab_stubble_belt,2025-11-14,31.375,74.625,0.00028636226339887614,0.1459863128872986
punjab_stubble_belt,2025-11-14,31.375,74.675,0.0003824949969091323,0.15503235315322925
punjab_stubble_belt,2025-11-14,31.375,74.725,0.0003667368212083545,0.15115805267503868
punjab_stubble_belt,2025-11-14,31.375,74.775,0.0003101791887856586,0.14891144500347575
punjab_stubble_belt,2025-11-14,31.375,74.825,0.00032659800538795364,0.143882651414441
punjab_stubble_belt,2025-11-14,31.375,74.875,0.0004166845014215799,0.13876418607689397
punjab_stubble_belt,2025-11-14,31.375,74.925,0.0005655477723438831,0.14409874245804413
punjab_stubble_belt,2025-11-14,31.375,74.975,0.0005598039431009514,0.14450073926517992
punjab_stubble_belt,2025-11-14,31.375,75.025,0.0005330768965821635,0.14760634794432853
punjab_stubble_belt,2025-11-14,31.375,75.075,0.0004684763177125171,0.1492522720519962
punjab_stubble_belt,2025-11-14,31.375,75.125,0.0003697563807871827,0.14872472760849917
punjab_stubble_belt,2025-11-14,31.375,75.175,0.00023670889733293403,0.14535397951957538
punjab_stubble_belt,2025-11-14,31.375,75.225,0.0001958773340753634,0.1389855213659342
punjab_stubble_belt,2025-11-14,31.375,75.275,0.00013747833326011814,0.1285032478421055
punjab_stubble_belt,2025-11-14,31.375,75.3,8.288473039614298e-05,0.12155978991471389
punjab_stubble_belt,2025-11-14,31.425,74.625,0.00027082500052387216,0.14488872718421306
punjab_stubble_belt,2025-11-14,31.425,74.675,0.000257864532626064,0.15474117913874125
punjab_stubble_belt,2025-11-14,31.425,74.725,0.00026895887383856127,0.14497780086614792
punjab_stubble_belt,2025-11-14,31.425,74.775,0.00027332360248154427,0.14312000536513791
punjab_stubble_belt,2025-11-14,31.425,74.825,0.0003340110232502363,0.13872536452784104
punjab_stubble_belt,2025-11-14,31.425,74.875,0.0004408244467404083,0.13396602533320592
punjab_stubble_belt,2025-11-14,31.425,74.925,0.0005550975896679649,0.13907482015755376
punjab_stubble_belt,2025-11-14,31.425,74.975,0.0005663406615145589,0.1396531394621841
punjab_stubble_belt,2025-11-14,31.425,75.025,0.0005268513908047257,0.1423040792639237
punjab_stubble_belt,2025-11-14,31.425,75.075,0.00044764280370053196,0.1438286344594288
punjab_stubble_belt,2025-11-14,31.425,75.125,0.00034547418204847066,0.14325546747060716
punjab_stubble_belt,2025-11-14,31.425,75.175,0.0003076343716545408,0.1380598570648964
punjab_stubble_belt,2025-11-14,31.425,75.225,0.0002806698462546273,0.13386234354228482
punjab_stubble_belt,2025-11-14,31.425,75.275,9.330559679751709e-05,0.12309134747335991
punjab_stubble_belt,2025-11-14,31.425,75.3,6.314225740810975e-05,0.11639587750956497
punjab_stubble_belt,2025-11-14,31.475,74.625,9.970857234345502e-05,0.14335271735988145
punjab_stubble_belt,2025-11-14,31.475,74.675,4.566813004203289e-05,0.15005972981453428
punjab_stubble_belt,2025-11-14,31.475,74.725,5.6438988681272164e-05,0.14117334373244925
punjab_stubble_belt,2025-11-14,31.475,74.775,5.736543829005368e-05,0.14040898601640514
punjab_stubble_belt,2025-11-14,31.475,74.825,0.0001933026851041106,0.13832543124275185
punjab_stubble_belt,2025-11-14,31.475,74.875,0.0003924700471472137,0.1360434905709754
punjab_stubble_belt,2025-11-14,31.475,74.925,0.0003835792042094911,0.14037627797502578
punjab_stubble_belt,2025-11-14,31.475,74.975,0.0005334869305264831,0.1406323070933772
punjab_stubble_belt,2025-11-14,31.475,75.025,0.0007369575070545555,0.14115801306724615
punjab_stubble_belt,2025-11-14,31.475,75.075,0.000670501933408584,0.1404964790462588
punjab_stubble_belt,2025-11-14,31.475,75.125,0.0003828678717164139,0.13797252979404342
punjab_stubble_belt,2025-11-14,31.475,75.175,0.0003994612820402228,0.13091943747356855
punjab_stubble_belt,2025-11-14,31.475,75.225,0.0004034078222078231,0.12795637002376034
punjab_stubble_belt,2025-11-14,31.475,75.275,0.0002810110436241818,0.12067871496148952
punjab_stubble_belt,2025-11-14,31.525,74.625,0.0003054256043177516,0.14131527498009194
punjab_stubble_belt,2025-11-14,31.525,74.675,0.00029975718829142016,0.13984626233906902
punjab_stubble_belt,2025-11-14,31.525,74.725,0.00040622498013544975,0.1333017658316397
punjab_stubble_belt,2025-11-14,31.525,74.775,0.00040117161284831655,0.13388054306076036
punjab_stubble_belt,2025-11-14,31.525,74.825,0.00040117974592149264,0.1360225620791499
punjab_stubble_belt,2025-11-14,31.525,74.875,0.00039291875781770325,0.13910104765412734
punjab_stubble_belt,2025-11-14,31.525,74.925,0.0002995694056357047,0.1429650491848465
punjab_stubble_belt,2025-11-14,31.525,74.975,0.00039257977981592174,0.1402280337616097
punjab_stubble_belt,2025-11-14,31.525,75.025,0.0003738197855100173,0.13676570305172533
punjab_stubble_belt,2025-11-14,31.525,75.075,0.0002795331043097866,0.13278054670677342
punjab_stubble_belt,2025-11-14,31.525,75.125,0.00016966744519835705,0.1282128307756195
punjab_stubble_belt,2025-11-14,31.525,75.175,0.0002519925089546657,0.11977633450443755
punjab_stubble_belt,2025-11-14,31.525,75.225,0.0002519886916896279,0.11955643998428087
punjab_stubble_belt,2025-11-14,31.525,75.275,0.0003379819391804953,0.11848325191864068
punjab_stubble_belt,2025-11-14,31.525,75.3,0.0003046968054745652,0.1170162116374403
punjab_stubble_belt,2025-11-14,31.575,74.625,0.0002623842950411238,0.13413898013101672
punjab_stubble_belt,2025-11-14,31.575,74.675,0.0002617689891803317,0.13251138843044438
punjab_stubble_belt,2025-11-14,31.575,74.725,0.0004774229427793583,0.12979269012429173
punjab_stubble_belt,2025-11-14,31.575,74.775,0.0004658881691629801,0.13164920713243983
punjab_stubble_belt,2025-11-14,31.575,74.825,0.0004158859698475908,0.13502214318443806
punjab_stubble_belt,2025-11-14,31.575,74.875,0.00032997835046188014,0.13898268622652146
punjab_stubble_belt,2025-11-14,31.575,74.925,0.0001356581468334061,0.1422356537857508
punjab_stubble_belt,2025-11-14,31.575,74.975,0.0003449229056753957,0.13787008453656244
punjab_stubble_belt,2025-11-14,31.575,75.025,0.0003281740149563277,0.13312424038249004
punjab_stubble_belt,2025-11-14,31.575,75.075,0.00026712640493360755,0.12873370687472874
punjab_stubble_belt,2025-11-14,31.575,75.125,0.00021167755677314887,0.12446114082983015
punjab_stubble_belt,2025-11-14,31.575,75.175,0.00027290402042833185,0.11666595188084175
punjab_stubble_belt,2025-11-14,31.575,75.225,0.0002672917716527032,0.11673416944605783
punjab_stubble_belt,2025-11-14,31.575,75.275,0.0003410825006414754,0.11710799506792487
punjab_stubble_belt,2025-11-14,31.575,75.3,0.00039494658035680045,0.11747087126560418
punjab_stubble_belt,2025-11-14,31.625,74.625,0.00017065665675216598,0.1308451552534662
punjab_stubble_belt,2025-11-14,31.625,74.675,0.0001706032838980549,0.13000538007885015
punjab_stubble_belt,2025-11-14,31.625,74.725,0.0005384046256358088,0.1303119592599812
punjab_stubble_belt,2025-11-14,31.625,74.775,0.000483923948713715,0.13168686304505542
punjab_stubble_belt,2025-11-14,31.625,74.825,0.00040089845702555895,0.1335647776320823
punjab_stubble_belt,2025-11-14,31.625,74.875,0.00032144324510563564,0.13539913299410977
punjab_stubble_belt,2025-11-14,31.625,74.925,0.0002040420413987046,0.13582773246578986
punjab_stubble_belt,2025-11-14,31.625,74.975,0.00044018689870777586,0.13028510787213676
punjab_stubble_belt,2025-11-14,31.625,75.025,0.0002961686548710195,0.12457184389637814
punjab_stubble_belt,2025-11-14,31.625,75.075,0.00017663616665255377,0.12045634579767202
punjab_stubble_belt,2025-11-14,31.625,75.125,0.00017882032298485623,0.11790943132127504
punjab_stubble_belt,2025-11-14,31.625,75.175,0.00044370869516455235,0.11256694806595073
punjab_stubble_belt,2025-11-14,31.625,75.225,0.0003986157596003804,0.11315042980161735
punjab_stubble_belt,2025-11-14,31.625,75.275,0.0003378145470877279,0.11483849990757578
punjab_stubble_belt,2025-11-14,31.625,75.3,0.0002841764780347353,0.11562337268960302
punjab_stubble_belt,2025-11-14,31.675,74.625,0.00010525988716325447,0.1306171675537242
punjab_stubble_belt,2025-11-14,31.675,74.675,0.00010095398249805152,0.1305613393871125
punjab_stubble_belt,2025-11-14,31.675,74.725,0.0005392662012215939,0.1321986407178341
punjab_stubble_belt,2025-11-14,31.675,74.775,0.0004583088239404473,0.13152076537125043
punjab_stubble_belt,2025-11-14,31.675,74.825,0.0003636553896721277,0.13002537347183318
punjab_stubble_belt,2025-11-14,31.675,74.875,0.0003212930299804599,0.12784995551261538
punjab_stubble_belt,2025-11-14,31.675,74.925,0.0003947680088337833,0.12429001345078941
punjab_stubble_belt,2025-11-14,31.675,74.975,0.0005746399677115774,0.11865947480324938
punjab_stubble_belt,2025-11-14,31.675,75.025,0.000260936005449099,0.11264658891602983
punjab_stubble_belt,2025-11-14,31.675,75.075,6.105996723909618e-05,0.1094036097667987
punjab_stubble_belt,2025-11-14,31.675,75.125,0.00010990386515010308,0.10902598833231192
punjab_stubble_belt,2025-11-14,31.675,75.175,0.0006097870469494009,0.10700095502504955
punjab_stubble_belt,2025-11-14,31.675,75.225,0.0005248875721586371,0.10833249572686386
punjab_stubble_belt,2025-11-14,31.675,75.275,0.000315131839558479,0.11090436926513207
punjab_stubble_belt,2025-11-14,31.675,75.3,0.0001873567531322244,0.10820908825957887
punjab_stubble_belt,2025-11-14,31.725,74.625,0.00026510682361714083,0.1275464471014152
punjab_stubble_belt,2025-11-14,31.725,74.675,0.00022327020789119595,0.12715405563963247
punjab_stubble_belt,2025-11-14,31.725,74.725,0.0002026303393450895,0.12582466737829506
punjab_stubble_belt,2025-11-14,31.725,74.775,0.0003176835837974948,0.12263376613841169
punjab_stubble_belt,2025-11-14,31.725,74.825,0.00026478415505821156,0.11808814710166876
punjab_stubble_belt,2025-11-14,31.725,74.875,0.00012033419604460574,0.11289638140841335
punjab_stubble_belt,2025-11-14,31.725,74.925,0.00023834748381508302,0.10846206959589486
punjab_stubble_belt,2025-11-14,31.725,74.975,0.0003727480773390633,0.10594107137273466
punjab_stubble_belt,2025-11-14,31.725,75.025,0.00028522889250265614,0.10262746343510043
punjab_stubble_belt,2025-11-14,31.725,75.075,0.00022400770825844356,0.10090881015083945
punjab_stubble_belt,2025-11-14,31.725,75.125,0.00022585105182203235,0.1008833457340721
punjab_stubble_belt,2025-11-14,31.725,75.175,0.0002573094062845362,0.10037054319905982
punjab_stubble_belt,2025-11-14,31.725,75.225,0.0002497434130522576,0.1012064344860204
punjab_stubble_belt,2025-11-14,31.725,75.275,0.00021128614514249382,0.10189808423405185
punjab_stubble_belt,2025-11-14,31.775,74.625,0.00034895004764524403,0.12401110634102157
punjab_stubble_belt,2025-11-14,31.775,74.675,0.0003033663930814974,0.12299068520336578
punjab_stubble_belt,2025-11-14,31.775,74.725,0.00029541311805442877,0.12046683324014222
punjab_stubble_belt,2025-11-14,31.775,74.775,0.0003914703369127783,0.11755342938584283
punjab_stubble_belt,2025-11-14,31.775,74.825,0.0003557922998472023,0.11307076739685505
punjab_stubble_belt,2025-11-14,31.775,74.875,0.0002497224156575624,0.10765139487943555
punjab_stubble_belt,2025-11-14,31.775,74.925,0.0003360043157103901,0.10331036420309309
punjab_stubble_belt,2025-11-14,31.775,74.975,0.0003640749828069848,0.10210870863030833
punjab_stubble_belt,2025-11-14,31.775,75.025,0.0002958085950227828,0.09897169732581315
punjab_stubble_belt,2025-11-14,31.775,75.075,0.0002635922074258623,0.09714589926919215
punjab_stubble_belt,2025-11-14,31.775,75.125,0.00028068531486894827,0.09686944959858397
punjab_stubble_belt,2025-11-14,31.775,75.175,0.0003143294978073798,0.09558540697812859
punjab_stubble_belt,2025-11-14,31.775,75.225,0.00028964514601573406,0.0957229962527423
punjab_stubble_belt,2025-11-14,31.775,75.275,0.00015210917219797405,0.09585998602699948
punjab_stubble_belt,2025-11-14,31.775,75.3,0.00011889776715176729,0.09876126465927976
punjab_stubble_belt,2025-11-14,31.825,74.625,0.0001441416610286671,0.12016311220534745
punjab_stubble_belt,2025-11-14,31.825,74.675,0.000264199910232506,0.11568484349232046
punjab_stubble_belt,2025-11-14,31.825,74.725,0.0004362339800386407,0.11044778686644761
punjab_stubble_belt,2025-11-14,31.825,74.775,0.0005317306476261849,0.10792460338327643
punjab_stubble_belt,2025-11-14,31.825,74.825,0.0004514979246248432,0.10390013630622909
punjab_stubble_belt,2025-11-14,31.825,74.875,0.00027978122853182936,0.0985796819798487
punjab_stubble_belt,2025-11-14,31.825,74.925,0.00029941610817315494,0.09418628224603605
punjab_stubble_belt,2025-11-14,31.825,74.975,0.0003045060551131684,0.09376682231895903
punjab_stubble_belt,2025-11-14,31.825,75.025,0.00022290137978538333,0.09145190886141402
punjab_stubble_belt,2025-11-14,31.825,75.075,0.00020758142487127976,0.09011110928240727
punjab_stubble_belt,2025-11-14,31.825,75.125,0.00026909225672191523,0.08989432769173711
punjab_stubble_belt,2025-11-14,31.825,75.175,0.0003379356506181467,0.0892554800040619
punjab_stubble_belt,2025-11-14,31.825,75.225,0.0003084792424221338,0.08887650542033804
punjab_stubble_belt,2025-11-14,31.825,75.275,0.0002601000548937581,0.08920532578010154
punjab_stubble_belt,2025-11-14,31.825,75.3,0.0001929680958857376,0.09070269006932202
punjab_stubble_belt,2025-11-14,31.875,74.625,0.00010221412421396353,0.11686104266707335
punjab_stubble_belt,2025-11-14,31.875,74.675,0.00015223825261538286,0.11099820123520254
punjab_stubble_belt,2025-11-14,31.875,74.725,0.00040689101079889486,0.10373804935300487
punjab_stubble_belt,2025-11-14,31.875,74.775,0.000480394043522409,0.10182852582567192
punjab_stubble_belt,2025-11-14,31.875,74.825,0.0004413027954252841,0.0974085904653457
punjab_stubble_belt,2025-11-14,31.875,74.875,0.0003513228810590846,0.09104370229950694
punjab_stubble_belt,2025-11-14,31.875,74.925,0.00037104559993481604,0.08613802136502256
punjab_stubble_belt,2025-11-14,31.875,74.975,0.0003667918407375612,0.08620660860827963
punjab_stubble_belt,2025-11-14,31.875,75.025,0.00027781758231111824,0.08512469055629002
punjab_stubble_belt,2025-11-14,31.875,75.075,0.00026631453749070453,0.08468998665910858
punjab_stubble_belt,2025-11-14,31.875,75.125,0.0003396207474536564,0.08492479200712817
punjab_stubble_belt,2025-11-14,31.875,75.175,0.0003774227915520866,0.08496538567694742
punjab_stubble_belt,2025-11-14,31.875,75.225,0.0003114895207211739,0.08453601899730478
punjab_stubble_belt,2025-11-14,31.875,75.275,0.0003454548077314889,0.08529451854274626
punjab_stubble_belt,2025-11-14,31.875,75.3,0.00038837890929684007,0.08574459849861049
punjab_stubble_belt,2025-11-15,31.325,74.625,0.0003324169866909795,0.06596742467789454
punjab_stubble_belt,2025-11-15,31.325,74.675,0.00035361566028402244,0.06947077692495869
punjab_stubble_belt,2025-11-15,31.325,74.725,0.0004148977316287272,0.06246980506132239
punjab_stubble_belt,2025-11-15,31.325,74.775,0.0004443809622986395,0.04504395130683657
punjab_stubble_belt,2025-11-15,31.325,74.825,0.00035238657275942886,0.021728272234068435
punjab_stubble_belt,2025-11-15,31.325,74.875,0.00019289543354012863,0
punjab_stubble_belt,2025-11-15,31.325,74.925,0.00014771905691617011,0
punjab_stubble_belt,2025-11-15,31.325,74.975,0.00017339488009868864,7.572370850731484e-05
punjab_stubble_belt,2025-11-15,31.325,75.025,0.00018040889282158547,0.01291072954539744
punjab_stubble_belt,2025-11-15,31.325,75.075,0.0001514268650179333,0.023145765243405114
punjab_stubble_belt,2025-11-15,31.325,75.125,0.00011349901276398016,0.02768725838277969
punjab_stubble_belt,2025-11-15,31.325,75.175,0.0002256362861876296,0.024595041117634636
punjab_stubble_belt,2025-11-15,31.325,75.225,0.00020554473981100979,0.01194334904185158
punjab_stubble_belt,2025-11-15,31.325,75.275,0.00023077134748591133,0.005215971492434484
punjab_stubble_belt,2025-11-15,31.325,75.3,0.0002151226455218493,0.001470587358278079
punjab_stubble_belt,2025-11-15,31.375,74.625,0.0004030028008850826,0.05401028890779302
punjab_stubble_belt,2025-11-15,31.375,74.675,0.00043636890351922663,0.07168033110742011
punjab_stubble_belt,2025-11-15,31.375,74.725,0.0005008888898064893,0.06562911762403556
punjab_stubble_belt,2025-11-15,31.375,74.775,0.0004942499636461968,0.049043104207514114
punjab_stubble_belt,2025-11-15,31.375,74.825,0.0004150689548750962,0.024332930399483938
punjab_stubble_belt,2025-11-15,31.375,74.875,0.00028408867678977824,0
punjab_stubble_belt,2025-11-15,31.375,74.925,0.000134355510063466,0
punjab_stubble_belt,2025-11-15,31.375,74.975,0.00014853068214704663,5.469473474276817e-05
punjab_stubble_belt,2025-11-15,31.375,75.025,0.00018227616825437459,0.004783423791668332
punjab_stubble_belt,2025-11-15,31.375,75.075,0.00019089841083546908,0.009080164898769574
punjab_stubble_belt,2025-11-15,31.375,75.125,0.00018661580588812075,0.01394082398845197
punjab_stubble_belt,2025-11-15,31.375,75.175,0.0002758913277948906,0.03112260160821564
punjab_stubble_belt,2025-11-15,31.375,75.225,0.00029159007681581845,0.030567188018099923
punjab_stubble_belt,2025-11-15,31.375,75.275,0.0002312758954591348,0.025925221942136853
punjab_stubble_belt,2025-11-15,31.375,75.3,0.00017305968096344875,0.025650121660488072
punjab_stubble_belt,2025-11-15,31.425,74.625,0.00039524133690401484,0.030005512803276242
punjab_stubble_belt,2025-11-15,31.425,74.675,0.00044631109202740893,0.06180188120726065
punjab_stubble_belt,2025-11-15,31.425,74.725,0.0005874323889965494,0.0671504043408078
punjab_stubble_belt,2025-11-15,31.425,74.775,0.0004869558213177294,0.05401277102934
punjab_stubble_belt,2025-11-15,31.425,74.825,0.0004269975871862615,0.02868738543368162
punjab_stubble_belt,2025-11-15,31.425,74.875,0.0003821574007457626,0.001272086847748957
punjab_stubble_belt,2025-11-15,31.425,74.925,0.00015807012405630118,0
punjab_stubble_belt,2025-11-15,31.425,74.975,0.00016856398661705768,0
punjab_stubble_belt,2025-11-15,31.425,75.025,0.00017283122655538459,0
punjab_stubble_belt,2025-11-15,31.425,75.075,0.00021237091064274356,0
punjab_stubble_belt,2025-11-15,31.425,75.125,0.00027899810261802386,0.0035942957995010825
punjab_stubble_belt,2025-11-15,31.425,75.175,0.0003014041341720844,0.03153432938254607
punjab_stubble_belt,2025-11-15,31.425,75.225,0.00035986901961240124,0.04434268794612486
punjab_stubble_belt,2025-11-15,31.425,75.275,0.0001726271043100797,0.046669352170632256
punjab_stubble_belt,2025-11-15,31.425,75.3,4.547012993404837e-05,0.044091458636753074
punjab_stubble_belt,2025-11-15,31.475,74.625,0.0003969610362893382,0.013583737438082855
punjab_stubble_belt,2025-11-15,31.475,74.675,0.00036723043566781597,0.03299714401467394
punjab_stubble_belt,2025-11-15,31.475,74.725,0.0005125719133302164,0.068102152111419
punjab_stubble_belt,2025-11-15,31.475,74.775,0.00042940990771453034,0.06007458821263258
punjab_stubble_belt,2025-11-15,31.475,74.825,0.0003411777728972219,0.03597824618488698
punjab_stubble_belt,2025-11-15,31.475,74.875,0.0002681646641946942,0.0072163932977891134
punjab_stubble_belt,2025-11-15,31.475,74.925,0.000191606455891373,0
punjab_stubble_belt,2025-11-15,31.475,74.975,0.00021580559313778575,0
punjab_stubble_belt,2025-11-15,31.475,75.025,0.00011579599911151464,0
punjab_stubble_belt,2025-11-15,31.475,75.075,7.499878352823053e-05,0
punjab_stubble_belt,2025-11-15,31.475,75.125,0.00011254526763334863,0.0007379654872323966
punjab_stubble_belt,2025-11-15,31.475,75.175,0.0001601767003741135,0.006253286497074519
punjab_stubble_belt,2025-11-15,31.475,75.225,0.0002527822446898855,0.018123453373880362
punjab_stubble_belt,2025-11-15,31.475,75.275,0.00013415364480191203,0.03194442950006127
punjab_stubble_belt,2025-11-15,31.525,74.625,0.00026559578070998866,0.0384827289305237
punjab_stubble_belt,2025-11-15,31.525,74.675,0.00029571729533690557,0.039848496749078394
punjab_stubble_belt,2025-11-15,31.525,74.725,0.0003708886322487555,0.044726790119264295
punjab_stubble_belt,2025-11-15,31.525,74.775,0.0003509739053076171,0.034356525021662324
punjab_stubble_belt,2025-11-15,31.525,74.825,0.00025133977235067024,0.01744469941356169
punjab_stubble_belt,2025-11-15,31.525,74.875,0.00010999820241484882,0.0005333697474838394
punjab_stubble_belt,2025-11-15,31.525,74.925,3.0736972652289784e-05,0
punjab_stubble_belt,2025-11-15,31.525,74.975,4.729713700559121e-05,0
punjab_stubble_belt,2025-11-15,31.525,75.025,0.00012380710153447977,0
punjab_stubble_belt,2025-11-15,31.525,75.075,0.00017331700411842322,0
punjab_stubble_belt,2025-11-15,31.525,75.125,0.00018278412200990724,0.0014735326969390844
punjab_stubble_belt,2025-11-15,31.525,75.175,0.00019188285177317707,0.012960522562063164
punjab_stubble_belt,2025-11-15,31.525,75.225,0.00036073640657540064,0.04034125540724672
punjab_stubble_belt,2025-11-15,31.525,75.275,0.0003275098176269649,0.031231236351777363
punjab_stubble_belt,2025-11-15,31.525,75.3,0.00017704942205102396,0.030480388997823845
punjab_stubble_belt,2025-11-15,31.575,74.625,0.00021679015965380275,0.024512019022472936
punjab_stubble_belt,2025-11-15,31.575,74.675,0.00021719980443885364,0.015210888592677912
punjab_stubble_belt,2025-11-15,31.575,74.725,0.00048077889846390246,0.014472700203032676
punjab_stubble_belt,2025-11-15,31.575,74.775,0.0004998814961072155,0.010817450254186697
punjab_stubble_belt,2025-11-15,31.575,74.825,0.00046336003125040353,0.0053785768245103
punjab_stubble_belt,2025-11-15,31.575,74.875,0.0003734306824292873,0
punjab_stubble_belt,2025-11-15,31.575,74.925,0.0001456217654898795,0
punjab_stubble_belt,2025-11-15,31.575,74.975,0.00014185415739605595,0
punjab_stubble_belt,2025-11-15,31.575,75.025,0.00019438131612468823,0
punjab_stubble_belt,2025-11-15,31.575,75.075,0.0002459356626524488,0
punjab_stubble_belt,2025-11-15,31.575,75.125,0.00026822261624031305,0.0009923274672868692
punjab_stubble_belt,2025-11-15,31.575,75.175,0.0001601791700047353,0.008780264708508546
punjab_stubble_belt,2025-11-15,31.575,75.225,0.00022975505743883372,0.02546037232645024
punjab_stubble_belt,2025-11-15,31.575,75.275,0.00021447667572444134,0.037655120497438445
punjab_stubble_belt,2025-11-15,31.575,75.3,0.00022509013572525572,0.038277265580462294
punjab_stubble_belt,2025-11-15,31.625,74.625,0.00020365758037977572,0.013667514400205062
punjab_stubble_belt,2025-11-15,31.625,74.675,0.0002945663000482325,0.010411052732010505
punjab_stubble_belt,2025-11-15,31.625,74.725,0.00035253834923436615,0.014381608930001143
punjab_stubble_belt,2025-11-15,31.625,74.775,0.00041745088199710397,0.010933487900863067
punjab_stubble_belt,2025-11-15,31.625,74.825,0.0004468185799879942,0.0072160288593720555
punjab_stubble_belt,2025-11-15,31.625,74.875,0.00040913616147140666,0.00398171117002691
punjab_stubble_belt,2025-11-15,31.625,74.925,0.00020998338838070359,0.00013763140660592957
punjab_stubble_belt,2025-11-15,31.625,74.975,0.00018613097139967506,1.4914480312007945e-05
punjab_stubble_belt,2025-11-15,31.625,75.025,0.00018212873121582068,0
punjab_stubble_belt,2025-11-15,31.625,75.075,0.00019948129150527488,0
punjab_stubble_belt,2025-11-15,31.625,75.125,0.00021887359560943774,0.001151440092612209
punjab_stubble_belt,2025-11-15,31.625,75.175,0.00013480781734041757,0.010315013211702681
punjab_stubble_belt,2025-11-15,31.625,75.225,0.00018409868877928843,0.023578959499013837
punjab_stubble_belt,2025-11-15,31.625,75.275,0.00015339401270410985,0.042686968405558336
punjab_stubble_belt,2025-11-15,31.625,75.3,0.00012427358908869226,0.05369299547544631
punjab_stubble_belt,2025-11-15,31.675,74.625,0.00020583434317214975,0.00926042080263716
punjab_stubble_belt,2025-11-15,31.675,74.675,0.0004420810984351274,0.021706573765872907
punjab_stubble_belt,2025-11-15,31.675,74.725,9.04163191427879e-05,0.03558793054406518
punjab_stubble_belt,2025-11-15,31.675,74.775,0.000178036389616173,0.027927397338131058
punjab_stubble_belt,2025-11-15,31.675,74.825,0.0002500881030467256,0.01800035851245521
punjab_stubble_belt,2025-11-15,31.675,74.875,0.00026561193516914906,0.008419067648766565
punjab_stubble_belt,2025-11-15,31.675,74.925,0.00022992841206898423,0.00029008465700019006
punjab_stubble_belt,2025-11-15,31.675,74.975,0.00017895533555244153,3.0016564149953097e-05
punjab_stubble_belt,2025-11-15,31.675,75.025,0.00011782029287108469,0
punjab_stubble_belt,2025-11-15,31.675,75.075,8.489800158632179e-05,0.00018965895566854616
punjab_stubble_belt,2025-11-15,31.675,75.125,8.868016293322717e-05,0.002315058545638781
punjab_stubble_belt,2025-11-15,31.675,75.175,0.00014265015686325746,0.016830630791831773
punjab_stubble_belt,2025-11-15,31.675,75.225,0.00020402307795447,0.028962561107044024
punjab_stubble_belt,2025-11-15,31.675,75.275,0.0001482092740879262,0.03915535065015031
punjab_stubble_belt,2025-11-15,31.675,75.3,0.00010273627260492068,0.025984194558264773
punjab_stubble_belt,2025-11-15,31.725,74.625,0.00016404901434587178,0.008322985704052923
punjab_stubble_belt,2025-11-15,31.725,74.675,0.0003223161474941982,0.019476129155140836
punjab_stubble_belt,2025-11-15,31.725,74.725,0.0001960722320930876,0.03737361436547446
punjab_stubble_belt,2025-11-15,31.725,74.775,0.0001476102699016571,0.03410626537138308
punjab_stubble_belt,2025-11-15,31.725,74.825,0.00021017283182649615,0.01891968192810633
punjab_stubble_belt,2025-11-15,31.725,74.875,0.00033320050162872214,0
punjab_stubble_belt,2025-11-15,31.725,74.925,0.00034509751670672975,0
punjab_stubble_belt,2025-11-15,31.725,74.975,0.00022457021128235728,0
punjab_stubble_belt,2025-11-15,31.725,75.025,0.00013956375866394738,0
punjab_stubble_belt,2025-11-15,31.725,75.075,9.169660082533988e-05,0.0012643930377903077
punjab_stubble_belt,2025-11-15,31.725,75.125,0.00010085166038807486,0.005452119671813539
punjab_stubble_belt,2025-11-15,31.725,75.175,0.0002555600012358685,0.021000408957125433
punjab_stubble_belt,2025-11-15,31.725,75.225,0.00011435610220397513,0.004840064353383128
punjab_stubble_belt,2025-11-15,31.725,75.275,9.635248964975049e-05,0.0009072544477245249
punjab_stubble_belt,2025-11-15,31.775,74.625,0.00010095226061233121,0.0008790363866185549
punjab_stubble_belt,2025-11-15,31.775,74.675,0.00037854207523568237,0.002056485687188784
punjab_stubble_belt,2025-11-15,31.775,74.725,0.00018082522743066465,0.029784890530079305
punjab_stubble_belt,2025-11-15,31.775,74.775,0.0001505646355021505,0.03924966069901471
punjab_stubble_belt,2025-11-15,31.775,74.825,0.00015984756959095295,0.025715396989411703
punjab_stubble_belt,2025-11-15,31.775,74.875,0.00019105933568564564,0.000548295517748655
punjab_stubble_belt,2025-11-15,31.775,74.925,0.00024237648887352758,0
punjab_stubble_belt,2025-11-15,31.775,74.975,0.00025134965595709484,0
punjab_stubble_belt,2025-11-15,31.775,75.025,0.00014473358537704496,0
punjab_stubble_belt,2025-11-15,31.775,75.075,0.0001044069128539975,0.0001272345195260687
punjab_stubble_belt,2025-11-15,31.775,75.125,0.00013512626319028698,0.0005750095616513241
punjab_stubble_belt,2025-11-15,31.775,75.175,0.0001043787031731942,0.002217434486156102
punjab_stubble_belt,2025-11-15,31.775,75.225,0.00032447683824436056,0.00047351240661556505
punjab_stubble_belt,2025-11-15,31.775,75.275,0.00027902380021238777,8.558669887713779e-05
punjab_stubble_belt,2025-11-15,31.775,75.3,0.00016886574219189852,0
punjab_stubble_belt,2025-11-15,31.825,74.625,0.00014046540012833096,0
punjab_stubble_belt,2025-11-15,31.825,74.675,0.00026973641449935484,0
punjab_stubble_belt,2025-11-15,31.825,74.725,0.00022634909719768798,0.010613377344422498
punjab_stubble_belt,2025-11-15,31.825,74.775,0.00026183089830439073,0.014481073236114361
punjab_stubble_belt,2025-11-15,31.825,74.825,0.0002765304611167093,0.00977264042849855
punjab_stubble_belt,2025-11-15,31.825,74.875,0.0002705478642225171,0.00022330683227980575
punjab_stubble_belt,2025-11-15,31.825,74.925,0.0002586491411229509,0
punjab_stubble_belt,2025-11-15,31.825,74.975,0.0002678303783942869,0
punjab_stubble_belt,2025-11-15,31.825,75.025,0.00019948242091353578,0
punjab_stubble_belt,2025-11-15,31.825,75.075,0.00011054656000693375,0
punjab_stubble_belt,2025-11-15,31.825,75.125,4.71611963057801e-05,0
punjab_stubble_belt,2025-11-15,31.825,75.175,0.00018015344490478037,0
punjab_stubble_belt,2025-11-15,31.825,75.225,0.00029470902734367955,0
punjab_stubble_belt,2025-11-15,31.825,75.275,0.0002997725267806586,0
punjab_stubble_belt,2025-11-15,31.825,75.3,0.00028012129545002776,0
punjab_stubble_belt,2025-11-15,31.875,74.625,0.00019947528001035565,0
punjab_stubble_belt,2025-11-15,31.875,74.675,0.00018213440573499562,0
punjab_stubble_belt,2025-11-15,31.875,74.725,0.00027654494867107533,0
punjab_stubble_belt,2025-11-15,31.875,74.775,0.0003573899886025812,0
punjab_stubble_belt,2025-11-15,31.875,74.825,0.00034014969948804885,0
punjab_stubble_belt,2025-11-15,31.875,74.875,0.00026389571595703036,0
punjab_stubble_belt,2025-11-15,31.875,74.925,0.0002877928218718742,0
punjab_stubble_belt,2025-11-15,31.875,74.975,0.0001692345900599099,0
punjab_stubble_belt,2025-11-15,31.875,75.025,0.00016491715808017435,0
punjab_stubble_belt,2025-11-15,31.875,75.075,0.00011053711113381695,0
punjab_stubble_belt,2025-11-15,31.875,75.125,3.530840042183875e-05,0
punjab_stubble_belt,2025-11-15,31.875,75.175,0.00022983429975556645,0
punjab_stubble_belt,2025-11-15,31.875,75.225,0.00025981602991371447,0
punjab_stubble_belt,2025-11-15,31.875,75.275,0.000234907035867911,0
punjab_stubble_belt,2025-11-15,31.875,75.3,0.00017958176153630147,0
