region_id,date,lat,lon,hcho_value,cloud_fraction
delhi_ncr,2025-10-15,28.375,76.825,0.00024162577157285208,0
delhi_ncr,2025-10-15,28.375,76.875,0.0003951742487649299,0
delhi_ncr,2025-10-15,28.375,76.925,0.00034740316813003857,0
delhi_ncr,2025-10-15,28.375,76.975,0.00035892493221156277,0.0028269548515958576
delhi_ncr,2025-10-15,28.375,77.025,0.0003292213447145524,0.011904849585996257
delhi_ncr,2025-10-15,28.375,77.075,0.00029342463057408126,0.02071976751707575
delhi_ncr,2025-10-15,28.375,77.125,0.0004578920077490669,0
delhi_ncr,2025-10-15,28.375,77.175,0.0004510660848152788,0
delhi_ncr,2025-10-15,28.375,77.225,0.0003273594327999484,0.004955548942724373
delhi_ncr,2025-10-15,28.375,77.275,0.0002862849421494857,0.01325122435729091
delhi_ncr,2025-10-15,28.375,77.325,0.0003720380514509511,0.02179695081334177
delhi_ncr,2025-10-15,28.375,77.375,0.0005773857010324833,0.013869250811337315
delhi_ncr,2025-10-15,28.375,77.425,0.0003379198080119121,0.01716075769043625
delhi_ncr,2025-10-15,28.375,77.475,0.0003418502532020498,0.00924349061698639
delhi_ncr,2025-10-15,28.375,77.525,0.0003649199379711299,0.0018853200698521991
delhi_ncr,2025-10-15,28.375,77.55,0.0003578054036336278,0
delhi_ncr,2025-10-15,28.425,76.825,0.00028999207404276686,0
delhi_ncr,2025-10-15,28.425,76.875,0.0003269809744355473,0
delhi_ncr,2025-10-15,28.425,76.925,0.0003916784000410455,3.514262132362295e-05
delhi_ncr,2025-10-15,28.425,76.975,0.00032030574286463775,0.009524172923844805
delhi_ncr,2025-10-15,28.425,77.025,0.00022684980173170592,0.018754462797977503
delhi_ncr,2025-10-15,28.425,77.075,0.0001835570662706484,0.02207786555188639
delhi_ncr,2025-10-15,28.425,77.125,0.00044150932768360196,0
delhi_ncr,2025-10-15,28.425,77.175,0.00045988969419130297,0
delhi_ncr,2025-10-15,28.425,77.225,0.000408919188714869,0.004412575167663583
delhi_ncr,2025-10-15,28.425,77.275,0.00037093199834091706,0.012803301524719543
delhi_ncr,2025-10-15,28.425,77.325,0.00037403930292346696,0.02184684827187936
delhi_ncr,2025-10-15,28.425,77.375,0.0004811427097388305,0.010494050654640479
delhi_ncr,2025-10-15,28.425,77.425,0.00037653055647524075,0.024132808046174976
delhi_ncr,2025-10-15,28.425,77.475,0.0004011391458414341,0.024013447428325847
delhi_ncr,2025-10-15,28.425,77.525,0.00040494197062178035,0.015060450758700373
delhi_ncr,2025-10-15,28.425,77.55,0.00034836854387866503,0
delhi_ncr,2025-10-15,28.475,76.825,0.00031189086100819584,0
delhi_ncr,2025-10-15,28.475,76.875,0.00025059200151610224,0
delhi_ncr,2025-10-15,28.475,76.925,0.00037196548010319004,4.626370402097199e-05
delhi_ncr,2025-10-15,28.475,76.975,0.00027411710767093043,0.010518536084938985
delhi_ncr,2025-10-15,28.475,77.025,0.00017161125471816698,0.017295050778845453
delhi_ncr,2025-10-15,28.475,77.075,0.00014118601076303354,0.016593571538787613
delhi_ncr,2025-10-15,28.475,77.125,0.00039759219889415565,0
delhi_ncr,2025-10-15,28.475,77.175,0.0004222450293927659,0
delhi_ncr,2025-10-15,28.475,77.225,0.0004266376777400288,0.00307184696771235
delhi_ncr,2025-10-15,28.475,77.275,0.0004099069016089491,0.009745978396796803
delhi_ncr,2025-10-15,28.475,77.325,0.00038127859802712357,0.018429618439639535
delhi_ncr,2025-10-15,28.475,77.375,0.00039815311585977587,0.02085837622240403
delhi_ncr,2025-10-15,28.475,77.425,0.0004579347593322207,0.04201458870425591
delhi_ncr,2025-10-15,28.475,77.475,0.0004677178106449086,0.03660385023767559
delhi_ncr,2025-10-15,28.475,77.525,0.0004143276914850117,0.020305378072485482
delhi_ncr,2025-10-15,28.475,77.55,0.0002681738585704723,0
delhi_ncr,2025-10-15,28.525,76.825,0.00034694937523661114,0
delhi_ncr,2025-10-15,28.525,76.875,0.0002014449150205725,0
delhi_ncr,2025-10-15,28.525,76.925,0.0002667191330067796,0
delhi_ncr,2025-10-15,28.525,76.975,0.0003043744448974135,0.0006983400372775828
delhi_ncr,2025-10-15,28.525,77.025,0.0002955681299199426,0.003360454981914064
delhi_ncr,2025-10-15,28.525,77.075,0.00027650655587518224,0.006027699456248208
delhi_ncr,2025-10-15,28.525,77.125,0.00043057875717401433,0
delhi_ncr,2025-10-15,28.525,77.175,0.0003906256249675636,0
delhi_ncr,2025-10-15,28.525,77.225,0.0003898720469867066,0.0008085905229594133
delhi_ncr,2025-10-15,28.525,77.275,0.00040337237735329817,0.0032530487059761843
delhi_ncr,2025-10-15,28.525,77.325,0.0004211956382717671,0.008668377625947852
delhi_ncr,2025-10-15,28.525,77.375,0.00040749576808688653,0.02499028557776328
delhi_ncr,2025-10-15,28.525,77.425,0.00045869230164445623,0.037783768450338914
delhi_ncr,2025-10-15,28.525,77.475,0.00046333096473464446,0.01936285599335229
delhi_ncr,2025-10-15,28.525,77.525,0.00036943189700399987,0.0031696995519511924
delhi_ncr,2025-10-15,28.525,77.55,0.00014078092477344566,0
delhi_ncr,2025-10-15,28.575,76.825,0.000245688034095542,0
delhi_ncr,2025-10-15,28.575,76.875,0.00021771161358982987,0
delhi_ncr,2025-10-15,28.575,76.925,0.000331532531972942,0
delhi_ncr,2025-10-15,28.575,76.975,0.0002522024070970695,0
delhi_ncr,2025-10-15,28.575,77.025,0.00021692427847159923,0
delhi_ncr,2025-10-15,28.575,77.075,0.00026655028881046095,0
delhi_ncr,2025-10-15,28.575,77.125,0.0004458786733415207,0
delhi_ncr,2025-10-15,28.575,77.175,0.0005022500740472907,0
delhi_ncr,2025-10-15,28.575,77.225,0.00034673438737333563,0.0018165403963454453
delhi_ncr,2025-10-15,28.575,77.275,0.0003689340361196571,0.01119976670678185
delhi_ncr,2025-10-15,28.575,77.325,0.0005626710618292034,0.025329432080697017
delhi_ncr,2025-10-15,28.575,77.375,0.00031311758005054564,0.02067698078739357
delhi_ncr,2025-10-15,28.575,77.425,0.0002765805969877131,0.00517558985906326
delhi_ncr,2025-10-15,28.575,77.475,0.0004224000093137741,0.0009679916418903526
delhi_ncr,2025-10-15,28.575,77.525,0.00038952123393301205,0
delhi_ncr,2025-10-15,28.625,76.825,0.0001869942106374205,0
delhi_ncr,2025-10-15,28.625,76.875,0.00013259147235467682,0
delhi_ncr,2025-10-15,28.625,76.925,0.00023027253904550838,0
delhi_ncr,2025-10-15,28.625,76.975,0.0003051729654543682,0
delhi_ncr,2025-10-15,28.625,77.025,0.0002730560499872509,0
delhi_ncr,2025-10-15,28.625,77.075,0.00019329480038947304,0
delhi_ncr,2025-10-15,28.625,77.125,0.00039310626212921195,0
delhi_ncr,2025-10-15,28.625,77.175,0.0005861603329532473,0
delhi_ncr,2025-10-15,28.625,77.225,0.0004947169212970023,0.0004611801353083784
delhi_ncr,2025-10-15,28.625,77.275,0.0004916261821647908,0.004289111793089968
delhi_ncr,2025-10-15,28.625,77.325,0.0005887472398400583,0.010329192265235035
delhi_ncr,2025-10-15,28.625,77.375,0.0002899327354081335,0.007443610215252857
delhi_ncr,2025-10-15,28.625,77.425,0.0003736779253439187,0.0015231608697534608
delhi_ncr,2025-10-15,28.625,77.475,0.0002829493016203825,0.00021806901260869416
delhi_ncr,2025-10-15,28.625,77.525,0.0001934592077295684,0
delhi_ncr,2025-10-15,28.625,77.55,0.0001405628548737622,0
delhi_ncr,2025-10-15,28.675,76.825,0.00017363065717937977,0
delhi_ncr,2025-10-15,28.675,76.875,0.0001483041334934002,0
delhi_ncr,2025-10-15,28.675,76.925,0.00020476954473671764,0
delhi_ncr,2025-10-15,28.675,76.975,0.0002420691865277801,0
delhi_ncr,2025-10-15,28.675,77.025,0.00021265355957011777,0
delhi_ncr,2025-10-15,28.675,77.075,0.00015744966203052867,0
delhi_ncr,2025-10-15,28.675,77.125,0.0002766203366691608,0
delhi_ncr,2025-10-15,28.675,77.175,0.0005457366070624365,0
delhi_ncr,2025-10-15,28.675,77.225,0.0004563742134092221,3.584695585000963e-05
delhi_ncr,2025-10-15,28.675,77.275,0.00041975093179337617,0.001122321500824374
delhi_ncr,2025-10-15,28.675,77.325,0.00046799490096190177,0.00287078633569617
delhi_ncr,2025-10-15,28.675,77.375,0.0002214919948285169,0.0017597960264419492
delhi_ncr,2025-10-15,28.675,77.425,0.000429737563493022,0.00027073785022183836
delhi_ncr,2025-10-15,28.675,77.475,0.0003058561832018059,0
delhi_ncr,2025-10-15,28.675,77.525,0.00018899450311460176,0
delhi_ncr,2025-10-15,28.675,77.55,0.00018461943899445132,0
delhi_ncr,2025-10-15,28.725,76.825,0.00018446088663274745,0
delhi_ncr,2025-10-15,28.725,76.875,0.00014805769102926384,0
delhi_ncr,2025-10-15,28.725,76.925,0.00019440083857484708,0
delhi_ncr,2025-10-15,28.725,76.975,0.00019075226587286962,0
delhi_ncr,2025-10-15,28.725,77.025,0.0001882363069358289,0
delhi_ncr,2025-10-15,28.725,77.075,0.00019101639911587735,0
delhi_ncr,2025-10-15,28.725,77.125,0.00018508701186843667,0
delhi_ncr,2025-10-15,28.725,77.175,0.0004330547506600489,0
delhi_ncr,2025-10-15,28.725,77.225,0.0003555731860284881,0
delhi_ncr,2025-10-15,28.725,77.275,0.0003134598484960597,0
delhi_ncr,2025-10-15,28.725,77.325,0.000347123279874067,0
delhi_ncr,2025-10-15,28.725,77.375,0.00018882115660294848,0
delhi_ncr,2025-10-15,28.725,77.425,0.0004046102519622124,0
delhi_ncr,2025-10-15,28.725,77.475,0.00033011584767058126,0
delhi_ncr,2025-10-15,28.725,77.525,0.00022963987092154554,0
delhi_ncr,2025-10-15,28.725,77.55,0.00018179904630382933,0
delhi_ncr,2025-10-15,28.775,76.825,0.0002060109663976623,0
delhi_ncr,2025-10-15,28.775,76.875,3.669073906745769e-05,0
delhi_ncr,2025-10-15,28.775,76.925,0.00014931780093254603,0
delhi_ncr,2025-10-15,28.775,76.975,0.00025600999389540236,0
delhi_ncr,2025-10-15,28.775,77.025,0.00032465245755132775,0
delhi_ncr,2025-10-15,28.775,77.075,0.00033053367635781615,0
delhi_ncr,2025-10-15,28.775,77.125,0.00019577723045029693,0
delhi_ncr,2025-10-15,28.775,77.175,0.00028870616722335106,0
delhi_ncr,2025-10-15,28.775,77.225,0.00028410551835174276,0
delhi_ncr,2025-10-15,28.775,77.275,0.00030268591693338156,0
delhi_ncr,2025-10-15,28.775,77.325,0.00034627814597708496,0
delhi_ncr,2025-10-15,28.775,77.375,0.0002630805927160519,0
delhi_ncr,2025-10-15,28.775,77.425,0.0002484447930467819,0
delhi_ncr,2025-10-15,28.775,77.475,0.00023356318897244213,0
delhi_ncr,2025-10-15,28.775,77.525,0.0002082941215015626,0
delhi_ncr,2025-10-15,28.775,77.55,0.000234501460457419,0
delhi_ncr,2025-10-15,28.825,76.825,3.734291470775376e-05,0
delhi_ncr,2025-10-15,28.825,76.875,2.4836964514456527e-05,0
delhi_ncr,2025-10-15,28.825,76.925,0.0002660586840682424,0
delhi_ncr,2025-10-15,28.825,76.975,0.0002911142895194519,0
delhi_ncr,2025-10-15,28.825,77.025,0.00021313606888921288,0
delhi_ncr,2025-10-15,28.825,77.075,0.00011056387120057173,0
delhi_ncr,2025-10-15,28.825,77.125,0.00023696136945436036,0
delhi_ncr,2025-10-15,28.825,77.175,0.000237896188683221,0
delhi_ncr,2025-10-15,28.825,77.225,0.0002988413117612784,0
delhi_ncr,2025-10-15,28.825,77.275,0.00041529100231492855,0
delhi_ncr,2025-10-15,28.825,77.325,0.0005330138319588673,0
delhi_ncr,2025-10-15,28.825,77.375,0.0003386889824845397,0
delhi_ncr,2025-10-15,28.825,77.425,0.00034648032989028927,0
delhi_ncr,2025-10-15,28.825,77.475,0.00035053882181390123,0
delhi_ncr,2025-10-15,28.825,77.525,0.00033334485391971365,0
delhi_ncr,2025-10-15,28.875,76.825,0.0002229309700229386,0
delhi_ncr,2025-10-15,28.875,76.875,9.337885855599628e-05,0
delhi_ncr,2025-10-15,28.875,76.925,0.0002509951608349971,0
delhi_ncr,2025-10-15,28.875,76.975,0.00026369234769077504,0
delhi_ncr,2025-10-15,28.875,77.025,0.00023958326313952734,0
delhi_ncr,2025-10-15,28.875,77.075,0.00021542151885843932,0
delhi_ncr,2025-10-15,28.875,77.125,0.00030084601401332925,0
delhi_ncr,2025-10-15,28.875,77.175,0.0003004053850971018,0
delhi_ncr,2025-10-15,28.875,77.225,0.0002775176403386072,0
delhi_ncr,2025-10-15,28.875,77.275,0.00027470419536662334,0
delhi_ncr,2025-10-15,28.875,77.325,0.00030354803055535545,0
delhi_ncr,2025-10-15,28.875,77.375,0.0003434500402741021,0
delhi_ncr,2025-10-15,28.875,77.425,0.00026665380751141445,0
delhi_ncr,2025-10-15,28.875,77.475,0.00027077467453103356,0
delhi_ncr,2025-10-15,28.875,77.525,0.0002598902796548189,0
delhi_ncr,2025-10-15,28.875,77.55,0.0002398740437276709,0
delhi_ncr,2025-10-16,28.375,76.825,0.0002687740534465631,0
delhi_ncr,2025-10-16,28.375,76.875,0.00036687250994881074,0
delhi_ncr,2025-10-16,28.375,76.925,0.00042672510196233477,0
delhi_ncr,2025-10-16,28.375,76.975,0.0003625721910928549,0
delhi_ncr,2025-10-16,28.375,77.025,0.0003033431517518944,0
delhi_ncr,2025-10-16,28.375,77.075,0.00029589270129633136,0
delhi_ncr,2025-10-16,28.375,77.125,0.00046621600040796184,0
delhi_ncr,2025-10-16,28.375,77.175,0.00044748999394274026,0
delhi_ncr,2025-10-16,28.375,77.225,0.0004061908981596412,0
delhi_ncr,2025-10-16,28.375,77.275,0.0003018682368257389,0
delhi_ncr,2025-10-16,28.375,77.325,0.0001944988003315488,0
delhi_ncr,2025-10-16,28.375,77.375,0.0005408791858998709,0
delhi_ncr,2025-10-16,28.375,77.425,0.00045690293269468843,0.007142809200616379
delhi_ncr,2025-10-16,28.375,77.475,0.0003446018018281282,0.0046294654876045645
delhi_ncr,2025-10-16,28.375,77.525,0.00031398678732276285,0.006809276325785325
delhi_ncr,2025-10-16,28.375,77.55,0.0003777105820177356,0.01040134056592017
delhi_ncr,2025-10-16,28.425,76.825,0.00026819884646019424,0
delhi_ncr,2025-10-16,28.425,76.875,0.00036586551750932244,0
delhi_ncr,2025-10-16,28.425,76.925,0.00034638896384092286,0
delhi_ncr,2025-10-16,28.425,76.975,0.00033628432542271645,0
delhi_ncr,2025-10-16,28.425,77.025,0.00029830502499760556,0
delhi_ncr,2025-10-16,28.425,77.075,0.0002651942216273709,0
delhi_ncr,2025-10-16,28.425,77.125,0.00040931189349890175,0
delhi_ncr,2025-10-16,28.425,77.175,0.0003753755106749584,0
delhi_ncr,2025-10-16,28.425,77.225,0.00035452829768381147,0
delhi_ncr,2025-10-16,28.425,77.275,0.00031943506500578187,0.0026324429510444637
delhi_ncr,2025-10-16,28.425,77.325,0.00029866582351502986,0.008676311059527979
delhi_ncr,2025-10-16,28.425,77.375,0.000527025910777558,0.021511653675540834
delhi_ncr,2025-10-16,28.425,77.425,0.0005292087559956093,0.03354911147437937
delhi_ncr,2025-10-16,28.425,77.475,0.00046222184382897703,0.03528920882962023
delhi_ncr,2025-10-16,28.425,77.525,0.0004466915500633872,0.03463241964046985
delhi_ncr,2025-10-16,28.425,77.55,0.0004994945729290785,0.03220376498212427
delhi_ncr,2025-10-16,28.475,76.825,0.00022973937193340147,0
delhi_ncr,2025-10-16,28.475,76.875,0.0003200930359688324,0
delhi_ncr,2025-10-16,28.475,76.925,0.00025430039011367834,0
delhi_ncr,2025-10-16,28.475,76.975,0.00030920402764949716,0
delhi_ncr,2025-10-16,28.475,77.025,0.00030336819643952533,0
delhi_ncr,2025-10-16,28.475,77.075,0.00025880589138810984,0
delhi_ncr,2025-10-16,28.475,77.125,0.0003726999995285928,0
delhi_ncr,2025-10-16,28.475,77.175,0.00032810275609918146,8.220205810091027e-05
delhi_ncr,2025-10-16,28.475,77.225,0.0002919048647812572,3.4935874692886863e-05
delhi_ncr,2025-10-16,28.475,77.275,0.0003309338839193684,0.006385257606821496
delhi_ncr,2025-10-16,28.475,77.325,0.0004485843708520721,0.020332827961982023
delhi_ncr,2025-10-16,28.475,77.375,0.0005941315732523522,0.044285177241100544
delhi_ncr,2025-10-16,28.475,77.425,0.0005951586963465908,0.055195480312933046
delhi_ncr,2025-10-16,28.475,77.475,0.0005438088336710226,0.05781082992992518
delhi_ncr,2025-10-16,28.475,77.525,0.0005150631646702628,0.04997278192250079
delhi_ncr,2025-10-16,28.475,77.55,0.00048194499338705934,0.02492568520606469
delhi_ncr,2025-10-16,28.525,76.825,0.00023006608658122677,0
delhi_ncr,2025-10-16,28.525,76.875,0.0003785802012478739,0
delhi_ncr,2025-10-16,28.525,76.925,0.00020093350427891207,0
delhi_ncr,2025-10-16,28.525,76.975,0.0003164938821581543,0
delhi_ncr,2025-10-16,28.525,77.025,0.0003801737503644682,7.312643694640338e-05
delhi_ncr,2025-10-16,28.525,77.075,0.00037342398129111163,0.0002925057477856135
delhi_ncr,2025-10-16,28.525,77.125,0.000413661972221453,0
delhi_ncr,2025-10-16,28.525,77.175,0.00034002703150652456,0.00041061410944791515
delhi_ncr,2025-10-16,28.525,77.225,0.00018040050039827264,0.0011035253731017304
delhi_ncr,2025-10-16,28.525,77.275,0.00023612354733330005,0.011325488093561478
delhi_ncr,2025-10-16,28.525,77.325,0.0005390336037331639,0.03196008721335345
delhi_ncr,2025-10-16,28.525,77.375,0.0008376867101411227,0.0557167431158857
delhi_ncr,2025-10-16,28.525,77.425,0.0005879619008907935,0.05707838524521698
delhi_ncr,2025-10-16,28.525,77.475,0.0004945754333436987,0.050886963194185134
delhi_ncr,2025-10-16,28.525,77.525,0.00043095003682347964,0.03315703024626739
delhi_ncr,2025-10-16,28.525,77.55,0.0004234660048472247,0.003123260789860594
delhi_ncr,2025-10-16,28.575,76.825,0.00022082549338477765,0
delhi_ncr,2025-10-16,28.575,76.875,0.00018346717243181672,0
delhi_ncr,2025-10-16,28.575,76.925,0.0002546280172718277,0
delhi_ncr,2025-10-16,28.575,76.975,0.00016424039485759488,0
delhi_ncr,2025-10-16,28.575,77.025,0.00020356832362043527,0.0045783508349052544
delhi_ncr,2025-10-16,28.575,77.075,0.0003448627085751117,0.01017411296645612
delhi_ncr,2025-10-16,28.575,77.125,0.0003236842390703861,0
delhi_ncr,2025-10-16,28.575,77.175,0.0002722535119730983,0.004583172535267411
delhi_ncr,2025-10-16,28.575,77.225,0.00044877041349221185,0.03311433193586215
delhi_ncr,2025-10-16,28.575,77.275,0.0006028543053933571,0.05276823780788442
delhi_ncr,2025-10-16,28.575,77.325,0.0006381119907618254,0.05311928778968084
delhi_ncr,2025-10-16,28.575,77.375,0.00033047289960146353,0.02100648090477433
delhi_ncr,2025-10-16,28.575,77.425,0.000440507090106691,0.00579165802754334
delhi_ncr,2025-10-16,28.575,77.475,0.0004445503767667594,0.0012805562077942622
delhi_ncr,2025-10-16,28.575,77.525,0.0004487310338785015,3.93700115298518e-05
delhi_ncr,2025-10-16,28.625,76.825,0.00020411734152550403,0
delhi_ncr,2025-10-16,28.625,76.875,0.00016088271153535843,0
delhi_ncr,2025-10-16,28.625,76.925,0.0003222071204916585,0
delhi_ncr,2025-10-16,28.625,76.975,0.00031524030417318593,0
delhi_ncr,2025-10-16,28.625,77.025,0.00033341914540107253,0.0011032713400544285
delhi_ncr,2025-10-16,28.625,77.075,0.0003817621632167796,0.0024611796695841633
delhi_ncr,2025-10-16,28.625,77.125,0.0003714697902114049,0
delhi_ncr,2025-10-16,28.625,77.175,0.00039831888650571507,0.0058949408644365245
delhi_ncr,2025-10-16,28.625,77.225,0.0004697213226059123,0.0354726816184753
delhi_ncr,2025-10-16,28.625,77.275,0.0004889340187017903,0.05554085214081325
delhi_ncr,2025-10-16,28.625,77.325,0.00045050739217047817,0.05497927369938921
delhi_ncr,2025-10-16,28.625,77.375,0.00048195533554396696,0.013981253431489878
delhi_ncr,2025-10-16,28.625,77.425,0.00042833200677425235,0.0026545826578279444
delhi_ncr,2025-10-16,28.625,77.475,0.00038107726675187873,0.00028846708678943007
delhi_ncr,2025-10-16,28.625,77.525,0.0003173385445368112,8.748891451078178e-06
delhi_ncr,2025-10-16,28.625,77.55,0.0003259891803294032,0
delhi_ncr,2025-10-16,28.675,76.825,0.00025838671602708695,0
delhi_ncr,2025-10-16,28.675,76.875,0.0003044471225805081,0
delhi_ncr,2025-10-16,28.675,76.925,0.0002877852027160729,0
delhi_ncr,2025-10-16,28.675,76.975,0.00030159672811672767,0
delhi_ncr,2025-10-16,28.675,77.025,0.0003438461598978796,5.000076905961087e-05
delhi_ncr,2025-10-16,28.675,77.075,0.00039057146887954076,0.00011262673230677348
delhi_ncr,2025-10-16,28.675,77.125,0.00034259109630549467,0
delhi_ncr,2025-10-16,28.675,77.175,0.00037376638873355607,0.003076890008458165
delhi_ncr,2025-10-16,28.675,77.225,0.0004576022424635034,0.032108447727636664
delhi_ncr,2025-10-16,28.675,77.275,0.0004336871854977594,0.05317773486122402
delhi_ncr,2025-10-16,28.675,77.325,0.00030702039942995853,0.05406653828958068
delhi_ncr,2025-10-16,28.675,77.375,0.00038971504251922323,0.008188898572821346
delhi_ncr,2025-10-16,28.675,77.425,0.0003615061610114216,0.0012664911270201125
delhi_ncr,2025-10-16,28.675,77.475,0.00030471085689392195,0
delhi_ncr,2025-10-16,28.675,77.525,0.0002815806385633974,0
delhi_ncr,2025-10-16,28.675,77.55,0.0003053274898173306,0
delhi_ncr,2025-10-16,28.725,76.825,0.0002828835337820191,0
delhi_ncr,2025-10-16,28.725,76.875,0.0004089170374557398,0
delhi_ncr,2025-10-16,28.725,76.925,0.00024393019266879824,0
delhi_ncr,2025-10-16,28.725,76.975,0.00024622543074954105,0
delhi_ncr,2025-10-16,28.725,77.025,0.00029174410651519443,0
delhi_ncr,2025-10-16,28.725,77.075,0.0003424821418872683,0
delhi_ncr,2025-10-16,28.725,77.125,0.0003073713924197439,0
delhi_ncr,2025-10-16,28.725,77.175,0.00029610467806902806,4.772424135594123e-05
delhi_ncr,2025-10-16,28.725,77.225,0.00037801149572440454,0.021160803234318713
delhi_ncr,2025-10-16,28.725,77.275,0.0003576267503481311,0.03802822561034058
delhi_ncr,2025-10-16,28.725,77.325,0.00023139546401888122,0.03995708981146906
delhi_ncr,2025-10-16,28.725,77.375,0.00027767236654149385,0.00346350022475092
delhi_ncr,2025-10-16,28.725,77.425,0.0002652152140464954,0.000522772065173342
delhi_ncr,2025-10-16,28.725,77.475,0.00024599542657662097,0
delhi_ncr,2025-10-16,28.725,77.525,0.0002774062755709068,0
delhi_ncr,2025-10-16,28.725,77.55,0.000293839526938041,0
delhi_ncr,2025-10-16,28.775,76.825,0.0001921175496459238,0
delhi_ncr,2025-10-16,28.775,76.875,0.0003019164453973627,0
delhi_ncr,2025-10-16,28.775,76.925,0.0002586316688639138,0
delhi_ncr,2025-10-16,28.775,76.975,0.00024030813838837452,0
delhi_ncr,2025-10-16,28.775,77.025,0.00021711706488219864,0
delhi_ncr,2025-10-16,28.775,77.075,0.00020931971450827342,0
delhi_ncr,2025-10-16,28.775,77.125,0.00032157382520172034,0
delhi_ncr,2025-10-16,28.775,77.175,0.0002390011920421221,0
delhi_ncr,2025-10-16,28.775,77.225,0.0001942324130579027,0
delhi_ncr,2025-10-16,28.775,77.275,0.000196028935994351,0.0015627487893874897
delhi_ncr,2025-10-16,28.775,77.325,0.00024467522709233465,0.003906871973468724
delhi_ncr,2025-10-16,28.775,77.375,0.0003234473482913931,0
delhi_ncr,2025-10-16,28.775,77.425,0.00015859404358485165,0
delhi_ncr,2025-10-16,28.775,77.475,0.0002349140742205992,0
delhi_ncr,2025-10-16,28.775,77.525,0.0002573638309669663,0
delhi_ncr,2025-10-16,28.775,77.55,0.00043098208758622484,0
delhi_ncr,2025-10-16,28.825,76.825,0.00021107817224996287,0
delhi_ncr,2025-10-16,28.825,76.875,0.00020216282508145024,0
delhi_ncr,2025-10-16,28.825,76.925,0.00022637196893208136,0
delhi_ncr,2025-10-16,28.825,76.975,0.0002727165138677463,0
delhi_ncr,2025-10-16,28.825,77.025,0.0002373491841699528,0
delhi_ncr,2025-10-16,28.825,77.075,0.00016197050868641235,0
delhi_ncr,2025-10-16,28.825,77.125,0.0002754927343446028,0
delhi_ncr,2025-10-16,28.825,77.175,0.0003586589348052704,0
delhi_ncr,2025-10-16,28.825,77.225,0.00028739212543135413,0
delhi_ncr,2025-10-16,28.825,77.275,0.00023979818430053048,0
delhi_ncr,2025-10-16,28.825,77.325,0.0002454833663923556,0
delhi_ncr,2025-10-16,28.825,77.375,0.0002257811041046457,0
delhi_ncr,2025-10-16,28.825,77.425,0.00012180537918478915,0
delhi_ncr,2025-10-16,28.825,77.475,0.00016644375234386766,0
delhi_ncr,2025-10-16,28.825,77.525,0.00037708359396596025,0
delhi_ncr,2025-10-16,28.875,76.825,0.0001960245188454454,0
delhi_ncr,2025-10-16,28.875,76.875,0.0001344056433913506,0
delhi_ncr,2025-10-16,28.875,76.925,0.00010245604387188534,0
delhi_ncr,2025-10-16,28.875,76.975,0.000293587080353671,0
delhi_ncr,2025-10-16,28.875,77.025,0.0003414909642265388,0
delhi_ncr,2025-10-16,28.875,77.075,0.0002310502502647067,0
delhi_ncr,2025-10-16,28.875,77.125,9.567107907970149e-05,0
delhi_ncr,2025-10-16,28.875,77.175,0.0003099348170078555,0
delhi_ncr,2025-10-16,28.875,77.225,0.0002562438634998173,0
delhi_ncr,2025-10-16,28.875,77.275,0.00019845134838387775,0
delhi_ncr,2025-10-16,28.875,77.325,0.0001936154682499715,0
delhi_ncr,2025-10-16,28.875,77.375,0.0002429053794469363,0
delhi_ncr,2025-10-16,28.875,77.425,0.00019640355319288882,0
delhi_ncr,2025-10-16,28.875,77.475,0.00026600531644013585,0
delhi_ncr,2025-10-16,28.875,77.525,0.00035273538650210876,0
delhi_ncr,2025-10-16,28.875,77.55,0.000516455265889365,0
delhi_ncr,2025-10-17,28.375,76.825,0.00032422835699400334,0.08844827537971743
delhi_ncr,2025-10-17,28.375,76.875,0.0003782847244734303,0.0909135704856779
delhi_ncr,2025-10-17,28.375,76.925,0.00043904446482751,0.09750793631082692
delhi_ncr,2025-10-17,28.375,76.975,0.000372483323587849,0.09775942674295969
delhi_ncr,2025-10-17,28.375,77.025,0.00033559461698991504,0.09818093040918943
delhi_ncr,2025-10-17,28.375,77.075,0.0003561925976821097,0.0979644595445746
delhi_ncr,2025-10-17,28.375,77.125,0.00047154197098183185,0.0897812891586821
delhi_ncr,2025-10-17,28.375,77.175,0.0003897986362372171,0.10186402328101564
delhi_ncr,2025-10-17,28.375,77.225,0.00035893605793035113,0.1256277391590379
delhi_ncr,2025-10-17,28.375,77.275,0.0003983671740854653,0.1521239313044939
delhi_ncr,2025-10-17,28.375,77.325,0.0005095669892239591,0.17807876628732386
delhi_ncr,2025-10-17,28.375,77.375,0.0006727908760663718,0.2015089024534648
delhi_ncr,2025-10-17,28.375,77.425,0.0006813153122843463,0.198037223028839
delhi_ncr,2025-10-17,28.375,77.475,0.0006123444493603044,0.21444581223832174
delhi_ncr,2025-10-17,28.375,77.525,0.0005630211439080175,0.22911882924252122
delhi_ncr,2025-10-17,28.375,77.55,0.000581575573720645,0.23433535947704312
delhi_ncr,2025-10-17,28.425,76.825,0.0002795426485456557,0.07871193713240816
delhi_ncr,2025-10-17,28.425,76.875,0.000304633875412003,0.08301281779136227
delhi_ncr,2025-10-17,28.425,76.925,0.0003318842271101469,0.09348104624498886
delhi_ncr,2025-10-17,28.425,76.975,0.00031706487123644723,0.1018944018064491
delhi_ncr,2025-10-17,28.425,77.025,0.0003101084433745935,0.10671187291009772
delhi_ncr,2025-10-17,28.425,77.075,0.0003164155347759782,0.10730916601832452
delhi_ncr,2025-10-17,28.425,77.125,0.0003500330438861856,0.10239341924990122
delhi_ncr,2025-10-17,28.425,77.175,0.00039258026750532953,0.11270899910170329
delhi_ncr,2025-10-17,28.425,77.225,0.0004520327389677449,0.13824057494524744
delhi_ncr,2025-10-17,28.425,77.275,0.000495455520795137,0.15969508666801488
delhi_ncr,2025-10-17,28.425,77.325,0.0005248362687520607,0.1741771151022004
delhi_ncr,2025-10-17,28.425,77.375,0.0006181353534917285,0.19878266844147738
delhi_ncr,2025-10-17,28.425,77.425,0.000620658161680213,0.19375218077194767
delhi_ncr,2025-10-17,28.425,77.475,0.0005400524875505276,0.2015596950277198
delhi_ncr,2025-10-17,28.425,77.525,0.0004735733453796409,0.20771813240042336
delhi_ncr,2025-10-17,28.425,77.55,0.0004635955355847404,0.21037815400499077
delhi_ncr,2025-10-17,28.475,76.825,0.0002512330052616835,0.0676409042127156
delhi_ncr,2025-10-17,28.475,76.875,0.00022187277265454025,0.07507455894084354
delhi_ncr,2025-10-17,28.475,76.925,0.0002193923705057391,0.08992775564706537
delhi_ncr,2025-10-17,28.475,76.975,0.0002533385466767488,0.10547822384007903
delhi_ncr,2025-10-17,28.475,77.025,0.0002829807076609981,0.11455996739307298
delhi_ncr,2025-10-17,28.475,77.075,0.00030084548993857907,0.11693036646410657
delhi_ncr,2025-10-17,28.475,77.125,0.00030537497784681927,0.11743941449592063
delhi_ncr,2025-10-17,28.475,77.175,0.0003893521724123175,0.12321548373043362
delhi_ncr,2025-10-17,28.475,77.225,0.000520243764744102,0.14707938860762668
delhi_ncr,2025-10-17,28.475,77.275,0.0005798909824742494,0.16291745671381852
delhi_ncr,2025-10-17,28.475,77.325,0.000555720242890671,0.16776299242469775
delhi_ncr,2025-10-17,28.475,77.375,0.0005614040199658903,0.18896079234481547
delhi_ncr,2025-10-17,28.475,77.425,0.000585030863388747,0.18266376047590954
delhi_ncr,2025-10-17,28.475,77.475,0.0005104164055920964,0.18240509049057918
delhi_ncr,2025-10-17,28.475,77.525,0.0004280268605812515,0.18232156675128688
delhi_ncr,2025-10-17,28.475,77.55,0.000368990362641594,0.1768203177319338
delhi_ncr,2025-10-17,28.525,76.825,0.00024257189275209108,0.055627450256693696
delhi_ncr,2025-10-17,28.525,76.875,0.00013857562802887328,0.06897128230739558
delhi_ncr,2025-10-17,28.525,76.925,0.0002587390728367679,0.09210572922209617
delhi_ncr,2025-10-17,28.525,76.975,0.00028225176182451083,0.10874627965201127
delhi_ncr,2025-10-17,28.525,77.025,0.00032775090614309965,0.12011593343879862
delhi_ncr,2025-10-17,28.525,77.075,0.0003957767273052432,0.12644753249641072
delhi_ncr,2025-10-17,28.525,77.125,0.0004494543437674426,0.13056320753602071
delhi_ncr,2025-10-17,28.525,77.175,0.00035113163378839944,0.12953478508550675
delhi_ncr,2025-10-17,28.525,77.225,0.0004802274283434522,0.14586000660903706
delhi_ncr,2025-10-17,28.525,77.275,0.0005727677435778254,0.15834794514112324
delhi_ncr,2025-10-17,28.525,77.325,0.0005729851249014863,0.16370844631288486
delhi_ncr,2025-10-17,28.525,77.375,0.0005268253779556061,0.17711371650659244
delhi_ncr,2025-10-17,28.525,77.425,0.0006327726663361536,0.16831437481467387
delhi_ncr,2025-10-17,28.525,77.475,0.0005717027284538612,0.16118491641446206
delhi_ncr,2025-10-17,28.525,77.525,0.000464924505042614,0.16025238249586538
delhi_ncr,2025-10-17,28.525,77.55,0.00039651958055827004,0.1476906010563287
delhi_ncr,2025-10-17,28.575,76.825,0.00021599632373631215,0.029166971561582947
delhi_ncr,2025-10-17,28.575,76.875,0.00011796750782816226,0.05500083173349237
delhi_ncr,2025-10-17,28.575,76.925,0.0003608340561761925,0.10792208730188715
delhi_ncr,2025-10-17,28.575,76.975,0.00033342524387543296,0.11552177511080765
delhi_ncr,2025-10-17,28.575,77.025,0.00035139498158247496,0.13046217470690427
delhi_ncr,2025-10-17,28.575,77.075,0.00045583637291901093,0.1528393741029356
delhi_ncr,2025-10-17,28.575,77.125,0.0006681529110103109,0.15937477072961131
delhi_ncr,2025-10-17,28.575,77.175,0.0006365336159884081,0.15656496135036768
delhi_ncr,2025-10-17,28.575,77.225,0.00046256800981622114,0.15396637878651212
delhi_ncr,2025-10-17,28.575,77.275,0.00042117480862513215,0.15352496817037764
delhi_ncr,2025-10-17,28.575,77.325,0.0005225461765071026,0.15456710366265683
delhi_ncr,2025-10-17,28.575,77.375,0.00039921561572705964,0.14894151492106217
delhi_ncr,2025-10-17,28.575,77.425,0.00032073849757958587,0.14562788893451797
delhi_ncr,2025-10-17,28.575,77.475,0.00028046770751511367,0.13410620907223741
delhi_ncr,2025-10-17,28.575,77.525,0.0003178630602027486,0.12684185562440128
delhi_ncr,2025-10-17,28.625,76.825,0.0001101559951267694,0.04567746201813462
delhi_ncr,2025-10-17,28.625,76.875,0.00014208176100983797,0.051926513087224124
delhi_ncr,2025-10-17,28.625,76.925,0.00012679225723145096,0.10078723504685873
delhi_ncr,2025-10-17,28.625,76.975,0.0001981617150081764,0.11415719080709007
delhi_ncr,2025-10-17,28.625,77.025,0.0002601462630596071,0.1297737493134175
delhi_ncr,2025-10-17,28.625,77.075,0.00031703873602350235,0.14914852033582224
delhi_ncr,2025-10-17,28.625,77.125,0.0004998120524831954,0.16473523117024488
delhi_ncr,2025-10-17,28.625,77.175,0.0003778521784716369,0.16131428316374488
delhi_ncr,2025-10-17,28.625,77.225,0.0003905827936786425,0.15837591011199564
delhi_ncr,2025-10-17,28.625,77.275,0.0004155523991631137,0.15701291490903038
delhi_ncr,2025-10-17,28.625,77.325,0.00042596094213956376,0.155890898757865
delhi_ncr,2025-10-17,28.625,77.375,0.0004087520812038555,0.14190737679457383
delhi_ncr,2025-10-17,28.625,77.425,0.00039817748256889396,0.13909724029162895
delhi_ncr,2025-10-17,28.625,77.475,0.0003002718005925037,0.1307033304711697
delhi_ncr,2025-10-17,28.625,77.525,0.00024963822367978476,0.12377210330933518
delhi_ncr,2025-10-17,28.625,77.55,0.00033559022255457446,0.12346294796294296
delhi_ncr,2025-10-17,28.675,76.825,0.0001769261518042095,0.056296275141569485
delhi_ncr,2025-10-17,28.675,76.875,0.00014452243825540433,0.05559253666060225
delhi_ncr,2025-10-17,28.675,76.925,0.00010043229966271817,0.09789353569583088
delhi_ncr,2025-10-17,28.675,76.975,0.0002076055905044044,0.11573995549884643
delhi_ncr,2025-10-17,28.675,77.025,0.00029890514681643577,0.13218334835523698
delhi_ncr,2025-10-17,28.675,77.075,0.0003536029234751878,0.14847791975796262
delhi_ncr,2025-10-17,28.675,77.125,0.00040157748783712163,0.16436227084982324
delhi_ncr,2025-10-17,28.675,77.175,0.0004356217615146745,0.16116340095645884
delhi_ncr,2025-10-17,28.675,77.225,0.0004760724463485615,0.1576254562566155
delhi_ncr,2025-10-17,28.675,77.275,0.0005100574230839394,0.15606373359988254
delhi_ncr,2025-10-17,28.675,77.325,0.0005239597378499895,0.15504236949720923
delhi_ncr,2025-10-17,28.675,77.375,0.0004250782319025755,0.13877976372019074
delhi_ncr,2025-10-17,28.675,77.425,0.0004184301801810112,0.1330127456074396
delhi_ncr,2025-10-17,28.675,77.475,0.0003398369384746311,0.12586888739946753
delhi_ncr,2025-10-17,28.675,77.525,0.000270596307163226,0.12212072323136403
delhi_ncr,2025-10-17,28.675,77.55,0.00024019176852978992,0.12317146483413605
delhi_ncr,2025-10-17,28.725,76.825,0.00029338498573017933,0.06650219481416321
delhi_ncr,2025-10-17,28.725,76.875,0.00016044468620267314,0.06782972181682093
delhi_ncr,2025-10-17,28.725,76.925,0.00018664744995321552,0.0995124060070725
delhi_ncr,2025-10-17,28.725,76.975,0.0002740071223156025,0.11642095502525009
delhi_ncr,2025-10-17,28.725,77.025,0.00033495277094794986,0.13175175367750752
delhi_ncr,2025-10-17,28.725,77.075,0.00036687273028446313,0.14581877003672963
delhi_ncr,2025-10-17,28.725,77.125,0.0004234047618627444,0.15703664714784385
delhi_ncr,2025-10-17,28.725,77.175,0.0005838702078862506,0.15597091883480335
delhi_ncr,2025-10-17,28.725,77.225,0.000527104461159746,0.15097168270764866
delhi_ncr,2025-10-17,28.725,77.275,0.0005106184967860102,0.14833034682398477
delhi_ncr,2025-10-17,28.725,77.325,0.0005498687661370873,0.14711469358160686
delhi_ncr,2025-10-17,28.725,77.375,0.00039515742739944937,0.13269510293335485
delhi_ncr,2025-10-17,28.725,77.425,0.0003935237678171533,0.12338850435580977
delhi_ncr,2025-10-17,28.725,77.475,0.00038662377571113904,0.11806417638910056
delhi_ncr,2025-10-17,28.725,77.525,0.00035080543877016667,0.11898938958840019
delhi_ncr,2025-10-17,28.725,77.55,0.0003282280311584791,0.12538840262042922
delhi_ncr,2025-10-17,28.775,76.825,0.0003653998541598853,0.08081058566755009
delhi_ncr,2025-10-17,28.775,76.875,0.00021943532991500805,0.09112710771771616
delhi_ncr,2025-10-17,28.775,76.925,0.00032334684057546,0.10639684747808673
delhi_ncr,2025-10-17,28.775,76.975,0.00033914181258584583,0.11304018167197893
delhi_ncr,2025-10-17,28.775,77.025,0.00026404818276856034,0.12379203648156685
delhi_ncr,2025-10-17,28.775,77.075,0.0002039453394697197,0.1369747408281764
delhi_ncr,2025-10-17,28.775,77.125,0.0006241341444275633,0.14086790854309478
delhi_ncr,2025-10-17,28.775,77.175,0.0006532301926899294,0.14500818258692705
delhi_ncr,2025-10-17,28.775,77.225,0.00038106022427448344,0.1370167911296061
delhi_ncr,2025-10-17,28.775,77.275,0.00023698516564223316,0.13066930038740157
delhi_ncr,2025-10-17,28.775,77.325,0.000286606492734714,0.1278425870391829
delhi_ncr,2025-10-17,28.775,77.375,0.00027023332392173453,0.11791680480656312
delhi_ncr,2025-10-17,28.775,77.425,0.00032628200466246844,0.10733882698858585
delhi_ncr,2025-10-17,28.775,77.475,0.00043288959533469587,0.10609999142256848
delhi_ncr,2025-10-17,28.775,77.525,0.00047326049246975083,0.11215579967706696
delhi_ncr,2025-10-17,28.775,77.55,0.00033904716628678467,0.12314268940723862
delhi_ncr,2025-10-17,28.825,76.825,0.0002614793486861082,0.08116509810717366
delhi_ncr,2025-10-17,28.825,76.875,0.00020519455429186915,0.08991962719280887
delhi_ncr,2025-10-17,28.825,76.925,0.00040215792714183216,0.10289986049353893
delhi_ncr,2025-10-17,28.825,76.975,0.00041636763989046587,0.10766046629196087
delhi_ncr,2025-10-17,28.825,77.025,0.00032080434799959816,0.1187130201608969
delhi_ncr,2025-10-17,28.825,77.075,0.00022628639463399792,0.1339433859898606
delhi_ncr,2025-10-17,28.825,77.125,0.0005529416722052908,0.14033844361546696
delhi_ncr,2025-10-17,28.825,77.175,0.0006058441227499217,0.13610645985221984
delhi_ncr,2025-10-17,28.825,77.225,0.00037448046923355783,0.1279274984431841
delhi_ncr,2025-10-17,28.825,77.275,0.000271616997006351,0.11979741015168296
delhi_ncr,2025-10-17,28.825,77.325,0.0003501620561411392,0.11244007762254954
delhi_ncr,2025-10-17,28.825,77.375,0.00030991016120056217,0.10022299474968442
delhi_ncr,2025-10-17,28.825,77.425,0.0003377068643146165,0.09689118981231593
delhi_ncr,2025-10-17,28.825,77.475,0.0004905864507267105,0.09429124932509038
delhi_ncr,2025-10-17,28.825,77.525,0.0004861367129715532,0.1027305691892995
delhi_ncr,2025-10-17,28.875,76.825,0.00016906794392369597,0.08472905469157474
delhi_ncr,2025-10-17,28.875,76.875,0.0001470879582537604,0.08827379827886045
delhi_ncr,2025-10-17,28.875,76.925,0.0002774707441466635,0.10058636464315404
delhi_ncr,2025-10-17,28.875,76.975,0.0003032480057548598,0.10605621077659794
delhi_ncr,2025-10-17,28.875,77.025,0.0003072352122334496,0.11571673346196956
delhi_ncr,2025-10-17,28.875,77.075,0.00030845985232928096,0.1286668900463953
delhi_ncr,2025-10-17,28.875,77.125,0.0003601203863301541,0.1383403637505885
delhi_ncr,2025-10-17,28.875,77.175,0.00044898232906287385,0.13226420074527392
delhi_ncr,2025-10-17,28.875,77.225,0.0003984525343357211,0.1211524178779677
delhi_ncr,2025-10-17,28.875,77.275,0.0003704831108807998,0.11152072033598748
delhi_ncr,2025-10-17,28.875,77.325,0.0003925437615268321,0.10411895914109495
delhi_ncr,2025-10-17,28.875,77.375,0.00043444957852900736,0.09093630760480796
delhi_ncr,2025-10-17,28.875,77.425,0.00042207369435739246,0.08840817133070264
delhi_ncr,2025-10-17,28.875,77.475,0.0004446220834442188,0.0834619898407636
delhi_ncr,2025-10-17,28.875,77.525,0.00038293685105052926,0.08688248333964554
delhi_ncr,2025-10-17,28.875,77.55,0.00023491219990878136,0.10796770460100591
delhi_ncr,2025-10-18,28.375,76.825,0.0003159808964073811,0.2254351418837233
delhi_ncr,2025-10-18,28.375,76.875,0.0002840822892315711,0.22279991583506678
delhi_ncr,2025-10-18,28.375,76.925,0.000316597340164663,0.21690760209932244
delhi_ncr,2025-10-18,28.375,76.975,0.0003172870946069434,0.21369546244908422
delhi_ncr,2025-10-18,28.375,77.025,0.0003165974958572032,0.2055833142804018
delhi_ncr,2025-10-18,28.375,77.075,0.00030908912629581557,0.19432675559491938
delhi_ncr,2025-10-18,28.375,77.125,0.000252975359744439,0.19002462691497024
delhi_ncr,2025-10-18,28.375,77.175,0.00028375974368816527,0.19244398701482895
delhi_ncr,2025-10-18,28.375,77.225,0.00027898618827335654,0.1958531533805343
delhi_ncr,2025-10-18,28.375,77.275,0.00030950055054945725,0.20017365358480124
delhi_ncr,2025-10-18,28.375,77.325,0.0003739962144206211,0.20550243805314578
delhi_ncr,2025-10-18,28.375,77.375,0.0003654218347632065,0.21421571864006905
delhi_ncr,2025-10-18,28.375,77.425,0.00036041152127362506,0.2155196678628592
delhi_ncr,2025-10-18,28.375,77.475,0.00034389006385513474,0.21869791780878595
delhi_ncr,2025-10-18,28.375,77.525,0.0003977888425087003,0.22249620154272975
delhi_ncr,2025-10-18,28.375,77.55,0.00044106081773525793,0.22550416572839557
delhi_ncr,2025-10-18,28.425,76.825,0.0003505957495990054,0.22764262787337175
delhi_ncr,2025-10-18,28.425,76.875,0.00029865729164725406,0.228625214171617
delhi_ncr,2025-10-18,28.425,76.925,0.0002817324792960129,0.2307040105484361
delhi_ncr,2025-10-18,28.425,76.975,0.0002479730397383395,0.23294795325415518
delhi_ncr,2025-10-18,28.425,77.025,0.00028924932976156814,0.23413060016341183
delhi_ncr,2025-10-18,28.425,77.075,0.00037949503239218484,0.23276621919912402
delhi_ncr,2025-10-18,28.425,77.125,0.0003774569573226246,0.2210101842931967
delhi_ncr,2025-10-18,28.425,77.175,0.00035322165252668164,0.21631580139814402
delhi_ncr,2025-10-18,28.425,77.225,0.00031394027205763046,0.21581279199760267
delhi_ncr,2025-10-18,28.425,77.275,0.00032011569135489124,0.2167179358194801
delhi_ncr,2025-10-18,28.425,77.325,0.0003758653725295075,0.21828803609116498
delhi_ncr,2025-10-18,28.425,77.375,0.00042719719021042736,0.22066078624221203
delhi_ncr,2025-10-18,28.425,77.425,0.00044724416260948666,0.22505068463636504
delhi_ncr,2025-10-18,28.425,77.475,0.000385486655840819,0.23037697564951798
delhi_ncr,2025-10-18,28.425,77.525,0.00037756198279204203,0.23513362167078106
delhi_ncr,2025-10-18,28.425,77.55,0.00046688185248422063,0.23709701650307208
delhi_ncr,2025-10-18,28.475,76.825,0.0003585726612521731,0.22452870231187352
delhi_ncr,2025-10-18,28.475,76.875,0.00029081865763054174,0.2314076092201171
delhi_ncr,2025-10-18,28.475,76.925,0.00023700019637614239,0.24305997987526476
delhi_ncr,2025-10-18,28.475,76.975,0.00019905657152198707,0.24854895273444355
delhi_ncr,2025-10-18,28.475,77.025,0.00027071322782226746,0.254235575082668
delhi_ncr,2025-10-18,28.475,77.075,0.00041694691318228697,0.25771216088886273
delhi_ncr,2025-10-18,28.475,77.125,0.0004479913519712021,0.2452213959595983
delhi_ncr,2025-10-18,28.475,77.175,0.0004016966409311627,0.24229247586657177
delhi_ncr,2025-10-18,28.475,77.225,0.0003571396696436638,0.24090684406085092
delhi_ncr,2025-10-18,28.475,77.275,0.0003641276328594467,0.23910154578328416
delhi_ncr,2025-10-18,28.475,77.325,0.0004264076215473836,0.23637316406607195
delhi_ncr,2025-10-18,28.475,77.375,0.0004919787264440673,0.23148399812331666
delhi_ncr,2025-10-18,28.475,77.425,0.0005097753095019812,0.23613491002736664
delhi_ncr,2025-10-18,28.475,77.475,0.00041304346685080333,0.24171414211677955
delhi_ncr,2025-10-18,28.475,77.525,0.0003397716561754063,0.24611613518708572
delhi_ncr,2025-10-18,28.475,77.55,0.0003270748197758776,0.24896039853980584
delhi_ncr,2025-10-18,28.525,76.825,0.00030371050226892405,0.21458508135254997
delhi_ncr,2025-10-18,28.525,76.875,0.0002097473079724361,0.229021977338593
delhi_ncr,2025-10-18,28.525,76.925,0.00021067762007090694,0.24917205665243125
delhi_ncr,2025-10-18,28.525,76.975,0.00022134919044908497,0.25309281014722457
delhi_ncr,2025-10-18,28.525,77.025,0.0002936374053557884,0.25154992827624567
delhi_ncr,2025-10-18,28.525,77.075,0.00039927616780824354,0.24739126672682157
delhi_ncr,2025-10-18,28.525,77.125,0.00040677234677692707,0.24702766586394653
delhi_ncr,2025-10-18,28.525,77.175,0.0004013257750565623,0.26174172527647993
delhi_ncr,2025-10-18,28.525,77.225,0.0003987508980535926,0.2626804963998062
delhi_ncr,2025-10-18,28.525,77.275,0.00043865023692668716,0.2595567451033422
delhi_ncr,2025-10-18,28.525,77.325,0.0005175596697461896,0.2541194150404108
delhi_ncr,2025-10-18,28.525,77.375,0.0005536028040073874,0.24463727958628398
delhi_ncr,2025-10-18,28.525,77.425,0.0005144707034843493,0.24440260663571103
delhi_ncr,2025-10-18,28.525,77.475,0.0004786215567250106,0.24641224744134615
delhi_ncr,2025-10-18,28.525,77.525,0.0004102266594176959,0.24850322802570743
delhi_ncr,2025-10-18,28.525,77.55,0.00028033818803915205,0.2435638203292847
delhi_ncr,2025-10-18,28.575,76.825,0.00032679390257660165,0.19720379970838242
delhi_ncr,2025-10-18,28.575,76.875,0.0003163776275691521,0.2067449195113945
delhi_ncr,2025-10-18,28.575,76.925,0.00028478186107888393,0.24090324936794666
delhi_ncr,2025-10-18,28.575,76.975,0.00027802035217011406,0.24696177024723873
delhi_ncr,2025-10-18,28.575,77.025,0.0003117490039699455,0.24767415002582088
delhi_ncr,2025-10-18,28.575,77.075,0.00036445785063335097,0.24675041950994
delhi_ncr,2025-10-18,28.575,77.125,0.0003460910371054124,0.2476930677669521
delhi_ncr,2025-10-18,28.575,77.175,0.00032543409947331315,0.2487284118041326
delhi_ncr,2025-10-18,28.575,77.225,0.00032452769893851077,0.24885849662069887
delhi_ncr,2025-10-18,28.575,77.275,0.0004060738916349422,0.24834828626939462
delhi_ncr,2025-10-18,28.575,77.325,0.0005493517222343879,0.24988433777896382
delhi_ncr,2025-10-18,28.575,77.375,0.0005558193342533936,0.27184695390207836
delhi_ncr,2025-10-18,28.575,77.425,0.0005535279918387101,0.2689862910609223
delhi_ncr,2025-10-18,28.575,77.475,0.0005185326817606023,0.25813709251799943
delhi_ncr,2025-10-18,28.575,77.525,0.0004132856577839699,0.2462014357060995
delhi_ncr,2025-10-18,28.625,76.825,0.00027409448752287624,0.18292911344588456
delhi_ncr,2025-10-18,28.625,76.875,0.0003005727917523683,0.19572844436452355
delhi_ncr,2025-10-18,28.625,76.925,0.0003148203086887283,0.21982863590725582
delhi_ncr,2025-10-18,28.625,76.975,0.00029193968760633375,0.2310752161835411
delhi_ncr,2025-10-18,28.625,77.025,0.0003345427856297356,0.24361897141174238
delhi_ncr,2025-10-18,28.625,77.075,0.0004148856329702937,0.2565378824483738
delhi_ncr,2025-10-18,28.625,77.125,0.0003554599115550205,0.2633448890378898
delhi_ncr,2025-10-18,28.625,77.175,0.0003397653985220852,0.2658494116406123
delhi_ncr,2025-10-18,28.625,77.225,0.0003741146689197763,0.26408084048387886
delhi_ncr,2025-10-18,28.625,77.275,0.00042077625348259715,0.2551479604942824
delhi_ncr,2025-10-18,28.625,77.325,0.000474949306536209,0.24389905415695828
delhi_ncr,2025-10-18,28.625,77.375,0.0005804703013565355,0.2680813812077856
delhi_ncr,2025-10-18,28.625,77.425,0.0005088612207069458,0.26035302184586456
delhi_ncr,2025-10-18,28.625,77.475,0.0004454081495615716,0.2517176131270373
delhi_ncr,2025-10-18,28.625,77.525,0.0004230787756686919,0.24166315936325597
delhi_ncr,2025-10-18,28.625,77.55,0.0003794556095974845,0.23351940470634802
delhi_ncr,2025-10-18,28.675,76.825,0.00020726335498315212,0.17636653238025332
delhi_ncr,2025-10-18,28.675,76.875,0.00025591877972182346,0.1907681780577748
delhi_ncr,2025-10-18,28.675,76.925,0.00027126017117550563,0.21001538253255886
delhi_ncr,2025-10-18,28.675,76.975,0.00027519351384734035,0.22126720070664316
delhi_ncr,2025-10-18,28.675,77.025,0.00033502170555211284,0.23623762805042653
delhi_ncr,2025-10-18,28.675,77.075,0.000414463618936106,0.2529579070483223
delhi_ncr,2025-10-18,28.675,77.125,0.00032978633892888565,0.2615713171908846
delhi_ncr,2025-10-18,28.675,77.175,0.00026260028267316665,0.264589480004712
delhi_ncr,2025-10-18,28.675,77.225,0.0003625276212691484,0.2636155024154647
delhi_ncr,2025-10-18,28.675,77.275,0.0004126433122227314,0.2581239974984347
delhi_ncr,2025-10-18,28.675,77.325,0.00039266520700775083,0.2511502732152672
delhi_ncr,2025-10-18,28.675,77.375,0.0005308682934567819,0.2631574925177169
delhi_ncr,2025-10-18,28.675,77.425,0.0005053771626634911,0.2556764888305213
delhi_ncr,2025-10-18,28.675,77.475,0.0004500132768071638,0.24876216891263067
delhi_ncr,2025-10-18,28.675,77.525,0.0004072312986250186,0.24005762550308457
delhi_ncr,2025-10-18,28.675,77.55,0.00039728817905285163,0.23015528624261433
delhi_ncr,2025-10-18,28.725,76.825,0.00019047515015243845,0.17317280115618885
delhi_ncr,2025-10-18,28.725,76.875,0.00023279094087132903,0.18652473973260178
delhi_ncr,2025-10-18,28.725,76.925,0.00022837705467095514,0.2016551195677042
delhi_ncr,2025-10-18,28.725,76.975,0.0002869031494347453,0.21060115138717975
delhi_ncr,2025-10-18,28.725,77.025,0.0003615200291636097,0.22312660721544678
delhi_ncr,2025-10-18,28.725,77.075,0.00041894190411986886,0.23803465858426273
delhi_ncr,2025-10-18,28.725,77.125,0.0003384093139999436,0.24877896757873502
delhi_ncr,2025-10-18,28.725,77.175,0.0002413798058812991,0.2521229520838699
delhi_ncr,2025-10-18,28.725,77.225,0.00034380442057511224,0.2539766520111621
delhi_ncr,2025-10-18,28.725,77.275,0.00039086073623979334,0.25535705333875414
delhi_ncr,2025-10-18,28.725,77.325,0.00035493924735037334,0.2561543130952846
delhi_ncr,2025-10-18,28.725,77.375,0.0004378175387846227,0.25665545612835544
delhi_ncr,2025-10-18,28.725,77.425,0.00045376462334444507,0.25262526804138963
delhi_ncr,2025-10-18,28.725,77.475,0.0004150402130833771,0.24866139369238774
delhi_ncr,2025-10-18,28.725,77.525,0.00034848777804230704,0.2421262253421518
delhi_ncr,2025-10-18,28.725,77.55,0.0002599506087228984,0.23628742185415152
delhi_ncr,2025-10-18,28.775,76.825,0.000284462740765349,0.17072304502759725
delhi_ncr,2025-10-18,28.775,76.875,0.0002754014309801705,0.17902152350824932
delhi_ncr,2025-10-18,28.775,76.925,0.0002475904355275934,0.18690972924219124
delhi_ncr,2025-10-18,28.775,76.975,0.0003741203241912429,0.19416237466555553
delhi_ncr,2025-10-18,28.775,77.025,0.00045783989691385306,0.2023890307462244
delhi_ncr,2025-10-18,28.775,77.075,0.00047333340225595884,0.21226406859453867
delhi_ncr,2025-10-18,28.775,77.125,0.00044168435336658455,0.22861473951955202
delhi_ncr,2025-10-18,28.775,77.175,0.0004000285269612337,0.23297614937064293
delhi_ncr,2025-10-18,28.775,77.225,0.00035796453653744734,0.23915880535790443
delhi_ncr,2025-10-18,28.775,77.275,0.0003635077710237735,0.24390635659236573
delhi_ncr,2025-10-18,28.775,77.325,0.0004044064112361663,0.2463516479279052
delhi_ncr,2025-10-18,28.775,77.375,0.00032143211310363206,0.2481854404658373
delhi_ncr,2025-10-18,28.775,77.425,0.00027906359316047155,0.250020146841217
delhi_ncr,2025-10-18,28.775,77.475,0.0002449347524042334,0.25152952868533285
delhi_ncr,2025-10-18,28.775,77.525,0.00022913586752516953,0.24909427233714773
delhi_ncr,2025-10-18,28.775,77.55,0.00012931283193370424,0.24665578319855677
delhi_ncr,2025-10-18,28.825,76.825,0.00021951745271115176,0.1700763178000693
delhi_ncr,2025-10-18,28.825,76.875,0.0001644466542399003,0.176862035699417
delhi_ncr,2025-10-18,28.825,76.925,0.00015502876013933278,0.18285388169523076
delhi_ncr,2025-10-18,28.825,76.975,0.0001958306282080307,0.1882874803871329
delhi_ncr,2025-10-18,28.825,77.025,0.00027055726740777365,0.19487363898379997
delhi_ncr,2025-10-18,28.825,77.075,0.0003594824951005845,0.2032530163211917
delhi_ncr,2025-10-18,28.825,77.125,0.00041478203547426533,0.21819897597656765
delhi_ncr,2025-10-18,28.825,77.175,0.00043157487059963497,0.2249324769350628
delhi_ncr,2025-10-18,28.825,77.225,0.00043755225095185794,0.2328158775877086
delhi_ncr,2025-10-18,28.825,77.275,0.0004148426028272515,0.2383696093986816
delhi_ncr,2025-10-18,28.825,77.325,0.0003541919571356667,0.2406822611896868
delhi_ncr,2025-10-18,28.825,77.375,0.00020626678861041577,0.24208997843295516
delhi_ncr,2025-10-18,28.825,77.425,0.0002387851880814377,0.24412270218185247
delhi_ncr,2025-10-18,28.825,77.475,0.0002567824774480318,0.24635439202482085
delhi_ncr,2025-10-18,28.825,77.525,0.00018571021267618063,0.24873326372487342
delhi_ncr,2025-10-18,28.875,76.825,0.0003607872711925671,0.15831724561489463
delhi_ncr,2025-10-18,28.875,76.875,0.0003615802105196201,0.16562583162370956
delhi_ncr,2025-10-18,28.875,76.925,0.0003757048396977961,0.17241721333005386
delhi_ncr,2025-10-18,28.875,76.975,0.0003749268742076872,0.1816245595667249
delhi_ncr,2025-10-18,28.875,77.025,0.0003977533517321693,0.189693174197725
delhi_ncr,2025-10-18,28.875,77.075,0.00042079083303096256,0.19722410242079158
delhi_ncr,2025-10-18,28.875,77.125,0.00030733284715592457,0.21245891207646722
delhi_ncr,2025-10-18,28.875,77.175,0.00028032234272317965,0.21560929739932044
delhi_ncr,2025-10-18,28.875,77.225,0.00034153157682352407,0.2246892335897908
delhi_ncr,2025-10-18,28.875,77.275,0.0003876924060982148,0.23103564760972037
delhi_ncr,2025-10-18,28.875,77.325,0.0003892123444785043,0.233286862766033
delhi_ncr,2025-10-18,28.875,77.375,0.0003245849177640038,0.2371956621607224
delhi_ncr,2025-10-18,28.875,77.425,0.0003134301977727725,0.2379409754035576
delhi_ncr,2025-10-18,28.875,77.475,0.0002994583055863431,0.24058307886217967
delhi_ncr,2025-10-18,28.875,77.525,0.00024397278992467638,0.24571310359690185
delhi_ncr,2025-10-18,28.875,77.55,0.00010561723502200413,0.2520917100772746
delhi_ncr,2025-10-19,28.375,76.825,0.00026807680490476644,0.23005615607941715
delhi_ncr,2025-10-19,28.375,76.875,0.00024933351200054083,0.23097644639782194
delhi_ncr,2025-10-19,28.375,76.925,0.00026401240286387577,0.22163518493594742
delhi_ncr,2025-10-19,28.375,76.975,0.00033156755462959475,0.2136306943724024
delhi_ncr,2025-10-19,28.375,77.025,0.00040637510675090396,0.21080388124751065
delhi_ncr,2025-10-19,28.375,77.075,0.00047853501067178527,0.2142373672379076
delhi_ncr,2025-10-19,28.375,77.125,0.0005432558180154162,0.22695831882449616
delhi_ncr,2025-10-19,28.375,77.175,0.000500705043060526,0.23507046991035163
delhi_ncr,2025-10-19,28.375,77.225,0.0004998633705164831,0.23709466951034686
delhi_ncr,2025-10-19,28.375,77.275,0.0004849925037602256,0.23380245143534953
delhi_ncr,2025-10-19,28.375,77.325,0.0004423013163590549,0.2234183829960146
delhi_ncr,2025-10-19,28.375,77.375,0.0003484366190426772,0.19231988462491217
delhi_ncr,2025-10-19,28.375,77.425,0.0003449799701562063,0.19188509117692912
delhi_ncr,2025-10-19,28.375,77.475,0.00034837431081647025,0.19345305274695176
delhi_ncr,2025-10-19,28.375,77.525,0.0003715366724502032,0.20719754694017026
delhi_ncr,2025-10-19,28.375,77.55,0.0004100116828564384,0.23247435447883724
delhi_ncr,2025-10-19,28.425,76.825,0.0003324247382706759,0.18979958533954056
delhi_ncr,2025-10-19,28.425,76.875,0.0002897184053263205,0.19402228353753878
delhi_ncr,2025-10-19,28.425,76.925,0.00027811666113133036,0.20090442876773631
delhi_ncr,2025-10-19,28.425,76.975,0.00033114222624476715,0.20078375559703365
delhi_ncr,2025-10-19,28.425,77.025,0.0004201891313232739,0.2052497251667268
delhi_ncr,2025-10-19,28.425,77.075,0.000520050283719522,0.2134127195556726
delhi_ncr,2025-10-19,28.425,77.125,0.0005649640744699616,0.22009113937821434
delhi_ncr,2025-10-19,28.425,77.175,0.0005594712434377557,0.22347576521253726
delhi_ncr,2025-10-19,28.425,77.225,0.0005259731577159319,0.2284293139643046
delhi_ncr,2025-10-19,28.425,77.275,0.0004618835402940319,0.23221306730709407
delhi_ncr,2025-10-19,28.425,77.325,0.00037872468778342195,0.23210154568146044
delhi_ncr,2025-10-19,28.425,77.375,0.0003522369022565228,0.21274798656463045
delhi_ncr,2025-10-19,28.425,77.425,0.0003288889831507306,0.20813389707585164
delhi_ncr,2025-10-19,28.425,77.475,0.0003485146028146859,0.20903635994150405
delhi_ncr,2025-10-19,28.425,77.525,0.0003907149920364674,0.21642818451855114
delhi_ncr,2025-10-19,28.425,77.55,0.0004401868895455635,0.2292524682756482
delhi_ncr,2025-10-19,28.475,76.825,0.0004017146439131828,0.15026429996757396
delhi_ncr,2025-10-19,28.475,76.875,0.00035773324526310653,0.15521451511769713
delhi_ncr,2025-10-19,28.475,76.925,0.00027942932981357845,0.17370429382564165
delhi_ncr,2025-10-19,28.475,76.975,0.00029772807230246917,0.18087858972247797
delhi_ncr,2025-10-19,28.475,77.025,0.0003835725244568423,0.19275047796596073
delhi_ncr,2025-10-19,28.475,77.075,0.000503502139350235,0.2081693229102556
delhi_ncr,2025-10-19,28.475,77.125,0.0005425838217422724,0.21629695436698704
delhi_ncr,2025-10-19,28.475,77.175,0.0005729859220328554,0.21777857712206158
delhi_ncr,2025-10-19,28.475,77.225,0.000531066427844438,0.2279609238166416
delhi_ncr,2025-10-19,28.475,77.275,0.0004593232020222172,0.2384484160116693
delhi_ncr,2025-10-19,28.475,77.325,0.00038692662132868024,0.24500686833901456
delhi_ncr,2025-10-19,28.475,77.375,0.00041690553156238983,0.23403202148452543
delhi_ncr,2025-10-19,28.475,77.425,0.0003418038498212963,0.22267827377678492
delhi_ncr,2025-10-19,28.475,77.475,0.00038078747248271577,0.21787967518319634
delhi_ncr,2025-10-19,28.475,77.525,0.00041297158863331336,0.21687171625442267
delhi_ncr,2025-10-19,28.475,77.55,0.00035841344870926194,0.21483009513043616
delhi_ncr,2025-10-19,28.525,76.825,0.00041020880331230655,0.13641280881909848
delhi_ncr,2025-10-19,28.525,76.875,0.00039853506534664914,0.14140212238438496
delhi_ncr,2025-10-19,28.525,76.925,0.0002802068821041559,0.15955801571021247
delhi_ncr,2025-10-19,28.525,76.975,0.0003075108711470131,0.16788785289974476
delhi_ncr,2025-10-19,28.525,77.025,0.00038027397347311216,0.1807279512924656
delhi_ncr,2025-10-19,28.525,77.075,0.00046046157759153906,0.19798627148797354
delhi_ncr,2025-10-19,28.525,77.125,0.0004577171707959836,0.2148181568054653
delhi_ncr,2025-10-19,28.525,77.175,0.0004704912756038747,0.21979231533203747
delhi_ncr,2025-10-19,28.525,77.225,0.0005040859520739174,0.23562342457626334
delhi_ncr,2025-10-19,28.525,77.275,0.0005464931367260024,0.24825130384665012
delhi_ncr,2025-10-19,28.525,77.325,0.000584438740337552,0.2519254229160921
delhi_ncr,2025-10-19,28.525,77.375,0.0005581034118955527,0.23459620507093273
delhi_ncr,2025-10-19,28.525,77.425,0.0004029016894594901,0.2158604341264016
delhi_ncr,2025-10-19,28.525,77.475,0.00044456012461993025,0.20633196084285615
delhi_ncr,2025-10-19,28.525,77.525,0.0004162507502722737,0.20313711357916472
delhi_ncr,2025-10-19,28.525,77.55,0.000324223670520429,0.2015891582548469
delhi_ncr,2025-10-19,28.575,76.825,8.920575770064354e-05,0.11051065320100796
delhi_ncr,2025-10-19,28.575,76.875,1.686057884478434e-05,0.11905966122927258
delhi_ncr,2025-10-19,28.575,76.925,0.00027548135239596994,0.14112100904772143
delhi_ncr,2025-10-19,28.575,76.975,0.0003313490519745953,0.15806665488667745
delhi_ncr,2025-10-19,28.575,77.025,0.0003645908603095913,0.1802254172071937
delhi_ncr,2025-10-19,28.575,77.075,0.0003799910061980232,0.20554696903007263
delhi_ncr,2025-10-19,28.575,77.125,0.0003044463281259909,0.22799505760671956
delhi_ncr,2025-10-19,28.575,77.175,0.0003855932701704492,0.23604751664123558
delhi_ncr,2025-10-19,28.575,77.225,0.00045080565133686035,0.22891646167294918
delhi_ncr,2025-10-19,28.575,77.275,0.00047872716580014496,0.2221059158402705
delhi_ncr,2025-10-19,28.575,77.325,0.0004624987760038807,0.21667549746329434
delhi_ncr,2025-10-19,28.575,77.375,0.0004073267474528509,0.19368419928318437
delhi_ncr,2025-10-19,28.575,77.425,0.00038370605494967793,0.1891401108819661
delhi_ncr,2025-10-19,28.575,77.475,0.0004283983573023278,0.19048396249463828
delhi_ncr,2025-10-19,28.575,77.525,0.00044121746373418445,0.1938424258002536
delhi_ncr,2025-10-19,28.625,76.825,0.00018230951581877386,0.05084960093211602
delhi_ncr,2025-10-19,28.625,76.875,0.000176654236903783,0.06773808670677839
delhi_ncr,2025-10-19,28.625,76.925,0.0003717894173941545,0.13368558794324586
delhi_ncr,2025-10-19,28.625,76.975,0.000329359767404298,0.15798465346631968
delhi_ncr,2025-10-19,28.625,77.025,0.0003656506545491725,0.1820071542927239
delhi_ncr,2025-10-19,28.625,77.075,0.0004814656936248162,0.20808909127438346
delhi_ncr,2025-10-19,28.625,77.125,0.0005081819291105035,0.23254395160864985
delhi_ncr,2025-10-19,28.625,77.175,0.00041380443055057125,0.24833692655998083
delhi_ncr,2025-10-19,28.625,77.225,0.0004580799378134232,0.22055372211994803
delhi_ncr,2025-10-19,28.625,77.275,0.0004960010158350698,0.19909692590545122
delhi_ncr,2025-10-19,28.625,77.325,0.0004962968347920007,0.19257330994226224
delhi_ncr,2025-10-19,28.625,77.375,0.000463114505932197,0.17815520241611746
delhi_ncr,2025-10-19,28.625,77.425,0.0004392744555004356,0.17650181144171637
delhi_ncr,2025-10-19,28.625,77.475,0.0004508388362859442,0.1863147458330632
delhi_ncr,2025-10-19,28.625,77.525,0.00042294892257718926,0.19358467536833734
delhi_ncr,2025-10-19,28.625,77.55,0.0003616027996359974,0.19532541426817296
delhi_ncr,2025-10-19,28.675,76.825,0.00020785610248640055,0.03152578733269617
delhi_ncr,2025-10-19,28.675,76.875,0.00022326256865669625,0.047909967227417465
delhi_ncr,2025-10-19,28.675,76.925,0.00036000794108346194,0.13124814756105804
delhi_ncr,2025-10-19,28.675,76.975,0.0003165711502137097,0.15467732352577068
delhi_ncr,2025-10-19,28.675,77.025,0.000355027713541524,0.17726364930699448
delhi_ncr,2025-10-19,28.675,77.075,0.00046655723211583424,0.20296694791963102
delhi_ncr,2025-10-19,28.675,77.125,0.0004858598592460791,0.22675661964734198
delhi_ncr,2025-10-19,28.675,77.175,0.0004965298061269884,0.23717262848893692
delhi_ncr,2025-10-19,28.675,77.225,0.0004671323039317993,0.2072785997500075
delhi_ncr,2025-10-19,28.675,77.275,0.00044428940067848177,0.18442617460811658
delhi_ncr,2025-10-19,28.675,77.325,0.0004362193336077907,0.1772934086881566
delhi_ncr,2025-10-19,28.675,77.375,0.0004275549590400887,0.1671388527623984
delhi_ncr,2025-10-19,28.675,77.425,0.00041681004874400795,0.1667246482897952
delhi_ncr,2025-10-19,28.675,77.475,0.00040489339518469245,0.1755131701420309
delhi_ncr,2025-10-19,28.675,77.525,0.000397809915966421,0.18265679928543105
delhi_ncr,2025-10-19,28.675,77.55,0.0003958016021852979,0.18486713854415096
delhi_ncr,2025-10-19,28.725,76.825,0.0001383906461391058,0.047645652788085836
delhi_ncr,2025-10-19,28.725,76.875,0.00016143407733981794,0.05930168369760453
delhi_ncr,2025-10-19,28.725,76.925,0.0003710029521980852,0.12935718652842562
delhi_ncr,2025-10-19,28.725,76.975,0.000387102968897051,0.1463220636827309
delhi_ncr,2025-10-19,28.725,77.025,0.0004057857506804274,0.1647352718255014
delhi_ncr,2025-10-19,28.725,77.075,0.0004364056672109793,0.18809995622618472
delhi_ncr,2025-10-19,28.725,77.125,0.0004140328199917573,0.20765431213355176
delhi_ncr,2025-10-19,28.725,77.175,0.0005198665610561307,0.20971481346873266
delhi_ncr,2025-10-19,28.725,77.225,0.00046378807281967653,0.1866506424620375
delhi_ncr,2025-10-19,28.725,77.275,0.00039257103363235523,0.16921488028771345
delhi_ncr,2025-10-19,28.725,77.325,0.00034449600345432473,0.1631962213494938
delhi_ncr,2025-10-19,28.725,77.375,0.0003572135155297383,0.1582274086101604
delhi_ncr,2025-10-19,28.725,77.425,0.00035466405131666704,0.1579719335938028
delhi_ncr,2025-10-19,28.725,77.475,0.0003430792492183101,0.1630516611200449
delhi_ncr,2025-10-19,28.725,77.525,0.0003688821168400453,0.1696829486028048
delhi_ncr,2025-10-19,28.725,77.55,0.000412773676433083,0.17558310360445784
delhi_ncr,2025-10-19,28.775,76.825,-6.718698133468012e-05,0.10235040406241143
delhi_ncr,2025-10-19,28.775,76.875,-2.1143998054508912e-05,0.10652653011578979
delhi_ncr,2025-10-19,28.775,76.925,0.0005030714232519901,0.12543368602029728
delhi_ncr,2025-10-19,28.775,76.975,0.0006220255326404555,0.13104899603025183
delhi_ncr,2025-10-19,28.775,77.025,0.0005864661430913249,0.14334555558438433
delhi_ncr,2025-10-19,28.775,77.075,0.0004676994744610262,0.1611219603020862
delhi_ncr,2025-10-19,28.775,77.125,0.00042659328070874207,0.171266656213368
delhi_ncr,2025-10-19,28.775,77.175,0.00038390549492984464,0.17035077640621427
delhi_ncr,2025-10-19,28.775,77.225,0.00043667593919659314,0.15638905563867142
delhi_ncr,2025-10-19,28.775,77.275,0.000397714549207866,0.146380872556287
delhi_ncr,2025-10-19,28.775,77.325,0.00026610602796275245,0.14460239185972082
delhi_ncr,2025-10-19,28.775,77.375,0.00029333532755578847,0.15014449433684407
delhi_ncr,2025-10-19,28.775,77.425,0.0002787803221317551,0.14956700097999237
delhi_ncr,2025-10-19,28.775,77.475,0.00030683137396410646,0.15269048221729759
delhi_ncr,2025-10-19,28.775,77.525,0.0003393641722109674,0.16143452304070074
delhi_ncr,2025-10-19,28.775,77.55,0.00033894699249117834,0.1640406090384557
delhi_ncr,2025-10-19,28.825,76.825,0.00023188880897008675,0.10511148131975159
delhi_ncr,2025-10-19,28.825,76.875,0.00017155577524383006,0.10771352875737904
delhi_ncr,2025-10-19,28.825,76.925,0.00019027651375107333,0.1118281789808947
delhi_ncr,2025-10-19,28.825,76.975,0.00025530000390006985,0.11455785743632813
delhi_ncr,2025-10-19,28.825,77.025,0.00033319487294740705,0.12431054575395387
delhi_ncr,2025-10-19,28.825,77.075,0.0004092826505030326,0.13982922797629285
delhi_ncr,2025-10-19,28.825,77.125,0.000467381877632097,0.15526021674997786
delhi_ncr,2025-10-19,28.825,77.175,0.00044853946954045455,0.15602221155588517
delhi_ncr,2025-10-19,28.825,77.225,0.0003391271600206558,0.1468276806153917
delhi_ncr,2025-10-19,28.825,77.275,0.0002484155975860382,0.14087221474016198
delhi_ncr,2025-10-19,28.825,77.325,0.00021966406170365394,0.14164313358728017
delhi_ncr,2025-10-19,28.825,77.375,0.00034317293443114665,0.15071510356740597
delhi_ncr,2025-10-19,28.825,77.425,0.00028153482882113364,0.1489930472411187
delhi_ncr,2025-10-19,28.825,77.475,0.00032173299727130593,0.14811986717916895
delhi_ncr,2025-10-19,28.825,77.525,0.00034476776451910395,0.14963123710761547
delhi_ncr,2025-10-19,28.875,76.825,0.00013455106794007694,0.07235952380945403
delhi_ncr,2025-10-19,28.875,76.875,0.00018718603433692872,0.08975219134015917
delhi_ncr,2025-10-19,28.875,76.925,0.00026257106640368167,0.0928140185619751
delhi_ncr,2025-10-19,28.875,76.975,0.00022155461284094444,0.09896354558961913
delhi_ncr,2025-10-19,28.875,77.025,0.00022335571762604933,0.11269625180503344
delhi_ncr,2025-10-19,28.875,77.075,0.00027041921125614174,0.13311071827632104
delhi_ncr,2025-10-19,28.875,77.125,0.0002926633335161388,0.1600940913357369
delhi_ncr,2025-10-19,28.875,77.175,0.0002866885230353832,0.15260653622756595
delhi_ncr,2025-10-19,28.875,77.225,0.00033927527909920045,0.14299289850316005
delhi_ncr,2025-10-19,28.875,77.275,0.0003866744287386726,0.1381791620717339
delhi_ncr,2025-10-19,28.875,77.325,0.00038432709358033116,0.13910290184921112
delhi_ncr,2025-10-19,28.875,77.375,0.00016965327788089643,0.14050599736686956
delhi_ncr,2025-10-19,28.875,77.425,0.0002691900965640326,0.13699497007456662
delhi_ncr,2025-10-19,28.875,77.475,0.00038309162046459735,0.13528216018465464
delhi_ncr,2025-10-19,28.875,77.525,0.0004275510250367224,0.1371154034505262
delhi_ncr,2025-10-19,28.875,77.55,0.0003585293860479881,0.1462382472062845
delhi_ncr,2025-10-20,28.375,76.825,0.0003143521705317423,0.2814237860673031
delhi_ncr,2025-10-20,28.375,76.875,0.0003143521705286427,0.28142378606452806
delhi_ncr,2025-10-20,28.375,76.925,0.0003143521681904155,0.2814237839712301
delhi_ncr,2025-10-20,28.375,76.975,0.00031435216698960314,0.2814237828962028
delhi_ncr,2025-10-20,28.375,77.075,0.00015768186315109797,0.25467389511275934
delhi_ncr,2025-10-20,28.375,77.125,0.0001576851311007417,0.25467360050931104
delhi_ncr,2025-10-20,28.375,77.175,0.0001766071510563511,0.25660454148457656
delhi_ncr,2025-10-20,28.375,77.225,0.0002786713230079556,0.2750432871564612
delhi_ncr,2025-10-20,28.375,77.275,0.0003391356227718804,0.28612757623483503
delhi_ncr,2025-10-20,28.375,77.325,0.00027361802954508155,0.27959859384268043
delhi_ncr,2025-10-20,28.375,77.375,0.0002732521916124971,0.2796115497010759
delhi_ncr,2025-10-20,28.375,77.425,0.0002250151788591295,0.28285092269610607
delhi_ncr,2025-10-20,28.375,77.475,0.00017875692835266289,0.28590244266025416
delhi_ncr,2025-10-20,28.425,76.825,0.00043435278578401543,0.15827849525846224
delhi_ncr,2025-10-20,28.425,76.875,0.00038521709276547904,0.25726412486071165
delhi_ncr,2025-10-20,28.425,76.925,0.00039229446943526205,0.24218763329653484
delhi_ncr,2025-10-20,28.425,76.975,0.0003331087956623212,0.25160608050849775
delhi_ncr,2025-10-20,28.425,77.025,0.0002978351478418605,0.23621030522219336
delhi_ncr,2025-10-20,28.425,77.075,0.0003027054023343672,0.20450891251770398
delhi_ncr,2025-10-20,28.425,77.125,0.0003330084716808074,0.21540909935579805
delhi_ncr,2025-10-20,28.425,77.175,0.00033592484517738227,0.20911475945157673
delhi_ncr,2025-10-20,28.425,77.225,0.0003560825766588471,0.21256416623703828
delhi_ncr,2025-10-20,28.425,77.275,0.0003930767486974598,0.20774724702333786
delhi_ncr,2025-10-20,28.425,77.325,0.0004574924779114966,0.1909085955401661
delhi_ncr,2025-10-20,28.425,77.375,0.00028721031580956246,0.2791172338730668
delhi_ncr,2025-10-20,28.425,77.425,0.00028721031580956246,0.2791172338730668
delhi_ncr,2025-10-20,28.475,76.825,0.00043569907588956753,0.13713487576330602
delhi_ncr,2025-10-20,28.475,76.875,0.0003628870160536646,0.20078982515612473
delhi_ncr,2025-10-20,28.475,76.925,0.00037882656230630766,0.23644132895874523
delhi_ncr,2025-10-20,28.475,76.975,0.0003363071693556541,0.2548988113005424
delhi_ncr,2025-10-20,28.475,77.025,0.0003027695931250968,0.24093556494570167
delhi_ncr,2025-10-20,28.475,77.075,0.00031360960458256897,0.20232889605811608
delhi_ncr,2025-10-20,28.475,77.125,0.00048683524304279024,0.17744907390841547
delhi_ncr,2025-10-20,28.475,77.175,0.00040020512675269606,0.18097728673831423
delhi_ncr,2025-10-20,28.475,77.225,0.0003621825443089181,0.18899737498009087
delhi_ncr,2025-10-20,28.475,77.275,0.0003800230954498558,0.19645749100831195
delhi_ncr,2025-10-20,28.475,77.325,0.00044256403140267343,0.20156750095411294
delhi_ncr,2025-10-20,28.525,76.825,0.00040067727099099093,0.1239249104942669
delhi_ncr,2025-10-20,28.525,76.875,0.00016461840534174623,0.11161025811746504
delhi_ncr,2025-10-20,28.525,76.925,0.0003298050329330617,0.22955980630214987
delhi_ncr,2025-10-20,28.525,76.975,0.0003445737425672129,0.26283645383161663
delhi_ncr,2025-10-20,28.525,77.025,0.00031495193677569423,0.2519826758946994
delhi_ncr,2025-10-20,28.525,77.075,0.0003009171021998709,0.21016635915650397
delhi_ncr,2025-10-20,28.525,77.125,0.0005057091604299009,0.1650418881747983
delhi_ncr,2025-10-20,28.525,77.175,0.0002359577752024651,0.20965632085440847
delhi_ncr,2025-10-20,28.525,77.225,0.00021401101931609655,0.26118133962359225
delhi_ncr,2025-10-20,28.525,77.275,0.0002755485095035642,0.27440933573085785
delhi_ncr,2025-10-20,28.525,77.325,0.0003694217987808632,0.2473445310560622
delhi_ncr,2025-10-20,28.525,77.375,0.00035572763397804234,0.2790717735935765
delhi_ncr,2025-10-20,28.525,77.425,0.0005220727066487226,0.2561845032994225
delhi_ncr,2025-10-20,28.525,77.475,0.0004061067561090553,0.24069900266433503
delhi_ncr,2025-10-20,28.525,77.525,0.00029014080556938814,0.22521350202924756
delhi_ncr,2025-10-20,28.575,76.825,0.00042828568482753884,0.16130138397299984
delhi_ncr,2025-10-20,28.575,76.875,0.0003409280924174436,0.1858013132436024
delhi_ncr,2025-10-20,28.575,76.925,0.0003409280924174436,0.1858013132436024
delhi_ncr,2025-10-20,28.575,77.075,0.0004485342570569265,0.20430852245472916
delhi_ncr,2025-10-20,28.575,77.125,0.0004485342570569265,0.20430852245472916
delhi_ncr,2025-10-20,28.575,77.175,0.000369090939191346,0.22569000088016244
delhi_ncr,2025-10-20,28.575,77.225,0.00035394895417955094,0.2559883045222993
delhi_ncr,2025-10-20,28.575,77.275,0.00038674236303264104,0.255729270608502
delhi_ncr,2025-10-20,28.575,77.325,0.00043998898721977895,0.23032478331054462
delhi_ncr,2025-10-20,28.575,77.375,0.00035572763397804234,0.2790717735935765
delhi_ncr,2025-10-20,28.575,77.425,0.0004962427264203561,0.25973842725814206
delhi_ncr,2025-10-20,28.575,77.475,0.00038665905011793104,0.23810205535286075
delhi_ncr,2025-10-20,28.575,77.525,0.00029014080556938814,0.22521350202924756
delhi_ncr,2025-10-20,28.625,76.825,0.0004140725963710993,0.1450322782018817
delhi_ncr,2025-10-20,28.625,76.875,0.00046089722380349726,0.17795922598401406
delhi_ncr,2025-10-20,28.625,76.925,0.0003844357822370203,0.23694597338983506
delhi_ncr,2025-10-20,28.625,76.975,0.00037478432209539617,0.24426572502117228
delhi_ncr,2025-10-20,28.625,77.075,0.000637455454954902,0.20565076879734015
delhi_ncr,2025-10-20,28.625,77.125,0.000631881692905117,0.20561116836176618
delhi_ncr,2025-10-20,28.625,77.175,0.0005828035887290478,0.20695592391890305
delhi_ncr,2025-10-20,28.625,77.225,0.000517279770550144,0.22437784011449693
delhi_ncr,2025-10-20,28.625,77.275,0.00038682670018027156,0.25568776108108004
delhi_ncr,2025-10-20,28.625,77.325,0.0004414901952373042,0.22945630244918025
delhi_ncr,2025-10-20,28.625,77.375,0.00035572763397804234,0.2790717735935765
delhi_ncr,2025-10-20,28.625,77.425,0.0004983091248386254,0.25945411334144447
delhi_ncr,2025-10-20,28.625,77.475,0.00035544235534433813,0.2580583565724396
delhi_ncr,2025-10-20,28.625,77.525,0.00032891132743385806,0.25840782300807125
delhi_ncr,2025-10-20,28.675,76.825,0.0003142944517607411,0.1480956274885402
delhi_ncr,2025-10-20,28.675,76.875,0.0003920801480255352,0.19699640864592557
delhi_ncr,2025-10-20,28.675,76.925,0.0003781858763448829,0.23628059948176028
delhi_ncr,2025-10-20,28.675,76.975,0.00037478432209539617,0.24426572502117228
delhi_ncr,2025-10-20,28.675,77.025,0.0006670277654226205,0.2488702196479812
delhi_ncr,2025-10-20,28.675,77.075,0.0006690294919253464,0.23839975120048115
delhi_ncr,2025-10-20,28.675,77.125,0.0006759732835123571,0.2005420813859557
delhi_ncr,2025-10-20,28.675,77.175,0.0006314260236924579,0.2019209717528242
delhi_ncr,2025-10-20,28.675,77.225,0.0006253536157683475,0.20212832568368902
delhi_ncr,2025-10-20,28.675,77.325,0.0005133014765505042,0.2470011334509963
delhi_ncr,2025-10-20,28.675,77.375,0.0005133014765505042,0.2470011334509963
delhi_ncr,2025-10-20,28.675,77.425,0.00047251975851952824,0.26866207723847363
delhi_ncr,2025-10-20,28.675,77.475,0.0003856399286199185,0.2674839336009711
delhi_ncr,2025-10-20,28.675,77.525,0.00035672342607136355,0.2655718412483814
delhi_ncr,2025-10-20,28.725,76.825,0.00028097168616817667,0.15243930496580962
delhi_ncr,2025-10-20,28.725,76.875,0.00034317558052046165,0.2099693340571267
delhi_ncr,2025-10-20,28.725,76.925,0.00026242054293539377,0.2646987551830098
delhi_ncr,2025-10-20,28.725,76.975,0.00023475814395926685,0.28498488333217653
delhi_ncr,2025-10-20,28.725,77.025,0.0006661791697821695,0.21756573813062047
delhi_ncr,2025-10-20,28.725,77.075,0.0006597753532400617,0.21328668811863347
delhi_ncr,2025-10-20,28.725,77.125,0.0006139424864483342,0.18231081780053282
delhi_ncr,2025-10-20,28.725,77.175,0.0005734770237332779,0.19116625167822404
delhi_ncr,2025-10-20,28.725,77.225,0.0005354985731559723,0.1988366752107403
delhi_ncr,2025-10-20,28.725,77.275,0.0004164714517530116,0.20565409495424422
delhi_ncr,2025-10-20,28.725,77.325,0.00039062112954927844,0.19626656826204825
delhi_ncr,2025-10-20,28.725,77.375,0.0005020771729782528,0.21367578540278606
delhi_ncr,2025-10-20,28.725,77.425,0.00044850972697693653,0.23299224114138067
delhi_ncr,2025-10-20,28.725,77.475,0.000401381597588631,0.24083867101707318
delhi_ncr,2025-10-20,28.725,77.525,0.0003733291730965974,0.236412357897582
delhi_ncr,2025-10-20,28.725,77.55,0.0003593497524713439,0.1754263096418738
delhi_ncr,2025-10-20,28.775,76.825,0.00044652093674567853,0.14414198611511816
delhi_ncr,2025-10-20,28.775,76.875,0.00048435592875024436,0.18936473505511206
delhi_ncr,2025-10-20,28.775,76.925,0.0002580125959584263,0.27607617386536926
delhi_ncr,2025-10-20,28.775,76.975,0.00023475814395926685,0.28498488333217653
delhi_ncr,2025-10-20,28.775,77.025,0.000663739457315873,0.12756535376820832
delhi_ncr,2025-10-20,28.775,77.075,0.0006366890119478567,0.12969928672008416
delhi_ncr,2025-10-20,28.775,77.125,0.00045635270949441557,0.14392550639925636
delhi_ncr,2025-10-20,28.775,77.175,0.0004416814935813637,0.15859576879443976
delhi_ncr,2025-10-20,28.775,77.225,0.00044992508641718406,0.19402177067084647
delhi_ncr,2025-10-20,28.775,77.275,0.00041530255614618893,0.20538322925216362
delhi_ncr,2025-10-20,28.775,77.325,0.0003549453614271494,0.1812859263161689
delhi_ncr,2025-10-20,28.775,77.375,0.0004692255527667852,0.11613818135924385
delhi_ncr,2025-10-20,28.775,77.425,0.00038051385031350143,0.12892738306711277
delhi_ncr,2025-10-20,28.775,77.475,0.00037510097173269074,0.16414415887367248
delhi_ncr,2025-10-20,28.775,77.525,0.0003751247226465726,0.18357225097272248
delhi_ncr,2025-10-20,28.775,77.55,0.00032723018429613344,0.15761266283822484
delhi_ncr,2025-10-20,28.825,76.825,0.0005691739500228078,0.13945953661089655
delhi_ncr,2025-10-20,28.825,76.875,0.00046695465124045984,0.15874525011480153
delhi_ncr,2025-10-20,28.825,76.925,0.0004228682919319374,0.2230649796470999
delhi_ncr,2025-10-20,28.825,76.975,0.0006027810437972443,0.23961653102316216
delhi_ncr,2025-10-20,28.825,77.025,0.0005598456130686058,0.19585506758079793
delhi_ncr,2025-10-20,28.825,77.075,0.000347748694250424,0.1204316455109835
delhi_ncr,2025-10-20,28.825,77.125,0.0004273507217159726,0.12794709411048896
delhi_ncr,2025-10-20,28.825,77.175,0.0004744937653991002,0.14214232622306824
delhi_ncr,2025-10-20,28.825,77.225,0.00046076202381984554,0.14793638852246668
delhi_ncr,2025-10-20,28.825,77.275,0.00039357609156791365,0.14305678245381284
delhi_ncr,2025-10-20,28.825,77.325,0.000302804131626184,0.12736389406034052
delhi_ncr,2025-10-20,28.825,77.375,0.00035565853650152996,0.10178213433375946
delhi_ncr,2025-10-20,28.825,77.425,0.0004527991760193754,0.11302986379124949
delhi_ncr,2025-10-20,28.825,77.475,0.00043936211299650056,0.13955524053316487
delhi_ncr,2025-10-20,28.825,77.525,0.00037691313180087825,0.15132945629873948
delhi_ncr,2025-10-20,28.875,76.825,0.0004190165909231778,0.11785593323187739
delhi_ncr,2025-10-20,28.875,76.875,0.00042658329784195793,0.1286048920768282
delhi_ncr,2025-10-20,28.875,76.925,0.0003850199360588043,0.15537645922255727
delhi_ncr,2025-10-20,28.875,76.975,0.000507928345057837,0.15669545299649956
delhi_ncr,2025-10-20,28.875,77.025,0.0005221950234852484,0.13758904006546505
delhi_ncr,2025-10-20,28.875,77.075,0.00042567006641082075,0.10840943138193877
delhi_ncr,2025-10-20,28.875,77.125,0.0003605183245180116,0.11369009792375595
delhi_ncr,2025-10-20,28.875,77.175,0.00023501977297359054,0.1321951779006383
delhi_ncr,2025-10-20,28.875,77.225,0.0003774003672005234,0.14190482499078735
delhi_ncr,2025-10-20,28.875,77.275,0.0004532791973995709,0.14111230908563022
delhi_ncr,2025-10-20,28.875,77.325,0.00039024998589449696,0.12905705811135967
delhi_ncr,2025-10-20,28.875,77.375,0.00023939725688712051,0.1054742309625196
delhi_ncr,2025-10-20,28.875,77.425,0.00028882071085256455,0.10385305962176872
delhi_ncr,2025-10-20,28.875,77.475,0.00047706557951724456,0.11064565912666408
delhi_ncr,2025-10-20,28.875,77.525,0.0005042687337925884,0.12207639920744044
delhi_ncr,2025-10-20,28.875,77.55,0.0002981062435286379,0.13707328004396166
delhi_ncr,2025-10-21,28.375,76.925,0.0002600651930436602,0.2932850703556842
delhi_ncr,2025-10-21,28.375,76.975,0.0002602255497782811,0.29326378849267853
delhi_ncr,2025-10-21,28.375,77.075,0.0002855561541848613,0.29239561226386396
delhi_ncr,2025-10-21,28.375,77.125,0.0002855561541848613,0.29239561226386396
delhi_ncr,2025-10-21,28.375,77.175,0.0002855561541848613,0.29239561226386396
delhi_ncr,2025-10-21,28.375,77.325,0.00023461101969283056,0.2904569560977624
delhi_ncr,2025-10-21,28.375,77.375,0.00023460828481295558,0.29047949815774127
delhi_ncr,2025-10-21,28.375,77.425,0.00020292806968483132,0.25739602666607564
delhi_ncr,2025-10-21,28.375,77.475,0.00022502983091047838,0.25146380758116516
delhi_ncr,2025-10-21,28.375,77.525,0.00024465542029691254,0.25131569681151933
delhi_ncr,2025-10-21,28.425,76.825,0.0004424563577933767,0.29700113943985534
delhi_ncr,2025-10-21,28.425,76.875,0.0004424563577933767,0.29700113943985534
delhi_ncr,2025-10-21,28.425,76.925,0.0002714773521194789,0.294789118584368
delhi_ncr,2025-10-21,28.425,76.975,0.0002507526241590064,0.294520994844309
delhi_ncr,2025-10-21,28.425,77.075,0.0002855561541848613,0.29239561226386396
delhi_ncr,2025-10-21,28.425,77.125,0.0002855561541848613,0.29239561226386396
delhi_ncr,2025-10-21,28.425,77.175,0.000185935770901651,0.2960636385103768
delhi_ncr,2025-10-21,28.425,77.225,0.00017429182999841863,0.2964923688508783
delhi_ncr,2025-10-21,28.425,77.325,0.00023471263099895297,0.2896194318693175
delhi_ncr,2025-10-21,28.425,77.375,0.00023471263099895297,0.2896194318693175
delhi_ncr,2025-10-21,28.425,77.425,0.00026394408722446334,0.2713527709643914
delhi_ncr,2025-10-21,28.425,77.475,0.0002476787267039787,0.264944835697572
delhi_ncr,2025-10-21,28.425,77.525,0.00021968605007366263,0.25753384922727496
delhi_ncr,2025-10-21,28.475,76.825,0.00041179886694440115,0.2613014107563683
delhi_ncr,2025-10-21,28.475,76.875,0.0004540863885783132,0.2806530709280144
delhi_ncr,2025-10-21,28.475,76.925,0.0004540863885783132,0.28065307092801434
delhi_ncr,2025-10-21,28.475,77.175,0.0001673116248850227,0.2951826190516534
delhi_ncr,2025-10-21,28.475,77.225,0.00016748326927305704,0.29521482601392945
delhi_ncr,2025-10-21,28.475,77.425,0.000314131743524696,0.2778567954411082
delhi_ncr,2025-10-21,28.475,77.475,0.0003169656210719232,0.28300553206341317
delhi_ncr,2025-10-21,28.475,77.525,0.00032409128955606205,0.29566067235484683
delhi_ncr,2025-10-21,28.525,76.825,0.0004005971357308407,0.24725998506933283
delhi_ncr,2025-10-21,28.525,76.875,0.00048316146554065455,0.2397828996484119
delhi_ncr,2025-10-21,28.525,76.925,0.00048316146554065455,0.2397828996484119
delhi_ncr,2025-10-21,28.525,77.125,0.0002373396169746525,0.2850557988610453
delhi_ncr,2025-10-21,28.525,77.175,0.00015334112351953066,0.2918912506122126
delhi_ncr,2025-10-21,28.525,77.225,0.0001518721023061956,0.29189842428418805
delhi_ncr,2025-10-21,28.525,77.425,0.00026019080395456166,0.25961568355374576
delhi_ncr,2025-10-21,28.525,77.475,0.0002972034832610485,0.28050696935361225
delhi_ncr,2025-10-21,28.525,77.525,0.00032409128955606205,0.29566067235484683
delhi_ncr,2025-10-21,28.575,77.075,0.0002373396169746525,0.2850557988610453
delhi_ncr,2025-10-21,28.575,77.125,0.0002373396169746525,0.2850557988610453
delhi_ncr,2025-10-21,28.575,77.175,0.00026815985028641226,0.2905323870940383
delhi_ncr,2025-10-21,28.575,77.225,0.00027253151458595264,0.2913092081199947
delhi_ncr,2025-10-21,28.575,77.425,0.00019495741675579946,0.25694086325458887
delhi_ncr,2025-10-21,28.575,77.475,0.00019495741675579946,0.25694086325458887
delhi_ncr,2025-10-21,28.625,76.825,0.0002257398648567784,0.2653299141222606
delhi_ncr,2025-10-21,28.625,76.875,0.00027510789927140525,0.2703245916273206
delhi_ncr,2025-10-21,28.625,76.925,0.00026766151258129537,0.2700365535158283
delhi_ncr,2025-10-21,28.625,76.975,0.0002495745637371744,0.28628079647562144
delhi_ncr,2025-10-21,28.625,77.025,0.00024002542009835182,0.29523055161301676
delhi_ncr,2025-10-21,28.625,77.075,0.0002641684456577433,0.28748980404145824
delhi_ncr,2025-10-21,28.625,77.125,0.00026337691189224835,0.28741799332961376
delhi_ncr,2025-10-21,28.625,77.175,0.0002692843475897418,0.28987436147710655
delhi_ncr,2025-10-21,28.625,77.225,0.00027253151458595264,0.2913092081199947
delhi_ncr,2025-10-21,28.625,77.425,0.00019495741675579946,0.25694086325458887
delhi_ncr,2025-10-21,28.625,77.475,0.00019495741675579946,0.25694086325458887
delhi_ncr,2025-10-21,28.675,76.825,0.0002455881901553825,0.2746095683166041
delhi_ncr,2025-10-21,28.675,76.875,0.00027510789927140525,0.2703245916273206
delhi_ncr,2025-10-21,28.675,76.925,0.00027233053491291625,0.2771018120041595
delhi_ncr,2025-10-21,28.675,76.975,0.0002375532660968162,0.28324866672999743
delhi_ncr,2025-10-21,28.675,77.025,0.00021867742253836074,0.2863925158096988
delhi_ncr,2025-10-21,28.675,77.075,0.000270875652828516,0.2880983053365615
delhi_ncr,2025-10-21,28.675,77.125,0.000270875652828516,0.2880983053365615
delhi_ncr,2025-10-21,28.675,77.175,0.000270875652828516,0.2880983053365615
delhi_ncr,2025-10-21,28.675,77.325,0.00032748398258560706,0.28636501804896347
delhi_ncr,2025-10-21,28.675,77.375,0.00032748398258560706,0.28636501804896347
delhi_ncr,2025-10-21,28.675,77.425,0.00032748398258560706,0.28636501804896347
delhi_ncr,2025-10-21,28.725,76.825,0.00023756072161897497,0.28394013285067293
delhi_ncr,2025-10-21,28.725,76.875,0.00016897077510825251,0.29512311636625876
delhi_ncr,2025-10-21,28.725,76.925,0.0002741830500891433,0.28464580022231273
delhi_ncr,2025-10-21,28.725,76.975,0.0002221677634464717,0.27991718415241607
delhi_ncr,2025-10-21,28.725,77.025,0.00019995748928748397,0.2781243837375408
delhi_ncr,2025-10-21,28.725,77.325,0.00032748398258560706,0.28636501804896347
delhi_ncr,2025-10-21,28.725,77.375,0.00032748398258560706,0.28636501804896347
delhi_ncr,2025-10-21,28.725,77.425,0.00030790224655765177,0.29157516052335775
delhi_ncr,2025-10-21,28.725,77.475,0.00029783163945756045,0.29425466236733194
delhi_ncr,2025-10-21,28.775,76.825,0.00016132847858141394,0.2814742111262009
delhi_ncr,2025-10-21,28.775,76.875,0.00016897077510825251,0.29512311636625876
delhi_ncr,2025-10-21,28.775,76.925,0.00016897077510825251,0.29512311636625876
delhi_ncr,2025-10-21,28.775,76.975,0.00020389126789758749,0.2782400787597862
delhi_ncr,2025-10-21,28.775,77.025,0.00020389126789758749,0.2782400787597862
delhi_ncr,2025-10-21,28.775,77.425,0.00029783163945756045,0.29425466236733194
delhi_ncr,2025-10-21,28.775,77.475,0.00029783163945756045,0.29425466236733194
delhi_ncr,2025-10-21,28.825,76.825,0.00023061072627380343,0.2944793055045877
delhi_ncr,2025-10-21,28.825,76.875,0.0002433809918754718,0.2935652958055747
delhi_ncr,2025-10-21,28.825,76.925,0.0002433809918754718,0.2935652958055747
delhi_ncr,2025-10-21,28.825,76.975,0.00017363094920853697,0.2896306210431098
delhi_ncr,2025-10-21,28.825,77.025,0.00017363094920853697,0.2896306210431098
delhi_ncr,2025-10-21,28.825,77.225,0.0002704111639149089,0.2791327058414767
delhi_ncr,2025-10-21,28.825,77.275,0.0002704111639149089,0.2791327058414767
delhi_ncr,2025-10-21,28.875,76.825,0.00023043572633778056,0.2944918308226852
delhi_ncr,2025-10-21,28.875,76.875,0.0002433809918754718,0.2935652958055747
delhi_ncr,2025-10-21,28.875,76.925,0.0002433809918754718,0.2935652958055747
delhi_ncr,2025-10-21,28.875,76.975,0.00018591239333402035,0.2575190553125862
delhi_ncr,2025-10-21,28.875,77.025,0.00018586844965639142,0.2576339522480121
delhi_ncr,2025-10-21,28.875,77.225,0.0002704111639149089,0.2791327058414767
delhi_ncr,2025-10-21,28.875,77.275,0.0002005663674721182,0.2583201460677422
delhi_ncr,2025-10-21,28.875,77.325,0.00015833463008810525,0.24573580759990268
delhi_ncr,2025-10-21,28.875,77.525,0.00025561524525829316,0.2742882951363767
delhi_ncr,2025-10-21,28.875,77.55,0.00025561524525829316,0.2742882951363767
delhi_ncr,2025-10-22,28.425,76.825,0.00026093532047051043,0.2796899184226648
delhi_ncr,2025-10-22,28.425,76.875,0.00036208737750890004,0.2848638086559049
delhi_ncr,2025-10-22,28.425,76.925,0.00036208737750890004,0.2848638086559049
delhi_ncr,2025-10-22,28.475,76.825,0.00024609092479889715,0.27602209999363025
delhi_ncr,2025-10-22,28.475,76.875,0.0003458827891540525,0.2810145841809778
delhi_ncr,2025-10-22,28.475,76.925,0.00027149685952076275,0.29433494164892116
delhi_ncr,2025-10-22,28.475,76.975,0.00024670154964299946,0.2987750608049023
delhi_ncr,2025-10-22,28.525,76.825,0.0002140322808119215,0.2666992334350994
delhi_ncr,2025-10-22,28.525,76.875,0.0003056804730469695,0.27107450866927413
delhi_ncr,2025-10-22,28.525,76.925,0.00025189563214366546,0.2958346873063386
delhi_ncr,2025-10-22,28.525,76.975,0.00024672156016474416,0.2983993918008209
delhi_ncr,2025-10-22,28.575,76.825,0.0003439481212063343,0.2558068898931177
delhi_ncr,2025-10-22,28.575,76.875,0.0003177375094683719,0.25871095001822053
delhi_ncr,2025-10-22,28.575,76.925,0.0002543359932651445,0.27596492764235697
delhi_ncr,2025-10-22,28.575,76.975,0.0002478221388607034,0.2777375965763436
delhi_ncr,2025-10-22,28.625,76.825,0.0003696673864084458,0.25191034416797686
delhi_ncr,2025-10-22,28.625,76.875,0.0003025384548609058,0.2546681841820182
delhi_ncr,2025-10-22,28.625,76.925,0.0002168088907937583,0.2694197797661256
delhi_ncr,2025-10-22,28.625,76.975,0.000192487950840836,0.273819400317844
delhi_ncr,2025-10-22,28.625,77.025,0.0001816219579034509,0.275978962514767
delhi_ncr,2025-10-22,28.675,76.825,0.0004474391765241147,0.2510063580859021
delhi_ncr,2025-10-22,28.675,76.875,0.00026166637114374304,0.25333318339826616
delhi_ncr,2025-10-22,28.675,76.925,0.00021350097086284898,0.26320831715945225
delhi_ncr,2025-10-22,28.675,76.975,0.00019891244816218394,0.27017021056053714
delhi_ncr,2025-10-22,28.675,77.025,0.00019358032484321952,0.27343577460727075
delhi_ncr,2025-10-22,28.725,76.825,0.00043263758977231067,0.2497328115089733
delhi_ncr,2025-10-22,28.725,76.875,0.00021422430335027928,0.2508758123002185
delhi_ncr,2025-10-22,28.725,76.925,0.000249894054725801,0.2549752126738014
delhi_ncr,2025-10-22,28.725,76.975,0.00022413256776297085,0.26220176649226307
delhi_ncr,2025-10-22,28.725,77.025,0.00021557555859111233,0.2687952516941758
delhi_ncr,2025-10-22,28.725,77.075,0.000257009909958794,0.2862819079818935
delhi_ncr,2025-10-22,28.775,76.825,0.00019348305268324513,0.2453746107610593
delhi_ncr,2025-10-22,28.775,76.875,0.00017574881726314766,0.24415297603516753
delhi_ncr,2025-10-22,28.775,76.925,0.00033479597403714904,0.24245341116247496
delhi_ncr,2025-10-22,28.775,76.975,0.00026672454165213816,0.24793433680711005
delhi_ncr,2025-10-22,28.775,77.025,0.00023462329265259456,0.2646925685890143
delhi_ncr,2025-10-22,28.775,77.075,0.000257009909958794,0.2862819079818935
delhi_ncr,2025-10-22,28.825,76.825,0.0002018206223724828,0.23795563496056446
delhi_ncr,2025-10-22,28.825,76.875,0.00021568926221203773,0.23796493869124313
delhi_ncr,2025-10-22,28.825,76.925,0.0003420477603311698,0.23428346370441205
delhi_ncr,2025-10-22,28.825,76.975,0.00024727436593457286,0.23797154201240864
delhi_ncr,2025-10-22,28.825,77.025,0.00020162920052914924,0.25311875740269846
delhi_ncr,2025-10-22,28.825,77.075,0.00022249402297105732,0.273214300779541
delhi_ncr,2025-10-22,28.875,76.825,0.000248861387935285,0.2176176528534182
delhi_ncr,2025-10-22,28.875,76.875,0.00028648471824244993,0.21769387282155495
delhi_ncr,2025-10-22,28.875,76.925,0.00023205911431754643,0.22140500388914247
delhi_ncr,2025-10-22,28.875,76.975,0.00020389809142376257,0.22685555600613905
delhi_ncr,2025-10-22,28.875,77.025,0.000201983030378714,0.24378876845023234
delhi_ncr,2025-10-22,28.875,77.075,0.00021757147014332827,0.26612860737008137
delhi_ncr,2025-10-23,28.375,76.825,0.000225972807255667,0.22650216260681197
delhi_ncr,2025-10-23,28.375,76.875,0.00022198250414090122,0.22641325832404252
delhi_ncr,2025-10-23,28.375,76.925,0.00018422016148497152,0.2290189443185419
delhi_ncr,2025-10-23,28.375,76.975,0.00017998822146618638,0.2286199238820509
delhi_ncr,2025-10-23,28.375,77.025,0.00018844526450916525,0.22683858250218245
delhi_ncr,2025-10-23,28.375,77.075,0.00022003375804573075,0.22473087506308376
delhi_ncr,2025-10-23,28.375,77.125,0.0003390833493241861,0.22567964852643851
delhi_ncr,2025-10-23,28.375,77.175,0.00018184498281360306,0.22434741942489383
delhi_ncr,2025-10-23,28.375,77.225,0.0003010270966222289,0.23686577950680038
delhi_ncr,2025-10-23,28.375,77.275,0.0003820892209627887,0.24537517965192127
delhi_ncr,2025-10-23,28.375,77.325,0.0003764085363792877,0.24725522962901564
delhi_ncr,2025-10-23,28.375,77.375,0.00041356110121478905,0.2532761238297473
delhi_ncr,2025-10-23,28.375,77.425,0.00035676455928388985,0.25318416683519024
delhi_ncr,2025-10-23,28.375,77.475,0.0003017732240007941,0.2464098219879201
delhi_ncr,2025-10-23,28.375,77.525,0.0002688570790131347,0.23626148308712022
delhi_ncr,2025-10-23,28.375,77.55,0.0003230303758012747,0.2230783946505785
delhi_ncr,2025-10-23,28.425,76.825,0.00022657832439033424,0.22265599658544433
delhi_ncr,2025-10-23,28.425,76.875,0.00021721780157174425,0.2234497668541888
delhi_ncr,2025-10-23,28.425,76.925,0.00028522759104719685,0.2285611443034298
delhi_ncr,2025-10-23,28.425,76.975,0.00030011785139203015,0.22963228205764183
delhi_ncr,2025-10-23,28.425,77.025,0.0003088781184879098,0.23080510649991373
delhi_ncr,2025-10-23,28.425,77.075,0.0003162725729257616,0.23195544582271593
delhi_ncr,2025-10-23,28.425,77.125,0.00030633142065533475,0.2306615484924785
delhi_ncr,2025-10-23,28.425,77.175,0.00022187705459756179,0.23125730746314963
delhi_ncr,2025-10-23,28.425,77.225,0.0003300060688609345,0.2383168352117742
delhi_ncr,2025-10-23,28.425,77.275,0.0003980998315334052,0.24300288086556057
delhi_ncr,2025-10-23,28.425,77.325,0.00038813846210521754,0.24424432544280367
delhi_ncr,2025-10-23,28.425,77.375,0.00040148496756198433,0.25021734916824995
delhi_ncr,2025-10-23,28.425,77.425,0.0003336970663254461,0.25050381876855865
delhi_ncr,2025-10-23,28.425,77.475,0.00028663602559154044,0.2450520263554893
delhi_ncr,2025-10-23,28.425,77.525,0.0002536864161952243,0.2382634219949384
delhi_ncr,2025-10-23,28.425,77.55,0.00023585704316729598,0.23180335862732832
delhi_ncr,2025-10-23,28.475,76.825,0.00024213026875075807,0.21813869893456994
delhi_ncr,2025-10-23,28.475,76.875,0.00025691497202877053,0.2197112920961157
delhi_ncr,2025-10-23,28.475,76.925,0.0003255866117901528,0.22633377318342704
delhi_ncr,2025-10-23,28.475,76.975,0.000377378228583219,0.228745969661036
delhi_ncr,2025-10-23,28.475,77.025,0.00039008113668050694,0.23262283948736853
delhi_ncr,2025-10-23,28.475,77.075,0.00035959353072236304,0.2369652948122308
delhi_ncr,2025-10-23,28.475,77.125,0.00027393857703302585,0.2351974865200707
delhi_ncr,2025-10-23,28.475,77.175,0.00025706060648063176,0.23851975628079175
delhi_ncr,2025-10-23,28.475,77.225,0.00033499502113236706,0.24119660030875514
delhi_ncr,2025-10-23,28.475,77.275,0.00037836201215098587,0.2426204206741508
delhi_ncr,2025-10-23,28.475,77.325,0.00036403353411314053,0.2430821459965432
delhi_ncr,2025-10-23,28.475,77.375,0.00033557717108926704,0.24699721999299487
delhi_ncr,2025-10-23,28.475,77.425,0.0002965471079793127,0.24718080008678783
delhi_ncr,2025-10-23,28.475,77.475,0.00025376101057539063,0.24289169119635234
delhi_ncr,2025-10-23,28.475,77.525,0.00023843792028602505,0.2386416525323963
delhi_ncr,2025-10-23,28.475,77.55,0.0002663852854877247,0.2352022559010797
delhi_ncr,2025-10-23,28.525,76.825,0.0002636658305285792,0.21535196334485546
delhi_ncr,2025-10-23,28.525,76.875,0.00029155576034390116,0.21825711214492613
delhi_ncr,2025-10-23,28.525,76.925,0.0002156736579464699,0.22431363497693663
delhi_ncr,2025-10-23,28.525,76.975,0.0003463108962500534,0.22726214952844298
delhi_ncr,2025-10-23,28.525,77.025,0.0003824529658781142,0.23221709225665726
delhi_ncr,2025-10-23,28.525,77.075,0.0003179537979606173,0.23812056939588475
delhi_ncr,2025-10-23,28.525,77.125,0.000294024612210211,0.2383800081266728
delhi_ncr,2025-10-23,28.525,77.175,0.00021909006884055497,0.24325196507628075
delhi_ncr,2025-10-23,28.525,77.225,0.0003069239995239605,0.2444284875996499
delhi_ncr,2025-10-23,28.525,77.275,0.00036013689608180153,0.24482985636318513
delhi_ncr,2025-10-23,28.525,77.325,0.00034636060324507904,0.24501342113721158
delhi_ncr,2025-10-23,28.525,77.375,0.0003594042741385338,0.24549736570955286
delhi_ncr,2025-10-23,28.525,77.425,0.00034723877019974674,0.2445707521546846
delhi_ncr,2025-10-23,28.525,77.475,0.00024527679742991507,0.24064842248962698
delhi_ncr,2025-10-23,28.525,77.525,0.0002124624081813839,0.2363008920543762
delhi_ncr,2025-10-23,28.525,77.55,0.00033634270800418094,0.22889285794400333
delhi_ncr,2025-10-23,28.575,76.825,0.00031826632395462023,0.21111576546456756
delhi_ncr,2025-10-23,28.575,76.875,0.00022849792688780764,0.2186243127489928
delhi_ncr,2025-10-23,28.575,76.925,0.0002564819751791247,0.22064958661480163
delhi_ncr,2025-10-23,28.575,76.975,0.00028863681601846476,0.22621203778168486
delhi_ncr,2025-10-23,28.575,77.025,0.00030830299274642493,0.23432440526943799
delhi_ncr,2025-10-23,28.575,77.075,0.0003273530146401245,0.24333904585978142
delhi_ncr,2025-10-23,28.575,77.125,0.0004168268148511331,0.2497413809598311
delhi_ncr,2025-10-23,28.575,77.175,0.0004296973753651769,0.2520612640297783
delhi_ncr,2025-10-23,28.575,77.225,0.0004469900083781313,0.2519283563404621
delhi_ncr,2025-10-23,28.575,77.275,0.0004188059328580553,0.2508267093085044
delhi_ncr,2025-10-23,28.575,77.325,0.0003496970309924835,0.24904648509540075
delhi_ncr,2025-10-23,28.575,77.375,0.0003328758558913986,0.2459866880116622
delhi_ncr,2025-10-23,28.575,77.425,0.0004052176385000268,0.23743943230261333
delhi_ncr,2025-10-23,28.575,77.475,0.0004852844171150938,0.23286933930342935
delhi_ncr,2025-10-23,28.575,77.525,0.00048521383517961467,0.22875457786646075
delhi_ncr,2025-10-23,28.625,76.825,0.00025787838411890537,0.20859146473347848
delhi_ncr,2025-10-23,28.625,76.875,0.00019742317360996276,0.21256690030494693
delhi_ncr,2025-10-23,28.625,76.925,0.00018053725479174693,0.2175413368455161
delhi_ncr,2025-10-23,28.625,76.975,0.00022252372742916042,0.2262679053729995
delhi_ncr,2025-10-23,28.625,77.025,0.0002587192429104385,0.2337802662096439
delhi_ncr,2025-10-23,28.625,77.075,0.0002688188249477318,0.23984897804762267
delhi_ncr,2025-10-23,28.625,77.125,0.00021686717247819263,0.2490756395173154
delhi_ncr,2025-10-23,28.625,77.175,0.00023153610488858514,0.2496196670351902
delhi_ncr,2025-10-23,28.625,77.225,0.0004143754661688404,0.2510273065793727
delhi_ncr,2025-10-23,28.625,77.275,0.00046552448421284455,0.2509630175400335
delhi_ncr,2025-10-23,28.625,77.325,0.0003487959371408081,0.24878882399816277
delhi_ncr,2025-10-23,28.625,77.375,0.00030291121498125296,0.24358637764651658
delhi_ncr,2025-10-23,28.625,77.425,0.00030627677156700817,0.2376087036820812
delhi_ncr,2025-10-23,28.625,77.475,0.00035270604494252534,0.23483479539993368
delhi_ncr,2025-10-23,28.625,77.525,0.0003679497380896684,0.23249871423446028
delhi_ncr,2025-10-23,28.625,77.55,0.0003538328849390575,0.22825313080637355
delhi_ncr,2025-10-23,28.675,76.825,0.00020272045113170226,0.2062746334715724
delhi_ncr,2025-10-23,28.675,76.875,0.00017934336539912542,0.20830841645622658
delhi_ncr,2025-10-23,28.675,76.925,0.0001639118315532839,0.2164718594592114
delhi_ncr,2025-10-23,28.675,76.975,0.00018529600651217393,0.22401061719811016
delhi_ncr,2025-10-23,28.675,77.025,0.00021890315905089962,0.23059639660510386
delhi_ncr,2025-10-23,28.675,77.075,0.00023861623899462838,0.2366294118153819
delhi_ncr,2025-10-23,28.675,77.125,0.0001433984792873958,0.24678568866602052
delhi_ncr,2025-10-23,28.675,77.175,0.00017477899427290787,0.24699220708950945
delhi_ncr,2025-10-23,28.675,77.225,0.0003969107324943541,0.2486750296811553
delhi_ncr,2025-10-23,28.675,77.275,0.0004563873229891021,0.2493443869094709
delhi_ncr,2025-10-23,28.675,77.325,0.00031010229773243255,0.24798953054116474
delhi_ncr,2025-10-23,28.675,77.375,0.0002477189027198195,0.24150714873499543
delhi_ncr,2025-10-23,28.675,77.425,0.00022355612426915936,0.23810479899264558
delhi_ncr,2025-10-23,28.675,77.475,0.0002722218155741578,0.2359975592815763
delhi_ncr,2025-10-23,28.675,77.525,0.000289779412673121,0.234421345718321
delhi_ncr,2025-10-23,28.675,77.55,0.00025094974916392804,0.23327393091380072
delhi_ncr,2025-10-23,28.725,76.825,0.00019560463966864994,0.2038062273131052
delhi_ncr,2025-10-23,28.725,76.875,0.0002176967994914051,0.20465704538492802
delhi_ncr,2025-10-23,28.725,76.925,0.00021883495354213647,0.2143629616800137
delhi_ncr,2025-10-23,28.725,76.975,0.00022418118031091737,0.21881615170804808
delhi_ncr,2025-10-23,28.725,77.025,0.0002470688228808185,0.22445041509545657
delhi_ncr,2025-10-23,28.725,77.075,0.0002683150153638078,0.23172766572295303
delhi_ncr,2025-10-23,28.725,77.125,0.0001874105217036541,0.24172239607320123
delhi_ncr,2025-10-23,28.725,77.175,0.0002280989255890947,0.24255166543947382
delhi_ncr,2025-10-23,28.725,77.225,0.0003854384932165437,0.24390261312599265
delhi_ncr,2025-10-23,28.725,77.275,0.0004070963210150023,0.24513528265371987
delhi_ncr,2025-10-23,28.725,77.325,0.0002716561820733858,0.24511686495882476
delhi_ncr,2025-10-23,28.725,77.375,0.0002440210320476771,0.23849609838471186
delhi_ncr,2025-10-23,28.725,77.425,0.00022112769411951097,0.23731167892333893
delhi_ncr,2025-10-23,28.725,77.475,0.0002675545367976696,0.23417095586862197
delhi_ncr,2025-10-23,28.725,77.525,0.000270686323757019,0.23212574620216378
delhi_ncr,2025-10-23,28.725,77.55,0.00022391890168161637,0.22973058957856118
delhi_ncr,2025-10-23,28.775,76.825,0.00028127079053761754,0.20101698046946986
delhi_ncr,2025-10-23,28.775,76.875,0.0003550637161815379,0.20088475839601339
delhi_ncr,2025-10-23,28.775,76.925,0.0003667635502310305,0.2085834546502425
delhi_ncr,2025-10-23,28.775,76.975,0.00038772905864297894,0.209996952510494
delhi_ncr,2025-10-23,28.775,77.025,0.00039912884615464126,0.21498705029336754
delhi_ncr,2025-10-23,28.775,77.075,0.00039479327398037983,0.22368385989861647
delhi_ncr,2025-10-23,28.775,77.125,0.00035990529160665223,0.23267417974992172
delhi_ncr,2025-10-23,28.775,77.175,0.0003813631665388256,0.23486463613745573
delhi_ncr,2025-10-23,28.775,77.225,0.00037121537745722475,0.23567222042772715
delhi_ncr,2025-10-23,28.775,77.275,0.00032402460795113666,0.23724048936830755
delhi_ncr,2025-10-23,28.775,77.325,0.0002654629517778172,0.23887940921031203
delhi_ncr,2025-10-23,28.775,77.375,0.0003612688039147995,0.23350081553954533
delhi_ncr,2025-10-23,28.775,77.425,0.0003633103446276828,0.23392123435761264
delhi_ncr,2025-10-23,28.775,77.475,0.0003667741781844983,0.22732058518657536
delhi_ncr,2025-10-23,28.775,77.525,0.00033491574798640803,0.2232630548517408
delhi_ncr,2025-10-23,28.775,77.55,0.00032632910471722305,0.21916167151359234
delhi_ncr,2025-10-23,28.825,76.825,0.00036199402068082617,0.1998315052592548
delhi_ncr,2025-10-23,28.825,76.875,0.00019752680999328586,0.1994237913157662
delhi_ncr,2025-10-23,28.825,76.925,0.0001286321848566891,0.20506643198560548
delhi_ncr,2025-10-23,28.825,76.975,0.00010864751260526565,0.2059724661328212
delhi_ncr,2025-10-23,28.825,77.025,0.00017087817381082732,0.2118625940596311
delhi_ncr,2025-10-23,28.825,77.075,0.00028359873357734495,0.22159581679850646
delhi_ncr,2025-10-23,28.825,77.125,0.00031635691212962124,0.22725583270414063
delhi_ncr,2025-10-23,28.825,77.175,0.0002947389646752013,0.23137333883848574
delhi_ncr,2025-10-23,28.825,77.225,0.00028547459496143296,0.23385729342815068
delhi_ncr,2025-10-23,28.825,77.275,0.0003047970118855383,0.2354759136151118
delhi_ncr,2025-10-23,28.825,77.325,0.0003382607699694555,0.23535602025031568
delhi_ncr,2025-10-23,28.825,77.375,0.00026808687895958665,0.22736885951993668
delhi_ncr,2025-10-23,28.825,77.425,0.00025945007225557635,0.22807961921719988
delhi_ncr,2025-10-23,28.825,77.475,0.00016369694165280812,0.2199774855167005
delhi_ncr,2025-10-23,28.825,77.525,0.00019223195442052255,0.21395135892567954
delhi_ncr,2025-10-23,28.875,76.825,0.0002114798653538801,0.19502973487627226
delhi_ncr,2025-10-23,28.875,76.875,0.00013720574208600124,0.19637756240756174
delhi_ncr,2025-10-23,28.875,76.925,0.0001968745682692054,0.19981582472109938
delhi_ncr,2025-10-23,28.875,76.975,0.00023236029099047434,0.20143519523325537
delhi_ncr,2025-10-23,28.875,77.025,0.00025087025285572913,0.20846447773895885
delhi_ncr,2025-10-23,28.875,77.075,0.00026712370353706316,0.2194171641916887
delhi_ncr,2025-10-23,28.875,77.125,0.0003438343957234466,0.22637232769302548
delhi_ncr,2025-10-23,28.875,77.175,0.00040645816477839525,0.2305960631271242
delhi_ncr,2025-10-23,28.875,77.225,0.00032532834210012703,0.23287907005796105
delhi_ncr,2025-10-23,28.875,77.275,0.00024609092906566676,0.2312323474787936
delhi_ncr,2025-10-23,28.875,77.325,0.00019938266961331522,0.22600718229314573
delhi_ncr,2025-10-23,28.875,77.375,0.00013449938178624013,0.22160217335703958
delhi_ncr,2025-10-23,28.875,77.425,0.00017549795893967427,0.21831465772095593
delhi_ncr,2025-10-23,28.875,77.475,0.0002319628018403676,0.21222063360420634
delhi_ncr,2025-10-23,28.875,77.525,0.0002886061264055983,0.20634322365750946
delhi_ncr,2025-10-23,28.875,77.55,0.0003509697789527541,0.20606096033105736
delhi_ncr,2025-10-24,28.375,76.825,0.00014814097503965877,0.12004622872210197
delhi_ncr,2025-10-24,28.375,76.875,0.00018638383638563155,0.12044112655236096
delhi_ncr,2025-10-24,28.375,76.925,0.00017795598854705233,0.11961927388438283
delhi_ncr,2025-10-24,28.375,76.975,0.00013082725774700738,0.11616366249240233
delhi_ncr,2025-10-24,28.375,77.025,5.592377621517108e-05,0.110962577155843
delhi_ncr,2025-10-24,28.375,77.075,7.851612285002452e-06,0.10488327835877213
delhi_ncr,2025-10-24,28.375,77.125,0.0002143225821970974,0.0999906288370592
delhi_ncr,2025-10-24,28.375,77.175,0.00022357944195672665,0.09985734058291311
delhi_ncr,2025-10-24,28.375,77.225,0.0003648941969845898,0.11224354709240462
delhi_ncr,2025-10-24,28.375,77.275,0.0004735430873206408,0.12642131255134353
delhi_ncr,2025-10-24,28.375,77.325,0.0005086359888835339,0.1394623272323232
delhi_ncr,2025-10-24,28.375,77.375,0.00044724870441546235,0.1505485120548365
delhi_ncr,2025-10-24,28.375,77.425,0.00036100904803496714,0.15457975286713052
delhi_ncr,2025-10-24,28.375,77.475,0.00041429464211408825,0.1638406748040648
delhi_ncr,2025-10-24,28.375,77.525,0.00040145727349328393,0.17247333541665216
delhi_ncr,2025-10-24,28.375,77.55,0.00030252558114686993,0.1677899754907714
delhi_ncr,2025-10-24,28.425,76.825,0.00017780300305971424,0.10613049178294884
delhi_ncr,2025-10-24,28.425,76.875,0.00021933824490768752,0.10750085048879393
delhi_ncr,2025-10-24,28.425,76.925,0.00017413350088178175,0.11534625435809169
delhi_ncr,2025-10-24,28.425,76.975,0.00012801895611937525,0.11697541421758971
delhi_ncr,2025-10-24,28.425,77.025,0.00011967942930462283,0.11826654274981356
delhi_ncr,2025-10-24,28.425,77.075,0.00014241399364305437,0.11863594192832984
delhi_ncr,2025-10-24,28.425,77.125,0.00015124687947770923,0.11250254718591797
delhi_ncr,2025-10-24,28.425,77.175,0.00016028128193225734,0.11240913026420622
delhi_ncr,2025-10-24,28.425,77.225,0.0002640372653532346,0.11877855145693873
delhi_ncr,2025-10-24,28.425,77.275,0.00034732241023674513,0.12952303414102273
delhi_ncr,2025-10-24,28.425,77.325,0.00038126321056425485,0.14330211559388725
delhi_ncr,2025-10-24,28.425,77.375,0.00036592134330973883,0.15880819476902017
delhi_ncr,2025-10-24,28.425,77.425,0.0003185538212185873,0.16244269489019975
delhi_ncr,2025-10-24,28.425,77.475,0.0004215426811134229,0.1755089555430973
delhi_ncr,2025-10-24,28.425,77.525,0.0004805399392343603,0.1874604302387356
delhi_ncr,2025-10-24,28.425,77.55,0.00042501539364259307,0.19307083703437564
delhi_ncr,2025-10-24,28.475,76.825,0.00019404260335340067,0.09244397859845391
delhi_ncr,2025-10-24,28.475,76.875,0.0002359753844368001,0.0944937795538075
delhi_ncr,2025-10-24,28.475,76.925,0.0001252459755727255,0.11054658054796751
delhi_ncr,2025-10-24,28.475,76.975,9.269207445598196e-05,0.11508205211210372
delhi_ncr,2025-10-24,28.475,77.025,0.0001703190274531903,0.12132353575882672
delhi_ncr,2025-10-24,28.475,77.075,0.0002915021643051473,0.1279558947351367
delhi_ncr,2025-10-24,28.475,77.125,0.0001615286150163954,0.12349852532185823
delhi_ncr,2025-10-24,28.475,77.175,0.00016886132047552895,0.12398166545322206
delhi_ncr,2025-10-24,28.475,77.225,0.00019493097365259044,0.12571301251073774
delhi_ncr,2025-10-24,28.475,77.275,0.00023358302902416148,0.1322041474113268
delhi_ncr,2025-10-24,28.475,77.325,0.0002808571841954623,0.14385171670388927
delhi_ncr,2025-10-24,28.475,77.375,0.00033680252948661875,0.16206896647315042
delhi_ncr,2025-10-24,28.475,77.425,0.00033663128575514827,0.1641959716458902
delhi_ncr,2025-10-24,28.475,77.475,0.00044077419191181587,0.1785787949771877
delhi_ncr,2025-10-24,28.475,77.525,0.000530697797160726,0.1915814974840101
delhi_ncr,2025-10-24,28.475,77.55,0.0005461045663913387,0.19533381116894738
delhi_ncr,2025-10-24,28.525,76.825,0.00014333426238194224,0.08563271579958595
delhi_ncr,2025-10-24,28.525,76.875,0.00019132313979657067,0.08777796738111884
delhi_ncr,2025-10-24,28.525,76.925,6.2386823236158595e-06,0.1060287771915044
delhi_ncr,2025-10-24,28.525,76.975,-1.5624397416892785e-05,0.10916817299113361
delhi_ncr,2025-10-24,28.525,77.025,0.00013224828940678314,0.11613345188865062
delhi_ncr,2025-10-24,28.525,77.075,0.0003498842754485641,0.12613815447147506
delhi_ncr,2025-10-24,28.525,77.125,0.00023259407772386454,0.12733381794512855
delhi_ncr,2025-10-24,28.525,77.175,0.00021742948960193706,0.12945390157225178
delhi_ncr,2025-10-24,28.525,77.225,0.00024241652835225481,0.13256013498251407
delhi_ncr,2025-10-24,28.525,77.275,0.00030190461317140577,0.1374223790985509
delhi_ncr,2025-10-24,28.525,77.325,0.00038814738707885403,0.14475614491026745
delhi_ncr,2025-10-24,28.525,77.375,0.00047709102777974353,0.1616742181748252
delhi_ncr,2025-10-24,28.525,77.425,0.0004708675881520575,0.16170471007423282
delhi_ncr,2025-10-24,28.525,77.475,0.0004744453750524781,0.17278669883449582
delhi_ncr,2025-10-24,28.525,77.525,0.0004825455648729691,0.1827559573149773
delhi_ncr,2025-10-24,28.525,77.55,0.00039524219683501494,0.16190516744245637
delhi_ncr,2025-10-24,28.575,76.825,0.00010798168527358516,0.0818356994739715
delhi_ncr,2025-10-24,28.575,76.875,6.799302706423159e-05,0.08429604152723481
delhi_ncr,2025-10-24,28.575,76.925,0.0001281871557314347,0.10036306190336589
delhi_ncr,2025-10-24,28.575,76.975,0.00016011495369013798,0.10471310559767262
delhi_ncr,2025-10-24,28.575,77.025,0.0002345215091003413,0.1135123324071852
delhi_ncr,2025-10-24,28.575,77.075,0.00032269222964120397,0.12670166443439584
delhi_ncr,2025-10-24,28.575,77.125,0.0002851932164391454,0.13872160628768937
delhi_ncr,2025-10-24,28.575,77.175,0.0002913534465375293,0.14455118701581282
delhi_ncr,2025-10-24,28.575,77.225,0.00033916235040417085,0.1461086509725737
delhi_ncr,2025-10-24,28.575,77.275,0.00038364530094277195,0.14654217563558747
delhi_ncr,2025-10-24,28.575,77.325,0.0004197665347763739,0.14632477764016277
delhi_ncr,2025-10-24,28.575,77.375,0.0005042726988903544,0.1447409540414628
delhi_ncr,2025-10-24,28.575,77.425,0.00047952446407388473,0.14357439998941773
delhi_ncr,2025-10-24,28.575,77.475,0.00038355330893868,0.13905062119326017
delhi_ncr,2025-10-24,28.575,77.525,0.00030961009045317694,0.13571927753798105
delhi_ncr,2025-10-24,28.625,76.825,0.00014094711226979791,0.08470430227772269
delhi_ncr,2025-10-24,28.625,76.875,0.00010602912653680965,0.0853649905950852
delhi_ncr,2025-10-24,28.625,76.925,0.00013737181529028852,0.10079210715789409
delhi_ncr,2025-10-24,28.625,76.975,0.00012104926108102618,0.10799629670190933
delhi_ncr,2025-10-24,28.625,77.025,0.00013102384483604877,0.11718469531996911
delhi_ncr,2025-10-24,28.625,77.075,0.00016888418100968638,0.12829685269783986
delhi_ncr,2025-10-24,28.625,77.125,0.00021407773587568446,0.13863671325655982
delhi_ncr,2025-10-24,28.625,77.175,0.00023297820308374297,0.14425376848814409
delhi_ncr,2025-10-24,28.625,77.225,0.00034778571358438313,0.14336218594970426
delhi_ncr,2025-10-24,28.625,77.275,0.00042080694137406515,0.142321501057076
delhi_ncr,2025-10-24,28.625,77.325,0.0004383673038150016,0.1419172514427181
delhi_ncr,2025-10-24,28.625,77.375,0.0005569210014160881,0.13847680819917843
delhi_ncr,2025-10-24,28.625,77.425,0.0005048166604021897,0.1394518690767355
delhi_ncr,2025-10-24,28.625,77.475,0.0004638372795277906,0.13952697928310634
delhi_ncr,2025-10-24,28.625,77.525,0.000473877851850391,0.1397427672597098
delhi_ncr,2025-10-24,28.625,77.55,0.00045146907584310786,0.13854329204728616
delhi_ncr,2025-10-24,28.675,76.825,0.00029411216522658406,0.087181741059327
delhi_ncr,2025-10-24,28.675,76.875,0.00027447351605807416,0.0871464117228345
delhi_ncr,2025-10-24,28.675,76.925,7.670591640699623e-05,0.09837223601397584
delhi_ncr,2025-10-24,28.675,76.975,0.00011652244236483547,0.10672069178537791
delhi_ncr,2025-10-24,28.675,77.025,0.00017783302063320314,0.11680716338144592
delhi_ncr,2025-10-24,28.675,77.075,0.0002303065442098115,0.12790660607628118
delhi_ncr,2025-10-24,28.675,77.125,0.0002812468965915196,0.13832201100147373
delhi_ncr,2025-10-24,28.675,77.175,0.0002901916416627613,0.14378224066255013
delhi_ncr,2025-10-24,28.675,77.225,0.00036713379986813197,0.1423697652840784
delhi_ncr,2025-10-24,28.675,77.275,0.0004149308633121363,0.14099743238386456
delhi_ncr,2025-10-24,28.675,77.325,0.0004253333981316969,0.14047075023515745
delhi_ncr,2025-10-24,28.675,77.375,0.0005237265502734337,0.13584538715483274
delhi_ncr,2025-10-24,28.675,77.425,0.0004644602099609249,0.1373136093808991
delhi_ncr,2025-10-24,28.675,77.475,0.0004569076331645561,0.13839714848958218
delhi_ncr,2025-10-24,28.675,77.525,0.0004919694442735958,0.13939563332415672
delhi_ncr,2025-10-24,28.675,77.55,0.00056198435416659,0.14034438603410204
delhi_ncr,2025-10-24,28.725,76.825,0.00034832125017111523,0.09392035903143645
delhi_ncr,2025-10-24,28.725,76.875,0.0003406561628371872,0.09332664070587647
delhi_ncr,2025-10-24,28.725,76.925,5.1160230673183054e-05,0.09744870481218068
delhi_ncr,2025-10-24,28.725,76.975,0.00016369578321387114,0.10335283368918874
delhi_ncr,2025-10-24,28.725,77.025,0.000264417014561211,0.11236148827936439
delhi_ncr,2025-10-24,28.725,77.075,0.0003045666062827997,0.1234546249481279
delhi_ncr,2025-10-24,28.725,77.125,0.0003117097927556507,0.13428307676111423
delhi_ncr,2025-10-24,28.725,77.175,0.00030095271021405207,0.13888144073707936
delhi_ncr,2025-10-24,28.725,77.225,0.00034157898247880484,0.1386313285823017
delhi_ncr,2025-10-24,28.725,77.275,0.0003633515457554162,0.13808213354923693
delhi_ncr,2025-10-24,28.725,77.325,0.00035569553940063527,0.13753511387136685
delhi_ncr,2025-10-24,28.725,77.375,0.00038350285100213186,0.13371994396151357
delhi_ncr,2025-10-24,28.725,77.425,0.0004120066503411239,0.13614555217578145
delhi_ncr,2025-10-24,28.725,77.475,0.00042122143628055666,0.13682352767417907
delhi_ncr,2025-10-24,28.725,77.525,0.00044563929731362197,0.13751409116415741
delhi_ncr,2025-10-24,28.725,77.55,0.0004680341871455319,0.13840251611283333
delhi_ncr,2025-10-24,28.775,76.825,0.00010754352320328661,0.1093231624360023
delhi_ncr,2025-10-24,28.775,76.875,0.0001011830005178128,0.10736205755529986
delhi_ncr,2025-10-24,28.775,76.925,0.000141284815507669,0.10184928194892263
delhi_ncr,2025-10-24,28.775,76.975,0.0002789258051271922,0.09966654087159194
delhi_ncr,2025-10-24,28.775,77.025,0.00030834406822795253,0.10367350011253602
delhi_ncr,2025-10-24,28.775,77.075,0.00022881787500460114,0.11295337447899478
delhi_ncr,2025-10-24,28.775,77.125,0.00015978576185621463,0.12326015099780827
delhi_ncr,2025-10-24,28.775,77.175,0.00013029791167072798,0.12577418496307927
delhi_ncr,2025-10-24,28.775,77.225,0.0002208097487159207,0.1282926357509787
delhi_ncr,2025-10-24,28.775,77.275,0.00025537116865749726,0.12961736067755777
delhi_ncr,2025-10-24,28.775,77.325,0.00020096450302646855,0.129586363683344
delhi_ncr,2025-10-24,28.775,77.375,0.00010609908788301623,0.12977476444505384
delhi_ncr,2025-10-24,28.775,77.425,0.0003878128292452805,0.13534035063202718
delhi_ncr,2025-10-24,28.775,77.475,0.0004000954705120682,0.13568157266912825
delhi_ncr,2025-10-24,28.775,77.525,0.000388853555468856,0.13612302864611614
delhi_ncr,2025-10-24,28.775,77.55,0.00038191568547721013,0.14060531553342087
delhi_ncr,2025-10-24,28.825,76.825,0.0002966355884308701,0.11024307477455363
delhi_ncr,2025-10-24,28.825,76.875,0.0002943779259534548,0.10541620762344331
delhi_ncr,2025-10-24,28.825,76.925,0.00030128387279460987,0.09590063090267655
delhi_ncr,2025-10-24,28.825,76.975,0.00034327319613831577,0.08968134398038356
delhi_ncr,2025-10-24,28.825,77.025,0.0003801820357772219,0.09005119090245052
delhi_ncr,2025-10-24,28.825,77.075,0.0004210820965632114,0.09755574605720006
delhi_ncr,2025-10-24,28.825,77.125,0.0005456153826796874,0.11395832784539912
delhi_ncr,2025-10-24,28.825,77.175,0.000549802120251602,0.11450977322671366
delhi_ncr,2025-10-24,28.825,77.225,0.00037804399946016356,0.12121237647829511
delhi_ncr,2025-10-24,28.825,77.275,0.0002933571824286166,0.1261860579097765
delhi_ncr,2025-10-24,28.825,77.325,0.00034103714411908817,0.12813256286841473
delhi_ncr,2025-10-24,28.825,77.375,0.00039894440691205194,0.13249417658334084
delhi_ncr,2025-10-24,28.825,77.425,0.00043951498301686,0.1389714239323311
delhi_ncr,2025-10-24,28.825,77.475,0.00043756842440794184,0.14187744616787035
delhi_ncr,2025-10-24,28.825,77.525,0.00040112121051841986,0.1431322140628357
delhi_ncr,2025-10-24,28.875,76.825,0.0003307546911314025,0.09519696962070268
delhi_ncr,2025-10-24,28.875,76.875,0.00016875087296024495,0.0894739436378894
delhi_ncr,2025-10-24,28.875,76.925,0.0002139690933529503,0.08363198054430572
delhi_ncr,2025-10-24,28.875,76.975,0.000247200280690398,0.080939089286894
delhi_ncr,2025-10-24,28.875,77.025,0.0002980295763596421,0.08546128192340892
delhi_ncr,2025-10-24,28.875,77.075,0.000335940518547836,0.09681981381711949
delhi_ncr,2025-10-24,28.875,77.125,0.00021862673646757343,0.11376298259339832
delhi_ncr,2025-10-24,28.875,77.175,0.00024922745388000566,0.1144373967342145
delhi_ncr,2025-10-24,28.875,77.225,0.00029130104904734826,0.11864871058412652
delhi_ncr,2025-10-24,28.875,77.275,0.00032545653090330055,0.12471819185492244
delhi_ncr,2025-10-24,28.875,77.325,0.00034153801868804244,0.13182685580118889
delhi_ncr,2025-10-24,28.875,77.375,0.00034479919816316813,0.1387366627615186
delhi_ncr,2025-10-24,28.875,77.425,0.00035544439374215114,0.14302294997530873
delhi_ncr,2025-10-24,28.875,77.475,0.00044493066199503134,0.14297820781264195
delhi_ncr,2025-10-24,28.875,77.525,0.0004664305459516949,0.1432699907178079
delhi_ncr,2025-10-24,28.875,77.55,0.00036923758966707473,0.1444138496795191
delhi_ncr,2025-10-25,28.375,76.825,0.00040879710427457375,0.11593000625607307
delhi_ncr,2025-10-25,28.375,76.875,0.0004987679086060151,0.12115202454495727
delhi_ncr,2025-10-25,28.375,76.925,0.0006334190528754332,0.11695744953933566
delhi_ncr,2025-10-25,28.375,76.975,0.0005778593862159676,0.111486033871916
delhi_ncr,2025-10-25,28.375,77.025,0.0004650090315062259,0.10398620757804841
delhi_ncr,2025-10-25,28.375,77.075,0.00037004604597219037,0.09397841510149346
delhi_ncr,2025-10-25,28.375,77.125,0.0005325455819110317,0.07789498156193057
delhi_ncr,2025-10-25,28.375,77.175,0.0007296315964304906,0.09034596781914411
delhi_ncr,2025-10-25,28.375,77.225,0.0006886035275495952,0.12029094737942984
delhi_ncr,2025-10-25,28.375,77.275,0.0006763669728815447,0.13652828014699436
delhi_ncr,2025-10-25,28.375,77.325,0.0007023263292534833,0.13101132219939535
delhi_ncr,2025-10-25,28.375,77.375,0.0004496383275823928,0.09895106624015419
delhi_ncr,2025-10-25,28.375,77.425,0.0004550620818178319,0.09117935631493206
delhi_ncr,2025-10-25,28.375,77.475,0.0004513633446703368,0.08107675120906617
delhi_ncr,2025-10-25,28.375,77.525,0.0004549283123256108,0.0745424311186447
delhi_ncr,2025-10-25,28.375,77.55,0.0004409438456034693,0.07162582280333968
delhi_ncr,2025-10-25,28.425,76.825,0.00039697486985584764,0.10611580442406783
delhi_ncr,2025-10-25,28.425,76.875,0.00045664299101369645,0.11347768689379337
delhi_ncr,2025-10-25,28.425,76.925,0.000624973202272564,0.1263726235691312
delhi_ncr,2025-10-25,28.425,76.975,0.0005599539664588913,0.12955799639190368
delhi_ncr,2025-10-25,28.425,77.025,0.00045407691313402996,0.12376039583665142
delhi_ncr,2025-10-25,28.425,77.075,0.0003813982624481385,0.10910584431634426
delhi_ncr,2025-10-25,28.425,77.125,0.0005479290859397218,0.08061661272836365
delhi_ncr,2025-10-25,28.425,77.175,0.0006000633807616188,0.08622997557926297
delhi_ncr,2025-10-25,28.425,77.225,0.0005627241874480356,0.1062501625200317
delhi_ncr,2025-10-25,28.425,77.275,0.000580272772228426,0.11875037526464932
delhi_ncr,2025-10-25,28.425,77.325,0.000646337166863636,0.11779064973212112
delhi_ncr,2025-10-25,28.425,77.375,0.0004921136670265529,0.09844308117183195
delhi_ncr,2025-10-25,28.425,77.425,0.00046331656331289147,0.09330238425088284
delhi_ncr,2025-10-25,28.425,77.475,0.0004516352671434689,0.08708237596434017
delhi_ncr,2025-10-25,28.425,77.525,0.00043435661916204596,0.07974147440124947
delhi_ncr,2025-10-25,28.425,77.55,0.000415367166955993,0.07248568106187697
delhi_ncr,2025-10-25,28.475,76.825,0.0003752395185942653,0.09038920368395596
delhi_ncr,2025-10-25,28.475,76.875,0.00039666728870544493,0.09811994601619828
delhi_ncr,2025-10-25,28.475,76.925,0.0006146625290964065,0.12293368336122179
delhi_ncr,2025-10-25,28.475,76.975,0.0005555469659860745,0.13439659773777257
delhi_ncr,2025-10-25,28.475,77.025,0.0004539708502286929,0.1343365385635077
delhi_ncr,2025-10-25,28.475,77.075,0.00038101551681427395,0.12183909621918575
delhi_ncr,2025-10-25,28.475,77.125,0.0005095658413933092,0.09098864753373381
delhi_ncr,2025-10-25,28.475,77.175,0.00048282763385651027,0.09164318434476314
delhi_ncr,2025-10-25,28.475,77.225,0.00044717536472489207,0.10287799586129807
delhi_ncr,2025-10-25,28.475,77.275,0.00046351701056911393,0.1096364996897899
delhi_ncr,2025-10-25,28.475,77.325,0.0005258106274141183,0.10798001285389852
delhi_ncr,2025-10-25,28.475,77.375,0.0005053324292021119,0.0945174087225186
delhi_ncr,2025-10-25,28.475,77.425,0.0004433672004635126,0.09061750442319988
delhi_ncr,2025-10-25,28.475,77.475,0.00040420676330907274,0.09165816402668872
delhi_ncr,2025-10-25,28.475,77.525,0.0003783422261082106,0.08702333332673223
delhi_ncr,2025-10-25,28.475,77.55,0.0003788760464166369,0.07827475813728924
delhi_ncr,2025-10-25,28.525,76.825,0.0003523670953394283,0.08051206174821586
delhi_ncr,2025-10-25,28.525,76.875,0.0003431672288060242,0.08700946792725246
delhi_ncr,2025-10-25,28.525,76.925,0.0006241678151786032,0.1075429724106781
delhi_ncr,2025-10-25,28.525,76.975,0.0005754297672639381,0.12174385695467929
delhi_ncr,2025-10-25,28.525,77.025,0.0004621090907054164,0.12856577563352375
delhi_ncr,2025-10-25,28.525,77.075,0.00035187723033530156,0.12589356767972826
delhi_ncr,2025-10-25,28.525,77.125,0.0003610655967190576,0.10478297544116215
delhi_ncr,2025-10-25,28.525,77.175,0.00045994801306626997,0.10596062345266374
delhi_ncr,2025-10-25,28.525,77.225,0.00043536168414017745,0.12193824018904288
delhi_ncr,2025-10-25,28.525,77.275,0.00046550208854448713,0.1281299115208617
delhi_ncr,2025-10-25,28.525,77.325,0.0005559107592670341,0.11888060575908545
delhi_ncr,2025-10-25,28.525,77.375,0.0004690271672431757,0.09003002985576924
delhi_ncr,2025-10-25,28.525,77.425,0.00042618623910828954,0.0832583089891136
delhi_ncr,2025-10-25,28.525,77.475,0.0003123906338071839,0.09335909199862595
delhi_ncr,2025-10-25,28.525,77.525,0.0002952891953133088,0.09624753877295396
delhi_ncr,2025-10-25,28.525,77.55,0.0005100615607145161,0.0802133409229148
delhi_ncr,2025-10-25,28.575,76.825,0.00022114544556866073,0.07490363232900422
delhi_ncr,2025-10-25,28.575,76.875,0.00016198541577976399,0.08278289574055864
delhi_ncr,2025-10-25,28.575,76.925,0.00044971392290737164,0.10628362805670048
delhi_ncr,2025-10-25,28.575,76.975,0.000405943019753152,0.11540465913898368
delhi_ncr,2025-10-25,28.575,77.025,0.0004217620429197244,0.12506482803108454
delhi_ncr,2025-10-25,28.575,77.075,0.000510305143996041,0.1352545060822235
delhi_ncr,2025-10-25,28.575,77.125,0.000519741526202387,0.14112471570149332
delhi_ncr,2025-10-25,28.575,77.175,0.00038086694712750543,0.14564412412827454
delhi_ncr,2025-10-25,28.575,77.225,0.0005490955617681504,0.16441600695035544
delhi_ncr,2025-10-25,28.575,77.275,0.0006402365875936246,0.17893986600653594
delhi_ncr,2025-10-25,28.575,77.325,0.00059139932900489,0.18163506171737176
delhi_ncr,2025-10-25,28.575,77.375,0.0005761122622430805,0.15505601501438004
delhi_ncr,2025-10-25,28.575,77.425,0.0005092773570813137,0.13619941264595575
delhi_ncr,2025-10-25,28.575,77.475,0.0004117599480559339,0.10833661047020342
delhi_ncr,2025-10-25,28.575,77.525,0.00043569034708876466,0.08535248331724445
delhi_ncr,2025-10-25,28.625,76.825,0.00040408057992469336,0.07593582499284257
delhi_ncr,2025-10-25,28.625,76.875,0.00040674910509376245,0.0846157067981996
delhi_ncr,2025-10-25,28.625,76.925,0.0003638884691824893,0.100245765190977
delhi_ncr,2025-10-25,28.625,76.975,0.00041799207466949775,0.11023254388203639
delhi_ncr,2025-10-25,28.625,77.025,0.0005242526244470812,0.1334363225993133
delhi_ncr,2025-10-25,28.625,77.075,0.000659779864265565,0.16650508118206456
delhi_ncr,2025-10-25,28.625,77.125,0.0007819052659989685,0.19062414590787993
delhi_ncr,2025-10-25,28.625,77.175,0.000617054740703438,0.17844946050518484
delhi_ncr,2025-10-25,28.625,77.225,0.0006312709870170997,0.17051942822396104
delhi_ncr,2025-10-25,28.625,77.275,0.0006502225461390369,0.16330498856657893
delhi_ncr,2025-10-25,28.625,77.325,0.000644797496025285,0.15579701277177768
delhi_ncr,2025-10-25,28.625,77.375,0.000660025251731815,0.141958949279658
delhi_ncr,2025-10-25,28.625,77.425,0.000500426445553388,0.13504656657815126
delhi_ncr,2025-10-25,28.625,77.475,0.00041974042230413295,0.11635999210901221
delhi_ncr,2025-10-25,28.625,77.525,0.00043731455324387455,0.09871486060762773
delhi_ncr,2025-10-25,28.625,77.55,0.0005691050917959186,0.08287033299936984
delhi_ncr,2025-10-25,28.675,76.825,0.000445000786303123,0.08013857094447341
delhi_ncr,2025-10-25,28.675,76.875,0.0004808624947377774,0.08944505412397172
delhi_ncr,2025-10-25,28.675,76.925,0.00035400976764294364,0.1039517917135252
delhi_ncr,2025-10-25,28.675,76.975,0.0004432808946633646,0.11041709266582596
delhi_ncr,2025-10-25,28.675,77.025,0.0005414374464713535,0.13145142761590664
delhi_ncr,2025-10-25,28.675,77.075,0.0006283047655282287,0.16350214484742076
delhi_ncr,2025-10-25,28.675,77.125,0.0007614868525353868,0.1867084120733661
delhi_ncr,2025-10-25,28.675,77.175,0.0006959304136330659,0.1736826452257498
delhi_ncr,2025-10-25,28.675,77.225,0.0006065737669712708,0.16090220419236317
delhi_ncr,2025-10-25,28.675,77.275,0.0005686169834110636,0.14965157323276826
delhi_ncr,2025-10-25,28.675,77.325,0.0005875466926073576,0.14003493289963073
delhi_ncr,2025-10-25,28.675,77.375,0.0005660730834936807,0.12495391737351924
delhi_ncr,2025-10-25,28.675,77.425,0.0003833390283941201,0.12086666809889308
delhi_ncr,2025-10-25,28.675,77.475,0.0003956021235743768,0.10922337371484246
delhi_ncr,2025-10-25,28.675,77.525,0.00044501583801546507,0.09766872817525572
delhi_ncr,2025-10-25,28.675,77.55,0.00048170198919210406,0.08987286636822509
delhi_ncr,2025-10-25,28.725,76.825,0.0004225210475544005,0.08195426012962086
delhi_ncr,2025-10-25,28.725,76.875,0.00041640647276894717,0.08922197806990094
delhi_ncr,2025-10-25,28.725,76.925,0.0003676901912260091,0.10640354371757711
delhi_ncr,2025-10-25,28.725,76.975,0.00046500234990099945,0.112426695428426
delhi_ncr,2025-10-25,28.725,77.025,0.0005377940293504282,0.1272709432959952
delhi_ncr,2025-10-25,28.725,77.075,0.0005747834975528033,0.14834620933379983
delhi_ncr,2025-10-25,28.725,77.125,0.0006427835756590276,0.15698793683772622
delhi_ncr,2025-10-25,28.725,77.175,0.0006823867840560836,0.14984132979676382
delhi_ncr,2025-10-25,28.725,77.225,0.000546617245519437,0.14319579429923215
delhi_ncr,2025-10-25,28.725,77.275,0.0004694231467638709,0.13672948072835442
delhi_ncr,2025-10-25,28.725,77.325,0.0004829300885089344,0.1290773928392312
delhi_ncr,2025-10-25,28.725,77.375,0.00043631152110605646,0.11012723777749531
delhi_ncr,2025-10-25,28.725,77.425,0.00031283217287256465,0.10525765344593647
delhi_ncr,2025-10-25,28.725,77.475,0.0003977534746218645,0.09888077539861881
delhi_ncr,2025-10-25,28.725,77.525,0.0004442157577932156,0.09243481636083876
delhi_ncr,2025-10-25,28.725,77.55,0.0003359958090947062,0.08623367073035945
delhi_ncr,2025-10-25,28.775,76.825,0.0003817017535322825,0.07637273929828806
delhi_ncr,2025-10-25,28.775,76.875,0.00021779385923160682,0.07673774170319207
delhi_ncr,2025-10-25,28.775,76.925,0.00035929234735358447,0.09808438118349032
delhi_ncr,2025-10-25,28.775,76.975,0.0004689012748838102,0.11358493246692473
delhi_ncr,2025-10-25,28.775,77.025,0.0005630895480224796,0.12794102260981818
delhi_ncr,2025-10-25,28.775,77.075,0.0006204216807748969,0.13661030720170955
delhi_ncr,2025-10-25,28.775,77.125,0.0005591929974707921,0.11998234158730844
delhi_ncr,2025-10-25,28.775,77.175,0.000614791104706892,0.11920121256557262
delhi_ncr,2025-10-25,28.775,77.225,0.0005056950276599881,0.12291013207673508
delhi_ncr,2025-10-25,28.775,77.275,0.0004116872622851855,0.12389188068254608
delhi_ncr,2025-10-25,28.775,77.325,0.0003754974519779011,0.1195728120059834
delhi_ncr,2025-10-25,28.775,77.375,0.00038140987574408,0.10312984480226314
delhi_ncr,2025-10-25,28.775,77.425,0.00042473337387443624,0.09810398136561774
delhi_ncr,2025-10-25,28.775,77.475,0.0004749461424081222,0.09505248835551502
delhi_ncr,2025-10-25,28.775,77.525,0.0004173269805753621,0.09056508874777079
delhi_ncr,2025-10-25,28.775,77.55,0.00022183833573209943,0.08949952871332587
delhi_ncr,2025-10-25,28.825,76.825,0.00035306710959520253,0.0786272269177747
delhi_ncr,2025-10-25,28.825,76.875,0.0002787529379309181,0.0809004937254455
delhi_ncr,2025-10-25,28.825,76.925,0.000469874155195666,0.10504916903185105
delhi_ncr,2025-10-25,28.825,76.975,0.0005217828345119787,0.12165560749659832
delhi_ncr,2025-10-25,28.825,77.025,0.0005580238749451326,0.12818760141403912
delhi_ncr,2025-10-25,28.825,77.075,0.000545904332043372,0.12403132129672485
delhi_ncr,2025-10-25,28.825,77.125,0.00027270602257652626,0.10886904202261154
delhi_ncr,2025-10-25,28.825,77.175,0.0003882770501898516,0.11202116792828262
delhi_ncr,2025-10-25,28.825,77.225,0.000520511272911385,0.11437753557442552
delhi_ncr,2025-10-25,28.825,77.275,0.000555929457927829,0.11453378543508101
delhi_ncr,2025-10-25,28.825,77.325,0.00047600791440684026,0.11156590775694802
delhi_ncr,2025-10-25,28.825,77.375,0.00034926070913770293,0.10139811341329581
delhi_ncr,2025-10-25,28.825,77.425,0.00036166220931165667,0.0957392403166385
delhi_ncr,2025-10-25,28.825,77.475,0.00045185072794956007,0.0944903194140722
delhi_ncr,2025-10-25,28.825,77.525,0.0004126624654720823,0.09438973908217714
delhi_ncr,2025-10-25,28.875,76.825,0.0002672458318953515,0.07225705889961946
delhi_ncr,2025-10-25,28.875,76.875,0.0002487096346027377,0.07890918451214186
delhi_ncr,2025-10-25,28.875,76.925,0.00041245252069312935,0.10099853032634537
delhi_ncr,2025-10-25,28.875,76.975,0.0004372433945262989,0.1094618671813602
delhi_ncr,2025-10-25,28.875,77.025,0.000390090621211436,0.11461975362098684
delhi_ncr,2025-10-25,28.875,77.075,0.0003143315867547652,0.11604824985337106
delhi_ncr,2025-10-25,28.875,77.125,0.00036706733565278996,0.10791892747314871
delhi_ncr,2025-10-25,28.875,77.175,0.00044195930678975524,0.11006170782064638
delhi_ncr,2025-10-25,28.875,77.225,0.0004302302451767761,0.11865734379356387
delhi_ncr,2025-10-25,28.875,77.275,0.00041670076806030605,0.12305834675556718
delhi_ncr,2025-10-25,28.875,77.325,0.000417089186700587,0.12102769282161926
delhi_ncr,2025-10-25,28.875,77.375,0.0004023648277474998,0.11544941188664203
delhi_ncr,2025-10-25,28.875,77.425,0.00039218209559093993,0.11288549009994261
delhi_ncr,2025-10-25,28.875,77.475,0.00039394691429613376,0.1043218936822595
delhi_ncr,2025-10-25,28.875,77.525,0.0003825955181794138,0.10373669954100169
delhi_ncr,2025-10-25,28.875,77.55,0.00030502095125215623,0.10761977012013028
delhi_ncr,2025-10-26,28.375,76.825,0.00026444175675798676,0
delhi_ncr,2025-10-26,28.375,76.875,0.0003698577809385905,0
delhi_ncr,2025-10-26,28.375,76.925,0.0002972870686830603,0
delhi_ncr,2025-10-26,28.375,76.975,0.0003824554887002442,0
delhi_ncr,2025-10-26,28.375,77.025,0.00037010398421248895,0
delhi_ncr,2025-10-26,28.375,77.075,0.00026560167808124184,0
delhi_ncr,2025-10-26,28.375,77.125,0.00022368865858096138,0
delhi_ncr,2025-10-26,28.375,77.175,0.00022586077131186898,0.0027942908586736275
delhi_ncr,2025-10-26,28.375,77.225,0.00039846683464522873,0.004575819020477014
delhi_ncr,2025-10-26,28.375,77.275,0.00046305023507573325,0.0035034419059457264
delhi_ncr,2025-10-26,28.375,77.325,0.0003903492348231025,9.490614506308478e-06
delhi_ncr,2025-10-26,28.375,77.375,0.00040770697558612114,0
delhi_ncr,2025-10-26,28.375,77.425,0.00036927106206671576,0
delhi_ncr,2025-10-26,28.375,77.475,0.00031083995579089775,0
delhi_ncr,2025-10-26,28.375,77.525,0.0002706201254002558,0
delhi_ncr,2025-10-26,28.375,77.55,0.00023999050391665242,0
delhi_ncr,2025-10-26,28.425,76.825,0.00025862346964247604,0
delhi_ncr,2025-10-26,28.425,76.875,0.0002884923217855795,0
delhi_ncr,2025-10-26,28.425,76.925,0.0002670544548234695,0
delhi_ncr,2025-10-26,28.425,76.975,0.000285131987078836,0
delhi_ncr,2025-10-26,28.425,77.025,0.0002223630193169333,0
delhi_ncr,2025-10-26,28.425,77.075,0.00012168678923926788,0
delhi_ncr,2025-10-26,28.425,77.125,0.00022764433968320717,0
delhi_ncr,2025-10-26,28.425,77.175,0.00022515779582260822,0
delhi_ncr,2025-10-26,28.425,77.225,0.0003497961535117476,0.00035938152168828717
delhi_ncr,2025-10-26,28.425,77.275,0.0004258887613345068,0.00037535403376332216
delhi_ncr,2025-10-26,28.425,77.325,0.00040802546737425395,0
delhi_ncr,2025-10-26,28.425,77.375,0.0002547894757861117,0
delhi_ncr,2025-10-26,28.425,77.425,0.00037129098031758625,0
delhi_ncr,2025-10-26,28.425,77.475,0.0003156209426197419,0
delhi_ncr,2025-10-26,28.425,77.525,0.00028776582435072163,0
delhi_ncr,2025-10-26,28.425,77.55,0.00033420999179936526,0
delhi_ncr,2025-10-26,28.475,76.825,0.0002307019479899886,0
delhi_ncr,2025-10-26,28.475,76.875,0.00017808809809070263,0
delhi_ncr,2025-10-26,28.475,76.925,0.0002817634469316826,0
delhi_ncr,2025-10-26,28.475,76.975,0.0002334248922553299,0
delhi_ncr,2025-10-26,28.475,77.025,0.00014601583632218616,0
delhi_ncr,2025-10-26,28.475,77.075,8.082977661785096e-05,0
delhi_ncr,2025-10-26,28.475,77.125,0.00024300735350571713,0
delhi_ncr,2025-10-26,28.475,77.175,0.0002256066351926135,0
delhi_ncr,2025-10-26,28.475,77.225,0.0003127199029263007,0
delhi_ncr,2025-10-26,28.475,77.275,0.0003825545480628232,0
delhi_ncr,2025-10-26,28.475,77.325,0.000387187025355691,0
delhi_ncr,2025-10-26,28.475,77.375,0.0001923264533661748,0
delhi_ncr,2025-10-26,28.475,77.425,0.000360755051610602,0
delhi_ncr,2025-10-26,28.475,77.475,0.0003283524514663324,0
delhi_ncr,2025-10-26,28.475,77.525,0.00032126327006478175,0
delhi_ncr,2025-10-26,28.475,77.55,0.0004034771680530041,0
delhi_ncr,2025-10-26,28.525,76.825,0.00016048998287382084,0
delhi_ncr,2025-10-26,28.525,76.875,3.413757037589858e-05,0
delhi_ncr,2025-10-26,28.525,76.925,0.0003593404156613024,0
delhi_ncr,2025-10-26,28.525,76.975,0.00031662077710843645,0
delhi_ncr,2025-10-26,28.525,77.025,0.00026082035657394787,0
delhi_ncr,2025-10-26,28.525,77.075,0.00023736087285336976,0
delhi_ncr,2025-10-26,28.525,77.125,0.00022059064827342125,0
delhi_ncr,2025-10-26,28.525,77.175,0.00016462566353098464,0
delhi_ncr,2025-10-26,28.525,77.225,0.00029335013424837576,0.00026879281590513237
delhi_ncr,2025-10-26,28.525,77.275,0.00035287642415927895,0.0003989813211344281
delhi_ncr,2025-10-26,28.525,77.325,0.0003145933308862501,0.0005207540209171829
delhi_ncr,2025-10-26,28.525,77.375,0.000363101388805379,0
delhi_ncr,2025-10-26,28.525,77.425,0.00035405198228582335,0
delhi_ncr,2025-10-26,28.525,77.475,0.0003446021019769902,0
delhi_ncr,2025-10-26,28.525,77.525,0.00036382983309810057,0
delhi_ncr,2025-10-26,28.525,77.55,0.0004762216121891058,0
delhi_ncr,2025-10-26,28.575,76.825,0.0003440378554822951,0
delhi_ncr,2025-10-26,28.575,76.875,0.00039354950911992643,0
delhi_ncr,2025-10-26,28.575,76.925,0.0002802923839887434,0
delhi_ncr,2025-10-26,28.575,76.975,0.0003180993755306118,0
delhi_ncr,2025-10-26,28.575,77.025,0.0003770682761249182,0
delhi_ncr,2025-10-26,28.575,77.075,0.0003978218787462245,0
delhi_ncr,2025-10-26,28.575,77.125,0.00020567205561184453,0
delhi_ncr,2025-10-26,28.575,77.175,0.00033211133125278,0
delhi_ncr,2025-10-26,28.575,77.225,0.00048339161348724197,0.008815068745211794
delhi_ncr,2025-10-26,28.575,77.275,0.0005903322338884011,0.01667526623540409
delhi_ncr,2025-10-26,28.575,77.325,0.0006119511469088404,0.01876008274111591
delhi_ncr,2025-10-26,28.575,77.375,0.0004307761248050923,0
delhi_ncr,2025-10-26,28.575,77.425,0.00039581163269453227,0
delhi_ncr,2025-10-26,28.575,77.475,0.00035730212598400533,0
delhi_ncr,2025-10-26,28.575,77.525,0.00040176251202192546,0
delhi_ncr,2025-10-26,28.625,76.825,0.00027634318421209753,0
delhi_ncr,2025-10-26,28.625,76.875,0.00023623242598668135,0
delhi_ncr,2025-10-26,28.625,76.925,0.0003928304916810961,0.012925899883865387
delhi_ncr,2025-10-26,28.625,76.975,0.0004119900572337487,0.017175580085236796
delhi_ncr,2025-10-26,28.625,77.025,0.0003859833607127021,0.026965577332578875
delhi_ncr,2025-10-26,28.625,77.075,0.0003357580156137412,0.03988778659058467
delhi_ncr,2025-10-26,28.625,77.125,0.0002820432969796001,0.036421183469665226
delhi_ncr,2025-10-26,28.625,77.175,0.0004425330590285048,0.0400731094000282
delhi_ncr,2025-10-26,28.625,77.225,0.0005054918318546363,0.05233059545294795
delhi_ncr,2025-10-26,28.625,77.275,0.0005564371968884411,0.054819843938357
delhi_ncr,2025-10-26,28.625,77.325,0.000572216414481492,0.041784715925220484
delhi_ncr,2025-10-26,28.625,77.375,0.00029230396888719665,0
delhi_ncr,2025-10-26,28.625,77.425,0.00024691282144676614,0
delhi_ncr,2025-10-26,28.625,77.475,0.0002483664417960629,0
delhi_ncr,2025-10-26,28.625,77.525,0.0002477224848091875,0
delhi_ncr,2025-10-26,28.625,77.55,0.0003425757292873032,0
delhi_ncr,2025-10-26,28.675,76.825,0.0004133214670235056,0.005798867845743804
delhi_ncr,2025-10-26,28.675,76.875,0.0003194832058627765,0.014141119257002644
delhi_ncr,2025-10-26,28.675,76.925,0.000453948853170873,0.028348352280707267
delhi_ncr,2025-10-26,28.675,76.975,0.0005034548867041004,0.03825519990832741
delhi_ncr,2025-10-26,28.675,77.025,0.00048034223210061903,0.04740127040098048
delhi_ncr,2025-10-26,28.675,77.075,0.0004080521134564667,0.05269269987686603
delhi_ncr,2025-10-26,28.675,77.125,0.0003765240851227939,0.04029055285636131
delhi_ncr,2025-10-26,28.675,77.175,0.0005619588672540262,0.04956051997183772
delhi_ncr,2025-10-26,28.675,77.225,0.0005636251971457903,0.04374990618904608
delhi_ncr,2025-10-26,28.675,77.275,0.0005516834964900605,0.03586755120123971
delhi_ncr,2025-10-26,28.675,77.325,0.0005250979985611194,0.026435603706062145
delhi_ncr,2025-10-26,28.675,77.375,0.00022453950874963248,0
delhi_ncr,2025-10-26,28.675,77.425,0.00014991945985929058,0
delhi_ncr,2025-10-26,28.675,77.475,0.000185008503757648,0
delhi_ncr,2025-10-26,28.675,77.525,0.00019746794317504544,0
delhi_ncr,2025-10-26,28.675,77.55,0.000151308050345071,0
delhi_ncr,2025-10-26,28.725,76.825,0.0005562627338948498,0.009384805152816334
delhi_ncr,2025-10-26,28.725,76.875,0.0004779347016651626,0.02674790203521567
delhi_ncr,2025-10-26,28.725,76.925,0.0005092998249278762,0.041787946883266286
delhi_ncr,2025-10-26,28.725,76.975,0.0005707265875098164,0.049099727310519974
delhi_ncr,2025-10-26,28.725,77.025,0.0005478591206410411,0.048515438374972374
delhi_ncr,2025-10-26,28.725,77.075,0.0004520654855456054,0.04026942097616402
delhi_ncr,2025-10-26,28.725,77.125,0.0003815253658081401,0.025393350898250892
delhi_ncr,2025-10-26,28.725,77.175,0.0005579141607940204,0.03529908692028318
delhi_ncr,2025-10-26,28.725,77.225,0.0005279223872989924,0.01774958160956163
delhi_ncr,2025-10-26,28.725,77.275,0.0004790443850076955,0.005531614391777445
delhi_ncr,2025-10-26,28.725,77.325,0.0004269499964957633,0.00428755302036575
delhi_ncr,2025-10-26,28.725,77.375,0.0002257861495924871,0
delhi_ncr,2025-10-26,28.725,77.425,0.0001546087572442505,0
delhi_ncr,2025-10-26,28.725,77.475,0.00019447507936629446,0
delhi_ncr,2025-10-26,28.725,77.525,0.00019655181699441342,0
delhi_ncr,2025-10-26,28.725,77.55,9.140353986452776e-05,0
delhi_ncr,2025-10-26,28.775,76.825,0.0005485641756819297,0.004072124960932528
delhi_ncr,2025-10-26,28.775,76.875,0.0005880942914068285,0.024750452792035246
delhi_ncr,2025-10-26,28.775,76.925,0.0005947146813769879,0.048848869418216055
delhi_ncr,2025-10-26,28.775,76.975,0.0005879660972515563,0.036646159053154215
delhi_ncr,2025-10-26,28.775,77.025,0.0004925833254264931,0.017617924921844358
delhi_ncr,2025-10-26,28.775,77.075,0.0003284966373580403,0.00022374825565483762
delhi_ncr,2025-10-26,28.775,77.125,0.00019678984025303748,0
delhi_ncr,2025-10-26,28.775,77.175,0.00031111354242560125,0
delhi_ncr,2025-10-26,28.775,77.225,0.0002818921002925135,0
delhi_ncr,2025-10-26,28.775,77.275,0.00024798877388418133,0
delhi_ncr,2025-10-26,28.775,77.325,0.0002450543586409546,0
delhi_ncr,2025-10-26,28.775,77.375,0.00030613151204258397,0
delhi_ncr,2025-10-26,28.775,77.425,0.0003203339951084065,0
delhi_ncr,2025-10-26,28.775,77.475,0.0003069703282821442,0
delhi_ncr,2025-10-26,28.775,77.525,0.00020696566436597096,0
delhi_ncr,2025-10-26,28.775,77.55,1.4601077320118932e-05,0
delhi_ncr,2025-10-26,28.825,76.825,0.00047065835190959526,0.009129742022026004
delhi_ncr,2025-10-26,28.825,76.875,0.00046487746283971256,0.030972496469891763
delhi_ncr,2025-10-26,28.825,76.925,0.0004344367955306586,0.02464987791763188
delhi_ncr,2025-10-26,28.825,76.975,0.00045614934842754635,0.013870096562317089
delhi_ncr,2025-10-26,28.825,77.025,0.0004251604208896286,0.005063111698689275
delhi_ncr,2025-10-26,28.825,77.075,0.00032834133032646167,0
delhi_ncr,2025-10-26,28.825,77.125,0.00014543210428444103,0
delhi_ncr,2025-10-26,28.825,77.175,0.00030398286930809307,0
delhi_ncr,2025-10-26,28.825,77.225,0.000254723561393005,0
delhi_ncr,2025-10-26,28.825,77.275,0.00021262162619436806,0
delhi_ncr,2025-10-26,28.825,77.325,0.00020885793831530296,0
delhi_ncr,2025-10-26,28.825,77.375,0.00012917776197851155,0
delhi_ncr,2025-10-26,28.825,77.425,0.0002083315690844172,0
delhi_ncr,2025-10-26,28.825,77.475,0.0002344525611070224,0
delhi_ncr,2025-10-26,28.825,77.525,0.00016373241398890022,0
delhi_ncr,2025-10-26,28.875,76.825,0.00029487039633539834,0.006293366577092351
delhi_ncr,2025-10-26,28.875,76.875,0.00043459666955884905,0.016091101673052628
delhi_ncr,2025-10-26,28.875,76.925,0.000492893944171843,0.006930825390152754
delhi_ncr,2025-10-26,28.875,76.975,0.0004618510356971508,0.0034734044853981984
delhi_ncr,2025-10-26,28.875,77.025,0.0003984268804170078,0.0012996826905117558
delhi_ncr,2025-10-26,28.875,77.075,0.00031546621590136426,0
delhi_ncr,2025-10-26,28.875,77.125,0.00021304512312600476,0
delhi_ncr,2025-10-26,28.875,77.175,0.0002632821266841357,0
delhi_ncr,2025-10-26,28.875,77.225,0.00023460288348672853,0
delhi_ncr,2025-10-26,28.875,77.275,0.00018079192642320014,0
delhi_ncr,2025-10-26,28.875,77.325,0.00011944717748992717,0
delhi_ncr,2025-10-26,28.875,77.375,8.059792656734116e-05,0
delhi_ncr,2025-10-26,28.875,77.425,0.00015398506167711931,0
delhi_ncr,2025-10-26,28.875,77.475,0.00026140034389217863,0
delhi_ncr,2025-10-26,28.875,77.525,0.0003172532444949155,0
delhi_ncr,2025-10-26,28.875,77.55,0.00019767506458296598,0
delhi_ncr,2025-10-29,28.875,77.525,0.00029568443929203146,0.27015688945089317
delhi_ncr,2025-10-29,28.875,77.55,0.00029568443929203146,0.27015688945089317
delhi_ncr,2025-10-30,28.725,77.275,0.00022330886008807172,0.20450382034473666
delhi_ncr,2025-10-30,28.725,77.325,0.00022330886008807172,0.20450382034473666
delhi_ncr,2025-10-30,28.775,77.275,0.00022330886008807172,0.20450382034473666
delhi_ncr,2025-10-30,28.775,77.325,0.00022330886008807172,0.20450382034473666
delhi_ncr,2025-10-30,28.825,77.225,0.0004446476339413364,0.2711754604016625
delhi_ncr,2025-10-30,28.825,77.275,0.00047430003556510184,0.2434928317710416
delhi_ncr,2025-10-30,28.825,77.325,0.0005269586108624784,0.19433230161666312
delhi_ncr,2025-10-30,28.875,77.225,0.0004446476339413364,0.2711754604016625
delhi_ncr,2025-10-30,28.875,77.275,0.0004497294988232034,0.26903763532014374
delhi_ncr,2025-10-30,28.875,77.325,0.0004339315211158419,0.2677699682634638
delhi_ncr,2025-10-30,28.875,77.375,0.00020356065397478758,0.27552351495547944
delhi_ncr,2025-10-30,28.875,77.425,0.00014957395745304064,0.2873000316686203
delhi_ncr,2025-10-30,28.875,77.475,0.0001399525659937194,0.2893988168254177
delhi_ncr,2025-10-31,28.375,76.825,0.00018702010648416527,0.29185375353001697
delhi_ncr,2025-10-31,28.375,76.875,0.0002427782085764428,0.2558988871037549
delhi_ncr,2025-10-31,28.375,76.925,7.279252756282508e-06,0.2440510404787889
delhi_ncr,2025-10-31,28.375,76.975,0.00011324347929114617,0.21454139627645133
delhi_ncr,2025-10-31,28.375,77.025,0.0001973974718801025,0.18224551409011694
delhi_ncr,2025-10-31,28.375,77.075,0.00022074934723634638,0.15132303040023476
delhi_ncr,2025-10-31,28.375,77.125,0.00022500838514375037,0.12597193944899474
delhi_ncr,2025-10-31,28.375,77.175,0.0001833618651618924,0.15901509513606318
delhi_ncr,2025-10-31,28.375,77.225,0.00021714379892327757,0.18447331908206618
delhi_ncr,2025-10-31,28.375,77.275,0.000341157990442824,0.22008847768112502
delhi_ncr,2025-10-31,28.375,77.325,0.0004681222483236889,0.2433983957825548
delhi_ncr,2025-10-31,28.375,77.375,0.00038205621069148675,0.1906823128514454
delhi_ncr,2025-10-31,28.375,77.425,0.0005005945623115097,0.1894527327347612
delhi_ncr,2025-10-31,28.375,77.475,0.0005047120399020373,0.17944077535166247
delhi_ncr,2025-10-31,28.375,77.525,0.0004896435478400046,0.17096456441626567
delhi_ncr,2025-10-31,28.425,76.825,0.00017180268306359392,0.29453096655262084
delhi_ncr,2025-10-31,28.425,76.875,0.00024497842767748124,0.25234328629478636
delhi_ncr,2025-10-31,28.425,76.925,5.37804832624331e-05,0.23717818442181504
delhi_ncr,2025-10-31,28.425,76.975,0.00014133586510314814,0.2061827006573327
delhi_ncr,2025-10-31,28.425,77.025,0.00023222963869183025,0.18370853721429964
delhi_ncr,2025-10-31,28.425,77.075,0.00028677908939158547,0.16937064598022888
delhi_ncr,2025-10-31,28.425,77.125,0.00023636533098910298,0.13899308392784598
delhi_ncr,2025-10-31,28.425,77.175,0.00023268913074472866,0.1486892424911855
delhi_ncr,2025-10-31,28.425,77.225,0.0002641132383489214,0.16655554921242266
delhi_ncr,2025-10-31,28.425,77.275,0.0003499714672778159,0.19148218591571184
delhi_ncr,2025-10-31,28.425,77.325,0.00046652797809110073,0.21454911404854451
delhi_ncr,2025-10-31,28.425,77.375,0.0004437929692353286,0.18154114564428522
delhi_ncr,2025-10-31,28.425,77.425,0.0005757458503132458,0.18583070964534007
delhi_ncr,2025-10-31,28.425,77.475,0.0005559844687165344,0.18459295462764183
delhi_ncr,2025-10-31,28.425,77.525,0.0004770150515845785,0.19006251951371214
delhi_ncr,2025-10-31,28.425,77.55,0.00029420003143061554,0.2153692914767866
delhi_ncr,2025-10-31,28.475,76.825,0.0001597727053372379,0.24551096048692686
delhi_ncr,2025-10-31,28.475,76.875,0.00010716523113015308,0.19264487010333275
delhi_ncr,2025-10-31,28.475,76.925,0.00011656213914973866,0.22248834911489898
delhi_ncr,2025-10-31,28.475,76.975,0.00018919925489306342,0.19760338032475097
delhi_ncr,2025-10-31,28.475,77.025,0.00028407319962992915,0.18278077850341362
delhi_ncr,2025-10-31,28.475,77.075,0.0003570882345087493,0.17880432344487027
delhi_ncr,2025-10-31,28.475,77.125,0.0002529452498926983,0.16171096808115515
delhi_ncr,2025-10-31,28.475,77.175,0.0002834515975240303,0.15635359155984316
delhi_ncr,2025-10-31,28.475,77.225,0.0002806409692351469,0.16564534241408724
delhi_ncr,2025-10-31,28.475,77.275,0.00032679074963399597,0.17940288774911767
delhi_ncr,2025-10-31,28.475,77.325,0.00045717133313450797,0.1974357017973551
delhi_ncr,2025-10-31,28.475,77.375,0.0004929269694190177,0.19361153568421083
delhi_ncr,2025-10-31,28.475,77.425,0.0006314005573306048,0.1956355900349732
delhi_ncr,2025-10-31,28.475,77.475,0.0005879284939032995,0.19689381043171228
delhi_ncr,2025-10-31,28.475,77.525,0.0004577079621972165,0.20536496526720838
delhi_ncr,2025-10-31,28.475,77.55,0.00028278654849265227,0.226603940047239
delhi_ncr,2025-10-31,28.525,76.825,0.00012590407257312406,0.13879217545305852
delhi_ncr,2025-10-31,28.525,76.875,0.0001078846525759358,0.19358951386261172
delhi_ncr,2025-10-31,28.525,76.925,9.721657114615472e-05,0.22245266789529414
delhi_ncr,2025-10-31,28.525,76.975,0.00023164930954992639,0.20918176837347482
delhi_ncr,2025-10-31,28.525,77.025,0.00034629285084222745,0.19063860767987145
delhi_ncr,2025-10-31,28.525,77.075,0.00039210490420273775,0.17398230412353025
delhi_ncr,2025-10-31,28.525,77.125,0.00026953750029952986,0.1699578292982594
delhi_ncr,2025-10-31,28.525,77.175,0.0002922882801996256,0.16799331330774422
delhi_ncr,2025-10-31,28.525,77.225,0.00022616515680339063,0.19402369542862125
delhi_ncr,2025-10-31,28.525,77.275,0.0001859554804555757,0.21110126659558126
delhi_ncr,2025-10-31,28.525,77.325,0.00046688735711154956,0.24737914780799622
delhi_ncr,2025-10-31,28.525,77.375,0.0004656162926562431,0.2429216720609346
delhi_ncr,2025-10-31,28.525,77.425,0.000593300726482829,0.23128869296474558
delhi_ncr,2025-10-31,28.525,77.475,0.0005454555528944968,0.21603275605349284
delhi_ncr,2025-10-31,28.525,77.525,0.00042284069279056055,0.21636835207749602
delhi_ncr,2025-10-31,28.525,77.55,0.0002771232803608166,0.22111264987110024
delhi_ncr,2025-10-31,28.575,76.825,0.0002182392967849197,0.19243382415247878
delhi_ncr,2025-10-31,28.575,76.875,0.00013594208896146166,0.23043062047449153
delhi_ncr,2025-10-31,28.575,76.925,0.0002070985591337163,0.29134893933103284
delhi_ncr,2025-10-31,28.575,76.975,0.00022276031222109375,0.2876777283715001
delhi_ncr,2025-10-31,28.575,77.025,0.00025452749246977584,0.2587429364130631
delhi_ncr,2025-10-31,28.575,77.075,0.00030826183019054407,0.22511297126468635
delhi_ncr,2025-10-31,28.575,77.125,0.00038451930042079414,0.24453829689274006
delhi_ncr,2025-10-31,28.575,77.175,0.0003256380868305719,0.24300320506934764
delhi_ncr,2025-10-31,28.575,77.225,0.0003040829583796297,0.2640321786745814
delhi_ncr,2025-10-31,28.575,77.275,0.0003541757107235437,0.2737816063426632
delhi_ncr,2025-10-31,28.575,77.325,0.0004442921674200182,0.2685103937363519
delhi_ncr,2025-10-31,28.575,77.375,0.0003217185727175936,0.2779790156611785
delhi_ncr,2025-10-31,28.575,77.425,0.0003087699299699774,0.25118917482645087
delhi_ncr,2025-10-31,28.575,77.475,0.000370714028327037,0.20497290405455604
delhi_ncr,2025-10-31,28.575,77.525,0.00037255290493431857,0.18503720163019619
delhi_ncr,2025-10-31,28.625,76.825,0.00023281247254253114,0.22118874765025714
delhi_ncr,2025-10-31,28.625,76.875,0.00023139398982717607,0.24640232919452834
delhi_ncr,2025-10-31,28.625,76.925,0.00026295669885588734,0.28647387220307463
delhi_ncr,2025-10-31,28.625,76.975,0.0002134799013655006,0.2928572188615985
delhi_ncr,2025-10-31,28.625,77.025,0.0002775275719384952,0.2758695546997315
delhi_ncr,2025-10-31,28.625,77.075,0.00041892519569217525,0.2489978710741662
delhi_ncr,2025-10-31,28.625,77.125,0.0003781742269424486,0.26341461975050184
delhi_ncr,2025-10-31,28.625,77.175,0.0002550260776835016,0.2817302540392735
delhi_ncr,2025-10-31,28.625,77.225,0.00045291388411369273,0.25123475104487336
delhi_ncr,2025-10-31,28.625,77.275,0.000506704470261608,0.22790838246048595
delhi_ncr,2025-10-31,28.625,77.325,0.0003620641631116863,0.2272029704595236
delhi_ncr,2025-10-31,28.625,77.375,0.00036394285352269514,0.2687246246687566
delhi_ncr,2025-10-31,28.625,77.425,0.00032127278984485217,0.2508402657885211
delhi_ncr,2025-10-31,28.625,77.475,0.0003637437589300269,0.2162800317312484
delhi_ncr,2025-10-31,28.625,77.525,0.00039099382028291593,0.19813541810555563
delhi_ncr,2025-10-31,28.625,77.55,0.00034221200730142265,0.20545183277234666
delhi_ncr,2025-10-31,28.675,76.825,0.00017885049080355807,0.18672230738448953
delhi_ncr,2025-10-31,28.675,76.875,0.00023289075092439062,0.2106074721084738
delhi_ncr,2025-10-31,28.675,76.925,0.00033579533055829705,0.25529824534647166
delhi_ncr,2025-10-31,28.675,76.975,0.00029440631994483526,0.26142510944385666
delhi_ncr,2025-10-31,28.675,77.025,0.0003201490035947002,0.2638850130236934
delhi_ncr,2025-10-31,28.675,77.075,0.0003962829538359918,0.266465676922704
delhi_ncr,2025-10-31,28.675,77.125,0.00034098503532566674,0.2689130886518137
delhi_ncr,2025-10-31,28.675,77.175,0.0002502166529189293,0.2808201157002139
delhi_ncr,2025-10-31,28.675,77.225,0.0004912849374724491,0.22994834389173407
delhi_ncr,2025-10-31,28.675,77.275,0.0005270421098743187,0.1955989140737801
delhi_ncr,2025-10-31,28.675,77.325,0.0003149236816738562,0.1972068718118881
delhi_ncr,2025-10-31,28.675,77.375,0.00041345685833407453,0.2430487809670629
delhi_ncr,2025-10-31,28.675,77.425,0.0003163367443675308,0.24266306780264427
delhi_ncr,2025-10-31,28.675,77.475,0.0003087207308600713,0.23079939521611173
delhi_ncr,2025-10-31,28.675,77.525,0.0003166047308150617,0.22850595398939927
delhi_ncr,2025-10-31,28.675,77.55,0.00032160507663424266,0.23967702445121666
delhi_ncr,2025-10-31,28.725,76.825,0.0001435373614774761,0.1527413130291255
delhi_ncr,2025-10-31,28.725,76.875,0.00021295608841674635,0.18312085333449626
delhi_ncr,2025-10-31,28.725,76.925,0.00035761141207615497,0.2308271964203062
delhi_ncr,2025-10-31,28.725,76.975,0.00035770196557669936,0.2341067586718192
delhi_ncr,2025-10-31,28.725,77.025,0.0003459783540029585,0.24985768343595713
delhi_ncr,2025-10-31,28.725,77.075,0.00033669218288799585,0.2754008966810921
delhi_ncr,2025-10-31,28.725,77.125,0.00030775345441613137,0.2689714363340493
delhi_ncr,2025-10-31,28.725,77.175,0.0002709644523223012,0.26806853230563943
delhi_ncr,2025-10-31,28.725,77.225,0.0004374760849573609,0.21301378891607964
delhi_ncr,2025-10-31,28.725,77.275,0.00045840942619530383,0.1776875227486854
delhi_ncr,2025-10-31,28.725,77.325,0.0003181114563537011,0.18058087673178674
delhi_ncr,2025-10-31,28.725,77.375,0.0004405387158498818,0.22160129008113866
delhi_ncr,2025-10-31,28.725,77.425,0.0003120122643579076,0.22710111862924307
delhi_ncr,2025-10-31,28.725,77.475,0.0002731882042872707,0.23257827072762002
delhi_ncr,2025-10-31,28.725,77.525,0.0002579323437186576,0.24684957133488927
delhi_ncr,2025-10-31,28.725,77.55,0.0002566465797264506,0.26749226381920266
delhi_ncr,2025-10-31,28.775,76.825,0.000198910079334106,0.1713610923672051
delhi_ncr,2025-10-31,28.775,76.875,0.00022610591435845174,0.21377843637859936
delhi_ncr,2025-10-31,28.775,76.925,0.00026691455845088627,0.2411164052487252
delhi_ncr,2025-10-31,28.775,76.975,0.0003116769949278574,0.24470264214816698
delhi_ncr,2025-10-31,28.775,77.025,0.00032509858391742316,0.25539002319089865
delhi_ncr,2025-10-31,28.775,77.075,0.0003111671498871344,0.2716093843803561
delhi_ncr,2025-10-31,28.775,77.175,0.00028894103432855706,0.2640155691238697
delhi_ncr,2025-10-31,28.775,77.225,0.00028911107347479845,0.21225385894690535
delhi_ncr,2025-10-31,28.775,77.275,0.00032264399039174144,0.17804158825718486
delhi_ncr,2025-10-31,28.775,77.325,0.0003854886292435395,0.1795497209075471
delhi_ncr,2025-10-31,28.775,77.375,0.00041706159716155554,0.22211907177775822
delhi_ncr,2025-10-31,28.775,77.425,0.0003263491042677869,0.20424192803911434
delhi_ncr,2025-10-31,28.775,77.475,0.00031394864572253413,0.20758509496462485
delhi_ncr,2025-10-31,28.775,77.525,0.00030206264791881416,0.22871631968428432
delhi_ncr,2025-10-31,28.775,77.55,0.00025396142005680865,0.24894625473927595
delhi_ncr,2025-10-31,28.825,76.825,0.00018770238146851667,0.14472464406900037
delhi_ncr,2025-10-31,28.825,76.875,0.00016886859298989246,0.17742745455905812
delhi_ncr,2025-10-31,28.825,76.925,0.00022703343826272138,0.2158628670911679
delhi_ncr,2025-10-31,28.825,76.975,0.00028986089610984314,0.23022846370662203
delhi_ncr,2025-10-31,28.825,77.025,0.0003425125011934463,0.23995173509896434
delhi_ncr,2025-10-31,28.825,77.075,0.00035100314621578526,0.24892046058767195
delhi_ncr,2025-10-31,28.825,77.125,0.000184721789859067,0.26708436866587626
delhi_ncr,2025-10-31,28.825,77.175,0.00029809617114272106,0.2845332577704777
delhi_ncr,2025-10-31,28.825,77.225,0.0003582880245960295,0.23177908473143644
delhi_ncr,2025-10-31,28.825,77.275,0.0003662869890878177,0.20367211226143453
delhi_ncr,2025-10-31,28.825,77.325,0.0003205817404922211,0.220853465666893
delhi_ncr,2025-10-31,28.825,77.375,0.00022222933245155864,0.27225577706259424
delhi_ncr,2025-10-31,28.825,77.425,0.0002792545128351999,0.25187845768141515
delhi_ncr,2025-10-31,28.825,77.475,0.00026762360742695025,0.23596224614479036
delhi_ncr,2025-10-31,28.825,77.525,0.000246735504156452,0.23007174691837268
delhi_ncr,2025-10-31,28.875,76.825,0.00017149164831300735,0.11892540164866416
delhi_ncr,2025-10-31,28.875,76.875,0.00013414114729591234,0.1397042352654664
delhi_ncr,2025-10-31,28.875,76.925,0.0002846417671281797,0.16478940669574152
delhi_ncr,2025-10-31,28.875,76.975,0.00039685320075299736,0.17281377651782057
delhi_ncr,2025-10-31,28.875,77.025,0.0003919140674327916,0.18168723032987713
delhi_ncr,2025-10-31,28.875,77.075,0.00030628313304928765,0.19471109501985162
delhi_ncr,2025-10-31,28.875,77.125,0.00033985060961128327,0.22552153756773988
delhi_ncr,2025-10-31,28.875,77.175,0.0005050557892551312,0.23362459443581232
delhi_ncr,2025-10-31,28.875,77.225,0.0004549787147893129,0.21861876681670617
delhi_ncr,2025-10-31,28.875,77.275,0.000421855029332993,0.2170776516922099
delhi_ncr,2025-10-31,28.875,77.325,0.00042263316797495415,0.23626989632663617
delhi_ncr,2025-10-31,28.875,77.375,0.00021774725588234845,0.28057170571832174
delhi_ncr,2025-10-31,28.875,77.425,0.0002604416902753254,0.26134932658451937
delhi_ncr,2025-10-31,28.875,77.475,0.00034354109154797677,0.24950624928626217
delhi_ncr,2025-10-31,28.875,77.525,0.0003067172495049736,0.25317399548868763
delhi_ncr,2025-10-31,28.875,77.55,0.00021882105040736276,0.25193152308179495
delhi_ncr,2025-11-01,28.375,76.975,0.0004386325263878336,0.2935941508693494
delhi_ncr,2025-11-01,28.375,77.025,0.0003545546469499745,0.262941681350876
delhi_ncr,2025-11-01,28.375,77.075,0.00032807211147128506,0.25462830460498387
delhi_ncr,2025-11-01,28.375,77.125,0.0003024717110833308,0.2923473488126319
delhi_ncr,2025-11-01,28.375,77.175,0.00037135747783053355,0.27617509531385775
delhi_ncr,2025-11-01,28.375,77.225,0.0003815627766078969,0.27377920590663196
delhi_ncr,2025-11-01,28.375,77.325,0.00044100483870279465,0.29848580887435516
delhi_ncr,2025-11-01,28.375,77.375,0.00044100483870279465,0.29848580887435516
delhi_ncr,2025-11-01,28.375,77.425,0.00044100483870279465,0.29848580887435516
delhi_ncr,2025-11-01,28.375,77.475,0.0004715684318928108,0.29585249779041467
delhi_ncr,2025-11-01,28.375,77.525,0.00047835609884145367,0.2950412290515085
delhi_ncr,2025-11-01,28.375,77.55,0.0005550359900915373,0.28683051647418345
delhi_ncr,2025-11-01,28.425,77.025,0.0003232376149850478,0.2550266265405909
delhi_ncr,2025-11-01,28.425,77.075,0.0003232376149850478,0.2550266265405909
delhi_ncr,2025-11-01,28.425,77.475,0.000491806961121261,0.29915843660758523
delhi_ncr,2025-11-01,28.425,77.525,0.0005022484484611778,0.29662317482827877
delhi_ncr,2025-11-01,28.425,77.55,0.0005198909615527614,0.2923394566494507
delhi_ncr,2025-11-01,28.475,77.425,0.0005409070668268082,0.2988434409032325
delhi_ncr,2025-11-01,28.475,77.475,0.0005530022677319737,0.29025339725012134
delhi_ncr,2025-11-01,28.475,77.525,0.0005398624294301888,0.2836465904534985
delhi_ncr,2025-11-01,28.475,77.55,0.0005321351873653186,0.2766911286047498
delhi_ncr,2025-11-01,28.525,77.375,0.0005179619691876601,0.23450939526440218
delhi_ncr,2025-11-01,28.525,77.425,0.0005411006681234235,0.2966641407502881
delhi_ncr,2025-11-01,28.525,77.475,0.0005529239302542046,0.2882670628678853
delhi_ncr,2025-11-01,28.525,77.525,0.0005564421466037324,0.2744254682983106
delhi_ncr,2025-11-01,28.525,77.55,0.0005983220502363596,0.21001090931224475
delhi_ncr,2025-11-01,28.575,77.325,0.0005179619691876601,0.23450939526440218
delhi_ncr,2025-11-01,28.575,77.375,0.0005179619691876601,0.23450939526440218
delhi_ncr,2025-11-01,28.575,77.425,0.0005429044889048891,0.2262630989890362
delhi_ncr,2025-11-01,28.575,77.475,0.0005501598693083377,0.20913378583565415
delhi_ncr,2025-11-01,28.575,77.525,0.0005850487893933519,0.1851579713598253
delhi_ncr,2025-11-01,28.625,77.075,0.0005380818649783741,0.29964941668012673
delhi_ncr,2025-11-01,28.625,77.125,0.0005380818649783741,0.29964941668012673
delhi_ncr,2025-11-01,28.625,77.175,0.0005069031132952653,0.28596791740498323
delhi_ncr,2025-11-01,28.625,77.225,0.0005961792316531293,0.25029893940457426
delhi_ncr,2025-11-01,28.625,77.275,0.0006343653502299828,0.22666583200439486
delhi_ncr,2025-11-01,28.625,77.325,0.0005814342678891224,0.2184197447337647
delhi_ncr,2025-11-01,28.625,77.375,0.00046136828732434566,0.19302132132922806
delhi_ncr,2025-11-01,28.625,77.425,0.0005659849115563776,0.2016509309393231
delhi_ncr,2025-11-01,28.625,77.475,0.0004983605373102532,0.21364326090509844
delhi_ncr,2025-11-01,28.625,77.525,0.0004796062231187787,0.2204424896375086
delhi_ncr,2025-11-01,28.625,77.55,0.0005958904765399274,0.19820633119828954
delhi_ncr,2025-11-01,28.675,77.075,0.0004781672363580916,0.28915299001199357
delhi_ncr,2025-11-01,28.675,77.125,0.00047630653360590893,0.2888270140285112
delhi_ncr,2025-11-01,28.675,77.175,0.00045316609251818465,0.2746457630329426
delhi_ncr,2025-11-01,28.675,77.225,0.0005258835148917897,0.2594288766105933
delhi_ncr,2025-11-01,28.675,77.275,0.000560898580012367,0.247999774378422
delhi_ncr,2025-11-01,28.675,77.325,0.0005243885447712876,0.24263414416120774
delhi_ncr,2025-11-01,28.675,77.375,0.00040248080626794556,0.23936791458922912
delhi_ncr,2025-11-01,28.675,77.425,0.0005423248979210483,0.20893147313944607
delhi_ncr,2025-11-01,28.675,77.475,0.0004841404723236615,0.21481906628118563
delhi_ncr,2025-11-01,28.675,77.525,0.0004486720359707055,0.23061741443880515
delhi_ncr,2025-11-01,28.675,77.55,0.0005395162657850113,0.2374336443321385
delhi_ncr,2025-11-01,28.725,77.075,0.00041825260773780906,0.2786565633438604
delhi_ncr,2025-11-01,28.725,77.125,0.00041825260773780906,0.2786565633438604
delhi_ncr,2025-11-01,28.725,77.175,0.00040291371052015077,0.2641417623555594
delhi_ncr,2025-11-01,28.725,77.225,0.00046012316488069633,0.26799841116990464
delhi_ncr,2025-11-01,28.725,77.275,0.0004911618898509675,0.2682769264525027
delhi_ncr,2025-11-01,28.725,77.325,0.0004686849797912632,0.26537914300854937
delhi_ncr,2025-11-01,28.725,77.375,0.00036245787791828636,0.29415131660320304
delhi_ncr,2025-11-01,28.725,77.425,0.00036245787791828636,0.29415131660320304
delhi_ncr,2025-11-01,28.725,77.475,0.0005149970531619475,0.2979054154133166
delhi_ncr,2025-11-01,28.725,77.525,0.0004850633843304486,0.2984783662936972
delhi_ncr,2025-11-01,28.725,77.55,0.0004205908668472201,0.29971241434374746
delhi_ncr,2025-11-01,28.775,77.475,0.0005149970531619475,0.2979054154133166
delhi_ncr,2025-11-01,28.775,77.525,0.00048391924027573293,0.29850026599289947
delhi_ncr,2025-11-01,28.775,77.55,0.0004047583212862324,0.26692842699431457
delhi_ncr,2025-11-01,28.825,76.975,0.00026768636984639326,0.2988138137060363
delhi_ncr,2025-11-01,28.825,77.025,0.00026768636984639326,0.2988138137060363
delhi_ncr,2025-11-01,28.825,77.475,0.00040662388903291255,0.2730610982119529
delhi_ncr,2025-11-01,28.825,77.525,0.0004007978020434319,0.2602500242737245
delhi_ncr,2025-11-01,28.875,76.825,0.0002737998809713534,0.2770332423258284
delhi_ncr,2025-11-01,28.875,76.875,0.00041311368386866433,0.26730334373017195
delhi_ncr,2025-11-01,28.875,76.925,0.0003208569685714724,0.25935978712862
delhi_ncr,2025-11-01,28.875,76.975,0.0002798143555056016,0.2622187344945062
delhi_ncr,2025-11-01,28.875,77.025,0.00028394059590690335,0.26570773553993093
delhi_ncr,2025-11-01,28.875,77.075,0.0003299131529019036,0.27078322751428624
delhi_ncr,2025-11-01,28.875,77.125,0.00039713986782064805,0.2783852040173881
delhi_ncr,2025-11-01,28.875,77.175,0.00041570131157176436,0.26730594093305643
delhi_ncr,2025-11-01,28.875,77.225,0.0003985391185182541,0.2795485625541359
delhi_ncr,2025-11-01,28.875,77.275,0.0004038166716684141,0.2853400774147693
delhi_ncr,2025-11-01,28.875,77.325,0.00043346839350243333,0.2771312409246307
delhi_ncr,2025-11-01,28.875,77.375,0.00041677993474496843,0.2484197800934633
delhi_ncr,2025-11-01,28.875,77.425,0.0003593943362971922,0.24412547866835843
delhi_ncr,2025-11-01,28.875,77.475,0.00038628393495976414,0.22449086843850974
delhi_ncr,2025-11-01,28.875,77.525,0.0003982988612444044,0.20023214954853713
delhi_ncr,2025-11-01,28.875,77.55,0.00038512035933459536,0.1920723114502064
delhi_ncr,2025-11-02,28.375,76.825,0.0002444222493999926,0.2701436362925346
delhi_ncr,2025-11-02,28.375,76.875,0.0003034938307165399,0.2672097587603788
delhi_ncr,2025-11-02,28.375,76.925,0.00031600728691914934,0.2727990968376079
delhi_ncr,2025-11-02,28.375,76.975,0.00020266412177233543,0.27016607419825
delhi_ncr,2025-11-02,28.375,77.025,0.0002235364242578078,0.2603157845781632
delhi_ncr,2025-11-02,28.375,77.075,0.0003417661115699011,0.24324583201499045
delhi_ncr,2025-11-02,28.375,77.125,0.00026195692645632586,0.2151257066077606
delhi_ncr,2025-11-02,28.375,77.175,0.00028382078041805424,0.20281940275530627
delhi_ncr,2025-11-02,28.375,77.225,0.00032093958059923726,0.18692993419951298
delhi_ncr,2025-11-02,28.375,77.275,0.0003481237152217606,0.17752095246159857
delhi_ncr,2025-11-02,28.375,77.325,0.000334919903551238,0.17337072684440039
delhi_ncr,2025-11-02,28.375,77.375,0.00011017714188598,0.14749673161419144
delhi_ncr,2025-11-02,28.375,77.425,0.00039627795963608116,0.14388972842624442
delhi_ncr,2025-11-02,28.375,77.475,0.0003899082231757605,0.15013522132091547
delhi_ncr,2025-11-02,28.375,77.525,0.0003344929735146261,0.15801556052398605
delhi_ncr,2025-11-02,28.375,77.55,0.00029041533256737737,0.1609957448349716
delhi_ncr,2025-11-02,28.425,76.825,0.0003168619841811521,0.25014460027088964
delhi_ncr,2025-11-02,28.425,76.875,0.0003545559889287655,0.24581321911385087
delhi_ncr,2025-11-02,28.425,76.925,0.00028855452122217653,0.2510804557297245
delhi_ncr,2025-11-02,28.425,76.975,0.00020027512552624234,0.25311109402459925
delhi_ncr,2025-11-02,28.425,77.025,0.0002155771991047469,0.25037986695993425
delhi_ncr,2025-11-02,28.425,77.075,0.0003042982931584645,0.23999246968421012
delhi_ncr,2025-11-02,28.425,77.125,0.00027646968970938395,0.20871847767303794
delhi_ncr,2025-11-02,28.425,77.175,0.00027845143531857804,0.2039124910556355
delhi_ncr,2025-11-02,28.425,77.225,0.0002916528241072859,0.18025392858035325
delhi_ncr,2025-11-02,28.425,77.275,0.000310234120587336,0.16347888672209118
delhi_ncr,2025-11-02,28.425,77.325,0.00031629498686870075,0.15732058146600456
delhi_ncr,2025-11-02,28.425,77.375,0.00019816102155323703,0.14476740814635805
delhi_ncr,2025-11-02,28.425,77.425,0.00030126901215265454,0.14285589546712044
delhi_ncr,2025-11-02,28.425,77.475,0.00041320262017330165,0.15068330084080173
delhi_ncr,2025-11-02,28.425,77.525,0.00038320176629751113,0.16326595635055077
delhi_ncr,2025-11-02,28.425,77.55,0.00019828124474288998,0.17627691853236716
delhi_ncr,2025-11-02,28.475,76.825,0.000392825297276708,0.2320374034168785
delhi_ncr,2025-11-02,28.475,76.875,0.0004273199371425348,0.2289402892387431
delhi_ncr,2025-11-02,28.475,76.925,0.0002646176393612947,0.2321774185969145
delhi_ncr,2025-11-02,28.475,76.975,0.00022230951969411239,0.23680610367993724
delhi_ncr,2025-11-02,28.475,77.025,0.00023590299672135407,0.23869177764258678
delhi_ncr,2025-11-02,28.475,77.075,0.0002852302109394349,0.233648259317642
delhi_ncr,2025-11-02,28.475,77.125,0.0003182282051058736,0.20437822426666558
delhi_ncr,2025-11-02,28.475,77.175,0.00031653130452633877,0.20021191414374473
delhi_ncr,2025-11-02,28.475,77.225,0.00029029806765945777,0.17384409096979173
delhi_ncr,2025-11-02,28.475,77.275,0.00027575072655391735,0.1535546101198219
delhi_ncr,2025-11-02,28.475,77.325,0.0002799712492887413,0.14589599397165842
delhi_ncr,2025-11-02,28.475,77.375,0.0002997859522780251,0.1433193950084233
delhi_ncr,2025-11-02,28.475,77.425,0.00025664551229670913,0.1431545108019326
delhi_ncr,2025-11-02,28.475,77.475,0.0004435232917379556,0.1508869957559925
delhi_ncr,2025-11-02,28.475,77.525,0.00044657058774011333,0.1647609912949395
delhi_ncr,2025-11-02,28.475,77.55,0.00023089659033085844,0.17955189131939164
delhi_ncr,2025-11-02,28.525,76.825,0.0004087558042940913,0.22323734761687677
delhi_ncr,2025-11-02,28.525,76.875,0.0004700580872091276,0.22335680455162685
delhi_ncr,2025-11-02,28.525,76.925,0.0002510364587308854,0.22498410022092702
delhi_ncr,2025-11-02,28.525,76.975,0.0002460733259826756,0.22853503488052315
delhi_ncr,2025-11-02,28.525,77.025,0.0002767679123422684,0.22864551699218408
delhi_ncr,2025-11-02,28.525,77.075,0.00030874747245276577,0.22219102400284177
delhi_ncr,2025-11-02,28.525,77.125,0.00031925848925651366,0.19683217336105344
delhi_ncr,2025-11-02,28.525,77.175,0.00032774494541763744,0.183663605025748
delhi_ncr,2025-11-02,28.525,77.225,0.0002849246354464619,0.16789015077155328
delhi_ncr,2025-11-02,28.525,77.275,0.00023029620956747463,0.1553814672673297
delhi_ncr,2025-11-02,28.525,77.325,0.00019440737255037327,0.14794012006785565
delhi_ncr,2025-11-02,28.525,77.375,0.0003051676896466869,0.1422709643094248
delhi_ncr,2025-11-02,28.525,77.425,0.0003467141342660337,0.14227293061436053
delhi_ncr,2025-11-02,28.525,77.475,0.00047465402909998796,0.1483756375545898
delhi_ncr,2025-11-02,28.525,77.525,0.0005009634676633998,0.15916756344065416
delhi_ncr,2025-11-02,28.525,77.55,0.0004069046732879193,0.16267614050081064
delhi_ncr,2025-11-02,28.575,76.825,0.00037193827462623987,0.20834663897135736
delhi_ncr,2025-11-02,28.575,76.875,0.0003977115033338294,0.20981266306420548
delhi_ncr,2025-11-02,28.575,76.925,0.00053307858851856,0.2161101155412492
delhi_ncr,2025-11-02,28.575,76.975,0.0003832593767183688,0.21506769895455027
delhi_ncr,2025-11-02,28.575,77.025,0.0002488183366678147,0.21214111435091862
delhi_ncr,2025-11-02,28.575,77.075,0.0001857747267846604,0.20715801441764764
delhi_ncr,2025-11-02,28.575,77.125,0.0002291034860788664,0.194684883167755
delhi_ncr,2025-11-02,28.575,77.175,0.0002861260802910938,0.1815481351083224
delhi_ncr,2025-11-02,28.575,77.225,0.0002598304334041058,0.17405954142456517
delhi_ncr,2025-11-02,28.575,77.275,0.00028902310592635814,0.1679548835785081
delhi_ncr,2025-11-02,28.575,77.325,0.00036026519510230066,0.16268434108527086
delhi_ncr,2025-11-02,28.575,77.375,0.00018952409309295394,0.15647072548926916
delhi_ncr,2025-11-02,28.575,77.425,0.0002772357655535708,0.15132326636899343
delhi_ncr,2025-11-02,28.575,77.475,0.00039676117213232313,0.14813948708738764
delhi_ncr,2025-11-02,28.575,77.525,0.00045937245175695475,0.14839791316099038
delhi_ncr,2025-11-02,28.625,76.825,0.0004368418466603419,0.19808072560516152
delhi_ncr,2025-11-02,28.625,76.875,0.00038708123958084356,0.19769510569553753
delhi_ncr,2025-11-02,28.625,76.925,0.00043143448102238546,0.20153548987761455
delhi_ncr,2025-11-02,28.625,76.975,0.0003490777907473805,0.20295228966286397
delhi_ncr,2025-11-02,28.625,77.025,0.0002697644781667048,0.20374905351929334
delhi_ncr,2025-11-02,28.625,77.075,0.0002342230665553637,0.20232158086292684
delhi_ncr,2025-11-02,28.625,77.125,0.0003465416228403993,0.19157124947744802
delhi_ncr,2025-11-02,28.625,77.175,0.0003230140730822894,0.18631112806515218
delhi_ncr,2025-11-02,28.625,77.225,0.00031071975957444256,0.1807377373747086
delhi_ncr,2025-11-02,28.625,77.275,0.00029589951026165977,0.17574087216770487
delhi_ncr,2025-11-02,28.625,77.325,0.00027171135704324794,0.17186240160568603
delhi_ncr,2025-11-02,28.625,77.375,0.00019818606859170379,0.16769766505262157
delhi_ncr,2025-11-02,28.625,77.425,0.0004773464575820533,0.16348567002244976
delhi_ncr,2025-11-02,28.625,77.475,0.00042911966219525175,0.16513549604331393
delhi_ncr,2025-11-02,28.625,77.525,0.0003265622210920345,0.1705819396488598
delhi_ncr,2025-11-02,28.625,77.55,0.00031974363164852563,0.1688760907125687
delhi_ncr,2025-11-02,28.675,76.825,0.00037893501108600126,0.1898703538790504
delhi_ncr,2025-11-02,28.675,76.875,0.0003263512352401898,0.18622056538004758
delhi_ncr,2025-11-02,28.675,76.925,0.0003710239441400579,0.19095541879742073
delhi_ncr,2025-11-02,28.675,76.975,0.0003457549222048785,0.19281166069639516
delhi_ncr,2025-11-02,28.675,77.025,0.00026632699620460584,0.19609285958116127
delhi_ncr,2025-11-02,28.675,77.075,0.000180918852602783,0.1984019816672267
delhi_ncr,2025-11-02,28.675,77.125,0.0002736942358457149,0.18683432667289182
delhi_ncr,2025-11-02,28.675,77.175,0.0003071108210308765,0.18641483479360998
delhi_ncr,2025-11-02,28.675,77.225,0.000354003872339246,0.17935174227904738
delhi_ncr,2025-11-02,28.675,77.275,0.00035968765016564444,0.17278738610721225
delhi_ncr,2025-11-02,28.675,77.325,0.0003098861430411843,0.16836576328146224
delhi_ncr,2025-11-02,28.675,77.375,0.0001778342170039361,0.1648388832343521
delhi_ncr,2025-11-02,28.675,77.425,0.0003892083454841708,0.1622243550612476
delhi_ncr,2025-11-02,28.675,77.475,0.00036371263887501304,0.1672381097652431
delhi_ncr,2025-11-02,28.675,77.525,0.00028709448046951476,0.17628461076852692
delhi_ncr,2025-11-02,28.675,77.55,0.0002220298412458512,0.18694671374659105
delhi_ncr,2025-11-02,28.725,76.825,0.0003222255331769571,0.17966671415234198
delhi_ncr,2025-11-02,28.725,76.875,0.0003211656045467496,0.17412603685189484
delhi_ncr,2025-11-02,28.725,76.925,0.0003145444737192321,0.17822096404224932
delhi_ncr,2025-11-02,28.725,76.975,0.000323293290025675,0.17907442007146085
delhi_ncr,2025-11-02,28.725,77.025,0.0002518167758455151,0.18224453492681544
delhi_ncr,2025-11-02,28.725,77.075,0.00014025139521863165,0.18566993866770287
delhi_ncr,2025-11-02,28.725,77.125,0.00020337543692872296,0.17797039329373698
delhi_ncr,2025-11-02,28.725,77.175,0.0003065596680256846,0.17869122243411342
delhi_ncr,2025-11-02,28.725,77.225,0.00036775743851838504,0.17149323186138155
delhi_ncr,2025-11-02,28.725,77.275,0.0003687961156958437,0.1646796552378193
delhi_ncr,2025-11-02,28.725,77.325,0.0003041338747162005,0.160090990447246
delhi_ncr,2025-11-02,28.725,77.375,0.00020878387574326681,0.1566205836146757
delhi_ncr,2025-11-02,28.725,77.425,0.00027522931304015114,0.15510379304280783
delhi_ncr,2025-11-02,28.725,77.475,0.00029499207727474845,0.16083575642936296
delhi_ncr,2025-11-02,28.725,77.525,0.0003152065271094793,0.171716631228487
delhi_ncr,2025-11-02,28.725,77.55,0.00045053178711954007,0.1830784750358012
delhi_ncr,2025-11-02,28.775,76.825,0.00036964504293784934,0.16417289696320705
delhi_ncr,2025-11-02,28.775,76.875,0.00046460614804607573,0.16068940334176093
delhi_ncr,2025-11-02,28.775,76.925,0.000237697036072654,0.15819062173086257
delhi_ncr,2025-11-02,28.775,76.975,0.00024139309444868394,0.15758178933812317
delhi_ncr,2025-11-02,28.775,77.025,0.00023246079643684175,0.15640252543653493
delhi_ncr,2025-11-02,28.775,77.075,0.00020746789941700574,0.15585392835932804
delhi_ncr,2025-11-02,28.775,77.125,0.00029096049175162493,0.16258968830636622
delhi_ncr,2025-11-02,28.775,77.175,0.00037747634587569605,0.15991198294636164
delhi_ncr,2025-11-02,28.775,77.225,0.00032771109867767693,0.15766152527682167
delhi_ncr,2025-11-02,28.775,77.275,0.0002173475383109032,0.15525231391851887
delhi_ncr,2025-11-02,28.775,77.325,0.00011736864362874617,0.15268357023487997
delhi_ncr,2025-11-02,28.775,77.375,0.0003622078681081534,0.14932354278281063
delhi_ncr,2025-11-02,28.775,77.425,0.000335701089658535,0.14735236002374363
delhi_ncr,2025-11-02,28.775,77.475,0.0003023435180198393,0.14978517527658883
delhi_ncr,2025-11-02,28.775,77.525,0.0004063688388950879,0.1603574902030461
delhi_ncr,2025-11-02,28.775,77.55,0.0006077983138858881,0.17129845563662963
delhi_ncr,2025-11-02,28.825,76.825,0.00020413895446456538,0.16621274984207043
delhi_ncr,2025-11-02,28.825,76.875,0.00021282168304351682,0.16648681685314612
delhi_ncr,2025-11-02,28.825,76.925,0.00024370693283012914,0.16050476384024082
delhi_ncr,2025-11-02,28.825,76.975,0.0002636696408605257,0.16004686925804293
delhi_ncr,2025-11-02,28.825,77.025,0.00027777432779461464,0.15915932973900435
delhi_ncr,2025-11-02,28.825,77.075,0.0003004877224620695,0.15730969814072862
delhi_ncr,2025-11-02,28.825,77.125,0.00040106740083865156,0.1550735791112894
delhi_ncr,2025-11-02,28.825,77.175,0.0003168349644148978,0.15919143320382892
delhi_ncr,2025-11-02,28.825,77.225,0.00015937895321540147,0.1606142732342997
delhi_ncr,2025-11-02,28.825,77.275,5.729491901360334e-05,0.16050204392086118
delhi_ncr,2025-11-02,28.825,77.325,6.769639317688121e-05,0.15895887849341422
delhi_ncr,2025-11-02,28.825,77.375,0.000338310548888521,0.15523379385340533
delhi_ncr,2025-11-02,28.825,77.425,0.0003047854715540549,0.14955495136889793
delhi_ncr,2025-11-02,28.825,77.475,0.0003197070032433363,0.1481630741550424
delhi_ncr,2025-11-02,28.825,77.525,0.00040753411490137734,0.1534588390173248
delhi_ncr,2025-11-02,28.875,76.825,0.0001743675093116651,0.16670170576146445
delhi_ncr,2025-11-02,28.875,76.875,0.000282551909760747,0.16943907375343767
delhi_ncr,2025-11-02,28.875,76.925,0.00034935717699963246,0.17014843723071954
delhi_ncr,2025-11-02,28.875,76.975,0.00035404634151108043,0.17198655502223448
delhi_ncr,2025-11-02,28.875,77.025,0.0003812397520953821,0.1728993397825363
delhi_ncr,2025-11-02,28.875,77.075,0.0004252074396291502,0.1726150982152031
delhi_ncr,2025-11-02,28.875,77.125,0.0004146846618084319,0.17010038391695892
delhi_ncr,2025-11-02,28.875,77.175,0.00041469289854007647,0.17143784854786973
delhi_ncr,2025-11-02,28.875,77.225,0.00029884109340010736,0.16747881315915353
delhi_ncr,2025-11-02,28.875,77.275,0.00023115981732127664,0.16351655587758096
delhi_ncr,2025-11-02,28.875,77.325,0.0002443181228373177,0.16033992903501962
delhi_ncr,2025-11-02,28.875,77.375,0.00031267688707049644,0.1534206264691208
delhi_ncr,2025-11-02,28.875,77.425,0.0003224388349538982,0.14277893398990216
delhi_ncr,2025-11-02,28.875,77.475,0.0003019985383196491,0.12857532465082863
delhi_ncr,2025-11-02,28.875,77.525,0.0002602749681216544,0.12250504691149663
delhi_ncr,2025-11-02,28.875,77.55,0.0003232056805486724,0.14029111995442728
delhi_ncr,2025-11-03,28.375,76.825,0.000156501097615324,0.11706463887198201
delhi_ncr,2025-11-03,28.375,76.875,0.00020367666491753124,0.12468588537420602
delhi_ncr,2025-11-03,28.375,76.925,0.00021105246449022142,0.1265975054548043
delhi_ncr,2025-11-03,28.375,76.975,0.00019276738693512347,0.12627266135867643
delhi_ncr,2025-11-03,28.375,77.025,0.0001600282903731999,0.12440070675468287
delhi_ncr,2025-11-03,28.375,77.075,0.0001387666755746759,0.12153291235698585
delhi_ncr,2025-11-03,28.375,77.125,0.00023162562180196756,0.11924289951884709
delhi_ncr,2025-11-03,28.375,77.175,0.00023822763639122185,0.11865873978859262
delhi_ncr,2025-11-03,28.375,77.225,0.00016273795313213372,0.12809131301950255
delhi_ncr,2025-11-03,28.375,77.275,0.00013636806898384055,0.1393974137375771
delhi_ncr,2025-11-03,28.375,77.325,0.00018193860331219835,0.1507932521276648
delhi_ncr,2025-11-03,28.375,77.375,0.0002572707935584041,0.16479751442251675
delhi_ncr,2025-11-03,28.375,77.425,0.00016388574009639553,0.17876426018771338
delhi_ncr,2025-11-03,28.375,77.475,0.00021019552282843012,0.19545355862135158
delhi_ncr,2025-11-03,28.375,77.525,0.00022851568964222022,0.19612973435632478
delhi_ncr,2025-11-03,28.375,77.55,0.0001768295418988591,0.1868113672619368
delhi_ncr,2025-11-03,28.425,76.825,0.00019206934792264846,0.11924818008757185
delhi_ncr,2025-11-03,28.425,76.875,0.0002109249311947024,0.1261444076970172
delhi_ncr,2025-11-03,28.425,76.925,9.10798296262043e-05,0.13142210340884833
delhi_ncr,2025-11-03,28.425,76.975,7.85850899943827e-05,0.13378242559547768
delhi_ncr,2025-11-03,28.425,77.025,0.00010395180375607195,0.1343974493105859
delhi_ncr,2025-11-03,28.425,77.075,0.00015978941372571886,0.13351372864159539
delhi_ncr,2025-11-03,28.425,77.125,0.00028884264144781065,0.13095528566184456
delhi_ncr,2025-11-03,28.425,77.175,0.0002314193871322738,0.13512455675981436
delhi_ncr,2025-11-03,28.425,77.225,0.0002136635481490265,0.14587614399570897
delhi_ncr,2025-11-03,28.425,77.275,0.00022435742797469207,0.15638962573147752
delhi_ncr,2025-11-03,28.425,77.325,0.0002489867189364224,0.1663088596942553
delhi_ncr,2025-11-03,28.425,77.375,0.00018601225888524985,0.1890203477377356
delhi_ncr,2025-11-03,28.425,77.425,0.00019007576073311365,0.1966934409996689
delhi_ncr,2025-11-03,28.425,77.475,0.0002438412998079433,0.19406400761256007
delhi_ncr,2025-11-03,28.425,77.525,0.00028645596662876295,0.19077140856362354
delhi_ncr,2025-11-03,28.425,77.55,0.0002861998212462291,0.18825255522337442
delhi_ncr,2025-11-03,28.475,76.825,0.0002189844946714095,0.12024047566769357
delhi_ncr,2025-11-03,28.475,76.875,0.00021816536731686687,0.12516460921803552
delhi_ncr,2025-11-03,28.475,76.925,1.6486387230392202e-05,0.13282621384465404
delhi_ncr,2025-11-03,28.475,76.975,1.3405692377952324e-05,0.13925305530497076
delhi_ncr,2025-11-03,28.475,77.025,6.903087312988958e-05,0.14338600345220034
delhi_ncr,2025-11-03,28.475,77.075,0.00016363807993170044,0.14513205488381356
delhi_ncr,2025-11-03,28.475,77.125,0.0002948835725935841,0.14558660234999463
delhi_ncr,2025-11-03,28.475,77.175,0.00018868238792312434,0.15480330953678345
delhi_ncr,2025-11-03,28.475,77.225,0.00022566363828919415,0.1685050481365162
delhi_ncr,2025-11-03,28.475,77.275,0.00027165939034405856,0.17747920327204433
delhi_ncr,2025-11-03,28.475,77.325,0.000280690521784925,0.182594306828947
delhi_ncr,2025-11-03,28.475,77.375,0.00013274154313296644,0.2104299885625436
delhi_ncr,2025-11-03,28.475,77.425,0.00020176948277520374,0.2147718235328926
delhi_ncr,2025-11-03,28.475,77.475,0.0002909034130814398,0.1974126995308854
delhi_ncr,2025-11-03,28.475,77.525,0.000352507243594723,0.19345965182349253
delhi_ncr,2025-11-03,28.475,77.55,0.00034799450971837907,0.21591999215371468
delhi_ncr,2025-11-03,28.525,76.825,0.00020989931094403158,0.11932323336105352
delhi_ncr,2025-11-03,28.525,76.875,0.0002186263922206273,0.12295471233056597
delhi_ncr,2025-11-03,28.525,76.925,9.579306210625216e-05,0.13144250827598858
delhi_ncr,2025-11-03,28.525,76.975,0.0001186807494221042,0.14263143964231498
delhi_ncr,2025-11-03,28.525,77.025,0.00011985322690272543,0.15017951073739344
delhi_ncr,2025-11-03,28.525,77.075,0.00010508795016652432,0.15426960092788697
delhi_ncr,2025-11-03,28.525,77.125,0.00019441965338386406,0.16089619529602328
delhi_ncr,2025-11-03,28.525,77.175,0.00012843069804985028,0.17120572599616954
delhi_ncr,2025-11-03,28.525,77.225,0.0001646380238568627,0.18959147929212683
delhi_ncr,2025-11-03,28.525,77.275,0.00019222593151996741,0.19798269692473278
delhi_ncr,2025-11-03,28.525,77.325,0.0001832356671443559,0.19677807556185467
delhi_ncr,2025-11-03,28.525,77.375,0.00011645599941217499,0.2206704316976635
delhi_ncr,2025-11-03,28.525,77.425,0.00017777324581967684,0.22763270662689694
delhi_ncr,2025-11-03,28.525,77.475,0.0003468540676106566,0.21304965123953945
delhi_ncr,2025-11-03,28.525,77.525,0.0004074750863531117,0.20980916483198997
delhi_ncr,2025-11-03,28.525,77.55,0.0004051450966444641,0.2343447968669421
delhi_ncr,2025-11-03,28.575,76.825,0.0002119655605936593,0.12517113224670032
delhi_ncr,2025-11-03,28.575,76.875,9.499045960529048e-05,0.13875249250629682
delhi_ncr,2025-11-03,28.575,76.925,0.00012121905088404395,0.15508036609253065
delhi_ncr,2025-11-03,28.575,76.975,0.0002144092724405287,0.16635236459882954
delhi_ncr,2025-11-03,28.575,77.025,0.0002391573744008946,0.18022399437195954
delhi_ncr,2025-11-03,28.575,77.075,0.00020762530657859172,0.19765315153394442
delhi_ncr,2025-11-03,28.575,77.125,0.0002551193213721793,0.22452630678606095
delhi_ncr,2025-11-03,28.575,77.175,0.00024470645466237407,0.21920896639477472
delhi_ncr,2025-11-03,28.575,77.225,0.00022128848589347708,0.227953832214455
delhi_ncr,2025-11-03,28.575,77.275,0.00020758995839838184,0.23392629973317047
delhi_ncr,2025-11-03,28.575,77.325,0.00021605897684264503,0.23327536977638902
delhi_ncr,2025-11-03,28.575,77.375,0.0002921290168557001,0.22699751610896382
delhi_ncr,2025-11-03,28.575,77.425,0.000313158275383511,0.2303874767300567
delhi_ncr,2025-11-03,28.575,77.475,0.0003492918359939049,0.23202179813232568
delhi_ncr,2025-11-03,28.575,77.525,0.00041821186246685286,0.23612084809141864
delhi_ncr,2025-11-03,28.625,76.825,5.1521103012560853e-05,0.1476791830404832
delhi_ncr,2025-11-03,28.625,76.875,-1.014772149852071e-05,0.1541352669018696
delhi_ncr,2025-11-03,28.625,76.925,0.00018265430873722296,0.18316850662033407
delhi_ncr,2025-11-03,28.625,76.975,0.00019597044191494887,0.1903595317333282
delhi_ncr,2025-11-03,28.625,77.025,0.00018574051573420317,0.20198600845354414
delhi_ncr,2025-11-03,28.625,77.075,0.00018800413887812867,0.2175048092416151
delhi_ncr,2025-11-03,28.625,77.125,0.0002786239214330313,0.2206050621917666
delhi_ncr,2025-11-03,28.625,77.175,0.00027651201229990754,0.21943310145390743
delhi_ncr,2025-11-03,28.625,77.225,0.00025623388496107715,0.23416740053026924
delhi_ncr,2025-11-03,28.625,77.275,0.00024379369473379134,0.243475190512969
delhi_ncr,2025-11-03,28.625,77.325,0.0002399915438075459,0.24390826733415813
delhi_ncr,2025-11-03,28.625,77.375,0.0002034710422833123,0.24739965315267978
delhi_ncr,2025-11-03,28.625,77.425,0.00021028129519770375,0.24829556662674435
delhi_ncr,2025-11-03,28.625,77.475,0.000219360995879083,0.2503010630434017
delhi_ncr,2025-11-03,28.625,77.525,0.00028800468540000776,0.2546851360408467
delhi_ncr,2025-11-03,28.625,77.55,0.00045149409051391547,0.25441284969473443
delhi_ncr,2025-11-03,28.675,76.825,5.050417368455705e-05,0.16555089817843952
delhi_ncr,2025-11-03,28.675,76.875,-2.7703189390953924e-05,0.16453600177292563
delhi_ncr,2025-11-03,28.675,76.925,0.00021407026505434752,0.1991569110240783
delhi_ncr,2025-11-03,28.675,76.975,0.00025354650885314484,0.20368844002776215
delhi_ncr,2025-11-03,28.675,77.025,0.0002558605230255509,0.21373607659508567
delhi_ncr,2025-11-03,28.675,77.075,0.0002574658764215021,0.2281362624595237
delhi_ncr,2025-11-03,28.675,77.125,0.00034456936972013046,0.2262487415576054
delhi_ncr,2025-11-03,28.675,77.175,0.0003447853794107979,0.2262734654523006
delhi_ncr,2025-11-03,28.675,77.225,0.00033068794546635075,0.2420456723701294
delhi_ncr,2025-11-03,28.675,77.275,0.00032159121723912743,0.25189932797003883
delhi_ncr,2025-11-03,28.675,77.325,0.0003357964938186371,0.25260035568950845
delhi_ncr,2025-11-03,28.675,77.375,0.00045536371000101596,0.258510028936723
delhi_ncr,2025-11-03,28.675,77.425,0.0004569218907844263,0.2585394291604383
delhi_ncr,2025-11-03,28.675,77.475,0.0003740801759877955,0.26100725310545214
delhi_ncr,2025-11-03,28.675,77.525,0.0003779941752494973,0.26501362595796235
delhi_ncr,2025-11-03,28.675,77.55,0.0005027722955720849,0.26950417526827386
delhi_ncr,2025-11-03,28.725,76.825,0.00011838857823885073,0.18486346128601466
delhi_ncr,2025-11-03,28.725,76.875,4.0118344036134614e-05,0.1799403921368491
delhi_ncr,2025-11-03,28.725,76.925,0.00021877296616902998,0.20646133406934145
delhi_ncr,2025-11-03,28.725,76.975,0.0002836380383999825,0.20904663686044708
delhi_ncr,2025-11-03,28.725,77.025,0.00030148602609655716,0.21765952612151415
delhi_ncr,2025-11-03,28.725,77.075,0.0002969468801891254,0.23168205319991095
delhi_ncr,2025-11-03,28.725,77.125,0.0003505154064091641,0.23383264090171257
delhi_ncr,2025-11-03,28.725,77.175,0.00036075200330654475,0.23464207224369704
delhi_ncr,2025-11-03,28.725,77.225,0.0003854593984861708,0.2487454474563963
delhi_ncr,2025-11-03,28.725,77.275,0.0004001362032301229,0.25749592915999614
delhi_ncr,2025-11-03,28.725,77.325,0.0004219903729038002,0.25820797076969787
delhi_ncr,2025-11-03,28.725,77.375,0.0006114370545913079,0.26459050752779717
delhi_ncr,2025-11-03,28.725,77.425,0.000610451279576339,0.26459823039089
delhi_ncr,2025-11-03,28.725,77.475,0.0004556646036012594,0.26666336165733856
delhi_ncr,2025-11-03,28.725,77.525,0.0003943882791049247,0.2693174744205015
delhi_ncr,2025-11-03,28.725,77.55,0.0003755503585356214,0.270458617161601
delhi_ncr,2025-11-03,28.775,76.825,0.00019599199096279702,0.2102985591015543
delhi_ncr,2025-11-03,28.775,76.875,0.00020362194684808135,0.20860447879986718
delhi_ncr,2025-11-03,28.775,76.925,0.00019866488810779085,0.2068184440250263
delhi_ncr,2025-11-03,28.775,76.975,0.00019787517147581285,0.2066583266391821
delhi_ncr,2025-11-03,28.775,77.025,0.00020005832378486074,0.214647528835468
delhi_ncr,2025-11-03,28.775,77.075,0.0002039348729758392,0.22857860663090093
delhi_ncr,2025-11-03,28.775,77.125,0.00020515366963207504,0.23740019246654034
delhi_ncr,2025-11-03,28.775,77.175,0.00024620619338545685,0.24052112143113666
delhi_ncr,2025-11-03,28.775,77.225,0.00036968746628607475,0.2515377085855973
delhi_ncr,2025-11-03,28.775,77.275,0.00044377765541345085,0.25815781153109935
delhi_ncr,2025-11-03,28.775,77.325,0.00043065136453648227,0.25913175591545895
delhi_ncr,2025-11-03,28.775,77.375,0.00030517246845739927,0.26798929748208994
delhi_ncr,2025-11-03,28.775,77.425,0.0003038913025495384,0.26799109323377496
delhi_ncr,2025-11-03,28.775,77.475,0.0001706323883334916,0.26828138753492053
delhi_ncr,2025-11-03,28.775,77.525,9.587902801912272e-05,0.2682383840179868
delhi_ncr,2025-11-03,28.775,77.55,0.00021247567666652983,0.2652858438586267
delhi_ncr,2025-11-03,28.825,76.825,0.0002012301124672719,0.21955104086283753
delhi_ncr,2025-11-03,28.825,76.875,0.00020118212335985223,0.21956312246234783
delhi_ncr,2025-11-03,28.825,76.925,0.00020257769449480057,0.2179276311643494
delhi_ncr,2025-11-03,28.825,76.975,0.00020295843148414284,0.21778328426914187
delhi_ncr,2025-11-03,28.825,77.025,0.00021313769541158977,0.22586077359791754
delhi_ncr,2025-11-03,28.825,77.075,0.00022951213597967445,0.238958492363192
delhi_ncr,2025-11-03,28.825,77.125,0.00023446141301106154,0.24264467015285995
delhi_ncr,2025-11-03,28.825,77.175,0.00027701277301562973,0.24765524229299032
delhi_ncr,2025-11-03,28.825,77.225,0.00035585671710829765,0.25564635773625566
delhi_ncr,2025-11-03,28.825,77.275,0.00040102389065040285,0.26021505398792166
delhi_ncr,2025-11-03,28.825,77.325,0.0003732333959792301,0.26086959964863726
delhi_ncr,2025-11-03,28.825,77.375,0.00012830134444985903,0.2666524505050345
delhi_ncr,2025-11-03,28.825,77.425,0.0001271124639472511,0.2666366072186117
delhi_ncr,2025-11-03,28.825,77.475,0.0001094914238634459,0.2657053127581673
delhi_ncr,2025-11-03,28.825,77.525,0.00015999798793058827,0.2643188736612198
delhi_ncr,2025-11-03,28.875,76.825,8.886486770226812e-05,0.21215169706302292
delhi_ncr,2025-11-03,28.875,76.875,8.93844812222691e-05,0.21219639891908332
delhi_ncr,2025-11-03,28.875,76.925,0.00023268254655300444,0.2271058490539151
delhi_ncr,2025-11-03,28.875,76.975,0.0002473430806280136,0.22865689173483317
delhi_ncr,2025-11-03,28.875,77.025,0.00023278385854161594,0.23678506319285147
delhi_ncr,2025-11-03,28.875,77.075,0.0002102364048092922,0.24985992639892432
delhi_ncr,2025-11-03,28.875,77.125,0.00021164029507597955,0.25085710672018835
delhi_ncr,2025-11-03,28.875,77.175,0.0002289122670423999,0.25546773414537327
delhi_ncr,2025-11-03,28.875,77.225,0.0002522790147890931,0.25931745652180477
delhi_ncr,2025-11-03,28.875,77.275,0.0002663995872855485,0.26120531312188155
delhi_ncr,2025-11-03,28.875,77.325,0.00026850102256198476,0.2612057059624141
delhi_ncr,2025-11-03,28.875,77.375,0.0002574602524661063,0.26176351843703155
delhi_ncr,2025-11-03,28.875,77.425,0.0001923857340693281,0.2653959794492194
delhi_ncr,2025-11-03,28.875,77.475,0.0001825533321339393,0.26364168480220757
delhi_ncr,2025-11-03,28.875,77.525,0.00017898573506752407,0.2619569534386896
delhi_ncr,2025-11-03,28.875,77.55,0.0002082742389287354,0.2622703312021574
delhi_ncr,2025-11-04,28.375,76.825,0.00016996650259576792,0.0650866961028656
delhi_ncr,2025-11-04,28.375,76.875,0.00016670219020486208,0.06936279252024843
delhi_ncr,2025-11-04,28.375,76.925,0.00022570996925474481,0.0847016186813881
delhi_ncr,2025-11-04,28.375,76.975,0.0002561967042472835,0.08852563314951599
delhi_ncr,2025-11-04,28.375,77.025,0.00031151827604205146,0.08445145032327606
delhi_ncr,2025-11-04,28.375,77.075,0.0003461604278088537,0.0712542204061146
delhi_ncr,2025-11-04,28.375,77.125,0.0001329950508456345,0.03921090265624026
delhi_ncr,2025-11-04,28.375,77.175,0.00011704917180638361,0.02617100513518397
delhi_ncr,2025-11-04,28.375,77.225,0.0001906224525724924,0.04851422925039065
delhi_ncr,2025-11-04,28.375,77.275,0.0002526904679319802,0.06573789815885653
delhi_ncr,2025-11-04,28.375,77.325,0.0002862625310980866,0.06808679286613586
delhi_ncr,2025-11-04,28.375,77.375,0.0003333620104830853,0.05076057986962831
delhi_ncr,2025-11-04,28.375,77.425,0.0003207575854866447,0.04624463731118326
delhi_ncr,2025-11-04,28.375,77.475,0.00023513894409533828,0.033178680343719
delhi_ncr,2025-11-04,28.375,77.525,0.0001919229610970332,0.02853172466992514
delhi_ncr,2025-11-04,28.375,77.55,0.000249088880248891,0.031848390064014596
delhi_ncr,2025-11-04,28.425,76.825,9.485019888628769e-05,0.06251482286306326
delhi_ncr,2025-11-04,28.425,76.875,0.00012355766455751245,0.06959951663813854
delhi_ncr,2025-11-04,28.425,76.925,0.00018993952926988115,0.0913590811925624
delhi_ncr,2025-11-04,28.425,76.975,0.00022056120318677595,0.09597471870998928
delhi_ncr,2025-11-04,28.425,77.025,0.000261553278554927,0.09287211535882064
delhi_ncr,2025-11-04,28.425,77.075,0.0002937365850650859,0.08137124206214075
delhi_ncr,2025-11-04,28.425,77.125,0.00021542289604964626,0.048807928620692
delhi_ncr,2025-11-04,28.425,77.175,0.0001823649199094454,0.03692038737342569
delhi_ncr,2025-11-04,28.425,77.225,0.00020380517345436168,0.043231694227774634
delhi_ncr,2025-11-04,28.425,77.275,0.0002454327416316902,0.054338243818119934
delhi_ncr,2025-11-04,28.425,77.325,0.00029271732258733153,0.0643152722270819
delhi_ncr,2025-11-04,28.425,77.375,0.0003145606603713727,0.0555967199184749
delhi_ncr,2025-11-04,28.425,77.425,0.0002559834186764208,0.0531345827828828
delhi_ncr,2025-11-04,28.425,77.475,0.00020722887964733945,0.04697181684925867
delhi_ncr,2025-11-04,28.425,77.525,0.00017647819598005796,0.04437248464683734
delhi_ncr,2025-11-04,28.425,77.55,0.00017253241614295954,0.04643810114236624
delhi_ncr,2025-11-04,28.475,76.825,7.056364983265131e-05,0.06002061582009336
delhi_ncr,2025-11-04,28.475,76.875,0.0001579022955726958,0.06997956724233356
delhi_ncr,2025-11-04,28.475,76.925,0.0001679953213662824,0.09286959586745297
delhi_ncr,2025-11-04,28.475,76.975,0.00020188256292620678,0.09675211480738713
delhi_ncr,2025-11-04,28.475,77.025,0.00022533781549008184,0.09459381175370397
delhi_ncr,2025-11-04,28.475,77.075,0.00023745072741539596,0.08598984839664359
delhi_ncr,2025-11-04,28.475,77.125,0.00025450520576881185,0.060952423634516216
delhi_ncr,2025-11-04,28.475,77.175,0.0002650419025317615,0.054990688357052016
delhi_ncr,2025-11-04,28.475,77.225,0.0002552794858858124,0.04848112030946699
delhi_ncr,2025-11-04,28.475,77.275,0.000268439670335625,0.05148124285685721
delhi_ncr,2025-11-04,28.475,77.325,0.00030383957792680356,0.06280588567159022
delhi_ncr,2025-11-04,28.475,77.375,0.0002942679803708553,0.05913434532869247
delhi_ncr,2025-11-04,28.475,77.425,0.00019550305754964878,0.05706740685138534
delhi_ncr,2025-11-04,28.475,77.475,0.00016986304072515352,0.05250952652304086
delhi_ncr,2025-11-04,28.475,77.525,0.00015723554768227514,0.04711770624855075
delhi_ncr,2025-11-04,28.475,77.55,0.0001455317351582267,0.033933305752348826
delhi_ncr,2025-11-04,28.525,76.825,0.00014996979988650527,0.06131535787667453
delhi_ncr,2025-11-04,28.525,76.875,0.0003196736413417454,0.07411454943913799
delhi_ncr,2025-11-04,28.525,76.925,0.00021212480892760367,0.09203904122368803
delhi_ncr,2025-11-04,28.525,76.975,0.0002727368473512802,0.09485448942431798
delhi_ncr,2025-11-04,28.525,77.025,0.0002830754422016664,0.09262456962513194
delhi_ncr,2025-11-04,28.525,77.075,0.00023800452497326353,0.08559404347531888
delhi_ncr,2025-11-04,28.525,77.125,0.00023039454653041115,0.06725615026173962
delhi_ncr,2025-11-04,28.525,77.175,0.00024580674004298983,0.06516300952390149
delhi_ncr,2025-11-04,28.525,77.225,0.0002690993810046339,0.06398843872060224
delhi_ncr,2025-11-04,28.525,77.275,0.00029858172015083113,0.06458477745394335
delhi_ncr,2025-11-04,28.525,77.325,0.0003228697971835436,0.06620114907049425
delhi_ncr,2025-11-04,28.525,77.375,0.0002900811694566252,0.0621544572325178
delhi_ncr,2025-11-04,28.525,77.425,0.00017389246858180135,0.05840254066059482
delhi_ncr,2025-11-04,28.525,77.475,0.00014401506238962447,0.04675775485466847
delhi_ncr,2025-11-04,28.525,77.525,0.00014469959603681483,0.031153476485608008
delhi_ncr,2025-11-04,28.525,77.55,0.00025198713528361635,0.01628571125510111
delhi_ncr,2025-11-04,28.575,76.825,0.00040342583802094176,0.05871477818199512
delhi_ncr,2025-11-04,28.575,76.875,0.0004995772157754442,0.0729845816558409
delhi_ncr,2025-11-04,28.575,76.925,0.0005303896913191649,0.08723523592406932
delhi_ncr,2025-11-04,28.575,76.975,0.0004844064233160378,0.09188849125627549
delhi_ncr,2025-11-04,28.575,77.025,0.00045147443938783704,0.09283421211917277
delhi_ncr,2025-11-04,28.575,77.075,0.00040190608521658265,0.09023735389950091
delhi_ncr,2025-11-04,28.575,77.125,0.00013361648637606893,0.08124383858295203
delhi_ncr,2025-11-04,28.575,77.175,0.00015654310069973185,0.07797484484100567
delhi_ncr,2025-11-04,28.575,77.225,0.00012155428642253013,0.0754080118753051
delhi_ncr,2025-11-04,28.575,77.275,9.359944233243261e-05,0.07396427971509181
delhi_ncr,2025-11-04,28.575,77.325,0.00010393889150110819,0.07311603213537564
delhi_ncr,2025-11-04,28.575,77.375,0.0002621125173919731,0.06746642584281251
delhi_ncr,2025-11-04,28.575,77.425,0.00026695854943524505,0.06150770537871108
delhi_ncr,2025-11-04,28.575,77.475,0.0002741599828938086,0.05149102908951208
delhi_ncr,2025-11-04,28.575,77.525,0.00030204704010271374,0.03611430395935312
delhi_ncr,2025-11-04,28.625,76.825,0.0002177217344716014,0.059523060601829124
delhi_ncr,2025-11-04,28.625,76.875,0.0003090806291462344,0.06592380315056603
delhi_ncr,2025-11-04,28.625,76.925,0.00039620756996325046,0.08640025904157134
delhi_ncr,2025-11-04,28.625,76.975,0.0003831762643563123,0.09223561309268417
delhi_ncr,2025-11-04,28.625,77.025,0.00035876009225701693,0.09286366667655982
delhi_ncr,2025-11-04,28.625,77.075,0.0003230277614896863,0.08923093149647696
delhi_ncr,2025-11-04,28.625,77.125,0.00022676839211882062,0.08023566363768096
delhi_ncr,2025-11-04,28.625,77.175,0.00029210790692211304,0.07570666124312651
delhi_ncr,2025-11-04,28.625,77.225,0.0002741238562654886,0.07558880619740546
delhi_ncr,2025-11-04,28.625,77.275,0.00023443907660285679,0.07606362235727043
delhi_ncr,2025-11-04,28.625,77.325,0.0001939371604441795,0.07592522211585351
delhi_ncr,2025-11-04,28.625,77.375,0.00019997493146419338,0.0715116615887532
delhi_ncr,2025-11-04,28.625,77.425,0.00022446980839111472,0.06786489475676266
delhi_ncr,2025-11-04,28.625,77.475,0.00027250702804462826,0.05982879233634816
delhi_ncr,2025-11-04,28.625,77.525,0.0003153235676419892,0.05020426906453908
delhi_ncr,2025-11-04,28.625,77.55,0.000343866182616116,0.03280504536842542
delhi_ncr,2025-11-04,28.675,76.825,0.00023684967678672957,0.05879105870845976
delhi_ncr,2025-11-04,28.675,76.875,0.00028870678479896476,0.06286618917045278
delhi_ncr,2025-11-04,28.675,76.925,0.0003255315652762866,0.08415493570906275
delhi_ncr,2025-11-04,28.675,76.975,0.00031337497163344265,0.0901823330464492
delhi_ncr,2025-11-04,28.675,77.025,0.0003316734616041496,0.09104261745598047
delhi_ncr,2025-11-04,28.675,77.075,0.00036059924491559363,0.0877982721927393
delhi_ncr,2025-11-04,28.675,77.125,0.0002701616776625553,0.07925547057932875
delhi_ncr,2025-11-04,28.675,77.175,0.00032212182753505814,0.07506813827663383
delhi_ncr,2025-11-04,28.675,77.225,0.00023888451645914615,0.07572593516963325
delhi_ncr,2025-11-04,28.675,77.275,0.00015269731622336014,0.07688528081728734
delhi_ncr,2025-11-04,28.675,77.325,0.00010318439744900548,0.07711846520722981
delhi_ncr,2025-11-04,28.675,77.375,0.00016663055878206052,0.0724420065956821
delhi_ncr,2025-11-04,28.675,77.425,0.00021087976568046169,0.07020854044496068
delhi_ncr,2025-11-04,28.675,77.475,0.00026474309174938083,0.06353904856341806
delhi_ncr,2025-11-04,28.675,77.525,0.0002940753366753431,0.05600020873378339
delhi_ncr,2025-11-04,28.675,77.55,0.0002896147361897812,0.04949102559152974
delhi_ncr,2025-11-04,28.725,76.825,0.0002552762979847042,0.0570663399364336
delhi_ncr,2025-11-04,28.725,76.875,0.00026621246387990594,0.060721011775582374
delhi_ncr,2025-11-04,28.725,76.925,0.0002824930075610429,0.0791684753338182
delhi_ncr,2025-11-04,28.725,76.975,0.0002787888914573491,0.08425710913796784
delhi_ncr,2025-11-04,28.725,77.025,0.00034431122103022324,0.08562495574239726
delhi_ncr,2025-11-04,28.725,77.075,0.00043127268595960223,0.08392808301010751
delhi_ncr,2025-11-04,28.725,77.125,0.00028533471927026297,0.07704149816488974
delhi_ncr,2025-11-04,28.725,77.175,0.00029084490492847624,0.07422171703956652
delhi_ncr,2025-11-04,28.725,77.225,0.00017687843746570632,0.07515440122781708
delhi_ncr,2025-11-04,28.725,77.275,8.352036543296634e-05,0.07666825772173684
delhi_ncr,2025-11-04,28.725,77.325,6.360417680159344e-05,0.07730002348741763
delhi_ncr,2025-11-04,28.725,77.375,0.0002074835445158645,0.07210121686870742
delhi_ncr,2025-11-04,28.725,77.425,0.00024039372467255386,0.06993605378929679
delhi_ncr,2025-11-04,28.725,77.475,0.000263871620996114,0.06245295885901425
delhi_ncr,2025-11-04,28.725,77.525,0.0002619159455646996,0.052348311945223706
delhi_ncr,2025-11-04,28.725,77.55,0.00022414530971973475,0.03252488067437349
delhi_ncr,2025-11-04,28.775,76.825,0.00011017986663224908,0.054811455028854886
delhi_ncr,2025-11-04,28.775,76.875,0.00010551246625780495,0.05725927231036094
delhi_ncr,2025-11-04,28.775,76.925,0.00023885340186227997,0.06987186778173644
delhi_ncr,2025-11-04,28.775,76.975,0.00029052977171669763,0.07290543528498546
delhi_ncr,2025-11-04,28.775,77.025,0.00038248912749027015,0.07482102595678378
delhi_ncr,2025-11-04,28.775,77.075,0.0004674532222776835,0.07583678429879791
delhi_ncr,2025-11-04,28.775,77.125,0.00028417987677717855,0.07245899000793882
delhi_ncr,2025-11-04,28.775,77.175,0.00022676435286654578,0.07164198663185786
delhi_ncr,2025-11-04,28.775,77.225,0.00021463027892609148,0.07323560703589269
delhi_ncr,2025-11-04,28.775,77.275,0.00022672962154238324,0.07543205276961697
delhi_ncr,2025-11-04,28.775,77.325,0.0002642704497173104,0.07686671607597359
delhi_ncr,2025-11-04,28.775,77.375,0.00036954526023130806,0.07174928214937012
delhi_ncr,2025-11-04,28.775,77.425,0.0003296610313616137,0.06779041179888037
delhi_ncr,2025-11-04,28.775,77.475,0.0002796910284838209,0.05602657351240982
delhi_ncr,2025-11-04,28.775,77.525,0.00023540329238590365,0.03689518173473012
delhi_ncr,2025-11-04,28.775,77.55,0.00026638261095465586,0.01027542778142243
delhi_ncr,2025-11-04,28.825,76.825,0.0001414361336122991,0.06024235099208011
delhi_ncr,2025-11-04,28.825,76.875,0.0002619787065533699,0.06323066845734586
delhi_ncr,2025-11-04,28.825,76.925,0.0003664751233621984,0.07040195461304755
delhi_ncr,2025-11-04,28.825,76.975,0.0002858781617395833,0.07137817155373298
delhi_ncr,2025-11-04,28.825,77.025,0.00021635804349956822,0.07206086893385498
delhi_ncr,2025-11-04,28.825,77.075,0.00020227917576163512,0.07284108344393293
delhi_ncr,2025-11-04,28.825,77.125,0.00031025511493079747,0.07232361397578112
delhi_ncr,2025-11-04,28.825,77.175,0.0002953441333451601,0.07208826927400575
delhi_ncr,2025-11-04,28.825,77.225,0.00026153534667666065,0.07276596236306873
delhi_ncr,2025-11-04,28.825,77.275,0.00026597211137763363,0.07397503737521016
delhi_ncr,2025-11-04,28.825,77.325,0.00032154922165201995,0.07484265548275597
delhi_ncr,2025-11-04,28.825,77.375,0.00043437397804177886,0.07041376066645455
delhi_ncr,2025-11-04,28.825,77.425,0.0003408593131656169,0.06414017468480937
delhi_ncr,2025-11-04,28.825,77.475,0.0002580028392792759,0.05094027366885787
delhi_ncr,2025-11-04,28.825,77.525,0.00024888455229390614,0.03058762843447341
delhi_ncr,2025-11-04,28.875,76.825,0.0002924102108494283,0.06859964414279035
delhi_ncr,2025-11-04,28.875,76.875,0.00032217387015170637,0.07020874809331874
delhi_ncr,2025-11-04,28.875,76.925,0.0003040525909875854,0.06678183504855956
delhi_ncr,2025-11-04,28.875,76.975,0.0003049525323422557,0.0655775780618627
delhi_ncr,2025-11-04,28.875,77.025,0.0003255507687468375,0.0678320124796447
delhi_ncr,2025-11-04,28.875,77.075,0.00033284513985355237,0.07255314166933502
delhi_ncr,2025-11-04,28.875,77.125,0.00017354068751069762,0.07605611144858591
delhi_ncr,2025-11-04,28.875,77.175,0.0001605163680599938,0.07523619576857585
delhi_ncr,2025-11-04,28.875,77.225,0.00023036200605814993,0.07252212288632473
delhi_ncr,2025-11-04,28.875,77.275,0.000308863337763716,0.07045059469014056
delhi_ncr,2025-11-04,28.875,77.325,0.0003561237442141458,0.06905589112477728
delhi_ncr,2025-11-04,28.875,77.375,0.0002463545173175881,0.06315710581979131
delhi_ncr,2025-11-04,28.875,77.425,0.0002652681168849183,0.04923016408914909
delhi_ncr,2025-11-04,28.875,77.475,2.9559965302925148e-05,0.025652583471663448
delhi_ncr,2025-11-04,28.875,77.525,1.8297584665118085e-05,0.011040024390648212
delhi_ncr,2025-11-04,28.875,77.55,0.00033768822015137353,0.010046161656084504
delhi_ncr,2025-11-05,28.375,76.825,3.5678775430109696e-05,0
delhi_ncr,2025-11-05,28.375,76.875,7.86151502513996e-05,0
delhi_ncr,2025-11-05,28.375,76.925,0.00012131781697392192,0
delhi_ncr,2025-11-05,28.375,76.975,0.00014516088774461184,0
delhi_ncr,2025-11-05,28.375,77.025,0.00013049829503566834,0
delhi_ncr,2025-11-05,28.375,77.075,9.651868417273265e-05,0
delhi_ncr,2025-11-05,28.375,77.125,0.00013710368938382343,0
delhi_ncr,2025-11-05,28.375,77.175,0.00039911929868024734,0
delhi_ncr,2025-11-05,28.375,77.225,0.0003528502160559246,0
delhi_ncr,2025-11-05,28.375,77.275,0.00024549558585056536,0
delhi_ncr,2025-11-05,28.375,77.325,0.00017964898625628614,0.0003775061396005991
delhi_ncr,2025-11-05,28.375,77.375,0.0004974136700262123,0.003751613809695395
delhi_ncr,2025-11-05,28.375,77.425,0.0003770681450224405,0.00478214103741894
delhi_ncr,2025-11-05,28.375,77.475,0.00038710764721880706,0.03990850795638963
delhi_ncr,2025-11-05,28.375,77.525,0.000395014173397176,0.06396569293803538
delhi_ncr,2025-11-05,28.375,77.55,0.00028667854985212754,0.05037021247322648
delhi_ncr,2025-11-05,28.425,76.825,0.00011666882519217555,0
delhi_ncr,2025-11-05,28.425,76.875,0.00011613090769268573,0
delhi_ncr,2025-11-05,28.425,76.925,0.00021310246601636494,0
delhi_ncr,2025-11-05,28.425,76.975,0.00020429826608676783,0
delhi_ncr,2025-11-05,28.425,77.025,0.00023750081211220198,0
delhi_ncr,2025-11-05,28.425,77.075,0.0002958555927716799,0
delhi_ncr,2025-11-05,28.425,77.125,0.0002211797252559132,0
delhi_ncr,2025-11-05,28.425,77.175,0.00038303677867496414,0
delhi_ncr,2025-11-05,28.425,77.225,0.00045830462847520816,0
delhi_ncr,2025-11-05,28.425,77.275,0.00042010831974221354,3.831684575444193e-06
delhi_ncr,2025-11-05,28.425,77.325,0.0003069285740199489,0.0003094502412083426
delhi_ncr,2025-11-05,28.425,77.375,0.0004255208580960813,0.00316063219596459
delhi_ncr,2025-11-05,28.425,77.425,0.0004227876580750129,0.029247622354609905
delhi_ncr,2025-11-05,28.425,77.475,0.00038449632180204715,0.07065784625194939
delhi_ncr,2025-11-05,28.425,77.525,0.0003983114033241839,0.1069831679990598
delhi_ncr,2025-11-05,28.425,77.55,0.0004746095308733499,0.12284665353784893
delhi_ncr,2025-11-05,28.475,76.825,0.00015558468042581905,0
delhi_ncr,2025-11-05,28.475,76.875,0.00015776924346343248,0
delhi_ncr,2025-11-05,28.475,76.925,0.0002469925560726175,0
delhi_ncr,2025-11-05,28.475,76.975,0.0002467534664694337,0
delhi_ncr,2025-11-05,28.475,77.025,0.0003312976199676246,0
delhi_ncr,2025-11-05,28.475,77.075,0.0004569143225243482,0
delhi_ncr,2025-11-05,28.475,77.125,0.00035068719319474647,0
delhi_ncr,2025-11-05,28.475,77.175,0.0004030585235552395,0
delhi_ncr,2025-11-05,28.475,77.225,0.0004843122192686324,0
delhi_ncr,2025-11-05,28.475,77.275,0.00047074637406649156,0.008069471555541476
delhi_ncr,2025-11-05,28.475,77.325,0.00036434058871452315,0.021944052495192667
delhi_ncr,2025-11-05,28.475,77.375,0.00039337969325443814,0.014243682638974022
delhi_ncr,2025-11-05,28.475,77.425,0.000510603629305075,0.0636783760348964
delhi_ncr,2025-11-05,28.475,77.475,0.0004289628365804453,0.11268347479285039
delhi_ncr,2025-11-05,28.475,77.525,0.0004063125997128715,0.15613435233930942
delhi_ncr,2025-11-05,28.475,77.55,0.0004920430915502346,0.1982899846830472
delhi_ncr,2025-11-05,28.525,76.825,2.7442780122402972e-05,0
delhi_ncr,2025-11-05,28.525,76.875,7.543705712833124e-05,0
delhi_ncr,2025-11-05,28.525,76.925,0.00012787871700486027,0
delhi_ncr,2025-11-05,28.525,76.975,0.00021864151855929045,7.323010823195507e-05
delhi_ncr,2025-11-05,28.525,77.025,0.00034535826774870253,8.842347724492479e-05
delhi_ncr,2025-11-05,28.525,77.075,0.00046263928872490253,6.077347605187888e-05
delhi_ncr,2025-11-05,28.525,77.125,0.00041333238336184496,0
delhi_ncr,2025-11-05,28.525,77.175,0.0005091633872577662,0.00022846371876449842
delhi_ncr,2025-11-05,28.525,77.225,0.00038448353537980714,0.001106600229207437
delhi_ncr,2025-11-05,28.525,77.275,0.000294494982045579,0.029521021961757377
delhi_ncr,2025-11-05,28.525,77.325,0.00031023016437493965,0.07653545511931474
delhi_ncr,2025-11-05,28.525,77.375,0.0005135000125747633,0.045779146724038315
delhi_ncr,2025-11-05,28.525,77.425,0.0006134298446109363,0.09849591280583064
delhi_ncr,2025-11-05,28.525,77.475,0.0005187581167426798,0.15332607677728233
delhi_ncr,2025-11-05,28.525,77.525,0.000442017076549977,0.1976066117401232
delhi_ncr,2025-11-05,28.525,77.55,0.0004360270213785274,0.24237227125823907
delhi_ncr,2025-11-05,28.575,76.825,0.00019293251367159125,0
delhi_ncr,2025-11-05,28.575,76.875,0.00017742533386531792,0
delhi_ncr,2025-11-05,28.575,76.925,0.000275512580759846,0
delhi_ncr,2025-11-05,28.575,76.975,0.0002546901309312995,0.002522875778425947
delhi_ncr,2025-11-05,28.575,77.025,0.0002488241023920883,0.0033285622692117186
delhi_ncr,2025-11-05,28.575,77.075,0.0002647812444624757,0.002113860036587092
delhi_ncr,2025-11-05,28.575,77.125,0.00025636740531261227,0
delhi_ncr,2025-11-05,28.575,77.175,0.00024307767782594695,0.008003325303302927
delhi_ncr,2025-11-05,28.575,77.225,0.0003444583111195692,0.03793706288187631
delhi_ncr,2025-11-05,28.575,77.275,0.00039287598843000326,0.06016958058304758
delhi_ncr,2025-11-05,28.575,77.325,0.00038405608316745136,0.06834706749707137
delhi_ncr,2025-11-05,28.575,77.375,0.0005657098318667454,0.07490871223182474
delhi_ncr,2025-11-05,28.575,77.425,0.0006406013626465158,0.09093643091093669
delhi_ncr,2025-11-05,28.575,77.475,0.0005324089744780992,0.14943923420298835
delhi_ncr,2025-11-05,28.575,77.525,0.0004381130814940488,0.21336515900631997
delhi_ncr,2025-11-05,28.625,76.825,0.00011526604059140803,0
delhi_ncr,2025-11-05,28.625,76.875,0.0001231406214214764,0
delhi_ncr,2025-11-05,28.625,76.925,0.00035072898657810813,0
delhi_ncr,2025-11-05,28.625,76.975,0.0003962841899875552,0.0005649618412863621
delhi_ncr,2025-11-05,28.625,77.025,0.000363641220936949,0.002803277318505407
delhi_ncr,2025-11-05,28.625,77.075,0.00028978526677780946,0.008202964397122129
delhi_ncr,2025-11-05,28.625,77.125,0.0002647633344636838,0.023759436128390474
delhi_ncr,2025-11-05,28.625,77.175,0.00034832497735768215,0.06187126992548687
delhi_ncr,2025-11-05,28.625,77.225,0.00038552310689416396,0.07696642497779527
delhi_ncr,2025-11-05,28.625,77.275,0.0003545234803322633,0.08254895404781638
delhi_ncr,2025-11-05,28.625,77.325,0.0003007107249275166,0.08414966171153185
delhi_ncr,2025-11-05,28.625,77.375,0.0006036585674779056,0.10893653312233255
delhi_ncr,2025-11-05,28.625,77.425,0.0006019806773538812,0.11978711307397691
delhi_ncr,2025-11-05,28.625,77.475,0.0005192895461449597,0.12714415132124432
delhi_ncr,2025-11-05,28.625,77.525,0.0005007994473844962,0.15691807627812077
delhi_ncr,2025-11-05,28.625,77.55,0.000525323415338554,0.22844712467010245
delhi_ncr,2025-11-05,28.675,76.825,0.00015074665868013295,0
delhi_ncr,2025-11-05,28.675,76.875,0.0001768988380078804,0
delhi_ncr,2025-11-05,28.675,76.925,0.0003472950528773496,0
delhi_ncr,2025-11-05,28.675,76.975,0.0003232151800397749,0
delhi_ncr,2025-11-05,28.675,77.025,0.000312896692211999,0.0012915404771212749
delhi_ncr,2025-11-05,28.675,77.075,0.00032673301958354876,0.007925619223033928
delhi_ncr,2025-11-05,28.675,77.125,0.0002928321818106484,0.0404273335372659
delhi_ncr,2025-11-05,28.675,77.175,0.00032169586411030354,0.0805463654681664
delhi_ncr,2025-11-05,28.675,77.225,0.0002811210771571166,0.07914762882263662
delhi_ncr,2025-11-05,28.675,77.275,0.00026230720932566795,0.0778559840445852
delhi_ncr,2025-11-05,28.675,77.325,0.00030724634722566804,0.08767545871069413
delhi_ncr,2025-11-05,28.675,77.375,0.0005851037246774941,0.13080336469466428
delhi_ncr,2025-11-05,28.675,77.425,0.0005281740977173456,0.133586257894235
delhi_ncr,2025-11-05,28.675,77.475,0.0004974509114107464,0.12336131591770716
delhi_ncr,2025-11-05,28.675,77.525,0.0004785424422783075,0.14219530762503554
delhi_ncr,2025-11-05,28.675,77.55,0.0004748203790410188,0.19698614621457228
delhi_ncr,2025-11-05,28.725,76.825,0.00021455560808218195,0
delhi_ncr,2025-11-05,28.725,76.875,0.00021529577647818498,0
delhi_ncr,2025-11-05,28.725,76.925,0.00035420011636502617,0
delhi_ncr,2025-11-05,28.725,76.975,0.00026018427397389533,0.0009123173902267115
delhi_ncr,2025-11-05,28.725,77.025,0.0002616080601590883,0.0008539647830655414
delhi_ncr,2025-11-05,28.725,77.075,0.00034707506661571844,0.00485348690133743
delhi_ncr,2025-11-05,28.725,77.125,0.00028604833901710373,0.03845687206902112
delhi_ncr,2025-11-05,28.725,77.175,0.00025528506971024496,0.06742680848831341
delhi_ncr,2025-11-05,28.725,77.225,0.0002196439219876331,0.0688632061873896
delhi_ncr,2025-11-05,28.725,77.275,0.0002521821875597523,0.07427515023618453
delhi_ncr,2025-11-05,28.725,77.325,0.00036515326032645885,0.09116367004527287
delhi_ncr,2025-11-05,28.725,77.375,0.000520804565423277,0.1256459320488321
delhi_ncr,2025-11-05,28.725,77.425,0.0004202107277929453,0.12006891966063545
delhi_ncr,2025-11-05,28.725,77.475,0.00043531740360076317,0.11242395572020636
delhi_ncr,2025-11-05,28.725,77.525,0.0004179921535089815,0.13480362819170882
delhi_ncr,2025-11-05,28.725,77.55,0.0003482306028173863,0.18236001622212966
delhi_ncr,2025-11-05,28.775,76.825,0.0002419082581435537,0
delhi_ncr,2025-11-05,28.775,76.875,0.00013681278684400268,0
delhi_ncr,2025-11-05,28.775,76.925,0.00043854079609226114,0
delhi_ncr,2025-11-05,28.775,76.975,0.00038835627429448314,0.0034922846499591625
delhi_ncr,2025-11-05,28.775,77.025,0.0003431033554021546,0.003347126758971753
delhi_ncr,2025-11-05,28.775,77.075,0.0003228273834282616,0.0008191914708853055
delhi_ncr,2025-11-05,28.775,77.125,0.00019564024407225177,0.005665370691350734
delhi_ncr,2025-11-05,28.775,77.175,0.00021922778389684333,0.021984828026926882
delhi_ncr,2025-11-05,28.775,77.225,0.0003619983646214373,0.06432624395685789
delhi_ncr,2025-11-05,28.775,77.275,0.0004485614109817609,0.09526327819130753
delhi_ncr,2025-11-05,28.775,77.325,0.0004438925915428027,0.10287232247480983
delhi_ncr,2025-11-05,28.775,77.375,0.0004137082827468565,0.07736104916567321
delhi_ncr,2025-11-05,28.775,77.425,0.00028066809291963003,0.06539444300201806
delhi_ncr,2025-11-05,28.775,77.475,0.0003049324532948118,0.07371365316484296
delhi_ncr,2025-11-05,28.775,77.525,0.0003510844349316368,0.10869660364849215
delhi_ncr,2025-11-05,28.775,77.55,0.0002920410821199801,0.14196286567159846
delhi_ncr,2025-11-05,28.825,76.825,0.0003107535068870223,0
delhi_ncr,2025-11-05,28.825,76.875,0.00014082808055258808,0
delhi_ncr,2025-11-05,28.825,76.925,0.0004696315312423611,0.0007225791313705928
delhi_ncr,2025-11-05,28.825,76.975,0.0005078171104889002,0.016644068606876762
delhi_ncr,2025-11-05,28.825,77.025,0.00045265492480836507,0.01627786451496579
delhi_ncr,2025-11-05,28.825,77.075,0.0003343479153838634,0.0037691099043270534
delhi_ncr,2025-11-05,28.825,77.125,0.00014272038666991233,0.014247071822349298
delhi_ncr,2025-11-05,28.825,77.175,0.00015609468164750592,0.03321599890672823
delhi_ncr,2025-11-05,28.825,77.225,0.000327979876568113,0.06885414836395376
delhi_ncr,2025-11-05,28.825,77.275,0.00043964424540129005,0.08387859493761166
delhi_ncr,2025-11-05,28.825,77.325,0.00044226653678586654,0.06775953197041865
delhi_ncr,2025-11-05,28.825,77.375,0.00038222840205367044,0.011956077176423918
delhi_ncr,2025-11-05,28.825,77.425,0.00033521235703549095,0.007279401944654197
delhi_ncr,2025-11-05,28.825,77.475,0.0003157622182179879,0.04022674099723372
delhi_ncr,2025-11-05,28.825,77.525,0.0002756848676873167,0.08239521854029949
delhi_ncr,2025-11-05,28.875,76.825,0.00039657079673652816,0
delhi_ncr,2025-11-05,28.875,76.875,0.00032935888741748127,0
delhi_ncr,2025-11-05,28.875,76.925,0.000433712929281406,0.0001854227571971492
delhi_ncr,2025-11-05,28.875,76.975,0.0004708593452596593,0.004212104133638047
delhi_ncr,2025-11-05,28.875,77.025,0.00042870642406721396,0.004177488696646743
delhi_ncr,2025-11-05,28.875,77.075,0.00032972086929666024,0.006470419846997475
delhi_ncr,2025-11-05,28.875,77.125,0.00027487867092752,0.047599557629760786
delhi_ncr,2025-11-05,28.875,77.175,0.0003169405081692914,0.09010037301918856
delhi_ncr,2025-11-05,28.875,77.225,0.00033587070564806856,0.08454360916158622
delhi_ncr,2025-11-05,28.875,77.275,0.000312203047971738,0.06455671949808045
delhi_ncr,2025-11-05,28.875,77.325,0.00024746309389689055,0.03862681839920669
delhi_ncr,2025-11-05,28.875,77.375,0.00013862055828837806,0.0030447153057973956
delhi_ncr,2025-11-05,28.875,77.425,0.00024387115384004037,0.0019843652408599206
delhi_ncr,2025-11-05,28.875,77.475,0.0002911269971304305,0.03593057969820532
delhi_ncr,2025-11-05,28.875,77.525,0.00021430035130479627,0.05004443836695045
delhi_ncr,2025-11-05,28.875,77.55,8.001621938890399e-05,0.059623446323501444
delhi_ncr,2025-11-06,28.375,76.825,0.0003183937290968007,0
delhi_ncr,2025-11-06,28.375,76.875,0.0003720557758437216,0
delhi_ncr,2025-11-06,28.375,76.925,0.00031084832410643344,0
delhi_ncr,2025-11-06,28.375,76.975,0.0001613876199916755,0
delhi_ncr,2025-11-06,28.375,77.025,0.00019621774196813046,0
delhi_ncr,2025-11-06,28.375,77.075,0.00035009515244143564,0
delhi_ncr,2025-11-06,28.375,77.125,0.00019782242429065256,0
delhi_ncr,2025-11-06,28.375,77.175,0.00015951219749033634,0
delhi_ncr,2025-11-06,28.375,77.225,0.00014548129310401479,0
delhi_ncr,2025-11-06,28.375,77.275,0.00020880243554168064,0
delhi_ncr,2025-11-06,28.375,77.325,0.0003258406275581836,0
delhi_ncr,2025-11-06,28.375,77.375,0.00025924965275034946,0
delhi_ncr,2025-11-06,28.375,77.425,0.00021595558544865336,0
delhi_ncr,2025-11-06,28.375,77.475,0.00022819595783665783,0
delhi_ncr,2025-11-06,28.375,77.525,0.00024994526450142137,0
delhi_ncr,2025-11-06,28.375,77.55,0.0002704435073885119,0
delhi_ncr,2025-11-06,28.425,76.825,0.0002108464465448186,0
delhi_ncr,2025-11-06,28.425,76.875,0.0002923581174865569,0
delhi_ncr,2025-11-06,28.425,76.925,0.0003108015041259623,0
delhi_ncr,2025-11-06,28.425,76.975,0.00022506824218333047,0
delhi_ncr,2025-11-06,28.425,77.025,0.00023985071857754545,0
delhi_ncr,2025-11-06,28.425,77.075,0.00034122278938217743,0
delhi_ncr,2025-11-06,28.425,77.125,0.0003687636000108991,0
delhi_ncr,2025-11-06,28.425,77.175,0.0002977373035209128,0
delhi_ncr,2025-11-06,28.425,77.225,0.0001878501382088558,0
delhi_ncr,2025-11-06,28.425,77.275,0.0001869091505514843,0
delhi_ncr,2025-11-06,28.425,77.325,0.00031076440737518507,0
delhi_ncr,2025-11-06,28.425,77.375,0.0004714641763293086,0
delhi_ncr,2025-11-06,28.425,77.425,0.0003692067825153001,0
delhi_ncr,2025-11-06,28.425,77.475,0.000340246134928189,0
delhi_ncr,2025-11-06,28.425,77.525,0.00032441149310761744,0
delhi_ncr,2025-11-06,28.425,77.55,0.00030247012471151704,0
delhi_ncr,2025-11-06,28.475,76.825,0.00018623976319429378,0
delhi_ncr,2025-11-06,28.475,76.875,0.0002327560252136337,0
delhi_ncr,2025-11-06,28.475,76.925,0.00028630656062787486,0
delhi_ncr,2025-11-06,28.475,76.975,0.00025060107399022116,0
delhi_ncr,2025-11-06,28.475,77.025,0.00025138336968251695,0
delhi_ncr,2025-11-06,28.475,77.075,0.0003113915083917875,0
delhi_ncr,2025-11-06,28.475,77.125,0.00047085366515841877,0
delhi_ncr,2025-11-06,28.475,77.175,0.00038321847561795236,0
delhi_ncr,2025-11-06,28.475,77.225,0.0002600345017008838,0
delhi_ncr,2025-11-06,28.475,77.275,0.00024380682471592658,0
delhi_ncr,2025-11-06,28.475,77.325,0.00036549713526898254,0
delhi_ncr,2025-11-06,28.475,77.375,0.0006031815221221384,0
delhi_ncr,2025-11-06,28.475,77.425,0.000472499873219744,0
delhi_ncr,2025-11-06,28.475,77.475,0.0003653492722167907,0
delhi_ncr,2025-11-06,28.475,77.525,0.0003036294696602775,0
delhi_ncr,2025-11-06,28.475,77.55,0.0002623795263169644,0
delhi_ncr,2025-11-06,28.525,76.825,0.0003299115875173797,0
delhi_ncr,2025-11-06,28.525,76.875,0.0002746597971912554,0
delhi_ncr,2025-11-06,28.525,76.925,0.0002447094933907079,0
delhi_ncr,2025-11-06,28.525,76.975,0.00020618056191606506,0
delhi_ncr,2025-11-06,28.525,77.025,0.00020816021210676505,0
delhi_ncr,2025-11-06,28.525,77.075,0.00025242581269729935,0
delhi_ncr,2025-11-06,28.525,77.125,0.0003593144436462347,0
delhi_ncr,2025-11-06,28.525,77.175,0.00027155733259810066,0
delhi_ncr,2025-11-06,28.525,77.225,0.00030925351087905233,0
delhi_ncr,2025-11-06,28.525,77.275,0.0003826522569481784,0
delhi_ncr,2025-11-06,28.525,77.325,0.0004672663949123258,0
delhi_ncr,2025-11-06,28.525,77.375,0.000572588447775983,0
delhi_ncr,2025-11-06,28.525,77.425,0.00044851010701212805,0
delhi_ncr,2025-11-06,28.525,77.475,0.00025663821480903916,0
delhi_ncr,2025-11-06,28.525,77.525,0.0001540949873672769,0
delhi_ncr,2025-11-06,28.525,77.55,0.0002793029135831894,0
delhi_ncr,2025-11-06,28.575,76.825,0.00029027828559099393,0
delhi_ncr,2025-11-06,28.575,76.875,0.00014208351336301054,0
delhi_ncr,2025-11-06,28.575,76.925,0.00014753612238554425,0
delhi_ncr,2025-11-06,28.575,76.975,0.00022427204398053443,0
delhi_ncr,2025-11-06,28.575,77.025,9.994451146693733e-05,0
delhi_ncr,2025-11-06,28.575,77.075,-0.00010190531487693256,0
delhi_ncr,2025-11-06,28.575,77.125,0.00027471630954018894,0
delhi_ncr,2025-11-06,28.575,77.175,0.00034860457620412014,0
delhi_ncr,2025-11-06,28.575,77.225,0.0003789960276945108,0
delhi_ncr,2025-11-06,28.575,77.275,0.0003117406931624308,0
delhi_ncr,2025-11-06,28.575,77.325,0.00018192079020503736,0
delhi_ncr,2025-11-06,28.575,77.375,0.00028849817001744396,0
delhi_ncr,2025-11-06,28.575,77.425,0.00045490652005519654,0
delhi_ncr,2025-11-06,28.575,77.475,0.0004687715912745225,0
delhi_ncr,2025-11-06,28.575,77.525,0.00043048956549852295,0
delhi_ncr,2025-11-06,28.625,76.825,0.0003069643914654886,0
delhi_ncr,2025-11-06,28.625,76.875,0.00013452788674911704,0
delhi_ncr,2025-11-06,28.625,76.925,0.0002478143024986584,0
delhi_ncr,2025-11-06,28.625,76.975,0.0003036039162602771,0
delhi_ncr,2025-11-06,28.625,77.025,0.0002578418982253459,0
delhi_ncr,2025-11-06,28.625,77.075,0.0001935521103224348,0
delhi_ncr,2025-11-06,28.625,77.125,0.0004923986919117877,0
delhi_ncr,2025-11-06,28.625,77.175,0.0002802948020313994,0
delhi_ncr,2025-11-06,28.625,77.225,0.00027569056712414006,0
delhi_ncr,2025-11-06,28.625,77.275,0.0002750363216103278,0
delhi_ncr,2025-11-06,28.625,77.325,0.00024355861464034093,0
delhi_ncr,2025-11-06,28.625,77.375,0.00022408114385226975,0
delhi_ncr,2025-11-06,28.625,77.425,0.0001195833400032901,0
delhi_ncr,2025-11-06,28.625,77.475,0.00029031157484300113,0
delhi_ncr,2025-11-06,28.625,77.525,0.0004331068314501948,0
delhi_ncr,2025-11-06,28.625,77.55,0.00042878139898160084,0
delhi_ncr,2025-11-06,28.675,76.825,0.00031687977983545413,0
delhi_ncr,2025-11-06,28.675,76.875,0.00010422836600133969,0
delhi_ncr,2025-11-06,28.675,76.925,0.00019798746212112186,0
delhi_ncr,2025-11-06,28.675,76.975,0.0002863517371882263,0
delhi_ncr,2025-11-06,28.675,77.025,0.0002837249527684121,0
delhi_ncr,2025-11-06,28.675,77.075,0.00023477969695248548,0
delhi_ncr,2025-11-06,28.675,77.125,0.00038829368171803354,0
delhi_ncr,2025-11-06,28.675,77.175,0.0002219450065304599,0
delhi_ncr,2025-11-06,28.675,77.225,0.0002445334261743117,0
delhi_ncr,2025-11-06,28.675,77.275,0.0002825448785475574,0
delhi_ncr,2025-11-06,28.675,77.325,0.00029443096817157594,0
delhi_ncr,2025-11-06,28.675,77.375,0.00022877420890709068,0
delhi_ncr,2025-11-06,28.675,77.425,8.993787514845172e-05,0
delhi_ncr,2025-11-06,28.675,77.475,0.00018532179173692074,0
delhi_ncr,2025-11-06,28.675,77.525,0.00032141986165828274,0
delhi_ncr,2025-11-06,28.675,77.55,0.00042924431083880854,0
delhi_ncr,2025-11-06,28.725,76.825,0.00028186112829554173,0
delhi_ncr,2025-11-06,28.725,76.875,0.000121319993341867,0
delhi_ncr,2025-11-06,28.725,76.925,0.00016983215797007444,0
delhi_ncr,2025-11-06,28.725,76.975,0.0002472802450148258,0
delhi_ncr,2025-11-06,28.725,77.025,0.00026344572518277875,0
delhi_ncr,2025-11-06,28.725,77.075,0.00022624824254510617,0
delhi_ncr,2025-11-06,28.725,77.125,0.000228609948997053,0
delhi_ncr,2025-11-06,28.725,77.175,0.00017109210872238057,0
delhi_ncr,2025-11-06,28.725,77.225,0.0002268663740244341,0
delhi_ncr,2025-11-06,28.725,77.275,0.0002900565616626658,0
delhi_ncr,2025-11-06,28.725,77.325,0.0003248128799833517,0
delhi_ncr,2025-11-06,28.725,77.375,0.00026288477612407285,0
delhi_ncr,2025-11-06,28.725,77.425,0.0001948989435456804,0
delhi_ncr,2025-11-06,28.725,77.475,0.0001797701669929167,0
delhi_ncr,2025-11-06,28.725,77.525,0.0002376926895707652,0
delhi_ncr,2025-11-06,28.725,77.55,0.0003452488906477715,0
delhi_ncr,2025-11-06,28.775,76.825,0.0001658839703989796,0
delhi_ncr,2025-11-06,28.775,76.875,0.0002486983568329947,0
delhi_ncr,2025-11-06,28.775,76.925,0.0003055029950909934,0
delhi_ncr,2025-11-06,28.775,76.975,0.00024247680952791393,0
delhi_ncr,2025-11-06,28.775,77.025,0.0002557120388269908,0
delhi_ncr,2025-11-06,28.775,77.075,0.0003211234463416351,0
delhi_ncr,2025-11-06,28.775,77.125,0.00022002192725860083,0
delhi_ncr,2025-11-06,28.775,77.175,0.0001235147985679165,0
delhi_ncr,2025-11-06,28.775,77.225,0.0001789747768678206,0
delhi_ncr,2025-11-06,28.775,77.275,0.0002613927344413895,0
delhi_ncr,2025-11-06,28.775,77.325,0.0003276644889231997,0
delhi_ncr,2025-11-06,28.775,77.375,0.0002987844151117551,0
delhi_ncr,2025-11-06,28.775,77.425,0.0003223013501153696,0
delhi_ncr,2025-11-06,28.775,77.475,0.0003036741776767925,0
delhi_ncr,2025-11-06,28.775,77.525,0.0002957050833283854,0
delhi_ncr,2025-11-06,28.775,77.55,0.00025419114390815066,0
delhi_ncr,2025-11-06,28.825,76.825,0.0002205698882501204,0
delhi_ncr,2025-11-06,28.825,76.875,0.00036059668408107523,0
delhi_ncr,2025-11-06,28.825,76.925,0.00039283415862683557,0
delhi_ncr,2025-11-06,28.825,76.975,0.0003449322149015278,0
delhi_ncr,2025-11-06,28.825,77.025,0.0003017313889840811,0
delhi_ncr,2025-11-06,28.825,77.075,0.0002750994843326314,0
delhi_ncr,2025-11-06,28.825,77.125,0.00025447382468688867,0
delhi_ncr,2025-11-06,28.825,77.175,0.0003084442740873695,0
delhi_ncr,2025-11-06,28.825,77.225,0.00027106410552303384,0
delhi_ncr,2025-11-06,28.825,77.275,0.00021732727089581084,0
delhi_ncr,2025-11-06,28.825,77.325,0.00018702011092150452,0
delhi_ncr,2025-11-06,28.825,77.375,0.0003232791994795931,0
delhi_ncr,2025-11-06,28.825,77.425,0.000303086729549106,0
delhi_ncr,2025-11-06,28.825,77.475,0.0002746510816027183,0
delhi_ncr,2025-11-06,28.825,77.525,0.00023680119355555925,0
delhi_ncr,2025-11-06,28.875,76.825,0.00012706928597749442,0
delhi_ncr,2025-11-06,28.875,76.875,0.00025957446851668367,0
delhi_ncr,2025-11-06,28.875,76.925,0.00016152313453703592,0
delhi_ncr,2025-11-06,28.875,76.975,0.00025195610946625535,0
delhi_ncr,2025-11-06,28.875,77.025,0.0002534462326875034,0
delhi_ncr,2025-11-06,28.875,77.075,0.00020510443055499696,0
delhi_ncr,2025-11-06,28.875,77.125,0.0004582563979151144,0
delhi_ncr,2025-11-06,28.875,77.175,0.00030552488812998665,0
delhi_ncr,2025-11-06,28.875,77.225,0.00030608796310117956,0
delhi_ncr,2025-11-06,28.875,77.275,0.00028965477850588777,0
delhi_ncr,2025-11-06,28.875,77.325,0.00023459177888274905,0
delhi_ncr,2025-11-06,28.875,77.375,0.00024278498183428514,0
delhi_ncr,2025-11-06,28.875,77.425,0.0002614513658271157,0
delhi_ncr,2025-11-06,28.875,77.475,0.00029579075374448245,0
delhi_ncr,2025-11-06,28.875,77.525,0.0002775260080855887,0
delhi_ncr,2025-11-06,28.875,77.55,0.0001950171279555456,0
delhi_ncr,2025-11-07,28.375,76.825,0.0001476629614831602,0
delhi_ncr,2025-11-07,28.375,76.875,6.17612917280551e-05,0
delhi_ncr,2025-11-07,28.375,76.925,0.00017953480489938243,0
delhi_ncr,2025-11-07,28.375,76.975,0.0001864489917655237,0
delhi_ncr,2025-11-07,28.375,77.025,0.00025339855766722067,0
delhi_ncr,2025-11-07,28.375,77.075,0.00036294790161996225,0
delhi_ncr,2025-11-07,28.375,77.125,0.00035891597736631626,0
delhi_ncr,2025-11-07,28.375,77.175,0.00038620375048925326,0
delhi_ncr,2025-11-07,28.375,77.225,0.0002476027955575515,1.7300079899565083e-05
delhi_ncr,2025-11-07,28.375,77.275,0.0001759722934280701,0.006354265349875679
delhi_ncr,2025-11-07,28.375,77.325,0.0002486480613210418,0.017176738114022837
delhi_ncr,2025-11-07,28.375,77.375,0.0006362981541639105,0.01146221597027304
delhi_ncr,2025-11-07,28.375,77.425,0.0004964996102715115,0.019391192062905908
delhi_ncr,2025-11-07,28.375,77.475,0.00043046128911684926,0.026645035552253844
delhi_ncr,2025-11-07,28.375,77.525,0.00039969130565610734,0.03088113792376827
delhi_ncr,2025-11-07,28.375,77.55,0.00038562583933291714,0.019243648093197587
delhi_ncr,2025-11-07,28.425,76.825,0.000197607165522866,0
delhi_ncr,2025-11-07,28.425,76.875,0.00016312379910970968,0
delhi_ncr,2025-11-07,28.425,76.925,0.00017795537984256285,0
delhi_ncr,2025-11-07,28.425,76.975,0.0002013630027412332,0
delhi_ncr,2025-11-07,28.425,77.025,0.0002335214755975766,0
delhi_ncr,2025-11-07,28.425,77.075,0.000271242335651395,0
delhi_ncr,2025-11-07,28.425,77.125,0.00030730312680318593,0
delhi_ncr,2025-11-07,28.425,77.175,0.0003421723381124173,0
delhi_ncr,2025-11-07,28.425,77.225,0.00023605673301811586,0.0029110830102784175
delhi_ncr,2025-11-07,28.425,77.275,0.00018178424337210613,0.006030373513735041
delhi_ncr,2025-11-07,28.425,77.325,0.00023802980566423783,0.009656643437962388
delhi_ncr,2025-11-07,28.425,77.375,0.0005260644506858468,0.021604085931897447
delhi_ncr,2025-11-07,28.425,77.425,0.0005512221450917582,0.03524600984640049
delhi_ncr,2025-11-07,28.425,77.475,0.0003907230638884376,0.045485507518494506
delhi_ncr,2025-11-07,28.425,77.525,0.00028274702484002204,0.05140596726980258
delhi_ncr,2025-11-07,28.425,77.55,0.000308298974671733,0.05084693718936932
delhi_ncr,2025-11-07,28.475,76.825,0.0002447235153895279,0
delhi_ncr,2025-11-07,28.475,76.875,0.00023773973519547115,0
delhi_ncr,2025-11-07,28.475,76.925,0.00018419660560577668,0
delhi_ncr,2025-11-07,28.475,76.975,0.0002390906223675157,0
delhi_ncr,2025-11-07,28.475,77.025,0.00024786968991808583,0.0017447316139356534
delhi_ncr,2025-11-07,28.475,77.075,0.00020954944926509454,0.0038801100623868864
delhi_ncr,2025-11-07,28.475,77.125,0.00020413019312139912,0.0002070810360026929
delhi_ncr,2025-11-07,28.475,77.175,0.00025886646848045366,0.006225936825263489
delhi_ncr,2025-11-07,28.475,77.225,0.0001912010666586558,0.01334957567114235
delhi_ncr,2025-11-07,28.475,77.275,0.00015621854341720884,0.01641474703886896
delhi_ncr,2025-11-07,28.475,77.325,0.00020050262524670573,0.016861921314498273
delhi_ncr,2025-11-07,28.475,77.375,0.000420571633186681,0.03588426586671608
delhi_ncr,2025-11-07,28.475,77.425,0.0005772949243850548,0.048917017825030336
delhi_ncr,2025-11-07,28.475,77.475,0.00034314090459600994,0.058939097608028075
delhi_ncr,2025-11-07,28.475,77.525,0.0002112882651160031,0.06356869965499651
delhi_ncr,2025-11-07,28.475,77.55,0.0003957203476398888,0.06133264885703294
delhi_ncr,2025-11-07,28.525,76.825,0.00022806836841845,0
delhi_ncr,2025-11-07,28.525,76.875,0.00021810821458387368,0
delhi_ncr,2025-11-07,28.525,76.925,0.00019240600605755049,0.0009214269551768584
delhi_ncr,2025-11-07,28.525,76.975,0.0002662095694100654,0.0008184282522576674
delhi_ncr,2025-11-07,28.525,77.025,0.0003011681557081283,0.006915899622328739
delhi_ncr,2025-11-07,28.525,77.075,0.00026781922949933477,0.014927761786628552
delhi_ncr,2025-11-07,28.525,77.125,0.00010666711419513235,0.002487685572468202
delhi_ncr,2025-11-07,28.525,77.175,0.00015754942290076263,0.02297896031711364
delhi_ncr,2025-11-07,28.525,77.225,0.00014576961968138812,0.03473521569701994
delhi_ncr,2025-11-07,28.525,77.275,0.00015380161850714618,0.04244696778939131
delhi_ncr,2025-11-07,28.525,77.325,0.00022588694215013873,0.047252673427660034
delhi_ncr,2025-11-07,28.525,77.375,0.0005028023350835091,0.05543360264089017
delhi_ncr,2025-11-07,28.525,77.425,0.0006114312267288166,0.06019127781596454
delhi_ncr,2025-11-07,28.525,77.475,0.0003495627110437855,0.06377795275489384
delhi_ncr,2025-11-07,28.525,77.525,0.0002863674994552999,0.0635188381940278
delhi_ncr,2025-11-07,28.525,77.55,0.000421546283218621,0.05200996920401842
delhi_ncr,2025-11-07,28.575,76.825,9.915548183872439e-05,0
delhi_ncr,2025-11-07,28.575,76.875,0.00021691182349169687,0
delhi_ncr,2025-11-07,28.575,76.925,0.00032043487489752474,0.03321429400229129
delhi_ncr,2025-11-07,28.575,76.975,0.0002598839470193873,0.03327668003300695
delhi_ncr,2025-11-07,28.575,77.025,0.0002523582711604494,0.04503814717150558
delhi_ncr,2025-11-07,28.575,77.075,0.00027023333683575464,0.06684871044587092
delhi_ncr,2025-11-07,28.575,77.125,6.28354236210795e-05,0.0712408614843605
delhi_ncr,2025-11-07,28.575,77.175,-0.00010786583757259662,0.07120182131768225
delhi_ncr,2025-11-07,28.575,77.225,9.420529606880476e-05,0.07454486013927088
delhi_ncr,2025-11-07,28.575,77.275,0.00034940644169659127,0.07925980810307014
delhi_ncr,2025-11-07,28.575,77.325,0.0005314495412199317,0.08372147605597166
delhi_ncr,2025-11-07,28.575,77.375,0.00035476949188855,0.08202416245982148
delhi_ncr,2025-11-07,28.575,77.425,0.0003568556558880945,0.07606102752194077
delhi_ncr,2025-11-07,28.575,77.475,0.00031696275099353413,0.06756217259359962
delhi_ncr,2025-11-07,28.575,77.525,0.000282622133500809,0.05645099119858299
delhi_ncr,2025-11-07,28.625,76.825,0.00029938012764806657,0
delhi_ncr,2025-11-07,28.625,76.875,0.0003444287975568411,0
delhi_ncr,2025-11-07,28.625,76.925,0.00037500002207317565,0.033600415090994686
delhi_ncr,2025-11-07,28.625,76.975,0.0003302018019460975,0.04628438159575169
delhi_ncr,2025-11-07,28.625,77.025,0.0002989574527184883,0.05949775297422179
delhi_ncr,2025-11-07,28.625,77.075,0.00030136628294409287,0.07196199183040318
delhi_ncr,2025-11-07,28.625,77.125,0.00036265126233315083,0.06949333070550794
delhi_ncr,2025-11-07,28.625,77.175,0.0002952566990389102,0.07010134602664002
delhi_ncr,2025-11-07,28.625,77.225,0.0003374625148461514,0.07177189830647897
delhi_ncr,2025-11-07,28.625,77.275,0.00040718946129656515,0.07372709300441396
delhi_ncr,2025-11-07,28.625,77.325,0.0004765340120682625,0.07500497408442908
delhi_ncr,2025-11-07,28.625,77.375,0.0004839179301543571,0.07103560376024264
delhi_ncr,2025-11-07,28.625,77.425,0.00039182880233548943,0.06301963500520211
delhi_ncr,2025-11-07,28.625,77.475,0.0002920318789817409,0.0543966962338405
delhi_ncr,2025-11-07,28.625,77.525,0.0002482357496911252,0.039305726325436
delhi_ncr,2025-11-07,28.625,77.55,0.00027538745310025386,0.028086434227354174
delhi_ncr,2025-11-07,28.675,76.825,0.0004728186583855903,0.00016212417333055825
delhi_ncr,2025-11-07,28.675,76.875,0.00041215923960889603,0.0010222421000685034
delhi_ncr,2025-11-07,28.675,76.925,0.00024402627059918813,0.03074409605349536
delhi_ncr,2025-11-07,28.675,76.975,0.00026907769396562715,0.038354970729978496
delhi_ncr,2025-11-07,28.675,77.025,0.0003084915708642057,0.051150041458366075
delhi_ncr,2025-11-07,28.675,77.075,0.0003428438086496848,0.06705677880056757
delhi_ncr,2025-11-07,28.675,77.125,0.00039701532852213036,0.06593699522580425
delhi_ncr,2025-11-07,28.675,77.175,0.00041364076606977636,0.06462617044159484
delhi_ncr,2025-11-07,28.675,77.225,0.0004326246137944039,0.06534316780107927
delhi_ncr,2025-11-07,28.675,77.275,0.0004474255540949569,0.0653150712608124
delhi_ncr,2025-11-07,28.675,77.325,0.00045194914391620767,0.0625459319001167
delhi_ncr,2025-11-07,28.675,77.375,0.00042058115158265187,0.04836935707410882
delhi_ncr,2025-11-07,28.675,77.425,0.0003413091155815558,0.04352329497299157
delhi_ncr,2025-11-07,28.675,77.475,0.0003236565229551135,0.033934956576655545
delhi_ncr,2025-11-07,28.675,77.525,0.0003141499317898475,0.021045906833174814
delhi_ncr,2025-11-07,28.675,77.55,0.00029743741121973264,0.007453177679307297
delhi_ncr,2025-11-07,28.725,76.825,0.0005021546471272683,0.000236950714867739
delhi_ncr,2025-11-07,28.725,76.875,0.0003548205420444112,0.0014779403856412096
delhi_ncr,2025-11-07,28.725,76.925,0.00013431519698256994,0.020902754193744346
delhi_ncr,2025-11-07,28.725,76.975,0.0001912067641321923,0.02035096815536663
delhi_ncr,2025-11-07,28.725,77.025,0.00026612071283061415,0.029137964611469842
delhi_ncr,2025-11-07,28.725,77.075,0.00032443129202284137,0.045370116998885
delhi_ncr,2025-11-07,28.725,77.125,0.00038531709660081387,0.04700755369104887
delhi_ncr,2025-11-07,28.725,77.175,0.00043523704625137143,0.046795587700876655
delhi_ncr,2025-11-07,28.725,77.225,0.00047298243848453123,0.05259560099993568
delhi_ncr,2025-11-07,28.725,77.275,0.0004776728286161154,0.052449377488014544
delhi_ncr,2025-11-07,28.725,77.325,0.0004337736269102755,0.042762117344385786
delhi_ncr,2025-11-07,28.725,77.375,0.00027402332841760185,0.022392005192785443
delhi_ncr,2025-11-07,28.725,77.425,0.0002530565276679873,0.021288078398355042
delhi_ncr,2025-11-07,28.725,77.475,0.00033888965765294603,0.013545645346376934
delhi_ncr,2025-11-07,28.725,77.525,0.00035937773240449797,0.006354475872945522
delhi_ncr,2025-11-07,28.725,77.55,0.00022797092434060132,0.0016473528951103343
delhi_ncr,2025-11-07,28.775,76.825,0.00026276469817238955,0
delhi_ncr,2025-11-07,28.775,76.875,0.00010171874695138312,0
delhi_ncr,2025-11-07,28.775,76.925,0.00020727844030499941,0
delhi_ncr,2025-11-07,28.775,76.975,0.0001863380365524218,0
delhi_ncr,2025-11-07,28.775,77.025,0.00015530937805237907,0
delhi_ncr,2025-11-07,28.775,77.075,0.0001807905354581836,2.2935688070070686e-07
delhi_ncr,2025-11-07,28.775,77.125,0.000494058063581183,1.7584027520387528e-06
delhi_ncr,2025-11-07,28.775,77.175,0.0004967007303889858,0.009037534152759909
delhi_ncr,2025-11-07,28.775,77.225,0.0005230387605565902,0.030949958362087145
delhi_ncr,2025-11-07,28.775,77.275,0.0005009405011355997,0.033041636550281604
delhi_ncr,2025-11-07,28.775,77.325,0.0004018917498951031,0.012438974404615158
delhi_ncr,2025-11-07,28.775,77.375,0.00012158700481243974,0
delhi_ncr,2025-11-07,28.775,77.425,0.00016218534146801266,0
delhi_ncr,2025-11-07,28.775,77.475,0.00027759305973591226,0
delhi_ncr,2025-11-07,28.775,77.525,0.00028413983455247046,0
delhi_ncr,2025-11-07,28.775,77.55,0.00020147809593112822,0
delhi_ncr,2025-11-07,28.825,76.825,0.0001097095981221947,0
delhi_ncr,2025-11-07,28.825,76.875,0.00016857895519579332,0
delhi_ncr,2025-11-07,28.825,76.925,0.0002868749383807644,0
delhi_ncr,2025-11-07,28.825,76.975,0.00027320606291985836,0
delhi_ncr,2025-11-07,28.825,77.025,0.0002528345634344539,0
delhi_ncr,2025-11-07,28.825,77.075,0.0002553839630411241,0
delhi_ncr,2025-11-07,28.825,77.125,0.00033687063352931356,0
delhi_ncr,2025-11-07,28.825,77.175,0.0004133545804477835,0
delhi_ncr,2025-11-07,28.825,77.225,0.0004389965405355215,0.0003174222161165022
delhi_ncr,2025-11-07,28.825,77.275,0.00041612869831298484,0.0018478904630947954
delhi_ncr,2025-11-07,28.825,77.325,0.00036216574376043905,0.0037941077673329555
delhi_ncr,2025-11-07,28.825,77.375,0.000390254927373896,0
delhi_ncr,2025-11-07,28.825,77.425,0.00026985128568526894,0
delhi_ncr,2025-11-07,28.825,77.475,0.00038096156441724637,0
delhi_ncr,2025-11-07,28.825,77.525,0.0004055926426723194,0
delhi_ncr,2025-11-07,28.875,76.825,0.0001991309098824551,0
delhi_ncr,2025-11-07,28.875,76.875,0.0001358742953027637,0
delhi_ncr,2025-11-07,28.875,76.925,0.0002222745071828517,0
delhi_ncr,2025-11-07,28.875,76.975,0.00018286635377204858,0
delhi_ncr,2025-11-07,28.875,77.025,0.00017076570125465398,0
delhi_ncr,2025-11-07,28.875,77.075,0.00019882978860892168,0.0031285543027369717
delhi_ncr,2025-11-07,28.875,77.125,0.0002487733160378247,0.024872978307474064
delhi_ncr,2025-11-07,28.875,77.175,0.0004377418655231635,0.03260251711169881
delhi_ncr,2025-11-07,28.875,77.225,0.000412390302795649,0.014851580904426898
delhi_ncr,2025-11-07,28.875,77.275,0.00036751421188303867,0.002359380586387143
delhi_ncr,2025-11-07,28.875,77.325,0.0003463343228672075,0.001132643141545445
delhi_ncr,2025-11-07,28.875,77.375,0.00035554773427044236,0
delhi_ncr,2025-11-07,28.875,77.425,0.0001982247152152199,0
delhi_ncr,2025-11-07,28.875,77.475,0.00019914102564357934,0
delhi_ncr,2025-11-07,28.875,77.525,0.00022543885063157346,0
delhi_ncr,2025-11-07,28.875,77.55,0.00024763360777666697,0
delhi_ncr,2025-11-08,28.375,76.825,0.0002505239398299074,0.262220166239828
delhi_ncr,2025-11-08,28.375,76.875,0.00020043204234227282,0.27137078389566816
delhi_ncr,2025-11-08,28.375,76.925,0.00019182277556348487,0.28246364170686344
delhi_ncr,2025-11-08,28.375,76.975,0.00024625793211391345,0.2787361999828265
delhi_ncr,2025-11-08,28.375,77.025,0.0002335943877535295,0.2780761145005033
delhi_ncr,2025-11-08,28.375,77.075,0.00018966350854813835,0.2791776974190366
delhi_ncr,2025-11-08,28.375,77.125,0.0003425874289332361,0.2662779401790428
delhi_ncr,2025-11-08,28.375,77.175,0.0003767364198735256,0.2607935130510062
delhi_ncr,2025-11-08,28.375,77.225,0.00031000860455448266,0.2506698263051729
delhi_ncr,2025-11-08,28.375,77.275,0.0002928861048723051,0.24253127944004876
delhi_ncr,2025-11-08,28.375,77.325,0.0003445213364412125,0.23697327383724842
delhi_ncr,2025-11-08,28.375,77.375,0.0003767657232055591,0.2256566411655579
delhi_ncr,2025-11-08,28.375,77.425,0.00041594578474941126,0.21787569701041276
delhi_ncr,2025-11-08,28.375,77.475,0.0003885220989371554,0.21409827195356054
delhi_ncr,2025-11-08,28.375,77.525,0.0003528509982548914,0.21574791936932583
delhi_ncr,2025-11-08,28.375,77.55,0.0003183069187364529,0.22468111125606116
delhi_ncr,2025-11-08,28.425,76.825,0.00025645725812470003,0.25553967938141675
delhi_ncr,2025-11-08,28.425,76.875,0.00015764104685965502,0.26071266617130734
delhi_ncr,2025-11-08,28.425,76.925,0.00015792950813186686,0.2702294248641049
delhi_ncr,2025-11-08,28.425,76.975,0.00021781474197158136,0.26941436673542246
delhi_ncr,2025-11-08,28.425,77.025,0.00025327958941474875,0.27123122128415506
delhi_ncr,2025-11-08,28.425,77.075,0.0002545358941124942,0.27433122699439916
delhi_ncr,2025-11-08,28.425,77.125,0.00023591816457825987,0.2672079349057467
delhi_ncr,2025-11-08,28.425,77.175,0.00026033410637587364,0.2666122733301202
delhi_ncr,2025-11-08,28.425,77.225,0.0002522637757553065,0.2590105292965433
delhi_ncr,2025-11-08,28.425,77.275,0.0002580162534199403,0.25256974427107426
delhi_ncr,2025-11-08,28.425,77.325,0.0002896876310930509,0.24726910689450923
delhi_ncr,2025-11-08,28.425,77.375,0.0003581719075413461,0.22749542393527275
delhi_ncr,2025-11-08,28.425,77.425,0.0003911811550564652,0.22246737033012065
delhi_ncr,2025-11-08,28.425,77.475,0.0003897603375159262,0.22065307463628733
delhi_ncr,2025-11-08,28.425,77.525,0.000387779874321071,0.22092513231605898
delhi_ncr,2025-11-08,28.425,77.55,0.0003895520391522259,0.2225520281774994
delhi_ncr,2025-11-08,28.475,76.825,0.00026741476964408316,0.24462336283171082
delhi_ncr,2025-11-08,28.475,76.875,0.0001692369668553474,0.247796006720922
delhi_ncr,2025-11-08,28.475,76.925,0.00022527946746748407,0.25407281977712615
delhi_ncr,2025-11-08,28.475,76.975,0.0002962762571195226,0.2573881799848068
delhi_ncr,2025-11-08,28.475,77.025,0.0003474078629423157,0.26101665632147003
delhi_ncr,2025-11-08,28.475,77.075,0.00033220129597505643,0.26424185737026973
delhi_ncr,2025-11-08,28.475,77.125,5.9300780712655756e-05,0.26276734484889036
delhi_ncr,2025-11-08,28.475,77.175,7.432764460424708e-05,0.26571782410462763
delhi_ncr,2025-11-08,28.475,77.225,0.00016897125600991432,0.2635339058238395
delhi_ncr,2025-11-08,28.475,77.275,0.00023646005890513074,0.2603571767348129
delhi_ncr,2025-11-08,28.475,77.325,0.00026291992165089885,0.2549048092472581
delhi_ncr,2025-11-08,28.475,77.375,0.0003367840643879501,0.22857281676220495
delhi_ncr,2025-11-08,28.475,77.425,0.00034014266890979494,0.2255602951854025
delhi_ncr,2025-11-08,28.475,77.475,0.00040269316450994487,0.2244988579787097
delhi_ncr,2025-11-08,28.475,77.525,0.00045668597117386677,0.2240499669645321
delhi_ncr,2025-11-08,28.475,77.55,0.0005057351446838656,0.22390733580102073
delhi_ncr,2025-11-08,28.525,76.825,0.0002903635976671218,0.23079639019932388
delhi_ncr,2025-11-08,28.525,76.875,0.00029235296313778254,0.2355424286913103
delhi_ncr,2025-11-08,28.525,76.925,0.0004596601187676652,0.24400160047338393
delhi_ncr,2025-11-08,28.525,76.975,0.0005372807956946561,0.2473100302049874
delhi_ncr,2025-11-08,28.525,77.025,0.0005030198008084119,0.251218092653599
delhi_ncr,2025-11-08,28.525,77.075,0.0003271312779554838,0.2553555043611415
delhi_ncr,2025-11-08,28.525,77.125,-0.0001651754567898804,0.2559967871716332
delhi_ncr,2025-11-08,28.525,77.175,-0.00012057213073963453,0.255978629036065
delhi_ncr,2025-11-08,28.525,77.225,6.388749639079002e-05,0.26155301473142656
delhi_ncr,2025-11-08,28.525,77.275,0.0002031928029623823,0.2626974820452602
delhi_ncr,2025-11-08,28.525,77.325,0.0002491393191480294,0.2555230883870514
delhi_ncr,2025-11-08,28.525,77.375,0.0002549903042495056,0.22922771254044844
delhi_ncr,2025-11-08,28.525,77.425,0.0002632207838026848,0.22569651467116447
delhi_ncr,2025-11-08,28.525,77.475,0.00045629103196827487,0.22153269983468238
delhi_ncr,2025-11-08,28.525,77.525,0.0005837584648024177,0.2205422559529925
delhi_ncr,2025-11-08,28.525,77.55,0.0005541620333148949,0.21822855006827885
delhi_ncr,2025-11-08,28.575,76.825,0.0003980170584944069,0.21347785664559596
delhi_ncr,2025-11-08,28.575,76.875,0.00020830657922251198,0.22377983501571602
delhi_ncr,2025-11-08,28.575,76.925,0.0002880232724166636,0.2380871591430764
delhi_ncr,2025-11-08,28.575,76.975,0.0002989226420416856,0.24009366933474308
delhi_ncr,2025-11-08,28.575,77.025,0.0003803807898953154,0.24433412134271185
delhi_ncr,2025-11-08,28.575,77.075,0.00050837854634327,0.25094278482404975
delhi_ncr,2025-11-08,28.575,77.125,0.000532344763499564,0.2540752737142042
delhi_ncr,2025-11-08,28.575,77.175,0.000555821754323036,0.26092589338444455
delhi_ncr,2025-11-08,28.575,77.225,0.0004570129665193595,0.261553173476667
delhi_ncr,2025-11-08,28.575,77.275,0.0003041608418402977,0.2518906368446041
delhi_ncr,2025-11-08,28.575,77.325,0.00017884774700288592,0.23368427503643052
delhi_ncr,2025-11-08,28.575,77.375,0.00047371293211358363,0.22072399886398703
delhi_ncr,2025-11-08,28.575,77.425,0.0005135776497557774,0.21890375300420956
delhi_ncr,2025-11-08,28.575,77.475,0.0004627610417970014,0.2116784942492264
delhi_ncr,2025-11-08,28.575,77.525,0.00045958107253731776,0.20863197384895912
delhi_ncr,2025-11-08,28.625,76.825,0.00035102370622058896,0.2394544347529089
delhi_ncr,2025-11-08,28.625,76.875,0.0003245363539415951,0.24630423282531683
delhi_ncr,2025-11-08,28.625,76.925,0.0003640497028524785,0.23846114762971013
delhi_ncr,2025-11-08,28.625,76.975,0.00036926844332471306,0.23821951119162724
delhi_ncr,2025-11-08,28.625,77.025,0.0003877598205048805,0.24218297530705604
delhi_ncr,2025-11-08,28.625,77.075,0.0003993565342732715,0.24934889208457117
delhi_ncr,2025-11-08,28.625,77.125,0.000288140211292634,0.25893129019817535
delhi_ncr,2025-11-08,28.625,77.175,0.0003814934349866466,0.25786023909922434
delhi_ncr,2025-11-08,28.625,77.225,0.00036559327042661583,0.253335017097482
delhi_ncr,2025-11-08,28.625,77.275,0.00030830631132731375,0.2439749422948289
delhi_ncr,2025-11-08,28.625,77.325,0.00025528642985587645,0.23103273644804956
delhi_ncr,2025-11-08,28.625,77.375,0.0004303571713544602,0.22193125222239943
delhi_ncr,2025-11-08,28.625,77.425,0.00039257008172265145,0.21416100396201654
delhi_ncr,2025-11-08,28.625,77.475,0.00034503959118950756,0.20749973647208358
delhi_ncr,2025-11-08,28.625,77.525,0.00035680368175270094,0.19774979124143993
delhi_ncr,2025-11-08,28.625,77.55,0.0004751249055817309,0.19502043744942482
delhi_ncr,2025-11-08,28.675,76.825,0.00022770175024973185,0.24448919720245674
delhi_ncr,2025-11-08,28.675,76.875,0.0002828138070812266,0.2506897221574242
delhi_ncr,2025-11-08,28.675,76.925,0.0004221118757320205,0.2504074206932261
delhi_ncr,2025-11-08,28.675,76.975,0.00042996292977574,0.2504977906128589
delhi_ncr,2025-11-08,28.675,77.025,0.00040664971711219295,0.2534660738515011
delhi_ncr,2025-11-08,28.675,77.075,0.000360655728914821,0.2582512036040452
delhi_ncr,2025-11-08,28.675,77.125,0.00026333426058343997,0.2603943843380531
delhi_ncr,2025-11-08,28.675,77.175,0.00034675339566287686,0.25790307904274595
delhi_ncr,2025-11-08,28.675,77.225,0.0003485709816034668,0.2520870386461749
delhi_ncr,2025-11-08,28.675,77.275,0.00032689374755279644,0.24406846421930062
delhi_ncr,2025-11-08,28.675,77.325,0.0003033390078578032,0.23509082674239482
delhi_ncr,2025-11-08,28.675,77.375,0.0003480280813739886,0.22744422939237194
delhi_ncr,2025-11-08,28.675,77.425,0.00029306166935894035,0.21893572229428118
delhi_ncr,2025-11-08,28.675,77.475,0.0002557304083500445,0.21275443921599302
delhi_ncr,2025-11-08,28.675,77.525,0.0002591789288543356,0.20198114284219554
delhi_ncr,2025-11-08,28.675,77.55,0.00031093854758264,0.18602046074676987
delhi_ncr,2025-11-08,28.725,76.825,0.00018942301362755262,0.24391294934311147
delhi_ncr,2025-11-08,28.725,76.875,0.00025047690169139827,0.2482135203713992
delhi_ncr,2025-11-08,28.725,76.925,0.0004019054159351481,0.26050827255362313
delhi_ncr,2025-11-08,28.725,76.975,0.0004042232293322207,0.2621494443224985
delhi_ncr,2025-11-08,28.725,77.025,0.00037289524242961565,0.2641113772945614
delhi_ncr,2025-11-08,28.725,77.075,0.00033196832998839504,0.2660846001154269
delhi_ncr,2025-11-08,28.725,77.125,0.00032012766487653807,0.2607944916310404
delhi_ncr,2025-11-08,28.725,77.175,0.00031260536895059645,0.25943077510700113
delhi_ncr,2025-11-08,28.725,77.225,0.0003170028999106389,0.2554758005318696
delhi_ncr,2025-11-08,28.725,77.275,0.0003170696424112877,0.25029586665378606
delhi_ncr,2025-11-08,28.725,77.325,0.00031356179458782665,0.24494395711639677
delhi_ncr,2025-11-08,28.725,77.375,0.0003483481610946866,0.24081580678474665
delhi_ncr,2025-11-08,28.725,77.425,0.0002825205087567287,0.23372961216179786
delhi_ncr,2025-11-08,28.725,77.475,0.00022171473808599632,0.22898873761314034
delhi_ncr,2025-11-08,28.725,77.525,0.0001953246167651273,0.22105125360794198
delhi_ncr,2025-11-08,28.725,77.55,0.0002162810085767708,0.22428567923863896
delhi_ncr,2025-11-08,28.775,76.825,0.0003787225330460743,0.2486377521309171
delhi_ncr,2025-11-08,28.775,76.875,0.00036266195606844725,0.24674640863177277
delhi_ncr,2025-11-08,28.775,76.925,0.00024826586877466675,0.2575375318031493
delhi_ncr,2025-11-08,28.775,76.975,0.0002185676460319738,0.26101903011521593
delhi_ncr,2025-11-08,28.775,77.025,0.00022843812714207876,0.2626954304218318
delhi_ncr,2025-11-08,28.775,77.075,0.0002728315959923609,0.2630937456692087
delhi_ncr,2025-11-08,28.775,77.125,0.00036113521060211437,0.2617879603364206
delhi_ncr,2025-11-08,28.775,77.175,0.00017262480528683715,0.26117769061716617
delhi_ncr,2025-11-08,28.775,77.225,0.00019909715244884754,0.26239856897308644
delhi_ncr,2025-11-08,28.775,77.275,0.00023775011127707252,0.262075907555206
delhi_ncr,2025-11-08,28.775,77.325,0.0002764478331128151,0.26061489908888713
delhi_ncr,2025-11-08,28.775,77.375,0.0005413881314362128,0.2657449320419654
delhi_ncr,2025-11-08,28.775,77.425,0.00043194284978168056,0.2602318606229231
delhi_ncr,2025-11-08,28.775,77.475,0.0002745547683668072,0.2586359802129925
delhi_ncr,2025-11-08,28.775,77.525,0.00019207679686993986,0.2568771742911245
delhi_ncr,2025-11-08,28.775,77.55,0.00020433402281408339,0.2670906176934289
delhi_ncr,2025-11-08,28.825,76.825,0.000363120538895756,0.25595412541023316
delhi_ncr,2025-11-08,28.825,76.875,0.00036203405086711327,0.25490819396092823
delhi_ncr,2025-11-08,28.825,76.925,0.00040082555358817714,0.2635063467688682
delhi_ncr,2025-11-08,28.825,76.975,0.0003392366231768834,0.264598237985067
delhi_ncr,2025-11-08,28.825,77.025,0.0002777182688763018,0.2634898646448448
delhi_ncr,2025-11-08,28.825,77.075,0.00024780556109202075,0.2613356302994197
delhi_ncr,2025-11-08,28.825,77.125,0.0003136466656124497,0.25965348414013384
delhi_ncr,2025-11-08,28.825,77.175,0.00030494147140892484,0.2593862523103673
delhi_ncr,2025-11-08,28.825,77.225,0.00020030917458009175,0.2593679689627929
delhi_ncr,2025-11-08,28.825,77.275,0.00015526299906465016,0.25996044069120705
delhi_ncr,2025-11-08,28.825,77.325,0.00021771625490550145,0.2613896168382574
delhi_ncr,2025-11-08,28.825,77.375,0.00046652607175442205,0.26500420100033106
delhi_ncr,2025-11-08,28.825,77.425,0.0003526030184808262,0.2652041476233962
delhi_ncr,2025-11-08,28.825,77.475,0.00022790971137195742,0.26248226090163956
delhi_ncr,2025-11-08,28.825,77.525,0.00016427151871144146,0.26694383620502404
delhi_ncr,2025-11-08,28.875,76.825,0.0001564144728615756,0.2615844257368039
delhi_ncr,2025-11-08,28.875,76.875,0.00016570750760115506,0.2611360440835586
delhi_ncr,2025-11-08,28.875,76.925,0.00027300501245157655,0.2643469438643365
delhi_ncr,2025-11-08,28.875,76.975,0.0002783012056372896,0.26422443637480353
delhi_ncr,2025-11-08,28.875,77.025,0.0002733153643078828,0.26244137160963293
delhi_ncr,2025-11-08,28.875,77.075,0.0002691152366937832,0.25997573777001204
delhi_ncr,2025-11-08,28.875,77.125,0.0002644068144938186,0.2600687484565074
delhi_ncr,2025-11-08,28.875,77.175,0.0002979460418216184,0.25039676929853333
delhi_ncr,2025-11-08,28.875,77.225,0.0002898250912260994,0.24818241104625663
delhi_ncr,2025-11-08,28.875,77.275,0.0002677263408514338,0.2474265181206988
delhi_ncr,2025-11-08,28.875,77.325,0.000248274579850207,0.24781918214785786
delhi_ncr,2025-11-08,28.875,77.375,0.00031086360305335615,0.25499131982526996
delhi_ncr,2025-11-08,28.875,77.425,0.00013873225117485007,0.25418968398865605
delhi_ncr,2025-11-08,28.875,77.475,0.00013085211902719136,0.25371370597195203
delhi_ncr,2025-11-08,28.875,77.525,0.0002008858977794952,0.25615290785734934
delhi_ncr,2025-11-08,28.875,77.55,0.0002703610933473409,0.2678368333419126
delhi_ncr,2025-11-09,28.375,76.825,0.000301671066053136,0.18864343400334044
delhi_ncr,2025-11-09,28.375,76.875,0.0002604563082692173,0.1765775190105826
delhi_ncr,2025-11-09,28.375,76.925,0.0002615214083617429,0.1600329252416316
delhi_ncr,2025-11-09,28.375,76.975,0.0002565110469178126,0.1576922308939327
delhi_ncr,2025-11-09,28.375,77.025,0.0002455419974901827,0.14931573477136648
delhi_ncr,2025-11-09,28.375,77.075,0.00023889004603360186,0.13434370753243072
delhi_ncr,2025-11-09,28.375,77.125,0.0002813726063881271,0.11937937486338834
delhi_ncr,2025-11-09,28.375,77.175,0.0002814138923298484,0.11917593559667698
delhi_ncr,2025-11-09,28.375,77.225,0.0002728393756565082,0.12069892255287624
delhi_ncr,2025-11-09,28.375,77.275,0.0002511021562019424,0.12275893178449693
delhi_ncr,2025-11-09,28.375,77.325,0.0002151685315981053,0.12438279464065662
delhi_ncr,2025-11-09,28.375,77.375,0.00015764634122490413,0.12104461859586745
delhi_ncr,2025-11-09,28.375,77.425,0.00015790261105755608,0.12052404489537569
delhi_ncr,2025-11-09,28.375,77.475,0.00022750532258595312,0.1202181896494351
delhi_ncr,2025-11-09,28.375,77.525,0.0003150947963815656,0.11976104828340962
delhi_ncr,2025-11-09,28.375,77.55,0.0003102713382377447,0.11653538949807388
delhi_ncr,2025-11-09,28.425,76.825,0.0002127457697031972,0.17008439873820985
delhi_ncr,2025-11-09,28.425,76.875,0.00018434064892399184,0.16549902316232376
delhi_ncr,2025-11-09,28.425,76.925,0.0003208629063524586,0.16057638279483283
delhi_ncr,2025-11-09,28.425,76.975,0.000328786282230712,0.1603356105312892
delhi_ncr,2025-11-09,28.425,77.025,0.00031382222111943635,0.15714192071320102
delhi_ncr,2025-11-09,28.425,77.075,0.00029720351739615934,0.1502993696097593
delhi_ncr,2025-11-09,28.425,77.125,0.0003024851546904909,0.13925073997307977
delhi_ncr,2025-11-09,28.425,77.175,0.00020368625838094597,0.13553922986432643
delhi_ncr,2025-11-09,28.425,77.225,0.00021332779876005674,0.135482232043157
delhi_ncr,2025-11-09,28.425,77.275,0.00022500711777324615,0.136501480573033
delhi_ncr,2025-11-09,28.425,77.325,0.00022286228170246742,0.1377396381666601
delhi_ncr,2025-11-09,28.425,77.375,0.00024946863351712925,0.138006802079697
delhi_ncr,2025-11-09,28.425,77.425,0.00024644373965508674,0.13770680421893952
delhi_ncr,2025-11-09,28.425,77.475,0.0002901239295557062,0.13722054696774372
delhi_ncr,2025-11-09,28.425,77.525,0.00038036386556732435,0.135010749182746
delhi_ncr,2025-11-09,28.425,77.55,0.0004949380813576754,0.12997455623395318
delhi_ncr,2025-11-09,28.475,76.825,0.00012178982261561164,0.1494536352137348
delhi_ncr,2025-11-09,28.475,76.875,0.00010189334311945602,0.14904270957115198
delhi_ncr,2025-11-09,28.475,76.925,0.0003264169603979687,0.1547267921584728
delhi_ncr,2025-11-09,28.475,76.975,0.0003631258631712224,0.15736513716722375
delhi_ncr,2025-11-09,28.475,77.025,0.0003607958349400509,0.15939688664044538
delhi_ncr,2025-11-09,28.475,77.075,0.0003360918466938293,0.16004793746582463
delhi_ncr,2025-11-09,28.475,77.125,0.0002800730418132981,0.15482587327904973
delhi_ncr,2025-11-09,28.475,77.175,0.0001599277599014343,0.1497529506960601
delhi_ncr,2025-11-09,28.475,77.225,0.00014860290949724353,0.14879534027895905
delhi_ncr,2025-11-09,28.475,77.275,0.0001617697825067049,0.14864761234670812
delhi_ncr,2025-11-09,28.475,77.325,0.00019608282829897014,0.14886651981458132
delhi_ncr,2025-11-09,28.475,77.375,0.0003767689885126044,0.1507521226680604
delhi_ncr,2025-11-09,28.475,77.425,0.0003611059805016146,0.15057730838657546
delhi_ncr,2025-11-09,28.475,77.475,0.0003719308458877082,0.15018487406251524
delhi_ncr,2025-11-09,28.475,77.525,0.00042151138395152786,0.14700458103011052
delhi_ncr,2025-11-09,28.475,77.55,0.00047797158343425826,0.14205896380017485
delhi_ncr,2025-11-09,28.525,76.825,7.591209299284448e-05,0.12899163027447705
delhi_ncr,2025-11-09,28.525,76.875,4.440239519735874e-05,0.12864028346228853
delhi_ncr,2025-11-09,28.525,76.925,0.0002371160455100091,0.1412204698079799
delhi_ncr,2025-11-09,28.525,76.975,0.0003211394567620287,0.1477929965753543
delhi_ncr,2025-11-09,28.525,77.025,0.0003424241621130721,0.15322038083315126
delhi_ncr,2025-11-09,28.525,77.075,0.000300512763796815,0.1570503171823793
delhi_ncr,2025-11-09,28.525,77.125,0.00015931997332062472,0.15605459573765243
delhi_ncr,2025-11-09,28.525,77.175,0.0001971769649718932,0.15420880455808214
delhi_ncr,2025-11-09,28.525,77.225,0.00012118779212650362,0.15371193158660718
delhi_ncr,2025-11-09,28.525,77.275,6.924793011783969e-05,0.1534800498852048
delhi_ncr,2025-11-09,28.525,77.325,0.00010953639872446689,0.1534030983920957
delhi_ncr,2025-11-09,28.525,77.375,0.00047623319247472117,0.15390570253202876
delhi_ncr,2025-11-09,28.525,77.425,0.00043943475491394873,0.15375428053767787
delhi_ncr,2025-11-09,28.525,77.475,0.0003876266582140186,0.15319043051495923
delhi_ncr,2025-11-09,28.525,77.525,0.0003742915447915524,0.15003136777679987
delhi_ncr,2025-11-09,28.525,77.55,0.0003646524188323151,0.13667443356157455
delhi_ncr,2025-11-09,28.575,76.825,0.00032949866798466585,0.11964518087284359
delhi_ncr,2025-11-09,28.575,76.875,0.00034030593097508977,0.12057683709924967
delhi_ncr,2025-11-09,28.575,76.925,0.00036350764396406247,0.1344104552193674
delhi_ncr,2025-11-09,28.575,76.975,0.0003498924970403068,0.14181064074685587
delhi_ncr,2025-11-09,28.575,77.025,0.00036617285899057095,0.14540821964214676
delhi_ncr,2025-11-09,28.575,77.075,0.00039153719125373747,0.1457159755564667
delhi_ncr,2025-11-09,28.575,77.125,0.00030086552544299195,0.14444222577700983
delhi_ncr,2025-11-09,28.575,77.175,0.0002232538880104849,0.14338391855520322
delhi_ncr,2025-11-09,28.575,77.225,0.0003998572428651171,0.14425311390574005
delhi_ncr,2025-11-09,28.575,77.275,0.0005112233086729117,0.1450940296289681
delhi_ncr,2025-11-09,28.575,77.325,0.0004941536690677561,0.14583954037856073
delhi_ncr,2025-11-09,28.575,77.375,0.0004380886636935154,0.14933578058853528
delhi_ncr,2025-11-09,28.575,77.425,0.0004784222844349693,0.14823290258650676
delhi_ncr,2025-11-09,28.575,77.475,0.00044127659068929006,0.143442525290157
delhi_ncr,2025-11-09,28.575,77.525,0.0003783710084191334,0.13637876035309135
delhi_ncr,2025-11-09,28.625,76.825,0.0003549263848024855,0.12037582357277382
delhi_ncr,2025-11-09,28.625,76.875,0.00031711007070573364,0.12335075388020864
delhi_ncr,2025-11-09,28.625,76.925,0.00029070434026474794,0.13126046004840458
delhi_ncr,2025-11-09,28.625,76.975,0.0003224931674581992,0.13446938742488396
delhi_ncr,2025-11-09,28.625,77.025,0.000342473501465629,0.13513352065812376
delhi_ncr,2025-11-09,28.625,77.075,0.0003249760673956702,0.133460341452024
delhi_ncr,2025-11-09,28.625,77.125,0.0002003280002418278,0.13041618697218182
delhi_ncr,2025-11-09,28.625,77.175,0.00017214969576450454,0.1299133480623338
delhi_ncr,2025-11-09,28.625,77.225,0.0001878278338199814,0.1274533900415541
delhi_ncr,2025-11-09,28.625,77.275,0.0002163469018092988,0.12556529366250055
delhi_ncr,2025-11-09,28.625,77.325,0.0002485750358598805,0.12464187087739528
delhi_ncr,2025-11-09,28.625,77.375,0.0002870347990329734,0.12375660706331335
delhi_ncr,2025-11-09,28.625,77.425,0.00042136731566105553,0.1220255960547686
delhi_ncr,2025-11-09,28.625,77.475,0.00031707159062579544,0.12163655704322682
delhi_ncr,2025-11-09,28.625,77.525,0.0002327388170850029,0.12086932831453251
delhi_ncr,2025-11-09,28.625,77.55,0.000270353561364827,0.12296278229345677
delhi_ncr,2025-11-09,28.675,76.825,0.00039049126027492696,0.11837557023602734
delhi_ncr,2025-11-09,28.675,76.875,0.0003217110361431258,0.12102116023974244
delhi_ncr,2025-11-09,28.675,76.925,0.00026626592835623695,0.12429205745529037
delhi_ncr,2025-11-09,28.675,76.975,0.00027945861873671156,0.12524805213685766
delhi_ncr,2025-11-09,28.675,77.025,0.00035054298574088607,0.12465296283616159
delhi_ncr,2025-11-09,28.675,77.075,0.00039951058887218366,0.12281643170070153
delhi_ncr,2025-11-09,28.675,77.125,7.31084952484623e-05,0.11986361841132348
delhi_ncr,2025-11-09,28.675,77.175,6.920998931148609e-05,0.11987783485903808
delhi_ncr,2025-11-09,28.675,77.225,0.0002046801036372767,0.11725867334861544
delhi_ncr,2025-11-09,28.675,77.275,0.0002719619004959275,0.11455887836956935
delhi_ncr,2025-11-09,28.675,77.325,0.00023888281019006903,0.11225318153550262
delhi_ncr,2025-11-09,28.675,77.375,0.00021795487318644288,0.10979371797220619
delhi_ncr,2025-11-09,28.675,77.425,0.00027783682490198776,0.1081632328757178
delhi_ncr,2025-11-09,28.675,77.475,0.0002632463595785043,0.10970566024911937
delhi_ncr,2025-11-09,28.675,77.525,0.00025236420751929763,0.11168083337427086
delhi_ncr,2025-11-09,28.675,77.55,0.00026516830163116414,0.11327699168458316
delhi_ncr,2025-11-09,28.725,76.825,0.0003836177122916853,0.1143308907320218
delhi_ncr,2025-11-09,28.725,76.875,0.00037573104947631424,0.11373976924245095
delhi_ncr,2025-11-09,28.725,76.925,0.0003220892990558139,0.11278225129919496
delhi_ncr,2025-11-09,28.725,76.975,0.0003075784064628595,0.11237697037435135
delhi_ncr,2025-11-09,28.725,77.025,0.0003837548813471035,0.1113425464901649
delhi_ncr,2025-11-09,28.725,77.075,0.00045180374007133703,0.10971405243324964
delhi_ncr,2025-11-09,28.725,77.125,2.058989572405776e-05,0.10850852883477444
delhi_ncr,2025-11-09,28.725,77.175,2.3484380117191142e-05,0.10866691423143207
delhi_ncr,2025-11-09,28.725,77.225,0.00024150463491210314,0.10697715334062262
delhi_ncr,2025-11-09,28.725,77.275,0.00033098616517377745,0.1045037061995395
delhi_ncr,2025-11-09,28.725,77.325,0.00023831125421236928,0.10152948276011371
delhi_ncr,2025-11-09,28.725,77.375,0.00018866375346881722,0.09984854980621838
delhi_ncr,2025-11-09,28.725,77.425,0.00018174543959550152,0.09887955583389763
delhi_ncr,2025-11-09,28.725,77.475,0.0002549303298156737,0.10087690799700844
delhi_ncr,2025-11-09,28.725,77.525,0.00032248437042606287,0.10311718104104385
delhi_ncr,2025-11-09,28.725,77.55,0.0004043650307346779,0.10014822008007562
delhi_ncr,2025-11-09,28.775,76.825,0.00028826966408896,0.10830701297575701
delhi_ncr,2025-11-09,28.775,76.875,0.0005028088278170927,0.10103331438786267
delhi_ncr,2025-11-09,28.775,76.925,0.000496005476564772,0.09541545828735988
delhi_ncr,2025-11-09,28.775,76.975,0.000486693795866633,0.09445859383813097
delhi_ncr,2025-11-09,28.775,77.025,0.000443107228306637,0.0931125404451918
delhi_ncr,2025-11-09,28.775,77.075,0.00034977996083150105,0.09155834628099278
delhi_ncr,2025-11-09,28.775,77.125,0.00013715537310888236,0.09318841048678947
delhi_ncr,2025-11-09,28.775,77.175,0.00013172363972985943,0.09283447690166613
delhi_ncr,2025-11-09,28.775,77.225,0.00013292804268221422,0.09164293032986598
delhi_ncr,2025-11-09,28.775,77.275,0.00010714699262644905,0.089566728737738
delhi_ncr,2025-11-09,28.775,77.325,7.050765922272276e-05,0.08732138955105291
delhi_ncr,2025-11-09,28.775,77.375,0.00017328193496980008,0.08888337216033373
delhi_ncr,2025-11-09,28.775,77.425,0.00024948404075367323,0.0896048234159026
delhi_ncr,2025-11-09,28.775,77.475,0.00028085101246354304,0.09045243085917046
delhi_ncr,2025-11-09,28.775,77.525,0.000362673925828089,0.09098116751401063
delhi_ncr,2025-11-09,28.775,77.55,0.0003831729465462139,0.08579168208867857
delhi_ncr,2025-11-09,28.825,76.825,0.00023321716832339895,0.10602910495732552
delhi_ncr,2025-11-09,28.825,76.875,0.0004133050320160917,0.09781660847859724
delhi_ncr,2025-11-09,28.825,76.925,0.0004176418910117786,0.08833594370848223
delhi_ncr,2025-11-09,28.825,76.975,0.00042439236822731035,0.08746225602695841
delhi_ncr,2025-11-09,28.825,77.025,0.00036689608303799544,0.08623599686077797
delhi_ncr,2025-11-09,28.825,77.075,0.00025163318562784623,0.08441533935124487
delhi_ncr,2025-11-09,28.825,77.125,0.00011530723868424384,0.08556476802794753
delhi_ncr,2025-11-09,28.825,77.175,0.00010417680380324231,0.08421075028464463
delhi_ncr,2025-11-09,28.825,77.225,9.369788556744433e-05,0.08271109197322095
delhi_ncr,2025-11-09,28.825,77.275,0.00016035069776292973,0.08182480802029193
delhi_ncr,2025-11-09,28.825,77.325,0.00026383925312067674,0.08207265007473506
delhi_ncr,2025-11-09,28.825,77.375,3.930691195051242e-05,0.085403172433131
delhi_ncr,2025-11-09,28.825,77.425,3.574323852160551e-06,0.08593682575480964
delhi_ncr,2025-11-09,28.825,77.475,4.265295063880999e-05,0.08353595426363074
delhi_ncr,2025-11-09,28.825,77.525,0.0001367354447019079,0.0813625297098327
delhi_ncr,2025-11-09,28.875,76.825,0.0003130303411537187,0.09673425369960509
delhi_ncr,2025-11-09,28.875,76.875,0.0002742682550759806,0.08991396024440951
delhi_ncr,2025-11-09,28.875,76.925,0.00043484048544621483,0.07958812453411553
delhi_ncr,2025-11-09,28.875,76.975,0.0004283402395240792,0.07926774323429152
delhi_ncr,2025-11-09,28.875,77.025,0.00035813474686214583,0.08065734646885146
delhi_ncr,2025-11-09,28.875,77.075,0.0002722533790724071,0.08286306505090346
delhi_ncr,2025-11-09,28.875,77.125,0.00030906366208838953,0.0874316406279194
delhi_ncr,2025-11-09,28.875,77.175,0.00033341970872942714,0.08598412565487204
delhi_ncr,2025-11-09,28.875,77.225,0.00030655983676311635,0.08480914943656474
delhi_ncr,2025-11-09,28.875,77.275,0.0002867364355427365,0.08399978417576291
delhi_ncr,2025-11-09,28.875,77.325,0.0003220405302208678,0.08340758381966579
delhi_ncr,2025-11-09,28.875,77.375,0.0006292259033574009,0.08155428715806386
delhi_ncr,2025-11-09,28.875,77.425,0.0006160131317655941,0.08173093045904738
delhi_ncr,2025-11-09,28.875,77.475,0.00045583501768185167,0.07564903147312341
delhi_ncr,2025-11-09,28.875,77.525,0.0003194081939377299,0.07115609206609402
delhi_ncr,2025-11-09,28.875,77.55,0.0002629163493127051,0.07407884989384395
delhi_ncr,2025-11-10,28.375,76.825,0.0003605670363632408,0.20999803161506891
delhi_ncr,2025-11-10,28.375,76.875,0.0004479552052552811,0.22168650255327937
delhi_ncr,2025-11-10,28.375,76.925,0.00033735404299956826,0.22445244848592225
delhi_ncr,2025-11-10,28.375,76.975,0.0003332992905603509,0.2223315191652492
delhi_ncr,2025-11-10,28.375,77.025,0.0003335439306780074,0.22198014077851852
delhi_ncr,2025-11-10,28.375,77.075,0.00034117724853129484,0.22333656579542507
delhi_ncr,2025-11-10,28.375,77.125,0.0004307225150812425,0.22230950415561068
delhi_ncr,2025-11-10,28.375,77.175,0.00030222301192013996,0.2247179925206835
delhi_ncr,2025-11-10,28.375,77.225,0.00029237672692538963,0.22467447419557957
delhi_ncr,2025-11-10,28.375,77.275,0.00035720618353920683,0.22029886080299718
delhi_ncr,2025-11-10,28.375,77.325,0.0004750552972148016,0.20925897442766442
delhi_ncr,2025-11-10,28.375,77.375,0.0005698430797438347,0.1775356003416805
delhi_ncr,2025-11-10,28.375,77.425,0.00046635508314714786,0.163032840584043
delhi_ncr,2025-11-10,28.375,77.475,0.00041413636713643866,0.14994219467140157
delhi_ncr,2025-11-10,28.375,77.525,0.0003864011797825792,0.13804396308591366
delhi_ncr,2025-11-10,28.375,77.55,0.0003658371630567255,0.1307088027915192
delhi_ncr,2025-11-10,28.425,76.825,0.00026784883356784827,0.20321738957444163
delhi_ncr,2025-11-10,28.425,76.875,0.0003915351323002518,0.21496350327503733
delhi_ncr,2025-11-10,28.425,76.925,0.0004044114273005248,0.2253385913903804
delhi_ncr,2025-11-10,28.425,76.975,0.0004558436686854884,0.22748511496960824
delhi_ncr,2025-11-10,28.425,77.025,0.00042679123270425147,0.22855266369055682
delhi_ncr,2025-11-10,28.425,77.075,0.00034932523675787144,0.22756482518061727
delhi_ncr,2025-11-10,28.425,77.125,0.0004045350286388698,0.21485191045359905
delhi_ncr,2025-11-10,28.425,77.175,0.0002966714693994158,0.20662672477156882
delhi_ncr,2025-11-10,28.425,77.225,0.00030340371571446105,0.19302958741091678
delhi_ncr,2025-11-10,28.425,77.275,0.00036226946397117325,0.18156001258336377
delhi_ncr,2025-11-10,28.425,77.325,0.00045236996322637485,0.17238006159504285
delhi_ncr,2025-11-10,28.425,77.375,0.0005260438108617214,0.1501033349598092
delhi_ncr,2025-11-10,28.425,77.425,0.000450783396738106,0.14158272188468524
delhi_ncr,2025-11-10,28.425,77.475,0.000496614881021715,0.13381434725837563
delhi_ncr,2025-11-10,28.425,77.525,0.0005089163484908002,0.12348124320112004
delhi_ncr,2025-11-10,28.425,77.55,0.00044137047212593054,0.11300314451414602
delhi_ncr,2025-11-10,28.475,76.825,0.0001755285924806261,0.2005373499557273
delhi_ncr,2025-11-10,28.475,76.875,0.00036870437298935416,0.20757853362521628
delhi_ncr,2025-11-10,28.475,76.925,0.0005077325162206938,0.21907623048099328
delhi_ncr,2025-11-10,28.475,76.975,0.0005920939545561514,0.22648398450377732
delhi_ncr,2025-11-10,28.475,77.025,0.0005302492419142282,0.23167686998421314
delhi_ncr,2025-11-10,28.475,77.075,0.000370590428982841,0.23016590809644819
delhi_ncr,2025-11-10,28.475,77.125,0.00036320752573804115,0.201380166992439
delhi_ncr,2025-11-10,28.475,77.175,0.0003236276368580005,0.18471893268550832
delhi_ncr,2025-11-10,28.475,77.225,0.000360465275675258,0.1630491273092687
delhi_ncr,2025-11-10,28.475,77.275,0.0004084028713324805,0.14846957520517112
delhi_ncr,2025-11-10,28.475,77.325,0.00044443503048420064,0.1426186536515997
delhi_ncr,2025-11-10,28.475,77.375,0.00042720800906477843,0.1289440260249802
delhi_ncr,2025-11-10,28.475,77.425,0.00042799754412314514,0.12364607828651443
delhi_ncr,2025-11-10,28.475,77.475,0.0004912896284148463,0.1182616615577255
delhi_ncr,2025-11-10,28.475,77.525,0.0005250372598390328,0.10840572647938782
delhi_ncr,2025-11-10,28.475,77.55,0.0005046729557397936,0.09140718191728234
delhi_ncr,2025-11-10,28.525,76.825,0.00013346962519323515,0.20306243333698915
delhi_ncr,2025-11-10,28.525,76.875,0.0004222947814358395,0.20107983269315197
delhi_ncr,2025-11-10,28.525,76.925,0.0005506737991147989,0.1960904806918321
delhi_ncr,2025-11-10,28.525,76.975,0.0005900608775996741,0.2087981848058544
delhi_ncr,2025-11-10,28.525,77.025,0.0005210342116474675,0.2235058755702268
delhi_ncr,2025-11-10,28.525,77.075,0.0003847199152883089,0.22897899093741056
delhi_ncr,2025-11-10,28.525,77.125,0.00032908166182212597,0.18785480310491764
delhi_ncr,2025-11-10,28.525,77.175,0.000407854250750256,0.17209035094816874
delhi_ncr,2025-11-10,28.525,77.225,0.00043771870012497885,0.15459906232193404
delhi_ncr,2025-11-10,28.525,77.275,0.0004448596012080171,0.1435347149037237
delhi_ncr,2025-11-10,28.525,77.325,0.00043123008515763344,0.13914790937173296
delhi_ncr,2025-11-10,28.525,77.375,0.00037702331867864693,0.12481275782009936
delhi_ncr,2025-11-10,28.525,77.425,0.0004103278105691334,0.11831226693632184
delhi_ncr,2025-11-10,28.525,77.475,0.0002929247446312807,0.1101012842665454
delhi_ncr,2025-11-10,28.525,77.525,0.0003036533732947151,0.09824039196865614
delhi_ncr,2025-11-10,28.525,77.55,0.00045394748516589824,0.07649066985324843
delhi_ncr,2025-11-10,28.575,76.825,0.00024267173046879124,0.23818314008037067
delhi_ncr,2025-11-10,28.575,76.875,0.00040778529220322204,0.24116131581533248
delhi_ncr,2025-11-10,28.575,76.925,0.00040252535378460425,0.24040361688671696
delhi_ncr,2025-11-10,28.575,76.975,0.00037667649395347924,0.2356632921060435
delhi_ncr,2025-11-10,28.575,77.025,0.0004118333257273617,0.22148789294357102
delhi_ncr,2025-11-10,28.575,77.075,0.00045124799897820305,0.1988083530247309
delhi_ncr,2025-11-10,28.575,77.125,0.00020557591814595775,0.16811514486417004
delhi_ncr,2025-11-10,28.575,77.175,0.0004604534703568684,0.16084815772411043
delhi_ncr,2025-11-10,28.575,77.225,0.0005101212599687498,0.1479580576229269
delhi_ncr,2025-11-10,28.575,77.275,0.0005647560976014676,0.13736856643045484
delhi_ncr,2025-11-10,28.575,77.325,0.0006294650494118392,0.1303556542745946
delhi_ncr,2025-11-10,28.575,77.375,0.0004728264806149468,0.11769667571021832
delhi_ncr,2025-11-10,28.575,77.425,0.00039174686308769186,0.1103410054848337
delhi_ncr,2025-11-10,28.575,77.475,0.00032313868533347866,0.09771716752322095
delhi_ncr,2025-11-10,28.575,77.525,0.00032230193242812493,0.08271288064305975
delhi_ncr,2025-11-10,28.625,76.825,0.0003700338258304197,0.22810053832093588
delhi_ncr,2025-11-10,28.625,76.875,0.0004589052712107768,0.2266980618022001
delhi_ncr,2025-11-10,28.625,76.925,0.0003782761920944937,0.22188708525918716
delhi_ncr,2025-11-10,28.625,76.975,0.0004169149151036003,0.21878710385221764
delhi_ncr,2025-11-10,28.625,77.025,0.0003990591860137331,0.20696266768925436
delhi_ncr,2025-11-10,28.625,77.075,0.0003336034684400751,0.1863669975699829
delhi_ncr,2025-11-10,28.625,77.125,0.00035311163584772205,0.15981918839236203
delhi_ncr,2025-11-10,28.625,77.175,0.0003810224267101011,0.15044614819165872
delhi_ncr,2025-11-10,28.625,77.225,0.00032971513337653595,0.13974927738413376
delhi_ncr,2025-11-10,28.625,77.275,0.0003414979233801108,0.13110846540599227
delhi_ncr,2025-11-10,28.625,77.325,0.00042510544565000426,0.12444461263660833
delhi_ncr,2025-11-10,28.625,77.375,0.0004383545359037788,0.10821285504435481
delhi_ncr,2025-11-10,28.625,77.425,0.0003721310213085067,0.10189980901806782
delhi_ncr,2025-11-10,28.625,77.475,0.000307414162648955,0.09507951132735537
delhi_ncr,2025-11-10,28.625,77.525,0.00035729249782331224,0.08418965783428276
delhi_ncr,2025-11-10,28.625,77.55,0.0004867932049080744,0.06964780174717455
delhi_ncr,2025-11-10,28.675,76.825,0.0003424291094439294,0.21527081765109218
delhi_ncr,2025-11-10,28.675,76.875,0.00040480225467985246,0.21160938089960304
delhi_ncr,2025-11-10,28.675,76.925,0.0002987812989684079,0.20390135333480658
delhi_ncr,2025-11-10,28.675,76.975,0.000272001924078317,0.19840850285452152
delhi_ncr,2025-11-10,28.675,77.025,0.0003019521075639401,0.18710254309542432
delhi_ncr,2025-11-10,28.675,77.075,0.0003717833550265624,0.17037845483158182
delhi_ncr,2025-11-10,28.675,77.125,0.00043508031134101565,0.14820224809812074
delhi_ncr,2025-11-10,28.675,77.175,0.00037342915034876983,0.13999290436393827
delhi_ncr,2025-11-10,28.675,77.225,0.00030230269155689287,0.13119411164514183
delhi_ncr,2025-11-10,28.675,77.275,0.0003045926327945514,0.12395846781974411
delhi_ncr,2025-11-10,28.675,77.325,0.00039421382689922745,0.11768381568462874
delhi_ncr,2025-11-10,28.675,77.375,0.0005271901840086186,0.10042799191962881
delhi_ncr,2025-11-10,28.675,77.425,0.0004715525725980825,0.09519414114198618
delhi_ncr,2025-11-10,28.675,77.475,0.0004340925220869096,0.08968004749834851
delhi_ncr,2025-11-10,28.675,77.525,0.00041233450755633484,0.0796502334219461
delhi_ncr,2025-11-10,28.675,77.55,0.0004120218261127684,0.06577531578917456
delhi_ncr,2025-11-10,28.725,76.825,0.0003711375617447907,0.1975928738214605
delhi_ncr,2025-11-10,28.725,76.875,0.00037576849578996194,0.19162590891777026
delhi_ncr,2025-11-10,28.725,76.925,0.0003134899421177635,0.1790411921331456
delhi_ncr,2025-11-10,28.725,76.975,0.00019824501644729385,0.1702981419349197
delhi_ncr,2025-11-10,28.725,77.025,0.0002618588784852717,0.1598586784255384
delhi_ncr,2025-11-10,28.725,77.075,0.00045506549478733474,0.1475198768703226
delhi_ncr,2025-11-10,28.725,77.125,0.00044724264568047934,0.13324603888562628
delhi_ncr,2025-11-10,28.725,77.175,0.0004203389837706468,0.12723639245590443
delhi_ncr,2025-11-10,28.725,77.225,0.00033273745709499184,0.11976287739638866
delhi_ncr,2025-11-10,28.725,77.275,0.0003193586310263309,0.11359692380931327
delhi_ncr,2025-11-10,28.725,77.325,0.00041058222139681965,0.10800409146994565
delhi_ncr,2025-11-10,28.725,77.375,0.000599421757632408,0.09297395944712096
delhi_ncr,2025-11-10,28.725,77.425,0.0005468973178916324,0.08819596954988672
delhi_ncr,2025-11-10,28.725,77.475,0.000509014215657711,0.08216945434607965
delhi_ncr,2025-11-10,28.725,77.525,0.0004023184653867952,0.07074527648452043
delhi_ncr,2025-11-10,28.725,77.55,0.00019978498381236317,0.048565508324042626
delhi_ncr,2025-11-10,28.775,76.825,0.0006334412636501563,0.17287880777781645
delhi_ncr,2025-11-10,28.775,76.875,0.0004800973530327559,0.16318229085462985
delhi_ncr,2025-11-10,28.775,76.925,0.0005563452984049201,0.14059524604644114
delhi_ncr,2025-11-10,28.775,76.975,0.0004148192706899293,0.13145357266214916
delhi_ncr,2025-11-10,28.775,77.025,0.00040245531227784027,0.12301750010869421
delhi_ncr,2025-11-10,28.775,77.075,0.000494298213656122,0.11549580752740032
delhi_ncr,2025-11-10,28.775,77.125,0.0003742538507636777,0.11485270167014898
delhi_ncr,2025-11-10,28.775,77.175,0.0005093505316198651,0.11035392648498352
delhi_ncr,2025-11-10,28.775,77.225,0.0003536596625676584,0.1033173894319124
delhi_ncr,2025-11-10,28.775,77.275,0.0002850526576119945,0.09769132356491238
delhi_ncr,2025-11-10,28.775,77.325,0.0003757177606597957,0.09384638430857487
delhi_ncr,2025-11-10,28.775,77.375,0.0005391806395344477,0.08505706545026587
delhi_ncr,2025-11-10,28.775,77.425,0.0004818711630317017,0.07990996604480774
delhi_ncr,2025-11-10,28.775,77.475,0.0003700988861244485,0.07315963639656384
delhi_ncr,2025-11-10,28.775,77.525,0.0002494089370664291,0.058272485674279895
delhi_ncr,2025-11-10,28.775,77.55,0.00030755004578205157,0.04857705443989504
delhi_ncr,2025-11-10,28.825,76.825,0.000592717782333902,0.15849799297839662
delhi_ncr,2025-11-10,28.825,76.875,0.0005342625246441501,0.1467033688347498
delhi_ncr,2025-11-10,28.825,76.925,0.0005516383438657487,0.1260184218258533
delhi_ncr,2025-11-10,28.825,76.975,0.00037920175268402184,0.11802442535607348
delhi_ncr,2025-11-10,28.825,77.025,0.0004416343087356112,0.1114929127279701
delhi_ncr,2025-11-10,28.825,77.075,0.0006358065110559646,0.10589446155049508
delhi_ncr,2025-11-10,28.825,77.125,0.00029260423788266357,0.10294862964742252
delhi_ncr,2025-11-10,28.825,77.175,0.00018344694889931864,0.09878735408523673
delhi_ncr,2025-11-10,28.825,77.225,0.00024340183422686486,0.08989080575543092
delhi_ncr,2025-11-10,28.825,77.275,0.0003257550737832423,0.08344356545617063
delhi_ncr,2025-11-10,28.825,77.325,0.00038392433592984227,0.08074012732094563
delhi_ncr,2025-11-10,28.825,77.375,0.0003460458522107668,0.07628204376173985
delhi_ncr,2025-11-10,28.825,77.425,0.00042807324799756254,0.07368520140360342
delhi_ncr,2025-11-10,28.825,77.475,0.0003702713874631065,0.07216634011983418
delhi_ncr,2025-11-10,28.825,77.525,0.0003664725712901915,0.06792255858434873
delhi_ncr,2025-11-10,28.875,76.825,0.0005334575499168461,0.12955838517414348
delhi_ncr,2025-11-10,28.875,76.875,0.00039857746113991624,0.12190242088580036
delhi_ncr,2025-11-10,28.875,76.925,0.00036872761590874036,0.10682040196493722
delhi_ncr,2025-11-10,28.875,76.975,0.0003264095167166508,0.10106227525870201
delhi_ncr,2025-11-10,28.875,77.025,0.00042552140721320466,0.09735444248858291
delhi_ncr,2025-11-10,28.875,77.075,0.0005778863154578777,0.09418999794120353
delhi_ncr,2025-11-10,28.875,77.125,0.00031375574708429924,0.0880016103836132
delhi_ncr,2025-11-10,28.875,77.175,0.00030271073604626,0.08266451267532397
delhi_ncr,2025-11-10,28.875,77.225,0.0002879653010952262,0.0729446876117572
delhi_ncr,2025-11-10,28.875,77.275,0.0002833955137282772,0.0657247940888503
delhi_ncr,2025-11-10,28.875,77.325,0.0002902103888331789,0.06219538115599577
delhi_ncr,2025-11-10,28.875,77.375,0.00026642338703067255,0.0578708207355465
delhi_ncr,2025-11-10,28.875,77.425,0.00015841770383595601,0.05155562189750761
delhi_ncr,2025-11-10,28.875,77.475,0.00024285773536288462,0.04254433150423374
delhi_ncr,2025-11-10,28.875,77.525,0.00034760318431368485,0.03728526213007536
delhi_ncr,2025-11-10,28.875,77.55,0.0004307863831834031,0.04572642056530213
delhi_ncr,2025-11-11,28.375,76.825,0.0003804788251032452,0.09060033800780558
delhi_ncr,2025-11-11,28.375,76.875,0.0004820925916280068,0.08589045105427531
delhi_ncr,2025-11-11,28.375,76.925,0.00022292466046136265,0.07313364487571636
delhi_ncr,2025-11-11,28.375,76.975,0.0003728816227644019,0.0665653423811402
delhi_ncr,2025-11-11,28.375,77.025,0.00046842755264928424,0.060990140137675744
delhi_ncr,2025-11-11,28.375,77.075,0.0004227274181543816,0.049445837005576546
delhi_ncr,2025-11-11,28.375,77.125,0.00011325124377415725,0.0017379217733107296
delhi_ncr,2025-11-11,28.375,77.175,0.00022161616121019602,0.007350638553039278
delhi_ncr,2025-11-11,28.375,77.225,0.00023523420888299913,0.0631587240216898
delhi_ncr,2025-11-11,28.375,77.275,0.00028546863086303215,0.0947722237910419
delhi_ncr,2025-11-11,28.375,77.325,0.0003738137615532959,0.08504585291359787
delhi_ncr,2025-11-11,28.375,77.375,0.0003378170022950946,0.03332329273941561
delhi_ncr,2025-11-11,28.375,77.425,0.00031300709231358876,0.02503791177785477
delhi_ncr,2025-11-11,28.375,77.475,0.0003604122857857194,0.04726666398566647
delhi_ncr,2025-11-11,28.375,77.525,0.0004055659061411846,0.06531959241224004
delhi_ncr,2025-11-11,28.375,77.55,0.0003470064594721727,0.06329902370289248
delhi_ncr,2025-11-11,28.425,76.825,0.0003752611759024118,0.08142041027039143
delhi_ncr,2025-11-11,28.425,76.875,0.00033867097491222734,0.07737194483177783
delhi_ncr,2025-11-11,28.425,76.925,0.0001591828403725554,0.07293662077069579
delhi_ncr,2025-11-11,28.425,76.975,0.000224904074685474,0.07405090619529343
delhi_ncr,2025-11-11,28.425,77.025,0.0002744857504407724,0.07386788480795828
delhi_ncr,2025-11-11,28.425,77.075,0.00026690557108941914,0.06759400824808263
delhi_ncr,2025-11-11,28.425,77.125,0.00017851360760495115,0.035198337844923065
delhi_ncr,2025-11-11,28.425,77.175,0.00031654080915062034,0.03532432547663075
delhi_ncr,2025-11-11,28.425,77.225,0.00027449096810311976,0.050666043789953666
delhi_ncr,2025-11-11,28.425,77.275,0.0002680871534788138,0.06454305531022016
delhi_ncr,2025-11-11,28.425,77.325,0.000322325754274377,0.06977138544329124
delhi_ncr,2025-11-11,28.425,77.375,0.00030387970838133217,0.04929825272724477
delhi_ncr,2025-11-11,28.425,77.425,0.0003177140301434307,0.053595311889092646
delhi_ncr,2025-11-11,28.425,77.475,0.00039867455041852674,0.0700482546876699
delhi_ncr,2025-11-11,28.425,77.525,0.00045402618579265893,0.08294253731275718
delhi_ncr,2025-11-11,28.425,77.55,0.00045581886232810587,0.08507192868586834
delhi_ncr,2025-11-11,28.475,76.825,0.00038063418062538024,0.07246871717068992
delhi_ncr,2025-11-11,28.475,76.875,0.00020379747819555992,0.06872339106248049
delhi_ncr,2025-11-11,28.475,76.925,0.0001702405228993763,0.07129408798712893
delhi_ncr,2025-11-11,28.475,76.975,0.00013786481958843037,0.07730325607097106
delhi_ncr,2025-11-11,28.475,77.025,0.00013462400275555904,0.07964224723172951
delhi_ncr,2025-11-11,28.475,77.075,0.0001658336557624252,0.07646564113005715
delhi_ncr,2025-11-11,28.475,77.125,0.00024599282170563534,0.06326228226159421
delhi_ncr,2025-11-11,28.475,77.175,0.00042510617564159157,0.0617638010177248
delhi_ncr,2025-11-11,28.475,77.225,0.0003301863758145072,0.04302918913965622
delhi_ncr,2025-11-11,28.475,77.275,0.00026935133069126374,0.038994026953588674
delhi_ncr,2025-11-11,28.475,77.325,0.00029385271749257153,0.053275670735985964
delhi_ncr,2025-11-11,28.475,77.375,0.000302196385394326,0.0615090364601205
delhi_ncr,2025-11-11,28.475,77.425,0.0003088761992038521,0.07591383906253939
delhi_ncr,2025-11-11,28.475,77.475,0.00040897325780958675,0.08796138051795532
delhi_ncr,2025-11-11,28.475,77.525,0.0004372254785452788,0.09455935667107442
delhi_ncr,2025-11-11,28.475,77.55,0.0002885866380943295,0.09123813813218826
delhi_ncr,2025-11-11,28.525,76.825,0.0004125123478953919,0.06715997396590317
delhi_ncr,2025-11-11,28.525,76.875,0.00022534718772043092,0.06484142088069099
delhi_ncr,2025-11-11,28.525,76.925,0.0003177265184865511,0.07239435474020743
delhi_ncr,2025-11-11,28.525,76.975,0.00023961717747855718,0.07972316846058775
delhi_ncr,2025-11-11,28.525,77.025,0.000208026528480644,0.08179801817500017
delhi_ncr,2025-11-11,28.525,77.075,0.00024598543309433356,0.07730226676381774
delhi_ncr,2025-11-11,28.525,77.125,0.00035202221106770586,0.06175765128397837
delhi_ncr,2025-11-11,28.525,77.175,0.0005091053390971726,0.06634103096205245
delhi_ncr,2025-11-11,28.525,77.225,0.0003485307115051167,0.05710524453060635
delhi_ncr,2025-11-11,28.525,77.275,0.0002783648529744565,0.0531507166744119
delhi_ncr,2025-11-11,28.525,77.325,0.00035620946756631614,0.05826378438129754
delhi_ncr,2025-11-11,28.525,77.375,0.0003735124824416186,0.06794023704345699
delhi_ncr,2025-11-11,28.525,77.425,0.00029098493212101887,0.0819366442621469
delhi_ncr,2025-11-11,28.525,77.475,0.0004113791665900794,0.09137239241734557
delhi_ncr,2025-11-11,28.525,77.525,0.00038852444442553653,0.09175089325840327
delhi_ncr,2025-11-11,28.525,77.55,0.0002232876315858108,0.06505255928616563
delhi_ncr,2025-11-11,28.575,76.825,0.0002282583773120314,0.08205467833613776
delhi_ncr,2025-11-11,28.575,76.875,0.0002277818784361179,0.08714310692716587
delhi_ncr,2025-11-11,28.575,76.925,0.00018884046901702133,0.10268578195490517
delhi_ncr,2025-11-11,28.575,76.975,0.0002817425215845106,0.10891099356111528
delhi_ncr,2025-11-11,28.575,77.025,0.00024381346935279942,0.11581974271113013
delhi_ncr,2025-11-11,28.575,77.075,0.00015171465593515957,0.12140618418215228
delhi_ncr,2025-11-11,28.575,77.125,0.0004818336784972558,0.11330933857882428
delhi_ncr,2025-11-11,28.575,77.175,0.00048021620617460825,0.11616086467892649
delhi_ncr,2025-11-11,28.575,77.225,0.00023780342428290113,0.1253447328803954
delhi_ncr,2025-11-11,28.575,77.275,0.0001840063428520105,0.12872560130562244
delhi_ncr,2025-11-11,28.575,77.325,0.00037460844211732156,0.12325185481286909
delhi_ncr,2025-11-11,28.575,77.375,0.0005267915226709481,0.10772195867616051
delhi_ncr,2025-11-11,28.575,77.425,0.0005358578952935238,0.10295131855470868
delhi_ncr,2025-11-11,28.575,77.475,0.0005669677496365358,0.0953359157706218
delhi_ncr,2025-11-11,28.575,77.525,0.0004955920935663275,0.07612584971917206
delhi_ncr,2025-11-11,28.625,76.825,0.0002947370551794183,0.06691885634384478
delhi_ncr,2025-11-11,28.625,76.875,0.0002260444994640968,0.07912154633502504
delhi_ncr,2025-11-11,28.625,76.925,0.0002820021777812122,0.09965211081423936
delhi_ncr,2025-11-11,28.625,76.975,0.00031313923843539907,0.10403006683295006
delhi_ncr,2025-11-11,28.625,77.025,0.0003797761869293187,0.10877366880683421
delhi_ncr,2025-11-11,28.625,77.075,0.0004533508658267206,0.114291754256984
delhi_ncr,2025-11-11,28.625,77.125,0.00037171662565393655,0.11535838917965789
delhi_ncr,2025-11-11,28.625,77.175,0.0003887456618035708,0.11650677732951534
delhi_ncr,2025-11-11,28.625,77.225,0.00031891666614392353,0.11956401267922759
delhi_ncr,2025-11-11,28.625,77.275,0.00029452263926768926,0.11982360329899812
delhi_ncr,2025-11-11,28.625,77.325,0.0003558161402894065,0.11412163424233317
delhi_ncr,2025-11-11,28.625,77.375,0.0005781854719521203,0.08717142342639703
delhi_ncr,2025-11-11,28.625,77.425,0.00043151183256112235,0.07934701880581306
delhi_ncr,2025-11-11,28.625,77.475,0.0004143088214047252,0.060058317404168754
delhi_ncr,2025-11-11,28.625,77.525,0.0004525021703283741,0.0351922009209955
delhi_ncr,2025-11-11,28.625,77.55,0.00044424298819477456,0.023383961698714904
delhi_ncr,2025-11-11,28.675,76.825,0.00031837143004328453,0.055497604768902795
delhi_ncr,2025-11-11,28.675,76.875,0.00036209539012169314,0.06539630157399079
delhi_ncr,2025-11-11,28.675,76.925,0.0002766545578912509,0.08664094201955139
delhi_ncr,2025-11-11,28.675,76.975,0.0002688479635733091,0.09068701754020338
delhi_ncr,2025-11-11,28.675,77.025,0.00040496554495764273,0.09477211606319787
delhi_ncr,2025-11-11,28.675,77.075,0.0005852015512873605,0.09984534868382831
delhi_ncr,2025-11-11,28.675,77.125,0.00035743715661791037,0.10182400485002259
delhi_ncr,2025-11-11,28.675,77.175,0.00038301578826591956,0.10476192257957107
delhi_ncr,2025-11-11,28.675,77.225,0.00035334220201848737,0.10592497085733293
delhi_ncr,2025-11-11,28.675,77.275,0.0003437719960639782,0.10375339928484201
delhi_ncr,2025-11-11,28.675,77.325,0.00037437976892838493,0.09517079236018167
delhi_ncr,2025-11-11,28.675,77.375,0.0004723663490518189,0.061946329239024565
delhi_ncr,2025-11-11,28.675,77.425,0.0003888635385648079,0.05308151481072
delhi_ncr,2025-11-11,28.675,77.475,0.0003288822846421934,0.032185043056146403
delhi_ncr,2025-11-11,28.675,77.525,0.00033658796355240356,0.01243758848543795
delhi_ncr,2025-11-11,28.675,77.55,0.0004253756214448739,0
delhi_ncr,2025-11-11,28.725,76.825,0.0003534022094941005,0.05168621952172706
delhi_ncr,2025-11-11,28.725,76.875,0.00044420274055336303,0.05546249359764671
delhi_ncr,2025-11-11,28.725,76.925,0.00022647047808653262,0.07090763998496044
delhi_ncr,2025-11-11,28.725,76.975,0.00021613142639284868,0.07386396914996092
delhi_ncr,2025-11-11,28.725,77.025,0.00035606352206722983,0.0767720222745969
delhi_ncr,2025-11-11,28.725,77.075,0.0005496720275849811,0.08035666129899798
delhi_ncr,2025-11-11,28.725,77.125,0.00041975045560460145,0.0821934864659395
delhi_ncr,2025-11-11,28.725,77.175,0.0004392059739267508,0.08598453341622761
delhi_ncr,2025-11-11,28.725,77.225,0.0004202323442615733,0.0851867409325322
delhi_ncr,2025-11-11,28.725,77.275,0.000398801382130444,0.07978581359941424
delhi_ncr,2025-11-11,28.725,77.325,0.0003848004206917679,0.06710960382389013
delhi_ncr,2025-11-11,28.725,77.375,0.00039021875300538473,0.03264807487008611
delhi_ncr,2025-11-11,28.725,77.425,0.00034272784774148186,0.02571634061383496
delhi_ncr,2025-11-11,28.725,77.475,0.0002756181663715418,0.011452747665461742
delhi_ncr,2025-11-11,28.725,77.525,0.0002504699504153746,0.0015625453507009956
delhi_ncr,2025-11-11,28.725,77.55,0.00029782632475200437,0
delhi_ncr,2025-11-11,28.775,76.825,0.00044309235555858265,0.06009678359988452
delhi_ncr,2025-11-11,28.775,76.875,0.000308930761710293,0.057785150976980046
delhi_ncr,2025-11-11,28.775,76.925,0.00016472342018469696,0.0581719720567845
delhi_ncr,2025-11-11,28.775,76.975,0.0002057037436002395,0.057621468217522176
delhi_ncr,2025-11-11,28.775,77.025,0.0002589144923601938,0.05726869897965886
delhi_ncr,2025-11-11,28.775,77.075,0.00032853166575681113,0.05805272320806809
delhi_ncr,2025-11-11,28.775,77.125,0.0005541777112836991,0.0635879792498285
delhi_ncr,2025-11-11,28.775,77.175,0.0005462428625488523,0.06381105193896548
delhi_ncr,2025-11-11,28.775,77.225,0.0005852355770063927,0.057407127858937944
delhi_ncr,2025-11-11,28.775,77.275,0.0005109674412697197,0.04627603846873705
delhi_ncr,2025-11-11,28.775,77.325,0.00034907795004524597,0.030320411611934946
delhi_ncr,2025-11-11,28.775,77.375,0.00048155538977370923,0
delhi_ncr,2025-11-11,28.775,77.425,0.0002472521678568804,0
delhi_ncr,2025-11-11,28.775,77.475,0.00023421856880769023,0
delhi_ncr,2025-11-11,28.775,77.525,0.0002787952041014595,0
delhi_ncr,2025-11-11,28.775,77.55,0.0003244640563780577,0
delhi_ncr,2025-11-11,28.825,76.825,0.00044504986919390423,0.0623778434504104
delhi_ncr,2025-11-11,28.825,76.875,0.0003054950681135403,0.0602637604222824
delhi_ncr,2025-11-11,28.825,76.925,0.0002833909019947971,0.0596100644064567
delhi_ncr,2025-11-11,28.825,76.975,0.00036155495291164894,0.052356094159711465
delhi_ncr,2025-11-11,28.825,77.025,0.0003552788146756362,0.0473339824635676
delhi_ncr,2025-11-11,28.825,77.075,0.00027369853240842443,0.046539601455414414
delhi_ncr,2025-11-11,28.825,77.125,0.0002520893053864369,0.052476779999639296
delhi_ncr,2025-11-11,28.825,77.175,0.0004119134684925221,0.05272281586798663
delhi_ncr,2025-11-11,28.825,77.225,0.00043829496872586384,0.03647214769794471
delhi_ncr,2025-11-11,28.825,77.275,0.00041556039798756645,0.0198471547276453
delhi_ncr,2025-11-11,28.825,77.325,0.00033195125291429,0.007597236211539385
delhi_ncr,2025-11-11,28.825,77.375,-2.2465182303592773e-05,0
delhi_ncr,2025-11-11,28.825,77.425,0.00011445003558563488,0
delhi_ncr,2025-11-11,28.825,77.475,0.00029553087477687855,0
delhi_ncr,2025-11-11,28.825,77.525,0.00037909473945684733,0
delhi_ncr,2025-11-11,28.875,76.825,0.000358501392989338,0.05319629098718486
delhi_ncr,2025-11-11,28.875,76.875,0.00036299407921545283,0.0418518945481741
delhi_ncr,2025-11-11,28.875,76.925,0.000354453353967663,0.02953089086517778
delhi_ncr,2025-11-11,28.875,76.975,0.0003550223253517959,0.019958590406264673
delhi_ncr,2025-11-11,28.875,77.025,0.0003517038916473616,0.02043162886372726
delhi_ncr,2025-11-11,28.875,77.075,0.00034045311348663995,0.031029390737647423
delhi_ncr,2025-11-11,28.875,77.125,0.00030663456120915035,0.051734383112269695
delhi_ncr,2025-11-11,28.875,77.175,0.00027706297922602086,0.05050486062513739
delhi_ncr,2025-11-11,28.875,77.225,0.0003037575126510077,0.023472999960882417
delhi_ncr,2025-11-11,28.875,77.275,0.00036993118583031467,0.0052060130725686115
delhi_ncr,2025-11-11,28.875,77.325,0.0004295951098859046,0.0019386051022548777
delhi_ncr,2025-11-11,28.875,77.375,0.00022702129042029853,0
delhi_ncr,2025-11-11,28.875,77.425,0.0002673260848686101,0
delhi_ncr,2025-11-11,28.875,77.475,0.00031809830092774865,0
delhi_ncr,2025-11-11,28.875,77.525,0.0003303285265533257,0
delhi_ncr,2025-11-11,28.875,77.55,0.00030259886297756967,0
delhi_ncr,2025-11-12,28.375,76.825,0.0002572714667737305,0.13773405388859708
delhi_ncr,2025-11-12,28.375,76.875,0.0002714517937478657,0.1377952168819793
delhi_ncr,2025-11-12,28.375,76.925,0.00019480984661599638,0.12949466450799255
delhi_ncr,2025-11-12,28.375,76.975,0.00031111603176610955,0.12334393195676699
delhi_ncr,2025-11-12,28.375,77.025,0.0003524356252775366,0.11489886129594344
delhi_ncr,2025-11-12,28.375,77.075,0.00029421550342801874,0.10289772371965188
delhi_ncr,2025-11-12,28.375,77.125,0.0001707270609423655,0.08210129744305067
delhi_ncr,2025-11-12,28.375,77.175,0.0001786231812974017,0.07878971165001274
delhi_ncr,2025-11-12,28.375,77.225,0.0001701226900674313,0.08827243242445136
delhi_ncr,2025-11-12,28.375,77.275,0.00018183633182815078,0.09438314392721091
delhi_ncr,2025-11-12,28.375,77.325,0.00020230257288599758,0.09237761845961337
delhi_ncr,2025-11-12,28.375,77.375,0.00010077112074391588,0.07462092138052291
delhi_ncr,2025-11-12,28.375,77.425,0.0002760132948110337,0.07423498952304661
delhi_ncr,2025-11-12,28.375,77.475,0.0003725132444738894,0.07959939597123006
delhi_ncr,2025-11-12,28.375,77.525,0.00032772685614908693,0.08651905668130902
delhi_ncr,2025-11-12,28.375,77.55,0.00018659246708277122,0.08886330614054741
delhi_ncr,2025-11-12,28.425,76.825,0.00024246240431209158,0.13570893447821325
delhi_ncr,2025-11-12,28.425,76.875,0.0002280526356751887,0.13511915235985866
delhi_ncr,2025-11-12,28.425,76.925,0.00023311545924910388,0.1351433115614478
delhi_ncr,2025-11-12,28.425,76.975,0.00033211281323698884,0.13389424341272718
delhi_ncr,2025-11-12,28.425,77.025,0.00037121688953048655,0.1295364075282367
delhi_ncr,2025-11-12,28.425,77.075,0.00031133697801158556,0.12071971031219689
delhi_ncr,2025-11-12,28.425,77.125,4.4322746869959806e-05,0.09920795541677649
delhi_ncr,2025-11-12,28.425,77.175,0.00012962435937614948,0.0919929102735775
delhi_ncr,2025-11-12,28.425,77.225,0.00022019249077845498,0.08962600123155866
delhi_ncr,2025-11-12,28.425,77.275,0.0002716184957576464,0.0898464574960189
delhi_ncr,2025-11-12,28.425,77.325,0.0002714787878776108,0.09096725898873063
delhi_ncr,2025-11-12,28.425,77.375,0.00020846863542352403,0.0856243414850255
delhi_ncr,2025-11-12,28.425,77.425,0.0002593521894572996,0.08878407975451215
delhi_ncr,2025-11-12,28.425,77.475,0.0003201182185646888,0.09456460592139775
delhi_ncr,2025-11-12,28.425,77.525,0.0003376255039044854,0.0999132268463565
delhi_ncr,2025-11-12,28.425,77.55,0.00028423144759687116,0.10242694125471319
delhi_ncr,2025-11-12,28.475,76.825,0.00024164134755060013,0.1347207182615098
delhi_ncr,2025-11-12,28.475,76.875,0.00020914769753497414,0.1336676414612805
delhi_ncr,2025-11-12,28.475,76.925,0.00025172448613862127,0.13835509082962125
delhi_ncr,2025-11-12,28.475,76.975,0.0002923306845300308,0.1412122727656704
delhi_ncr,2025-11-12,28.475,77.025,0.00034578673977786624,0.141570838276232
delhi_ncr,2025-11-12,28.475,77.075,0.00034806324234579574,0.13676311700298455
delhi_ncr,2025-11-12,28.475,77.125,9.28166060105094e-06,0.11467947534666219
delhi_ncr,2025-11-12,28.475,77.175,0.00012833202433399672,0.10470376204041694
delhi_ncr,2025-11-12,28.475,77.225,0.0002923106288984688,0.093824541810658
delhi_ncr,2025-11-12,28.475,77.275,0.0003746074840424708,0.08985547594658061
delhi_ncr,2025-11-12,28.475,77.325,0.0003570267176727228,0.09389364105731426
delhi_ncr,2025-11-12,28.475,77.375,0.0003542581374639374,0.09863851631049257
delhi_ncr,2025-11-12,28.475,77.425,0.0003293339716953482,0.10271622104940391
delhi_ncr,2025-11-12,28.475,77.475,0.0003398994626022849,0.1078430582047805
delhi_ncr,2025-11-12,28.475,77.525,0.0003567827476909326,0.11010951578611693
delhi_ncr,2025-11-12,28.475,77.55,0.000308891836587225,0.10784995331485236
delhi_ncr,2025-11-12,28.525,76.825,0.0002897289872325478,0.13460412553189616
delhi_ncr,2025-11-12,28.525,76.875,0.0002444500648770087,0.1358798321650392
delhi_ncr,2025-11-12,28.525,76.925,0.0001848346354482212,0.14184099582903
delhi_ncr,2025-11-12,28.525,76.975,0.0001945096653716028,0.14501468473861795
delhi_ncr,2025-11-12,28.525,77.025,0.0002670557003308985,0.14574070945273862
delhi_ncr,2025-11-12,28.525,77.075,0.00033763984723599277,0.14123987264183135
delhi_ncr,2025-11-12,28.525,77.125,0.00015073760964214326,0.11725979760155142
delhi_ncr,2025-11-12,28.525,77.175,0.00022138341947601126,0.10914946047559705
delhi_ncr,2025-11-12,28.525,77.225,0.00036707468027267766,0.10215759632434822
delhi_ncr,2025-11-12,28.525,77.275,0.00042830968472616236,0.10089697299091081
delhi_ncr,2025-11-12,28.525,77.325,0.0003849869656584779,0.1054831467730339
delhi_ncr,2025-11-12,28.525,77.375,0.0003790819430647607,0.10854758702722433
delhi_ncr,2025-11-12,28.525,77.425,0.0004387766801387808,0.10941117024306984
delhi_ncr,2025-11-12,28.525,77.475,0.000430802233939352,0.1117032264600428
delhi_ncr,2025-11-12,28.525,77.525,0.00033458638982731187,0.11083509880814392
delhi_ncr,2025-11-12,28.525,77.55,0.00023433527916971652,0.09903657267810059
delhi_ncr,2025-11-12,28.575,76.825,0.0003791413869502079,0.1443414078490021
delhi_ncr,2025-11-12,28.575,76.875,0.0003411858546338139,0.14576602392732477
delhi_ncr,2025-11-12,28.575,76.925,0.00025505108240774627,0.15626792864193098
delhi_ncr,2025-11-12,28.575,76.975,0.00026270190465921007,0.1589359664663752
delhi_ncr,2025-11-12,28.575,77.025,0.00023077015522325167,0.16036420164974652
delhi_ncr,2025-11-12,28.575,77.075,0.00020572846679600711,0.15827889574881712
delhi_ncr,2025-11-12,28.575,77.125,0.0004637116175201782,0.13859745065450604
delhi_ncr,2025-11-12,28.575,77.175,0.0005034504283604127,0.13503089847132002
delhi_ncr,2025-11-12,28.575,77.225,0.0004939018884886887,0.13039643311071747
delhi_ncr,2025-11-12,28.575,77.275,0.00048811287915566295,0.1278333918031973
delhi_ncr,2025-11-12,28.575,77.325,0.0004961163387201821,0.12740464955283903
delhi_ncr,2025-11-12,28.575,77.375,0.0005087637226694178,0.12315660194280102
delhi_ncr,2025-11-12,28.575,77.425,0.0005287843619208533,0.11908192200404734
delhi_ncr,2025-11-12,28.575,77.475,0.00029665279042324894,0.11019214083236112
delhi_ncr,2025-11-12,28.575,77.525,0.00018649292090154197,0.10020772921950179
delhi_ncr,2025-11-12,28.625,76.825,0.0003459704757619971,0.14028388814842682
delhi_ncr,2025-11-12,28.625,76.875,0.0002903964390082538,0.14426416885621607
delhi_ncr,2025-11-12,28.625,76.925,0.0001729757878919658,0.15572066557161598
delhi_ncr,2025-11-12,28.625,76.975,0.000164817312925282,0.1577917737159455
delhi_ncr,2025-11-12,28.625,77.025,0.0002090495501269831,0.15852086371680885
delhi_ncr,2025-11-12,28.625,77.075,0.0002759744670157437,0.15718477146412888
delhi_ncr,2025-11-12,28.625,77.125,0.00028548972271761805,0.145607432301506
delhi_ncr,2025-11-12,28.625,77.175,0.00035550331945006337,0.13805764508908713
delhi_ncr,2025-11-12,28.625,77.225,0.0004228151847976438,0.1341933804768342
delhi_ncr,2025-11-12,28.625,77.275,0.00047391405680482,0.1316049162797479
delhi_ncr,2025-11-12,28.625,77.325,0.0004957169654407011,0.12859009488783346
delhi_ncr,2025-11-12,28.625,77.375,0.0004473859931891974,0.11381027817170757
delhi_ncr,2025-11-12,28.625,77.425,0.0005546805532770975,0.10899341277661824
delhi_ncr,2025-11-12,28.625,77.475,0.0004594254159357622,0.10225818670803621
delhi_ncr,2025-11-12,28.625,77.525,0.00043151057409567743,0.09803208114001075
delhi_ncr,2025-11-12,28.625,77.55,0.0004550056270838064,0.09576211012233174
delhi_ncr,2025-11-12,28.675,76.825,0.0002836081330927019,0.1334279655581131
delhi_ncr,2025-11-12,28.675,76.875,0.00026878275012371766,0.13930105769050805
delhi_ncr,2025-11-12,28.675,76.925,0.00016050380426742416,0.14985919769897615
delhi_ncr,2025-11-12,28.675,76.975,0.00018767964296169688,0.15055352166821603
delhi_ncr,2025-11-12,28.675,77.025,0.0002724406775688773,0.15227991361713653
delhi_ncr,2025-11-12,28.675,77.075,0.0003609222397746107,0.1539813938240873
delhi_ncr,2025-11-12,28.675,77.125,0.00028053168475304456,0.14487025822251134
delhi_ncr,2025-11-12,28.675,77.175,0.0003887984641038561,0.13889310620416434
delhi_ncr,2025-11-12,28.675,77.225,0.00037845887620679465,0.13142345383378892
delhi_ncr,2025-11-12,28.675,77.275,0.00039692819074366886,0.12584191275934448
delhi_ncr,2025-11-12,28.675,77.325,0.00045507527813255333,0.12109229674400966
delhi_ncr,2025-11-12,28.675,77.375,0.00042792841330592285,0.10141459978368486
delhi_ncr,2025-11-12,28.675,77.425,0.0005080869331394489,0.09642738443702699
delhi_ncr,2025-11-12,28.675,77.475,0.00046838435199099497,0.09406532384680444
delhi_ncr,2025-11-12,28.675,77.525,0.00045407179113280836,0.09355135837653875
delhi_ncr,2025-11-12,28.675,77.55,0.0005084468704438796,0.09484733677782847
delhi_ncr,2025-11-12,28.725,76.825,0.0002390153552446593,0.12420862400515083
delhi_ncr,2025-11-12,28.725,76.875,0.00028012027075006275,0.12898602550013794
delhi_ncr,2025-11-12,28.725,76.925,0.00021465854847121308,0.13759076207362
delhi_ncr,2025-11-12,28.725,76.975,0.00024254025591490018,0.13717444511403812
delhi_ncr,2025-11-12,28.725,77.025,0.0003170999306247648,0.13977018191701954
delhi_ncr,2025-11-12,28.725,77.075,0.00040317955528817664,0.14361848453667314
delhi_ncr,2025-11-12,28.725,77.125,0.0003916720565534395,0.135085484909039
delhi_ncr,2025-11-12,28.725,77.175,0.00045796188668949706,0.13093450774149104
delhi_ncr,2025-11-12,28.725,77.225,0.0003534495194868796,0.12055478333345826
delhi_ncr,2025-11-12,28.725,77.275,0.0003096589094367292,0.11238801346317445
delhi_ncr,2025-11-12,28.725,77.325,0.000359192832608404,0.10634264022498953
delhi_ncr,2025-11-12,28.725,77.375,0.0003773696091705815,0.08859461574176096
delhi_ncr,2025-11-12,28.725,77.425,0.00040849484309392955,0.08407650994625895
delhi_ncr,2025-11-12,28.725,77.475,0.000437489774431309,0.08513904822013782
delhi_ncr,2025-11-12,28.725,77.525,0.0004346253353209885,0.08601930551859953
delhi_ncr,2025-11-12,28.725,77.55,0.0003739707487655274,0.08060077654074815
delhi_ncr,2025-11-12,28.775,76.825,0.0002557834706147507,0.11262783308838846
delhi_ncr,2025-11-12,28.775,76.875,0.00033251927794493365,0.11125710373018644
delhi_ncr,2025-11-12,28.775,76.925,0.00034333023825916975,0.11695640114651892
delhi_ncr,2025-11-12,28.775,76.975,0.0002652447042448594,0.11719398943950415
delhi_ncr,2025-11-12,28.775,77.025,0.0002591719672710284,0.1191010596943224
delhi_ncr,2025-11-12,28.775,77.075,0.00035356089517358993,0.12132265382889423
delhi_ncr,2025-11-12,28.775,77.125,0.0005894199675434413,0.11402767547718178
delhi_ncr,2025-11-12,28.775,77.175,0.00045361129335845204,0.1078553770506638
delhi_ncr,2025-11-12,28.775,77.225,0.0003462069545155243,0.09940526674421687
delhi_ncr,2025-11-12,28.775,77.275,0.0002533810226497326,0.09154538137781144
delhi_ncr,2025-11-12,28.775,77.325,0.00019130448850138853,0.08519178441762673
delhi_ncr,2025-11-12,28.775,77.375,0.0002342907201650603,0.07776352863951863
delhi_ncr,2025-11-12,28.775,77.425,0.00026506510646477226,0.07491574585790861
delhi_ncr,2025-11-12,28.775,77.475,0.0004535815416690654,0.0753492955473467
delhi_ncr,2025-11-12,28.775,77.525,0.0005024836187577018,0.07448872932451822
delhi_ncr,2025-11-12,28.775,77.55,0.00038018162987275015,0.07160363196008526
delhi_ncr,2025-11-12,28.825,76.825,0.0003042162385765764,0.12880920360351344
delhi_ncr,2025-11-12,28.825,76.875,0.00029799216632058265,0.1272350464156463
delhi_ncr,2025-11-12,28.825,76.925,0.00026322652244633725,0.12625583806322174
delhi_ncr,2025-11-12,28.825,76.975,0.0002421342722296536,0.1261243574380345
delhi_ncr,2025-11-12,28.825,77.025,0.00022551175614865627,0.12256804017040064
delhi_ncr,2025-11-12,28.825,77.075,0.00021788901777237645,0.11574306907842952
delhi_ncr,2025-11-12,28.825,77.125,0.00023987043641063752,0.10694809138452845
delhi_ncr,2025-11-12,28.825,77.175,0.00036984340123578523,0.09935650425304415
delhi_ncr,2025-11-12,28.825,77.225,0.0005051849688063119,0.09254240864504464
delhi_ncr,2025-11-12,28.825,77.275,0.0006073865617720675,0.08590659893914389
delhi_ncr,2025-11-12,28.825,77.325,0.000618769808145375,0.0804698790657067
delhi_ncr,2025-11-12,28.825,77.375,0.0002554059638011788,0.08016916817413916
delhi_ncr,2025-11-12,28.825,77.425,0.0002895371099252526,0.07819901112745024
delhi_ncr,2025-11-12,28.825,77.475,0.0003590648189695252,0.07561374833057012
delhi_ncr,2025-11-12,28.825,77.525,0.0004106252181646453,0.0733158288058935
delhi_ncr,2025-11-12,28.875,76.825,0.0003141444515638839,0.13081239035964712
delhi_ncr,2025-11-12,28.875,76.875,0.00049609309754797,0.13024238958298648
delhi_ncr,2025-11-12,28.875,76.925,0.00042180028977851293,0.12501247604616114
delhi_ncr,2025-11-12,28.875,76.975,0.00038701798634719676,0.11840845789148649
delhi_ncr,2025-11-12,28.875,77.025,0.00040981956170910486,0.11157487915485167
delhi_ncr,2025-11-12,28.875,77.075,0.00046085230852504507,0.10552235028751676
delhi_ncr,2025-11-12,28.875,77.125,0.00039081837717543544,0.10279736477679878
delhi_ncr,2025-11-12,28.875,77.175,0.00039433281190509573,0.09946224058381085
delhi_ncr,2025-11-12,28.875,77.225,0.0003725865253662582,0.09177055759744984
delhi_ncr,2025-11-12,28.875,77.275,0.00036827673852266675,0.0852796971763174
delhi_ncr,2025-11-12,28.875,77.325,0.00039095136855095213,0.08128687034693183
delhi_ncr,2025-11-12,28.875,77.375,0.00041023461803844956,0.07856330352438949
delhi_ncr,2025-11-12,28.875,77.425,0.0002733028560399034,0.07737494515196379
delhi_ncr,2025-11-12,28.875,77.475,0.00024069677998305234,0.07142039734780146
delhi_ncr,2025-11-12,28.875,77.525,0.0002536047449874931,0.06593166694198385
delhi_ncr,2025-11-12,28.875,77.55,0.0003369602569822678,0.06595077833706849
delhi_ncr,2025-11-13,28.375,77.025,0.00026226807231932963,0.27833076419921027
delhi_ncr,2025-11-13,28.375,77.075,0.0002572386002128346,0.2753744051835219
delhi_ncr,2025-11-13,28.375,77.125,0.00022411986592693506,0.2558482398089849
delhi_ncr,2025-11-13,28.375,77.175,0.00022656045822471758,0.24999460709575339
delhi_ncr,2025-11-13,28.375,77.225,0.00021296088714538875,0.24782036599470733
delhi_ncr,2025-11-13,28.375,77.275,0.00022101933036936165,0.24732121340059754
delhi_ncr,2025-11-13,28.375,77.325,0.0002446159107399133,0.24814726175938515
delhi_ncr,2025-11-13,28.375,77.375,0.00018820029066246992,0.25051076372785513
delhi_ncr,2025-11-13,28.375,77.425,0.0002319912813272496,0.252522083061217
delhi_ncr,2025-11-13,28.375,77.475,0.0002830685279213749,0.25710273851835874
delhi_ncr,2025-11-13,28.375,77.525,0.0003224732786534431,0.25918402582357813
delhi_ncr,2025-11-13,28.375,77.55,0.00031925091517783194,0.2630355714907442
delhi_ncr,2025-11-13,28.425,76.825,0.00012371961519049512,0.2648305946798899
delhi_ncr,2025-11-13,28.425,76.875,0.0001791937113820832,0.26792428959839376
delhi_ncr,2025-11-13,28.425,76.925,0.0002251595815725952,0.2716751661997289
delhi_ncr,2025-11-13,28.425,76.975,0.00021141621322448163,0.2751641913469386
delhi_ncr,2025-11-13,28.425,77.025,0.00021880768180045264,0.27914844241382875
delhi_ncr,2025-11-13,28.425,77.075,0.0002350923918981444,0.2788267670781484
delhi_ncr,2025-11-13,28.425,77.125,0.00024402912080396535,0.26294431978502225
delhi_ncr,2025-11-13,28.425,77.175,0.00024193187304727363,0.2591628337760398
delhi_ncr,2025-11-13,28.425,77.225,0.00021144645548111155,0.2523132947946033
delhi_ncr,2025-11-13,28.425,77.275,0.00019902809744041874,0.24826965213252367
delhi_ncr,2025-11-13,28.425,77.325,0.00020511103054717133,0.24779440385900187
delhi_ncr,2025-11-13,28.425,77.375,0.0001579793618650831,0.24671228110040436
delhi_ncr,2025-11-13,28.425,77.425,0.00019616225999345474,0.24638165077683763
delhi_ncr,2025-11-13,28.425,77.475,0.00024759699471842454,0.24741767694833847
delhi_ncr,2025-11-13,28.425,77.525,0.0003188565823399443,0.24414552092520844
delhi_ncr,2025-11-13,28.425,77.55,0.00039703140748665157,0.23759668474035336
delhi_ncr,2025-11-13,28.475,76.825,0.00012928557121831395,0.2635396400180465
delhi_ncr,2025-11-13,28.475,76.875,0.00016985517637424697,0.26555178403829044
delhi_ncr,2025-11-13,28.475,76.925,0.00021831251906678732,0.2700515306717286
delhi_ncr,2025-11-13,28.475,76.975,0.0002142111362266876,0.2743973829374053
delhi_ncr,2025-11-13,28.475,77.025,0.00020594382811844672,0.2783370248209869
delhi_ncr,2025-11-13,28.475,77.075,0.00020730209910939688,0.28002100973038496
delhi_ncr,2025-11-13,28.475,77.125,0.0002526285582295889,0.2718249622002667
delhi_ncr,2025-11-13,28.475,77.175,0.0002520622573371741,0.26965426013578664
delhi_ncr,2025-11-13,28.475,77.225,0.00022699835817771469,0.2621878063447558
delhi_ncr,2025-11-13,28.475,77.275,0.00021287619592402288,0.2556139734580417
delhi_ncr,2025-11-13,28.475,77.325,0.00021405476672340274,0.2511578526750857
delhi_ncr,2025-11-13,28.475,77.375,0.00019784695296472515,0.2438951872564063
delhi_ncr,2025-11-13,28.475,77.425,0.0002274329697525553,0.23952558205996824
delhi_ncr,2025-11-13,28.475,77.475,0.0002663671609484957,0.23783279651051428
delhi_ncr,2025-11-13,28.475,77.525,0.00033524903272129917,0.2310363981948994
delhi_ncr,2025-11-13,28.475,77.55,0.0004251677610637698,0.21581330306487795
delhi_ncr,2025-11-13,28.525,76.825,0.0001461528721266224,0.2601448766979304
delhi_ncr,2025-11-13,28.525,76.875,0.00014940361588967045,0.2595405627633322
delhi_ncr,2025-11-13,28.525,76.925,0.00020095809165251356,0.26569365546719526
delhi_ncr,2025-11-13,28.525,76.975,0.0002217671794572313,0.27251951188697415
delhi_ncr,2025-11-13,28.525,77.025,0.0002178696632342127,0.2771091405121838
delhi_ncr,2025-11-13,28.525,77.075,0.00020499421911889546,0.2790606167873759
delhi_ncr,2025-11-13,28.525,77.125,0.00024643379080732685,0.2782958602301948
delhi_ncr,2025-11-13,28.525,77.175,0.0002474634450109711,0.2762039743975987
delhi_ncr,2025-11-13,28.525,77.225,0.0002520028048530604,0.27510263160209475
delhi_ncr,2025-11-13,28.525,77.275,0.00026581918916390756,0.2697823797901665
delhi_ncr,2025-11-13,28.525,77.325,0.0002866634274385104,0.2592373504821379
delhi_ncr,2025-11-13,28.525,77.375,0.0002905909193279406,0.24287401628110064
delhi_ncr,2025-11-13,28.525,77.425,0.00034226327438872646,0.23296766264906701
delhi_ncr,2025-11-13,28.525,77.475,0.00036651441266831035,0.22970755018538064
delhi_ncr,2025-11-13,28.525,77.525,0.00038756886148797587,0.22246839864210663
delhi_ncr,2025-11-13,28.525,77.55,0.0003241276875190172,0.20408411640370766
delhi_ncr,2025-11-13,28.575,76.825,0.0002580124106456426,0.2530235714537851
delhi_ncr,2025-11-13,28.575,76.875,0.00026229992025521856,0.25642222515003105
delhi_ncr,2025-11-13,28.575,76.925,0.00021882549516068176,0.2554380300623013
delhi_ncr,2025-11-13,28.575,76.975,0.00024230644138821143,0.27288608513683865
delhi_ncr,2025-11-13,28.575,77.025,0.0002576238193775929,0.2825043807443625
delhi_ncr,2025-11-13,28.575,77.075,0.0002576238193191403,0.28250438068026484
delhi_ncr,2025-11-13,28.575,77.175,0.00021840646612186805,0.29352155460104945
delhi_ncr,2025-11-13,28.575,77.225,0.00022150754356196014,0.2918317434781374
delhi_ncr,2025-11-13,28.575,77.275,0.0002601086586414992,0.28245587242240716
delhi_ncr,2025-11-13,28.575,77.325,0.0003352545608472251,0.26574965543932993
delhi_ncr,2025-11-13,28.575,77.375,0.0004262830970398492,0.24821102761031402
delhi_ncr,2025-11-13,28.575,77.425,0.0003780303224231933,0.2275506899004357
delhi_ncr,2025-11-13,28.575,77.475,0.0003548147132786741,0.21503683892530184
delhi_ncr,2025-11-13,28.575,77.525,0.00030833462443263055,0.2052554039109696
delhi_ncr,2025-11-13,28.625,76.825,0.0002502820080910281,0.2655755131844359
delhi_ncr,2025-11-13,28.625,76.875,0.0003112002404304497,0.2604344309061458
delhi_ncr,2025-11-13,28.625,76.925,0.00024338008069884387,0.2568696648829335
delhi_ncr,2025-11-13,28.625,76.975,0.00024279014806274696,0.2731898207889038
delhi_ncr,2025-11-13,28.625,77.025,0.00024190606175704334,0.2882126676694299
delhi_ncr,2025-11-13,28.625,77.075,0.00024214790389253876,0.2892075729937881
delhi_ncr,2025-11-13,28.625,77.125,0.0002933669001232987,0.28001241648379094
delhi_ncr,2025-11-13,28.625,77.175,0.0002883318650096916,0.2806377730673968
delhi_ncr,2025-11-13,28.625,77.225,0.00041248792093371813,0.26754001107234504
delhi_ncr,2025-11-13,28.625,77.275,0.0004534272720845479,0.2576087973010122
delhi_ncr,2025-11-13,28.625,77.325,0.0004024835884782626,0.2521881421770551
delhi_ncr,2025-11-13,28.625,77.375,0.0005473171974945283,0.23083340729174437
delhi_ncr,2025-11-13,28.625,77.425,0.00053844826593765,0.22679304203411704
delhi_ncr,2025-11-13,28.625,77.475,0.0005110329239210624,0.2177110853464924
delhi_ncr,2025-11-13,28.625,77.525,0.00047489445382236013,0.2092467122846259
delhi_ncr,2025-11-13,28.625,77.55,0.00036446357544868066,0.20188516083909552
delhi_ncr,2025-11-13,28.675,76.825,0.000247625915726133,0.269188742173953
delhi_ncr,2025-11-13,28.675,76.875,0.0003252835326409163,0.2615899461639069
delhi_ncr,2025-11-13,28.675,76.925,0.0002755685341648394,0.2875083776361476
delhi_ncr,2025-11-13,28.675,76.975,0.00027092846764040554,0.2899274312402234
delhi_ncr,2025-11-13,28.675,77.025,0.00013326511627531886,0.2861318164814116
delhi_ncr,2025-11-13,28.675,77.075,0.00015652186264933477,0.2839484539418202
delhi_ncr,2025-11-13,28.675,77.125,0.00031762854399146014,0.2681485181703991
delhi_ncr,2025-11-13,28.675,77.175,0.00029747997949608555,0.2690215480392546
delhi_ncr,2025-11-13,28.675,77.225,0.00047199617912834397,0.2522891697415833
delhi_ncr,2025-11-13,28.675,77.275,0.0005700918941632397,0.24264639200626076
delhi_ncr,2025-11-13,28.675,77.325,0.0005507481855606326,0.2421130814739584
delhi_ncr,2025-11-13,28.675,77.375,0.0005679746177086267,0.22229569946846056
delhi_ncr,2025-11-13,28.675,77.425,0.0005795477462790866,0.22458915594939355
delhi_ncr,2025-11-13,28.675,77.475,0.0004994613077589327,0.2175878886790395
delhi_ncr,2025-11-13,28.675,77.525,0.0004880681283191095,0.21025981727564977
delhi_ncr,2025-11-13,28.675,77.55,0.0005831257260003008,0.20598270898771687
delhi_ncr,2025-11-13,28.725,76.825,8.401164154629643e-05,0.2695598624143594
delhi_ncr,2025-11-13,28.725,76.875,8.401164154629643e-05,0.2695598624143594
delhi_ncr,2025-11-13,28.725,76.925,0.0002487758478293065,0.2875135487300951
delhi_ncr,2025-11-13,28.725,76.975,0.0002393342147424755,0.2786563863817286
delhi_ncr,2025-11-13,28.725,77.025,0.00011359403003944024,0.26843339997522153
delhi_ncr,2025-11-13,28.725,77.075,0.00011902341193615056,0.2691425733999291
delhi_ncr,2025-11-13,28.725,77.125,0.0004370410157460165,0.24833192971331966
delhi_ncr,2025-11-13,28.725,77.175,0.0003716044028782173,0.2530310964175636
delhi_ncr,2025-11-13,28.725,77.225,0.0005148789484639783,0.23846511701823353
delhi_ncr,2025-11-13,28.725,77.275,0.0006246189427485218,0.23020231938714067
delhi_ncr,2025-11-13,28.725,77.325,0.0006387437968856072,0.23056585453900735
delhi_ncr,2025-11-13,28.725,77.375,0.0005432139834080872,0.21592326304882956
delhi_ncr,2025-11-13,28.725,77.425,0.0005543377635831637,0.21847973419210337
delhi_ncr,2025-11-13,28.725,77.475,0.00045358698368271527,0.2142524567726518
delhi_ncr,2025-11-13,28.725,77.525,0.0004644257572697216,0.20882654175758017
delhi_ncr,2025-11-13,28.725,77.55,0.0005995574912440902,0.20260669070911305
delhi_ncr,2025-11-13,28.775,76.825,8.401164154629643e-05,0.2695598624143594
delhi_ncr,2025-11-13,28.775,76.875,8.401164154629643e-05,0.2695598624143594
delhi_ncr,2025-11-13,28.775,76.925,0.0001869024348166287,0.28077145023779315
delhi_ncr,2025-11-13,28.775,76.975,0.00020678805791630512,0.26739326975449995
delhi_ncr,2025-11-13,28.775,77.025,0.00019352651415132545,0.2552977062947038
delhi_ncr,2025-11-13,28.775,77.075,0.00023692750976352393,0.24540097116521165
delhi_ncr,2025-11-13,28.775,77.125,0.0007198089358369334,0.22296398001623985
delhi_ncr,2025-11-13,28.775,77.175,0.0006107466733429667,0.2292247450774911
delhi_ncr,2025-11-13,28.775,77.225,0.0006257830689674779,0.22085091443630664
delhi_ncr,2025-11-13,28.775,77.275,0.0006113186890797877,0.21493421743270855
delhi_ncr,2025-11-13,28.775,77.325,0.0005475400915953056,0.213958647303027
delhi_ncr,2025-11-13,28.775,77.375,0.0005098022387934342,0.20698966767593807
delhi_ncr,2025-11-13,28.775,77.425,0.0004929054851611322,0.2063469042972792
delhi_ncr,2025-11-13,28.775,77.475,0.00047806055745453196,0.20727450546413506
delhi_ncr,2025-11-13,28.775,77.525,0.0004886683709336092,0.20506229255779884
delhi_ncr,2025-11-13,28.775,77.55,0.0005226482287970367,0.19797902766133657
delhi_ncr,2025-11-13,28.825,76.825,0.0001314507804322881,0.2571434333756242
delhi_ncr,2025-11-13,28.825,76.875,0.00017094917154995384,0.24288105967761853
delhi_ncr,2025-11-13,28.825,76.925,9.920034630190696e-05,0.2646587453101674
delhi_ncr,2025-11-13,28.825,76.975,0.000162480725795955,0.23684525541603707
delhi_ncr,2025-11-13,28.825,77.025,0.00019849768592963192,0.22386550124943172
delhi_ncr,2025-11-13,28.825,77.075,0.0002311531221517757,0.22691626663567133
delhi_ncr,2025-11-13,28.825,77.125,0.0004769149312348486,0.2110573039232305
delhi_ncr,2025-11-13,28.825,77.175,0.00048599010667377984,0.21091742391686993
delhi_ncr,2025-11-13,28.825,77.225,0.00035276962579052184,0.20585688906245303
delhi_ncr,2025-11-13,28.825,77.275,0.00031771366542040363,0.20120762972627027
delhi_ncr,2025-11-13,28.825,77.325,0.0004023487250976913,0.19839557388040532
delhi_ncr,2025-11-13,28.825,77.375,0.00037784385472131916,0.19693061601436945
delhi_ncr,2025-11-13,28.825,77.425,0.00040810328254361523,0.19804220664572972
delhi_ncr,2025-11-13,28.825,77.475,0.0004348501776817834,0.19921785806253364
delhi_ncr,2025-11-13,28.825,77.525,0.00047233896680925683,0.19892667484304585
delhi_ncr,2025-11-13,28.875,76.825,0.0003594788506178481,0.22911867749355186
delhi_ncr,2025-11-13,28.875,76.875,0.0005256626385982781,0.22029881649094846
delhi_ncr,2025-11-13,28.875,76.925,0.0003408657875832535,0.2168079053821235
delhi_ncr,2025-11-13,28.875,76.975,0.00034167803830808857,0.20530352486270642
delhi_ncr,2025-11-13,28.875,77.025,0.00037081583115972945,0.19794200044706856
delhi_ncr,2025-11-13,28.875,77.075,0.0004003943014688359,0.19544628078483328
delhi_ncr,2025-11-13,28.875,77.125,0.0003916104355935249,0.19486663912741423
delhi_ncr,2025-11-13,28.875,77.175,0.0003007221055023783,0.18767982032147804
delhi_ncr,2025-11-13,28.875,77.225,0.0003749988788882799,0.18582265856833582
delhi_ncr,2025-11-13,28.875,77.275,0.00040228280190055936,0.18347330203839746
delhi_ncr,2025-11-13,28.875,77.325,0.0003579839919394273,0.18038982942482687
delhi_ncr,2025-11-13,28.875,77.375,0.0004080009697044287,0.18331096828689886
delhi_ncr,2025-11-13,28.875,77.425,0.0004340041625369663,0.18373931937119659
delhi_ncr,2025-11-13,28.875,77.475,0.0004712432208258846,0.18033644963811027
delhi_ncr,2025-11-13,28.875,77.525,0.0004926583650029154,0.1766139138106476
delhi_ncr,2025-11-13,28.875,77.55,0.0004987399126105723,0.18176694899517531
delhi_ncr,2025-11-14,28.375,76.825,0.00016346551120115599,0.2367720124439647
delhi_ncr,2025-11-14,28.375,76.875,0.00016426535461648543,0.23571898003371136
delhi_ncr,2025-11-14,28.375,76.925,0.00020477706248899695,0.22606776742818754
delhi_ncr,2025-11-14,28.375,76.975,0.00022395498329792673,0.22261441184310757
delhi_ncr,2025-11-14,28.375,77.025,0.00029797455778233204,0.21456658686278476
delhi_ncr,2025-11-14,28.375,77.075,0.00039265235459856,0.20326645249162217
delhi_ncr,2025-11-14,28.375,77.125,0.0003313034889980393,0.19877920134543461
delhi_ncr,2025-11-14,28.375,77.175,0.0001902337197906475,0.18865303183523915
delhi_ncr,2025-11-14,28.375,77.225,0.00019194572902920585,0.18478753196335693
delhi_ncr,2025-11-14,28.375,77.275,0.00021319005967868464,0.18172795846084466
delhi_ncr,2025-11-14,28.375,77.325,0.0002334939943384957,0.17845580623265447
delhi_ncr,2025-11-14,28.375,77.375,0.00028790868388613286,0.17457823445057016
delhi_ncr,2025-11-14,28.375,77.425,0.00032422328919594665,0.17220189711961276
delhi_ncr,2025-11-14,28.375,77.475,0.0003354839958551315,0.1722772474109557
delhi_ncr,2025-11-14,28.375,77.525,0.0003444977212870141,0.17271843559841565
delhi_ncr,2025-11-14,28.375,77.55,0.00035863566249847215,0.17344434172115752
delhi_ncr,2025-11-14,28.425,76.825,9.372612577081696e-05,0.2362708697078499
delhi_ncr,2025-11-14,28.425,76.875,8.225851214169244e-05,0.2351934339947916
delhi_ncr,2025-11-14,28.425,76.925,0.00023482287214779394,0.22545534938903974
delhi_ncr,2025-11-14,28.425,76.975,0.0002489376664876207,0.2235773191832371
delhi_ncr,2025-11-14,28.425,77.025,0.0003434158709802711,0.21663414227595856
delhi_ncr,2025-11-14,28.425,77.075,0.00046612652566206626,0.20515458671214662
delhi_ncr,2025-11-14,28.425,77.125,0.00027989067500694116,0.19591883595675688
delhi_ncr,2025-11-14,28.425,77.175,0.00012907562468661245,0.1874699872393702
delhi_ncr,2025-11-14,28.425,77.225,0.00018614768917455546,0.18201113075658307
delhi_ncr,2025-11-14,28.425,77.275,0.0002484574938091134,0.1783709340170225
delhi_ncr,2025-11-14,28.425,77.325,0.00026902649918617206,0.17634249552755166
delhi_ncr,2025-11-14,28.425,77.375,0.00021436242399053092,0.17457369244033139
delhi_ncr,2025-11-14,28.425,77.425,0.00023034694971217328,0.17352699815960065
delhi_ncr,2025-11-14,28.425,77.475,0.00035749668986592904,0.1754418851462068
delhi_ncr,2025-11-14,28.425,77.525,0.00043975295788903747,0.17699121712917074
delhi_ncr,2025-11-14,28.425,77.55,0.000422212111772671,0.17668139200100436
delhi_ncr,2025-11-14,28.475,76.825,4.9395424844012174e-05,0.23192311084703843
delhi_ncr,2025-11-14,28.475,76.875,2.4598039119244144e-05,0.23111463423391315
delhi_ncr,2025-11-14,28.475,76.925,0.0003056688728989195,0.22296341001111936
delhi_ncr,2025-11-14,28.475,76.975,0.000332074206699107,0.22219840436610164
delhi_ncr,2025-11-14,28.475,77.025,0.0003862067844130098,0.21707883706487946
delhi_ncr,2025-11-14,28.475,77.075,0.00044089162778523976,0.2070495059179138
delhi_ncr,2025-11-14,28.475,77.125,0.0002193859851301489,0.19442666819081547
delhi_ncr,2025-11-14,28.475,77.175,0.00010528034687789772,0.1886145449068051
delhi_ncr,2025-11-14,28.475,77.225,0.0002295827757985982,0.1814326786944305
delhi_ncr,2025-11-14,28.475,77.275,0.0003268073689473416,0.17700496741996202
delhi_ncr,2025-11-14,28.475,77.325,0.00032788258661932645,0.17605814794286684
delhi_ncr,2025-11-14,28.475,77.375,0.00016129691482145655,0.17486343590162765
delhi_ncr,2025-11-14,28.475,77.425,0.00015974192193351822,0.17486787421247374
delhi_ncr,2025-11-14,28.475,77.475,0.00036927186152664176,0.17776891933139272
delhi_ncr,2025-11-14,28.475,77.525,0.0005061315373711752,0.1797343410747421
delhi_ncr,2025-11-14,28.475,77.55,0.00047969163559513834,0.17870786013837908
delhi_ncr,2025-11-14,28.525,76.825,0.00011868666511246232,0.22236637054129132
delhi_ncr,2025-11-14,28.525,76.875,0.00011663795842152662,0.22236060285130957
delhi_ncr,2025-11-14,28.525,76.925,0.00041063190999094984,0.21916643149330495
delhi_ncr,2025-11-14,28.525,76.975,0.00043858156154721656,0.21887577983225368
delhi_ncr,2025-11-14,28.525,77.025,0.00036365934155809936,0.21617647772547766
delhi_ncr,2025-11-14,28.525,77.075,0.0002392897859114815,0.2102465212314368
delhi_ncr,2025-11-14,28.525,77.125,0.0001670334512734682,0.19825772120977703
delhi_ncr,2025-11-14,28.525,77.175,0.00014058752608646052,0.19548433445078298
delhi_ncr,2025-11-14,28.525,77.225,0.00032958010963345563,0.18673504018598028
delhi_ncr,2025-11-14,28.525,77.275,0.0004493966010089997,0.18150273721242602
delhi_ncr,2025-11-14,28.525,77.325,0.0004282827085597208,0.18082277347107026
delhi_ncr,2025-11-14,28.525,77.375,0.0002260168164864782,0.17557571859515206
delhi_ncr,2025-11-14,28.525,77.425,0.00022468572423904403,0.1755649655719049
delhi_ncr,2025-11-14,28.525,77.475,0.0003796747524841717,0.17672434489192004
delhi_ncr,2025-11-14,28.525,77.525,0.000481702813512989,0.177136838595114
delhi_ncr,2025-11-14,28.525,77.55,0.0004654609122808267,0.171224715068052
delhi_ncr,2025-11-14,28.575,76.825,0.00041479232723623955,0.21082164869667833
delhi_ncr,2025-11-14,28.575,76.875,0.00041489023633350393,0.21092831594942724
delhi_ncr,2025-11-14,28.575,76.925,0.00025247962770501113,0.22067472130988577
delhi_ncr,2025-11-14,28.575,76.975,0.00023690451483481808,0.2216916626840427
delhi_ncr,2025-11-14,28.575,77.025,0.0002913640513211409,0.22403055981281952
delhi_ncr,2025-11-14,28.575,77.075,0.0003669322953628782,0.22664207103307207
delhi_ncr,2025-11-14,28.575,77.125,0.00031226916383327984,0.21988557368320888
delhi_ncr,2025-11-14,28.575,77.175,0.0003106374763139384,0.21977088456867502
delhi_ncr,2025-11-14,28.575,77.225,0.00041894959486605757,0.20923905680743568
delhi_ncr,2025-11-14,28.575,77.275,0.000487421762598754,0.2026153587513823
delhi_ncr,2025-11-14,28.575,77.325,0.0004985071476420149,0.20055328958668792
delhi_ncr,2025-11-14,28.575,77.375,0.0005909957581784815,0.1824805039807009
delhi_ncr,2025-11-14,28.575,77.425,0.0005912850429506592,0.18244387482353872
delhi_ncr,2025-11-14,28.575,77.475,0.000524574936683354,0.17596472063856927
delhi_ncr,2025-11-14,28.575,77.525,0.0004723597682081155,0.169531255532909
delhi_ncr,2025-11-14,28.625,76.825,7.215535476610122e-05,0.20028751109381018
delhi_ncr,2025-11-14,28.625,76.875,8.009603255221697e-05,0.20056774360826185
delhi_ncr,2025-11-14,28.625,76.925,0.0002846760727078738,0.21067807870533511
delhi_ncr,2025-11-14,28.625,76.975,0.00030947363483466774,0.21279087028164534
delhi_ncr,2025-11-14,28.625,77.025,0.0003294083122592963,0.21582944288590578
delhi_ncr,2025-11-14,28.625,77.075,0.0003565754154674962,0.2191761714123998
delhi_ncr,2025-11-14,28.625,77.125,0.0003469260464987799,0.21714577237599605
delhi_ncr,2025-11-14,28.625,77.175,0.00034649103759845385,0.21712451260352914
delhi_ncr,2025-11-14,28.625,77.225,0.0003980073590462024,0.2090913627493763
delhi_ncr,2025-11-14,28.625,77.275,0.00043063664705717344,0.20404719477502464
delhi_ncr,2025-11-14,28.625,77.325,0.0004233123153769466,0.2020537775756928
delhi_ncr,2025-11-14,28.625,77.375,0.0003558929227223562,0.18296457972163366
delhi_ncr,2025-11-14,28.625,77.425,0.0003550268066323463,0.1829552496845263
delhi_ncr,2025-11-14,28.625,77.475,0.0005453677524495636,0.17500531354023405
delhi_ncr,2025-11-14,28.625,77.525,0.0006623413103156359,0.16650875340160406
delhi_ncr,2025-11-14,28.625,77.55,0.0005714922185577823,0.16242478270829352
delhi_ncr,2025-11-14,28.675,76.825,0.00018899121219531805,0.19346172244399595
delhi_ncr,2025-11-14,28.675,76.875,0.00015921872853786622,0.19376773530766103
delhi_ncr,2025-11-14,28.675,76.925,0.00017482437667352933,0.19960644596378718
delhi_ncr,2025-11-14,28.675,76.975,0.00023785593213317043,0.20118140950026847
delhi_ncr,2025-11-14,28.675,77.025,0.00031386685771212273,0.20312549478391062
delhi_ncr,2025-11-14,28.675,77.075,0.0003687435331373668,0.20539368360463364
delhi_ncr,2025-11-14,28.675,77.125,0.0002820472685124675,0.2053202845674746
delhi_ncr,2025-11-14,28.675,77.175,0.0002828919408693512,0.2054448125944595
delhi_ncr,2025-11-14,28.675,77.225,0.00043950132677016384,0.19925509791003856
delhi_ncr,2025-11-14,28.675,77.275,0.0005349268703421259,0.19538707580978742
delhi_ncr,2025-11-14,28.675,77.325,0.0005134463966631984,0.19346886830361337
delhi_ncr,2025-11-14,28.675,77.375,0.0003288711479791308,0.1765455388629523
delhi_ncr,2025-11-14,28.675,77.425,0.0003258102475683821,0.17617741681569493
delhi_ncr,2025-11-14,28.675,77.475,0.000460722033841518,0.16913537965825448
delhi_ncr,2025-11-14,28.675,77.525,0.0005402732867878157,0.16171723659205825
delhi_ncr,2025-11-14,28.675,77.55,0.0005138702580699637,0.15673013899558152
delhi_ncr,2025-11-14,28.725,76.825,0.00035326904192653757,0.1855632972720087
delhi_ncr,2025-11-14,28.725,76.875,0.0003088804031992886,0.1840536846364637
delhi_ncr,2025-11-14,28.725,76.925,0.00012087348753318535,0.1840446431479809
delhi_ncr,2025-11-14,28.725,76.975,0.00017923055658239126,0.18349905339617745
delhi_ncr,2025-11-14,28.725,77.025,0.00027745965459624274,0.18364695652181592
delhi_ncr,2025-11-14,28.725,77.075,0.0003518230734555276,0.18437138447412849
delhi_ncr,2025-11-14,28.725,77.125,0.00024849182878951677,0.18557472614369952
delhi_ncr,2025-11-14,28.725,77.175,0.0002490504513994281,0.18574138681153973
delhi_ncr,2025-11-14,28.725,77.225,0.0004534918011408632,0.18181267266540385
delhi_ncr,2025-11-14,28.725,77.275,0.0005768523269616199,0.17932921252798556
delhi_ncr,2025-11-14,28.725,77.325,0.0005429878262417925,0.17764121604635777
delhi_ncr,2025-11-14,28.725,77.375,0.000341862407890148,0.16621865123266252
delhi_ncr,2025-11-14,28.725,77.425,0.0003323731535284326,0.16545731392583152
delhi_ncr,2025-11-14,28.725,77.475,0.000344423294572568,0.160826062490599
delhi_ncr,2025-11-14,28.725,77.525,0.0003239086959066782,0.1564895502853814
delhi_ncr,2025-11-14,28.725,77.55,0.0001768635092963647,0.15373317051386576
delhi_ncr,2025-11-14,28.775,76.825,0.00024579225375681823,0.17273267126208486
delhi_ncr,2025-11-14,28.775,76.875,0.00026407987600356414,0.16611872882096743
delhi_ncr,2025-11-14,28.775,76.925,0.00028624761989024287,0.16056872661789015
delhi_ncr,2025-11-14,28.775,76.975,0.0002603535769025448,0.15705390617342094
delhi_ncr,2025-11-14,28.775,77.025,0.00024671842292707665,0.15531438139789797
delhi_ncr,2025-11-14,28.775,77.075,0.0002634775214975827,0.15551006793368713
delhi_ncr,2025-11-14,28.775,77.125,0.0003561841731254059,0.15813869217341836
delhi_ncr,2025-11-14,28.775,77.175,0.00035258564998773186,0.15829631773657452
delhi_ncr,2025-11-14,28.775,77.225,0.0003613874428054314,0.15771754481803466
delhi_ncr,2025-11-14,28.775,77.275,0.00035786044898353784,0.1570491888168253
delhi_ncr,2025-11-14,28.775,77.325,0.0003339591352531601,0.156282574495888
delhi_ncr,2025-11-14,28.775,77.375,0.00026797311868296424,0.15403273731344103
delhi_ncr,2025-11-14,28.775,77.425,0.0002495247329715118,0.15324560519791663
delhi_ncr,2025-11-14,28.775,77.475,0.0002484938975894286,0.15219344872399818
delhi_ncr,2025-11-14,28.775,77.525,0.00016980944332863431,0.15203605225278743
delhi_ncr,2025-11-14,28.775,77.55,0.00014218815319441932,0.1547245134791851
delhi_ncr,2025-11-14,28.825,76.825,0.00031722765639691274,0.16139980584324395
delhi_ncr,2025-11-14,28.825,76.875,0.0002978106716564411,0.15121226062644602
delhi_ncr,2025-11-14,28.825,76.925,0.000292170384030524,0.14678535076005247
delhi_ncr,2025-11-14,28.825,76.975,0.00024825400494049246,0.14209021299066196
delhi_ncr,2025-11-14,28.825,77.025,0.00023032488365875648,0.14006504699723882
delhi_ncr,2025-11-14,28.825,77.075,0.00025617565083575403,0.14092964371482558
delhi_ncr,2025-11-14,28.825,77.125,0.0003681291727099943,0.14359438901792398
delhi_ncr,2025-11-14,28.825,77.175,0.00032491554024306085,0.14544214523959917
delhi_ncr,2025-11-14,28.825,77.225,0.0002686315557099056,0.14769112729858863
delhi_ncr,2025-11-14,28.825,77.275,0.0002630296280776248,0.14979688430315624
delhi_ncr,2025-11-14,28.825,77.325,0.00031528170898294597,0.15155810464491762
delhi_ncr,2025-11-14,28.825,77.375,0.00037347041153944525,0.15365532061665457
delhi_ncr,2025-11-14,28.825,77.425,0.00019908257099574908,0.1542533065054809
delhi_ncr,2025-11-14,28.825,77.475,7.958924196266792e-05,0.15470043227523175
delhi_ncr,2025-11-14,28.825,77.525,0.00010320829663712902,0.15542630550673123
delhi_ncr,2025-11-14,28.875,76.825,0.0003430026088626864,0.1465688641369458
delhi_ncr,2025-11-14,28.875,76.875,0.0006277339088836932,0.1396315297392336
delhi_ncr,2025-11-14,28.875,76.925,0.0005588380678617941,0.13823558402279193
delhi_ncr,2025-11-14,28.875,76.975,0.0004376682898551995,0.13675234729074118
delhi_ncr,2025-11-14,28.875,77.025,0.00036205706236942537,0.13768402247067493
delhi_ncr,2025-11-14,28.875,77.075,0.00034213472567276256,0.14081186747468746
delhi_ncr,2025-11-14,28.875,77.125,0.0003432372576251874,0.14440867802031773
delhi_ncr,2025-11-14,28.875,77.175,0.00037832025128551987,0.14752906468542307
delhi_ncr,2025-11-14,28.875,77.225,0.00038031397240114893,0.14921201520856253
delhi_ncr,2025-11-14,28.875,77.275,0.00032755825397628866,0.14906865607962408
delhi_ncr,2025-11-14,28.875,77.325,0.00023676702953854514,0.14752504460300433
delhi_ncr,2025-11-14,28.875,77.375,0.00023222196411968045,0.14771250673894293
delhi_ncr,2025-11-14,28.875,77.425,0.0001788733665037063,0.14459310445145857
delhi_ncr,2025-11-14,28.875,77.475,0.00014954324556745293,0.14408368133968316
delhi_ncr,2025-11-14,28.875,77.525,0.00011994092825899988,0.1468427203470837
delhi_ncr,2025-11-14,28.875,77.55,0.00015081230038419436,0.15384782236937075
delhi_ncr,2025-11-15,28.375,76.825,0.0003027225782843221,0.12673396751198854
delhi_ncr,2025-11-15,28.375,76.875,0.0003210626350199967,0.12283512551399887
delhi_ncr,2025-11-15,28.375,76.925,0.0003493536774813093,0.11174367144436347
delhi_ncr,2025-11-15,28.375,76.975,0.0003079956244716555,0.11030405756472267
delhi_ncr,2025-11-15,28.375,77.025,0.0003049496019464284,0.10623318451531996
delhi_ncr,2025-11-15,28.375,77.075,0.00033442691189168974,0.09511303228244829
delhi_ncr,2025-11-15,28.375,77.125,0.00031529476848457733,0.06245751018965717
delhi_ncr,2025-11-15,28.375,77.175,0.00017679868960076629,0.04280104082165516
delhi_ncr,2025-11-15,28.375,77.225,0.000418081894026331,0.04157473491644972
delhi_ncr,2025-11-15,28.375,77.275,0.0005022325595731883,0.04685754522307033
delhi_ncr,2025-11-15,28.375,77.325,0.0003652064909701496,0.05272552783428971
delhi_ncr,2025-11-15,28.375,77.375,0.00038706822697225074,0.035456738152718055
delhi_ncr,2025-11-15,28.375,77.425,0.00040368151306103753,0.026717789583876047
delhi_ncr,2025-11-15,28.375,77.475,0.00037325060787003257,0.0393393534338591
delhi_ncr,2025-11-15,28.375,77.525,0.00030348785547047806,0.05168614362767826
delhi_ncr,2025-11-15,28.375,77.55,0.00023364240995731476,0.05482572319828394
delhi_ncr,2025-11-15,28.425,76.825,0.0003405828267668953,0.11658044158717394
delhi_ncr,2025-11-15,28.425,76.875,0.0002871703506054066,0.11074355070129296
delhi_ncr,2025-11-15,28.425,76.925,0.00040609019555583445,0.10786979455395253
delhi_ncr,2025-11-15,28.425,76.975,0.0003982989016193289,0.112827674668558
delhi_ncr,2025-11-15,28.425,77.025,0.0003706265827934628,0.11263416257341582
delhi_ncr,2025-11-15,28.425,77.075,0.00033965206867045216,0.10311728216770719
delhi_ncr,2025-11-15,28.425,77.125,0.0003042934651850679,0.07058411979662768
delhi_ncr,2025-11-15,28.425,77.175,0.00025050687556205044,0.054200999557316235
delhi_ncr,2025-11-15,28.425,77.225,0.0002868317013466552,0.040370326198742236
delhi_ncr,2025-11-15,28.425,77.275,0.00028355977596445216,0.03711080628221007
delhi_ncr,2025-11-15,28.425,77.325,0.00024134186510613845,0.04445559604614569
delhi_ncr,2025-11-15,28.425,77.375,0.0003875536477151081,0.050950834362330936
delhi_ncr,2025-11-15,28.425,77.425,0.00037115644310256244,0.048312105648419354
delhi_ncr,2025-11-15,28.425,77.475,0.0003892300058295767,0.056202997976363245
delhi_ncr,2025-11-15,28.425,77.525,0.00034118098884412747,0.06334413958704786
delhi_ncr,2025-11-15,28.425,77.55,0.00021024676241479382,0.0650002145055944
delhi_ncr,2025-11-15,28.475,76.825,0.0003095348488950322,0.10635145600808617
delhi_ncr,2025-11-15,28.475,76.875,0.0003053058567166343,0.09917755107807873
delhi_ncr,2025-11-15,28.475,76.925,0.0003771212722071292,0.10261273250076333
delhi_ncr,2025-11-15,28.475,76.975,0.0004558484205495307,0.112336231036868
delhi_ncr,2025-11-15,28.475,77.025,0.0004348270874986121,0.11606861146752223
delhi_ncr,2025-11-15,28.475,77.075,0.0003352328609906638,0.1095689547055911
delhi_ncr,2025-11-15,28.475,77.125,0.00029419471519453414,0.0802329067078127
delhi_ncr,2025-11-15,28.475,77.175,0.00028764805930149914,0.06948696641816038
delhi_ncr,2025-11-15,28.475,77.225,0.00020384025402871844,0.05103847534617638
delhi_ncr,2025-11-15,28.475,77.275,0.0001706708057298255,0.042084164636616316
delhi_ncr,2025-11-15,28.475,77.325,0.000222284714200238,0.046814179541283404
delhi_ncr,2025-11-15,28.475,77.375,0.00037896214735744384,0.06285173194483792
delhi_ncr,2025-11-15,28.475,77.425,0.0003139037299267115,0.06448459017584136
delhi_ncr,2025-11-15,28.475,77.475,0.0004220963551424987,0.06759965803598895
delhi_ncr,2025-11-15,28.475,77.525,0.0004134709342862167,0.07030664536227836
delhi_ncr,2025-11-15,28.475,77.55,0.00021083713922510927,0.07140578475931042
delhi_ncr,2025-11-15,28.525,76.825,0.0001526663560129592,0.09987676278324671
delhi_ncr,2025-11-15,28.525,76.875,0.000367264897579639,0.09431111761609842
delhi_ncr,2025-11-15,28.525,76.925,0.0002864605903522666,0.10327955353161807
delhi_ncr,2025-11-15,28.525,76.975,0.000500959891396854,0.11293404627340485
delhi_ncr,2025-11-15,28.525,77.025,0.0005207796841970856,0.11654890992023513
delhi_ncr,2025-11-15,28.525,77.075,0.00034890932475426325,0.11103921792421528
delhi_ncr,2025-11-15,28.525,77.125,0.0002481222417465876,0.08553236753329499
delhi_ncr,2025-11-15,28.525,77.175,0.00019754365483637127,0.0797682158399902
delhi_ncr,2025-11-15,28.525,77.225,0.00018794781867549574,0.07504222668524338
delhi_ncr,2025-11-15,28.525,77.275,0.00027857973222437455,0.07285123483605693
delhi_ncr,2025-11-15,28.525,77.325,0.0004367700056181933,0.0728620149208436
delhi_ncr,2025-11-15,28.525,77.375,0.00040519485011330614,0.06922421898809002
delhi_ncr,2025-11-15,28.525,77.425,0.00027067815890030275,0.06890926041001294
delhi_ncr,2025-11-15,28.525,77.475,0.00044601627478724415,0.06920363769603988
delhi_ncr,2025-11-15,28.525,77.525,0.0004572097556189372,0.06975873851721835
delhi_ncr,2025-11-15,28.525,77.55,0.0002185136595721459,0.07270838246257044
delhi_ncr,2025-11-15,28.575,76.825,0.0002442835911143696,0.094444154443757
delhi_ncr,2025-11-15,28.575,76.875,0.000358257551295156,0.10052487424481707
delhi_ncr,2025-11-15,28.575,76.925,0.00032406790760913773,0.12404954481123263
delhi_ncr,2025-11-15,28.575,76.975,0.0003199300515478075,0.13002183193897046
delhi_ncr,2025-11-15,28.575,77.025,0.0003353831640579453,0.13294154773721933
delhi_ncr,2025-11-15,28.575,77.075,0.0003468910843408155,0.1328224391411225
delhi_ncr,2025-11-15,28.575,77.125,0.0002598024437712592,0.12195771370702672
delhi_ncr,2025-11-15,28.575,77.175,0.0004473668630929921,0.11681531491705181
delhi_ncr,2025-11-15,28.575,77.225,0.0004003316169436421,0.11152465459510531
delhi_ncr,2025-11-15,28.575,77.275,0.0002921985370664981,0.10659632312574178
delhi_ncr,2025-11-15,28.575,77.325,0.00017719403098565614,0.10212179945164851
delhi_ncr,2025-11-15,28.575,77.375,0.00013301991817414816,0.0949143962011349
delhi_ncr,2025-11-15,28.575,77.425,0.00035350285988285476,0.08946272385377493
delhi_ncr,2025-11-15,28.575,77.475,0.00032535938649201786,0.08317951771210427
delhi_ncr,2025-11-15,28.575,77.525,0.00026726272820992567,0.07797735669806265
delhi_ncr,2025-11-15,28.625,76.825,0.0002524459718394499,0.08666564399282903
delhi_ncr,2025-11-15,28.625,76.875,0.0002527028146195448,0.09509252498944808
delhi_ncr,2025-11-15,28.625,76.925,0.00042788779687799746,0.12023730781991625
delhi_ncr,2025-11-15,28.625,76.975,0.0004070936554098251,0.12538679955603102
delhi_ncr,2025-11-15,28.625,77.025,0.00032304473444257645,0.12762699687353704
delhi_ncr,2025-11-15,28.625,77.075,0.0002395418419129759,0.12749117525668338
delhi_ncr,2025-11-15,28.625,77.125,0.00034567081802641816,0.11892078646890081
delhi_ncr,2025-11-15,28.625,77.175,0.00031788527124925224,0.11565035455398828
delhi_ncr,2025-11-15,28.625,77.225,0.0002944506153297305,0.11552438720760226
delhi_ncr,2025-11-15,28.625,77.275,0.00027977548337845614,0.11574802619844296
delhi_ncr,2025-11-15,28.625,77.325,0.00026976106716343517,0.11517170141117533
delhi_ncr,2025-11-15,28.625,77.375,0.00021723429920589732,0.1084162570625721
delhi_ncr,2025-11-15,28.625,77.425,0.0003503337559277775,0.10426416396742537
delhi_ncr,2025-11-15,28.625,77.475,0.00026434132784619894,0.09388524685869401
delhi_ncr,2025-11-15,28.625,77.525,0.00019472084205538517,0.08322637487860603
delhi_ncr,2025-11-15,28.625,77.55,0.0002235191348963401,0.0750610415213788
delhi_ncr,2025-11-15,28.675,76.825,0.00026849029388528153,0.08282534932218234
delhi_ncr,2025-11-15,28.675,76.875,0.0002158548480564484,0.09151831273306366
delhi_ncr,2025-11-15,28.675,76.925,0.00047977289747422677,0.11209310323132014
delhi_ncr,2025-11-15,28.675,76.975,0.0004050667793933698,0.11643304867804044
delhi_ncr,2025-11-15,28.675,77.025,0.0002834670026472732,0.11848437866507468
delhi_ncr,2025-11-15,28.675,77.075,0.00020547191884377156,0.11880243348913365
delhi_ncr,2025-11-15,28.675,77.125,0.00039413922417004304,0.112153512494371
delhi_ncr,2025-11-15,28.675,77.175,0.0003904795973884447,0.1101367022176564
delhi_ncr,2025-11-15,28.675,77.225,0.00029518119247532565,0.11110939908930748
delhi_ncr,2025-11-15,28.675,77.275,0.0002450882262162143,0.11224432441915484
delhi_ncr,2025-11-15,28.675,77.325,0.000266128164261931,0.11173432017235949
delhi_ncr,2025-11-15,28.675,77.375,0.0003080413786293392,0.10218487116964473
delhi_ncr,2025-11-15,28.675,77.425,0.0003836158759603612,0.09849461704858897
delhi_ncr,2025-11-15,28.675,77.475,0.000339520249984549,0.08851383956152563
delhi_ncr,2025-11-15,28.675,77.525,0.00024869115844077503,0.07771340572159673
delhi_ncr,2025-11-15,28.675,77.55,0.00014609784262739349,0.06929890860728893
delhi_ncr,2025-11-15,28.725,76.825,0.0002692755511530583,0.0822458024034758
delhi_ncr,2025-11-15,28.725,76.875,0.00018123326273258972,0.08830301944635138
delhi_ncr,2025-11-15,28.725,76.925,0.00044580719642620266,0.09886472709658886
delhi_ncr,2025-11-15,28.725,76.975,0.00033894329398938386,0.10083757876138351
delhi_ncr,2025-11-15,28.725,77.025,0.0002364722352701081,0.10143877649016182
delhi_ncr,2025-11-15,28.725,77.075,0.00021578927694724354,0.10094685979525853
delhi_ncr,2025-11-15,28.725,77.125,0.00041829980439111797,0.09707860673030597
delhi_ncr,2025-11-15,28.725,77.175,0.0004830055712626822,0.09653501543278695
delhi_ncr,2025-11-15,28.725,77.225,0.0003463974267688827,0.0971943153735078
delhi_ncr,2025-11-15,28.725,77.275,0.00025373561646742555,0.09735418483368873
delhi_ncr,2025-11-15,28.725,77.325,0.00026912983426177685,0.09514727165034341
delhi_ncr,2025-11-15,28.725,77.375,0.00041866255020349847,0.08465577372094635
delhi_ncr,2025-11-15,28.725,77.425,0.00044904137336593394,0.08194445306049744
delhi_ncr,2025-11-15,28.725,77.475,0.00045348112014122617,0.07486926170186689
delhi_ncr,2025-11-15,28.725,77.525,0.0003746502468585981,0.06544471849655605
delhi_ncr,2025-11-15,28.725,77.55,0.0003296010049802458,0.04765735089067356
delhi_ncr,2025-11-15,28.775,76.825,0.00023423513442956352,0.08501795104841052
delhi_ncr,2025-11-15,28.775,76.875,9.763766609528109e-05,0.08442010153374228
delhi_ncr,2025-11-15,28.775,76.925,0.0002856487369176214,0.07926194624487948
delhi_ncr,2025-11-15,28.775,76.975,0.00022084795743171015,0.07644496709412897
delhi_ncr,2025-11-15,28.775,77.025,0.0001952449398065482,0.07273603198161371
delhi_ncr,2025-11-15,28.775,77.075,0.0002532222960231798,0.06889523444796926
delhi_ncr,2025-11-15,28.775,77.125,0.0004237211257574786,0.06916471868277146
delhi_ncr,2025-11-15,28.775,77.175,0.0004488766042912619,0.07116552510016919
delhi_ncr,2025-11-15,28.775,77.225,0.0004116308216343324,0.07174611500396313
delhi_ncr,2025-11-15,28.775,77.275,0.00036828714420542713,0.07024335345096529
delhi_ncr,2025-11-15,28.775,77.325,0.0003588348837624888,0.0666424956898186
delhi_ncr,2025-11-15,28.775,77.375,0.0005593759290265597,0.06118608746050673
delhi_ncr,2025-11-15,28.775,77.425,0.000542334129972165,0.06117609539730252
delhi_ncr,2025-11-15,28.775,77.475,0.0005334348211946331,0.058707861963458376
delhi_ncr,2025-11-15,28.775,77.525,0.0005412083142712547,0.0486680652115807
delhi_ncr,2025-11-15,28.775,77.55,0.0004224561744577099,0.02743843623299734
delhi_ncr,2025-11-15,28.825,76.825,0.0003222038549985456,0.08433493228359132
delhi_ncr,2025-11-15,28.825,76.875,0.0001995698581632125,0.08149850003624749
delhi_ncr,2025-11-15,28.825,76.925,0.0002591393702670319,0.06811074002589697
delhi_ncr,2025-11-15,28.825,76.975,0.00027544268207164475,0.06362364377062725
delhi_ncr,2025-11-15,28.825,77.025,0.0002966361411874423,0.06084869240853123
delhi_ncr,2025-11-15,28.825,77.075,0.00033670485290926015,0.05938276377246742
delhi_ncr,2025-11-15,28.825,77.125,0.0004419242015367672,0.06070135419288649
delhi_ncr,2025-11-15,28.825,77.175,0.0003357370545000077,0.054418804541609314
delhi_ncr,2025-11-15,28.825,77.225,0.00029811718507589794,0.044340921593534185
delhi_ncr,2025-11-15,28.825,77.275,0.0003266843594314331,0.03829240013392527
delhi_ncr,2025-11-15,28.825,77.325,0.0004030797913313579,0.03849142166444987
delhi_ncr,2025-11-15,28.825,77.375,0.00040830166874651196,0.045046071199204965
delhi_ncr,2025-11-15,28.825,77.425,0.0002862724099017779,0.0503992039666053
delhi_ncr,2025-11-15,28.825,77.475,0.0002229504272041379,0.05049098331526205
delhi_ncr,2025-11-15,28.825,77.525,0.00022201145958619214,0.04104252493260937
delhi_ncr,2025-11-15,28.875,76.825,0.00022164456070130893,0.052449046221243814
delhi_ncr,2025-11-15,28.875,76.875,0.0002278325032541455,0.04473181590849069
delhi_ncr,2025-11-15,28.875,76.925,0.00034456320928838435,0.030043012830394032
delhi_ncr,2025-11-15,28.875,76.975,0.0003033421421240986,0.028214723836262993
delhi_ncr,2025-11-15,28.875,77.025,0.00031346360368433726,0.03761517309752304
delhi_ncr,2025-11-15,28.875,77.075,0.00034894305145431737,0.052568313077963995
delhi_ncr,2025-11-15,28.875,77.125,0.00016814792055840305,0.052638896025877124
delhi_ncr,2025-11-15,28.875,77.175,0.00029849343599882693,0.04129320043664875
delhi_ncr,2025-11-15,28.875,77.225,0.00035153960673575284,0.02109480655004237
delhi_ncr,2025-11-15,28.875,77.275,0.0003773002197157489,0.009575199578954027
delhi_ncr,2025-11-15,28.875,77.325,0.00038502543865194137,0.011279811529858652
delhi_ncr,2025-11-15,28.875,77.375,0.00037829813372761465,0.026281535014667026
delhi_ncr,2025-11-15,28.875,77.425,0.00037248794623932947,0.03771794907237714
delhi_ncr,2025-11-15,28.875,77.475,0.00030904780827158997,0.027254179111790715
delhi_ncr,2025-11-15,28.875,77.525,0.00023986427021663084,0.014234562101062288
delhi_ncr,2025-11-15,28.875,77.55,0.00021789133523289012,0.011542497807380474
