region_id,date,lat,lon,hcho_value,cloud_fraction
kanpur_industrial,2025-10-15,26.325,80.175,0.0002511379001175571,0.009107234923589568
kanpur_industrial,2025-10-15,26.325,80.225,0.0002715954743465009,0
kanpur_industrial,2025-10-15,26.325,80.275,0.00024297704717545654,0
kanpur_industrial,2025-10-15,26.325,80.325,0.00021062672204448434,0.0007558240690316075
kanpur_industrial,2025-10-15,26.325,80.375,0.0002170482722977114,0.004342325312333169
kanpur_industrial,2025-10-15,26.325,80.425,0.0002575275276546965,0.025499475400542156
kanpur_industrial,2025-10-15,26.325,80.475,0.00028785837700378,0.0390474122455357
kanpur_industrial,2025-10-15,26.325,80.525,0.0002460575264821058,0.009211838956383254
kanpur_industrial,2025-10-15,26.325,80.55,0.0002480292410070963,0.004815279454473065
kanpur_industrial,2025-10-15,26.375,80.175,0.00017732497895872777,0
kanpur_industrial,2025-10-15,26.375,80.225,0.0001721727662762317,0
kanpur_industrial,2025-10-15,26.375,80.275,4.2610874062989894e-05,0
kanpur_industrial,2025-10-15,26.375,80.325,0.0004074919921698459,0.002184781748062823
kanpur_industrial,2025-10-15,26.375,80.375,0.0003083125094027171,0.006220283227869186
kanpur_industrial,2025-10-15,26.375,80.425,0.000258720809375527,0.004010019857444858
kanpur_industrial,2025-10-15,26.375,80.475,0.00024609248454364615,0
kanpur_industrial,2025-10-15,26.375,80.525,0.0002501887378678002,0
kanpur_industrial,2025-10-15,26.425,80.175,0.00026002852046471314,0
kanpur_industrial,2025-10-15,26.425,80.225,0.00022004637878087177,0
kanpur_industrial,2025-10-15,26.425,80.275,0.00019248752678081713,0
kanpur_industrial,2025-10-15,26.425,80.325,0.00027163257079740473,0.0004534275557600695
kanpur_industrial,2025-10-15,26.425,80.375,0.0002879524679308493,0.001276542769677234
kanpur_industrial,2025-10-15,26.425,80.425,0.00025942017149572984,0.0008217598345183121
kanpur_industrial,2025-10-15,26.425,80.475,0.0002522547229443286,0
kanpur_industrial,2025-10-15,26.425,80.525,0.0003599771096987131,0
kanpur_industrial,2025-10-15,26.425,80.55,0.00031934676736758785,0
kanpur_industrial,2025-10-15,26.475,80.175,0.00028708049971849737,0
kanpur_industrial,2025-10-15,26.475,80.225,0.0002373585224811664,0
kanpur_industrial,2025-10-15,26.475,80.275,0.00025110181959862724,0
kanpur_industrial,2025-10-15,26.475,80.325,0.00027673300816907515,0
kanpur_industrial,2025-10-15,26.475,80.375,0.0003140920552196459,0
kanpur_industrial,2025-10-15,26.475,80.425,0.0002969766709656273,0
kanpur_industrial,2025-10-15,26.475,80.475,0.00026701198628585707,0
kanpur_industrial,2025-10-15,26.475,80.525,0.00027976613807119774,0
kanpur_industrial,2025-10-15,26.475,80.55,0.00028672035462211603,0
kanpur_industrial,2025-10-15,26.525,80.175,0.00027072933512257443,0
kanpur_industrial,2025-10-15,26.525,80.225,0.0002435174103616535,0
kanpur_industrial,2025-10-15,26.525,80.275,0.00026028152253979633,0
kanpur_industrial,2025-10-15,26.525,80.325,0.0002451623910608358,0
kanpur_industrial,2025-10-15,26.525,80.375,0.0002745146788144083,0
kanpur_industrial,2025-10-15,26.525,80.425,0.0002812646862634288,0
kanpur_industrial,2025-10-15,26.525,80.475,0.0002663466398939842,0
kanpur_industrial,2025-10-15,26.525,80.525,0.00021877541566782724,0
kanpur_industrial,2025-10-15,26.525,80.55,0.0002468468218069279,0
kanpur_industrial,2025-10-15,26.575,80.175,0.00021347842843278265,0
kanpur_industrial,2025-10-15,26.575,80.225,0.00024810128021912793,0
kanpur_industrial,2025-10-15,26.575,80.275,0.00023754764981983104,0
kanpur_industrial,2025-10-15,26.575,80.325,6.840222600280339e-05,0
kanpur_industrial,2025-10-15,26.575,80.375,9.218603472650021e-05,0
kanpur_industrial,2025-10-15,26.575,80.425,0.00015311550299067426,0
kanpur_industrial,2025-10-15,26.575,80.475,0.00023196723941074844,0
kanpur_industrial,2025-10-15,26.575,80.525,0.0003091201532136821,0
kanpur_industrial,2025-10-15,26.575,80.55,0.00032325461030431233,0
kanpur_industrial,2025-10-16,26.325,80.175,0.00023314164461197003,0
kanpur_industrial,2025-10-16,26.325,80.225,0.0002590663320099557,0
kanpur_industrial,2025-10-16,26.325,80.275,0.00018679978624728868,0
kanpur_industrial,2025-10-16,26.325,80.325,0.00023553429340048324,0
kanpur_industrial,2025-10-16,26.325,80.375,0.00026655730325353985,0
kanpur_industrial,2025-10-16,26.325,80.425,0.00026697316702169345,0
kanpur_industrial,2025-10-16,26.325,80.475,0.00028852807934247424,0
kanpur_industrial,2025-10-16,26.325,80.525,0.00041116227273717265,0
kanpur_industrial,2025-10-16,26.325,80.55,0.0003824332668636214,0
kanpur_industrial,2025-10-16,26.375,80.175,0.0002373315234633519,0
kanpur_industrial,2025-10-16,26.375,80.225,0.00028240221363826285,0
kanpur_industrial,2025-10-16,26.375,80.275,0.00030166427442970546,0
kanpur_industrial,2025-10-16,26.375,80.325,0.0002613308676199391,0
kanpur_industrial,2025-10-16,26.375,80.375,0.00024048603594975586,0
kanpur_industrial,2025-10-16,26.375,80.425,0.0002172718255852908,0
kanpur_industrial,2025-10-16,26.375,80.475,0.00023292369443265597,0
kanpur_industrial,2025-10-16,26.375,80.525,0.0003509681651925891,0
kanpur_industrial,2025-10-16,26.425,80.175,0.00023245198845336056,0
kanpur_industrial,2025-10-16,26.425,80.225,0.00022689583882221645,0
kanpur_industrial,2025-10-16,26.425,80.275,0.0002130529082834152,0
kanpur_industrial,2025-10-16,26.425,80.325,0.0002859725791633523,0
kanpur_industrial,2025-10-16,26.425,80.375,0.00022669640867020277,0
kanpur_industrial,2025-10-16,26.425,80.425,0.0002288025058273841,0
kanpur_industrial,2025-10-16,26.425,80.475,0.00024369426392839764,0
kanpur_industrial,2025-10-16,26.425,80.525,0.0002034004106099088,0
kanpur_industrial,2025-10-16,26.425,80.55,0.00025801209931373536,0
kanpur_industrial,2025-10-16,26.475,80.175,0.00016427200111242022,0
kanpur_industrial,2025-10-16,26.475,80.225,0.00017900387307154817,0
kanpur_industrial,2025-10-16,26.475,80.275,0.00022512559337349578,0
kanpur_industrial,2025-10-16,26.475,80.325,0.00023258518259682722,0
kanpur_industrial,2025-10-16,26.475,80.375,0.0001556805772614268,0
kanpur_industrial,2025-10-16,26.475,80.425,0.00018594113001054775,0
kanpur_industrial,2025-10-16,26.475,80.475,0.0002427634386829709,0
kanpur_industrial,2025-10-16,26.475,80.525,0.00021799324683778953,0
kanpur_industrial,2025-10-16,26.475,80.55,0.0002146077273759756,0
kanpur_industrial,2025-10-16,26.525,80.175,0.0001406553602771376,0
kanpur_industrial,2025-10-16,26.525,80.225,0.00016518951811101594,0
kanpur_industrial,2025-10-16,26.525,80.275,0.00024332508083730809,0
kanpur_industrial,2025-10-16,26.525,80.325,0.00018414348184891865,0
kanpur_industrial,2025-10-16,26.525,80.375,9.956653820528077e-05,0
kanpur_industrial,2025-10-16,26.525,80.425,0.00014280291806559678,0
kanpur_industrial,2025-10-16,26.525,80.475,0.0002277391856807881,0
kanpur_industrial,2025-10-16,26.525,80.525,0.00024120321107300868,0
kanpur_industrial,2025-10-16,26.525,80.55,0.0002221599912114581,0
kanpur_industrial,2025-10-16,26.575,80.175,0.00023441712491963004,0
kanpur_industrial,2025-10-16,26.575,80.225,0.0002052458776308525,0
kanpur_industrial,2025-10-16,26.575,80.275,0.00021001869136054682,0
kanpur_industrial,2025-10-16,26.575,80.325,0.00019627277670784078,0
kanpur_industrial,2025-10-16,26.575,80.375,0.00010761528542156439,0
kanpur_industrial,2025-10-16,26.575,80.425,0.0001363018407693589,0
kanpur_industrial,2025-10-16,26.575,80.475,0.0001979641430798129,0
kanpur_industrial,2025-10-16,26.575,80.525,0.00018143017182892457,0
kanpur_industrial,2025-10-16,26.575,80.55,0.00023094499002896597,0
kanpur_industrial,2025-10-17,26.325,80.175,0.0002611990658183989,0
kanpur_industrial,2025-10-17,26.325,80.225,0.0001219786631792828,5.301834256767281e-05
kanpur_industrial,2025-10-17,26.325,80.275,0.00014820762835397283,0.00036651810731565113
kanpur_industrial,2025-10-17,26.325,80.325,0.00023977788884476,0.004000947899555632
kanpur_industrial,2025-10-17,26.325,80.375,0.000217558254010402,0.033684946485151385
kanpur_industrial,2025-10-17,26.325,80.425,0.0002207906498113366,0.04977441348357645
kanpur_industrial,2025-10-17,26.325,80.475,0.0002368845931499076,0.04630831585975888
kanpur_industrial,2025-10-17,26.325,80.525,0.0002513579842138038,0.012433242214597373
kanpur_industrial,2025-10-17,26.325,80.55,0.0002681352774816651,0.024901029034706437
kanpur_industrial,2025-10-17,26.375,80.175,0.00017232265876623504,0
kanpur_industrial,2025-10-17,26.375,80.225,0.00011919185460894544,0.0020943891846608637
kanpur_industrial,2025-10-17,26.375,80.275,0.0001290577017359627,0.008429916468259977
kanpur_industrial,2025-10-17,26.375,80.325,0.00039611767478359085,0.047647339958147066
kanpur_industrial,2025-10-17,26.375,80.375,0.0004088751908446023,0.05061717844832192
kanpur_industrial,2025-10-17,26.375,80.425,0.0003711089451826431,0.033544044270083694
kanpur_industrial,2025-10-17,26.375,80.475,0.000317025085325833,0.019209674163897374
kanpur_industrial,2025-10-17,26.375,80.525,0.00028651040820360847,0.03855622412339731
kanpur_industrial,2025-10-17,26.425,80.175,0.00021721308355515472,0
kanpur_industrial,2025-10-17,26.425,80.225,0.00019299098180517075,0.00042149582341299884
kanpur_industrial,2025-10-17,26.425,80.275,0.0001987306352156939,0.0017386702715786204
kanpur_industrial,2025-10-17,26.425,80.325,0.00040252621084285874,0.013303520703485434
kanpur_industrial,2025-10-17,26.425,80.375,0.00030598629451872636,0.012835268745241312
kanpur_industrial,2025-10-17,26.425,80.425,0.00024958509205538244,0.027267215223679555
kanpur_industrial,2025-10-17,26.425,80.475,0.0001917828683289789,0.04938693290884878
kanpur_industrial,2025-10-17,26.425,80.525,6.791710074560711e-05,0.07054746130647241
kanpur_industrial,2025-10-17,26.425,80.55,0.000148813836576521,0.058708184553680834
kanpur_industrial,2025-10-17,26.475,80.175,0.00023536418495306616,0
kanpur_industrial,2025-10-17,26.475,80.225,0.0002618220781332495,0
kanpur_industrial,2025-10-17,26.475,80.275,0.0002387175570224519,0
kanpur_industrial,2025-10-17,26.475,80.325,0.0004238639693145681,0.0020245744746659666
kanpur_industrial,2025-10-17,26.475,80.375,0.0002590170431143686,0.0014163162039501375
kanpur_industrial,2025-10-17,26.475,80.425,0.0002227133045791459,0.025216334038960626
kanpur_industrial,2025-10-17,26.475,80.475,0.00021410023810772446,0.05720093984216623
kanpur_industrial,2025-10-17,26.475,80.525,9.278937144903696e-05,0.07855117883727977
kanpur_industrial,2025-10-17,26.475,80.55,8.756615533569021e-05,0.07857093830014913
kanpur_industrial,2025-10-17,26.525,80.175,0.0002727091309884958,0.0033761366731403075
kanpur_industrial,2025-10-17,26.525,80.225,0.00032426782493483945,0.005884997650514459
kanpur_industrial,2025-10-17,26.525,80.275,0.0002879090876445853,0.004051597387587818
kanpur_industrial,2025-10-17,26.525,80.325,0.00038277191642041477,0.008792824225064477
kanpur_industrial,2025-10-17,26.525,80.375,0.00024170304613052495,0.009085758563436588
kanpur_industrial,2025-10-17,26.525,80.425,0.00021334329465980904,0.031001240320751657
kanpur_industrial,2025-10-17,26.525,80.475,0.00022851940998366976,0.059852408833521255
kanpur_industrial,2025-10-17,26.525,80.525,0.00019031228329553071,0.07845281272992612
kanpur_industrial,2025-10-17,26.525,80.55,0.00021212703719179906,0.07859473229006511
kanpur_industrial,2025-10-17,26.575,80.175,0.0003560059921666743,0.012692678575859673
kanpur_industrial,2025-10-17,26.575,80.225,0.00037537552914642134,0.021872857588087557
kanpur_industrial,2025-10-17,26.575,80.275,0.00036750410158680656,0.01526488356453996
kanpur_industrial,2025-10-17,26.575,80.325,0.0002338319292949779,0.03222434628635794
kanpur_industrial,2025-10-17,26.575,80.375,0.00023860886407626496,0.03414596280014649
kanpur_industrial,2025-10-17,26.575,80.425,0.00017846248705385222,0.04829665416815812
kanpur_industrial,2025-10-17,26.575,80.475,0.0001414309888314659,0.06659238013328425
kanpur_industrial,2025-10-17,26.575,80.525,0.00026108571713497004,0.07895866936260487
kanpur_industrial,2025-10-17,26.575,80.55,0.0002941065675944028,0.08094518891613825
kanpur_industrial,2025-10-18,26.325,80.175,0.00029026924942692704,0.26275816934447765
kanpur_industrial,2025-10-18,26.325,80.225,0.0003223548150142784,0.25983587859224905
kanpur_industrial,2025-10-18,26.325,80.275,0.00036202194248489327,0.2636440612204909
kanpur_industrial,2025-10-18,26.325,80.325,0.00023990281274908362,0.2563948481208846
kanpur_industrial,2025-10-18,26.325,80.375,0.00014492205718517328,0.2691979648875654
kanpur_industrial,2025-10-18,26.325,80.425,0.0001884726833621279,0.2692978213023357
kanpur_industrial,2025-10-18,26.325,80.475,0.00023354633998004976,0.2721351318286897
kanpur_industrial,2025-10-18,26.325,80.525,9.78905506383882e-05,0.29972157033908553
kanpur_industrial,2025-10-18,26.325,80.55,0.00016046672203640368,0.29864604805958783
kanpur_industrial,2025-10-18,26.375,80.175,0.00021049877517713636,0.263751434620927
kanpur_industrial,2025-10-18,26.375,80.225,0.00020463036273080546,0.26719849749708324
kanpur_industrial,2025-10-18,26.375,80.275,0.00019650582854553454,0.270924178564807
kanpur_industrial,2025-10-18,26.375,80.325,0.00017571246578754413,0.27687350438991176
kanpur_industrial,2025-10-18,26.375,80.375,0.00017558250727030668,0.27691068767631866
kanpur_industrial,2025-10-18,26.375,80.425,0.00022489757372371177,0.2968615635537208
kanpur_industrial,2025-10-18,26.375,80.475,0.00022578995526326547,0.296993418234826
kanpur_industrial,2025-10-18,26.375,80.525,0.00022900252880565873,0.29746809508680466
kanpur_industrial,2025-10-18,26.425,80.175,0.00021182029150166242,0.22934604041677314
kanpur_industrial,2025-10-18,26.425,80.225,0.00018745057886518634,0.2362285838203962
kanpur_industrial,2025-10-18,26.425,80.275,0.000178904109832165,0.2403409019278996
kanpur_industrial,2025-10-18,26.425,80.325,0.000303692020489176,0.2563318266786208
kanpur_industrial,2025-10-18,26.425,80.375,0.0003014192529522912,0.2581265237561027
kanpur_industrial,2025-10-18,26.425,80.425,0.0002854458748506417,0.26627960749203017
kanpur_industrial,2025-10-18,26.425,80.475,0.0002257683217713975,0.2969902217577083
kanpur_industrial,2025-10-18,26.425,80.525,0.00022900252880565873,0.29746809508680466
kanpur_industrial,2025-10-18,26.425,80.55,0.00022900252880565873,0.29746809508680466
kanpur_industrial,2025-10-18,26.475,80.175,0.0002210276713840612,0.20967236446612222
kanpur_industrial,2025-10-18,26.475,80.225,0.00021172068664780262,0.21563179103117228
kanpur_industrial,2025-10-18,26.475,80.275,0.00020039256884854124,0.22076075191285074
kanpur_industrial,2025-10-18,26.475,80.325,0.00040450345494191315,0.237488617152821
kanpur_industrial,2025-10-18,26.475,80.375,0.0003780732130668534,0.24300733170109443
kanpur_industrial,2025-10-18,26.475,80.425,0.0003771200448020477,0.24962176578131137
kanpur_industrial,2025-10-18,26.475,80.475,0.000377858065008881,0.26763107971253125
kanpur_industrial,2025-10-18,26.475,80.525,0.0003215492078817576,0.2980938343702873
kanpur_industrial,2025-10-18,26.475,80.55,0.0003215492078817576,0.2980938343702873
kanpur_industrial,2025-10-18,26.525,80.175,0.00022638507042286343,0.1967868042541262
kanpur_industrial,2025-10-18,26.525,80.225,0.00024911492990477963,0.20071942967684794
kanpur_industrial,2025-10-18,26.525,80.275,0.00025263467227985994,0.20585357654567482
kanpur_industrial,2025-10-18,26.525,80.325,0.0004047172928250425,0.2189030695512862
kanpur_industrial,2025-10-18,26.525,80.375,0.00038353085480445973,0.2239053857121255
kanpur_industrial,2025-10-18,26.525,80.425,0.00037566206308743645,0.236316869549728
kanpur_industrial,2025-10-18,26.525,80.475,0.00036035760689265414,0.25545813586604454
kanpur_industrial,2025-10-18,26.525,80.525,0.0002976586588678239,0.2807029441310711
kanpur_industrial,2025-10-18,26.525,80.55,0.00027784036252671986,0.26627641018263043
kanpur_industrial,2025-10-18,26.575,80.175,0.00022014850565728496,0.1876340513266713
kanpur_industrial,2025-10-18,26.575,80.225,0.00028132595973425444,0.19005711432960185
kanpur_industrial,2025-10-18,26.575,80.275,0.0003309275982658909,0.1931756738837202
kanpur_industrial,2025-10-18,26.575,80.325,0.0002554213986709346,0.201110347479319
kanpur_industrial,2025-10-18,26.575,80.375,0.0002364915676723801,0.20503785339830827
kanpur_industrial,2025-10-18,26.575,80.425,0.0002800462469443014,0.2123426553220402
kanpur_industrial,2025-10-18,26.575,80.475,0.00031387870535625693,0.22216398854909483
kanpur_industrial,2025-10-18,26.575,80.525,0.0002349643046219312,0.23432718135769903
kanpur_industrial,2025-10-18,26.575,80.55,0.00026744301518164714,0.22918680050399443
kanpur_industrial,2025-10-19,26.325,80.175,0.0002815167368940608,0.22325877600708033
kanpur_industrial,2025-10-19,26.325,80.225,0.00027038521826635084,0.21970149894051877
kanpur_industrial,2025-10-19,26.325,80.275,0.00027066766318370504,0.21960608390930902
kanpur_industrial,2025-10-19,26.325,80.325,0.00027023670073691194,0.2756536265532141
kanpur_industrial,2025-10-19,26.325,80.375,0.00019180571055707861,0.26765560707573355
kanpur_industrial,2025-10-19,26.325,80.425,0.00014481848618115933,0.2628391650871181
kanpur_industrial,2025-10-19,26.325,80.475,0.000119185145606239,0.2524780456865258
kanpur_industrial,2025-10-19,26.325,80.525,9.991896895689173e-05,0.2226267105286657
kanpur_industrial,2025-10-19,26.325,80.55,0.0001222112808499885,0.24110092752848172
kanpur_industrial,2025-10-19,26.375,80.175,0.0002585695786126116,0.18988124468047232
kanpur_industrial,2025-10-19,26.375,80.225,0.00012145940121336868,0.20369411244299312
kanpur_industrial,2025-10-19,26.375,80.275,0.0001382687332926983,0.2085919875443782
kanpur_industrial,2025-10-19,26.375,80.325,0.0002352141007893756,0.24254748899184933
kanpur_industrial,2025-10-19,26.375,80.375,0.0002696794169762955,0.23915958042834343
kanpur_industrial,2025-10-19,26.375,80.425,0.0002968090239309551,0.2361102420496471
kanpur_industrial,2025-10-19,26.375,80.475,0.00027678858336411025,0.2401104603668651
kanpur_industrial,2025-10-19,26.375,80.525,0.00014662667006623732,0.26133459376637547
kanpur_industrial,2025-10-19,26.425,80.175,0.00022800206802542358,0.15899265355800063
kanpur_industrial,2025-10-19,26.425,80.225,0.00022956251342622693,0.18549138349234595
kanpur_industrial,2025-10-19,26.425,80.275,0.00027534177565485585,0.19892211049509256
kanpur_industrial,2025-10-19,26.425,80.325,0.00034050405054876287,0.22162843489069478
kanpur_industrial,2025-10-19,26.425,80.375,0.0002705561193339881,0.2452254064271888
kanpur_industrial,2025-10-19,26.425,80.425,0.00024320643238186758,0.2537893595712012
kanpur_industrial,2025-10-19,26.425,80.475,0.00023616680341519923,0.2542080467429766
kanpur_industrial,2025-10-19,26.425,80.525,0.00014662667006623732,0.26133459376637547
kanpur_industrial,2025-10-19,26.425,80.55,0.00014662667006623732,0.26133459376637547
kanpur_industrial,2025-10-19,26.475,80.175,0.00020914301703942801,0.1476661279737914
kanpur_industrial,2025-10-19,26.475,80.225,0.00027555691960456274,0.1715766720820093
kanpur_industrial,2025-10-19,26.475,80.275,0.00035308975032335294,0.19049189053332136
kanpur_industrial,2025-10-19,26.475,80.325,0.0004088135118090337,0.21201774992798494
kanpur_industrial,2025-10-19,26.475,80.375,0.0003202863370248685,0.2476360724026329
kanpur_industrial,2025-10-19,26.475,80.425,0.0002832410644656854,0.25803670261812683
kanpur_industrial,2025-10-19,26.475,80.475,0.00027535760750130176,0.24874509729218963
kanpur_industrial,2025-10-19,26.475,80.525,0.00026658668311481447,0.20088672522826284
kanpur_industrial,2025-10-19,26.475,80.55,0.00026658668311481447,0.20088672522826284
kanpur_industrial,2025-10-19,26.525,80.175,0.00020207115548103827,0.14672723672233975
kanpur_industrial,2025-10-19,26.525,80.225,0.0002746620973570837,0.1627555625325287
kanpur_industrial,2025-10-19,26.525,80.275,0.00035961416174512285,0.1840690150489939
kanpur_industrial,2025-10-19,26.525,80.325,0.000417308308023519,0.1997697016478662
kanpur_industrial,2025-10-19,26.525,80.375,0.0003733894641451958,0.22867647762779172
kanpur_industrial,2025-10-19,26.525,80.425,0.00033868991844244784,0.23581780974160227
kanpur_industrial,2025-10-19,26.525,80.475,0.00030442743563996916,0.2253984574587827
kanpur_industrial,2025-10-19,26.525,80.525,0.0002541611576425041,0.19711180756788177
kanpur_industrial,2025-10-19,26.525,80.55,0.00024385361946661032,0.19398034178142926
kanpur_industrial,2025-10-19,26.575,80.175,0.0002082757427248315,0.15220794712334768
kanpur_industrial,2025-10-19,26.575,80.225,0.0002291703309185777,0.16044948003225631
kanpur_industrial,2025-10-19,26.575,80.275,0.0002795478050805922,0.18075497948549046
kanpur_industrial,2025-10-19,26.575,80.325,0.0003444014205820525,0.17717123357076586
kanpur_industrial,2025-10-19,26.575,80.375,0.0003939158258061989,0.17586452334431726
kanpur_industrial,2025-10-19,26.575,80.425,0.0003588493406763067,0.1778521651098324
kanpur_industrial,2025-10-19,26.575,80.475,0.00028328983078538904,0.18187187043370248
kanpur_industrial,2025-10-19,26.575,80.525,0.0002210376775704793,0.18693151509497644
kanpur_industrial,2025-10-19,26.575,80.55,0.0002178054259013285,0.18137622874982606
kanpur_industrial,2025-10-20,26.325,80.175,0.00019904961708366192,0.16260059987061454
kanpur_industrial,2025-10-20,26.325,80.225,0.00018569689668601248,0.1807691752057057
kanpur_industrial,2025-10-20,26.325,80.275,0.000235751939311533,0.19788462943153146
kanpur_industrial,2025-10-20,26.325,80.325,0.0001576691726410164,0.2052343521755869
kanpur_industrial,2025-10-20,26.325,80.375,0.00013098910227283576,0.20200311658361642
kanpur_industrial,2025-10-20,26.325,80.425,0.00013237062424897031,0.17125436692598545
kanpur_industrial,2025-10-20,26.325,80.475,0.00014028444297610676,0.15460982229994172
kanpur_industrial,2025-10-20,26.325,80.525,0.00013014186238356263,0.21351767569971433
kanpur_industrial,2025-10-20,26.325,80.55,0.00014130908974638675,0.21605183238154257
kanpur_industrial,2025-10-20,26.375,80.175,8.363019074066603e-05,0.17047326315710984
kanpur_industrial,2025-10-20,26.375,80.225,0.00011224931744888753,0.17055455313931944
kanpur_industrial,2025-10-20,26.375,80.275,0.00017463058517918446,0.19970419318258192
kanpur_industrial,2025-10-20,26.375,80.325,0.00012949219698139028,0.2098177810989393
kanpur_industrial,2025-10-20,26.375,80.375,0.00017985880699305075,0.2090293210862448
kanpur_industrial,2025-10-20,26.375,80.425,0.00013981379211361732,0.18741798031942253
kanpur_industrial,2025-10-20,26.375,80.475,9.285155927402825e-05,0.17606027896742732
kanpur_industrial,2025-10-20,26.375,80.525,0.00015353986257233702,0.218827337318783
kanpur_industrial,2025-10-20,26.425,80.175,0.0001525858536018029,0.23124770013757476
kanpur_industrial,2025-10-20,26.425,80.225,0.00025528821453018956,0.22717445843072773
kanpur_industrial,2025-10-20,26.425,80.275,0.00026825745896596624,0.2332347516170364
kanpur_industrial,2025-10-20,26.425,80.325,0.0001785685755938682,0.19574181527092163
kanpur_industrial,2025-10-20,26.425,80.375,0.0002064325942491124,0.1775418499182922
kanpur_industrial,2025-10-20,26.425,80.425,0.00018060942755016685,0.18468353585044162
kanpur_industrial,2025-10-20,26.425,80.475,0.00014118564205557055,0.20324125498331636
kanpur_industrial,2025-10-20,26.425,80.525,0.0001416116967179808,0.2155081273699357
kanpur_industrial,2025-10-20,26.425,80.55,0.00014602605730975042,0.21673649640612325
kanpur_industrial,2025-10-20,26.475,80.175,0.0002153373487537618,0.24489322222635973
kanpur_industrial,2025-10-20,26.475,80.225,0.0002916633814272714,0.2407077148297399
kanpur_industrial,2025-10-20,26.475,80.275,0.00028914618112649407,0.23823596076332607
kanpur_industrial,2025-10-20,26.475,80.325,0.0002065333446688143,0.167158765891742
kanpur_industrial,2025-10-20,26.475,80.375,0.00021565301512881522,0.15745354656568594
kanpur_industrial,2025-10-20,26.475,80.425,0.00020075959505090903,0.1704102872779381
kanpur_industrial,2025-10-20,26.475,80.475,0.00014022170703331484,0.2103681774638193
kanpur_industrial,2025-10-20,26.475,80.525,0.00010877818877698381,0.21242398398478857
kanpur_industrial,2025-10-20,26.475,80.55,0.00011067978584658833,0.2125660676277852
kanpur_industrial,2025-10-20,26.525,80.175,0.00025831024638412115,0.2331620589811064
kanpur_industrial,2025-10-20,26.525,80.225,0.0002629577205209757,0.22625709641428418
kanpur_industrial,2025-10-20,26.525,80.275,0.00026211515800911924,0.22442889397088953
kanpur_industrial,2025-10-20,26.525,80.325,0.0002204126474670983,0.14581784425403874
kanpur_industrial,2025-10-20,26.525,80.375,0.00021039122964663926,0.1699767524851575
kanpur_industrial,2025-10-20,26.525,80.425,0.00018646997608837192,0.19877009604698914
kanpur_industrial,2025-10-20,26.525,80.475,0.00010130394005381084,0.25004479453411255
kanpur_industrial,2025-10-20,26.525,80.525,0.00010153752351269543,0.21272347043000941
kanpur_industrial,2025-10-20,26.525,80.55,0.00011704189717482984,0.21457915587042853
kanpur_industrial,2025-10-20,26.575,80.175,0.00021141424279230185,0.22274277987060553
kanpur_industrial,2025-10-20,26.575,80.225,0.00018810347186421636,0.1910660730731956
kanpur_industrial,2025-10-20,26.575,80.275,0.0001975364181009046,0.19647568519394976
kanpur_industrial,2025-10-20,26.575,80.325,0.00019821337126503505,0.1963214196602514
kanpur_industrial,2025-10-20,26.575,80.375,0.00018403003828208308,0.2541027651967563
kanpur_industrial,2025-10-20,26.575,80.425,0.00014464500524239137,0.2700068323591343
kanpur_industrial,2025-10-20,26.575,80.475,0.00011216918239145188,0.2727663099735273
kanpur_industrial,2025-10-20,26.575,80.525,0.00015124100264356002,0.2186655518456853
kanpur_industrial,2025-10-20,26.575,80.55,0.00015141759230017493,0.2184206266561553
kanpur_industrial,2025-10-22,26.525,80.475,0.00024054050552462064,0.28004359185767963
kanpur_industrial,2025-10-22,26.525,80.525,0.00024054050552462064,0.28004359185767963
kanpur_industrial,2025-10-22,26.525,80.55,0.00024054050552462064,0.28004359185767963
kanpur_industrial,2025-10-22,26.575,80.325,0.0002455981108234842,0.25949243699854146
kanpur_industrial,2025-10-22,26.575,80.375,0.0001770140937229529,0.2717351319810671
kanpur_industrial,2025-10-22,26.575,80.425,0.00022474257733011673,0.2820518881691774
kanpur_industrial,2025-10-22,26.575,80.475,0.0002423144252697684,0.28072831699654677
kanpur_industrial,2025-10-22,26.575,80.525,0.00024045496888647647,0.28027064016701153
kanpur_industrial,2025-10-22,26.575,80.55,0.00023711903999885199,0.28912552423095556
kanpur_industrial,2025-10-24,26.325,80.175,0.00023590002822653603,0.2416282338703152
kanpur_industrial,2025-10-24,26.325,80.225,0.00022746341422149845,0.2354190348592358
kanpur_industrial,2025-10-24,26.325,80.275,0.0002270093265291856,0.23543562645519492
kanpur_industrial,2025-10-24,26.325,80.325,0.00024487115553316325,0.23470337396397842
kanpur_industrial,2025-10-24,26.325,80.375,0.00024812759162884564,0.2348560428137482
kanpur_industrial,2025-10-24,26.325,80.425,0.00021911025271187308,0.23099882731640758
kanpur_industrial,2025-10-24,26.325,80.475,0.0001772658943384845,0.22618384824328755
kanpur_industrial,2025-10-24,26.325,80.525,0.00014369420071544615,0.22441113920753392
kanpur_industrial,2025-10-24,26.325,80.55,0.00024754172508710293,0.21898585171955026
kanpur_industrial,2025-10-24,26.375,80.175,0.00023520663355538002,0.24223697569472707
kanpur_industrial,2025-10-24,26.375,80.225,0.00022847138175428213,0.23608831058233823
kanpur_industrial,2025-10-24,26.375,80.275,0.00022864135182100464,0.23609061167431672
kanpur_industrial,2025-10-24,26.375,80.325,0.00024952529586116576,0.23280757962172668
kanpur_industrial,2025-10-24,26.375,80.375,0.0002904716367793559,0.2327894499839691
kanpur_industrial,2025-10-24,26.375,80.425,0.00034498399642769826,0.22610607202700247
kanpur_industrial,2025-10-24,26.375,80.475,0.0003823683159056249,0.2175597526307298
kanpur_industrial,2025-10-24,26.375,80.525,0.0003612794898751079,0.213043870185092
kanpur_industrial,2025-10-24,26.425,80.175,0.00019619131375521107,0.238430964682802
kanpur_industrial,2025-10-24,26.425,80.225,0.00019523728954522055,0.23389563241589448
kanpur_industrial,2025-10-24,26.425,80.275,0.00020587018169426261,0.2331649046360098
kanpur_industrial,2025-10-24,26.425,80.325,0.00026039502949186215,0.23090068672833086
kanpur_industrial,2025-10-24,26.425,80.375,0.00024727071090090293,0.2306191702973168
kanpur_industrial,2025-10-24,26.425,80.425,0.0002512375692106031,0.22527245528903458
kanpur_industrial,2025-10-24,26.425,80.475,0.00025215643029189214,0.2182302495562698
kanpur_industrial,2025-10-24,26.425,80.525,0.00022308939137533022,0.21352214292736998
kanpur_industrial,2025-10-24,26.425,80.55,0.0002742306089303661,0.21334514435345608
kanpur_industrial,2025-10-24,26.475,80.175,0.0001891254665961161,0.23571797919565796
kanpur_industrial,2025-10-24,26.475,80.225,0.00019734408512229055,0.2311123111228108
kanpur_industrial,2025-10-24,26.475,80.275,0.00021893009240084324,0.23239712460106848
kanpur_industrial,2025-10-24,26.475,80.325,0.00026516383184630604,0.2300420457010618
kanpur_industrial,2025-10-24,26.475,80.375,0.00023315925991483933,0.22874037477163026
kanpur_industrial,2025-10-24,26.475,80.425,0.00022475464179965362,0.22406559787255842
kanpur_industrial,2025-10-24,26.475,80.475,0.00021438057864810148,0.21834676823257188
kanpur_industrial,2025-10-24,26.475,80.525,0.0001636398418346942,0.21414966503212096
kanpur_industrial,2025-10-24,26.475,80.55,0.00016514542757690482,0.21411748066227615
kanpur_industrial,2025-10-24,26.525,80.175,0.00022211350599602684,0.23918037505172718
kanpur_industrial,2025-10-24,26.525,80.225,0.0002490956734567562,0.23385942017300776
kanpur_industrial,2025-10-24,26.525,80.275,0.00026545145908481795,0.23547335268817696
kanpur_industrial,2025-10-24,26.525,80.325,0.0002615020863465161,0.2323399723005795
kanpur_industrial,2025-10-24,26.525,80.375,0.00023314853139027076,0.2294243483794144
kanpur_industrial,2025-10-24,26.525,80.425,0.00023427922037028373,0.22446662357197372
kanpur_industrial,2025-10-24,26.525,80.475,0.00023496914631097044,0.21891713515142938
kanpur_industrial,2025-10-24,26.525,80.525,0.00019439387123193767,0.21473715984939654
kanpur_industrial,2025-10-24,26.525,80.55,0.00023693689755755035,0.21486044444492494
kanpur_industrial,2025-10-24,26.575,80.175,0.00030203389084822944,0.2529176298743394
kanpur_industrial,2025-10-24,26.575,80.225,0.0003604468244170717,0.2464231112794857
kanpur_industrial,2025-10-24,26.575,80.275,0.0003438937258717359,0.24373312160708233
kanpur_industrial,2025-10-24,26.575,80.325,0.00024834148283682105,0.23927284531971968
kanpur_industrial,2025-10-24,26.575,80.375,0.00023897936682026929,0.23446969065403692
kanpur_industrial,2025-10-24,26.575,80.425,0.0002628979053398501,0.22777183670875314
kanpur_industrial,2025-10-24,26.575,80.475,0.0003008057182195593,0.22074278229218713
kanpur_industrial,2025-10-24,26.575,80.525,0.00032870601358603606,0.2151178643361531
kanpur_industrial,2025-10-24,26.575,80.55,0.0002484184935117499,0.21455307604853086
kanpur_industrial,2025-10-25,26.325,80.175,0.00014993522539309004,0.14940045975153315
kanpur_industrial,2025-10-25,26.325,80.225,0.00013088072177431444,0.14616769793952236
kanpur_industrial,2025-10-25,26.325,80.275,0.00013703651669085698,0.1460340298278146
kanpur_industrial,2025-10-25,26.325,80.325,0.00028363653592903984,0.1497670822152813
kanpur_industrial,2025-10-25,26.325,80.375,0.00034080887930604514,0.15110330314714307
kanpur_industrial,2025-10-25,26.325,80.425,0.00025421552573715034,0.15133079927017223
kanpur_industrial,2025-10-25,26.325,80.475,0.00016028866276967323,0.14989179955140197
kanpur_industrial,2025-10-25,26.325,80.525,0.0002406961237227735,0.145694444582449
kanpur_industrial,2025-10-25,26.325,80.55,0.00021895863858055763,0.14745459533625216
kanpur_industrial,2025-10-25,26.375,80.175,0.00014655624405907086,0.16193651576063048
kanpur_industrial,2025-10-25,26.375,80.225,0.00014355195229433338,0.1568494955945096
kanpur_industrial,2025-10-25,26.375,80.275,0.00013943199299207854,0.1560423637414391
kanpur_industrial,2025-10-25,26.375,80.325,0.00014943615436114664,0.1537650318129686
kanpur_industrial,2025-10-25,26.375,80.375,0.00015677202039366325,0.15281606652940197
kanpur_industrial,2025-10-25,26.375,80.425,0.00020592346299190488,0.150210519014371
kanpur_industrial,2025-10-25,26.375,80.475,0.00024328205352396916,0.14809679790137634
kanpur_industrial,2025-10-25,26.375,80.525,0.00019515091675813073,0.14938237949517946
kanpur_industrial,2025-10-25,26.425,80.175,0.00019259860325790477,0.16357444960910467
kanpur_industrial,2025-10-25,26.425,80.225,0.00015932023314892612,0.1595999142258924
kanpur_industrial,2025-10-25,26.425,80.275,0.00015478593907651585,0.15692814562747007
kanpur_industrial,2025-10-25,26.425,80.325,0.0002496512338870051,0.14959892357463508
kanpur_industrial,2025-10-25,26.425,80.375,0.0002568997001287189,0.147002961390395
kanpur_industrial,2025-10-25,26.425,80.425,0.00025809430540883234,0.14387165238734875
kanpur_industrial,2025-10-25,26.425,80.475,0.0002654868569083803,0.14205321510635432
kanpur_industrial,2025-10-25,26.425,80.525,0.0002964749051150715,0.1442082058689534
kanpur_industrial,2025-10-25,26.425,80.55,0.00025897705115620365,0.1461230575259032
kanpur_industrial,2025-10-25,26.475,80.175,0.00019728361085321122,0.16538943190458422
kanpur_industrial,2025-10-25,26.475,80.225,0.00017860363327157282,0.1611457984304106
kanpur_industrial,2025-10-25,26.475,80.275,0.00021851675480349825,0.1569483006130597
kanpur_industrial,2025-10-25,26.475,80.325,0.00019570348297092506,0.1487691059767093
kanpur_industrial,2025-10-25,26.475,80.375,0.00022909671318199204,0.14563639316922272
kanpur_industrial,2025-10-25,26.475,80.425,0.00025510856048297783,0.14327157571274338
kanpur_industrial,2025-10-25,26.475,80.475,0.0002715010066525659,0.1423255355414254
kanpur_industrial,2025-10-25,26.475,80.525,0.00027179676686925325,0.14390277873785257
kanpur_industrial,2025-10-25,26.475,80.55,0.00027505880527352794,0.14383632830184395
kanpur_industrial,2025-10-25,26.525,80.175,0.0001840813906758207,0.1708933571868519
kanpur_industrial,2025-10-25,26.525,80.225,0.00020175873206787988,0.16446710466310582
kanpur_industrial,2025-10-25,26.525,80.275,0.000313099507001743,0.15897158500480343
kanpur_industrial,2025-10-25,26.525,80.325,0.00011116108390213101,0.14946035117267423
kanpur_industrial,2025-10-25,26.525,80.375,0.00015349432595305592,0.14576641639809976
kanpur_industrial,2025-10-25,26.525,80.425,0.00023652278097319835,0.14409377950223712
kanpur_industrial,2025-10-25,26.525,80.475,0.00029927528014294383,0.144046715893052
kanpur_industrial,2025-10-25,26.525,80.525,0.00025400624750293637,0.14536437391138723
kanpur_industrial,2025-10-25,26.525,80.55,0.00027614832753977117,0.14582514731020335
kanpur_industrial,2025-10-25,26.575,80.175,0.00016589489810406408,0.1827548215968108
kanpur_industrial,2025-10-25,26.575,80.225,0.00022688968194757784,0.17160875084938018
kanpur_industrial,2025-10-25,26.575,80.275,0.00042471940452059904,0.16502175176910117
kanpur_industrial,2025-10-25,26.575,80.325,7.556455774722671e-05,0.15073226483733357
kanpur_industrial,2025-10-25,26.575,80.375,7.826347314589396e-05,0.14579320493365963
kanpur_industrial,2025-10-25,26.575,80.425,0.00022456835629478057,0.14382707774234518
kanpur_industrial,2025-10-25,26.575,80.475,0.0003717488585561704,0.14425265460685918
kanpur_industrial,2025-10-25,26.575,80.525,0.0003245452864298846,0.146836023565376
kanpur_industrial,2025-10-25,26.575,80.55,0.0003075044838116287,0.1466273732545575
kanpur_industrial,2025-10-26,26.325,80.175,0.00023117691009155584,0.11354016809626266
kanpur_industrial,2025-10-26,26.325,80.225,0.00031171835272707845,0.10732919920173292
kanpur_industrial,2025-10-26,26.325,80.275,0.0002717748175324963,0.1142792480860098
kanpur_industrial,2025-10-26,26.325,80.325,0.00020105682281348355,0.14897811208281708
kanpur_industrial,2025-10-26,26.325,80.375,0.00017849455557226158,0.14135440910735766
kanpur_industrial,2025-10-26,26.325,80.425,0.0002105231569717305,0.13134323389966643
kanpur_industrial,2025-10-26,26.325,80.475,0.00022584925887665023,0.13112730752002602
kanpur_industrial,2025-10-26,26.325,80.525,0.00011795222220926432,0.15903683969709054
kanpur_industrial,2025-10-26,26.325,80.55,0.00020878970481755853,0.12362215884237124
kanpur_industrial,2025-10-26,26.375,80.175,0.00013836007414223927,0.11730243170528007
kanpur_industrial,2025-10-26,26.375,80.225,0.0001548474197420243,0.1350291617985514
kanpur_industrial,2025-10-26,26.375,80.275,0.0001057389310912555,0.1769381708240024
kanpur_industrial,2025-10-26,26.375,80.325,4.287684461604519e-05,0.258853559026999
kanpur_industrial,2025-10-26,26.375,80.375,-2.1989738378374667e-05,0.21200690970634906
kanpur_industrial,2025-10-26,26.375,80.425,0.00010069312820793183,0.16670924972975204
kanpur_industrial,2025-10-26,26.375,80.475,0.00027062013437290533,0.12497125701489588
kanpur_industrial,2025-10-26,26.375,80.525,0.0003082783762456903,0.08483465123958342
kanpur_industrial,2025-10-26,26.425,80.175,0.00020708783301969072,0.12317262168904501
kanpur_industrial,2025-10-26,26.425,80.225,0.00021719627607134201,0.15009947260977918
kanpur_industrial,2025-10-26,26.425,80.275,0.00020175731348184164,0.18745640832209398
kanpur_industrial,2025-10-26,26.425,80.325,4.790228055565506e-05,0.2573309408930611
kanpur_industrial,2025-10-26,26.425,80.375,-2.149302270076335e-05,0.21237176810771205
kanpur_industrial,2025-10-26,26.425,80.425,0.0001294477363221538,0.23724453879211838
kanpur_industrial,2025-10-26,26.425,80.475,0.00017468678940562977,0.21496117683114765
kanpur_industrial,2025-10-26,26.425,80.525,0.00019841812232372297,0.10004521468054749
kanpur_industrial,2025-10-26,26.425,80.55,0.00023907506668854552,0.09441610852523008
kanpur_industrial,2025-10-26,26.475,80.175,0.00019831450202246112,0.12600965809745288
kanpur_industrial,2025-10-26,26.475,80.225,0.0001762890830041877,0.1482070993562615
kanpur_industrial,2025-10-26,26.475,80.275,0.0001681419725629802,0.17049295789023422
kanpur_industrial,2025-10-26,26.475,80.325,0.00023163685247989553,0.25341926554313254
kanpur_industrial,2025-10-26,26.475,80.375,0.0003115153444837436,0.24904625963566918
kanpur_industrial,2025-10-26,26.475,80.425,0.00025262984074008295,0.2602890416442574
kanpur_industrial,2025-10-26,26.475,80.475,0.00014703790388591746,0.21949325141514167
kanpur_industrial,2025-10-26,26.475,80.525,0.00015187997440853943,0.1211537722421248
kanpur_industrial,2025-10-26,26.475,80.55,0.00015303061167569915,0.12005657299361473
kanpur_industrial,2025-10-26,26.525,80.175,0.00016782943870726375,0.1534788060667253
kanpur_industrial,2025-10-26,26.525,80.225,0.00012703266064299152,0.16829916969627293
kanpur_industrial,2025-10-26,26.525,80.275,0.00013450831003326827,0.17481288798769573
kanpur_industrial,2025-10-26,26.525,80.325,0.00019115195720696397,0.23744410865595142
kanpur_industrial,2025-10-26,26.525,80.375,0.00028902428476279356,0.2372381631176188
kanpur_industrial,2025-10-26,26.525,80.425,0.00029724988654181427,0.22502860927158372
kanpur_industrial,2025-10-26,26.525,80.475,0.00017807364514883597,0.15591931945249082
kanpur_industrial,2025-10-26,26.525,80.525,0.00016280183901579438,0.13378774970012872
kanpur_industrial,2025-10-26,26.525,80.55,0.00018487801190321672,0.13185670850962472
kanpur_industrial,2025-10-26,26.575,80.175,0.00015005029351923682,0.22455338003255176
kanpur_industrial,2025-10-26,26.575,80.225,0.0001268665934208001,0.23543439232046365
kanpur_industrial,2025-10-26,26.575,80.275,0.00018085027950895177,0.2323650387997142
kanpur_industrial,2025-10-26,26.575,80.325,8.580007424508702e-05,0.1956143435774321
kanpur_industrial,2025-10-26,26.575,80.375,0.0002282412874187911,0.2049315263811033
kanpur_industrial,2025-10-26,26.575,80.425,0.0002387971903486924,0.19402709026181725
kanpur_industrial,2025-10-26,26.575,80.475,0.0002022348148958794,0.16748335794217314
kanpur_industrial,2025-10-26,26.575,80.525,0.00023283530300610182,0.128062784450284
kanpur_industrial,2025-10-26,26.575,80.55,0.00020431637437307246,0.14619574113838843
kanpur_industrial,2025-10-29,26.425,80.325,7.352938713563745e-05,0.2987023299103066
kanpur_industrial,2025-10-29,26.425,80.375,7.352938698785633e-05,0.29870232930996754
kanpur_industrial,2025-10-29,26.425,80.425,0.00016526882591700944,0.294577731186143
kanpur_industrial,2025-10-29,26.425,80.475,0.00026618220879850806,0.29004067349136264
kanpur_industrial,2025-10-29,26.475,80.325,7.352938848592283e-05,0.29870233539564256
kanpur_industrial,2025-10-29,26.475,80.375,8.790828693764888e-05,0.2965992317435403
kanpur_industrial,2025-10-29,26.475,80.425,0.00017707539221012243,0.29318326674220624
kanpur_industrial,2025-10-29,26.475,80.475,0.00027750051975259174,0.2911461027733411
kanpur_industrial,2025-10-29,26.475,80.525,0.0003391764436904622,0.297183450614363
kanpur_industrial,2025-10-29,26.475,80.55,0.0003391764436904622,0.297183450614363
kanpur_industrial,2025-10-29,26.525,80.325,7.35293896614654e-05,0.29870234017111147
kanpur_industrial,2025-10-29,26.525,80.375,0.0001003715608412822,0.2947763190201889
kanpur_industrial,2025-10-29,26.525,80.425,0.00019634577193827822,0.2890341746995196
kanpur_industrial,2025-10-29,26.525,80.475,0.00028140744092375146,0.28810709682845115
kanpur_industrial,2025-10-29,26.525,80.525,0.0003391764446336318,0.29718345144076
kanpur_industrial,2025-10-29,26.525,80.55,0.00033917644541603387,0.29718345212629393
kanpur_industrial,2025-10-29,26.575,80.425,0.00025176734430158775,0.27263272060148086
kanpur_industrial,2025-10-29,26.575,80.475,0.00027057689807728774,0.27791578973597003
kanpur_industrial,2025-10-29,26.575,80.525,0.0003391764471416055,0.2971834536382248
kanpur_industrial,2025-10-29,26.575,80.55,0.0003391764471416055,0.2971834536382248
kanpur_industrial,2025-11-01,26.325,80.175,0.00017686898661596796,0.22221278330351027
kanpur_industrial,2025-11-01,26.325,80.225,7.523482621267554e-05,0.2523219446179194
kanpur_industrial,2025-11-01,26.325,80.275,0.0001055841602677208,0.28016045775947507
kanpur_industrial,2025-11-01,26.325,80.325,0.00012228701130322835,0.274407560015266
kanpur_industrial,2025-11-01,26.325,80.375,5.791547691298445e-05,0.2776322052536491
kanpur_industrial,2025-11-01,26.325,80.425,4.257284747263393e-05,0.2765697281104517
kanpur_industrial,2025-11-01,26.325,80.475,0.00023051556864948385,0.22052456753155583
kanpur_industrial,2025-11-01,26.325,80.525,0.00022992991444084816,0.2193496984967551
kanpur_industrial,2025-11-01,26.325,80.55,0.0002300947505038213,0.1950721923808002
kanpur_industrial,2025-11-01,26.375,80.175,0.00012141288155639075,0.25665017853165034
kanpur_industrial,2025-11-01,26.375,80.225,9.974256640166574e-05,0.27947128910212826
kanpur_industrial,2025-11-01,26.375,80.275,0.00017658973270541785,0.28150355881922035
kanpur_industrial,2025-11-01,26.375,80.325,0.000171039828902157,0.2916856278012259
kanpur_industrial,2025-11-01,26.375,80.375,0.0001845789077903491,0.24417547312558155
kanpur_industrial,2025-11-01,26.375,80.425,0.0002107303036900779,0.22497594116390965
kanpur_industrial,2025-11-01,26.375,80.475,0.0002330831064072502,0.21110394946680608
kanpur_industrial,2025-11-01,26.375,80.525,0.00023027528523945854,0.16848254282523056
kanpur_industrial,2025-11-01,26.425,80.175,0.00010932817053951851,0.25543681390679907
kanpur_industrial,2025-11-01,26.425,80.225,0.00014646800478492324,0.24977029311672733
kanpur_industrial,2025-11-01,26.425,80.275,0.00018187257169950764,0.265045040260253
kanpur_industrial,2025-11-01,26.425,80.325,0.0002049531531208432,0.22548747599162833
kanpur_industrial,2025-11-01,26.425,80.375,0.00013826228825631763,0.1942875680345998
kanpur_industrial,2025-11-01,26.425,80.425,0.0001823127459170642,0.17658133606297446
kanpur_industrial,2025-11-01,26.425,80.475,0.00027237804419732184,0.16041193321252342
kanpur_industrial,2025-11-01,26.425,80.525,0.0003254083324847144,0.12796802907346194
kanpur_industrial,2025-11-01,26.425,80.55,0.0002902016142128481,0.14296158928080938
kanpur_industrial,2025-11-01,26.475,80.175,0.00015226844497637457,0.24061333727274717
kanpur_industrial,2025-11-01,26.475,80.225,0.000190201604591715,0.23473811142013842
kanpur_industrial,2025-11-01,26.475,80.275,0.0002007730888288337,0.23428674193774063
kanpur_industrial,2025-11-01,26.475,80.325,0.00028809251165024907,0.17184454044986766
kanpur_industrial,2025-11-01,26.475,80.375,0.0002254159560096748,0.15402023727163425
kanpur_industrial,2025-11-01,26.475,80.425,0.00022774826513992374,0.1475745207122217
kanpur_industrial,2025-11-01,26.475,80.475,0.0002793041283558851,0.1497862737023266
kanpur_industrial,2025-11-01,26.475,80.525,0.00037456928158225106,0.157332762343424
kanpur_industrial,2025-11-01,26.475,80.55,0.00037300617273134317,0.15478152168832285
kanpur_industrial,2025-11-01,26.525,80.175,0.00020580278951268515,0.202117443156639
kanpur_industrial,2025-11-01,26.525,80.225,0.00022687887148447675,0.19227285069718125
kanpur_industrial,2025-11-01,26.525,80.275,0.0002106895154888684,0.1813606808679015
kanpur_industrial,2025-11-01,26.525,80.325,0.00036338139794283507,0.12100320129363573
kanpur_industrial,2025-11-01,26.525,80.375,0.00031452122304156737,0.1131458576133982
kanpur_industrial,2025-11-01,26.525,80.425,0.00027993882668560525,0.1261217959537634
kanpur_industrial,2025-11-01,26.525,80.475,0.0002791786690979479,0.1553330536384981
kanpur_industrial,2025-11-01,26.525,80.525,0.0003462555537457182,0.19697750173690576
kanpur_industrial,2025-11-01,26.525,80.55,0.00030508616803272585,0.2010050229761708
kanpur_industrial,2025-11-01,26.575,80.175,0.00024154953372265787,0.1327186556155637
kanpur_industrial,2025-11-01,26.575,80.225,0.0002519669151958177,0.09655637032902895
kanpur_industrial,2025-11-01,26.575,80.275,0.00019677867371383897,0.1018938018501988
kanpur_industrial,2025-11-01,26.575,80.325,0.0003869983160790557,0.06934833801281447
kanpur_industrial,2025-11-01,26.575,80.375,0.000315694191235179,0.06674016176048406
kanpur_industrial,2025-11-01,26.575,80.425,0.00029508147106881643,0.10675703523509888
kanpur_industrial,2025-11-01,26.575,80.475,0.00028247084273672675,0.1643076200450497
kanpur_industrial,2025-11-01,26.575,80.525,0.0002151838836405449,0.20994808377888535
kanpur_industrial,2025-11-01,26.575,80.55,0.0002501259278506811,0.21230545698413616
kanpur_industrial,2025-11-02,26.325,80.175,0.0002914336962818158,0.24463707982189126
kanpur_industrial,2025-11-02,26.325,80.225,0.00031149125059220405,0.2551633724458375
kanpur_industrial,2025-11-02,26.325,80.275,0.00036314641623351256,0.29155735530341786
kanpur_industrial,2025-11-02,26.325,80.325,0.00028973585726043143,0.2667213928821367
kanpur_industrial,2025-11-02,26.325,80.375,0.00027803234296581346,0.2628827932270551
kanpur_industrial,2025-11-02,26.325,80.475,0.0002875868520968132,0.2918211726150455
kanpur_industrial,2025-11-02,26.325,80.525,0.0002875868520968132,0.2918211726150455
kanpur_industrial,2025-11-02,26.325,80.55,0.0002875868520968132,0.2918211726150455
kanpur_industrial,2025-11-02,26.375,80.175,0.0002152151249079662,0.27010777627133803
kanpur_industrial,2025-11-02,26.375,80.225,0.00020004852080180336,0.2511143542555645
kanpur_industrial,2025-11-02,26.375,80.275,0.00017583751227012978,0.24680418168904786
kanpur_industrial,2025-11-02,26.375,80.325,0.000277397592464598,0.2627829260746451
kanpur_industrial,2025-11-02,26.375,80.375,0.00027803234296581346,0.2628827932270551
kanpur_industrial,2025-11-02,26.375,80.475,0.0002875868520968132,0.2918211726150455
kanpur_industrial,2025-11-02,26.375,80.525,0.0002875868520968132,0.2918211726150455
kanpur_industrial,2025-11-02,26.425,80.175,0.00027267355661169686,0.2834470894410095
kanpur_industrial,2025-11-02,26.425,80.225,0.0002750904667835488,0.28187942724765536
kanpur_industrial,2025-11-02,26.425,80.275,0.0002508708976334169,0.279586250609404
kanpur_industrial,2025-11-02,26.425,80.325,0.00027780691410054576,0.2636246059556169
kanpur_industrial,2025-11-02,26.425,80.375,0.00027803234296581346,0.2628827932270551
kanpur_industrial,2025-11-02,26.425,80.425,0.00029470588269614575,0.26985355374607606
kanpur_industrial,2025-11-02,26.425,80.475,0.0002891999146496082,0.27191851652483345
kanpur_industrial,2025-11-02,26.425,80.525,0.0002737349607570938,0.2778692687526179
kanpur_industrial,2025-11-02,26.425,80.55,0.0002788612512528955,0.2830325717568234
kanpur_industrial,2025-11-02,26.475,80.175,0.00027468531462075896,0.2943709463923754
kanpur_industrial,2025-11-02,26.475,80.225,0.00026958284797840503,0.2933108026953262
kanpur_industrial,2025-11-02,26.475,80.275,0.0002544072717599081,0.28997738602577455
kanpur_industrial,2025-11-02,26.475,80.325,0.0002427622462242238,0.2900337101995349
kanpur_industrial,2025-11-02,26.475,80.375,0.00027983201627218324,0.2880571599504903
kanpur_industrial,2025-11-02,26.475,80.425,0.00025701105844611147,0.2747267638664851
kanpur_industrial,2025-11-02,26.475,80.475,0.00023572447761718051,0.2686186820479314
kanpur_industrial,2025-11-02,26.475,80.525,0.00023368154963802855,0.27333794346504264
kanpur_industrial,2025-11-02,26.475,80.55,0.0002360129165477985,0.2733958870799795
kanpur_industrial,2025-11-02,26.525,80.175,0.000250242332186465,0.2978510879352966
kanpur_industrial,2025-11-02,26.525,80.225,0.00024766438843165797,0.2960962040812976
kanpur_industrial,2025-11-02,26.525,80.275,0.000241983566381008,0.29223157961365653
kanpur_industrial,2025-11-02,26.525,80.325,0.0002577812047947516,0.28730982647628545
kanpur_industrial,2025-11-02,26.525,80.375,0.0002946593728902012,0.2832509552382891
kanpur_industrial,2025-11-02,26.525,80.425,0.0002574589388790248,0.27315395932133085
kanpur_industrial,2025-11-02,26.525,80.475,0.00020119395078767096,0.26534369810980274
kanpur_industrial,2025-11-02,26.525,80.525,0.0002014180131291174,0.27125723351095776
kanpur_industrial,2025-11-02,26.525,80.55,0.00020102632701891692,0.2701866472407396
kanpur_industrial,2025-11-02,26.575,80.175,0.00033961217558472557,0.2899703747718578
kanpur_industrial,2025-11-02,26.575,80.225,0.0002505281850215322,0.2936915110043364
kanpur_industrial,2025-11-02,26.575,80.275,0.00024689894391550853,0.2937965523362474
kanpur_industrial,2025-11-02,26.575,80.325,0.0002979383725361964,0.280048929232386
kanpur_industrial,2025-11-02,26.575,80.375,0.00033604583483463375,0.27011782915472415
kanpur_industrial,2025-11-02,26.575,80.425,0.0003004581128080578,0.26338451886209624
kanpur_industrial,2025-11-02,26.575,80.475,0.00023653800754201853,0.26151398656427477
kanpur_industrial,2025-11-02,26.575,80.525,0.0002005250128122537,0.26764150934481185
kanpur_industrial,2025-11-02,26.575,80.55,0.0002146641297927792,0.2604662162077349
kanpur_industrial,2025-11-03,26.325,80.175,0.0002670468504753644,0.12809791888184718
kanpur_industrial,2025-11-03,26.325,80.225,0.00032145012036879195,0.12914169020947025
kanpur_industrial,2025-11-03,26.325,80.275,0.0003115352508637632,0.1297528994019002
kanpur_industrial,2025-11-03,26.325,80.325,0.0003254642435324618,0.13707174731216049
kanpur_industrial,2025-11-03,26.325,80.375,0.0003146604951339813,0.13736836348156792
kanpur_industrial,2025-11-03,26.325,80.425,0.00028347773493161694,0.1449735303159362
kanpur_industrial,2025-11-03,26.325,80.475,0.00027684829012599626,0.15350387962007384
kanpur_industrial,2025-11-03,26.325,80.525,0.00036636276534748495,0.1546001646875566
kanpur_industrial,2025-11-03,26.325,80.55,0.0004028699331925615,0.16539513654916344
kanpur_industrial,2025-11-03,26.375,80.175,0.00033794712769596243,0.12749436876627307
kanpur_industrial,2025-11-03,26.375,80.225,0.00024984669455156396,0.13014375776485812
kanpur_industrial,2025-11-03,26.375,80.275,0.0002425628299533515,0.13010607184518397
kanpur_industrial,2025-11-03,26.375,80.325,0.00031069662140213505,0.13872463408429203
kanpur_industrial,2025-11-03,26.375,80.375,0.0002957485440675137,0.13844111580873644
kanpur_industrial,2025-11-03,26.375,80.425,0.0002502267483186888,0.14659396503748368
kanpur_industrial,2025-11-03,26.375,80.475,0.00025802081526378424,0.1603169079469535
kanpur_industrial,2025-11-03,26.375,80.525,0.0004428539741657406,0.17721820096901855
kanpur_industrial,2025-11-03,26.425,80.175,0.0003054302231476105,0.12848882238173387
kanpur_industrial,2025-11-03,26.425,80.225,0.0003108407049194652,0.13227649748171277
kanpur_industrial,2025-11-03,26.425,80.275,0.0003039812044023828,0.13937682615786776
kanpur_industrial,2025-11-03,26.425,80.325,0.000294874405475632,0.14258157796970472
kanpur_industrial,2025-11-03,26.425,80.375,0.0003156930440468271,0.15197896324470325
kanpur_industrial,2025-11-03,26.425,80.425,0.00032286871234214504,0.15848101393710745
kanpur_industrial,2025-11-03,26.425,80.475,0.00032701514253981995,0.16946052061262523
kanpur_industrial,2025-11-03,26.425,80.525,0.00034336536945735527,0.19659118328771785
kanpur_industrial,2025-11-03,26.425,80.55,0.00038018398694786006,0.18942165439812048
kanpur_industrial,2025-11-03,26.475,80.175,0.0002624864798498736,0.12914093950098626
kanpur_industrial,2025-11-03,26.475,80.225,0.00030354661519514144,0.13439271131119798
kanpur_industrial,2025-11-03,26.475,80.275,0.00033937486375647057,0.14632769088548886
kanpur_industrial,2025-11-03,26.475,80.325,0.00031471148947186475,0.14649500143678668
kanpur_industrial,2025-11-03,26.475,80.375,0.0003320234923873726,0.16421702095268348
kanpur_industrial,2025-11-03,26.475,80.425,0.00034297510979357335,0.16994345483171053
kanpur_industrial,2025-11-03,26.475,80.475,0.0003322848725291436,0.17830422764017836
kanpur_industrial,2025-11-03,26.475,80.525,0.0002736816801863331,0.21199159097523
kanpur_industrial,2025-11-03,26.475,80.55,0.00027648490992458947,0.21132861821576437
kanpur_industrial,2025-11-03,26.525,80.175,0.00023731317026124527,0.1411288792518538
kanpur_industrial,2025-11-03,26.525,80.225,0.0002630366877455743,0.14950373307859186
kanpur_industrial,2025-11-03,26.525,80.275,0.0003148157713340887,0.1601587826528396
kanpur_industrial,2025-11-03,26.525,80.325,0.00034265539340468023,0.1673483551820738
kanpur_industrial,2025-11-03,26.525,80.375,0.00035189586510578575,0.1863449667237442
kanpur_industrial,2025-11-03,26.525,80.425,0.0003606703070974344,0.19561681181623966
kanpur_industrial,2025-11-03,26.525,80.475,0.0003491784649382795,0.20511837922214388
kanpur_industrial,2025-11-03,26.525,80.525,0.00028854225240724986,0.23338490723919594
kanpur_industrial,2025-11-03,26.525,80.55,0.00033257986100983705,0.24363209860677482
kanpur_industrial,2025-11-03,26.575,80.175,0.00025253278234145586,0.17278627485480913
kanpur_industrial,2025-11-03,26.575,80.225,0.0002090228601600278,0.18662024986289727
kanpur_industrial,2025-11-03,26.575,80.275,0.00020429780759296073,0.18673590729574754
kanpur_industrial,2025-11-03,26.575,80.325,0.00035839666327644416,0.21617842550219146
kanpur_industrial,2025-11-03,26.575,80.375,0.00037844070955064606,0.22638874093349234
kanpur_industrial,2025-11-03,26.575,80.425,0.0004048095305034725,0.24418560947781143
kanpur_industrial,2025-11-03,26.575,80.475,0.00042722574215479404,0.261164628031325
kanpur_industrial,2025-11-03,26.575,80.525,0.00042976653820961294,0.2664933821411229
kanpur_industrial,2025-11-03,26.575,80.55,0.0004322093542660047,0.27668460988442733
kanpur_industrial,2025-11-04,26.325,80.325,0.00010707685054575431,0.17464413072424115
kanpur_industrial,2025-11-04,26.325,80.375,0.00010818548368296392,0.17402550781767234
kanpur_industrial,2025-11-04,26.325,80.425,0.00011612645148137815,0.13201626040360145
kanpur_industrial,2025-11-04,26.325,80.475,0.00013023434865048924,0.0865603143783467
kanpur_industrial,2025-11-04,26.325,80.525,0.00015349039323899122,0.08100870767142265
kanpur_industrial,2025-11-04,26.325,80.55,0.0001681753970742415,0.08152455601499616
kanpur_industrial,2025-11-04,26.375,80.425,0.00012510194202575996,0.09228931967305944
kanpur_industrial,2025-11-04,26.375,80.475,0.00013796216608610024,0.09007197469462115
kanpur_industrial,2025-11-04,26.375,80.525,0.0001842589727033251,0.08208953277224332
kanpur_industrial,2025-11-04,26.425,80.375,0.00025708295389735445,0.21759440090514653
kanpur_industrial,2025-11-04,26.425,80.425,0.00024221185364000673,0.20347551823504995
kanpur_industrial,2025-11-04,26.425,80.475,0.00022481296664394172,0.18910325467871492
kanpur_industrial,2025-11-04,26.425,80.525,0.00020742365269946355,0.17966462965231822
kanpur_industrial,2025-11-04,26.425,80.55,0.00019885089711034145,0.143554160728196
kanpur_industrial,2025-11-04,26.475,80.375,0.00025708295389735445,0.21759440090514653
kanpur_industrial,2025-11-04,26.475,80.425,0.0002570829535245716,0.21759440058962395
kanpur_industrial,2025-11-04,26.475,80.475,0.0002477730583786721,0.21491160311422725
kanpur_industrial,2025-11-04,26.475,80.525,0.0002134428215173578,0.2050187886841487
kanpur_industrial,2025-11-04,26.475,80.55,0.0002134428215173578,0.2050187886841487
kanpur_industrial,2025-11-05,26.325,80.175,0.00038747646426532566,0.0690662605191684
kanpur_industrial,2025-11-05,26.325,80.225,0.000385617603612609,0.05545388074614579
kanpur_industrial,2025-11-05,26.325,80.275,0.000330432406860453,0.04598330347789312
kanpur_industrial,2025-11-05,26.325,80.325,0.00018250873204198783,0.01659986975764859
kanpur_industrial,2025-11-05,26.325,80.375,0.0001288790929777436,0.005365459969995879
kanpur_industrial,2025-11-05,26.325,80.425,0.0002530291783248339,0.0008298052107322269
kanpur_industrial,2025-11-05,26.325,80.475,0.00043935581930750514,0
kanpur_industrial,2025-11-05,26.325,80.525,0.0005443246813898473,0
kanpur_industrial,2025-11-05,26.325,80.55,0.0004685837966853356,0
kanpur_industrial,2025-11-05,26.375,80.175,0.00033718297488455177,0.019854249320294354
kanpur_industrial,2025-11-05,26.375,80.225,0.00024397062820854775,0.0010739062149788363
kanpur_industrial,2025-11-05,26.375,80.275,0.00019773371936713545,0.004322472515289816
kanpur_industrial,2025-11-05,26.375,80.325,0.00027297588787112906,0.038860003746114605
kanpur_industrial,2025-11-05,26.375,80.375,0.00021170660985178022,0.03476361936184673
kanpur_industrial,2025-11-05,26.375,80.425,0.00028270178091874113,0.017317673963107343
kanpur_industrial,2025-11-05,26.375,80.475,0.00038489789007356155,0
kanpur_industrial,2025-11-05,26.375,80.525,0.00038562949438991796,0
kanpur_industrial,2025-11-05,26.425,80.175,0.00034493719988655617,0.00404624574755366
kanpur_industrial,2025-11-05,26.425,80.225,0.0003306143365047764,0.00021612362576449082
kanpur_industrial,2025-11-05,26.425,80.275,0.0002680889561518427,0.0008915099562785246
kanpur_industrial,2025-11-05,26.425,80.325,0.00029961498337103317,0.008059396808988371
kanpur_industrial,2025-11-05,26.425,80.375,0.0002962504684856728,0.007176848575935643
kanpur_industrial,2025-11-05,26.425,80.425,0.0002631719945731551,0.003548852473571787
kanpur_industrial,2025-11-05,26.425,80.475,0.00024328744414361088,0
kanpur_industrial,2025-11-05,26.425,80.525,0.00029905936372800877,0
kanpur_industrial,2025-11-05,26.425,80.55,0.0003310971286186366,0
kanpur_industrial,2025-11-05,26.475,80.175,0.0003429552351643911,0
kanpur_industrial,2025-11-05,26.475,80.225,0.00035867565232530443,0
kanpur_industrial,2025-11-05,26.475,80.275,0.00030460425527895806,0
kanpur_industrial,2025-11-05,26.475,80.325,0.00023415524040168608,0
kanpur_industrial,2025-11-05,26.475,80.375,0.000353904525138473,0
kanpur_industrial,2025-11-05,26.475,80.425,0.00033565001257254934,0
kanpur_industrial,2025-11-05,26.475,80.475,0.0002715643839391954,0
kanpur_industrial,2025-11-05,26.475,80.525,0.00027953781438921986,0
kanpur_industrial,2025-11-05,26.475,80.55,0.00027934767737200755,0
kanpur_industrial,2025-11-05,26.525,80.175,0.0003390759575998593,0.007623206713519409
kanpur_industrial,2025-11-05,26.525,80.225,0.0003600255173225905,0.010547567476592527
kanpur_industrial,2025-11-05,26.525,80.275,0.0003105848131935477,0.008057815626572234
kanpur_industrial,2025-11-05,26.525,80.325,0.0002221265422911189,0
kanpur_industrial,2025-11-05,26.525,80.375,0.0003663851187040244,0
kanpur_industrial,2025-11-05,26.525,80.425,0.0003784131629125917,0
kanpur_industrial,2025-11-05,26.525,80.475,0.0003243289463087456,0.0007292655923789833
kanpur_industrial,2025-11-05,26.525,80.525,0.00028682837266129677,0.003521009029871199
kanpur_industrial,2025-11-05,26.525,80.55,0.00029072539534105235,0.006441846066014353
kanpur_industrial,2025-11-05,26.575,80.175,0.0003392738698255335,0.028130212534584212
kanpur_industrial,2025-11-05,26.575,80.225,0.0003508765646230432,0.038612188008152
kanpur_industrial,2025-11-05,26.575,80.275,0.00028338703902596704,0.029619678364801602
kanpur_industrial,2025-11-05,26.575,80.325,0.0003545187313359506,0.00019243944553307336
kanpur_industrial,2025-11-05,26.575,80.375,0.00031878901921364504,0
kanpur_industrial,2025-11-05,26.575,80.425,0.00030958086698613805,2.097478921286218e-05
kanpur_industrial,2025-11-05,26.575,80.475,0.0003108364905853944,0.0027797341564818243
kanpur_industrial,2025-11-05,26.575,80.525,0.0002981336218951048,0.013216508695556276
kanpur_industrial,2025-11-05,26.575,80.55,0.0002518571231718447,0.02619635467313141
kanpur_industrial,2025-11-06,26.325,80.175,0.00017026257736311277,0
kanpur_industrial,2025-11-06,26.325,80.225,0.00012595169114527481,0
kanpur_industrial,2025-11-06,26.325,80.275,7.678730850385578e-05,0
kanpur_industrial,2025-11-06,26.325,80.325,0.00016261565301245844,0
kanpur_industrial,2025-11-06,26.325,80.375,0.00021118432955208785,0
kanpur_industrial,2025-11-06,26.325,80.425,0.00021699460146616813,0
kanpur_industrial,2025-11-06,26.325,80.475,0.00019883261800568577,0
kanpur_industrial,2025-11-06,26.325,80.525,0.0001799443788269492,0
kanpur_industrial,2025-11-06,26.325,80.55,0.0001105261174795224,0
kanpur_industrial,2025-11-06,26.375,80.175,0.00014268738545022592,0
kanpur_industrial,2025-11-06,26.375,80.225,0.00011414698127642692,0
kanpur_industrial,2025-11-06,26.375,80.275,0.00016392434564202997,0
kanpur_industrial,2025-11-06,26.375,80.325,0.00016980008260362477,0
kanpur_industrial,2025-11-06,26.375,80.375,0.00021643654583398145,0
kanpur_industrial,2025-11-06,26.375,80.425,0.00015427608975493104,0
kanpur_industrial,2025-11-06,26.375,80.475,6.0669436660415527e-05,0
kanpur_industrial,2025-11-06,26.375,80.525,3.449659314662639e-05,0
kanpur_industrial,2025-11-06,26.425,80.175,0.0002397865918939121,0
kanpur_industrial,2025-11-06,26.425,80.225,0.0001866882745231014,0
kanpur_industrial,2025-11-06,26.425,80.275,0.00013654106314964923,0
kanpur_industrial,2025-11-06,26.425,80.325,0.00012630354228287884,0
kanpur_industrial,2025-11-06,26.425,80.375,0.000168622770725691,0
kanpur_industrial,2025-11-06,26.425,80.425,0.00013118915717510527,0
kanpur_industrial,2025-11-06,26.425,80.475,8.839031309991149e-05,0
kanpur_industrial,2025-11-06,26.425,80.525,0.00014111940293452772,0
kanpur_industrial,2025-11-06,26.425,80.55,0.00010166056781617053,0
kanpur_industrial,2025-11-06,26.475,80.175,0.0001935815030924414,0
kanpur_industrial,2025-11-06,26.475,80.225,0.00019327004766894857,0
kanpur_industrial,2025-11-06,26.475,80.275,0.00015861776743251608,0
kanpur_industrial,2025-11-06,26.475,80.325,8.149827062413811e-05,0
kanpur_industrial,2025-11-06,26.475,80.375,0.00015846586044960246,0
kanpur_industrial,2025-11-06,26.475,80.425,0.00014094662190272583,0
kanpur_industrial,2025-11-06,26.475,80.475,0.00011763059052134769,0
kanpur_industrial,2025-11-06,26.475,80.525,0.00021250539929180417,0
kanpur_industrial,2025-11-06,26.475,80.55,0.00020971185612397283,0
kanpur_industrial,2025-11-06,26.525,80.175,0.0001481642379180136,0
kanpur_industrial,2025-11-06,26.525,80.225,0.00020988637787727868,0
kanpur_industrial,2025-11-06,26.525,80.275,0.00022395855808061873,0
kanpur_industrial,2025-11-06,26.525,80.325,0.00012656938402403622,0
kanpur_industrial,2025-11-06,26.525,80.375,0.00018288260660955774,0
kanpur_industrial,2025-11-06,26.525,80.425,0.00015774930983893651,0
kanpur_industrial,2025-11-06,26.525,80.475,0.0001340718694917063,0
kanpur_industrial,2025-11-06,26.525,80.525,0.0002354103220078833,0
kanpur_industrial,2025-11-06,26.525,80.55,0.00022281048239348122,0
kanpur_industrial,2025-11-06,26.575,80.175,0.00019370448434291793,0
kanpur_industrial,2025-11-06,26.575,80.225,0.0002824191203629044,0
kanpur_industrial,2025-11-06,26.575,80.275,0.00032929784951565594,0
kanpur_industrial,2025-11-06,26.575,80.325,0.0003205565482238213,0
kanpur_industrial,2025-11-06,26.575,80.375,0.0002479378313031937,0
kanpur_industrial,2025-11-06,26.575,80.425,0.0001655215885647764,0
kanpur_industrial,2025-11-06,26.575,80.475,0.0001232297252531135,0
kanpur_industrial,2025-11-06,26.575,80.525,0.000195668337208919,0
kanpur_industrial,2025-11-06,26.575,80.55,0.0002208834823922352,0
kanpur_industrial,2025-11-07,26.325,80.175,0.00040457049250954875,0.03116599929287744
kanpur_industrial,2025-11-07,26.325,80.225,0.0003374505185250762,0.0074074218021713935
kanpur_industrial,2025-11-07,26.325,80.275,0.0002899653075811971,0
kanpur_industrial,2025-11-07,26.325,80.325,0.0002940523008378041,0
kanpur_industrial,2025-11-07,26.325,80.375,0.00026276351076369735,0
kanpur_industrial,2025-11-07,26.325,80.425,0.00021233621550042605,0
kanpur_industrial,2025-11-07,26.325,80.475,0.00016768580118702698,0
kanpur_industrial,2025-11-07,26.325,80.525,0.00016205761277507565,0
kanpur_industrial,2025-11-07,26.325,80.55,0.00021166601801680555,0
kanpur_industrial,2025-11-07,26.375,80.175,0.0003662397933839403,0.00575514118630901
kanpur_industrial,2025-11-07,26.375,80.225,0.0003485636569383998,0.00044357671701794404
kanpur_industrial,2025-11-07,26.375,80.275,0.0003162496507374991,0
kanpur_industrial,2025-11-07,26.375,80.325,0.0004367654082179032,0
kanpur_industrial,2025-11-07,26.375,80.375,0.0002759606946374952,0
kanpur_industrial,2025-11-07,26.375,80.425,0.00020971392161498077,0
kanpur_industrial,2025-11-07,26.375,80.475,0.00021565425602158633,0
kanpur_industrial,2025-11-07,26.375,80.525,0.00026599903328155736,0
kanpur_industrial,2025-11-07,26.425,80.175,0.0004692075997996759,0.0011743307214421028
kanpur_industrial,2025-11-07,26.425,80.225,0.0004549573675528614,9.222088254117897e-05
kanpur_industrial,2025-11-07,26.425,80.275,0.00032705353982235685,0
kanpur_industrial,2025-11-07,26.425,80.325,0.00034138993933265294,0
kanpur_industrial,2025-11-07,26.425,80.375,0.0003826391863728762,0
kanpur_industrial,2025-11-07,26.425,80.425,0.000341922635053393,0
kanpur_industrial,2025-11-07,26.425,80.475,0.00026944734713453387,0
kanpur_industrial,2025-11-07,26.425,80.525,0.00022780619151129987,0
kanpur_industrial,2025-11-07,26.425,80.55,0.00024194055027667075,0
kanpur_industrial,2025-11-07,26.475,80.175,0.0004113257038744294,0
kanpur_industrial,2025-11-07,26.475,80.225,0.0003390093153157412,0
kanpur_industrial,2025-11-07,26.475,80.275,0.00024987985019423565,0
kanpur_industrial,2025-11-07,26.475,80.325,0.0003255426150643176,0
kanpur_industrial,2025-11-07,26.475,80.375,0.00038096822140860133,0
kanpur_industrial,2025-11-07,26.475,80.425,0.0003752912567121887,0
kanpur_industrial,2025-11-07,26.475,80.475,0.00033264052706679053,0
kanpur_industrial,2025-11-07,26.475,80.525,0.00027771802659465696,0
kanpur_industrial,2025-11-07,26.475,80.55,0.00027389130826586857,0
kanpur_industrial,2025-11-07,26.525,80.175,0.00033737224432884867,0
kanpur_industrial,2025-11-07,26.525,80.225,0.00026563918124859244,0
kanpur_industrial,2025-11-07,26.525,80.275,0.0002304084481939638,0
kanpur_industrial,2025-11-07,26.525,80.325,0.0003455199056254285,0
kanpur_industrial,2025-11-07,26.525,80.375,0.00037210557363119345,0
kanpur_industrial,2025-11-07,26.525,80.425,0.00036934991437226133,0
kanpur_industrial,2025-11-07,26.525,80.475,0.00035401810096318166,0
kanpur_industrial,2025-11-07,26.525,80.525,0.0003475711965515437,0
kanpur_industrial,2025-11-07,26.525,80.55,0.0003622298016911587,0
kanpur_industrial,2025-11-07,26.575,80.175,0.00033982174552166645,6.032222093559713e-05
kanpur_industrial,2025-11-07,26.575,80.225,0.00040179291912678487,0
kanpur_industrial,2025-11-07,26.575,80.275,0.00036120417371499834,0
kanpur_industrial,2025-11-07,26.575,80.325,0.00037770372345854336,0
kanpur_industrial,2025-11-07,26.575,80.375,0.00041834822445211415,0
kanpur_industrial,2025-11-07,26.575,80.425,0.00035668454343808535,0
kanpur_industrial,2025-11-07,26.575,80.475,0.00029852862116948824,0
kanpur_industrial,2025-11-07,26.575,80.525,0.0003935909222437619,0
kanpur_industrial,2025-11-07,26.575,80.55,0.0003558337789782623,0
kanpur_industrial,2025-11-08,26.325,80.175,0.00031558951843830245,0.2742763063491316
kanpur_industrial,2025-11-08,26.325,80.225,0.00023419659867851447,0.2824544127583963
kanpur_industrial,2025-11-08,26.325,80.275,0.0001406410719263435,0.2788548783038058
kanpur_industrial,2025-11-08,26.325,80.325,0.00025949134013627964,0.26785166191319815
kanpur_industrial,2025-11-08,26.325,80.375,0.0003081470712044197,0.2544206337548849
kanpur_industrial,2025-11-08,26.325,80.425,0.00040336299864757717,0.22567481807089926
kanpur_industrial,2025-11-08,26.325,80.475,0.0004817921967831596,0.18887396174655052
kanpur_industrial,2025-11-08,26.325,80.525,0.00045531196017357977,0.15093407980301446
kanpur_industrial,2025-11-08,26.325,80.55,0.0004468561726736237,0.1280579465604027
kanpur_industrial,2025-11-08,26.375,80.175,0.0003670018439376554,0.2566967713057152
kanpur_industrial,2025-11-08,26.375,80.225,0.0004050979070052871,0.25697561841921995
kanpur_industrial,2025-11-08,26.375,80.275,0.0004144244194875393,0.258674783999564
kanpur_industrial,2025-11-08,26.375,80.325,0.0004487456726376941,0.22948822706088695
kanpur_industrial,2025-11-08,26.375,80.375,0.00029964558785214996,0.2346977905322332
kanpur_industrial,2025-11-08,26.375,80.425,0.0002678356656642741,0.20418344264913812
kanpur_industrial,2025-11-08,26.375,80.475,0.0003240358796100374,0.15445842732857087
kanpur_industrial,2025-11-08,26.375,80.525,0.0004375950720784337,0.10300313396135174
kanpur_industrial,2025-11-08,26.425,80.175,0.00027245851519378195,0.2326297589282949
kanpur_industrial,2025-11-08,26.425,80.225,0.000325313290459429,0.2395614407218246
kanpur_industrial,2025-11-08,26.425,80.275,0.0003460486649080143,0.24183004394161048
kanpur_industrial,2025-11-08,26.425,80.325,0.0004089367311088292,0.2010278715975324
kanpur_industrial,2025-11-08,26.425,80.375,0.00039059951552497985,0.1922989331300031
kanpur_industrial,2025-11-08,26.425,80.425,0.0003703119760428484,0.17250711805931096
kanpur_industrial,2025-11-08,26.425,80.475,0.00035779961246992835,0.1454240505772646
kanpur_industrial,2025-11-08,26.425,80.525,0.0003651609687766401,0.11362844046158524
kanpur_industrial,2025-11-08,26.425,80.55,0.0003919672904710047,0.10969624041819173
kanpur_industrial,2025-11-08,26.475,80.175,0.00025968314117087845,0.21803441172270918
kanpur_industrial,2025-11-08,26.475,80.225,0.0002936578217006666,0.22773934912800328
kanpur_industrial,2025-11-08,26.475,80.275,0.0003077897770263,0.2293058277431131
kanpur_industrial,2025-11-08,26.475,80.325,0.0003153980430049849,0.19118518456178454
kanpur_industrial,2025-11-08,26.475,80.375,0.00036228706921297285,0.17201000000183794
kanpur_industrial,2025-11-08,26.475,80.425,0.0003891932289771545,0.15334488442188104
kanpur_industrial,2025-11-08,26.475,80.475,0.00039511841862582337,0.13529674832681673
kanpur_industrial,2025-11-08,26.475,80.525,0.00037316158280705083,0.11600194064511425
kanpur_industrial,2025-11-08,26.475,80.55,0.0003714462176129913,0.11602671662493455
kanpur_industrial,2025-11-08,26.525,80.175,0.0003133382544229295,0.2038102246085215
kanpur_industrial,2025-11-08,26.525,80.225,0.00034924267197345804,0.21415255219054283
kanpur_industrial,2025-11-08,26.525,80.275,0.00034413263980470496,0.2118917139583287
kanpur_industrial,2025-11-08,26.525,80.325,0.000267500351728944,0.1831871071143522
kanpur_industrial,2025-11-08,26.525,80.375,0.00029772673517124116,0.15914422840526143
kanpur_industrial,2025-11-08,26.525,80.425,0.00033460170794265823,0.1395078479404987
kanpur_industrial,2025-11-08,26.525,80.475,0.0003664943548622626,0.12428010244240417
kanpur_industrial,2025-11-08,26.525,80.525,0.00037368901503595666,0.1123682605131705
kanpur_industrial,2025-11-08,26.525,80.55,0.00035472236132196933,0.10963422315065137
kanpur_industrial,2025-11-08,26.575,80.175,0.00042766607594437036,0.18501498354995952
kanpur_industrial,2025-11-08,26.575,80.225,0.0005195795737326547,0.19481176196192632
kanpur_industrial,2025-11-08,26.575,80.275,0.0004892020179864291,0.18441378917967258
kanpur_industrial,2025-11-08,26.575,80.325,0.0003348084200573992,0.1669493736967137
kanpur_industrial,2025-11-08,26.575,80.375,0.0002496748174910999,0.14604056006202584
kanpur_industrial,2025-11-08,26.575,80.425,0.00020973678333581657,0.12795655206459558
kanpur_industrial,2025-11-08,26.575,80.475,0.0002232660510365225,0.11355714420313218
kanpur_industrial,2025-11-08,26.575,80.525,0.00031324253753283024,0.10353897864296686
kanpur_industrial,2025-11-08,26.575,80.55,0.0003269214463334753,0.10098910858652616
kanpur_industrial,2025-11-09,26.325,80.175,0.0003194139782341201,0.1782104423175135
kanpur_industrial,2025-11-09,26.325,80.225,0.00019890108882791388,0.1894577973287348
kanpur_industrial,2025-11-09,26.325,80.275,0.0001803783115480177,0.18955570900717547
kanpur_industrial,2025-11-09,26.325,80.325,0.00015932062795847036,0.19207541744803996
kanpur_industrial,2025-11-09,26.325,80.375,0.0001589565755658342,0.19205575114752596
kanpur_industrial,2025-11-09,26.325,80.425,0.00019847559185078183,0.19060121457265541
kanpur_industrial,2025-11-09,26.325,80.475,0.0002615779253545615,0.18897017269582778
kanpur_industrial,2025-11-09,26.325,80.525,0.00033863486072170104,0.18889188904203463
kanpur_industrial,2025-11-09,26.325,80.55,0.000294822448536573,0.1847160866733269
kanpur_industrial,2025-11-09,26.375,80.175,0.00046323517239973245,0.17291569930426956
kanpur_industrial,2025-11-09,26.375,80.225,0.00043986481117476965,0.1853714583938592
kanpur_industrial,2025-11-09,26.375,80.275,0.0003948138370949365,0.18529575719675162
kanpur_industrial,2025-11-09,26.375,80.325,0.00038096833346186655,0.18316186962403896
kanpur_industrial,2025-11-09,26.375,80.375,0.00031086684387825566,0.1836107422233413
kanpur_industrial,2025-11-09,26.375,80.425,0.00018505813736087643,0.18136949094875565
kanpur_industrial,2025-11-09,26.375,80.475,0.00011286125162226231,0.1790454938950166
kanpur_industrial,2025-11-09,26.375,80.525,0.000246837425667147,0.18014258884093268
kanpur_industrial,2025-11-09,26.425,80.175,0.00034133508333195376,0.16485789116717878
kanpur_industrial,2025-11-09,26.425,80.225,0.00027870418315194506,0.18121395193495324
kanpur_industrial,2025-11-09,26.425,80.275,0.0002602248660705904,0.18101035960211267
kanpur_industrial,2025-11-09,26.425,80.325,0.00033030116124410956,0.1809107180843891
kanpur_industrial,2025-11-09,26.425,80.375,0.0002345153741789129,0.1798104754128595
kanpur_industrial,2025-11-09,26.425,80.425,0.00015983715310821677,0.1794217393134632
kanpur_industrial,2025-11-09,26.425,80.475,0.00014768797399729379,0.17964817384233983
kanpur_industrial,2025-11-09,26.425,80.525,0.0002564792028817438,0.18036326965220917
kanpur_industrial,2025-11-09,26.425,80.55,0.0002529109861172867,0.18028160037559504
kanpur_industrial,2025-11-09,26.475,80.175,0.00033177832535984076,0.1704000440081821
kanpur_industrial,2025-11-09,26.475,80.225,0.0002794953364868586,0.17942126660252106
kanpur_industrial,2025-11-09,26.475,80.275,0.0002863324501132961,0.17868503103426742
kanpur_industrial,2025-11-09,26.475,80.325,0.00020900333866212192,0.18047431139651185
kanpur_industrial,2025-11-09,26.475,80.375,0.00015148494807087887,0.17860792583086915
kanpur_industrial,2025-11-09,26.475,80.425,0.00012141714950603206,0.17899477831172786
kanpur_industrial,2025-11-09,26.475,80.475,0.0001301217462930689,0.18034936340686694
kanpur_industrial,2025-11-09,26.475,80.525,0.00019673684798708892,0.18112813934710326
kanpur_industrial,2025-11-09,26.475,80.55,0.00020071780545443605,0.181082890499398
kanpur_industrial,2025-11-09,26.525,80.175,0.00033634147794787614,0.17675924255396439
kanpur_industrial,2025-11-09,26.525,80.225,0.0003309107016374636,0.1779513965747672
kanpur_industrial,2025-11-09,26.525,80.275,0.000367140191972162,0.17678274166782815
kanpur_industrial,2025-11-09,26.525,80.325,0.00017449719603673637,0.17898386076184405
kanpur_industrial,2025-11-09,26.525,80.375,0.00016543300360568814,0.17712079642572578
kanpur_industrial,2025-11-09,26.525,80.425,0.00017280357361542905,0.17845888532313936
kanpur_industrial,2025-11-09,26.525,80.475,0.00018077504059102443,0.1813313807375009
kanpur_industrial,2025-11-09,26.525,80.525,0.00018012043400725895,0.18366839858165973
kanpur_industrial,2025-11-09,26.525,80.55,0.00021136888838912672,0.18526380486572613
kanpur_industrial,2025-11-09,26.575,80.175,0.00029420955119934385,0.1758373676263128
kanpur_industrial,2025-11-09,26.575,80.225,0.00036570572740048037,0.1756994003857889
kanpur_industrial,2025-11-09,26.575,80.275,0.0004377461799447282,0.1745592897569701
kanpur_industrial,2025-11-09,26.575,80.325,0.00033372510009719425,0.17473811839199516
kanpur_industrial,2025-11-09,26.575,80.375,0.00035327101105079103,0.17358006730601197
kanpur_industrial,2025-11-09,26.575,80.425,0.00038079533704917423,0.17690977306331454
kanpur_industrial,2025-11-09,26.575,80.475,0.0003768136785646896,0.18269958886076154
kanpur_industrial,2025-11-09,26.575,80.525,0.0002801222872733313,0.1888141687744195
kanpur_industrial,2025-11-09,26.575,80.55,0.0002737097058977526,0.190051565903147
kanpur_industrial,2025-11-10,26.325,80.175,0.00030162090535031333,0.08381614300490582
kanpur_industrial,2025-11-10,26.325,80.225,0.0003304375203836938,0.08291357239249432
kanpur_industrial,2025-11-10,26.325,80.275,0.00038368655176958515,0.08387352201385487
kanpur_industrial,2025-11-10,26.325,80.325,0.0005352654220003696,0.08031024980628601
kanpur_industrial,2025-11-10,26.325,80.375,0.000514377158809021,0.07412879415297587
kanpur_industrial,2025-11-10,26.325,80.425,0.0004452548377618656,0.06887820621042101
kanpur_industrial,2025-11-10,26.325,80.475,0.00040847822932684667,0.06416841286741105
kanpur_industrial,2025-11-10,26.325,80.525,0.0005219851512909318,0.05949710110038746
kanpur_industrial,2025-11-10,26.325,80.55,0.00045483709268386664,0.03799989905384955
kanpur_industrial,2025-11-10,26.375,80.175,0.00035570707027364126,0.0726844579462413
kanpur_industrial,2025-11-10,26.375,80.225,0.00021991884545452759,0.06864954757362084
kanpur_industrial,2025-11-10,26.375,80.275,0.00020139813539361154,0.06911151714657073
kanpur_industrial,2025-11-10,26.375,80.325,0.00047744854604309003,0.06470205889308182
kanpur_industrial,2025-11-10,26.375,80.375,0.0006156471272324339,0.0561034281020365
kanpur_industrial,2025-11-10,26.375,80.425,0.0005783583319265018,0.03995487869186095
kanpur_industrial,2025-11-10,26.375,80.475,0.0004612240065823959,0.023291178987265196
kanpur_industrial,2025-11-10,26.375,80.525,0.0003812939808761286,0.014455344431450905
kanpur_industrial,2025-11-10,26.425,80.175,0.0003582517610061923,0.07040420716396381
kanpur_industrial,2025-11-10,26.425,80.225,0.0003496454006468652,0.06728076786236441
kanpur_industrial,2025-11-10,26.425,80.275,0.000352665686590265,0.06599103478447177
kanpur_industrial,2025-11-10,26.425,80.325,0.0003167474257540985,0.048108495017603545
kanpur_industrial,2025-11-10,26.425,80.375,0.00032021033246210247,0.04060279566785397
kanpur_industrial,2025-11-10,26.425,80.425,0.00030503656256741367,0.022356394281361318
kanpur_industrial,2025-11-10,26.425,80.475,0.0002909424091549658,0.0048160776585620775
kanpur_industrial,2025-11-10,26.425,80.525,0.00030721941018739443,0.0029814147889867496
kanpur_industrial,2025-11-10,26.425,80.55,0.00033463283398558737,0.007227672215725452
kanpur_industrial,2025-11-10,26.475,80.175,0.00032444925830158616,0.06668595836057913
kanpur_industrial,2025-11-10,26.475,80.225,0.0003311525004025728,0.06226102480856451
kanpur_industrial,2025-11-10,26.475,80.275,0.0003397881177317516,0.05909093141413603
kanpur_industrial,2025-11-10,26.475,80.325,0.00027815093934811227,0.03954598873724023
kanpur_industrial,2025-11-10,26.475,80.375,0.00029125750309409016,0.03193866694857639
kanpur_industrial,2025-11-10,26.475,80.425,0.00031130594728558266,0.015227168644772698
kanpur_industrial,2025-11-10,26.475,80.475,0.0003252005489712051,0.0015036864742354766
kanpur_industrial,2025-11-10,26.475,80.525,0.0003162190529082492,0.007139656965314064
kanpur_industrial,2025-11-10,26.475,80.55,0.00031441253532717226,0.006683050996602118
kanpur_industrial,2025-11-10,26.525,80.175,0.00025833480836222816,0.06085997963700166
kanpur_industrial,2025-11-10,26.525,80.225,0.0002814654094087551,0.05466022930261247
kanpur_industrial,2025-11-10,26.525,80.275,0.0002619682322087255,0.04745688070937791
kanpur_industrial,2025-11-10,26.525,80.325,0.00033895755413827696,0.02609040242643156
kanpur_industrial,2025-11-10,26.525,80.375,0.00039302789115855787,0.020430371136791664
kanpur_industrial,2025-11-10,26.525,80.425,0.00040113405756654776,0.011506182469163332
kanpur_industrial,2025-11-10,26.525,80.475,0.00038717026476369,0.008294875204222025
kanpur_industrial,2025-11-10,26.525,80.525,0.0003876402602933089,0.024194265455026127
kanpur_industrial,2025-11-10,26.525,80.55,0.0004264521012203859,0.03317671923585565
kanpur_industrial,2025-11-10,26.575,80.175,0.00016294205120012404,0.05264379949439526
kanpur_industrial,2025-11-10,26.575,80.225,0.0002702717604541294,0.04535388129507817
kanpur_industrial,2025-11-10,26.575,80.275,0.00017572460189590967,0.030681544488155965
kanpur_industrial,2025-11-10,26.575,80.325,0.0004858778464846597,0.0001915112155287961
kanpur_industrial,2025-11-10,26.575,80.375,0.000555869021676976,9.411037928278014e-05
kanpur_industrial,2025-11-10,26.575,80.425,0.000460586384460712,0.007249990701670598
kanpur_industrial,2025-11-10,26.575,80.475,0.0003677298769937725,0.023238472109803582
kanpur_industrial,2025-11-10,26.575,80.525,0.0005109917979207491,0.0530763325169597
kanpur_industrial,2025-11-10,26.575,80.55,0.00046968998045250285,0.056547178016612167
kanpur_industrial,2025-11-11,26.325,80.175,0.00029181723394099314,0.09146760720680092
kanpur_industrial,2025-11-11,26.325,80.225,0.00032642514532538224,0.08902379340831111
kanpur_industrial,2025-11-11,26.325,80.275,0.0003821597038869674,0.08667504378604667
kanpur_industrial,2025-11-11,26.325,80.325,0.00036197663275586183,0.08607053379469351
kanpur_industrial,2025-11-11,26.325,80.375,0.0001862676521129892,0.08560469136597841
kanpur_industrial,2025-11-11,26.325,80.425,0.00021415380167443828,0.0838638776590604
kanpur_industrial,2025-11-11,26.325,80.475,0.0003019226656254045,0.07825417501946386
kanpur_industrial,2025-11-11,26.325,80.525,0.00025962349899000405,0.0638423103448005
kanpur_industrial,2025-11-11,26.325,80.55,0.0002858783678660906,0.038153577165932304
kanpur_industrial,2025-11-11,26.375,80.175,0.00036354116840396004,0.08334946687546778
kanpur_industrial,2025-11-11,26.375,80.225,0.0002877676550879598,0.0770904156407366
kanpur_industrial,2025-11-11,26.375,80.275,0.0002467966088725975,0.07592672295032467
kanpur_industrial,2025-11-11,26.375,80.325,0.0002901994132319549,0.07358765231215643
kanpur_industrial,2025-11-11,26.375,80.375,0.00024491372095225875,0.07030315990621082
kanpur_industrial,2025-11-11,26.375,80.425,0.000283563042019076,0.060066492430398764
kanpur_industrial,2025-11-11,26.375,80.475,0.00033748799382519806,0.04146414834734727
kanpur_industrial,2025-11-11,26.375,80.525,0.0003146337004446616,0.01001829797002904
kanpur_industrial,2025-11-11,26.425,80.175,0.0001923007081033872,0.06476572773582166
kanpur_industrial,2025-11-11,26.425,80.225,0.00018527040386014733,0.060216125058922945
kanpur_industrial,2025-11-11,26.425,80.275,0.0003647490467539348,0.057336478453998696
kanpur_industrial,2025-11-11,26.425,80.325,0.0002281314497431201,0.04754913013413058
kanpur_industrial,2025-11-11,26.425,80.375,0.00033801260005673125,0.03710332052518309
kanpur_industrial,2025-11-11,26.425,80.425,0.0002822861299759536,0.022409201595051158
kanpur_industrial,2025-11-11,26.425,80.475,0.00019755027702056705,0.008605035860936734
kanpur_industrial,2025-11-11,26.425,80.525,0.0002735540425899433,0.00206627395631849
kanpur_industrial,2025-11-11,26.425,80.55,0.0002887567506149178,0.00500914898501452
kanpur_industrial,2025-11-11,26.475,80.175,0.00018278111318568792,0.054649243900668366
kanpur_industrial,2025-11-11,26.475,80.225,0.0001626055623109978,0.04763051849840004
kanpur_industrial,2025-11-11,26.475,80.275,0.00035289608143612174,0.0438083827221952
kanpur_industrial,2025-11-11,26.475,80.325,0.00017487789713811617,0.018939348815200614
kanpur_industrial,2025-11-11,26.475,80.375,0.00024190831106716006,0.013841251566403145
kanpur_industrial,2025-11-11,26.475,80.425,0.00022419533239489918,0.006175172050226307
kanpur_industrial,2025-11-11,26.475,80.475,0.00019184153520295245,5.590382365987522e-06
kanpur_industrial,2025-11-11,26.475,80.525,0.00023688834008845153,0
kanpur_industrial,2025-11-11,26.475,80.55,0.00023855058466789312,0
kanpur_industrial,2025-11-11,26.525,80.175,0.00020698483700367192,0.04051961755707493
kanpur_industrial,2025-11-11,26.525,80.225,0.00017864489926756248,0.030276019597958104
kanpur_industrial,2025-11-11,26.525,80.275,0.0003201325063066,0.029744264999131315
kanpur_industrial,2025-11-11,26.525,80.325,0.00019857177383703333,0.0038758249752953223
kanpur_industrial,2025-11-11,26.525,80.375,0.0001635083404209478,0.0023397008730066606
kanpur_industrial,2025-11-11,26.525,80.425,0.00016363808524009143,0.0009787209854375133
kanpur_industrial,2025-11-11,26.525,80.475,0.00018614666156940033,0
kanpur_industrial,2025-11-11,26.525,80.525,0.00021977583715181894,0
kanpur_industrial,2025-11-11,26.525,80.55,0.00022438352133236547,0
kanpur_industrial,2025-11-11,26.575,80.175,0.0001916963845552658,0.015095793936726198
kanpur_industrial,2025-11-11,26.575,80.225,0.0002113031090524253,0.003050754974625204
kanpur_industrial,2025-11-11,26.575,80.275,0.00033015192191840966,0.012456484988563691
kanpur_industrial,2025-11-11,26.575,80.325,0.00034211511180250013,0.013910329580724756
kanpur_industrial,2025-11-11,26.575,80.375,0.00023866206658300723,0.006173941675356206
kanpur_industrial,2025-11-11,26.575,80.425,0.00013416362932127014,0.0017703975577040307
kanpur_industrial,2025-11-11,26.575,80.475,9.633217746227591e-05,0
kanpur_industrial,2025-11-11,26.575,80.525,0.0002344040123006122,0
kanpur_industrial,2025-11-11,26.575,80.55,0.00022887920157385578,0
kanpur_industrial,2025-11-12,26.325,80.175,0.0003499532502163548,0.053696742005958094
kanpur_industrial,2025-11-12,26.325,80.225,0.00037757452779219356,0.05101727588556578
kanpur_industrial,2025-11-12,26.325,80.275,0.0004218460555785432,0.04980762742043566
kanpur_industrial,2025-11-12,26.325,80.325,0.0004640637788445893,0.027919026673532108
kanpur_industrial,2025-11-12,26.325,80.375,0.00034577837496111016,0.012768014683584902
kanpur_industrial,2025-11-12,26.325,80.425,0.00024950891170369925,0.0038931202838380368
kanpur_industrial,2025-11-12,26.325,80.475,0.00022348644533386268,0
kanpur_industrial,2025-11-12,26.325,80.525,0.0003486767084109458,0
kanpur_industrial,2025-11-12,26.325,80.55,0.00028547370383649945,0
kanpur_industrial,2025-11-12,26.375,80.175,0.000363104692115344,0.05713247245910607
kanpur_industrial,2025-11-12,26.375,80.225,0.0004430689399878921,0.05301070465777667
kanpur_industrial,2025-11-12,26.375,80.275,0.00039120363436975986,0.04965505760091487
kanpur_industrial,2025-11-12,26.375,80.325,0.0002536565251662802,0.0041370252134356215
kanpur_industrial,2025-11-12,26.375,80.375,0.0003690029045966569,0.001028938589898116
kanpur_industrial,2025-11-12,26.375,80.425,0.00032762478229790326,0
kanpur_industrial,2025-11-12,26.375,80.475,0.0002319330546214553,0
kanpur_industrial,2025-11-12,26.375,80.525,0.00021625136549305828,0
kanpur_industrial,2025-11-12,26.425,80.175,0.00038197622668811713,0.059923325569692806
kanpur_industrial,2025-11-12,26.425,80.225,0.00039793103194222775,0.054571052240847566
kanpur_industrial,2025-11-12,26.425,80.275,0.00031310637606823727,0.05133883580750753
kanpur_industrial,2025-11-12,26.425,80.325,0.00034099031829463387,0.005423691057425511
kanpur_industrial,2025-11-12,26.425,80.375,0.0003176691399179699,0.0013785076290293039
kanpur_industrial,2025-11-12,26.425,80.425,0.00031602898550519605,0
kanpur_industrial,2025-11-12,26.425,80.475,0.0002878057106562315,0
kanpur_industrial,2025-11-12,26.425,80.525,0.00015911790501407024,0
kanpur_industrial,2025-11-12,26.425,80.55,0.00018026178408897132,0
kanpur_industrial,2025-11-12,26.475,80.175,0.00039014667858764676,0.06230056774941605
kanpur_industrial,2025-11-12,26.475,80.225,0.0004195742074257028,0.05654812587949237
kanpur_industrial,2025-11-12,26.475,80.275,0.0003697061300941618,0.051263013493815686
kanpur_industrial,2025-11-12,26.475,80.325,0.0003752339700529105,0.0028776335681451218
kanpur_industrial,2025-11-12,26.475,80.375,0.0002834007391878906,0.0007690888388968775
kanpur_industrial,2025-11-12,26.475,80.425,0.0002578704950867657,0
kanpur_industrial,2025-11-12,26.475,80.475,0.00025005948553347097,0
kanpur_industrial,2025-11-12,26.475,80.525,0.000192073029133171,0
kanpur_industrial,2025-11-12,26.475,80.55,0.00018901599953473404,0
kanpur_industrial,2025-11-12,26.525,80.175,0.0003881717075584025,0.06266534862714929
kanpur_industrial,2025-11-12,26.525,80.225,0.00044778344643175234,0.05661661835480175
kanpur_industrial,2025-11-12,26.525,80.275,0.0004459011356875046,0.04825409719102968
kanpur_industrial,2025-11-12,26.525,80.325,0.00037497135403132106,0.0027693731998787263
kanpur_industrial,2025-11-12,26.525,80.375,0.0002826783970697537,0.0007001319968728858
kanpur_industrial,2025-11-12,26.525,80.425,0.0002494430229801936,0
kanpur_industrial,2025-11-12,26.525,80.475,0.0002451407499173529,0
kanpur_industrial,2025-11-12,26.525,80.525,0.00023442972045744774,0
kanpur_industrial,2025-11-12,26.525,80.55,0.00023498545292698265,0
kanpur_industrial,2025-11-12,26.575,80.175,0.0003729764866089078,0.059671017872951385
kanpur_industrial,2025-11-12,26.575,80.225,0.00044544082820539003,0.05320696643447783
kanpur_industrial,2025-11-12,26.575,80.275,0.00046945287051679556,0.041199000800931244
kanpur_industrial,2025-11-12,26.575,80.325,0.0003522700713630924,0.00852889185313658
kanpur_industrial,2025-11-12,26.575,80.375,0.0003284007844772489,0.002212282016788661
kanpur_industrial,2025-11-12,26.575,80.425,0.0003545870988262689,0
kanpur_industrial,2025-11-12,26.575,80.475,0.00035861891718316536,0
kanpur_industrial,2025-11-12,26.575,80.525,0.00023823707928454028,0
kanpur_industrial,2025-11-12,26.575,80.55,0.00031724990207572713,0
kanpur_industrial,2025-11-13,26.325,80.175,0.000343395631836464,0.13993513011029307
kanpur_industrial,2025-11-13,26.325,80.225,0.0003473076668977683,0.13688020858623462
kanpur_industrial,2025-11-13,26.325,80.275,0.0002867942083111265,0.13528887466434197
kanpur_industrial,2025-11-13,26.325,80.325,0.00023517358660303032,0.1299056872255838
kanpur_industrial,2025-11-13,26.325,80.375,0.00013522680580404248,0.12672190669284897
kanpur_industrial,2025-11-13,26.325,80.425,0.00010927231703375177,0.12250326021587543
kanpur_industrial,2025-11-13,26.325,80.475,0.00015149498975215207,0.11773194583016391
kanpur_industrial,2025-11-13,26.325,80.525,0.0002610185973819157,0.11271223939999646
kanpur_industrial,2025-11-13,26.325,80.55,0.00020000128647215448,0.1063336630792471
kanpur_industrial,2025-11-13,26.375,80.175,0.00015779655194640644,0.1361030281451148
kanpur_industrial,2025-11-13,26.375,80.225,0.0002481835715844493,0.13288451993524378
kanpur_industrial,2025-11-13,26.375,80.275,0.00032102436043632493,0.13182634774411778
kanpur_industrial,2025-11-13,26.375,80.325,0.0003400026880547751,0.12123931266165903
kanpur_industrial,2025-11-13,26.375,80.375,0.00016800124329699248,0.1172549535226648
kanpur_industrial,2025-11-13,26.375,80.425,0.0001986408362335898,0.11220003489434002
kanpur_industrial,2025-11-13,26.375,80.475,0.00026411633434190914,0.1063093704355205
kanpur_industrial,2025-11-13,26.375,80.525,0.00013317280309479694,0.09934760329937875
kanpur_industrial,2025-11-13,26.425,80.175,0.00026294368093547225,0.13396119137156645
kanpur_industrial,2025-11-13,26.425,80.225,0.00026614179461855977,0.12805961153402648
kanpur_industrial,2025-11-13,26.425,80.275,0.00031370077381539515,0.1216297878567978
kanpur_industrial,2025-11-13,26.425,80.325,0.00023636506228760597,0.1088429945556883
kanpur_industrial,2025-11-13,26.425,80.375,0.00024194170757190097,0.10768307743504171
kanpur_industrial,2025-11-13,26.425,80.425,0.00025023186317216635,0.10277105665532077
kanpur_industrial,2025-11-13,26.425,80.475,0.00025437657309299564,0.09718007105742431
kanpur_industrial,2025-11-13,26.425,80.525,0.000245015520541449,0.09490102058925477
kanpur_industrial,2025-11-13,26.425,80.55,0.00020362490857300293,0.09654660631662348
kanpur_industrial,2025-11-13,26.475,80.175,0.0003139010193347896,0.13097922632233963
kanpur_industrial,2025-11-13,26.475,80.225,0.0002968269829040911,0.12413239357075902
kanpur_industrial,2025-11-13,26.475,80.275,0.00029881789847841325,0.1169546866794454
kanpur_industrial,2025-11-13,26.475,80.325,0.00022169971805615393,0.10523906065082099
kanpur_industrial,2025-11-13,26.475,80.375,0.00022094033637330403,0.10381388383221352
kanpur_industrial,2025-11-13,26.475,80.425,0.00020586093015135225,0.09954975167783714
kanpur_industrial,2025-11-13,26.475,80.475,0.00020509156836751244,0.095187438270932
kanpur_industrial,2025-11-13,26.475,80.525,0.0002612854906550483,0.09418243027367466
kanpur_industrial,2025-11-13,26.475,80.55,0.00026210355319782606,0.09415449405078007
kanpur_industrial,2025-11-13,26.525,80.175,0.0003295704117096002,0.12797965726772975
kanpur_industrial,2025-11-13,26.525,80.225,0.0003584459933461427,0.12148211374829686
kanpur_industrial,2025-11-13,26.525,80.275,0.0003279374797386808,0.1161885628322907
kanpur_industrial,2025-11-13,26.525,80.325,0.00022095503898423576,0.10512009220676197
kanpur_industrial,2025-11-13,26.525,80.375,0.00020326527207697157,0.10147168181531178
kanpur_industrial,2025-11-13,26.525,80.425,0.0001807522939581316,0.09710151463734121
kanpur_industrial,2025-11-13,26.525,80.475,0.00017854253196287182,0.09388232005414007
kanpur_industrial,2025-11-13,26.525,80.525,0.00023740436116531866,0.09434997500419323
kanpur_industrial,2025-11-13,26.525,80.55,0.00022684778870990857,0.09417294688220001
kanpur_industrial,2025-11-13,26.575,80.175,0.00031068939112977674,0.12577120768631195
kanpur_industrial,2025-11-13,26.575,80.225,0.0004581897838380904,0.12069987624570533
kanpur_industrial,2025-11-13,26.575,80.275,0.00043414563620280575,0.11887265500035547
kanpur_industrial,2025-11-13,26.575,80.325,0.00019266536464659223,0.10565322306213705
kanpur_industrial,2025-11-13,26.575,80.375,0.00024941320800273594,0.09851919015575512
kanpur_industrial,2025-11-13,26.575,80.425,0.00024761612160108525,0.09240035707152423
kanpur_industrial,2025-11-13,26.575,80.475,0.00021832546902631253,0.08958165018628593
kanpur_industrial,2025-11-13,26.575,80.525,0.0002042038180336407,0.09384143194570904
kanpur_industrial,2025-11-13,26.575,80.55,0.0002290988034060415,0.096139192956744
kanpur_industrial,2025-11-14,26.325,80.175,0.00024200460596177537,0.1726985457223397
kanpur_industrial,2025-11-14,26.325,80.225,0.00023943571840485131,0.17353474597032265
kanpur_industrial,2025-11-14,26.325,80.275,0.00036012958460569355,0.17527687972687725
kanpur_industrial,2025-11-14,26.325,80.325,0.0002508215487067702,0.17668881464191433
kanpur_industrial,2025-11-14,26.325,80.375,0.00027550635378891593,0.17779195319729335
kanpur_industrial,2025-11-14,26.325,80.425,0.00031453554498543613,0.1741870446479108
kanpur_industrial,2025-11-14,26.325,80.475,0.00037570913242486047,0.1693979198761203
kanpur_industrial,2025-11-14,26.325,80.525,0.0004788613504524634,0.16795276296461287
kanpur_industrial,2025-11-14,26.325,80.55,0.00037326139483984946,0.16318370401302862
kanpur_industrial,2025-11-14,26.375,80.175,0.0004168047297977871,0.160602327988522
kanpur_industrial,2025-11-14,26.375,80.225,0.00036096795589856615,0.16096156559333236
kanpur_industrial,2025-11-14,26.375,80.275,0.00023717740592904313,0.1604701352094392
kanpur_industrial,2025-11-14,26.375,80.325,2.0407904169717426e-05,0.1610785051488026
kanpur_industrial,2025-11-14,26.375,80.375,3.334408372789291e-05,0.15971200219891066
kanpur_industrial,2025-11-14,26.375,80.425,8.367443511493827e-05,0.15786543519190238
kanpur_industrial,2025-11-14,26.375,80.475,0.0001600089336016112,0.15673589592828974
kanpur_industrial,2025-11-14,26.375,80.525,0.0002576043005974627,0.15796044897081735
kanpur_industrial,2025-11-14,26.425,80.175,0.00023762987138762956,0.16129503493226843
kanpur_industrial,2025-11-14,26.425,80.225,0.0002454157828391731,0.16040902903986487
kanpur_industrial,2025-11-14,26.425,80.275,0.0002487658964361558,0.15901107078103532
kanpur_industrial,2025-11-14,26.425,80.325,0.00011723388569583627,0.15582174182386294
kanpur_industrial,2025-11-14,26.425,80.375,7.058410192617268e-05,0.15328471324962356
kanpur_industrial,2025-11-14,26.425,80.425,0.00011388142850707673,0.15064654180439613
kanpur_industrial,2025-11-14,26.425,80.475,0.00020065282652443595,0.1490797219257571
kanpur_industrial,2025-11-14,26.425,80.525,0.00027567447243911187,0.15028266455797362
kanpur_industrial,2025-11-14,26.425,80.55,0.0002689870860095252,0.15312404934067958
kanpur_industrial,2025-11-14,26.475,80.175,0.00014911675275625896,0.1607329339069496
kanpur_industrial,2025-11-14,26.475,80.225,0.0001455804375387273,0.15967730798126947
kanpur_industrial,2025-11-14,26.475,80.275,0.00013197725343980156,0.1586195863384365
kanpur_industrial,2025-11-14,26.475,80.325,0.00018660720100231496,0.15427178011661521
kanpur_industrial,2025-11-14,26.475,80.375,0.00014188927966203005,0.14972701626369186
kanpur_industrial,2025-11-14,26.475,80.425,0.00015882465139667836,0.14686085465708393
kanpur_industrial,2025-11-14,26.475,80.475,0.0002166608879154906,0.14605738738739787
kanpur_industrial,2025-11-14,26.475,80.525,0.000300613302751317,0.14808088696476596
kanpur_industrial,2025-11-14,26.475,80.55,0.0002993186647011599,0.14809411016362367
kanpur_industrial,2025-11-14,26.525,80.175,7.878716611223358e-05,0.15889699882338257
kanpur_industrial,2025-11-14,26.525,80.225,6.47148797005264e-05,0.1573765751083328
kanpur_industrial,2025-11-14,26.525,80.275,2.959207662066438e-05,0.15661860229699823
kanpur_industrial,2025-11-14,26.525,80.325,0.0002130449851854641,0.15276787256859461
kanpur_industrial,2025-11-14,26.525,80.375,0.000219267065512769,0.14796860389656127
kanpur_industrial,2025-11-14,26.525,80.425,0.00022402946508242994,0.14572097145982793
kanpur_industrial,2025-11-14,26.525,80.475,0.00024161542139435895,0.1458446354582801
kanpur_industrial,2025-11-14,26.525,80.525,0.0002975512890699667,0.14846785918674218
kanpur_industrial,2025-11-14,26.525,80.55,0.00028036628531444546,0.14893845084143165
kanpur_industrial,2025-11-14,26.575,80.175,-7.68573776209663e-06,0.15573023236223982
kanpur_industrial,2025-11-14,26.575,80.225,1.4184651257281107e-05,0.15262098686409928
kanpur_industrial,2025-11-14,26.575,80.275,3.908793134419516e-05,0.1512828909162542
kanpur_industrial,2025-11-14,26.575,80.325,0.0001813976613604112,0.1491678900402889
kanpur_industrial,2025-11-14,26.575,80.375,0.0002784119758741297,0.1476108137429979
kanpur_industrial,2025-11-14,26.575,80.425,0.00031059218683553635,0.1470674813569855
kanpur_industrial,2025-11-14,26.575,80.475,0.000292980751969057,0.14770417472274838
kanpur_industrial,2025-11-14,26.575,80.525,0.00024227426133209825,0.14998363762097908
kanpur_industrial,2025-11-14,26.575,80.55,0.0002348310600057429,0.1502685932590119
kanpur_industrial,2025-11-15,26.325,80.175,0.0002610981283408109,0.13764530326527738
kanpur_industrial,2025-11-15,26.325,80.225,0.0002836896152528891,0.13364751120155433
kanpur_industrial,2025-11-15,26.325,80.275,0.0002820542380585702,0.1329997927272271
kanpur_industrial,2025-11-15,26.325,80.325,0.0002610465021726477,0.12309965421468816
kanpur_industrial,2025-11-15,26.325,80.375,0.00023156727704168697,0.12045698026477816
kanpur_industrial,2025-11-15,26.325,80.425,0.00017954968936309494,0.12131411862389511
kanpur_industrial,2025-11-15,26.325,80.475,0.00018308556872955373,0.12397143888656774
kanpur_industrial,2025-11-15,26.325,80.525,0.0003598711338626242,0.1267026843197682
kanpur_industrial,2025-11-15,26.325,80.55,0.0003050440054915371,0.11468894644021804
kanpur_industrial,2025-11-15,26.375,80.175,0.00030240694723736734,0.1326314075501755
kanpur_industrial,2025-11-15,26.375,80.225,0.00040114688410397385,0.13091364120874693
kanpur_industrial,2025-11-15,26.375,80.275,0.00039659702625563005,0.12981888540065067
kanpur_industrial,2025-11-15,26.375,80.325,0.0003810386103721855,0.12216477264013693
kanpur_industrial,2025-11-15,26.375,80.375,0.0004742473725993659,0.11336277079464338
kanpur_industrial,2025-11-15,26.375,80.425,0.0004903731937472748,0.1053520468719772
kanpur_industrial,2025-11-15,26.375,80.475,0.0004217688492017239,0.10040574238141685
kanpur_industrial,2025-11-15,26.375,80.525,0.000244995245847013,0.10153104304832979
kanpur_industrial,2025-11-15,26.425,80.175,0.0001929369283853936,0.13682119897576844
kanpur_industrial,2025-11-15,26.425,80.225,0.00020267141796331868,0.13537712751014885
kanpur_industrial,2025-11-15,26.425,80.275,0.0002662686328935034,0.13260479397040947
kanpur_industrial,2025-11-15,26.425,80.325,0.00032997984142687007,0.12056057375925461
kanpur_industrial,2025-11-15,26.425,80.375,0.00037525737624405104,0.11426071941017142
kanpur_industrial,2025-11-15,26.425,80.425,0.0003610129907937802,0.10425899621976717
kanpur_industrial,2025-11-15,26.425,80.475,0.0003230659377221172,0.0960877811610766
kanpur_industrial,2025-11-15,26.425,80.525,0.0003079285211884357,0.09708105981203997
kanpur_industrial,2025-11-15,26.425,80.55,0.00028463825393609815,0.09872790400184801
kanpur_industrial,2025-11-15,26.475,80.175,0.00020394324155833423,0.1401160538642813
kanpur_industrial,2025-11-15,26.475,80.225,0.00020098734736193578,0.13944086520463383
kanpur_industrial,2025-11-15,26.475,80.275,0.00032492629763887916,0.13736143091502614
kanpur_industrial,2025-11-15,26.475,80.325,0.0003396139528334292,0.12556126358853353
kanpur_industrial,2025-11-15,26.475,80.375,0.00034620860288510526,0.12181318319497224
kanpur_industrial,2025-11-15,26.475,80.425,0.00030026494128853416,0.11181566155645152
kanpur_industrial,2025-11-15,26.475,80.475,0.0002676062193364776,0.10156233562203894
kanpur_industrial,2025-11-15,26.475,80.525,0.00034222335889126415,0.09892500283756273
kanpur_industrial,2025-11-15,26.475,80.55,0.00034107589920796827,0.09873312715905014
kanpur_industrial,2025-11-15,26.525,80.175,0.000246877241015264,0.14344885139827115
kanpur_industrial,2025-11-15,26.525,80.225,0.00025616361764689333,0.1439192349674797
kanpur_industrial,2025-11-15,26.525,80.275,0.00038183573900993925,0.14267151503238065
kanpur_industrial,2025-11-15,26.525,80.325,0.00030375948220268215,0.13193080270023766
kanpur_industrial,2025-11-15,26.525,80.375,0.0002979555809778191,0.13011836036435565
kanpur_industrial,2025-11-15,26.525,80.425,0.0002702300334107747,0.1209370098251197
kanpur_industrial,2025-11-15,26.525,80.475,0.0002675742360148111,0.10945429388818023
kanpur_industrial,2025-11-15,26.525,80.525,0.000358504344993039,0.10227542394377125
kanpur_industrial,2025-11-15,26.525,80.55,0.000359030118038117,0.10288425603940439
kanpur_industrial,2025-11-15,26.575,80.175,0.00026768964168573714,0.14696571185806268
kanpur_industrial,2025-11-15,26.575,80.225,0.00028563623346728834,0.14899798753294907
kanpur_industrial,2025-11-15,26.575,80.275,0.0003177078511428327,0.14741592527212125
kanpur_industrial,2025-11-15,26.575,80.325,0.0001604056040967511,0.13615101008767758
kanpur_industrial,2025-11-15,26.575,80.375,0.0001754164282078569,0.13502038083494874
kanpur_industrial,2025-11-15,26.575,80.425,0.00025103958349703795,0.12675309132628107
kanpur_industrial,2025-11-15,26.575,80.475,0.00033484096319385653,0.11509560434787308
kanpur_industrial,2025-11-15,26.575,80.525,0.0003593608631063704,0.10432504426876205
kanpur_industrial,2025-11-15,26.575,80.55,0.0003270362365210644,0.10814788482356663
