{"type": "FeatureCollection", "features": [{"type": "Feature", "geometry": {"type": "Point", "coordinates": [76.8786, 28.475]}, "properties": {"hotspot_id": "HS_delhi_ncr_2025-10-15_001", "region_id": "delhi_ncr", "date": "2025-10-15", "avg_estimated_aqi": 231.3, "max_estimated_aqi": 263.2, "severity": "Poor", "affected_cell_count": 14, "mode": "historical"}}, {"type": "Feature", "geometry": {"type": "Point", "coordinates": [77.1073, 28.4976]}, "properties": {"hotspot_id": "HS_delhi_ncr_2025-10-15_002", "region_id": "delhi_ncr", "date": "2025-10-15", "avg_estimated_aqi": 255.3, "max_estimated_aqi": 335.3, "severity": "Very Poor", "affected_cell_count": 31, "mode": "historical"}}, {"type": "Feature", "geometry": {"type": "Point", "coordinates": [77.4086, 28.4908]}, "properties": {"hotspot_id": "HS_delhi_ncr_2025-10-15_003", "region_id": "delhi_ncr", "date": "2025-10-15", "avg_estimated_aqi": 266.3, "max_estimated_aqi": 338.2, "severity": "Very Poor", "affected_cell_count": 38, "mode": "historical"}}, {"type": "Feature", "geometry": {"type": "Point", "coordinates": [76.925, 28.85]}, "properties": {"hotspot_id": "HS_delhi_ncr_2025-10-15_004", "region_id": "delhi_ncr", "date": "2025-10-15", "avg_estimated_aqi": 211.6, "max_estimated_aqi": 214.5, "severity": "Poor", "affected_cell_count": 2, "mode": "historical"}}, {"type": "Feature", "geometry": {"type": "Point", "coordinates": [77.12, 28.785]}, "properties": {"hotspot_id": "HS_delhi_ncr_2025-10-15_005", "region_id": "delhi_ncr", "date": "2025-10-15", "avg_estimated_aqi": 231.9, "max_estimated_aqi": 320.1, "severity": "Very Poor", "affected_cell_count": 20, "mode": "historical"}}, {"type": "Feature", "geometry": {"type": "Point", "coordinates": [77.4036, 28.7875]}, "properties": {"hotspot_id": "HS_delhi_ncr_2025-10-15_006", "region_id": "delhi_ncr", "date": "2025-10-15", "avg_estimated_aqi": 237.5, "max_estimated_aqi": 315.3, "severity": "Very Poor", "affected_cell_count": 28, "mode": "historical"}}, {"type": "Feature", "geometry": {"type": "Point", "coordinates": [76.8788, 28.4673]}, "properties": {"hotspot_id": "HS_delhi_ncr_2025-10-16_007", "region_id": "delhi_ncr", "date": "2025-10-16", "avg_estimated_aqi": 231.2, "max_estimated_aqi": 275.1, "severity": "Poor", "affected_cell_count": 13, "mode": "historical"}}, {"type": "Feature", "geometry": {"type": "Point", "coordinates": [77.1023, 28.4947]}, "properties": {"hotspot_id": "HS_delhi_ncr_2025-10-16_008", "region_id": "delhi_ncr", "date": "2025-10-16", "avg_estimated_aqi": 248.1, "max_estimated_aqi": 297.9, "severity": "Poor", "affected_cell_count": 33, "mode": "historical"}}, {"type": "Feature", "geometry": {"type": "Point", "coordinates": [77.4206, 28.5012]}, "properties": {"hotspot_id": "HS_delhi_ncr_2025-10-16_009", "region_id": "delhi_ncr", "date": "2025-10-16", "avg_estimated_aqi": 290.7, "max_estimated_aqi": 440.4, "severity": "Severe", "affected_cell_count": 40, "mode": "historical"}}, {"type": "Feature", "geometry": {"type": "Point", "coordinates": [76.8812, 28.7188]}, "properties": {"hotspot_id": "HS_delhi_ncr_2025-10-16_010", "region_id": "delhi_ncr", "date": "2025-10-16", "avg_estimated_aqi": 224.8, "max_estimated_aqi": 268.4, "severity": "Poor", "affected_cell_count": 8, "mode": "historical"}}, {"type": "Feature", "geometry": {"type": "Point", "coordinates": [77.099, 28.769]}, "properties": {"hotspot_id": "HS_delhi_ncr_2025-10-16_011", "region_id": "delhi_ncr", "date": "2025-10-16", "avg_estimated_aqi": 231.3, "max_estimated_aqi": 292.7, "severity": "Poor", "affected_cell_count": 25, "mode": "historical"}}, {"type": "Feature", "geometry": {"type": "Point", "coordinates": [77.4308, 28.7558]}, "properties": {"hotspot_id": "HS_delhi_ncr_2025-10-16_012", "region_id": "delhi_ncr", "date": "2025-10-16", "avg_estimated_aqi": 232.6, "max_estimated_aqi": 309.0, "severity": "Very Poor", "affected_cell_count": 26, "mode": "historical"}}, {"type": "Feature", "geometry": {"type": "Point", "coordinates": [76.875, 28.4635]}, "properties": {"hotspot_id": "HS_delhi_ncr_2025-10-17_013", "region_id": "delhi_ncr", "date": "2025-10-17", "avg_estimated_aqi": 240.0, "max_estimated_aqi": 297.6, "severity": "Poor", "affected_cell_count": 13, "mode": "historical"}}, {"type": "Feature", "geometry": {"type": "Point", "coordinates": [77.1, 28.5]}, "properties": {"hotspot_id": "HS_delhi_ncr_2025-10-17_014", "region_id": "delhi_ncr", "date": "2025-10-17", "avg_estimated_aqi": 280.7, "max_estimated_aqi": 395.4, "severity": "Very Poor", "affected_cell_count": 36, "mode": "historical"}}, {"type": "Feature", "geometry": {"type": "Point", "coordinates": [77.4183, 28.4982]}, "properties": {"hotspot_id": "HS_delhi_ncr_2025-10-17_015", "region_id": "delhi_ncr", "date": "2025-10-17", "avg_estimated_aqi": 328.1, "max_estimated_aqi": 407.4, "severity": "Severe", "affected_cell_count": 41, "mode": "historical"}}, {"type": "Feature", "geometry": {"type": "Point", "coordinates": [76.8806, 28.7917]}, "properties": {"hotspot_id": "HS_delhi_ncr_2025-10-17_016", "region_id": "delhi_ncr", "date": "2025-10-17", "avg_estimated_aqi": 237.0, "max_estimated_aqi": 284.7, "severity": "Poor", "affected_cell_count": 9, "mode": "historical"}}, {"type": "Feature", "geometry": {"type": "Point", "coordinates": [77.1, 28.775]}, "properties": {"hotspot_id": "HS_delhi_ncr_2025-10-17_017", "region_id": "delhi_ncr", "date": "2025-10-17", "avg_estimated_aqi": 286.8, "max_estimated_aqi": 387.1, "severity": "Very Poor", "affected_cell_count": 30, "mode": "historical"}}, {"type": "Feature", "geometry": {"type": "Point", "coordinates": [77.4176, 28.7735]}, "properties": {"hotspot_id": "HS_delhi_ncr_2025-10-17_018", "region_id": "delhi_ncr", "date": "2025-10-17", "avg_estimated_aqi": 279.1, "max_estimated_aqi": 348.5, "severity": "Very Poor", "affected_cell_count": 34, "mode": "historical"}}, {"type": "Feature", "geometry": {"type": "Point", "coordinates": [76.875, 28.5]}, "properties": {"hotspot_id": "HS_delhi_ncr_2025-10-18_019", "region_id": "delhi_ncr", "date": "2025-10-18", "avg_estimated_aqi": 265.2, "max_estimated_aqi": 290.4, "severity": "Poor", "affected_cell_count": 18, "mode": "historical"}}, {"type": "Feature", "geometry": {"type": "Point", "coordinates": [77.1, 28.5]}, "properties": {"hotspot_id": "HS_delhi_ncr_2025-10-18_020", "region_id": "delhi_ncr", "date": "2025-10-18", "avg_estimated_aqi": 283.3, "max_estimated_aqi": 328.0, "severity": "Very Poor", "affected_cell_count": 36, "mode": "historical"}}, {"type": "Feature", "geometry": {"type": "Point", "coordinates": [77.4183, 28.4982]}, "properties": {"hotspot_id": "HS_delhi_ncr_2025-10-18_021", "region_id": "delhi_ncr", "date": "2025-10-18", "avg_estimated_aqi": 320.6, "max_estimated_aqi": 382.1, "severity": "Very Poor", "affected_cell_count": 41, "mode": "historical"}}, {"type": "Feature", "geometry": {"type": "Point", "coordinates": [76.875, 28.775]}, "properties": {"hotspot_id": "HS_delhi_ncr_2025-10-18_022", "region_id": "delhi_ncr", "date": "2025-10-18", "avg_estimated_aqi": 243.4, "max_estimated_aqi": 287.4, "severity": "Poor", "affected_cell_count": 15, "mode": "historical"}}, {"type": "Feature", "geometry": {"type": "Point", "coordinates": [77.1, 28.775]}, "properties": {"hotspot_id": "HS_delhi_ncr_2025-10-18_023", "region_id": "delhi_ncr", "date": "2025-10-18", "avg_estimated_aqi": 289.7, "max_estimated_aqi": 331.5, "severity": "Very Poor", "affected_cell_count": 30, "mode": "historical"}}, {"type": "Feature", "geometry": {"type": "Point", "coordinates": [77.4176, 28.7735]}, "properties": {"hotspot_id": "HS_delhi_ncr_2025-10-18_024", "region_id": "delhi_ncr", "date": "2025-10-18", "avg_estimated_aqi": 286.2, "max_estimated_aqi": 362.5, "severity": "Very Poor", "affected_cell_count": 34, "mode": "historical"}}, {"type": "Feature", "geometry": {"type": "Point", "coordinates": [76.8821, 28.4714]}, "properties": {"hotspot_id": "HS_delhi_ncr_2025-10-19_025", "region_id": "delhi_ncr", "date": "2025-10-19", "avg_estimated_aqi": 266.3, "max_estimated_aqi": 293.8, "severity": "Poor", "affected_cell_count": 14, "mode": "historical"}}, {"type": "Feature", "geometry": {"type": "Point", "coordinates": [77.1, 28.5]}, "properties": {"hotspot_id": "HS_delhi_ncr_2025-10-19_026", "region_id": "delhi_ncr", "date": "2025-10-19", "avg_estimated_aqi": 318.9, "max_estimated_aqi": 370.1, "severity": "Very Poor", "affected_cell_count": 36, "mode": "historical"}}, {"type": "Feature", "geometry": {"type": "Point", "coordinates": [77.4183, 28.4982]}, "properties": {"hotspot_id": "HS_delhi_ncr_2025-10-19_027", "region_id": "delhi_ncr", "date": "2025-10-19", "avg_estimated_aqi": 311.3, "max_estimated_aqi": 380.7, "severity": "Very Poor", "affected_cell_count": 41, "mode": "historical"}}, {"type": "Feature", "geometry": {"type": "Point", "coordinates": [76.9, 28.7812]}, "properties": {"hotspot_id": "HS_delhi_ncr_2025-10-19_028", "region_id": "delhi_ncr", "date": "2025-10-19", "avg_estimated_aqi": 243.0, "max_estimated_aqi": 326.9, "severity": "Very Poor", "affected_cell_count": 8, "mode": "historical"}}, {"type": "Feature", "geometry": {"type": "Point", "coordinates": [77.1, 28.775]}, "properties": {"hotspot_id": "HS_delhi_ncr_2025-10-19_029", "region_id": "delhi_ncr", "date": "2025-10-19", "avg_estimated_aqi": 295.1, "max_estimated_aqi": 372.8, "severity": "Very Poor", "affected_cell_count": 30, "mode": "historical"}}, {"type": "Feature", "geometry": {"type": "Point", "coordinates": [77.4176, 28.7735]}, "properties": {"hotspot_id": "HS_delhi_ncr_2025-10-19_030", "region_id": "delhi_ncr", "date": "2025-10-19", "avg_estimated_aqi": 274.3, "max_estimated_aqi": 315.5, "severity": "Very Poor", "affected_cell_count": 34, "mode": "historical"}}, {"type": "Feature", "geometry": {"type": "Point", "coordinates": [76.875, 28.4985]}, "properties": {"hotspot_id": "HS_delhi_ncr_2025-10-20_031", "region_id": "delhi_ncr", "date": "2025-10-20", "avg_estimated_aqi": 294.7, "max_estimated_aqi": 320.5, "severity": "Very Poor", "affected_cell_count": 17, "mode": "historical"}}, {"type": "Feature", "geometry": {"type": "Point", "coordinates": [77.1109, 28.4953]}, "properties": {"hotspot_id": "HS_delhi_ncr_2025-10-20_032", "region_id": "delhi_ncr", "date": "2025-10-20", "avg_estimated_aqi": 291.3, "max_estimated_aqi": 392.2, "severity": "Very Poor", "affected_cell_count": 32, "mode": "historical"}}, {"type": "Feature", "geometry": {"type": "Point", "coordinates": [77.3819, 28.5129]}, "properties": {"hotspot_id": "HS_delhi_ncr_2025-10-20_033", "region_id": "delhi_ncr", "date": "2025-10-20", "avg_estimated_aqi": 296.6, "max_estimated_aqi": 357.9, "severity": "Very Poor", "affected_cell_count": 29, "mode": "historical"}}, {"type": "Feature", "geometry": {"type": "Point", "coordinates": [76.875, 28.775]}, "properties": {"hotspot_id": "HS_delhi_ncr_2025-10-20_034", "region_id": "delhi_ncr", "date": "2025-10-20", "avg_estimated_aqi": 294.7, "max_estimated_aqi": 354.4, "severity": "Very Poor", "affected_cell_count": 15, "mode": "historical"}}, {"type": "Feature", "geometry": {"type": "Point", "coordinates": [77.1, 28.775]}, "properties": {"hotspot_id": "HS_delhi_ncr_2025-10-20_035", "region_id": "delhi_ncr", "date": "2025-10-20", "avg_estimated_aqi": 337.3, "max_estimated_aqi": 411.3, "severity": "Severe", "affected_cell_count": 30, "mode": "historical"}}, {"type": "Feature", "geometry": {"type": "Point", "coordinates": [77.418, 28.7797]}, "properties": {"hotspot_id": "HS_delhi_ncr_2025-10-20_036", "region_id": "delhi_ncr", "date": "2025-10-20", "avg_estimated_aqi": 296.8, "max_estimated_aqi": 352.9, "severity": "Very Poor", "affected_cell_count": 32, "mode": "historical"}}, {"type": "Feature", "geometry": {"type": "Point", "coordinates": [76.8788, 28.5019]}, "properties": {"hotspot_id": "HS_delhi_ncr_2025-10-21_037", "region_id": "delhi_ncr", "date": "2025-10-21", "avg_estimated_aqi": 305.2, "max_estimated_aqi": 340.2, "severity": "Very Poor", "affected_cell_count": 13, "mode": "historical"}}, {"type": "Feature", "geometry": {"type": "Point", "coordinates": [77.1271, 28.5083]}, "properties": {"hotspot_id": "HS_delhi_ncr_2025-10-21_038", "region_id": "delhi_ncr", "date": "2025-10-21", "avg_estimated_aqi": 257.7, "max_estimated_aqi": 275.3, "severity": "Poor", "affected_cell_count": 24, "mode": "historical"}}, {"type": "Feature", "geometry": {"type": "Point", "coordinates": [77.445, 28.47]}, "properties": {"hotspot_id": "HS_delhi_ncr_2025-10-21_039", "region_id": "delhi_ncr", "date": "2025-10-21", "avg_estimated_aqi": 257.3, "max_estimated_aqi": 290.4, "severity": "Poor", "affected_cell_count": 20, "mode": "historical"}}, {"type": "Feature", "geometry": {"type": "Point", "coordinates": [76.875, 28.775]}, "properties": {"hotspot_id": "HS_delhi_ncr_2025-10-21_040", "region_id": "delhi_ncr", "date": "2025-10-21", "avg_estimated_aqi": 252.5, "max_estimated_aqi": 269.6, "severity": "Poor", "affected_cell_count": 15, "mode": "historical"}}, {"type": "Feature", "geometry": {"type": "Point", "coordinates": [77.055, 28.765]}, "properties": {"hotspot_id": "HS_delhi_ncr_2025-10-21_041", "region_id": "delhi_ncr", "date": "2025-10-21", "avg_estimated_aqi": 249.8, "max_estimated_aqi": 269.0, "severity": "Poor", "affected_cell_count": 15, "mode": "historical"}}, {"type": "Feature", "geometry": {"type": "Point", "coordinates": [77.3982, 28.7714]}, "properties": {"hotspot_id": "HS_delhi_ncr_2025-10-21_042", "region_id": "delhi_ncr", "date": "2025-10-21", "avg_estimated_aqi": 272.8, "max_estimated_aqi": 290.0, "severity": "Poor", "affected_cell_count": 14, "mode": "historical"}}, {"type": "Feature", "geometry": {"type": "Point", "coordinates": [76.875, 28.525]}, "properties": {"hotspot_id": "HS_delhi_ncr_2025-10-22_043", "region_id": "delhi_ncr", "date": "2025-10-22", "avg_estimated_aqi": 275.4, "max_estimated_aqi": 302.8, "severity": "Very Poor", "affected_cell_count": 15, "mode": "historical"}}, {"type": "Feature", "geometry": {"type": "Point", "coordinates": [76.985, 28.565]}, "properties": {"hotspot_id": "HS_delhi_ncr_2025-10-22_044", "region_id": "delhi_ncr", "date": "2025-10-22", "avg_estimated_aqi": 250.4, "max_estimated_aqi": 261.8, "severity": "Poor", "affected_cell_count": 5, "mode": "historical"}}, {"type": "Feature", "geometry": {"type": "Point", "coordinates": [76.875, 28.775]}, "properties": {"hotspot_id": "HS_delhi_ncr_2025-10-22_045", "region_id": "delhi_ncr", "date": "2025-10-22", "avg_estimated_aqi": 260.1, "max_estimated_aqi": 328.8, "severity": "Very Poor", "affected_cell_count": 15, "mode": "historical"}}, {"type": "Feature", "geometry": {"type": "Point", "coordinates": [77.0214, 28.7821]}, "properties": {"hotspot_id": "HS_delhi_ncr_2025-10-22_046", "region_id": "delhi_ncr", "date": "2025-10-22", "avg_estimated_aqi": 246.6, "max_estimated_aqi": 263.4, "severity": "Poor", "affected_cell_count": 14, "mode": "historical"}}, {"type": "Feature", "geometry": {"type": "Point", "coordinates": [76.875, 28.5]}, "properties": {"hotspot_id": "HS_delhi_ncr_2025-10-23_047", "region_id": "delhi_ncr", "date": "2025-10-23", "avg_estimated_aqi": 246.5, "max_estimated_aqi": 278.3, "severity": "Poor", "affected_cell_count": 18, "mode": "historical"}}, {"type": "Feature", "geometry": {"type": "Point", "coordinates": [77.1, 28.5]}, "properties": {"hotspot_id": "HS_delhi_ncr_2025-10-23_048", "region_id": "delhi_ncr", "date": "2025-10-23", "avg_estimated_aqi": 271.4, "max_estimated_aqi": 328.8, "severity": "Very Poor", "affected_cell_count": 36, "mode": "historical"}}, {"type": "Feature", "geometry": {"type": "Point", "coordinates": [77.4183, 28.4982]}, "properties": {"hotspot_id": "HS_delhi_ncr_2025-10-23_049", "region_id": "delhi_ncr", "date": "2025-10-23", "avg_estimated_aqi": 287.5, "max_estimated_aqi": 339.8, "severity": "Very Poor", "affected_cell_count": 41, "mode": "historical"}}, {"type": "Feature", "geometry": {"type": "Point", "coordinates": [76.875, 28.775]}, "properties": {"hotspot_id": "HS_delhi_ncr_2025-10-23_050", "region_id": "delhi_ncr", "date": "2025-10-23", "avg_estimated_aqi": 237.3, "max_estimated_aqi": 290.6, "severity": "Poor", "affected_cell_count": 15, "mode": "historical"}}, {"type": "Feature", "geometry": {"type": "Point", "coordinates": [77.1043, 28.7733]}, "properties": {"hotspot_id": "HS_delhi_ncr_2025-10-23_051", "region_id": "delhi_ncr", "date": "2025-10-23", "avg_estimated_aqi": 264.8, "max_estimated_aqi": 309.6, "severity": "Very Poor", "affected_cell_count": 29, "mode": "historical"}}, {"type": "Feature", "geometry": {"type": "Point", "coordinates": [77.4176, 28.7735]}, "properties": {"hotspot_id": "HS_delhi_ncr_2025-10-23_052", "region_id": "delhi_ncr", "date": "2025-10-23", "avg_estimated_aqi": 261.1, "max_estimated_aqi": 331.9, "severity": "Very Poor", "affected_cell_count": 34, "mode": "historical"}}, {"type": "Feature", "geometry": {"type": "Point", "coordinates": [76.875, 28.4375]}, "properties": {"hotspot_id": "HS_delhi_ncr_2025-10-24_053", "region_id": "delhi_ncr", "date": "2025-10-24", "avg_estimated_aqi": 206.8, "max_estimated_aqi": 220.4, "severity": "Poor", "affected_cell_count": 8, "mode": "historical"}}, {"type": "Feature", "geometry": {"type": "Point", "coordinates": [77.1464, 28.5202]}, "properties": {"hotspot_id": "HS_delhi_ncr_2025-10-24_054", "region_id": "delhi_ncr", "date": "2025-10-24", "avg_estimated_aqi": 233.8, "max_estimated_aqi": 272.3, "severity": "Poor", "affected_cell_count": 21, "mode": "historical"}}, {"type": "Feature", "geometry": {"type": "Point", "coordinates": [77.4183, 28.4982]}, "properties": {"hotspot_id": "HS_delhi_ncr_2025-10-24_055", "region_id": "delhi_ncr", "date": "2025-10-24", "avg_estimated_aqi": 300.1, "max_estimated_aqi": 355.9, "severity": "Very Poor", "affected_cell_count": 41, "mode": "historical"}}, {"type": "Feature", "geometry": {"type": "Point", "coordinates": [76.8639, 28.7806]}, "properties": {"hotspot_id": "HS_delhi_ncr_2025-10-24_056", "region_id": "delhi_ncr", "date": "2025-10-24", "avg_estimated_aqi": 244.4, "max_estimated_aqi": 262.7, "severity": "Poor", "affected_cell_count": 9, "mode": "historical"}}, {"type": "Feature", "geometry": {"type": "Point", "coordinates": [77.1058, 28.7808]}, "properties": {"hotspot_id": "HS_delhi_ncr_2025-10-24_057", "region_id": "delhi_ncr", "date": "2025-10-24", "avg_estimated_aqi": 253.7, "max_estimated_aqi": 342.5, "severity": "Very Poor", "affected_cell_count": 26, "mode": "historical"}}, {"type": "Feature", "geometry": {"type": "Point", "coordinates": [77.4189, 28.7735]}, "properties": {"hotspot_id": "HS_delhi_ncr_2025-10-24_058", "region_id": "delhi_ncr", "date": "2025-10-24", "avg_estimated_aqi": 289.7, "max_estimated_aqi": 351.8, "severity": "Very Poor", "affected_cell_count": 33, "mode": "historical"}}, {"type": "Feature", "geometry": {"type": "Point", "coordinates": [76.875, 28.4956]}, "properties": {"hotspot_id": "HS_delhi_ncr_2025-10-25_059", "region_id": "delhi_ncr", "date": "2025-10-25", "avg_estimated_aqi": 300.8, "max_estimated_aqi": 374.5, "severity": "Very Poor", "affected_cell_count": 17, "mode": "historical"}}, {"type": "Feature", "geometry": {"type": "Point", "coordinates": [77.1, 28.5]}, "properties": {"hotspot_id": "HS_delhi_ncr_2025-10-25_060", "region_id": "delhi_ncr", "date": "2025-10-25", "avg_estimated_aqi": 328.9, "max_estimated_aqi": 444.0, "severity": "Severe", "affected_cell_count": 36, "mode": "historical"}}, {"type": "Feature", "geometry": {"type": "Point", "coordinates": [77.4183, 28.4982]}, "properties": {"hotspot_id": "HS_delhi_ncr_2025-10-25_061", "region_id": "delhi_ncr", "date": "2025-10-25", "avg_estimated_aqi": 320.7, "max_estimated_aqi": 403.1, "severity": "Severe", "affected_cell_count": 41, "mode": "historical"}}, {"type": "Feature", "geometry": {"type": "Point", "coordinates": [76.875, 28.775]}, "properties": {"hotspot_id": "HS_delhi_ncr_2025-10-25_062", "region_id": "delhi_ncr", "date": "2025-10-25", "avg_estimated_aqi": 267.9, "max_estimated_aqi": 311.9, "severity": "Very Poor", "affected_cell_count": 15, "mode": "historical"}}, {"type": "Feature", "geometry": {"type": "Point", "coordinates": [77.1, 28.775]}, "properties": {"hotspot_id": "HS_delhi_ncr_2025-10-25_063", "region_id": "delhi_ncr", "date": "2025-10-25", "avg_estimated_aqi": 334.6, "max_estimated_aqi": 435.6, "severity": "Severe", "affected_cell_count": 30, "mode": "historical"}}, {"type": "Feature", "geometry": {"type": "Point", "coordinates": [77.4176, 28.7735]}, "properties": {"hotspot_id": "HS_delhi_ncr_2025-10-25_064", "region_id": "delhi_ncr", "date": "2025-10-25", "avg_estimated_aqi": 293.1, "max_estimated_aqi": 361.4, "severity": "Very Poor", "affected_cell_count": 34, "mode": "historical"}}, {"type": "Feature", "geometry": {"type": "Point", "coordinates": [76.8783, 28.4983]}, "properties": {"hotspot_id": "HS_delhi_ncr_2025-10-26_065", "region_id": "delhi_ncr", "date": "2025-10-26", "avg_estimated_aqi": 228.5, "max_estimated_aqi": 264.7, "severity": "Poor", "affected_cell_count": 15, "mode": "historical"}}, {"type": "Feature", "geometry": {"type": "Point", "coordinates": [77.093, 28.517]}, "properties": {"hotspot_id": "HS_delhi_ncr_2025-10-26_066", "region_id": "delhi_ncr", "date": "2025-10-26", "avg_estimated_aqi": 243.3, "max_estimated_aqi": 314.4, "severity": "Very Poor", "affected_cell_count": 25, "mode": "historical"}}, {"type": "Feature", "geometry": {"type": "Point", "coordinates": [77.4194, 28.4988]}, "properties": {"hotspot_id": "HS_delhi_ncr_2025-10-26_067", "region_id": "delhi_ncr", "date": "2025-10-26", "avg_estimated_aqi": 255.3, "max_estimated_aqi": 348.5, "severity": "Very Poor", "affected_cell_count": 40, "mode": "historical"}}, {"type": "Feature", "geometry": {"type": "Point", "coordinates": [76.875, 28.775]}, "properties": {"hotspot_id": "HS_delhi_ncr_2025-10-26_068", "region_id": "delhi_ncr", "date": "2025-10-26", "avg_estimated_aqi": 295.2, "max_estimated_aqi": 347.5, "severity": "Very Poor", "affected_cell_count": 15, "mode": "historical"}}, {"type": "Feature", "geometry": {"type": "Point", "coordinates": [77.0972, 28.7694]}, "properties": {"hotspot_id": "HS_delhi_ncr_2025-10-26_069", "region_id": "delhi_ncr", "date": "2025-10-26", "avg_estimated_aqi": 276.9, "max_estimated_aqi": 342.7, "severity": "Very Poor", "affected_cell_count": 27, "mode": "historical"}}, {"type": "Feature", "geometry": {"type": "Point", "coordinates": [77.3792, 28.7708]}, "properties": {"hotspot_id": "HS_delhi_ncr_2025-10-26_070", "region_id": "delhi_ncr", "date": "2025-10-26", "avg_estimated_aqi": 248.0, "max_estimated_aqi": 328.9, "severity": "Very Poor", "affected_cell_count": 12, "mode": "historical"}}, {"type": "Feature", "geometry": {"type": "Point", "coordinates": [77.5375, 28.875]}, "properties": {"hotspot_id": "HS_delhi_ncr_2025-10-29_071", "region_id": "delhi_ncr", "date": "2025-10-29", "avg_estimated_aqi": 275.0, "max_estimated_aqi": 275.0, "severity": "Poor", "affected_cell_count": 2, "mode": "historical"}}, {"type": "Feature", "geometry": {"type": "Point", "coordinates": [77.225, 28.85]}, "properties": {"hotspot_id": "HS_delhi_ncr_2025-10-30_072", "region_id": "delhi_ncr", "date": "2025-10-30", "avg_estimated_aqi": 331.4, "max_estimated_aqi": 331.4, "severity": "Very Poor", "affected_cell_count": 2, "mode": "historical"}}, {"type": "Feature", "geometry": {"type": "Point", "coordinates": [77.3341, 28.8205]}, "properties": {"hotspot_id": "HS_delhi_ncr_2025-10-30_073", "region_id": "delhi_ncr", "date": "2025-10-30", "avg_estimated_aqi": 270.3, "max_estimated_aqi": 348.5, "severity": "Very Poor", "affected_cell_count": 11, "mode": "historical"}}, {"type": "Feature", "geometry": {"type": "Point", "coordinates": [76.8614, 28.5159]}, "properties": {"hotspot_id": "HS_delhi_ncr_2025-10-31_074", "region_id": "delhi_ncr", "date": "2025-10-31", "avg_estimated_aqi": 239.5, "max_estimated_aqi": 265.7, "severity": "Poor", "affected_cell_count": 11, "mode": "historical"}}, {"type": "Feature", "geometry": {"type": "Point", "coordinates": [77.1036, 28.5036]}, "properties": {"hotspot_id": "HS_delhi_ncr_2025-10-31_075", "region_id": "delhi_ncr", "date": "2025-10-31", "avg_estimated_aqi": 255.1, "max_estimated_aqi": 330.9, "severity": "Very Poor", "affected_cell_count": 35, "mode": "historical"}}, {"type": "Feature", "geometry": {"type": "Point", "coordinates": [77.415, 28.5012]}, "properties": {"hotspot_id": "HS_delhi_ncr_2025-10-31_076", "region_id": "delhi_ncr", "date": "2025-10-31", "avg_estimated_aqi": 312.5, "max_estimated_aqi": 388.1, "severity": "Very Poor", "affected_cell_count": 40, "mode": "historical"}}, {"type": "Feature", "geometry": {"type": "Point", "coordinates": [76.8788, 28.7712]}, "properties": {"hotspot_id": "HS_delhi_ncr_2025-10-31_077", "region_id": "delhi_ncr", "date": "2025-10-31", "avg_estimated_aqi": 238.0, "max_estimated_aqi": 291.2, "severity": "Poor", "affected_cell_count": 13, "mode": "historical"}}, {"type": "Feature", "geometry": {"type": "Point", "coordinates": [77.0991, 28.775]}, "properties": {"hotspot_id": "HS_delhi_ncr_2025-10-31_078", "region_id": "delhi_ncr", "date": "2025-10-31", "avg_estimated_aqi": 287.3, "max_estimated_aqi": 347.4, "severity": "Very Poor", "affected_cell_count": 29, "mode": "historical"}}, {"type": "Feature", "geometry": {"type": "Point", "coordinates": [77.4176, 28.7735]}, "properties": {"hotspot_id": "HS_delhi_ncr_2025-10-31_079", "region_id": "delhi_ncr", "date": "2025-10-31", "avg_estimated_aqi": 278.5, "max_estimated_aqi": 348.7, "severity": "Very Poor", "affected_cell_count": 34, "mode": "historical"}}, {"type": "Feature", "geometry": {"type": "Point", "coordinates": [77.1083, 28.4667]}, "properties": {"hotspot_id": "HS_delhi_ncr_2025-11-01_080", "region_id": "delhi_ncr", "date": "2025-11-01", "avg_estimated_aqi": 321.6, "max_estimated_aqi": 384.8, "severity": "Very Poor", "affected_cell_count": 12, "mode": "historical"}}, {"type": "Feature", "geometry": {"type": "Point", "coordinates": [77.4542, 28.51]}, "properties": {"hotspot_id": "HS_delhi_ncr_2025-11-01_081", "region_id": "delhi_ncr", "date": "2025-11-01", "avg_estimated_aqi": 359.7, "max_estimated_aqi": 394.9, "severity": "Very Poor", "affected_cell_count": 30, "mode": "historical"}}, {"type": "Feature", "geometry": {"type": "Point", "coordinates": [76.875, 28.875]}, "properties": {"hotspot_id": "HS_delhi_ncr_2025-11-01_082", "region_id": "delhi_ncr", "date": "2025-11-01", "avg_estimated_aqi": 289.8, "max_estimated_aqi": 318.8, "severity": "Very Poor", "affected_cell_count": 3, "mode": "historical"}}, {"type": "Feature", "geometry": {"type": "Point", "coordinates": [77.1125, 28.7812]}, "properties": {"hotspot_id": "HS_delhi_ncr_2025-11-01_083", "region_id": "delhi_ncr", "date": "2025-11-01", "avg_estimated_aqi": 312.6, "max_estimated_aqi": 360.0, "severity": "Very Poor", "affected_cell_count": 16, "mode": "historical"}}, {"type": "Feature", "geometry": {"type": "Point", "coordinates": [77.4385, 28.7654]}, "properties": {"hotspot_id": "HS_delhi_ncr_2025-11-01_084", "region_id": "delhi_ncr", "date": "2025-11-01", "avg_estimated_aqi": 329.6, "max_estimated_aqi": 371.1, "severity": "Very Poor", "affected_cell_count": 26, "mode": "historical"}}, {"type": "Feature", "geometry": {"type": "Point", "coordinates": [76.875, 28.5]}, "properties": {"hotspot_id": "HS_delhi_ncr_2025-11-02_085", "region_id": "delhi_ncr", "date": "2025-11-02", "avg_estimated_aqi": 294.5, "max_estimated_aqi": 354.8, "severity": "Very Poor", "affected_cell_count": 18, "mode": "historical"}}, {"type": "Feature", "geometry": {"type": "Point", "coordinates": [77.1, 28.5]}, "properties": {"hotspot_id": "HS_delhi_ncr_2025-11-02_086", "region_id": "delhi_ncr", "date": "2025-11-02", "avg_estimated_aqi": 258.0, "max_estimated_aqi": 298.0, "severity": "Poor", "affected_cell_count": 36, "mode": "historical"}}, {"type": "Feature", "geometry": {"type": "Point", "coordinates": [77.4194, 28.5012]}, "properties": {"hotspot_id": "HS_delhi_ncr_2025-11-02_087", "region_id": "delhi_ncr", "date": "2025-11-02", "avg_estimated_aqi": 267.5, "max_estimated_aqi": 332.2, "severity": "Very Poor", "affected_cell_count": 40, "mode": "historical"}}, {"type": "Feature", "geometry": {"type": "Point", "coordinates": [76.875, 28.775]}, "properties": {"hotspot_id": "HS_delhi_ncr_2025-11-02_088", "region_id": "delhi_ncr", "date": "2025-11-02", "avg_estimated_aqi": 260.6, "max_estimated_aqi": 318.8, "severity": "Very Poor", "affected_cell_count": 15, "mode": "historical"}}, {"type": "Feature", "geometry": {"type": "Point", "coordinates": [77.1, 28.775]}, "properties": {"hotspot_id": "HS_delhi_ncr_2025-11-02_089", "region_id": "delhi_ncr", "date": "2025-11-02", "avg_estimated_aqi": 258.7, "max_estimated_aqi": 306.1, "severity": "Very Poor", "affected_cell_count": 30, "mode": "historical"}}, {"type": "Feature", "geometry": {"type": "Point", "coordinates": [77.4282, 28.7702]}, "properties": {"hotspot_id": "HS_delhi_ncr_2025-11-02_090", "region_id": "delhi_ncr", "date": "2025-11-02", "avg_estimated_aqi": 263.8, "max_estimated_aqi": 374.8, "severity": "Very Poor", "affected_cell_count": 31, "mode": "historical"}}, {"type": "Feature", "geometry": {"type": "Point", "coordinates": [76.865, 28.48]}, "properties": {"hotspot_id": "HS_delhi_ncr_2025-11-03_091", "region_id": "delhi_ncr", "date": "2025-11-03", "avg_estimated_aqi": 216.1, "max_estimated_aqi": 219.3, "severity": "Poor", "affected_cell_count": 10, "mode": "historical"}}, {"type": "Feature", "geometry": {"type": "Point", "coordinates": [77.1229, 28.5229]}, "properties": {"hotspot_id": "HS_delhi_ncr_2025-11-03_092", "region_id": "delhi_ncr", "date": "2025-11-03", "avg_estimated_aqi": 231.2, "max_estimated_aqi": 259.6, "severity": "Poor", "affected_cell_count": 24, "mode": "historical"}}, {"type": "Feature", "geometry": {"type": "Point", "coordinates": [77.4231, 28.5006]}, "properties": {"hotspot_id": "HS_delhi_ncr_2025-11-03_093", "region_id": "delhi_ncr", "date": "2025-11-03", "avg_estimated_aqi": 250.3, "max_estimated_aqi": 331.0, "severity": "Very Poor", "affected_cell_count": 39, "mode": "historical"}}, {"type": "Feature", "geometry": {"type": "Point", "coordinates": [76.8917, 28.7861]}, "properties": {"hotspot_id": "HS_delhi_ncr_2025-11-03_094", "region_id": "delhi_ncr", "date": "2025-11-03", "avg_estimated_aqi": 231.4, "max_estimated_aqi": 243.4, "severity": "Poor", "affected_cell_count": 9, "mode": "historical"}}, {"type": "Feature", "geometry": {"type": "Point", "coordinates": [77.1, 28.775]}, "properties": {"hotspot_id": "HS_delhi_ncr_2025-11-03_095", "region_id": "delhi_ncr", "date": "2025-11-03", "avg_estimated_aqi": 258.5, "max_estimated_aqi": 305.0, "severity": "Very Poor", "affected_cell_count": 30, "mode": "historical"}}, {"type": "Feature", "geometry": {"type": "Point", "coordinates": [77.4144, 28.7735]}, "properties": {"hotspot_id": "HS_delhi_ncr_2025-11-03_096", "region_id": "delhi_ncr", "date": "2025-11-03", "avg_estimated_aqi": 285.8, "max_estimated_aqi": 393.2, "severity": "Very Poor", "affected_cell_count": 33, "mode": "historical"}}, {"type": "Feature", "geometry": {"type": "Point", "coordinates": [76.89, 28.545]}, "properties": {"hotspot_id": "HS_delhi_ncr_2025-11-04_097", "region_id": "delhi_ncr", "date": "2025-11-04", "avg_estimated_aqi": 252.9, "max_estimated_aqi": 330.2, "severity": "Very Poor", "affected_cell_count": 10, "mode": "historical"}}, {"type": "Feature", "geometry": {"type": "Point", "coordinates": [77.0768, 28.5107]}, "properties": {"hotspot_id": "HS_delhi_ncr_2025-11-04_098", "region_id": "delhi_ncr", "date": "2025-11-04", "avg_estimated_aqi": 237.7, "max_estimated_aqi": 313.7, "severity": "Very Poor", "affected_cell_count": 28, "mode": "historical"}}, {"type": "Feature", "geometry": {"type": "Point", "coordinates": [77.3983, 28.5026]}, "properties": {"hotspot_id": "HS_delhi_ncr_2025-11-04_099", "region_id": "delhi_ncr", "date": "2025-11-04", "avg_estimated_aqi": 227.2, "max_estimated_aqi": 249.9, "severity": "Poor", "affected_cell_count": 29, "mode": "historical"}}, {"type": "Feature", "geometry": {"type": "Point", "coordinates": [76.8833, 28.7708]}, "properties": {"hotspot_id": "HS_delhi_ncr_2025-11-04_100", "region_id": "delhi_ncr", "date": "2025-11-04", "avg_estimated_aqi": 234.7, "max_estimated_aqi": 265.3, "severity": "Poor", "affected_cell_count": 12, "mode": "historical"}}, {"type": "Feature", "geometry": {"type": "Point", "coordinates": [77.0917, 28.7694]}, "properties": {"hotspot_id": "HS_delhi_ncr_2025-11-04_101", "region_id": "delhi_ncr", "date": "2025-11-04", "avg_estimated_aqi": 241.2, "max_estimated_aqi": 304.4, "severity": "Very Poor", "affected_cell_count": 27, "mode": "historical"}}, {"type": "Feature", "geometry": {"type": "Point", "coordinates": [77.4306, 28.7806]}, "properties": {"hotspot_id": "HS_delhi_ncr_2025-11-04_102", "region_id": "delhi_ncr", "date": "2025-11-04", "avg_estimated_aqi": 231.0, "max_estimated_aqi": 290.9, "severity": "Poor", "affected_cell_count": 27, "mode": "historical"}}, {"type": "Feature", "geometry": {"type": "Point", "coordinates": [76.925, 28.5583]}, "properties": {"hotspot_id": "HS_delhi_ncr_2025-11-05_103", "region_id": "delhi_ncr", "date": "2025-11-05", "avg_estimated_aqi": 224.0, "max_estimated_aqi": 246.5, "severity": "Poor", "affected_cell_count": 3, "mode": "historical"}}, {"type": "Feature", "geometry": {"type": "Point", "coordinates": [77.1147, 28.5216]}, "properties": {"hotspot_id": "HS_delhi_ncr_2025-11-05_104", "region_id": "delhi_ncr", "date": "2025-11-05", "avg_estimated_aqi": 248.0, "max_estimated_aqi": 306.3, "severity": "Very Poor", "affected_cell_count": 29, "mode": "historical"}}, {"type": "Feature", "geometry": {"type": "Point", "coordinates": [77.4206, 28.5012]}, "properties": {"hotspot_id": "HS_delhi_ncr_2025-11-05_105", "region_id": "delhi_ncr", "date": "2025-11-05", "avg_estimated_aqi": 295.8, "max_estimated_aqi": 372.5, "severity": "Very Poor", "affected_cell_count": 40, "mode": "historical"}}, {"type": "Feature", "geometry": {"type": "Point", "coordinates": [76.8861, 28.8028]}, "properties": {"hotspot_id": "HS_delhi_ncr_2025-11-05_106", "region_id": "delhi_ncr", "date": "2025-11-05", "avg_estimated_aqi": 253.4, "max_estimated_aqi": 291.5, "severity": "Poor", "affected_cell_count": 9, "mode": "historical"}}, {"type": "Feature", "geometry": {"type": "Point", "coordinates": [77.0954, 28.7713]}, "properties": {"hotspot_id": "HS_delhi_ncr_2025-11-05_107", "region_id": "delhi_ncr", "date": "2025-11-05", "avg_estimated_aqi": 244.2, "max_estimated_aqi": 308.8, "severity": "Very Poor", "affected_cell_count": 27, "mode": "historical"}}, {"type": "Feature", "geometry": {"type": "Point", "coordinates": [77.4148, 28.7672]}, "properties": {"hotspot_id": "HS_delhi_ncr_2025-11-05_108", "region_id": "delhi_ncr", "date": "2025-11-05", "avg_estimated_aqi": 271.2, "max_estimated_aqi": 358.8, "severity": "Very Poor", "affected_cell_count": 32, "mode": "historical"}}, {"type": "Feature", "geometry": {"type": "Point", "coordinates": [76.8788, 28.4865]}, "properties": {"hotspot_id": "HS_delhi_ncr_2025-11-06_109", "region_id": "delhi_ncr", "date": "2025-11-06", "avg_estimated_aqi": 224.9, "max_estimated_aqi": 254.5, "severity": "Poor", "affected_cell_count": 13, "mode": "historical"}}, {"type": "Feature", "geometry": {"type": "Point", "coordinates": [77.1185, 28.5163]}, "properties": {"hotspot_id": "HS_delhi_ncr_2025-11-06_110", "region_id": "delhi_ncr", "date": "2025-11-06", "avg_estimated_aqi": 234.4, "max_estimated_aqi": 299.9, "severity": "Poor", "affected_cell_count": 23, "mode": "historical"}}, {"type": "Feature", "geometry": {"type": "Point", "coordinates": [77.4272, 28.4971]}, "properties": {"hotspot_id": "HS_delhi_ncr_2025-11-06_111", "region_id": "delhi_ncr", "date": "2025-11-06", "avg_estimated_aqi": 248.4, "max_estimated_aqi": 341.7, "severity": "Very Poor", "affected_cell_count": 34, "mode": "historical"}}, {"type": "Feature", "geometry": {"type": "Point", "coordinates": [76.875, 28.7821]}, "properties": {"hotspot_id": "HS_delhi_ncr_2025-11-06_112", "region_id": "delhi_ncr", "date": "2025-11-06", "avg_estimated_aqi": 230.9, "max_estimated_aqi": 262.4, "severity": "Poor", "affected_cell_count": 7, "mode": "historical"}}, {"type": "Feature", "geometry": {"type": "Point", "coordinates": [77.0795, 28.7818]}, "properties": {"hotspot_id": "HS_delhi_ncr_2025-11-06_113", "region_id": "delhi_ncr", "date": "2025-11-06", "avg_estimated_aqi": 222.6, "max_estimated_aqi": 287.0, "severity": "Poor", "affected_cell_count": 22, "mode": "historical"}}, {"type": "Feature", "geometry": {"type": "Point", "coordinates": [77.4167, 28.7769]}, "properties": {"hotspot_id": "HS_delhi_ncr_2025-11-06_114", "region_id": "delhi_ncr", "date": "2025-11-06", "avg_estimated_aqi": 223.4, "max_estimated_aqi": 276.1, "severity": "Poor", "affected_cell_count": 27, "mode": "historical"}}, {"type": "Feature", "geometry": {"type": "Point", "coordinates": [76.8679, 28.5607]}, "properties": {"hotspot_id": "HS_delhi_ncr_2025-11-07_115", "region_id": "delhi_ncr", "date": "2025-11-07", "avg_estimated_aqi": 226.4, "max_estimated_aqi": 261.8, "severity": "Poor", "affected_cell_count": 7, "mode": "historical"}}, {"type": "Feature", "geometry": {"type": "Point", "coordinates": [77.087, 28.499]}, "properties": {"hotspot_id": "HS_delhi_ncr_2025-11-07_116", "region_id": "delhi_ncr", "date": "2025-11-07", "avg_estimated_aqi": 228.3, "max_estimated_aqi": 263.7, "severity": "Poor", "affected_cell_count": 25, "mode": "historical"}}, {"type": "Feature", "geometry": {"type": "Point", "coordinates": [77.4368, 28.5042]}, "properties": {"hotspot_id": "HS_delhi_ncr_2025-11-07_117", "region_id": "delhi_ncr", "date": "2025-11-07", "avg_estimated_aqi": 270.1, "max_estimated_aqi": 356.3, "severity": "Very Poor", "affected_cell_count": 36, "mode": "historical"}}, {"type": "Feature", "geometry": {"type": "Point", "coordinates": [76.8679, 28.725]}, "properties": {"hotspot_id": "HS_delhi_ncr_2025-11-07_118", "region_id": "delhi_ncr", "date": "2025-11-07", "avg_estimated_aqi": 251.7, "max_estimated_aqi": 303.7, "severity": "Very Poor", "affected_cell_count": 7, "mode": "historical"}}, {"type": "Feature", "geometry": {"type": "Point", "coordinates": [77.125, 28.7641]}, "properties": {"hotspot_id": "HS_delhi_ncr_2025-11-07_119", "region_id": "delhi_ncr", "date": "2025-11-07", "avg_estimated_aqi": 261.2, "max_estimated_aqi": 317.1, "severity": "Very Poor", "affected_cell_count": 23, "mode": "historical"}}, {"type": "Feature", "geometry": {"type": "Point", "coordinates": [77.408, 28.7625]}, "properties": {"hotspot_id": "HS_delhi_ncr_2025-11-07_120", "region_id": "delhi_ncr", "date": "2025-11-07", "avg_estimated_aqi": 251.7, "max_estimated_aqi": 309.2, "severity": "Very Poor", "affected_cell_count": 28, "mode": "historical"}}, {"type": "Feature", "geometry": {"type": "Point", "coordinates": [76.875, 28.5]}, "properties": {"hotspot_id": "HS_delhi_ncr_2025-11-08_121", "region_id": "delhi_ncr", "date": "2025-11-08", "avg_estimated_aqi": 261.1, "max_estimated_aqi": 332.1, "severity": "Very Poor", "affected_cell_count": 18, "mode": "historical"}}, {"type": "Feature", "geometry": {"type": "Point", "coordinates": [77.0895, 28.4992]}, "properties": {"hotspot_id": "HS_delhi_ncr_2025-11-08_122", "region_id": "delhi_ncr", "date": "2025-11-08", "avg_estimated_aqi": 290.6, "max_estimated_aqi": 371.5, "severity": "Very Poor", "affected_cell_count": 31, "mode": "historical"}}, {"type": "Feature", "geometry": {"type": "Point", "coordinates": [77.4183, 28.4982]}, "properties": {"hotspot_id": "HS_delhi_ncr_2025-11-08_123", "region_id": "delhi_ncr", "date": "2025-11-08", "avg_estimated_aqi": 293.9, "max_estimated_aqi": 374.7, "severity": "Very Poor", "affected_cell_count": 41, "mode": "historical"}}, {"type": "Feature", "geometry": {"type": "Point", "coordinates": [76.875, 28.775]}, "properties": {"hotspot_id": "HS_delhi_ncr_2025-11-08_124", "region_id": "delhi_ncr", "date": "2025-11-08", "avg_estimated_aqi": 273.4, "max_estimated_aqi": 319.1, "severity": "Very Poor", "affected_cell_count": 15, "mode": "historical"}}, {"type": "Feature", "geometry": {"type": "Point", "coordinates": [77.1, 28.775]}, "properties": {"hotspot_id": "HS_delhi_ncr_2025-11-08_125", "region_id": "delhi_ncr", "date": "2025-11-08", "avg_estimated_aqi": 275.0, "max_estimated_aqi": 322.1, "severity": "Very Poor", "affected_cell_count": 30, "mode": "historical"}}, {"type": "Feature", "geometry": {"type": "Point", "coordinates": [77.4176, 28.7735]}, "properties": {"hotspot_id": "HS_delhi_ncr_2025-11-08_126", "region_id": "delhi_ncr", "date": "2025-11-08", "avg_estimated_aqi": 262.3, "max_estimated_aqi": 367.0, "severity": "Very Poor", "affected_cell_count": 34, "mode": "historical"}}, {"type": "Feature", "geometry": {"type": "Point", "coordinates": [76.8821, 28.5]}, "properties": {"hotspot_id": "HS_delhi_ncr_2025-11-09_127", "region_id": "delhi_ncr", "date": "2025-11-09", "avg_estimated_aqi": 251.6, "max_estimated_aqi": 275.8, "severity": "Poor", "affected_cell_count": 14, "mode": "historical"}}, {"type": "Feature", "geometry": {"type": "Point", "coordinates": [77.0926, 28.5]}, "properties": {"hotspot_id": "HS_delhi_ncr_2025-11-09_128", "region_id": "delhi_ncr", "date": "2025-11-09", "avg_estimated_aqi": 247.3, "max_estimated_aqi": 291.4, "severity": "Poor", "affected_cell_count": 34, "mode": "historical"}}, {"type": "Feature", "geometry": {"type": "Point", "coordinates": [77.4257, 28.5034]}, "properties": {"hotspot_id": "HS_delhi_ncr_2025-11-09_129", "region_id": "delhi_ncr", "date": "2025-11-09", "avg_estimated_aqi": 267.4, "max_estimated_aqi": 333.5, "severity": "Very Poor", "affected_cell_count": 37, "mode": "historical"}}, {"type": "Feature", "geometry": {"type": "Point", "coordinates": [76.875, 28.775]}, "properties": {"hotspot_id": "HS_delhi_ncr_2025-11-09_130", "region_id": "delhi_ncr", "date": "2025-11-09", "avg_estimated_aqi": 269.9, "max_estimated_aqi": 322.3, "severity": "Very Poor", "affected_cell_count": 15, "mode": "historical"}}, {"type": "Feature", "geometry": {"type": "Point", "coordinates": [77.0675, 28.7825]}, "properties": {"hotspot_id": "HS_delhi_ncr_2025-11-09_131", "region_id": "delhi_ncr", "date": "2025-11-09", "avg_estimated_aqi": 263.2, "max_estimated_aqi": 315.0, "severity": "Very Poor", "affected_cell_count": 20, "mode": "historical"}}, {"type": "Feature", "geometry": {"type": "Point", "coordinates": [77.4288, 28.7635]}, "properties": {"hotspot_id": "HS_delhi_ncr_2025-11-09_132", "region_id": "delhi_ncr", "date": "2025-11-09", "avg_estimated_aqi": 249.7, "max_estimated_aqi": 366.5, "severity": "Very Poor", "affected_cell_count": 26, "mode": "historical"}}, {"type": "Feature", "geometry": {"type": "Point", "coordinates": [76.875, 28.5]}, "properties": {"hotspot_id": "HS_delhi_ncr_2025-11-10_133", "region_id": "delhi_ncr", "date": "2025-11-10", "avg_estimated_aqi": 292.9, "max_estimated_aqi": 357.7, "severity": "Very Poor", "affected_cell_count": 18, "mode": "historical"}}, {"type": "Feature", "geometry": {"type": "Point", "coordinates": [77.1, 28.5]}, "properties": {"hotspot_id": "HS_delhi_ncr_2025-11-10_134", "region_id": "delhi_ncr", "date": "2025-11-10", "avg_estimated_aqi": 298.8, "max_estimated_aqi": 378.9, "severity": "Very Poor", "affected_cell_count": 36, "mode": "historical"}}, {"type": "Feature", "geometry": {"type": "Point", "coordinates": [77.4183, 28.4982]}, "properties": {"hotspot_id": "HS_delhi_ncr_2025-11-10_135", "region_id": "delhi_ncr", "date": "2025-11-10", "avg_estimated_aqi": 300.0, "max_estimated_aqi": 375.5, "severity": "Very Poor", "affected_cell_count": 41, "mode": "historical"}}, {"type": "Feature", "geometry": {"type": "Point", "coordinates": [76.875, 28.775]}, "properties": {"hotspot_id": "HS_delhi_ncr_2025-11-10_136", "region_id": "delhi_ncr", "date": "2025-11-10", "avg_estimated_aqi": 314.1, "max_estimated_aqi": 384.7, "severity": "Very Poor", "affected_cell_count": 15, "mode": "historical"}}, {"type": "Feature", "geometry": {"type": "Point", "coordinates": [77.1, 28.775]}, "properties": {"hotspot_id": "HS_delhi_ncr_2025-11-10_137", "region_id": "delhi_ncr", "date": "2025-11-10", "avg_estimated_aqi": 276.6, "max_estimated_aqi": 373.4, "severity": "Very Poor", "affected_cell_count": 30, "mode": "historical"}}, {"type": "Feature", "geometry": {"type": "Point", "coordinates": [77.4133, 28.7719]}, "properties": {"hotspot_id": "HS_delhi_ncr_2025-11-10_138", "region_id": "delhi_ncr", "date": "2025-11-10", "avg_estimated_aqi": 275.2, "max_estimated_aqi": 357.3, "severity": "Very Poor", "affected_cell_count": 32, "mode": "historical"}}, {"type": "Feature", "geometry": {"type": "Point", "coordinates": [76.8688, 28.5062]}, "properties": {"hotspot_id": "HS_delhi_ncr_2025-11-11_139", "region_id": "delhi_ncr", "date": "2025-11-11", "avg_estimated_aqi": 241.5, "max_estimated_aqi": 311.7, "severity": "Very Poor", "affected_cell_count": 16, "mode": "historical"}}, {"type": "Feature", "geometry": {"type": "Point", "coordinates": [77.1043, 28.5112]}, "properties": {"hotspot_id": "HS_delhi_ncr_2025-11-11_140", "region_id": "delhi_ncr", "date": "2025-11-11", "avg_estimated_aqi": 255.6, "max_estimated_aqi": 318.4, "severity": "Very Poor", "affected_cell_count": 29, "mode": "historical"}}, {"type": "Feature", "geometry": {"type": "Point", "coordinates": [77.4183, 28.4982]}, "properties": {"hotspot_id": "HS_delhi_ncr_2025-11-11_141", "region_id": "delhi_ncr", "date": "2025-11-11", "avg_estimated_aqi": 267.9, "max_estimated_aqi": 348.2, "severity": "Very Poor", "affected_cell_count": 41, "mode": "historical"}}, {"type": "Feature", "geometry": {"type": "Point", "coordinates": [76.8714, 28.775]}, "properties": {"hotspot_id": "HS_delhi_ncr_2025-11-11_142", "region_id": "delhi_ncr", "date": "2025-11-11", "avg_estimated_aqi": 255.2, "max_estimated_aqi": 293.5, "severity": "Poor", "affected_cell_count": 14, "mode": "historical"}}, {"type": "Feature", "geometry": {"type": "Point", "coordinates": [77.1, 28.775]}, "properties": {"hotspot_id": "HS_delhi_ncr_2025-11-11_143", "region_id": "delhi_ncr", "date": "2025-11-11", "avg_estimated_aqi": 267.5, "max_estimated_aqi": 353.2, "severity": "Very Poor", "affected_cell_count": 30, "mode": "historical"}}, {"type": "Feature", "geometry": {"type": "Point", "coordinates": [77.4202, 28.7669]}, "properties": {"hotspot_id": "HS_delhi_ncr_2025-11-11_144", "region_id": "delhi_ncr", "date": "2025-11-11", "avg_estimated_aqi": 250.6, "max_estimated_aqi": 315.4, "severity": "Very Poor", "affected_cell_count": 31, "mode": "historical"}}, {"type": "Feature", "geometry": {"type": "Point", "coordinates": [76.875, 28.5]}, "properties": {"hotspot_id": "HS_delhi_ncr_2025-11-12_145", "region_id": "delhi_ncr", "date": "2025-11-12", "avg_estimated_aqi": 236.8, "max_estimated_aqi": 283.6, "severity": "Poor", "affected_cell_count": 18, "mode": "historical"}}, {"type": "Feature", "geometry": {"type": "Point", "coordinates": [77.0839, 28.5196]}, "properties": {"hotspot_id": "HS_delhi_ncr_2025-11-12_146", "region_id": "delhi_ncr", "date": "2025-11-12", "avg_estimated_aqi": 256.2, "max_estimated_aqi": 328.8, "severity": "Very Poor", "affected_cell_count": 28, "mode": "historical"}}, {"type": "Feature", "geometry": {"type": "Point", "coordinates": [77.4194, 28.5012]}, "properties": {"hotspot_id": "HS_delhi_ncr_2025-11-12_147", "region_id": "delhi_ncr", "date": "2025-11-12", "avg_estimated_aqi": 268.5, "max_estimated_aqi": 343.3, "severity": "Very Poor", "affected_cell_count": 40, "mode": "historical"}}, {"type": "Feature", "geometry": {"type": "Point", "coordinates": [76.875, 28.775]}, "properties": {"hotspot_id": "HS_delhi_ncr_2025-11-12_148", "region_id": "delhi_ncr", "date": "2025-11-12", "avg_estimated_aqi": 250.1, "max_estimated_aqi": 325.1, "severity": "Very Poor", "affected_cell_count": 15, "mode": "historical"}}, {"type": "Feature", "geometry": {"type": "Point", "coordinates": [77.1, 28.775]}, "properties": {"hotspot_id": "HS_delhi_ncr_2025-11-12_149", "region_id": "delhi_ncr", "date": "2025-11-12", "avg_estimated_aqi": 268.6, "max_estimated_aqi": 357.4, "severity": "Very Poor", "affected_cell_count": 30, "mode": "historical"}}, {"type": "Feature", "geometry": {"type": "Point", "coordinates": [77.4176, 28.7735]}, "properties": {"hotspot_id": "HS_delhi_ncr_2025-11-12_150", "region_id": "delhi_ncr", "date": "2025-11-12", "avg_estimated_aqi": 274.3, "max_estimated_aqi": 362.3, "severity": "Very Poor", "affected_cell_count": 34, "mode": "historical"}}, {"type": "Feature", "geometry": {"type": "Point", "coordinates": [76.875, 28.525]}, "properties": {"hotspot_id": "HS_delhi_ncr_2025-11-13_151", "region_id": "delhi_ncr", "date": "2025-11-13", "avg_estimated_aqi": 239.7, "max_estimated_aqi": 279.1, "severity": "Poor", "affected_cell_count": 15, "mode": "historical"}}, {"type": "Feature", "geometry": {"type": "Point", "coordinates": [77.1029, 28.5015]}, "properties": {"hotspot_id": "HS_delhi_ncr_2025-11-13_152", "region_id": "delhi_ncr", "date": "2025-11-13", "avg_estimated_aqi": 255.3, "max_estimated_aqi": 318.6, "severity": "Very Poor", "affected_cell_count": 34, "mode": "historical"}}, {"type": "Feature", "geometry": {"type": "Point", "coordinates": [77.4183, 28.4982]}, "properties": {"hotspot_id": "HS_delhi_ncr_2025-11-13_153", "region_id": "delhi_ncr", "date": "2025-11-13", "avg_estimated_aqi": 278.0, "max_estimated_aqi": 362.8, "severity": "Very Poor", "affected_cell_count": 41, "mode": "historical"}}, {"type": "Feature", "geometry": {"type": "Point", "coordinates": [76.88, 28.78]}, "properties": {"hotspot_id": "HS_delhi_ncr_2025-11-13_154", "region_id": "delhi_ncr", "date": "2025-11-13", "avg_estimated_aqi": 266.9, "max_estimated_aqi": 352.7, "severity": "Very Poor", "affected_cell_count": 10, "mode": "historical"}}, {"type": "Feature", "geometry": {"type": "Point", "coordinates": [77.1, 28.775]}, "properties": {"hotspot_id": "HS_delhi_ncr_2025-11-13_155", "region_id": "delhi_ncr", "date": "2025-11-13", "avg_estimated_aqi": 284.9, "max_estimated_aqi": 426.5, "severity": "Severe", "affected_cell_count": 30, "mode": "historical"}}, {"type": "Feature", "geometry": {"type": "Point", "coordinates": [77.4176, 28.7735]}, "properties": {"hotspot_id": "HS_delhi_ncr_2025-11-13_156", "region_id": "delhi_ncr", "date": "2025-11-13", "avg_estimated_aqi": 338.7, "max_estimated_aqi": 397.3, "severity": "Very Poor", "affected_cell_count": 34, "mode": "historical"}}, {"type": "Feature", "geometry": {"type": "Point", "coordinates": [76.895, 28.49]}, "properties": {"hotspot_id": "HS_delhi_ncr_2025-11-14_157", "region_id": "delhi_ncr", "date": "2025-11-14", "avg_estimated_aqi": 262.2, "max_estimated_aqi": 309.2, "severity": "Very Poor", "affected_cell_count": 10, "mode": "historical"}}, {"type": "Feature", "geometry": {"type": "Point", "coordinates": [77.0956, 28.5029]}, "properties": {"hotspot_id": "HS_delhi_ncr_2025-11-14_158", "region_id": "delhi_ncr", "date": "2025-11-14", "avg_estimated_aqi": 268.4, "max_estimated_aqi": 327.5, "severity": "Very Poor", "affected_cell_count": 34, "mode": "historical"}}, {"type": "Feature", "geometry": {"type": "Point", "coordinates": [77.4183, 28.4982]}, "properties": {"hotspot_id": "HS_delhi_ncr_2025-11-14_159", "region_id": "delhi_ncr", "date": "2025-11-14", "avg_estimated_aqi": 291.9, "max_estimated_aqi": 394.5, "severity": "Very Poor", "affected_cell_count": 41, "mode": "historical"}}, {"type": "Feature", "geometry": {"type": "Point", "coordinates": [76.8714, 28.7786]}, "properties": {"hotspot_id": "HS_delhi_ncr_2025-11-14_160", "region_id": "delhi_ncr", "date": "2025-11-14", "avg_estimated_aqi": 263.7, "max_estimated_aqi": 376.5, "severity": "Very Poor", "affected_cell_count": 14, "mode": "historical"}}, {"type": "Feature", "geometry": {"type": "Point", "coordinates": [77.1, 28.775]}, "properties": {"hotspot_id": "HS_delhi_ncr_2025-11-14_161", "region_id": "delhi_ncr", "date": "2025-11-14", "avg_estimated_aqi": 263.5, "max_estimated_aqi": 318.5, "severity": "Very Poor", "affected_cell_count": 30, "mode": "historical"}}, {"type": "Feature", "geometry": {"type": "Point", "coordinates": [77.3964, 28.7589]}, "properties": {"hotspot_id": "HS_delhi_ncr_2025-11-14_162", "region_id": "delhi_ncr", "date": "2025-11-14", "avg_estimated_aqi": 273.1, "max_estimated_aqi": 364.6, "severity": "Very Poor", "affected_cell_count": 28, "mode": "historical"}}, {"type": "Feature", "geometry": {"type": "Point", "coordinates": [76.8779, 28.4985]}, "properties": {"hotspot_id": "HS_delhi_ncr_2025-11-15_163", "region_id": "delhi_ncr", "date": "2025-11-15", "avg_estimated_aqi": 256.1, "max_estimated_aqi": 297.5, "severity": "Poor", "affected_cell_count": 17, "mode": "historical"}}, {"type": "Feature", "geometry": {"type": "Point", "coordinates": [77.0941, 28.5029]}, "properties": {"hotspot_id": "HS_delhi_ncr_2025-11-15_164", "region_id": "delhi_ncr", "date": "2025-11-15", "avg_estimated_aqi": 260.1, "max_estimated_aqi": 331.9, "severity": "Very Poor", "affected_cell_count": 34, "mode": "historical"}}, {"type": "Feature", "geometry": {"type": "Point", "coordinates": [77.4257, 28.4947]}, "properties": {"hotspot_id": "HS_delhi_ncr_2025-11-15_165", "region_id": "delhi_ncr", "date": "2025-11-15", "avg_estimated_aqi": 248.8, "max_estimated_aqi": 312.2, "severity": "Very Poor", "affected_cell_count": 38, "mode": "historical"}}, {"type": "Feature", "geometry": {"type": "Point", "coordinates": [76.875, 28.7788]}, "properties": {"hotspot_id": "HS_delhi_ncr_2025-11-15_166", "region_id": "delhi_ncr", "date": "2025-11-15", "avg_estimated_aqi": 237.6, "max_estimated_aqi": 315.6, "severity": "Very Poor", "affected_cell_count": 13, "mode": "historical"}}, {"type": "Feature", "geometry": {"type": "Point", "coordinates": [77.0991, 28.7716]}, "properties": {"hotspot_id": "HS_delhi_ncr_2025-11-15_167", "region_id": "delhi_ncr", "date": "2025-11-15", "avg_estimated_aqi": 252.7, "max_estimated_aqi": 314.0, "severity": "Very Poor", "affected_cell_count": 29, "mode": "historical"}}, {"type": "Feature", "geometry": {"type": "Point", "coordinates": [77.4094, 28.7734]}, "properties": {"hotspot_id": "HS_delhi_ncr_2025-11-15_168", "region_id": "delhi_ncr", "date": "2025-11-15", "avg_estimated_aqi": 261.8, "max_estimated_aqi": 336.4, "severity": "Very Poor", "affected_cell_count": 32, "mode": "historical"}}, {"type": "Feature", "geometry": {"type": "Point", "coordinates": [80.1964, 26.4393]}, "properties": {"hotspot_id": "HS_kanpur_industrial_2025-10-15_169", "region_id": "kanpur_industrial", "date": "2025-10-15", "avg_estimated_aqi": 212.5, "max_estimated_aqi": 222.4, "severity": "Poor", "affected_cell_count": 7, "mode": "historical"}}, {"type": "Feature", "geometry": {"type": "Point", "coordinates": [80.4284, 26.4319]}, "properties": {"hotspot_id": "HS_kanpur_industrial_2025-10-15_170", "region_id": "kanpur_industrial", "date": "2025-10-15", "avg_estimated_aqi": 219.5, "max_estimated_aqi": 268.3, "severity": "Poor", "affected_cell_count": 29, "mode": "historical"}}, {"type": "Feature", "geometry": {"type": "Point", "coordinates": [80.225, 26.575]}, "properties": {"hotspot_id": "HS_kanpur_industrial_2025-10-15_171", "region_id": "kanpur_industrial", "date": "2025-10-15", "avg_estimated_aqi": 207.7, "max_estimated_aqi": 207.7, "severity": "Poor", "affected_cell_count": 1, "mode": "historical"}}, {"type": "Feature", "geometry": {"type": "Point", "coordinates": [80.4562, 26.575]}, "properties": {"hotspot_id": "HS_kanpur_industrial_2025-10-15_172", "region_id": "kanpur_industrial", "date": "2025-10-15", "avg_estimated_aqi": 218.1, "max_estimated_aqi": 236.1, "severity": "Poor", "affected_cell_count": 4, "mode": "historical"}}, {"type": "Feature", "geometry": {"type": "Point", "coordinates": [80.195, 26.365]}, "properties": {"hotspot_id": "HS_kanpur_industrial_2025-10-16_173", "region_id": "kanpur_industrial", "date": "2025-10-16", "avg_estimated_aqi": 208.0, "max_estimated_aqi": 220.7, "severity": "Poor", "affected_cell_count": 5, "mode": "historical"}}, {"type": "Feature", "geometry": {"type": "Point", "coordinates": [80.425, 26.4025]}, "properties": {"hotspot_id": "HS_kanpur_industrial_2025-10-16_174", "region_id": "kanpur_industrial", "date": "2025-10-16", "avg_estimated_aqi": 216.8, "max_estimated_aqi": 269.3, "severity": "Poor", "affected_cell_count": 20, "mode": "historical"}}, {"type": "Feature", "geometry": {"type": "Point", "coordinates": [80.175, 26.575]}, "properties": {"hotspot_id": "HS_kanpur_industrial_2025-10-16_175", "region_id": "kanpur_industrial", "date": "2025-10-16", "avg_estimated_aqi": 202.6, "max_estimated_aqi": 202.6, "severity": "Poor", "affected_cell_count": 1, "mode": "historical"}}, {"type": "Feature", "geometry": {"type": "Point", "coordinates": [80.55, 26.575]}, "properties": {"hotspot_id": "HS_kanpur_industrial_2025-10-16_176", "region_id": "kanpur_industrial", "date": "2025-10-16", "avg_estimated_aqi": 201.3, "max_estimated_aqi": 201.3, "severity": "Poor", "affected_cell_count": 1, "mode": "historical"}}, {"type": "Feature", "geometry": {"type": "Point", "coordinates": [80.195, 26.465]}, "properties": {"hotspot_id": "HS_kanpur_industrial_2025-10-17_177", "region_id": "kanpur_industrial", "date": "2025-10-17", "avg_estimated_aqi": 216.7, "max_estimated_aqi": 237.6, "severity": "Poor", "affected_cell_count": 5, "mode": "historical"}}, {"type": "Feature", "geometry": {"type": "Point", "coordinates": [80.4135, 26.4288]}, "properties": {"hotspot_id": "HS_kanpur_industrial_2025-10-17_178", "region_id": "kanpur_industrial", "date": "2025-10-17", "avg_estimated_aqi": 225.3, "max_estimated_aqi": 277.7, "severity": "Poor", "affected_cell_count": 26, "mode": "historical"}}, {"type": "Feature", "geometry": {"type": "Point", "coordinates": [80.2, 26.575]}, "properties": {"hotspot_id": "HS_kanpur_industrial_2025-10-17_179", "region_id": "kanpur_industrial", "date": "2025-10-17", "avg_estimated_aqi": 255.3, "max_estimated_aqi": 259.8, "severity": "Poor", "affected_cell_count": 2, "mode": "historical"}}, {"type": "Feature", "geometry": {"type": "Point", "coordinates": [80.41, 26.575]}, "properties": {"hotspot_id": "HS_kanpur_industrial_2025-10-17_180", "region_id": "kanpur_industrial", "date": "2025-10-17", "avg_estimated_aqi": 228.2, "max_estimated_aqi": 255.6, "severity": "Poor", "affected_cell_count": 5, "mode": "historical"}}, {"type": "Feature", "geometry": {"type": "Point", "coordinates": [80.2, 26.425]}, "properties": {"hotspot_id": "HS_kanpur_industrial_2025-10-18_181", "region_id": "kanpur_industrial", "date": "2025-10-18", "avg_estimated_aqi": 245.0, "max_estimated_aqi": 283.2, "severity": "Poor", "affected_cell_count": 10, "mode": "historical"}}, {"type": "Feature", "geometry": {"type": "Point", "coordinates": [80.4176, 26.4265]}, "properties": {"hotspot_id": "HS_kanpur_industrial_2025-10-18_182", "region_id": "kanpur_industrial", "date": "2025-10-18", "avg_estimated_aqi": 264.3, "max_estimated_aqi": 310.1, "severity": "Very Poor", "affected_cell_count": 34, "mode": "historical"}}, {"type": "Feature", "geometry": {"type": "Point", "coordinates": [80.2, 26.575]}, "properties": {"hotspot_id": "HS_kanpur_industrial_2025-10-18_183", "region_id": "kanpur_industrial", "date": "2025-10-18", "avg_estimated_aqi": 243.2, "max_estimated_aqi": 255.0, "severity": "Poor", "affected_cell_count": 2, "mode": "historical"}}, {"type": "Feature", "geometry": {"type": "Point", "coordinates": [80.4214, 26.575]}, "properties": {"hotspot_id": "HS_kanpur_industrial_2025-10-18_184", "region_id": "kanpur_industrial", "date": "2025-10-18", "avg_estimated_aqi": 256.6, "max_estimated_aqi": 274.3, "severity": "Poor", "affected_cell_count": 7, "mode": "historical"}}, {"type": "Feature", "geometry": {"type": "Point", "coordinates": [80.1972, 26.4306]}, "properties": {"hotspot_id": "HS_kanpur_industrial_2025-10-19_185", "region_id": "kanpur_industrial", "date": "2025-10-19", "avg_estimated_aqi": 240.2, "max_estimated_aqi": 261.1, "severity": "Poor", "affected_cell_count": 9, "mode": "historical"}}, {"type": "Feature", "geometry": {"type": "Point", "coordinates": [80.4144, 26.4295]}, "properties": {"hotspot_id": "HS_kanpur_industrial_2025-10-19_186", "region_id": "kanpur_industrial", "date": "2025-10-19", "avg_estimated_aqi": 255.0, "max_estimated_aqi": 308.1, "severity": "Very Poor", "affected_cell_count": 33, "mode": "historical"}}, {"type": "Feature", "geometry": {"type": "Point", "coordinates": [80.2, 26.575]}, "properties": {"hotspot_id": "HS_kanpur_industrial_2025-10-19_187", "region_id": "kanpur_industrial", "date": "2025-10-19", "avg_estimated_aqi": 225.2, "max_estimated_aqi": 229.9, "severity": "Poor", "affected_cell_count": 2, "mode": "historical"}}, {"type": "Feature", "geometry": {"type": "Point", "coordinates": [80.4214, 26.575]}, "properties": {"hotspot_id": "HS_kanpur_industrial_2025-10-19_188", "region_id": "kanpur_industrial", "date": "2025-10-19", "avg_estimated_aqi": 260.2, "max_estimated_aqi": 294.9, "severity": "Poor", "affected_cell_count": 7, "mode": "historical"}}, {"type": "Feature", "geometry": {"type": "Point", "coordinates": [80.2, 26.4375]}, "properties": {"hotspot_id": "HS_kanpur_industrial_2025-10-20_189", "region_id": "kanpur_industrial", "date": "2025-10-20", "avg_estimated_aqi": 239.9, "max_estimated_aqi": 268.1, "severity": "Poor", "affected_cell_count": 8, "mode": "historical"}}, {"type": "Feature", "geometry": {"type": "Point", "coordinates": [80.3923, 26.4212]}, "properties": {"hotspot_id": "HS_kanpur_industrial_2025-10-20_190", "region_id": "kanpur_industrial", "date": "2025-10-20", "avg_estimated_aqi": 219.6, "max_estimated_aqi": 266.7, "severity": "Poor", "affected_cell_count": 26, "mode": "historical"}}, {"type": "Feature", "geometry": {"type": "Point", "coordinates": [80.2, 26.575]}, "properties": {"hotspot_id": "HS_kanpur_industrial_2025-10-20_191", "region_id": "kanpur_industrial", "date": "2025-10-20", "avg_estimated_aqi": 227.3, "max_estimated_aqi": 234.6, "severity": "Poor", "affected_cell_count": 2, "mode": "historical"}}, {"type": "Feature", "geometry": {"type": "Point", "coordinates": [80.4214, 26.575]}, "properties": {"hotspot_id": "HS_kanpur_industrial_2025-10-20_192", "region_id": "kanpur_industrial", "date": "2025-10-20", "avg_estimated_aqi": 218.0, "max_estimated_aqi": 230.0, "severity": "Poor", "affected_cell_count": 7, "mode": "historical"}}, {"type": "Feature", "geometry": {"type": "Point", "coordinates": [80.5167, 26.525]}, "properties": {"hotspot_id": "HS_kanpur_industrial_2025-10-22_193", "region_id": "kanpur_industrial", "date": "2025-10-22", "avg_estimated_aqi": 256.0, "max_estimated_aqi": 256.0, "severity": "Poor", "affected_cell_count": 3, "mode": "historical"}}, {"type": "Feature", "geometry": {"type": "Point", "coordinates": [80.4458, 26.575]}, "properties": {"hotspot_id": "HS_kanpur_industrial_2025-10-22_194", "region_id": "kanpur_industrial", "date": "2025-10-22", "avg_estimated_aqi": 250.7, "max_estimated_aqi": 256.8, "severity": "Poor", "affected_cell_count": 6, "mode": "historical"}}, {"type": "Feature", "geometry": {"type": "Point", "coordinates": [80.2, 26.425]}, "properties": {"hotspot_id": "HS_kanpur_industrial_2025-10-24_195", "region_id": "kanpur_industrial", "date": "2025-10-24", "avg_estimated_aqi": 239.5, "max_estimated_aqi": 250.8, "severity": "Poor", "affected_cell_count": 10, "mode": "historical"}}, {"type": "Feature", "geometry": {"type": "Point", "coordinates": [80.4176, 26.4265]}, "properties": {"hotspot_id": "HS_kanpur_industrial_2025-10-24_196", "region_id": "kanpur_industrial", "date": "2025-10-24", "avg_estimated_aqi": 246.6, "max_estimated_aqi": 298.1, "severity": "Poor", "affected_cell_count": 34, "mode": "historical"}}, {"type": "Feature", "geometry": {"type": "Point", "coordinates": [80.2, 26.575]}, "properties": {"hotspot_id": "HS_kanpur_industrial_2025-10-24_197", "region_id": "kanpur_industrial", "date": "2025-10-24", "avg_estimated_aqi": 284.7, "max_estimated_aqi": 295.1, "severity": "Poor", "affected_cell_count": 2, "mode": "historical"}}, {"type": "Feature", "geometry": {"type": "Point", "coordinates": [80.4214, 26.575]}, "properties": {"hotspot_id": "HS_kanpur_industrial_2025-10-24_198", "region_id": "kanpur_industrial", "date": "2025-10-24", "avg_estimated_aqi": 262.0, "max_estimated_aqi": 288.4, "severity": "Poor", "affected_cell_count": 7, "mode": "historical"}}, {"type": "Feature", "geometry": {"type": "Point", "coordinates": [80.2, 26.475]}, "properties": {"hotspot_id": "HS_kanpur_industrial_2025-10-25_199", "region_id": "kanpur_industrial", "date": "2025-10-25", "avg_estimated_aqi": 214.2, "max_estimated_aqi": 220.3, "severity": "Poor", "affected_cell_count": 6, "mode": "historical"}}, {"type": "Feature", "geometry": {"type": "Point", "coordinates": [80.4353, 26.4267]}, "properties": {"hotspot_id": "HS_kanpur_industrial_2025-10-25_200", "region_id": "kanpur_industrial", "date": "2025-10-25", "avg_estimated_aqi": 234.0, "max_estimated_aqi": 270.3, "severity": "Poor", "affected_cell_count": 29, "mode": "historical"}}, {"type": "Feature", "geometry": {"type": "Point", "coordinates": [80.2, 26.575]}, "properties": {"hotspot_id": "HS_kanpur_industrial_2025-10-25_201", "region_id": "kanpur_industrial", "date": "2025-10-25", "avg_estimated_aqi": 220.6, "max_estimated_aqi": 231.1, "severity": "Poor", "affected_cell_count": 2, "mode": "historical"}}, {"type": "Feature", "geometry": {"type": "Point", "coordinates": [80.45, 26.575]}, "properties": {"hotspot_id": "HS_kanpur_industrial_2025-10-25_202", "region_id": "kanpur_industrial", "date": "2025-10-25", "avg_estimated_aqi": 266.1, "max_estimated_aqi": 304.5, "severity": "Very Poor", "affected_cell_count": 5, "mode": "historical"}}, {"type": "Feature", "geometry": {"type": "Point", "coordinates": [80.1964, 26.425]}, "properties": {"hotspot_id": "HS_kanpur_industrial_2025-10-26_203", "region_id": "kanpur_industrial", "date": "2025-10-26", "avg_estimated_aqi": 219.6, "max_estimated_aqi": 251.3, "severity": "Poor", "affected_cell_count": 7, "mode": "historical"}}, {"type": "Feature", "geometry": {"type": "Point", "coordinates": [80.426, 26.4312]}, "properties": {"hotspot_id": "HS_kanpur_industrial_2025-10-26_204", "region_id": "kanpur_industrial", "date": "2025-10-26", "avg_estimated_aqi": 227.7, "max_estimated_aqi": 277.2, "severity": "Poor", "affected_cell_count": 24, "mode": "historical"}}, {"type": "Feature", "geometry": {"type": "Point", "coordinates": [80.2, 26.575]}, "properties": {"hotspot_id": "HS_kanpur_industrial_2025-10-26_205", "region_id": "kanpur_industrial", "date": "2025-10-26", "avg_estimated_aqi": 208.4, "max_estimated_aqi": 211.7, "severity": "Poor", "affected_cell_count": 2, "mode": "historical"}}, {"type": "Feature", "geometry": {"type": "Point", "coordinates": [80.4375, 26.575]}, "properties": {"hotspot_id": "HS_kanpur_industrial_2025-10-26_206", "region_id": "kanpur_industrial", "date": "2025-10-26", "avg_estimated_aqi": 227.8, "max_estimated_aqi": 239.7, "severity": "Poor", "affected_cell_count": 6, "mode": "historical"}}, {"type": "Feature", "geometry": {"type": "Point", "coordinates": [80.4667, 26.4875]}, "properties": {"hotspot_id": "HS_kanpur_industrial_2025-10-29_207", "region_id": "kanpur_industrial", "date": "2025-10-29", "avg_estimated_aqi": 259.3, "max_estimated_aqi": 296.4, "severity": "Poor", "affected_cell_count": 12, "mode": "historical"}}, {"type": "Feature", "geometry": {"type": "Point", "coordinates": [80.4937, 26.575]}, "properties": {"hotspot_id": "HS_kanpur_industrial_2025-10-29_208", "region_id": "kanpur_industrial", "date": "2025-10-29", "avg_estimated_aqi": 279.7, "max_estimated_aqi": 296.4, "severity": "Poor", "affected_cell_count": 4, "mode": "historical"}}, {"type": "Feature", "geometry": {"type": "Point", "coordinates": [80.1972, 26.4361]}, "properties": {"hotspot_id": "HS_kanpur_industrial_2025-11-01_209", "region_id": "kanpur_industrial", "date": "2025-11-01", "avg_estimated_aqi": 217.3, "max_estimated_aqi": 234.8, "severity": "Poor", "affected_cell_count": 9, "mode": "historical"}}, {"type": "Feature", "geometry": {"type": "Point", "coordinates": [80.4187, 26.4328]}, "properties": {"hotspot_id": "HS_kanpur_industrial_2025-11-01_210", "region_id": "kanpur_industrial", "date": "2025-11-01", "avg_estimated_aqi": 241.2, "max_estimated_aqi": 284.2, "severity": "Poor", "affected_cell_count": 32, "mode": "historical"}}, {"type": "Feature", "geometry": {"type": "Point", "coordinates": [80.2, 26.575]}, "properties": {"hotspot_id": "HS_kanpur_industrial_2025-11-01_211", "region_id": "kanpur_industrial", "date": "2025-11-01", "avg_estimated_aqi": 228.2, "max_estimated_aqi": 229.5, "severity": "Poor", "affected_cell_count": 2, "mode": "historical"}}, {"type": "Feature", "geometry": {"type": "Point", "coordinates": [80.4214, 26.575]}, "properties": {"hotspot_id": "HS_kanpur_industrial_2025-11-01_212", "region_id": "kanpur_industrial", "date": "2025-11-01", "avg_estimated_aqi": 243.1, "max_estimated_aqi": 272.8, "severity": "Poor", "affected_cell_count": 7, "mode": "historical"}}, {"type": "Feature", "geometry": {"type": "Point", "coordinates": [80.2, 26.425]}, "properties": {"hotspot_id": "HS_kanpur_industrial_2025-11-02_213", "region_id": "kanpur_industrial", "date": "2025-11-02", "avg_estimated_aqi": 263.1, "max_estimated_aqi": 278.3, "severity": "Poor", "affected_cell_count": 10, "mode": "historical"}}, {"type": "Feature", "geometry": {"type": "Point", "coordinates": [80.4172, 26.4312]}, "properties": {"hotspot_id": "HS_kanpur_industrial_2025-11-02_214", "region_id": "kanpur_industrial", "date": "2025-11-02", "avg_estimated_aqi": 264.2, "max_estimated_aqi": 304.4, "severity": "Very Poor", "affected_cell_count": 32, "mode": "historical"}}, {"type": "Feature", "geometry": {"type": "Point", "coordinates": [80.2, 26.575]}, "properties": {"hotspot_id": "HS_kanpur_industrial_2025-11-02_215", "region_id": "kanpur_industrial", "date": "2025-11-02", "avg_estimated_aqi": 278.8, "max_estimated_aqi": 295.2, "severity": "Poor", "affected_cell_count": 2, "mode": "historical"}}, {"type": "Feature", "geometry": {"type": "Point", "coordinates": [80.4214, 26.575]}, "properties": {"hotspot_id": "HS_kanpur_industrial_2025-11-02_216", "region_id": "kanpur_industrial", "date": "2025-11-02", "avg_estimated_aqi": 262.4, "max_estimated_aqi": 290.3, "severity": "Poor", "affected_cell_count": 7, "mode": "historical"}}, {"type": "Feature", "geometry": {"type": "Point", "coordinates": [80.2, 26.425]}, "properties": {"hotspot_id": "HS_kanpur_industrial_2025-11-03_217", "region_id": "kanpur_industrial", "date": "2025-11-03", "avg_estimated_aqi": 246.3, "max_estimated_aqi": 264.9, "severity": "Poor", "affected_cell_count": 10, "mode": "historical"}}, {"type": "Feature", "geometry": {"type": "Point", "coordinates": [80.4176, 26.4265]}, "properties": {"hotspot_id": "HS_kanpur_industrial_2025-11-03_218", "region_id": "kanpur_industrial", "date": "2025-11-03", "avg_estimated_aqi": 265.8, "max_estimated_aqi": 313.6, "severity": "Very Poor", "affected_cell_count": 34, "mode": "historical"}}, {"type": "Feature", "geometry": {"type": "Point", "coordinates": [80.2, 26.575]}, "properties": {"hotspot_id": "HS_kanpur_industrial_2025-11-03_219", "region_id": "kanpur_industrial", "date": "2025-11-03", "avg_estimated_aqi": 234.0, "max_estimated_aqi": 241.0, "severity": "Poor", "affected_cell_count": 2, "mode": "historical"}}, {"type": "Feature", "geometry": {"type": "Point", "coordinates": [80.4214, 26.575]}, "properties": {"hotspot_id": "HS_kanpur_industrial_2025-11-03_220", "region_id": "kanpur_industrial", "date": "2025-11-03", "avg_estimated_aqi": 300.0, "max_estimated_aqi": 327.8, "severity": "Very Poor", "affected_cell_count": 7, "mode": "historical"}}, {"type": "Feature", "geometry": {"type": "Point", "coordinates": [80.47, 26.45]}, "properties": {"hotspot_id": "HS_kanpur_industrial_2025-11-04_221", "region_id": "kanpur_industrial", "date": "2025-11-04", "avg_estimated_aqi": 238.1, "max_estimated_aqi": 250.9, "severity": "Poor", "affected_cell_count": 10, "mode": "historical"}}, {"type": "Feature", "geometry": {"type": "Point", "coordinates": [80.2, 26.425]}, "properties": {"hotspot_id": "HS_kanpur_industrial_2025-11-05_222", "region_id": "kanpur_industrial", "date": "2025-11-05", "avg_estimated_aqi": 246.6, "max_estimated_aqi": 272.9, "severity": "Poor", "affected_cell_count": 10, "mode": "historical"}}, {"type": "Feature", "geometry": {"type": "Point", "coordinates": [80.43, 26.4317]}, "properties": {"hotspot_id": "HS_kanpur_industrial_2025-11-05_223", "region_id": "kanpur_industrial", "date": "2025-11-05", "avg_estimated_aqi": 235.8, "max_estimated_aqi": 319.5, "severity": "Very Poor", "affected_cell_count": 30, "mode": "historical"}}, {"type": "Feature", "geometry": {"type": "Point", "coordinates": [80.2, 26.575]}, "properties": {"hotspot_id": "HS_kanpur_industrial_2025-11-05_224", "region_id": "kanpur_industrial", "date": "2025-11-05", "avg_estimated_aqi": 250.4, "max_estimated_aqi": 253.6, "severity": "Poor", "affected_cell_count": 2, "mode": "historical"}}, {"type": "Feature", "geometry": {"type": "Point", "coordinates": [80.4214, 26.575]}, "properties": {"hotspot_id": "HS_kanpur_industrial_2025-11-05_225", "region_id": "kanpur_industrial", "date": "2025-11-05", "avg_estimated_aqi": 230.6, "max_estimated_aqi": 247.9, "severity": "Poor", "affected_cell_count": 7, "mode": "historical"}}, {"type": "Feature", "geometry": {"type": "Point", "coordinates": [80.175, 26.425]}, "properties": {"hotspot_id": "HS_kanpur_industrial_2025-11-06_226", "region_id": "kanpur_industrial", "date": "2025-11-06", "avg_estimated_aqi": 204.6, "max_estimated_aqi": 204.6, "severity": "Poor", "affected_cell_count": 1, "mode": "historical"}}, {"type": "Feature", "geometry": {"type": "Point", "coordinates": [80.525, 26.525]}, "properties": {"hotspot_id": "HS_kanpur_industrial_2025-11-06_227", "region_id": "kanpur_industrial", "date": "2025-11-06", "avg_estimated_aqi": 202.9, "max_estimated_aqi": 202.9, "severity": "Poor", "affected_cell_count": 1, "mode": "historical"}}, {"type": "Feature", "geometry": {"type": "Point", "coordinates": [80.225, 26.575]}, "properties": {"hotspot_id": "HS_kanpur_industrial_2025-11-06_228", "region_id": "kanpur_industrial", "date": "2025-11-06", "avg_estimated_aqi": 220.7, "max_estimated_aqi": 220.7, "severity": "Poor", "affected_cell_count": 1, "mode": "historical"}}, {"type": "Feature", "geometry": {"type": "Point", "coordinates": [80.325, 26.575]}, "properties": {"hotspot_id": "HS_kanpur_industrial_2025-11-06_229", "region_id": "kanpur_industrial", "date": "2025-11-06", "avg_estimated_aqi": 227.1, "max_estimated_aqi": 238.4, "severity": "Poor", "affected_cell_count": 3, "mode": "historical"}}, {"type": "Feature", "geometry": {"type": "Point", "coordinates": [80.2, 26.425]}, "properties": {"hotspot_id": "HS_kanpur_industrial_2025-11-07_230", "region_id": "kanpur_industrial", "date": "2025-11-07", "avg_estimated_aqi": 255.9, "max_estimated_aqi": 291.4, "severity": "Poor", "affected_cell_count": 10, "mode": "historical"}}, {"type": "Feature", "geometry": {"type": "Point", "coordinates": [80.4045, 26.4446]}, "properties": {"hotspot_id": "HS_kanpur_industrial_2025-11-07_231", "region_id": "kanpur_industrial", "date": "2025-11-07", "avg_estimated_aqi": 233.7, "max_estimated_aqi": 278.9, "severity": "Poor", "affected_cell_count": 28, "mode": "historical"}}, {"type": "Feature", "geometry": {"type": "Point", "coordinates": [80.2, 26.575]}, "properties": {"hotspot_id": "HS_kanpur_industrial_2025-11-07_232", "region_id": "kanpur_industrial", "date": "2025-11-07", "avg_estimated_aqi": 254.0, "max_estimated_aqi": 265.7, "severity": "Poor", "affected_cell_count": 2, "mode": "historical"}}, {"type": "Feature", "geometry": {"type": "Point", "coordinates": [80.4214, 26.575]}, "properties": {"hotspot_id": "HS_kanpur_industrial_2025-11-07_233", "region_id": "kanpur_industrial", "date": "2025-11-07", "avg_estimated_aqi": 252.2, "max_estimated_aqi": 272.0, "severity": "Poor", "affected_cell_count": 7, "mode": "historical"}}, {"type": "Feature", "geometry": {"type": "Point", "coordinates": [80.2, 26.425]}, "properties": {"hotspot_id": "HS_kanpur_industrial_2025-11-08_234", "region_id": "kanpur_industrial", "date": "2025-11-08", "avg_estimated_aqi": 276.4, "max_estimated_aqi": 313.9, "severity": "Very Poor", "affected_cell_count": 10, "mode": "historical"}}, {"type": "Feature", "geometry": {"type": "Point", "coordinates": [80.4176, 26.4265]}, "properties": {"hotspot_id": "HS_kanpur_industrial_2025-11-08_235", "region_id": "kanpur_industrial", "date": "2025-11-08", "avg_estimated_aqi": 281.5, "max_estimated_aqi": 330.4, "severity": "Very Poor", "affected_cell_count": 34, "mode": "historical"}}, {"type": "Feature", "geometry": {"type": "Point", "coordinates": [80.2, 26.575]}, "properties": {"hotspot_id": "HS_kanpur_industrial_2025-11-08_236", "region_id": "kanpur_industrial", "date": "2025-11-08", "avg_estimated_aqi": 327.6, "max_estimated_aqi": 345.8, "severity": "Very Poor", "affected_cell_count": 2, "mode": "historical"}}, {"type": "Feature", "geometry": {"type": "Point", "coordinates": [80.4214, 26.575]}, "properties": {"hotspot_id": "HS_kanpur_industrial_2025-11-08_237", "region_id": "kanpur_industrial", "date": "2025-11-08", "avg_estimated_aqi": 254.5, "max_estimated_aqi": 332.4, "severity": "Very Poor", "affected_cell_count": 7, "mode": "historical"}}, {"type": "Feature", "geometry": {"type": "Point", "coordinates": [80.2, 26.425]}, "properties": {"hotspot_id": "HS_kanpur_industrial_2025-11-09_238", "region_id": "kanpur_industrial", "date": "2025-11-09", "avg_estimated_aqi": 271.8, "max_estimated_aqi": 320.5, "severity": "Very Poor", "affected_cell_count": 10, "mode": "historical"}}, {"type": "Feature", "geometry": {"type": "Point", "coordinates": [80.4137, 26.425]}, "properties": {"hotspot_id": "HS_kanpur_industrial_2025-11-09_239", "region_id": "kanpur_industrial", "date": "2025-11-09", "avg_estimated_aqi": 235.7, "max_estimated_aqi": 296.9, "severity": "Poor", "affected_cell_count": 31, "mode": "historical"}}, {"type": "Feature", "geometry": {"type": "Point", "coordinates": [80.2, 26.575]}, "properties": {"hotspot_id": "HS_kanpur_industrial_2025-11-09_240", "region_id": "kanpur_industrial", "date": "2025-11-09", "avg_estimated_aqi": 270.8, "max_estimated_aqi": 284.2, "severity": "Poor", "affected_cell_count": 2, "mode": "historical"}}, {"type": "Feature", "geometry": {"type": "Point", "coordinates": [80.4214, 26.575]}, "properties": {"hotspot_id": "HS_kanpur_industrial_2025-11-09_241", "region_id": "kanpur_industrial", "date": "2025-11-09", "avg_estimated_aqi": 278.4, "max_estimated_aqi": 311.2, "severity": "Very Poor", "affected_cell_count": 7, "mode": "historical"}}, {"type": "Feature", "geometry": {"type": "Point", "coordinates": [80.2, 26.425]}, "properties": {"hotspot_id": "HS_kanpur_industrial_2025-11-10_242", "region_id": "kanpur_industrial", "date": "2025-11-10", "avg_estimated_aqi": 244.1, "max_estimated_aqi": 262.2, "severity": "Poor", "affected_cell_count": 10, "mode": "historical"}}, {"type": "Feature", "geometry": {"type": "Point", "coordinates": [80.4176, 26.4265]}, "properties": {"hotspot_id": "HS_kanpur_industrial_2025-11-10_243", "region_id": "kanpur_industrial", "date": "2025-11-10", "avg_estimated_aqi": 264.9, "max_estimated_aqi": 356.7, "severity": "Very Poor", "affected_cell_count": 34, "mode": "historical"}}, {"type": "Feature", "geometry": {"type": "Point", "coordinates": [80.225, 26.575]}, "properties": {"hotspot_id": "HS_kanpur_industrial_2025-11-10_244", "region_id": "kanpur_industrial", "date": "2025-11-10", "avg_estimated_aqi": 224.4, "max_estimated_aqi": 224.4, "severity": "Poor", "affected_cell_count": 1, "mode": "historical"}}, {"type": "Feature", "geometry": {"type": "Point", "coordinates": [80.4458, 26.575]}, "properties": {"hotspot_id": "HS_kanpur_industrial_2025-11-10_245", "region_id": "kanpur_industrial", "date": "2025-11-10", "avg_estimated_aqi": 297.7, "max_estimated_aqi": 323.9, "severity": "Very Poor", "affected_cell_count": 6, "mode": "historical"}}, {"type": "Feature", "geometry": {"type": "Point", "coordinates": [80.2, 26.35]}, "properties": {"hotspot_id": "HS_kanpur_industrial_2025-11-11_246", "region_id": "kanpur_industrial", "date": "2025-11-11", "avg_estimated_aqi": 249.4, "max_estimated_aqi": 266.5, "severity": "Poor", "affected_cell_count": 4, "mode": "historical"}}, {"type": "Feature", "geometry": {"type": "Point", "coordinates": [80.4094, 26.3958]}, "properties": {"hotspot_id": "HS_kanpur_industrial_2025-11-11_247", "region_id": "kanpur_industrial", "date": "2025-11-11", "avg_estimated_aqi": 230.7, "max_estimated_aqi": 274.2, "severity": "Poor", "affected_cell_count": 24, "mode": "historical"}}, {"type": "Feature", "geometry": {"type": "Point", "coordinates": [80.41, 26.575]}, "properties": {"hotspot_id": "HS_kanpur_industrial_2025-11-11_248", "region_id": "kanpur_industrial", "date": "2025-11-11", "avg_estimated_aqi": 219.0, "max_estimated_aqi": 245.8, "severity": "Poor", "affected_cell_count": 5, "mode": "historical"}}, {"type": "Feature", "geometry": {"type": "Point", "coordinates": [80.2, 26.425]}, "properties": {"hotspot_id": "HS_kanpur_industrial_2025-11-12_249", "region_id": "kanpur_industrial", "date": "2025-11-12", "avg_estimated_aqi": 273.9, "max_estimated_aqi": 293.4, "severity": "Poor", "affected_cell_count": 10, "mode": "historical"}}, {"type": "Feature", "geometry": {"type": "Point", "coordinates": [80.3946, 26.4286]}, "properties": {"hotspot_id": "HS_kanpur_industrial_2025-11-12_250", "region_id": "kanpur_industrial", "date": "2025-11-12", "avg_estimated_aqi": 235.7, "max_estimated_aqi": 294.3, "severity": "Poor", "affected_cell_count": 28, "mode": "historical"}}, {"type": "Feature", "geometry": {"type": "Point", "coordinates": [80.2, 26.575]}, "properties": {"hotspot_id": "HS_kanpur_industrial_2025-11-12_251", "region_id": "kanpur_industrial", "date": "2025-11-12", "avg_estimated_aqi": 278.8, "max_estimated_aqi": 291.9, "severity": "Poor", "affected_cell_count": 2, "mode": "historical"}}, {"type": "Feature", "geometry": {"type": "Point", "coordinates": [80.4214, 26.575]}, "properties": {"hotspot_id": "HS_kanpur_industrial_2025-11-12_252", "region_id": "kanpur_industrial", "date": "2025-11-12", "avg_estimated_aqi": 245.8, "max_estimated_aqi": 298.8, "severity": "Poor", "affected_cell_count": 7, "mode": "historical"}}, {"type": "Feature", "geometry": {"type": "Point", "coordinates": [80.2028, 26.4306]}, "properties": {"hotspot_id": "HS_kanpur_industrial_2025-11-13_253", "region_id": "kanpur_industrial", "date": "2025-11-13", "avg_estimated_aqi": 254.0, "max_estimated_aqi": 271.6, "severity": "Poor", "affected_cell_count": 9, "mode": "historical"}}, {"type": "Feature", "geometry": {"type": "Point", "coordinates": [80.4125, 26.4375]}, "properties": {"hotspot_id": "HS_kanpur_industrial_2025-11-13_254", "region_id": "kanpur_industrial", "date": "2025-11-13", "avg_estimated_aqi": 227.0, "max_estimated_aqi": 264.6, "severity": "Poor", "affected_cell_count": 28, "mode": "historical"}}, {"type": "Feature", "geometry": {"type": "Point", "coordinates": [80.2, 26.575]}, "properties": {"hotspot_id": "HS_kanpur_industrial_2025-11-13_255", "region_id": "kanpur_industrial", "date": "2025-11-13", "avg_estimated_aqi": 281.7, "max_estimated_aqi": 309.1, "severity": "Very Poor", "affected_cell_count": 2, "mode": "historical"}}, {"type": "Feature", "geometry": {"type": "Point", "coordinates": [80.4214, 26.575]}, "properties": {"hotspot_id": "HS_kanpur_industrial_2025-11-13_256", "region_id": "kanpur_industrial", "date": "2025-11-13", "avg_estimated_aqi": 228.0, "max_estimated_aqi": 299.7, "severity": "Poor", "affected_cell_count": 7, "mode": "historical"}}, {"type": "Feature", "geometry": {"type": "Point", "coordinates": [80.2, 26.375]}, "properties": {"hotspot_id": "HS_kanpur_industrial_2025-11-14_257", "region_id": "kanpur_industrial", "date": "2025-11-14", "avg_estimated_aqi": 253.8, "max_estimated_aqi": 300.7, "severity": "Very Poor", "affected_cell_count": 6, "mode": "historical"}}, {"type": "Feature", "geometry": {"type": "Point", "coordinates": [80.441, 26.425]}, "properties": {"hotspot_id": "HS_kanpur_industrial_2025-11-14_258", "region_id": "kanpur_industrial", "date": "2025-11-14", "avg_estimated_aqi": 244.1, "max_estimated_aqi": 325.5, "severity": "Very Poor", "affected_cell_count": 25, "mode": "historical"}}, {"type": "Feature", "geometry": {"type": "Point", "coordinates": [80.4458, 26.575]}, "properties": {"hotspot_id": "HS_kanpur_industrial_2025-11-14_259", "region_id": "kanpur_industrial", "date": "2025-11-14", "avg_estimated_aqi": 238.2, "max_estimated_aqi": 258.2, "severity": "Poor", "affected_cell_count": 6, "mode": "historical"}}, {"type": "Feature", "geometry": {"type": "Point", "coordinates": [80.2, 26.425]}, "properties": {"hotspot_id": "HS_kanpur_industrial_2025-11-15_260", "region_id": "kanpur_industrial", "date": "2025-11-15", "avg_estimated_aqi": 235.5, "max_estimated_aqi": 289.4, "severity": "Poor", "affected_cell_count": 10, "mode": "historical"}}, {"type": "Feature", "geometry": {"type": "Point", "coordinates": [80.4176, 26.4265]}, "properties": {"hotspot_id": "HS_kanpur_industrial_2025-11-15_261", "region_id": "kanpur_industrial", "date": "2025-11-15", "avg_estimated_aqi": 256.9, "max_estimated_aqi": 318.4, "severity": "Very Poor", "affected_cell_count": 34, "mode": "historical"}}, {"type": "Feature", "geometry": {"type": "Point", "coordinates": [80.2, 26.575]}, "properties": {"hotspot_id": "HS_kanpur_industrial_2025-11-15_262", "region_id": "kanpur_industrial", "date": "2025-11-15", "avg_estimated_aqi": 245.6, "max_estimated_aqi": 249.1, "severity": "Poor", "affected_cell_count": 2, "mode": "historical"}}, {"type": "Feature", "geometry": {"type": "Point", "coordinates": [80.4375, 26.575]}, "properties": {"hotspot_id": "HS_kanpur_industrial_2025-11-15_263", "region_id": "kanpur_industrial", "date": "2025-11-15", "avg_estimated_aqi": 247.6, "max_estimated_aqi": 268.8, "severity": "Poor", "affected_cell_count": 6, "mode": "historical"}}, {"type": "Feature", "geometry": {"type": "Point", "coordinates": [74.725, 31.325]}, "properties": {"hotspot_id": "HS_punjab_stubble_belt_2025-10-15_264", "region_id": "punjab_stubble_belt", "date": "2025-10-15", "avg_estimated_aqi": 221.9, "max_estimated_aqi": 234.2, "severity": "Poor", "affected_cell_count": 5, "mode": "historical"}}, {"type": "Feature", "geometry": {"type": "Point", "coordinates": [75.015, 31.325]}, "properties": {"hotspot_id": "HS_punjab_stubble_belt_2025-10-15_265", "region_id": "punjab_stubble_belt", "date": "2025-10-15", "avg_estimated_aqi": 220.6, "max_estimated_aqi": 243.7, "severity": "Poor", "affected_cell_count": 5, "mode": "historical"}}, {"type": "Feature", "geometry": {"type": "Point", "coordinates": [75.25, 31.325]}, "properties": {"hotspot_id": "HS_punjab_stubble_belt_2025-10-15_266", "region_id": "punjab_stubble_belt", "date": "2025-10-15", "avg_estimated_aqi": 223.5, "max_estimated_aqi": 242.5, "severity": "Poor", "affected_cell_count": 3, "mode": "historical"}}, {"type": "Feature", "geometry": {"type": "Point", "coordinates": [74.7271, 31.4812]}, "properties": {"hotspot_id": "HS_punjab_stubble_belt_2025-10-15_267", "region_id": "punjab_stubble_belt", "date": "2025-10-15", "avg_estimated_aqi": 226.8, "max_estimated_aqi": 275.0, "severity": "Poor", "affected_cell_count": 24, "mode": "historical"}}, {"type": "Feature", "geometry": {"type": "Point", "coordinates": [75.0153, 31.4895]}, "properties": {"hotspot_id": "HS_punjab_stubble_belt_2025-10-15_268", "region_id": "punjab_stubble_belt", "date": "2025-10-15", "avg_estimated_aqi": 242.2, "max_estimated_aqi": 292.5, "severity": "Poor", "affected_cell_count": 31, "mode": "historical"}}, {"type": "Feature", "geometry": {"type": "Point", "coordinates": [75.2483, 31.535]}, "properties": {"hotspot_id": "HS_punjab_stubble_belt_2025-10-15_269", "region_id": "punjab_stubble_belt", "date": "2025-10-15", "avg_estimated_aqi": 233.6, "max_estimated_aqi": 261.9, "severity": "Poor", "affected_cell_count": 15, "mode": "historical"}}, {"type": "Feature", "geometry": {"type": "Point", "coordinates": [74.7227, 31.7773]}, "properties": {"hotspot_id": "HS_punjab_stubble_belt_2025-10-15_270", "region_id": "punjab_stubble_belt", "date": "2025-10-15", "avg_estimated_aqi": 225.8, "max_estimated_aqi": 258.6, "severity": "Poor", "affected_cell_count": 22, "mode": "historical"}}, {"type": "Feature", "geometry": {"type": "Point", "coordinates": [75.0042, 31.7667]}, "properties": {"hotspot_id": "HS_punjab_stubble_belt_2025-10-15_271", "region_id": "punjab_stubble_belt", "date": "2025-10-15", "avg_estimated_aqi": 217.8, "max_estimated_aqi": 250.7, "severity": "Poor", "affected_cell_count": 24, "mode": "historical"}}, {"type": "Feature", "geometry": {"type": "Point", "coordinates": [75.2408, 31.7776]}, "properties": {"hotspot_id": "HS_punjab_stubble_belt_2025-10-15_272", "region_id": "punjab_stubble_belt", "date": "2025-10-15", "avg_estimated_aqi": 245.1, "max_estimated_aqi": 270.9, "severity": "Poor", "affected_cell_count": 19, "mode": "historical"}}, {"type": "Feature", "geometry": {"type": "Point", "coordinates": [74.725, 31.325]}, "properties": {"hotspot_id": "HS_punjab_stubble_belt_2025-10-16_273", "region_id": "punjab_stubble_belt", "date": "2025-10-16", "avg_estimated_aqi": 339.5, "max_estimated_aqi": 366.0, "severity": "Very Poor", "affected_cell_count": 5, "mode": "historical"}}, {"type": "Feature", "geometry": {"type": "Point", "coordinates": [74.975, 31.325]}, "properties": {"hotspot_id": "HS_punjab_stubble_belt_2025-10-16_274", "region_id": "punjab_stubble_belt", "date": "2025-10-16", "avg_estimated_aqi": 245.3, "max_estimated_aqi": 357.2, "severity": "Very Poor", "affected_cell_count": 5, "mode": "historical"}}, {"type": "Feature", "geometry": {"type": "Point", "coordinates": [75.2437, 31.325]}, "properties": {"hotspot_id": "HS_punjab_stubble_belt_2025-10-16_275", "region_id": "punjab_stubble_belt", "date": "2025-10-16", "avg_estimated_aqi": 236.7, "max_estimated_aqi": 259.7, "severity": "Poor", "affected_cell_count": 4, "mode": "historical"}}, {"type": "Feature", "geometry": {"type": "Point", "coordinates": [74.7226, 31.4702]}, "properties": {"hotspot_id": "HS_punjab_stubble_belt_2025-10-16_276", "region_id": "punjab_stubble_belt", "date": "2025-10-16", "avg_estimated_aqi": 249.5, "max_estimated_aqi": 332.4, "severity": "Very Poor", "affected_cell_count": 21, "mode": "historical"}}, {"type": "Feature", "geometry": {"type": "Point", "coordinates": [75.0, 31.4971]}, "properties": {"hotspot_id": "HS_punjab_stubble_belt_2025-10-16_277", "region_id": "punjab_stubble_belt", "date": "2025-10-16", "avg_estimated_aqi": 239.9, "max_estimated_aqi": 300.4, "severity": "Very Poor", "affected_cell_count": 34, "mode": "historical"}}, {"type": "Feature", "geometry": {"type": "Point", "coordinates": [75.2386, 31.5045]}, "properties": {"hotspot_id": "HS_punjab_stubble_belt_2025-10-16_278", "region_id": "punjab_stubble_belt", "date": "2025-10-16", "avg_estimated_aqi": 230.3, "max_estimated_aqi": 276.8, "severity": "Poor", "affected_cell_count": 22, "mode": "historical"}}, {"type": "Feature", "geometry": {"type": "Point", "coordinates": [74.7303, 31.7882]}, "properties": {"hotspot_id": "HS_punjab_stubble_belt_2025-10-16_279", "region_id": "punjab_stubble_belt", "date": "2025-10-16", "avg_estimated_aqi": 227.3, "max_estimated_aqi": 261.1, "severity": "Poor", "affected_cell_count": 19, "mode": "historical"}}, {"type": "Feature", "geometry": {"type": "Point", "coordinates": [74.9967, 31.788]}, "properties": {"hotspot_id": "HS_punjab_stubble_belt_2025-10-16_280", "region_id": "punjab_stubble_belt", "date": "2025-10-16", "avg_estimated_aqi": 230.6, "max_estimated_aqi": 288.4, "severity": "Poor", "affected_cell_count": 23, "mode": "historical"}}, {"type": "Feature", "geometry": {"type": "Point", "coordinates": [75.2312, 31.7625]}, "properties": {"hotspot_id": "HS_punjab_stubble_belt_2025-10-16_281", "region_id": "punjab_stubble_belt", "date": "2025-10-16", "avg_estimated_aqi": 264.3, "max_estimated_aqi": 352.2, "severity": "Very Poor", "affected_cell_count": 16, "mode": "historical"}}, {"type": "Feature", "geometry": {"type": "Point", "coordinates": [74.725, 31.325]}, "properties": {"hotspot_id": "HS_punjab_stubble_belt_2025-10-17_282", "region_id": "punjab_stubble_belt", "date": "2025-10-17", "avg_estimated_aqi": 230.0, "max_estimated_aqi": 293.4, "severity": "Poor", "affected_cell_count": 5, "mode": "historical"}}, {"type": "Feature", "geometry": {"type": "Point", "coordinates": [75.0, 31.325]}, "properties": {"hotspot_id": "HS_punjab_stubble_belt_2025-10-17_283", "region_id": "punjab_stubble_belt", "date": "2025-10-17", "avg_estimated_aqi": 245.8, "max_estimated_aqi": 279.5, "severity": "Poor", "affected_cell_count": 6, "mode": "historical"}}, {"type": "Feature", "geometry": {"type": "Point", "coordinates": [74.7154, 31.5019]}, "properties": {"hotspot_id": "HS_punjab_stubble_belt_2025-10-17_284", "region_id": "punjab_stubble_belt", "date": "2025-10-17", "avg_estimated_aqi": 243.2, "max_estimated_aqi": 313.2, "severity": "Very Poor", "affected_cell_count": 26, "mode": "historical"}}, {"type": "Feature", "geometry": {"type": "Point", "coordinates": [74.9908, 31.5145]}, "properties": {"hotspot_id": "HS_punjab_stubble_belt_2025-10-17_285", "region_id": "punjab_stubble_belt", "date": "2025-10-17", "avg_estimated_aqi": 221.2, "max_estimated_aqi": 249.5, "severity": "Poor", "affected_cell_count": 19, "mode": "historical"}}, {"type": "Feature", "geometry": {"type": "Point", "coordinates": [75.25, 31.5139]}, "properties": {"hotspot_id": "HS_punjab_stubble_belt_2025-10-17_286", "region_id": "punjab_stubble_belt", "date": "2025-10-17", "avg_estimated_aqi": 214.6, "max_estimated_aqi": 232.8, "severity": "Poor", "affected_cell_count": 9, "mode": "historical"}}, {"type": "Feature", "geometry": {"type": "Point", "coordinates": [74.6969, 31.7625]}, "properties": {"hotspot_id": "HS_punjab_stubble_belt_2025-10-17_287", "region_id": "punjab_stubble_belt", "date": "2025-10-17", "avg_estimated_aqi": 216.3, "max_estimated_aqi": 234.4, "severity": "Poor", "affected_cell_count": 16, "mode": "historical"}}, {"type": "Feature", "geometry": {"type": "Point", "coordinates": [74.995, 31.7725]}, "properties": {"hotspot_id": "HS_punjab_stubble_belt_2025-10-17_288", "region_id": "punjab_stubble_belt", "date": "2025-10-17", "avg_estimated_aqi": 243.7, "max_estimated_aqi": 283.3, "severity": "Poor", "affected_cell_count": 20, "mode": "historical"}}, {"type": "Feature", "geometry": {"type": "Point", "coordinates": [75.2556, 31.8306]}, "properties": {"hotspot_id": "HS_punjab_stubble_belt_2025-10-17_289", "region_id": "punjab_stubble_belt", "date": "2025-10-17", "avg_estimated_aqi": 218.1, "max_estimated_aqi": 244.3, "severity": "Poor", "affected_cell_count": 9, "mode": "historical"}}, {"type": "Feature", "geometry": {"type": "Point", "coordinates": [74.775, 31.325]}, "properties": {"hotspot_id": "HS_punjab_stubble_belt_2025-10-18_290", "region_id": "punjab_stubble_belt", "date": "2025-10-18", "avg_estimated_aqi": 283.0, "max_estimated_aqi": 303.7, "severity": "Very Poor", "affected_cell_count": 3, "mode": "historical"}}, {"type": "Feature", "geometry": {"type": "Point", "coordinates": [74.9917, 31.325]}, "properties": {"hotspot_id": "HS_punjab_stubble_belt_2025-10-18_291", "region_id": "punjab_stubble_belt", "date": "2025-10-18", "avg_estimated_aqi": 215.2, "max_estimated_aqi": 221.0, "severity": "Poor", "affected_cell_count": 3, "mode": "historical"}}, {"type": "Feature", "geometry": {"type": "Point", "coordinates": [75.2437, 31.325]}, "properties": {"hotspot_id": "HS_punjab_stubble_belt_2025-10-18_292", "region_id": "punjab_stubble_belt", "date": "2025-10-18", "avg_estimated_aqi": 233.1, "max_estimated_aqi": 252.2, "severity": "Poor", "affected_cell_count": 4, "mode": "historical"}}, {"type": "Feature", "geometry": {"type": "Point", "coordinates": [74.7216, 31.4991]}, "properties": {"hotspot_id": "HS_punjab_stubble_belt_2025-10-18_293", "region_id": "punjab_stubble_belt", "date": "2025-10-18", "avg_estimated_aqi": 248.0, "max_estimated_aqi": 292.3, "severity": "Poor", "affected_cell_count": 29, "mode": "historical"}}, {"type": "Feature", "geometry": {"type": "Point", "coordinates": [74.9954, 31.5009]}, "properties": {"hotspot_id": "HS_punjab_stubble_belt_2025-10-18_294", "region_id": "punjab_stubble_belt", "date": "2025-10-18", "avg_estimated_aqi": 223.7, "max_estimated_aqi": 284.5, "severity": "Poor", "affected_cell_count": 27, "mode": "historical"}}, {"type": "Feature", "geometry": {"type": "Point", "coordinates": [75.2479, 31.5292]}, "properties": {"hotspot_id": "HS_punjab_stubble_belt_2025-10-18_295", "region_id": "punjab_stubble_belt", "date": "2025-10-18", "avg_estimated_aqi": 216.3, "max_estimated_aqi": 257.3, "severity": "Poor", "affected_cell_count": 12, "mode": "historical"}}, {"type": "Feature", "geometry": {"type": "Point", "coordinates": [74.7404, 31.8058]}, "properties": {"hotspot_id": "HS_punjab_stubble_belt_2025-10-18_296", "region_id": "punjab_stubble_belt", "date": "2025-10-18", "avg_estimated_aqi": 250.3, "max_estimated_aqi": 306.1, "severity": "Very Poor", "affected_cell_count": 13, "mode": "historical"}}, {"type": "Feature", "geometry": {"type": "Point", "coordinates": [74.9691, 31.7544]}, "properties": {"hotspot_id": "HS_punjab_stubble_belt_2025-10-18_297", "region_id": "punjab_stubble_belt", "date": "2025-10-18", "avg_estimated_aqi": 219.6, "max_estimated_aqi": 248.4, "severity": "Poor", "affected_cell_count": 17, "mode": "historical"}}, {"type": "Feature", "geometry": {"type": "Point", "coordinates": [75.2525, 31.725]}, "properties": {"hotspot_id": "HS_punjab_stubble_belt_2025-10-18_298", "region_id": "punjab_stubble_belt", "date": "2025-10-18", "avg_estimated_aqi": 236.9, "max_estimated_aqi": 260.2, "severity": "Poor", "affected_cell_count": 10, "mode": "historical"}}, {"type": "Feature", "geometry": {"type": "Point", "coordinates": [74.7083, 31.325]}, "properties": {"hotspot_id": "HS_punjab_stubble_belt_2025-10-19_299", "region_id": "punjab_stubble_belt", "date": "2025-10-19", "avg_estimated_aqi": 223.6, "max_estimated_aqi": 263.4, "severity": "Poor", "affected_cell_count": 3, "mode": "historical"}}, {"type": "Feature", "geometry": {"type": "Point", "coordinates": [74.975, 31.325]}, "properties": {"hotspot_id": "HS_punjab_stubble_belt_2025-10-19_300", "region_id": "punjab_stubble_belt", "date": "2025-10-19", "avg_estimated_aqi": 217.9, "max_estimated_aqi": 236.6, "severity": "Poor", "affected_cell_count": 4, "mode": "historical"}}, {"type": "Feature", "geometry": {"type": "Point", "coordinates": [75.2, 31.325]}, "properties": {"hotspot_id": "HS_punjab_stubble_belt_2025-10-19_301", "region_id": "punjab_stubble_belt", "date": "2025-10-19", "avg_estimated_aqi": 210.4, "max_estimated_aqi": 212.6, "severity": "Poor", "affected_cell_count": 2, "mode": "historical"}}, {"type": "Feature", "geometry": {"type": "Point", "coordinates": [74.7221, 31.5309]}, "properties": {"hotspot_id": "HS_punjab_stubble_belt_2025-10-19_302", "region_id": "punjab_stubble_belt", "date": "2025-10-19", "avg_estimated_aqi": 211.0, "max_estimated_aqi": 235.6, "severity": "Poor", "affected_cell_count": 17, "mode": "historical"}}, {"type": "Feature", "geometry": {"type": "Point", "coordinates": [74.9694, 31.4833]}, "properties": {"hotspot_id": "HS_punjab_stubble_belt_2025-10-19_303", "region_id": "punjab_stubble_belt", "date": "2025-10-19", "avg_estimated_aqi": 221.7, "max_estimated_aqi": 251.3, "severity": "Poor", "affected_cell_count": 18, "mode": "historical"}}, {"type": "Feature", "geometry": {"type": "Point", "coordinates": [75.2875, 31.6]}, "properties": {"hotspot_id": "HS_punjab_stubble_belt_2025-10-19_304", "region_id": "punjab_stubble_belt", "date": "2025-10-19", "avg_estimated_aqi": 217.6, "max_estimated_aqi": 226.2, "severity": "Poor", "affected_cell_count": 4, "mode": "historical"}}, {"type": "Feature", "geometry": {"type": "Point", "coordinates": [74.655, 31.735]}, "properties": {"hotspot_id": "HS_punjab_stubble_belt_2025-10-19_305", "region_id": "punjab_stubble_belt", "date": "2025-10-19", "avg_estimated_aqi": 226.9, "max_estimated_aqi": 273.0, "severity": "Poor", "affected_cell_count": 5, "mode": "historical"}}, {"type": "Feature", "geometry": {"type": "Point", "coordinates": [74.9691, 31.775]}, "properties": {"hotspot_id": "HS_punjab_stubble_belt_2025-10-19_306", "region_id": "punjab_stubble_belt", "date": "2025-10-19", "avg_estimated_aqi": 237.7, "max_estimated_aqi": 299.2, "severity": "Poor", "affected_cell_count": 17, "mode": "historical"}}, {"type": "Feature", "geometry": {"type": "Point", "coordinates": [75.2575, 31.77]}, "properties": {"hotspot_id": "HS_punjab_stubble_belt_2025-10-19_307", "region_id": "punjab_stubble_belt", "date": "2025-10-19", "avg_estimated_aqi": 232.7, "max_estimated_aqi": 270.4, "severity": "Poor", "affected_cell_count": 10, "mode": "historical"}}, {"type": "Feature", "geometry": {"type": "Point", "coordinates": [74.7083, 31.325]}, "properties": {"hotspot_id": "HS_punjab_stubble_belt_2025-10-20_308", "region_id": "punjab_stubble_belt", "date": "2025-10-20", "avg_estimated_aqi": 220.3, "max_estimated_aqi": 249.0, "severity": "Poor", "affected_cell_count": 3, "mode": "historical"}}, {"type": "Feature", "geometry": {"type": "Point", "coordinates": [74.9875, 31.325]}, "properties": {"hotspot_id": "HS_punjab_stubble_belt_2025-10-20_309", "region_id": "punjab_stubble_belt", "date": "2025-10-20", "avg_estimated_aqi": 226.0, "max_estimated_aqi": 239.3, "severity": "Poor", "affected_cell_count": 4, "mode": "historical"}}, {"type": "Feature", "geometry": {"type": "Point", "coordinates": [75.2667, 31.325]}, "properties": {"hotspot_id": "HS_punjab_stubble_belt_2025-10-20_310", "region_id": "punjab_stubble_belt", "date": "2025-10-20", "avg_estimated_aqi": 210.1, "max_estimated_aqi": 214.0, "severity": "Poor", "affected_cell_count": 3, "mode": "historical"}}, {"type": "Feature", "geometry": {"type": "Point", "coordinates": [74.7062, 31.4844]}, "properties": {"hotspot_id": "HS_punjab_stubble_belt_2025-10-20_311", "region_id": "punjab_stubble_belt", "date": "2025-10-20", "avg_estimated_aqi": 219.2, "max_estimated_aqi": 252.2, "severity": "Poor", "affected_cell_count": 16, "mode": "historical"}}, {"type": "Feature", "geometry": {"type": "Point", "coordinates": [74.9937, 31.4938]}, "properties": {"hotspot_id": "HS_punjab_stubble_belt_2025-10-20_312", "region_id": "punjab_stubble_belt", "date": "2025-10-20", "avg_estimated_aqi": 232.1, "max_estimated_aqi": 290.1, "severity": "Poor", "affected_cell_count": 32, "mode": "historical"}}, {"type": "Feature", "geometry": {"type": "Point", "coordinates": [75.2325, 31.52]}, "properties": {"hotspot_id": "HS_punjab_stubble_belt_2025-10-20_313", "region_id": "punjab_stubble_belt", "date": "2025-10-20", "avg_estimated_aqi": 220.7, "max_estimated_aqi": 244.9, "severity": "Poor", "affected_cell_count": 10, "mode": "historical"}}, {"type": "Feature", "geometry": {"type": "Point", "coordinates": [74.77, 31.815]}, "properties": {"hotspot_id": "HS_punjab_stubble_belt_2025-10-20_314", "region_id": "punjab_stubble_belt", "date": "2025-10-20", "avg_estimated_aqi": 224.8, "max_estimated_aqi": 247.3, "severity": "Poor", "affected_cell_count": 10, "mode": "historical"}}, {"type": "Feature", "geometry": {"type": "Point", "coordinates": [74.9783, 31.7483]}, "properties": {"hotspot_id": "HS_punjab_stubble_belt_2025-10-20_315", "region_id": "punjab_stubble_belt", "date": "2025-10-20", "avg_estimated_aqi": 228.0, "max_estimated_aqi": 256.9, "severity": "Poor", "affected_cell_count": 15, "mode": "historical"}}, {"type": "Feature", "geometry": {"type": "Point", "coordinates": [75.2528, 31.7806]}, "properties": {"hotspot_id": "HS_punjab_stubble_belt_2025-10-20_316", "region_id": "punjab_stubble_belt", "date": "2025-10-20", "avg_estimated_aqi": 233.9, "max_estimated_aqi": 273.8, "severity": "Poor", "affected_cell_count": 9, "mode": "historical"}}, {"type": "Feature", "geometry": {"type": "Point", "coordinates": [74.675, 31.325]}, "properties": {"hotspot_id": "HS_punjab_stubble_belt_2025-10-21_317", "region_id": "punjab_stubble_belt", "date": "2025-10-21", "avg_estimated_aqi": 228.8, "max_estimated_aqi": 228.8, "severity": "Poor", "affected_cell_count": 1, "mode": "historical"}}, {"type": "Feature", "geometry": {"type": "Point", "coordinates": [75.125, 31.325]}, "properties": {"hotspot_id": "HS_punjab_stubble_belt_2025-10-21_318", "region_id": "punjab_stubble_belt", "date": "2025-10-21", "avg_estimated_aqi": 205.5, "max_estimated_aqi": 205.5, "severity": "Poor", "affected_cell_count": 1, "mode": "historical"}}, {"type": "Feature", "geometry": {"type": "Point", "coordinates": [75.2875, 31.325]}, "properties": {"hotspot_id": "HS_punjab_stubble_belt_2025-10-21_319", "region_id": "punjab_stubble_belt", "date": "2025-10-21", "avg_estimated_aqi": 232.2, "max_estimated_aqi": 238.2, "severity": "Poor", "affected_cell_count": 2, "mode": "historical"}}, {"type": "Feature", "geometry": {"type": "Point", "coordinates": [74.7438, 31.5156]}, "properties": {"hotspot_id": "HS_punjab_stubble_belt_2025-10-21_320", "region_id": "punjab_stubble_belt", "date": "2025-10-21", "avg_estimated_aqi": 225.8, "max_estimated_aqi": 250.1, "severity": "Poor", "affected_cell_count": 16, "mode": "historical"}}, {"type": "Feature", "geometry": {"type": "Point", "coordinates": [74.9671, 31.5171]}, "properties": {"hotspot_id": "HS_punjab_stubble_belt_2025-10-21_321", "region_id": "punjab_stubble_belt", "date": "2025-10-21", "avg_estimated_aqi": 249.3, "max_estimated_aqi": 340.5, "severity": "Very Poor", "affected_cell_count": 19, "mode": "historical"}}, {"type": "Feature", "geometry": {"type": "Point", "coordinates": [75.2429, 31.4964]}, "properties": {"hotspot_id": "HS_punjab_stubble_belt_2025-10-21_322", "region_id": "punjab_stubble_belt", "date": "2025-10-21", "avg_estimated_aqi": 216.0, "max_estimated_aqi": 242.0, "severity": "Poor", "affected_cell_count": 7, "mode": "historical"}}, {"type": "Feature", "geometry": {"type": "Point", "coordinates": [74.775, 31.7333]}, "properties": {"hotspot_id": "HS_punjab_stubble_belt_2025-10-21_323", "region_id": "punjab_stubble_belt", "date": "2025-10-21", "avg_estimated_aqi": 220.6, "max_estimated_aqi": 237.0, "severity": "Poor", "affected_cell_count": 6, "mode": "historical"}}, {"type": "Feature", "geometry": {"type": "Point", "coordinates": [75.0327, 31.7904]}, "properties": {"hotspot_id": "HS_punjab_stubble_belt_2025-10-21_324", "region_id": "punjab_stubble_belt", "date": "2025-10-21", "avg_estimated_aqi": 225.7, "max_estimated_aqi": 248.7, "severity": "Poor", "affected_cell_count": 13, "mode": "historical"}}, {"type": "Feature", "geometry": {"type": "Point", "coordinates": [75.23, 31.865]}, "properties": {"hotspot_id": "HS_punjab_stubble_belt_2025-10-21_325", "region_id": "punjab_stubble_belt", "date": "2025-10-21", "avg_estimated_aqi": 208.2, "max_estimated_aqi": 210.2, "severity": "Poor", "affected_cell_count": 5, "mode": "historical"}}, {"type": "Feature", "geometry": {"type": "Point", "coordinates": [74.725, 31.325]}, "properties": {"hotspot_id": "HS_punjab_stubble_belt_2025-10-22_326", "region_id": "punjab_stubble_belt", "date": "2025-10-22", "avg_estimated_aqi": 237.1, "max_estimated_aqi": 243.1, "severity": "Poor", "affected_cell_count": 5, "mode": "historical"}}, {"type": "Feature", "geometry": {"type": "Point", "coordinates": [75.0, 31.325]}, "properties": {"hotspot_id": "HS_punjab_stubble_belt_2025-10-22_327", "region_id": "punjab_stubble_belt", "date": "2025-10-22", "avg_estimated_aqi": 266.6, "max_estimated_aqi": 297.6, "severity": "Poor", "affected_cell_count": 6, "mode": "historical"}}, {"type": "Feature", "geometry": {"type": "Point", "coordinates": [75.2437, 31.325]}, "properties": {"hotspot_id": "HS_punjab_stubble_belt_2025-10-22_328", "region_id": "punjab_stubble_belt", "date": "2025-10-22", "avg_estimated_aqi": 205.6, "max_estimated_aqi": 211.4, "severity": "Poor", "affected_cell_count": 4, "mode": "historical"}}, {"type": "Feature", "geometry": {"type": "Point", "coordinates": [74.7212, 31.4923]}, "properties": {"hotspot_id": "HS_punjab_stubble_belt_2025-10-22_329", "region_id": "punjab_stubble_belt", "date": "2025-10-22", "avg_estimated_aqi": 236.0, "max_estimated_aqi": 266.5, "severity": "Poor", "affected_cell_count": 26, "mode": "historical"}}, {"type": "Feature", "geometry": {"type": "Point", "coordinates": [74.9896, 31.5104]}, "properties": {"hotspot_id": "HS_punjab_stubble_belt_2025-10-22_330", "region_id": "punjab_stubble_belt", "date": "2025-10-22", "avg_estimated_aqi": 236.1, "max_estimated_aqi": 266.2, "severity": "Poor", "affected_cell_count": 24, "mode": "historical"}}, {"type": "Feature", "geometry": {"type": "Point", "coordinates": [75.2389, 31.5361]}, "properties": {"hotspot_id": "HS_punjab_stubble_belt_2025-10-22_331", "region_id": "punjab_stubble_belt", "date": "2025-10-22", "avg_estimated_aqi": 221.4, "max_estimated_aqi": 252.4, "severity": "Poor", "affected_cell_count": 9, "mode": "historical"}}, {"type": "Feature", "geometry": {"type": "Point", "coordinates": [74.7596, 31.7673]}, "properties": {"hotspot_id": "HS_punjab_stubble_belt_2025-10-22_332", "region_id": "punjab_stubble_belt", "date": "2025-10-22", "avg_estimated_aqi": 233.3, "max_estimated_aqi": 264.4, "severity": "Poor", "affected_cell_count": 13, "mode": "historical"}}, {"type": "Feature", "geometry": {"type": "Point", "coordinates": [75.0173, 31.7596]}, "properties": {"hotspot_id": "HS_punjab_stubble_belt_2025-10-22_333", "region_id": "punjab_stubble_belt", "date": "2025-10-22", "avg_estimated_aqi": 234.1, "max_estimated_aqi": 300.7, "severity": "Very Poor", "affected_cell_count": 13, "mode": "historical"}}, {"type": "Feature", "geometry": {"type": "Point", "coordinates": [75.2412, 31.7779]}, "properties": {"hotspot_id": "HS_punjab_stubble_belt_2025-10-22_334", "region_id": "punjab_stubble_belt", "date": "2025-10-22", "avg_estimated_aqi": 233.5, "max_estimated_aqi": 264.1, "severity": "Poor", "affected_cell_count": 17, "mode": "historical"}}, {"type": "Feature", "geometry": {"type": "Point", "coordinates": [74.725, 31.325]}, "properties": {"hotspot_id": "HS_punjab_stubble_belt_2025-10-23_335", "region_id": "punjab_stubble_belt", "date": "2025-10-23", "avg_estimated_aqi": 268.7, "max_estimated_aqi": 301.4, "severity": "Very Poor", "affected_cell_count": 5, "mode": "historical"}}, {"type": "Feature", "geometry": {"type": "Point", "coordinates": [75.0, 31.325]}, "properties": {"hotspot_id": "HS_punjab_stubble_belt_2025-10-23_336", "region_id": "punjab_stubble_belt", "date": "2025-10-23", "avg_estimated_aqi": 265.6, "max_estimated_aqi": 296.8, "severity": "Poor", "affected_cell_count": 6, "mode": "historical"}}, {"type": "Feature", "geometry": {"type": "Point", "coordinates": [75.2437, 31.325]}, "properties": {"hotspot_id": "HS_punjab_stubble_belt_2025-10-23_337", "region_id": "punjab_stubble_belt", "date": "2025-10-23", "avg_estimated_aqi": 288.4, "max_estimated_aqi": 299.4, "severity": "Poor", "affected_cell_count": 4, "mode": "historical"}}, {"type": "Feature", "geometry": {"type": "Point", "coordinates": [74.725, 31.5]}, "properties": {"hotspot_id": "HS_punjab_stubble_belt_2025-10-23_338", "region_id": "punjab_stubble_belt", "date": "2025-10-23", "avg_estimated_aqi": 271.9, "max_estimated_aqi": 327.3, "severity": "Very Poor", "affected_cell_count": 30, "mode": "historical"}}, {"type": "Feature", "geometry": {"type": "Point", "coordinates": [75.017, 31.501]}, "properties": {"hotspot_id": "HS_punjab_stubble_belt_2025-10-23_339", "region_id": "punjab_stubble_belt", "date": "2025-10-23", "avg_estimated_aqi": 245.2, "max_estimated_aqi": 294.9, "severity": "Poor", "affected_cell_count": 25, "mode": "historical"}}, {"type": "Feature", "geometry": {"type": "Point", "coordinates": [75.2413, 31.5011]}, "properties": {"hotspot_id": "HS_punjab_stubble_belt_2025-10-23_340", "region_id": "punjab_stubble_belt", "date": "2025-10-23", "avg_estimated_aqi": 272.0, "max_estimated_aqi": 312.6, "severity": "Very Poor", "affected_cell_count": 23, "mode": "historical"}}, {"type": "Feature", "geometry": {"type": "Point", "coordinates": [74.7276, 31.775]}, "properties": {"hotspot_id": "HS_punjab_stubble_belt_2025-10-23_341", "region_id": "punjab_stubble_belt", "date": "2025-10-23", "avg_estimated_aqi": 244.1, "max_estimated_aqi": 300.5, "severity": "Very Poor", "affected_cell_count": 19, "mode": "historical"}}, {"type": "Feature", "geometry": {"type": "Point", "coordinates": [75.0, 31.775]}, "properties": {"hotspot_id": "HS_punjab_stubble_belt_2025-10-23_342", "region_id": "punjab_stubble_belt", "date": "2025-10-23", "avg_estimated_aqi": 245.7, "max_estimated_aqi": 319.5, "severity": "Very Poor", "affected_cell_count": 30, "mode": "historical"}}, {"type": "Feature", "geometry": {"type": "Point", "coordinates": [75.2408, 31.7776]}, "properties": {"hotspot_id": "HS_punjab_stubble_belt_2025-10-23_343", "region_id": "punjab_stubble_belt", "date": "2025-10-23", "avg_estimated_aqi": 259.8, "max_estimated_aqi": 300.6, "severity": "Very Poor", "affected_cell_count": 19, "mode": "historical"}}, {"type": "Feature", "geometry": {"type": "Point", "coordinates": [74.725, 31.325]}, "properties": {"hotspot_id": "HS_punjab_stubble_belt_2025-10-24_344", "region_id": "punjab_stubble_belt", "date": "2025-10-24", "avg_estimated_aqi": 269.2, "max_estimated_aqi": 293.4, "severity": "Poor", "affected_cell_count": 5, "mode": "historical"}}, {"type": "Feature", "geometry": {"type": "Point", "coordinates": [75.0, 31.325]}, "properties": {"hotspot_id": "HS_punjab_stubble_belt_2025-10-24_345", "region_id": "punjab_stubble_belt", "date": "2025-10-24", "avg_estimated_aqi": 234.8, "max_estimated_aqi": 263.7, "severity": "Poor", "affected_cell_count": 6, "mode": "historical"}}, {"type": "Feature", "geometry": {"type": "Point", "coordinates": [75.25, 31.325]}, "properties": {"hotspot_id": "HS_punjab_stubble_belt_2025-10-24_346", "region_id": "punjab_stubble_belt", "date": "2025-10-24", "avg_estimated_aqi": 239.4, "max_estimated_aqi": 261.2, "severity": "Poor", "affected_cell_count": 3, "mode": "historical"}}, {"type": "Feature", "geometry": {"type": "Point", "coordinates": [74.7196, 31.5018]}, "properties": {"hotspot_id": "HS_punjab_stubble_belt_2025-10-24_347", "region_id": "punjab_stubble_belt", "date": "2025-10-24", "avg_estimated_aqi": 266.9, "max_estimated_aqi": 330.4, "severity": "Very Poor", "affected_cell_count": 28, "mode": "historical"}}, {"type": "Feature", "geometry": {"type": "Point", "coordinates": [74.9769, 31.475]}, "properties": {"hotspot_id": "HS_punjab_stubble_belt_2025-10-24_348", "region_id": "punjab_stubble_belt", "date": "2025-10-24", "avg_estimated_aqi": 242.1, "max_estimated_aqi": 280.4, "severity": "Poor", "affected_cell_count": 26, "mode": "historical"}}, {"type": "Feature", "geometry": {"type": "Point", "coordinates": [75.2386, 31.4955]}, "properties": {"hotspot_id": "HS_punjab_stubble_belt_2025-10-24_349", "region_id": "punjab_stubble_belt", "date": "2025-10-24", "avg_estimated_aqi": 236.4, "max_estimated_aqi": 266.6, "severity": "Poor", "affected_cell_count": 22, "mode": "historical"}}, {"type": "Feature", "geometry": {"type": "Point", "coordinates": [74.725, 31.775]}, "properties": {"hotspot_id": "HS_punjab_stubble_belt_2025-10-24_350", "region_id": "punjab_stubble_belt", "date": "2025-10-24", "avg_estimated_aqi": 256.3, "max_estimated_aqi": 358.9, "severity": "Very Poor", "affected_cell_count": 25, "mode": "historical"}}, {"type": "Feature", "geometry": {"type": "Point", "coordinates": [74.9806, 31.8167]}, "properties": {"hotspot_id": "HS_punjab_stubble_belt_2025-10-24_351", "region_id": "punjab_stubble_belt", "date": "2025-10-24", "avg_estimated_aqi": 230.7, "max_estimated_aqi": 322.2, "severity": "Very Poor", "affected_cell_count": 18, "mode": "historical"}}, {"type": "Feature", "geometry": {"type": "Point", "coordinates": [75.205, 31.815]}, "properties": {"hotspot_id": "HS_punjab_stubble_belt_2025-10-24_352", "region_id": "punjab_stubble_belt", "date": "2025-10-24", "avg_estimated_aqi": 230.3, "max_estimated_aqi": 260.7, "severity": "Poor", "affected_cell_count": 5, "mode": "historical"}}, {"type": "Feature", "geometry": {"type": "Point", "coordinates": [74.675, 31.325]}, "properties": {"hotspot_id": "HS_punjab_stubble_belt_2025-10-25_353", "region_id": "punjab_stubble_belt", "date": "2025-10-25", "avg_estimated_aqi": 239.8, "max_estimated_aqi": 245.2, "severity": "Poor", "affected_cell_count": 3, "mode": "historical"}}, {"type": "Feature", "geometry": {"type": "Point", "coordinates": [75.0, 31.325]}, "properties": {"hotspot_id": "HS_punjab_stubble_belt_2025-10-25_354", "region_id": "punjab_stubble_belt", "date": "2025-10-25", "avg_estimated_aqi": 234.9, "max_estimated_aqi": 262.9, "severity": "Poor", "affected_cell_count": 6, "mode": "historical"}}, {"type": "Feature", "geometry": {"type": "Point", "coordinates": [75.2437, 31.325]}, "properties": {"hotspot_id": "HS_punjab_stubble_belt_2025-10-25_355", "region_id": "punjab_stubble_belt", "date": "2025-10-25", "avg_estimated_aqi": 247.1, "max_estimated_aqi": 293.8, "severity": "Poor", "affected_cell_count": 4, "mode": "historical"}}, {"type": "Feature", "geometry": {"type": "Point", "coordinates": [74.725, 31.5]}, "properties": {"hotspot_id": "HS_punjab_stubble_belt_2025-10-25_356", "region_id": "punjab_stubble_belt", "date": "2025-10-25", "avg_estimated_aqi": 280.7, "max_estimated_aqi": 370.5, "severity": "Very Poor", "affected_cell_count": 30, "mode": "historical"}}, {"type": "Feature", "geometry": {"type": "Point", "coordinates": [74.9865, 31.5173]}, "properties": {"hotspot_id": "HS_punjab_stubble_belt_2025-10-25_357", "region_id": "punjab_stubble_belt", "date": "2025-10-25", "avg_estimated_aqi": 236.8, "max_estimated_aqi": 288.0, "severity": "Poor", "affected_cell_count": 13, "mode": "historical"}}, {"type": "Feature", "geometry": {"type": "Point", "coordinates": [75.24, 31.4783]}, "properties": {"hotspot_id": "HS_punjab_stubble_belt_2025-10-25_358", "region_id": "punjab_stubble_belt", "date": "2025-10-25", "avg_estimated_aqi": 220.3, "max_estimated_aqi": 249.5, "severity": "Poor", "affected_cell_count": 15, "mode": "historical"}}, {"type": "Feature", "geometry": {"type": "Point", "coordinates": [74.725, 31.775]}, "properties": {"hotspot_id": "HS_punjab_stubble_belt_2025-10-25_359", "region_id": "punjab_stubble_belt", "date": "2025-10-25", "avg_estimated_aqi": 245.5, "max_estimated_aqi": 320.0, "severity": "Very Poor", "affected_cell_count": 25, "mode": "historical"}}, {"type": "Feature", "geometry": {"type": "Point", "coordinates": [74.9618, 31.7566]}, "properties": {"hotspot_id": "HS_punjab_stubble_belt_2025-10-25_360", "region_id": "punjab_stubble_belt", "date": "2025-10-25", "avg_estimated_aqi": 236.7, "max_estimated_aqi": 315.9, "severity": "Very Poor", "affected_cell_count": 19, "mode": "historical"}}, {"type": "Feature", "geometry": {"type": "Point", "coordinates": [75.2375, 31.7958]}, "properties": {"hotspot_id": "HS_punjab_stubble_belt_2025-10-25_361", "region_id": "punjab_stubble_belt", "date": "2025-10-25", "avg_estimated_aqi": 213.9, "max_estimated_aqi": 232.6, "severity": "Poor", "affected_cell_count": 12, "mode": "historical"}}, {"type": "Feature", "geometry": {"type": "Point", "coordinates": [74.725, 31.325]}, "properties": {"hotspot_id": "HS_punjab_stubble_belt_2025-10-26_362", "region_id": "punjab_stubble_belt", "date": "2025-10-26", "avg_estimated_aqi": 255.3, "max_estimated_aqi": 264.8, "severity": "Poor", "affected_cell_count": 5, "mode": "historical"}}, {"type": "Feature", "geometry": {"type": "Point", "coordinates": [75.0, 31.325]}, "properties": {"hotspot_id": "HS_punjab_stubble_belt_2025-10-26_363", "region_id": "punjab_stubble_belt", "date": "2025-10-26", "avg_estimated_aqi": 265.4, "max_estimated_aqi": 287.1, "severity": "Poor", "affected_cell_count": 6, "mode": "historical"}}, {"type": "Feature", "geometry": {"type": "Point", "coordinates": [75.2437, 31.325]}, "properties": {"hotspot_id": "HS_punjab_stubble_belt_2025-10-26_364", "region_id": "punjab_stubble_belt", "date": "2025-10-26", "avg_estimated_aqi": 273.1, "max_estimated_aqi": 275.3, "severity": "Poor", "affected_cell_count": 4, "mode": "historical"}}, {"type": "Feature", "geometry": {"type": "Point", "coordinates": [74.725, 31.475]}, "properties": {"hotspot_id": "HS_punjab_stubble_belt_2025-10-26_365", "region_id": "punjab_stubble_belt", "date": "2025-10-26", "avg_estimated_aqi": 227.3, "max_estimated_aqi": 258.3, "severity": "Poor", "affected_cell_count": 20, "mode": "historical"}}, {"type": "Feature", "geometry": {"type": "Point", "coordinates": [75.011, 31.471]}, "properties": {"hotspot_id": "HS_punjab_stubble_belt_2025-10-26_366", "region_id": "punjab_stubble_belt", "date": "2025-10-26", "avg_estimated_aqi": 241.8, "max_estimated_aqi": 280.6, "severity": "Poor", "affected_cell_count": 25, "mode": "historical"}}, {"type": "Feature", "geometry": {"type": "Point", "coordinates": [75.2413, 31.5011]}, "properties": {"hotspot_id": "HS_punjab_stubble_belt_2025-10-26_367", "region_id": "punjab_stubble_belt", "date": "2025-10-26", "avg_estimated_aqi": 272.0, "max_estimated_aqi": 316.3, "severity": "Very Poor", "affected_cell_count": 23, "mode": "historical"}}, {"type": "Feature", "geometry": {"type": "Point", "coordinates": [74.7303, 31.7803]}, "properties": {"hotspot_id": "HS_punjab_stubble_belt_2025-10-26_368", "region_id": "punjab_stubble_belt", "date": "2025-10-26", "avg_estimated_aqi": 227.1, "max_estimated_aqi": 270.6, "severity": "Poor", "affected_cell_count": 19, "mode": "historical"}}, {"type": "Feature", "geometry": {"type": "Point", "coordinates": [74.9844, 31.7531]}, "properties": {"hotspot_id": "HS_punjab_stubble_belt_2025-10-26_369", "region_id": "punjab_stubble_belt", "date": "2025-10-26", "avg_estimated_aqi": 235.5, "max_estimated_aqi": 266.3, "severity": "Poor", "affected_cell_count": 16, "mode": "historical"}}, {"type": "Feature", "geometry": {"type": "Point", "coordinates": [75.2359, 31.7719]}, "properties": {"hotspot_id": "HS_punjab_stubble_belt_2025-10-26_370", "region_id": "punjab_stubble_belt", "date": "2025-10-26", "avg_estimated_aqi": 253.0, "max_estimated_aqi": 326.4, "severity": "Very Poor", "affected_cell_count": 16, "mode": "historical"}}, {"type": "Feature", "geometry": {"type": "Point", "coordinates": [74.65, 31.325]}, "properties": {"hotspot_id": "HS_punjab_stubble_belt_2025-10-27_371", "region_id": "punjab_stubble_belt", "date": "2025-10-27", "avg_estimated_aqi": 213.0, "max_estimated_aqi": 213.3, "severity": "Poor", "affected_cell_count": 2, "mode": "historical"}}, {"type": "Feature", "geometry": {"type": "Point", "coordinates": [74.995, 31.325]}, "properties": {"hotspot_id": "HS_punjab_stubble_belt_2025-10-27_372", "region_id": "punjab_stubble_belt", "date": "2025-10-27", "avg_estimated_aqi": 237.2, "max_estimated_aqi": 280.6, "severity": "Poor", "affected_cell_count": 5, "mode": "historical"}}, {"type": "Feature", "geometry": {"type": "Point", "coordinates": [75.2437, 31.325]}, "properties": {"hotspot_id": "HS_punjab_stubble_belt_2025-10-27_373", "region_id": "punjab_stubble_belt", "date": "2025-10-27", "avg_estimated_aqi": 256.7, "max_estimated_aqi": 282.5, "severity": "Poor", "affected_cell_count": 4, "mode": "historical"}}, {"type": "Feature", "geometry": {"type": "Point", "coordinates": [74.7308, 31.5058]}, "properties": {"hotspot_id": "HS_punjab_stubble_belt_2025-10-27_374", "region_id": "punjab_stubble_belt", "date": "2025-10-27", "avg_estimated_aqi": 230.3, "max_estimated_aqi": 263.6, "severity": "Poor", "affected_cell_count": 26, "mode": "historical"}}, {"type": "Feature", "geometry": {"type": "Point", "coordinates": [74.9967, 31.495]}, "properties": {"hotspot_id": "HS_punjab_stubble_belt_2025-10-27_375", "region_id": "punjab_stubble_belt", "date": "2025-10-27", "avg_estimated_aqi": 247.3, "max_estimated_aqi": 298.5, "severity": "Poor", "affected_cell_count": 30, "mode": "historical"}}, {"type": "Feature", "geometry": {"type": "Point", "coordinates": [75.2288, 31.4673]}, "properties": {"hotspot_id": "HS_punjab_stubble_belt_2025-10-27_376", "region_id": "punjab_stubble_belt", "date": "2025-10-27", "avg_estimated_aqi": 225.9, "max_estimated_aqi": 254.6, "severity": "Poor", "affected_cell_count": 13, "mode": "historical"}}, {"type": "Feature", "geometry": {"type": "Point", "coordinates": [74.725, 31.7795]}, "properties": {"hotspot_id": "HS_punjab_stubble_belt_2025-10-27_377", "region_id": "punjab_stubble_belt", "date": "2025-10-27", "avg_estimated_aqi": 230.6, "max_estimated_aqi": 258.0, "severity": "Poor", "affected_cell_count": 22, "mode": "historical"}}, {"type": "Feature", "geometry": {"type": "Point", "coordinates": [74.9954, 31.7676]}, "properties": {"hotspot_id": "HS_punjab_stubble_belt_2025-10-27_378", "region_id": "punjab_stubble_belt", "date": "2025-10-27", "avg_estimated_aqi": 252.8, "max_estimated_aqi": 329.3, "severity": "Very Poor", "affected_cell_count": 27, "mode": "historical"}}, {"type": "Feature", "geometry": {"type": "Point", "coordinates": [75.235, 31.76]}, "properties": {"hotspot_id": "HS_punjab_stubble_belt_2025-10-27_379", "region_id": "punjab_stubble_belt", "date": "2025-10-27", "avg_estimated_aqi": 225.7, "max_estimated_aqi": 253.2, "severity": "Poor", "affected_cell_count": 10, "mode": "historical"}}, {"type": "Feature", "geometry": {"type": "Point", "coordinates": [74.725, 31.325]}, "properties": {"hotspot_id": "HS_punjab_stubble_belt_2025-10-28_380", "region_id": "punjab_stubble_belt", "date": "2025-10-28", "avg_estimated_aqi": 284.4, "max_estimated_aqi": 297.1, "severity": "Poor", "affected_cell_count": 5, "mode": "historical"}}, {"type": "Feature", "geometry": {"type": "Point", "coordinates": [75.0, 31.325]}, "properties": {"hotspot_id": "HS_punjab_stubble_belt_2025-10-28_381", "region_id": "punjab_stubble_belt", "date": "2025-10-28", "avg_estimated_aqi": 297.5, "max_estimated_aqi": 326.5, "severity": "Very Poor", "affected_cell_count": 6, "mode": "historical"}}, {"type": "Feature", "geometry": {"type": "Point", "coordinates": [75.2437, 31.325]}, "properties": {"hotspot_id": "HS_punjab_stubble_belt_2025-10-28_382", "region_id": "punjab_stubble_belt", "date": "2025-10-28", "avg_estimated_aqi": 289.0, "max_estimated_aqi": 314.0, "severity": "Very Poor", "affected_cell_count": 4, "mode": "historical"}}, {"type": "Feature", "geometry": {"type": "Point", "coordinates": [74.725, 31.5]}, "properties": {"hotspot_id": "HS_punjab_stubble_belt_2025-10-28_383", "region_id": "punjab_stubble_belt", "date": "2025-10-28", "avg_estimated_aqi": 310.1, "max_estimated_aqi": 368.6, "severity": "Very Poor", "affected_cell_count": 30, "mode": "historical"}}, {"type": "Feature", "geometry": {"type": "Point", "coordinates": [74.9979, 31.4993]}, "properties": {"hotspot_id": "HS_punjab_stubble_belt_2025-10-28_384", "region_id": "punjab_stubble_belt", "date": "2025-10-28", "avg_estimated_aqi": 280.5, "max_estimated_aqi": 352.3, "severity": "Very Poor", "affected_cell_count": 35, "mode": "historical"}}, {"type": "Feature", "geometry": {"type": "Point", "coordinates": [75.2413, 31.5011]}, "properties": {"hotspot_id": "HS_punjab_stubble_belt_2025-10-28_385", "region_id": "punjab_stubble_belt", "date": "2025-10-28", "avg_estimated_aqi": 300.6, "max_estimated_aqi": 360.1, "severity": "Very Poor", "affected_cell_count": 23, "mode": "historical"}}, {"type": "Feature", "geometry": {"type": "Point", "coordinates": [74.725, 31.7771]}, "properties": {"hotspot_id": "HS_punjab_stubble_belt_2025-10-28_386", "region_id": "punjab_stubble_belt", "date": "2025-10-28", "avg_estimated_aqi": 273.1, "max_estimated_aqi": 317.0, "severity": "Very Poor", "affected_cell_count": 24, "mode": "historical"}}, {"type": "Feature", "geometry": {"type": "Point", "coordinates": [75.0, 31.775]}, "properties": {"hotspot_id": "HS_punjab_stubble_belt_2025-10-28_387", "region_id": "punjab_stubble_belt", "date": "2025-10-28", "avg_estimated_aqi": 274.8, "max_estimated_aqi": 325.4, "severity": "Very Poor", "affected_cell_count": 30, "mode": "historical"}}, {"type": "Feature", "geometry": {"type": "Point", "coordinates": [75.2408, 31.7776]}, "properties": {"hotspot_id": "HS_punjab_stubble_belt_2025-10-28_388", "region_id": "punjab_stubble_belt", "date": "2025-10-28", "avg_estimated_aqi": 294.6, "max_estimated_aqi": 340.7, "severity": "Very Poor", "affected_cell_count": 19, "mode": "historical"}}, {"type": "Feature", "geometry": {"type": "Point", "coordinates": [74.725, 31.325]}, "properties": {"hotspot_id": "HS_punjab_stubble_belt_2025-10-29_389", "region_id": "punjab_stubble_belt", "date": "2025-10-29", "avg_estimated_aqi": 252.8, "max_estimated_aqi": 267.9, "severity": "Poor", "affected_cell_count": 5, "mode": "historical"}}, {"type": "Feature", "geometry": {"type": "Point", "coordinates": [75.0, 31.325]}, "properties": {"hotspot_id": "HS_punjab_stubble_belt_2025-10-29_390", "region_id": "punjab_stubble_belt", "date": "2025-10-29", "avg_estimated_aqi": 269.0, "max_estimated_aqi": 315.9, "severity": "Very Poor", "affected_cell_count": 6, "mode": "historical"}}, {"type": "Feature", "geometry": {"type": "Point", "coordinates": [75.2437, 31.325]}, "properties": {"hotspot_id": "HS_punjab_stubble_belt_2025-10-29_391", "region_id": "punjab_stubble_belt", "date": "2025-10-29", "avg_estimated_aqi": 245.2, "max_estimated_aqi": 266.0, "severity": "Poor", "affected_cell_count": 4, "mode": "historical"}}, {"type": "Feature", "geometry": {"type": "Point", "coordinates": [74.725, 31.5]}, "properties": {"hotspot_id": "HS_punjab_stubble_belt_2025-10-29_392", "region_id": "punjab_stubble_belt", "date": "2025-10-29", "avg_estimated_aqi": 257.2, "max_estimated_aqi": 316.1, "severity": "Very Poor", "affected_cell_count": 30, "mode": "historical"}}, {"type": "Feature", "geometry": {"type": "Point", "coordinates": [74.9967, 31.4817]}, "properties": {"hotspot_id": "HS_punjab_stubble_belt_2025-10-29_393", "region_id": "punjab_stubble_belt", "date": "2025-10-29", "avg_estimated_aqi": 258.1, "max_estimated_aqi": 330.8, "severity": "Very Poor", "affected_cell_count": 30, "mode": "historical"}}, {"type": "Feature", "geometry": {"type": "Point", "coordinates": [75.2483, 31.4617]}, "properties": {"hotspot_id": "HS_punjab_stubble_belt_2025-10-29_394", "region_id": "punjab_stubble_belt", "date": "2025-10-29", "avg_estimated_aqi": 229.6, "max_estimated_aqi": 250.6, "severity": "Poor", "affected_cell_count": 15, "mode": "historical"}}, {"type": "Feature", "geometry": {"type": "Point", "coordinates": [74.725, 31.7682]}, "properties": {"hotspot_id": "HS_punjab_stubble_belt_2025-10-29_395", "region_id": "punjab_stubble_belt", "date": "2025-10-29", "avg_estimated_aqi": 253.9, "max_estimated_aqi": 324.1, "severity": "Very Poor", "affected_cell_count": 22, "mode": "historical"}}, {"type": "Feature", "geometry": {"type": "Point", "coordinates": [74.9962, 31.7788]}, "properties": {"hotspot_id": "HS_punjab_stubble_belt_2025-10-29_396", "region_id": "punjab_stubble_belt", "date": "2025-10-29", "avg_estimated_aqi": 224.5, "max_estimated_aqi": 269.5, "severity": "Poor", "affected_cell_count": 26, "mode": "historical"}}, {"type": "Feature", "geometry": {"type": "Point", "coordinates": [75.2408, 31.7776]}, "properties": {"hotspot_id": "HS_punjab_stubble_belt_2025-10-29_397", "region_id": "punjab_stubble_belt", "date": "2025-10-29", "avg_estimated_aqi": 241.4, "max_estimated_aqi": 317.5, "severity": "Very Poor", "affected_cell_count": 19, "mode": "historical"}}, {"type": "Feature", "geometry": {"type": "Point", "coordinates": [74.725, 31.325]}, "properties": {"hotspot_id": "HS_punjab_stubble_belt_2025-10-30_398", "region_id": "punjab_stubble_belt", "date": "2025-10-30", "avg_estimated_aqi": 280.5, "max_estimated_aqi": 329.9, "severity": "Very Poor", "affected_cell_count": 5, "mode": "historical"}}, {"type": "Feature", "geometry": {"type": "Point", "coordinates": [75.0, 31.325]}, "properties": {"hotspot_id": "HS_punjab_stubble_belt_2025-10-30_399", "region_id": "punjab_stubble_belt", "date": "2025-10-30", "avg_estimated_aqi": 267.9, "max_estimated_aqi": 327.2, "severity": "Very Poor", "affected_cell_count": 6, "mode": "historical"}}, {"type": "Feature", "geometry": {"type": "Point", "coordinates": [75.225, 31.325]}, "properties": {"hotspot_id": "HS_punjab_stubble_belt_2025-10-30_400", "region_id": "punjab_stubble_belt", "date": "2025-10-30", "avg_estimated_aqi": 234.8, "max_estimated_aqi": 250.0, "severity": "Poor", "affected_cell_count": 3, "mode": "historical"}}, {"type": "Feature", "geometry": {"type": "Point", "coordinates": [74.725, 31.5]}, "properties": {"hotspot_id": "HS_punjab_stubble_belt_2025-10-30_401", "region_id": "punjab_stubble_belt", "date": "2025-10-30", "avg_estimated_aqi": 280.8, "max_estimated_aqi": 359.1, "severity": "Very Poor", "affected_cell_count": 30, "mode": "historical"}}, {"type": "Feature", "geometry": {"type": "Point", "coordinates": [74.9489, 31.5054]}, "properties": {"hotspot_id": "HS_punjab_stubble_belt_2025-10-30_402", "region_id": "punjab_stubble_belt", "date": "2025-10-30", "avg_estimated_aqi": 262.3, "max_estimated_aqi": 350.5, "severity": "Very Poor", "affected_cell_count": 23, "mode": "historical"}}, {"type": "Feature", "geometry": {"type": "Point", "coordinates": [75.2295, 31.4705]}, "properties": {"hotspot_id": "HS_punjab_stubble_belt_2025-10-30_403", "region_id": "punjab_stubble_belt", "date": "2025-10-30", "avg_estimated_aqi": 215.1, "max_estimated_aqi": 235.1, "severity": "Poor", "affected_cell_count": 11, "mode": "historical"}}, {"type": "Feature", "geometry": {"type": "Point", "coordinates": [74.7125, 31.7417]}, "properties": {"hotspot_id": "HS_punjab_stubble_belt_2025-10-30_404", "region_id": "punjab_stubble_belt", "date": "2025-10-30", "avg_estimated_aqi": 231.8, "max_estimated_aqi": 272.5, "severity": "Poor", "affected_cell_count": 12, "mode": "historical"}}, {"type": "Feature", "geometry": {"type": "Point", "coordinates": [75.0143, 31.7321]}, "properties": {"hotspot_id": "HS_punjab_stubble_belt_2025-10-30_405", "region_id": "punjab_stubble_belt", "date": "2025-10-30", "avg_estimated_aqi": 215.3, "max_estimated_aqi": 241.2, "severity": "Poor", "affected_cell_count": 14, "mode": "historical"}}, {"type": "Feature", "geometry": {"type": "Point", "coordinates": [75.2806, 31.8028]}, "properties": {"hotspot_id": "HS_punjab_stubble_belt_2025-10-30_406", "region_id": "punjab_stubble_belt", "date": "2025-10-30", "avg_estimated_aqi": 213.1, "max_estimated_aqi": 245.7, "severity": "Poor", "affected_cell_count": 9, "mode": "historical"}}, {"type": "Feature", "geometry": {"type": "Point", "coordinates": [74.675, 31.325]}, "properties": {"hotspot_id": "HS_punjab_stubble_belt_2025-10-31_407", "region_id": "punjab_stubble_belt", "date": "2025-10-31", "avg_estimated_aqi": 235.0, "max_estimated_aqi": 252.5, "severity": "Poor", "affected_cell_count": 3, "mode": "historical"}}, {"type": "Feature", "geometry": {"type": "Point", "coordinates": [75.015, 31.325]}, "properties": {"hotspot_id": "HS_punjab_stubble_belt_2025-10-31_408", "region_id": "punjab_stubble_belt", "date": "2025-10-31", "avg_estimated_aqi": 269.7, "max_estimated_aqi": 300.5, "severity": "Very Poor", "affected_cell_count": 5, "mode": "historical"}}, {"type": "Feature", "geometry": {"type": "Point", "coordinates": [75.2875, 31.325]}, "properties": {"hotspot_id": "HS_punjab_stubble_belt_2025-10-31_409", "region_id": "punjab_stubble_belt", "date": "2025-10-31", "avg_estimated_aqi": 228.8, "max_estimated_aqi": 238.0, "severity": "Poor", "affected_cell_count": 2, "mode": "historical"}}, {"type": "Feature", "geometry": {"type": "Point", "coordinates": [74.7091, 31.475]}, "properties": {"hotspot_id": "HS_punjab_stubble_belt_2025-10-31_410", "region_id": "punjab_stubble_belt", "date": "2025-10-31", "avg_estimated_aqi": 277.0, "max_estimated_aqi": 412.0, "severity": "Severe", "affected_cell_count": 22, "mode": "historical"}}, {"type": "Feature", "geometry": {"type": "Point", "coordinates": [75.0109, 31.4938]}, "properties": {"hotspot_id": "HS_punjab_stubble_belt_2025-10-31_411", "region_id": "punjab_stubble_belt", "date": "2025-10-31", "avg_estimated_aqi": 249.6, "max_estimated_aqi": 338.9, "severity": "Very Poor", "affected_cell_count": 32, "mode": "historical"}}, {"type": "Feature", "geometry": {"type": "Point", "coordinates": [75.2458, 31.525]}, "properties": {"hotspot_id": "HS_punjab_stubble_belt_2025-10-31_412", "region_id": "punjab_stubble_belt", "date": "2025-10-31", "avg_estimated_aqi": 240.4, "max_estimated_aqi": 295.4, "severity": "Poor", "affected_cell_count": 18, "mode": "historical"}}, {"type": "Feature", "geometry": {"type": "Point", "coordinates": [74.7341, 31.7727]}, "properties": {"hotspot_id": "HS_punjab_stubble_belt_2025-10-31_413", "region_id": "punjab_stubble_belt", "date": "2025-10-31", "avg_estimated_aqi": 240.0, "max_estimated_aqi": 287.6, "severity": "Poor", "affected_cell_count": 22, "mode": "historical"}}, {"type": "Feature", "geometry": {"type": "Point", "coordinates": [75.0077, 31.7846]}, "properties": {"hotspot_id": "HS_punjab_stubble_belt_2025-10-31_414", "region_id": "punjab_stubble_belt", "date": "2025-10-31", "avg_estimated_aqi": 244.5, "max_estimated_aqi": 303.9, "severity": "Very Poor", "affected_cell_count": 26, "mode": "historical"}}, {"type": "Feature", "geometry": {"type": "Point", "coordinates": [75.2444, 31.7806]}, "properties": {"hotspot_id": "HS_punjab_stubble_belt_2025-10-31_415", "region_id": "punjab_stubble_belt", "date": "2025-10-31", "avg_estimated_aqi": 237.3, "max_estimated_aqi": 290.4, "severity": "Poor", "affected_cell_count": 18, "mode": "historical"}}, {"type": "Feature", "geometry": {"type": "Point", "coordinates": [74.725, 31.325]}, "properties": {"hotspot_id": "HS_punjab_stubble_belt_2025-11-01_416", "region_id": "punjab_stubble_belt", "date": "2025-11-01", "avg_estimated_aqi": 303.8, "max_estimated_aqi": 338.9, "severity": "Very Poor", "affected_cell_count": 5, "mode": "historical"}}, {"type": "Feature", "geometry": {"type": "Point", "coordinates": [75.0, 31.325]}, "properties": {"hotspot_id": "HS_punjab_stubble_belt_2025-11-01_417", "region_id": "punjab_stubble_belt", "date": "2025-11-01", "avg_estimated_aqi": 277.3, "max_estimated_aqi": 316.5, "severity": "Very Poor", "affected_cell_count": 6, "mode": "historical"}}, {"type": "Feature", "geometry": {"type": "Point", "coordinates": [75.2437, 31.325]}, "properties": {"hotspot_id": "HS_punjab_stubble_belt_2025-11-01_418", "region_id": "punjab_stubble_belt", "date": "2025-11-01", "avg_estimated_aqi": 252.6, "max_estimated_aqi": 260.2, "severity": "Poor", "affected_cell_count": 4, "mode": "historical"}}, {"type": "Feature", "geometry": {"type": "Point", "coordinates": [74.7284, 31.5009]}, "properties": {"hotspot_id": "HS_punjab_stubble_belt_2025-11-01_419", "region_id": "punjab_stubble_belt", "date": "2025-11-01", "avg_estimated_aqi": 295.2, "max_estimated_aqi": 393.8, "severity": "Very Poor", "affected_cell_count": 29, "mode": "historical"}}, {"type": "Feature", "geometry": {"type": "Point", "coordinates": [75.0, 31.5]}, "properties": {"hotspot_id": "HS_punjab_stubble_belt_2025-11-01_420", "region_id": "punjab_stubble_belt", "date": "2025-11-01", "avg_estimated_aqi": 264.7, "max_estimated_aqi": 337.2, "severity": "Very Poor", "affected_cell_count": 36, "mode": "historical"}}, {"type": "Feature", "geometry": {"type": "Point", "coordinates": [75.2413, 31.5011]}, "properties": {"hotspot_id": "HS_punjab_stubble_belt_2025-11-01_421", "region_id": "punjab_stubble_belt", "date": "2025-11-01", "avg_estimated_aqi": 263.4, "max_estimated_aqi": 340.5, "severity": "Very Poor", "affected_cell_count": 23, "mode": "historical"}}, {"type": "Feature", "geometry": {"type": "Point", "coordinates": [74.725, 31.775]}, "properties": {"hotspot_id": "HS_punjab_stubble_belt_2025-11-01_422", "region_id": "punjab_stubble_belt", "date": "2025-11-01", "avg_estimated_aqi": 251.8, "max_estimated_aqi": 315.8, "severity": "Very Poor", "affected_cell_count": 25, "mode": "historical"}}, {"type": "Feature", "geometry": {"type": "Point", "coordinates": [75.007, 31.781]}, "properties": {"hotspot_id": "HS_punjab_stubble_belt_2025-11-01_423", "region_id": "punjab_stubble_belt", "date": "2025-11-01", "avg_estimated_aqi": 251.2, "max_estimated_aqi": 317.2, "severity": "Very Poor", "affected_cell_count": 25, "mode": "historical"}}, {"type": "Feature", "geometry": {"type": "Point", "coordinates": [75.2444, 31.7722]}, "properties": {"hotspot_id": "HS_punjab_stubble_belt_2025-11-01_424", "region_id": "punjab_stubble_belt", "date": "2025-11-01", "avg_estimated_aqi": 252.1, "max_estimated_aqi": 329.3, "severity": "Very Poor", "affected_cell_count": 18, "mode": "historical"}}, {"type": "Feature", "geometry": {"type": "Point", "coordinates": [74.725, 31.325]}, "properties": {"hotspot_id": "HS_punjab_stubble_belt_2025-11-02_425", "region_id": "punjab_stubble_belt", "date": "2025-11-02", "avg_estimated_aqi": 311.3, "max_estimated_aqi": 318.2, "severity": "Very Poor", "affected_cell_count": 5, "mode": "historical"}}, {"type": "Feature", "geometry": {"type": "Point", "coordinates": [75.0, 31.325]}, "properties": {"hotspot_id": "HS_punjab_stubble_belt_2025-11-02_426", "region_id": "punjab_stubble_belt", "date": "2025-11-02", "avg_estimated_aqi": 308.5, "max_estimated_aqi": 329.9, "severity": "Very Poor", "affected_cell_count": 6, "mode": "historical"}}, {"type": "Feature", "geometry": {"type": "Point", "coordinates": [75.2437, 31.325]}, "properties": {"hotspot_id": "HS_punjab_stubble_belt_2025-11-02_427", "region_id": "punjab_stubble_belt", "date": "2025-11-02", "avg_estimated_aqi": 315.8, "max_estimated_aqi": 324.8, "severity": "Very Poor", "affected_cell_count": 4, "mode": "historical"}}, {"type": "Feature", "geometry": {"type": "Point", "coordinates": [74.725, 31.5]}, "properties": {"hotspot_id": "HS_punjab_stubble_belt_2025-11-02_428", "region_id": "punjab_stubble_belt", "date": "2025-11-02", "avg_estimated_aqi": 289.2, "max_estimated_aqi": 375.7, "severity": "Very Poor", "affected_cell_count": 30, "mode": "historical"}}, {"type": "Feature", "geometry": {"type": "Point", "coordinates": [74.9947, 31.4977]}, "properties": {"hotspot_id": "HS_punjab_stubble_belt_2025-11-02_429", "region_id": "punjab_stubble_belt", "date": "2025-11-02", "avg_estimated_aqi": 266.1, "max_estimated_aqi": 340.9, "severity": "Very Poor", "affected_cell_count": 33, "mode": "historical"}}, {"type": "Feature", "geometry": {"type": "Point", "coordinates": [75.2413, 31.5011]}, "properties": {"hotspot_id": "HS_punjab_stubble_belt_2025-11-02_430", "region_id": "punjab_stubble_belt", "date": "2025-11-02", "avg_estimated_aqi": 302.9, "max_estimated_aqi": 340.1, "severity": "Very Poor", "affected_cell_count": 23, "mode": "historical"}}, {"type": "Feature", "geometry": {"type": "Point", "coordinates": [74.7228, 31.7663]}, "properties": {"hotspot_id": "HS_punjab_stubble_belt_2025-11-02_431", "region_id": "punjab_stubble_belt", "date": "2025-11-02", "avg_estimated_aqi": 266.1, "max_estimated_aqi": 323.7, "severity": "Very Poor", "affected_cell_count": 23, "mode": "historical"}}, {"type": "Feature", "geometry": {"type": "Point", "coordinates": [75.0, 31.775]}, "properties": {"hotspot_id": "HS_punjab_stubble_belt_2025-11-02_432", "region_id": "punjab_stubble_belt", "date": "2025-11-02", "avg_estimated_aqi": 250.7, "max_estimated_aqi": 338.4, "severity": "Very Poor", "affected_cell_count": 30, "mode": "historical"}}, {"type": "Feature", "geometry": {"type": "Point", "coordinates": [75.2382, 31.7691]}, "properties": {"hotspot_id": "HS_punjab_stubble_belt_2025-11-02_433", "region_id": "punjab_stubble_belt", "date": "2025-11-02", "avg_estimated_aqi": 235.2, "max_estimated_aqi": 279.3, "severity": "Poor", "affected_cell_count": 17, "mode": "historical"}}, {"type": "Feature", "geometry": {"type": "Point", "coordinates": [74.725, 31.325]}, "properties": {"hotspot_id": "HS_punjab_stubble_belt_2025-11-03_434", "region_id": "punjab_stubble_belt", "date": "2025-11-03", "avg_estimated_aqi": 254.6, "max_estimated_aqi": 280.9, "severity": "Poor", "affected_cell_count": 5, "mode": "historical"}}, {"type": "Feature", "geometry": {"type": "Point", "coordinates": [75.0, 31.325]}, "properties": {"hotspot_id": "HS_punjab_stubble_belt_2025-11-03_435", "region_id": "punjab_stubble_belt", "date": "2025-11-03", "avg_estimated_aqi": 263.7, "max_estimated_aqi": 286.1, "severity": "Poor", "affected_cell_count": 6, "mode": "historical"}}, {"type": "Feature", "geometry": {"type": "Point", "coordinates": [75.2437, 31.325]}, "properties": {"hotspot_id": "HS_punjab_stubble_belt_2025-11-03_436", "region_id": "punjab_stubble_belt", "date": "2025-11-03", "avg_estimated_aqi": 248.3, "max_estimated_aqi": 265.6, "severity": "Poor", "affected_cell_count": 4, "mode": "historical"}}, {"type": "Feature", "geometry": {"type": "Point", "coordinates": [74.7216, 31.5026]}, "properties": {"hotspot_id": "HS_punjab_stubble_belt_2025-11-03_437", "region_id": "punjab_stubble_belt", "date": "2025-11-03", "avg_estimated_aqi": 289.7, "max_estimated_aqi": 431.0, "severity": "Severe", "affected_cell_count": 29, "mode": "historical"}}, {"type": "Feature", "geometry": {"type": "Point", "coordinates": [75.0053, 31.5083]}, "properties": {"hotspot_id": "HS_punjab_stubble_belt_2025-11-03_438", "region_id": "punjab_stubble_belt", "date": "2025-11-03", "avg_estimated_aqi": 266.5, "max_estimated_aqi": 311.9, "severity": "Very Poor", "affected_cell_count": 33, "mode": "historical"}}, {"type": "Feature", "geometry": {"type": "Point", "coordinates": [75.242, 31.5023]}, "properties": {"hotspot_id": "HS_punjab_stubble_belt_2025-11-03_439", "region_id": "punjab_stubble_belt", "date": "2025-11-03", "avg_estimated_aqi": 233.6, "max_estimated_aqi": 276.6, "severity": "Poor", "affected_cell_count": 22, "mode": "historical"}}, {"type": "Feature", "geometry": {"type": "Point", "coordinates": [74.725, 31.775]}, "properties": {"hotspot_id": "HS_punjab_stubble_belt_2025-11-03_440", "region_id": "punjab_stubble_belt", "date": "2025-11-03", "avg_estimated_aqi": 268.3, "max_estimated_aqi": 323.4, "severity": "Very Poor", "affected_cell_count": 25, "mode": "historical"}}, {"type": "Feature", "geometry": {"type": "Point", "coordinates": [75.003, 31.767]}, "properties": {"hotspot_id": "HS_punjab_stubble_belt_2025-11-03_441", "region_id": "punjab_stubble_belt", "date": "2025-11-03", "avg_estimated_aqi": 254.1, "max_estimated_aqi": 329.3, "severity": "Very Poor", "affected_cell_count": 25, "mode": "historical"}}, {"type": "Feature", "geometry": {"type": "Point", "coordinates": [75.2444, 31.7833]}, "properties": {"hotspot_id": "HS_punjab_stubble_belt_2025-11-03_442", "region_id": "punjab_stubble_belt", "date": "2025-11-03", "avg_estimated_aqi": 240.5, "max_estimated_aqi": 326.8, "severity": "Very Poor", "affected_cell_count": 18, "mode": "historical"}}, {"type": "Feature", "geometry": {"type": "Point", "coordinates": [74.725, 31.325]}, "properties": {"hotspot_id": "HS_punjab_stubble_belt_2025-11-04_443", "region_id": "punjab_stubble_belt", "date": "2025-11-04", "avg_estimated_aqi": 255.0, "max_estimated_aqi": 299.4, "severity": "Poor", "affected_cell_count": 5, "mode": "historical"}}, {"type": "Feature", "geometry": {"type": "Point", "coordinates": [75.0, 31.325]}, "properties": {"hotspot_id": "HS_punjab_stubble_belt_2025-11-04_444", "region_id": "punjab_stubble_belt", "date": "2025-11-04", "avg_estimated_aqi": 286.3, "max_estimated_aqi": 300.5, "severity": "Very Poor", "affected_cell_count": 6, "mode": "historical"}}, {"type": "Feature", "geometry": {"type": "Point", "coordinates": [75.2437, 31.325]}, "properties": {"hotspot_id": "HS_punjab_stubble_belt_2025-11-04_445", "region_id": "punjab_stubble_belt", "date": "2025-11-04", "avg_estimated_aqi": 308.8, "max_estimated_aqi": 358.6, "severity": "Very Poor", "affected_cell_count": 4, "mode": "historical"}}, {"type": "Feature", "geometry": {"type": "Point", "coordinates": [74.725, 31.5]}, "properties": {"hotspot_id": "HS_punjab_stubble_belt_2025-11-04_446", "region_id": "punjab_stubble_belt", "date": "2025-11-04", "avg_estimated_aqi": 284.1, "max_estimated_aqi": 365.1, "severity": "Very Poor", "affected_cell_count": 30, "mode": "historical"}}, {"type": "Feature", "geometry": {"type": "Point", "coordinates": [75.0, 31.5]}, "properties": {"hotspot_id": "HS_punjab_stubble_belt_2025-11-04_447", "region_id": "punjab_stubble_belt", "date": "2025-11-04", "avg_estimated_aqi": 273.1, "max_estimated_aqi": 362.9, "severity": "Very Poor", "affected_cell_count": 36, "mode": "historical"}}, {"type": "Feature", "geometry": {"type": "Point", "coordinates": [75.2413, 31.5011]}, "properties": {"hotspot_id": "HS_punjab_stubble_belt_2025-11-04_448", "region_id": "punjab_stubble_belt", "date": "2025-11-04", "avg_estimated_aqi": 307.6, "max_estimated_aqi": 395.1, "severity": "Very Poor", "affected_cell_count": 23, "mode": "historical"}}, {"type": "Feature", "geometry": {"type": "Point", "coordinates": [74.725, 31.775]}, "properties": {"hotspot_id": "HS_punjab_stubble_belt_2025-11-04_449", "region_id": "punjab_stubble_belt", "date": "2025-11-04", "avg_estimated_aqi": 251.5, "max_estimated_aqi": 301.4, "severity": "Very Poor", "affected_cell_count": 25, "mode": "historical"}}, {"type": "Feature", "geometry": {"type": "Point", "coordinates": [75.0009, 31.775]}, "properties": {"hotspot_id": "HS_punjab_stubble_belt_2025-11-04_450", "region_id": "punjab_stubble_belt", "date": "2025-11-04", "avg_estimated_aqi": 264.4, "max_estimated_aqi": 309.7, "severity": "Very Poor", "affected_cell_count": 29, "mode": "historical"}}, {"type": "Feature", "geometry": {"type": "Point", "coordinates": [75.2408, 31.7776]}, "properties": {"hotspot_id": "HS_punjab_stubble_belt_2025-11-04_451", "region_id": "punjab_stubble_belt", "date": "2025-11-04", "avg_estimated_aqi": 295.9, "max_estimated_aqi": 357.5, "severity": "Very Poor", "affected_cell_count": 19, "mode": "historical"}}, {"type": "Feature", "geometry": {"type": "Point", "coordinates": [75.0583, 31.325]}, "properties": {"hotspot_id": "HS_punjab_stubble_belt_2025-11-05_452", "region_id": "punjab_stubble_belt", "date": "2025-11-05", "avg_estimated_aqi": 218.3, "max_estimated_aqi": 237.0, "severity": "Poor", "affected_cell_count": 3, "mode": "historical"}}, {"type": "Feature", "geometry": {"type": "Point", "coordinates": [75.2437, 31.325]}, "properties": {"hotspot_id": "HS_punjab_stubble_belt_2025-11-05_453", "region_id": "punjab_stubble_belt", "date": "2025-11-05", "avg_estimated_aqi": 213.2, "max_estimated_aqi": 222.1, "severity": "Poor", "affected_cell_count": 4, "mode": "historical"}}, {"type": "Feature", "geometry": {"type": "Point", "coordinates": [74.7483, 31.5317]}, "properties": {"hotspot_id": "HS_punjab_stubble_belt_2025-11-05_454", "region_id": "punjab_stubble_belt", "date": "2025-11-05", "avg_estimated_aqi": 227.0, "max_estimated_aqi": 261.5, "severity": "Poor", "affected_cell_count": 15, "mode": "historical"}}, {"type": "Feature", "geometry": {"type": "Point", "coordinates": [75.0083, 31.4679]}, "properties": {"hotspot_id": "HS_punjab_stubble_belt_2025-11-05_455", "region_id": "punjab_stubble_belt", "date": "2025-11-05", "avg_estimated_aqi": 228.2, "max_estimated_aqi": 276.2, "severity": "Poor", "affected_cell_count": 21, "mode": "historical"}}, {"type": "Feature", "geometry": {"type": "Point", "coordinates": [75.245, 31.5]}, "properties": {"hotspot_id": "HS_punjab_stubble_belt_2025-11-05_456", "region_id": "punjab_stubble_belt", "date": "2025-11-05", "avg_estimated_aqi": 241.5, "max_estimated_aqi": 288.5, "severity": "Poor", "affected_cell_count": 20, "mode": "historical"}}, {"type": "Feature", "geometry": {"type": "Point", "coordinates": [74.7635, 31.7865]}, "properties": {"hotspot_id": "HS_punjab_stubble_belt_2025-11-05_457", "region_id": "punjab_stubble_belt", "date": "2025-11-05", "avg_estimated_aqi": 234.9, "max_estimated_aqi": 264.7, "severity": "Poor", "affected_cell_count": 13, "mode": "historical"}}, {"type": "Feature", "geometry": {"type": "Point", "coordinates": [75.0145, 31.7829]}, "properties": {"hotspot_id": "HS_punjab_stubble_belt_2025-11-05_458", "region_id": "punjab_stubble_belt", "date": "2025-11-05", "avg_estimated_aqi": 226.2, "max_estimated_aqi": 251.9, "severity": "Poor", "affected_cell_count": 19, "mode": "historical"}}, {"type": "Feature", "geometry": {"type": "Point", "coordinates": [75.2469, 31.7719]}, "properties": {"hotspot_id": "HS_punjab_stubble_belt_2025-11-05_459", "region_id": "punjab_stubble_belt", "date": "2025-11-05", "avg_estimated_aqi": 249.3, "max_estimated_aqi": 276.9, "severity": "Poor", "affected_cell_count": 16, "mode": "historical"}}, {"type": "Feature", "geometry": {"type": "Point", "coordinates": [74.75, 31.325]}, "properties": {"hotspot_id": "HS_punjab_stubble_belt_2025-11-06_460", "region_id": "punjab_stubble_belt", "date": "2025-11-06", "avg_estimated_aqi": 228.8, "max_estimated_aqi": 241.0, "severity": "Poor", "affected_cell_count": 4, "mode": "historical"}}, {"type": "Feature", "geometry": {"type": "Point", "coordinates": [74.875, 31.325]}, "properties": {"hotspot_id": "HS_punjab_stubble_belt_2025-11-06_461", "region_id": "punjab_stubble_belt", "date": "2025-11-06", "avg_estimated_aqi": 208.9, "max_estimated_aqi": 208.9, "severity": "Poor", "affected_cell_count": 1, "mode": "historical"}}, {"type": "Feature", "geometry": {"type": "Point", "coordinates": [75.2875, 31.325]}, "properties": {"hotspot_id": "HS_punjab_stubble_belt_2025-11-06_462", "region_id": "punjab_stubble_belt", "date": "2025-11-06", "avg_estimated_aqi": 208.9, "max_estimated_aqi": 209.6, "severity": "Poor", "affected_cell_count": 2, "mode": "historical"}}, {"type": "Feature", "geometry": {"type": "Point", "coordinates": [74.7333, 31.425]}, "properties": {"hotspot_id": "HS_punjab_stubble_belt_2025-11-06_463", "region_id": "punjab_stubble_belt", "date": "2025-11-06", "avg_estimated_aqi": 211.8, "max_estimated_aqi": 220.3, "severity": "Poor", "affected_cell_count": 6, "mode": "historical"}}, {"type": "Feature", "geometry": {"type": "Point", "coordinates": [74.9821, 31.5107]}, "properties": {"hotspot_id": "HS_punjab_stubble_belt_2025-11-06_464", "region_id": "punjab_stubble_belt", "date": "2025-11-06", "avg_estimated_aqi": 229.1, "max_estimated_aqi": 294.6, "severity": "Poor", "affected_cell_count": 14, "mode": "historical"}}, {"type": "Feature", "geometry": {"type": "Point", "coordinates": [75.3, 31.575]}, "properties": {"hotspot_id": "HS_punjab_stubble_belt_2025-11-06_465", "region_id": "punjab_stubble_belt", "date": "2025-11-06", "avg_estimated_aqi": 211.3, "max_estimated_aqi": 228.7, "severity": "Poor", "affected_cell_count": 3, "mode": "historical"}}, {"type": "Feature", "geometry": {"type": "Point", "coordinates": [74.6964, 31.8107]}, "properties": {"hotspot_id": "HS_punjab_stubble_belt_2025-11-06_466", "region_id": "punjab_stubble_belt", "date": "2025-11-06", "avg_estimated_aqi": 223.2, "max_estimated_aqi": 246.8, "severity": "Poor", "affected_cell_count": 7, "mode": "historical"}}, {"type": "Feature", "geometry": {"type": "Point", "coordinates": [75.1, 31.775]}, "properties": {"hotspot_id": "HS_punjab_stubble_belt_2025-11-06_467", "region_id": "punjab_stubble_belt", "date": "2025-11-06", "avg_estimated_aqi": 212.4, "max_estimated_aqi": 227.0, "severity": "Poor", "affected_cell_count": 4, "mode": "historical"}}, {"type": "Feature", "geometry": {"type": "Point", "coordinates": [75.275, 31.8028]}, "properties": {"hotspot_id": "HS_punjab_stubble_belt_2025-11-06_468", "region_id": "punjab_stubble_belt", "date": "2025-11-06", "avg_estimated_aqi": 207.0, "max_estimated_aqi": 218.5, "severity": "Poor", "affected_cell_count": 9, "mode": "historical"}}, {"type": "Feature", "geometry": {"type": "Point", "coordinates": [74.725, 31.325]}, "properties": {"hotspot_id": "HS_punjab_stubble_belt_2025-11-07_469", "region_id": "punjab_stubble_belt", "date": "2025-11-07", "avg_estimated_aqi": 239.8, "max_estimated_aqi": 257.6, "severity": "Poor", "affected_cell_count": 5, "mode": "historical"}}, {"type": "Feature", "geometry": {"type": "Point", "coordinates": [74.925, 31.325]}, "properties": {"hotspot_id": "HS_punjab_stubble_belt_2025-11-07_470", "region_id": "punjab_stubble_belt", "date": "2025-11-07", "avg_estimated_aqi": 232.9, "max_estimated_aqi": 259.4, "severity": "Poor", "affected_cell_count": 3, "mode": "historical"}}, {"type": "Feature", "geometry": {"type": "Point", "coordinates": [75.2667, 31.325]}, "properties": {"hotspot_id": "HS_punjab_stubble_belt_2025-11-07_471", "region_id": "punjab_stubble_belt", "date": "2025-11-07", "avg_estimated_aqi": 233.9, "max_estimated_aqi": 242.3, "severity": "Poor", "affected_cell_count": 3, "mode": "historical"}}, {"type": "Feature", "geometry": {"type": "Point", "coordinates": [74.7519, 31.4904]}, "properties": {"hotspot_id": "HS_punjab_stubble_belt_2025-11-07_472", "region_id": "punjab_stubble_belt", "date": "2025-11-07", "avg_estimated_aqi": 221.7, "max_estimated_aqi": 257.4, "severity": "Poor", "affected_cell_count": 13, "mode": "historical"}}, {"type": "Feature", "geometry": {"type": "Point", "coordinates": [75.0333, 31.4972]}, "properties": {"hotspot_id": "HS_punjab_stubble_belt_2025-11-07_473", "region_id": "punjab_stubble_belt", "date": "2025-11-07", "avg_estimated_aqi": 250.4, "max_estimated_aqi": 305.4, "severity": "Very Poor", "affected_cell_count": 18, "mode": "historical"}}, {"type": "Feature", "geometry": {"type": "Point", "coordinates": [75.2423, 31.5596]}, "properties": {"hotspot_id": "HS_punjab_stubble_belt_2025-11-07_474", "region_id": "punjab_stubble_belt", "date": "2025-11-07", "avg_estimated_aqi": 248.0, "max_estimated_aqi": 283.6, "severity": "Poor", "affected_cell_count": 13, "mode": "historical"}}, {"type": "Feature", "geometry": {"type": "Point", "coordinates": [74.7812, 31.725]}, "properties": {"hotspot_id": "HS_punjab_stubble_belt_2025-11-07_475", "region_id": "punjab_stubble_belt", "date": "2025-11-07", "avg_estimated_aqi": 246.9, "max_estimated_aqi": 298.4, "severity": "Poor", "affected_cell_count": 8, "mode": "historical"}}, {"type": "Feature", "geometry": {"type": "Point", "coordinates": [75.015, 31.779]}, "properties": {"hotspot_id": "HS_punjab_stubble_belt_2025-11-07_476", "region_id": "punjab_stubble_belt", "date": "2025-11-07", "avg_estimated_aqi": 236.4, "max_estimated_aqi": 284.5, "severity": "Poor", "affected_cell_count": 25, "mode": "historical"}}, {"type": "Feature", "geometry": {"type": "Point", "coordinates": [75.2286, 31.7893]}, "properties": {"hotspot_id": "HS_punjab_stubble_belt_2025-11-07_477", "region_id": "punjab_stubble_belt", "date": "2025-11-07", "avg_estimated_aqi": 251.2, "max_estimated_aqi": 285.7, "severity": "Poor", "affected_cell_count": 14, "mode": "historical"}}, {"type": "Feature", "geometry": {"type": "Point", "coordinates": [74.725, 31.325]}, "properties": {"hotspot_id": "HS_punjab_stubble_belt_2025-11-08_478", "region_id": "punjab_stubble_belt", "date": "2025-11-08", "avg_estimated_aqi": 238.8, "max_estimated_aqi": 248.4, "severity": "Poor", "affected_cell_count": 4, "mode": "historical"}}, {"type": "Feature", "geometry": {"type": "Point", "coordinates": [75.0, 31.325]}, "properties": {"hotspot_id": "HS_punjab_stubble_belt_2025-11-08_479", "region_id": "punjab_stubble_belt", "date": "2025-11-08", "avg_estimated_aqi": 297.0, "max_estimated_aqi": 325.1, "severity": "Very Poor", "affected_cell_count": 6, "mode": "historical"}}, {"type": "Feature", "geometry": {"type": "Point", "coordinates": [75.2437, 31.325]}, "properties": {"hotspot_id": "HS_punjab_stubble_belt_2025-11-08_480", "region_id": "punjab_stubble_belt", "date": "2025-11-08", "avg_estimated_aqi": 290.0, "max_estimated_aqi": 310.4, "severity": "Very Poor", "affected_cell_count": 4, "mode": "historical"}}, {"type": "Feature", "geometry": {"type": "Point", "coordinates": [74.7324, 31.5083]}, "properties": {"hotspot_id": "HS_punjab_stubble_belt_2025-11-08_481", "region_id": "punjab_stubble_belt", "date": "2025-11-08", "avg_estimated_aqi": 249.1, "max_estimated_aqi": 304.9, "severity": "Very Poor", "affected_cell_count": 27, "mode": "historical"}}, {"type": "Feature", "geometry": {"type": "Point", "coordinates": [74.9971, 31.4985]}, "properties": {"hotspot_id": "HS_punjab_stubble_belt_2025-11-08_482", "region_id": "punjab_stubble_belt", "date": "2025-11-08", "avg_estimated_aqi": 257.2, "max_estimated_aqi": 290.2, "severity": "Poor", "affected_cell_count": 34, "mode": "historical"}}, {"type": "Feature", "geometry": {"type": "Point", "coordinates": [75.235, 31.51]}, "properties": {"hotspot_id": "HS_punjab_stubble_belt_2025-11-08_483", "region_id": "punjab_stubble_belt", "date": "2025-11-08", "avg_estimated_aqi": 234.6, "max_estimated_aqi": 270.9, "severity": "Poor", "affected_cell_count": 20, "mode": "historical"}}, {"type": "Feature", "geometry": {"type": "Point", "coordinates": [74.7292, 31.7792]}, "properties": {"hotspot_id": "HS_punjab_stubble_belt_2025-11-08_484", "region_id": "punjab_stubble_belt", "date": "2025-11-08", "avg_estimated_aqi": 278.1, "max_estimated_aqi": 328.0, "severity": "Very Poor", "affected_cell_count": 24, "mode": "historical"}}, {"type": "Feature", "geometry": {"type": "Point", "coordinates": [75.0, 31.775]}, "properties": {"hotspot_id": "HS_punjab_stubble_belt_2025-11-08_485", "region_id": "punjab_stubble_belt", "date": "2025-11-08", "avg_estimated_aqi": 268.6, "max_estimated_aqi": 342.8, "severity": "Very Poor", "affected_cell_count": 30, "mode": "historical"}}, {"type": "Feature", "geometry": {"type": "Point", "coordinates": [75.2456, 31.7897]}, "properties": {"hotspot_id": "HS_punjab_stubble_belt_2025-11-08_486", "region_id": "punjab_stubble_belt", "date": "2025-11-08", "avg_estimated_aqi": 246.7, "max_estimated_aqi": 276.3, "severity": "Poor", "affected_cell_count": 17, "mode": "historical"}}, {"type": "Feature", "geometry": {"type": "Point", "coordinates": [74.75, 31.325]}, "properties": {"hotspot_id": "HS_punjab_stubble_belt_2025-11-09_487", "region_id": "punjab_stubble_belt", "date": "2025-11-09", "avg_estimated_aqi": 226.2, "max_estimated_aqi": 242.9, "severity": "Poor", "affected_cell_count": 4, "mode": "historical"}}, {"type": "Feature", "geometry": {"type": "Point", "coordinates": [75.005, 31.325]}, "properties": {"hotspot_id": "HS_punjab_stubble_belt_2025-11-09_488", "region_id": "punjab_stubble_belt", "date": "2025-11-09", "avg_estimated_aqi": 239.6, "max_estimated_aqi": 265.0, "severity": "Poor", "affected_cell_count": 5, "mode": "historical"}}, {"type": "Feature", "geometry": {"type": "Point", "coordinates": [75.2437, 31.325]}, "properties": {"hotspot_id": "HS_punjab_stubble_belt_2025-11-09_489", "region_id": "punjab_stubble_belt", "date": "2025-11-09", "avg_estimated_aqi": 238.7, "max_estimated_aqi": 254.6, "severity": "Poor", "affected_cell_count": 4, "mode": "historical"}}, {"type": "Feature", "geometry": {"type": "Point", "coordinates": [74.7359, 31.5141]}, "properties": {"hotspot_id": "HS_punjab_stubble_belt_2025-11-09_490", "region_id": "punjab_stubble_belt", "date": "2025-11-09", "avg_estimated_aqi": 251.9, "max_estimated_aqi": 301.5, "severity": "Very Poor", "affected_cell_count": 23, "mode": "historical"}}, {"type": "Feature", "geometry": {"type": "Point", "coordinates": [75.0167, 31.5083]}, "properties": {"hotspot_id": "HS_punjab_stubble_belt_2025-11-09_491", "region_id": "punjab_stubble_belt", "date": "2025-11-09", "avg_estimated_aqi": 247.9, "max_estimated_aqi": 322.5, "severity": "Very Poor", "affected_cell_count": 30, "mode": "historical"}}, {"type": "Feature", "geometry": {"type": "Point", "coordinates": [75.2431, 31.5056]}, "properties": {"hotspot_id": "HS_punjab_stubble_belt_2025-11-09_492", "region_id": "punjab_stubble_belt", "date": "2025-11-09", "avg_estimated_aqi": 231.5, "max_estimated_aqi": 269.1, "severity": "Poor", "affected_cell_count": 18, "mode": "historical"}}, {"type": "Feature", "geometry": {"type": "Point", "coordinates": [74.7275, 31.785]}, "properties": {"hotspot_id": "HS_punjab_stubble_belt_2025-11-09_493", "region_id": "punjab_stubble_belt", "date": "2025-11-09", "avg_estimated_aqi": 275.2, "max_estimated_aqi": 340.6, "severity": "Very Poor", "affected_cell_count": 20, "mode": "historical"}}, {"type": "Feature", "geometry": {"type": "Point", "coordinates": [74.9917, 31.7611]}, "properties": {"hotspot_id": "HS_punjab_stubble_belt_2025-11-09_494", "region_id": "punjab_stubble_belt", "date": "2025-11-09", "avg_estimated_aqi": 234.4, "max_estimated_aqi": 316.7, "severity": "Very Poor", "affected_cell_count": 18, "mode": "historical"}}, {"type": "Feature", "geometry": {"type": "Point", "coordinates": [75.2292, 31.7667]}, "properties": {"hotspot_id": "HS_punjab_stubble_belt_2025-11-09_495", "region_id": "punjab_stubble_belt", "date": "2025-11-09", "avg_estimated_aqi": 234.6, "max_estimated_aqi": 266.9, "severity": "Poor", "affected_cell_count": 12, "mode": "historical"}}, {"type": "Feature", "geometry": {"type": "Point", "coordinates": [74.725, 31.325]}, "properties": {"hotspot_id": "HS_punjab_stubble_belt_2025-11-10_496", "region_id": "punjab_stubble_belt", "date": "2025-11-10", "avg_estimated_aqi": 251.4, "max_estimated_aqi": 264.2, "severity": "Poor", "affected_cell_count": 5, "mode": "historical"}}, {"type": "Feature", "geometry": {"type": "Point", "coordinates": [75.0, 31.325]}, "properties": {"hotspot_id": "HS_punjab_stubble_belt_2025-11-10_497", "region_id": "punjab_stubble_belt", "date": "2025-11-10", "avg_estimated_aqi": 253.0, "max_estimated_aqi": 268.7, "severity": "Poor", "affected_cell_count": 6, "mode": "historical"}}, {"type": "Feature", "geometry": {"type": "Point", "coordinates": [75.2, 31.325]}, "properties": {"hotspot_id": "HS_punjab_stubble_belt_2025-11-10_498", "region_id": "punjab_stubble_belt", "date": "2025-11-10", "avg_estimated_aqi": 236.8, "max_estimated_aqi": 246.1, "severity": "Poor", "affected_cell_count": 2, "mode": "historical"}}, {"type": "Feature", "geometry": {"type": "Point", "coordinates": [74.7359, 31.4989]}, "properties": {"hotspot_id": "HS_punjab_stubble_belt_2025-11-10_499", "region_id": "punjab_stubble_belt", "date": "2025-11-10", "avg_estimated_aqi": 238.6, "max_estimated_aqi": 266.8, "severity": "Poor", "affected_cell_count": 23, "mode": "historical"}}, {"type": "Feature", "geometry": {"type": "Point", "coordinates": [75.0015, 31.5]}, "properties": {"hotspot_id": "HS_punjab_stubble_belt_2025-11-10_500", "region_id": "punjab_stubble_belt", "date": "2025-11-10", "avg_estimated_aqi": 243.7, "max_estimated_aqi": 280.2, "severity": "Poor", "affected_cell_count": 34, "mode": "historical"}}, {"type": "Feature", "geometry": {"type": "Point", "coordinates": [75.2405, 31.506]}, "properties": {"hotspot_id": "HS_punjab_stubble_belt_2025-11-10_501", "region_id": "punjab_stubble_belt", "date": "2025-11-10", "avg_estimated_aqi": 253.4, "max_estimated_aqi": 336.6, "severity": "Very Poor", "affected_cell_count": 21, "mode": "historical"}}, {"type": "Feature", "geometry": {"type": "Point", "coordinates": [74.7382, 31.7961]}, "properties": {"hotspot_id": "HS_punjab_stubble_belt_2025-11-10_502", "region_id": "punjab_stubble_belt", "date": "2025-11-10", "avg_estimated_aqi": 248.1, "max_estimated_aqi": 302.3, "severity": "Very Poor", "affected_cell_count": 19, "mode": "historical"}}, {"type": "Feature", "geometry": {"type": "Point", "coordinates": [74.99, 31.7625]}, "properties": {"hotspot_id": "HS_punjab_stubble_belt_2025-11-10_503", "region_id": "punjab_stubble_belt", "date": "2025-11-10", "avg_estimated_aqi": 253.7, "max_estimated_aqi": 329.5, "severity": "Very Poor", "affected_cell_count": 20, "mode": "historical"}}, {"type": "Feature", "geometry": {"type": "Point", "coordinates": [75.2062, 31.775]}, "properties": {"hotspot_id": "HS_punjab_stubble_belt_2025-11-10_504", "region_id": "punjab_stubble_belt", "date": "2025-11-10", "avg_estimated_aqi": 237.3, "max_estimated_aqi": 255.5, "severity": "Poor", "affected_cell_count": 8, "mode": "historical"}}, {"type": "Feature", "geometry": {"type": "Point", "coordinates": [74.7083, 31.325]}, "properties": {"hotspot_id": "HS_punjab_stubble_belt_2025-11-11_505", "region_id": "punjab_stubble_belt", "date": "2025-11-11", "avg_estimated_aqi": 277.4, "max_estimated_aqi": 343.1, "severity": "Very Poor", "affected_cell_count": 3, "mode": "historical"}}, {"type": "Feature", "geometry": {"type": "Point", "coordinates": [75.0, 31.325]}, "properties": {"hotspot_id": "HS_punjab_stubble_belt_2025-11-11_506", "region_id": "punjab_stubble_belt", "date": "2025-11-11", "avg_estimated_aqi": 233.9, "max_estimated_aqi": 247.6, "severity": "Poor", "affected_cell_count": 6, "mode": "historical"}}, {"type": "Feature", "geometry": {"type": "Point", "coordinates": [75.2667, 31.325]}, "properties": {"hotspot_id": "HS_punjab_stubble_belt_2025-11-11_507", "region_id": "punjab_stubble_belt", "date": "2025-11-11", "avg_estimated_aqi": 219.4, "max_estimated_aqi": 220.7, "severity": "Poor", "affected_cell_count": 3, "mode": "historical"}}, {"type": "Feature", "geometry": {"type": "Point", "coordinates": [74.7183, 31.4683]}, "properties": {"hotspot_id": "HS_punjab_stubble_belt_2025-11-11_508", "region_id": "punjab_stubble_belt", "date": "2025-11-11", "avg_estimated_aqi": 235.6, "max_estimated_aqi": 295.7, "severity": "Poor", "affected_cell_count": 15, "mode": "historical"}}, {"type": "Feature", "geometry": {"type": "Point", "coordinates": [74.975, 31.4357]}, "properties": {"hotspot_id": "HS_punjab_stubble_belt_2025-11-11_509", "region_id": "punjab_stubble_belt", "date": "2025-11-11", "avg_estimated_aqi": 223.9, "max_estimated_aqi": 271.3, "severity": "Poor", "affected_cell_count": 14, "mode": "historical"}}, {"type": "Feature", "geometry": {"type": "Point", "coordinates": [75.2222, 31.4306]}, "properties": {"hotspot_id": "HS_punjab_stubble_belt_2025-11-11_510", "region_id": "punjab_stubble_belt", "date": "2025-11-11", "avg_estimated_aqi": 211.8, "max_estimated_aqi": 223.3, "severity": "Poor", "affected_cell_count": 9, "mode": "historical"}}, {"type": "Feature", "geometry": {"type": "Point", "coordinates": [74.665, 31.825]}, "properties": {"hotspot_id": "HS_punjab_stubble_belt_2025-11-11_511", "region_id": "punjab_stubble_belt", "date": "2025-11-11", "avg_estimated_aqi": 213.7, "max_estimated_aqi": 225.2, "severity": "Poor", "affected_cell_count": 5, "mode": "historical"}}, {"type": "Feature", "geometry": {"type": "Point", "coordinates": [74.9312, 31.7688]}, "properties": {"hotspot_id": "HS_punjab_stubble_belt_2025-11-11_512", "region_id": "punjab_stubble_belt", "date": "2025-11-11", "avg_estimated_aqi": 224.3, "max_estimated_aqi": 247.1, "severity": "Poor", "affected_cell_count": 8, "mode": "historical"}}, {"type": "Feature", "geometry": {"type": "Point", "coordinates": [75.22, 31.805]}, "properties": {"hotspot_id": "HS_punjab_stubble_belt_2025-11-11_513", "region_id": "punjab_stubble_belt", "date": "2025-11-11", "avg_estimated_aqi": 232.8, "max_estimated_aqi": 291.1, "severity": "Poor", "affected_cell_count": 5, "mode": "historical"}}, {"type": "Feature", "geometry": {"type": "Point", "coordinates": [74.725, 31.325]}, "properties": {"hotspot_id": "HS_punjab_stubble_belt_2025-11-12_514", "region_id": "punjab_stubble_belt", "date": "2025-11-12", "avg_estimated_aqi": 278.0, "max_estimated_aqi": 293.7, "severity": "Poor", "affected_cell_count": 5, "mode": "historical"}}, {"type": "Feature", "geometry": {"type": "Point", "coordinates": [75.025, 31.325]}, "properties": {"hotspot_id": "HS_punjab_stubble_belt_2025-11-12_515", "region_id": "punjab_stubble_belt", "date": "2025-11-12", "avg_estimated_aqi": 273.8, "max_estimated_aqi": 318.8, "severity": "Very Poor", "affected_cell_count": 4, "mode": "historical"}}, {"type": "Feature", "geometry": {"type": "Point", "coordinates": [75.3, 31.325]}, "properties": {"hotspot_id": "HS_punjab_stubble_belt_2025-11-12_516", "region_id": "punjab_stubble_belt", "date": "2025-11-12", "avg_estimated_aqi": 206.5, "max_estimated_aqi": 206.5, "severity": "Poor", "affected_cell_count": 1, "mode": "historical"}}, {"type": "Feature", "geometry": {"type": "Point", "coordinates": [74.744, 31.4869]}, "properties": {"hotspot_id": "HS_punjab_stubble_belt_2025-11-12_517", "region_id": "punjab_stubble_belt", "date": "2025-11-12", "avg_estimated_aqi": 269.2, "max_estimated_aqi": 342.7, "severity": "Very Poor", "affected_cell_count": 21, "mode": "historical"}}, {"type": "Feature", "geometry": {"type": "Point", "coordinates": [74.997, 31.517]}, "properties": {"hotspot_id": "HS_punjab_stubble_belt_2025-11-12_518", "region_id": "punjab_stubble_belt", "date": "2025-11-12", "avg_estimated_aqi": 242.3, "max_estimated_aqi": 297.2, "severity": "Poor", "affected_cell_count": 25, "mode": "historical"}}, {"type": "Feature", "geometry": {"type": "Point", "coordinates": [75.2146, 31.5417]}, "properties": {"hotspot_id": "HS_punjab_stubble_belt_2025-11-12_519", "region_id": "punjab_stubble_belt", "date": "2025-11-12", "avg_estimated_aqi": 220.0, "max_estimated_aqi": 246.6, "severity": "Poor", "affected_cell_count": 12, "mode": "historical"}}, {"type": "Feature", "geometry": {"type": "Point", "coordinates": [74.7417, 31.7639]}, "properties": {"hotspot_id": "HS_punjab_stubble_belt_2025-11-12_520", "region_id": "punjab_stubble_belt", "date": "2025-11-12", "avg_estimated_aqi": 239.1, "max_estimated_aqi": 302.8, "severity": "Very Poor", "affected_cell_count": 18, "mode": "historical"}}, {"type": "Feature", "geometry": {"type": "Point", "coordinates": [75.0125, 31.7542]}, "properties": {"hotspot_id": "HS_punjab_stubble_belt_2025-11-12_521", "region_id": "punjab_stubble_belt", "date": "2025-11-12", "avg_estimated_aqi": 237.3, "max_estimated_aqi": 328.6, "severity": "Very Poor", "affected_cell_count": 24, "mode": "historical"}}, {"type": "Feature", "geometry": {"type": "Point", "coordinates": [75.25, 31.7806]}, "properties": {"hotspot_id": "HS_punjab_stubble_belt_2025-11-12_522", "region_id": "punjab_stubble_belt", "date": "2025-11-12", "avg_estimated_aqi": 225.6, "max_estimated_aqi": 248.1, "severity": "Poor", "affected_cell_count": 9, "mode": "historical"}}, {"type": "Feature", "geometry": {"type": "Point", "coordinates": [74.725, 31.325]}, "properties": {"hotspot_id": "HS_punjab_stubble_belt_2025-11-13_523", "region_id": "punjab_stubble_belt", "date": "2025-11-13", "avg_estimated_aqi": 263.5, "max_estimated_aqi": 278.2, "severity": "Poor", "affected_cell_count": 5, "mode": "historical"}}, {"type": "Feature", "geometry": {"type": "Point", "coordinates": [75.0, 31.325]}, "properties": {"hotspot_id": "HS_punjab_stubble_belt_2025-11-13_524", "region_id": "punjab_stubble_belt", "date": "2025-11-13", "avg_estimated_aqi": 282.4, "max_estimated_aqi": 338.2, "severity": "Very Poor", "affected_cell_count": 6, "mode": "historical"}}, {"type": "Feature", "geometry": {"type": "Point", "coordinates": [75.2437, 31.325]}, "properties": {"hotspot_id": "HS_punjab_stubble_belt_2025-11-13_525", "region_id": "punjab_stubble_belt", "date": "2025-11-13", "avg_estimated_aqi": 217.3, "max_estimated_aqi": 219.0, "severity": "Poor", "affected_cell_count": 4, "mode": "historical"}}, {"type": "Feature", "geometry": {"type": "Point", "coordinates": [74.725, 31.5]}, "properties": {"hotspot_id": "HS_punjab_stubble_belt_2025-11-13_526", "region_id": "punjab_stubble_belt", "date": "2025-11-13", "avg_estimated_aqi": 241.6, "max_estimated_aqi": 314.5, "severity": "Very Poor", "affected_cell_count": 30, "mode": "historical"}}, {"type": "Feature", "geometry": {"type": "Point", "coordinates": [75.01, 31.4983]}, "properties": {"hotspot_id": "HS_punjab_stubble_belt_2025-11-13_527", "region_id": "punjab_stubble_belt", "date": "2025-11-13", "avg_estimated_aqi": 251.9, "max_estimated_aqi": 321.7, "severity": "Very Poor", "affected_cell_count": 30, "mode": "historical"}}, {"type": "Feature", "geometry": {"type": "Point", "coordinates": [75.2393, 31.4964]}, "properties": {"hotspot_id": "HS_punjab_stubble_belt_2025-11-13_528", "region_id": "punjab_stubble_belt", "date": "2025-11-13", "avg_estimated_aqi": 243.4, "max_estimated_aqi": 317.5, "severity": "Very Poor", "affected_cell_count": 21, "mode": "historical"}}, {"type": "Feature", "geometry": {"type": "Point", "coordinates": [74.725, 31.7893]}, "properties": {"hotspot_id": "HS_punjab_stubble_belt_2025-11-13_529", "region_id": "punjab_stubble_belt", "date": "2025-11-13", "avg_estimated_aqi": 257.0, "max_estimated_aqi": 310.1, "severity": "Very Poor", "affected_cell_count": 21, "mode": "historical"}}, {"type": "Feature", "geometry": {"type": "Point", "coordinates": [74.9929, 31.7821]}, "properties": {"hotspot_id": "HS_punjab_stubble_belt_2025-11-13_530", "region_id": "punjab_stubble_belt", "date": "2025-11-13", "avg_estimated_aqi": 249.1, "max_estimated_aqi": 316.6, "severity": "Very Poor", "affected_cell_count": 28, "mode": "historical"}}, {"type": "Feature", "geometry": {"type": "Point", "coordinates": [75.2426, 31.7868]}, "properties": {"hotspot_id": "HS_punjab_stubble_belt_2025-11-13_531", "region_id": "punjab_stubble_belt", "date": "2025-11-13", "avg_estimated_aqi": 243.4, "max_estimated_aqi": 288.5, "severity": "Poor", "affected_cell_count": 17, "mode": "historical"}}, {"type": "Feature", "geometry": {"type": "Point", "coordinates": [74.725, 31.325]}, "properties": {"hotspot_id": "HS_punjab_stubble_belt_2025-11-14_532", "region_id": "punjab_stubble_belt", "date": "2025-11-14", "avg_estimated_aqi": 273.4, "max_estimated_aqi": 312.2, "severity": "Very Poor", "affected_cell_count": 5, "mode": "historical"}}, {"type": "Feature", "geometry": {"type": "Point", "coordinates": [75.0, 31.325]}, "properties": {"hotspot_id": "HS_punjab_stubble_belt_2025-11-14_533", "region_id": "punjab_stubble_belt", "date": "2025-11-14", "avg_estimated_aqi": 329.1, "max_estimated_aqi": 359.2, "severity": "Very Poor", "affected_cell_count": 6, "mode": "historical"}}, {"type": "Feature", "geometry": {"type": "Point", "coordinates": [75.2437, 31.325]}, "properties": {"hotspot_id": "HS_punjab_stubble_belt_2025-11-14_534", "region_id": "punjab_stubble_belt", "date": "2025-11-14", "avg_estimated_aqi": 227.6, "max_estimated_aqi": 237.2, "severity": "Poor", "affected_cell_count": 4, "mode": "historical"}}, {"type": "Feature", "geometry": {"type": "Point", "coordinates": [74.7288, 31.5038]}, "properties": {"hotspot_id": "HS_punjab_stubble_belt_2025-11-14_535", "region_id": "punjab_stubble_belt", "date": "2025-11-14", "avg_estimated_aqi": 266.2, "max_estimated_aqi": 341.1, "severity": "Very Poor", "affected_cell_count": 26, "mode": "historical"}}, {"type": "Feature", "geometry": {"type": "Point", "coordinates": [75.0021, 31.4979]}, "properties": {"hotspot_id": "HS_punjab_stubble_belt_2025-11-14_536", "region_id": "punjab_stubble_belt", "date": "2025-11-14", "avg_estimated_aqi": 289.1, "max_estimated_aqi": 418.0, "severity": "Severe", "affected_cell_count": 35, "mode": "historical"}}, {"type": "Feature", "geometry": {"type": "Point", "coordinates": [75.2316, 31.5224]}, "properties": {"hotspot_id": "HS_punjab_stubble_belt_2025-11-14_537", "region_id": "punjab_stubble_belt", "date": "2025-11-14", "avg_estimated_aqi": 255.6, "max_estimated_aqi": 302.1, "severity": "Very Poor", "affected_cell_count": 19, "mode": "historical"}}, {"type": "Feature", "geometry": {"type": "Point", "coordinates": [74.745, 31.7725]}, "properties": {"hotspot_id": "HS_punjab_stubble_belt_2025-11-14_538", "region_id": "punjab_stubble_belt", "date": "2025-11-14", "avg_estimated_aqi": 274.1, "max_estimated_aqi": 341.8, "severity": "Very Poor", "affected_cell_count": 20, "mode": "historical"}}, {"type": "Feature", "geometry": {"type": "Point", "coordinates": [74.9972, 31.7843]}, "properties": {"hotspot_id": "HS_punjab_stubble_belt_2025-11-14_539", "region_id": "punjab_stubble_belt", "date": "2025-11-14", "avg_estimated_aqi": 247.5, "max_estimated_aqi": 352.6, "severity": "Very Poor", "affected_cell_count": 27, "mode": "historical"}}, {"type": "Feature", "geometry": {"type": "Point", "coordinates": [75.2353, 31.7779]}, "properties": {"hotspot_id": "HS_punjab_stubble_belt_2025-11-14_540", "region_id": "punjab_stubble_belt", "date": "2025-11-14", "avg_estimated_aqi": 253.3, "max_estimated_aqi": 363.8, "severity": "Very Poor", "affected_cell_count": 17, "mode": "historical"}}, {"type": "Feature", "geometry": {"type": "Point", "coordinates": [74.725, 31.325]}, "properties": {"hotspot_id": "HS_punjab_stubble_belt_2025-11-15_541", "region_id": "punjab_stubble_belt", "date": "2025-11-15", "avg_estimated_aqi": 267.0, "max_estimated_aqi": 290.0, "severity": "Poor", "affected_cell_count": 5, "mode": "historical"}}, {"type": "Feature", "geometry": {"type": "Point", "coordinates": [75.225, 31.325]}, "properties": {"hotspot_id": "HS_punjab_stubble_belt_2025-11-15_542", "region_id": "punjab_stubble_belt", "date": "2025-11-15", "avg_estimated_aqi": 202.9, "max_estimated_aqi": 203.7, "severity": "Poor", "affected_cell_count": 2, "mode": "historical"}}, {"type": "Feature", "geometry": {"type": "Point", "coordinates": [74.7304, 31.4929]}, "properties": {"hotspot_id": "HS_punjab_stubble_belt_2025-11-15_543", "region_id": "punjab_stubble_belt", "date": "2025-11-15", "avg_estimated_aqi": 273.5, "max_estimated_aqi": 348.1, "severity": "Very Poor", "affected_cell_count": 28, "mode": "historical"}}, {"type": "Feature", "geometry": {"type": "Point", "coordinates": [74.9625, 31.5062]}, "properties": {"hotspot_id": "HS_punjab_stubble_belt_2025-11-15_544", "region_id": "punjab_stubble_belt", "date": "2025-11-15", "avg_estimated_aqi": 232.9, "max_estimated_aqi": 269.2, "severity": "Poor", "affected_cell_count": 8, "mode": "historical"}}, {"type": "Feature", "geometry": {"type": "Point", "coordinates": [75.2364, 31.475]}, "properties": {"hotspot_id": "HS_punjab_stubble_belt_2025-11-15_545", "region_id": "punjab_stubble_belt", "date": "2025-11-15", "avg_estimated_aqi": 225.3, "max_estimated_aqi": 258.0, "severity": "Poor", "affected_cell_count": 11, "mode": "historical"}}, {"type": "Feature", "geometry": {"type": "Point", "coordinates": [74.7432, 31.7977]}, "properties": {"hotspot_id": "HS_punjab_stubble_belt_2025-11-15_546", "region_id": "punjab_stubble_belt", "date": "2025-11-15", "avg_estimated_aqi": 232.4, "max_estimated_aqi": 284.9, "severity": "Poor", "affected_cell_count": 11, "mode": "historical"}}, {"type": "Feature", "geometry": {"type": "Point", "coordinates": [74.9159, 31.7795]}, "properties": {"hotspot_id": "HS_punjab_stubble_belt_2025-11-15_547", "region_id": "punjab_stubble_belt", "date": "2025-11-15", "avg_estimated_aqi": 217.7, "max_estimated_aqi": 244.3, "severity": "Poor", "affected_cell_count": 11, "mode": "historical"}}, {"type": "Feature", "geometry": {"type": "Point", "coordinates": [75.2389, 31.8194]}, "properties": {"hotspot_id": "HS_punjab_stubble_belt_2025-11-15_548", "region_id": "punjab_stubble_belt", "date": "2025-11-15", "avg_estimated_aqi": 217.6, "max_estimated_aqi": 236.6, "severity": "Poor", "affected_cell_count": 9, "mode": "historical"}}]}