region_id,date,lat,lon,hcho_value,cloud_fraction,estimated_aqi,estimated_aqi_uncorrected
delhi_ncr,2026-07-17,28.375,76.975,0.0002095505283386,0.2444397544881724,138.2,237.8
delhi_ncr,2026-07-17,28.375,77.025,0.0002298581872794,0.2393618912928014,145.0,244.6
delhi_ncr,2026-07-17,28.375,77.075,0.0002450101487629,0.2321951198963145,149.4,249.0
delhi_ncr,2026-07-17,28.375,77.125,0.0001334440522922,0.23783631252257,108.3,207.9
delhi_ncr,2026-07-17,28.375,77.175,3.5115752854021046e-05,0.2259857094265804,69.0,168.6
delhi_ncr,2026-07-17,28.375,77.225,0.0001468275575568,0.2055096448232121,107.5,207.1
delhi_ncr,2026-07-17,28.375,77.275,0.0002393171075227,0.2009410521715748,141.5,241.1
delhi_ncr,2026-07-17,28.375,77.325,0.0002605884549194,0.2172250064379163,152.5,252.1
delhi_ncr,2026-07-17,28.375,77.375,0.0001669473608475,0.2557943677924898,124.2,223.8
delhi_ncr,2026-07-17,28.375,77.425,0.0001669473608475,0.2557943677924898,124.2,223.8
delhi_ncr,2026-07-17,28.425,76.975,0.0002095505283386,0.2444397544881724,138.2,237.8
delhi_ncr,2026-07-17,28.425,77.025,0.0003103753312169,0.2425567578240669,175.9,275.5
delhi_ncr,2026-07-17,28.425,77.075,0.0003569500350783,0.2432931755277305,193.7,293.3
delhi_ncr,2026-07-17,28.425,77.125,0.0001854952214816,0.2577775156224769,131.6,231.2
delhi_ncr,2026-07-17,28.425,77.175,0.0001675357036789,0.2599186079805352,125.2,224.8
delhi_ncr,2026-07-17,28.425,77.225,0.0001663643083326,0.248668815055892,122.7,222.3
delhi_ncr,2026-07-17,28.425,77.275,0.0001805190880075,0.2347743422440526,125.5,225.1
delhi_ncr,2026-07-17,28.425,77.325,0.0002236752859096,0.212479392509442,137.7,237.3
delhi_ncr,2026-07-17,28.425,77.375,0.0001669473608475,0.2557943677924898,124.2,223.8
delhi_ncr,2026-07-17,28.425,77.425,0.0001669473608475,0.2557943677924898,124.2,223.8
delhi_ncr,2026-07-17,28.475,76.975,0.0002037243539234,0.2928395867347633,144.9,244.5
delhi_ncr,2026-07-17,28.475,77.025,0.0003511881493707,0.2672787803082181,195.9,295.5
delhi_ncr,2026-07-17,28.475,77.075,0.0003908281655152,0.2576935460734411,209.1,308.7
delhi_ncr,2026-07-17,28.475,77.125,0.0002044561039142,0.2714240648229644,141.2,240.8
delhi_ncr,2026-07-17,28.475,77.175,0.0002819855215986,0.286181190662544,173.2,272.8
delhi_ncr,2026-07-17,28.475,77.225,0.0002180545524778,0.2891661271579274,149.6,249.2
delhi_ncr,2026-07-17,28.475,77.275,0.0001536291558361,0.2900660040074949,125.5,225.1
delhi_ncr,2026-07-17,28.525,76.825,0.0002305084890386,0.2753753288421033,151.8,251.4
delhi_ncr,2026-07-17,28.525,76.875,0.0002190030143279,0.2742498445676788,147.2,246.8
delhi_ncr,2026-07-17,28.525,76.925,0.0001789722521581,0.2329651174229068,124.6,224.2
delhi_ncr,2026-07-17,28.525,76.975,0.0002021794118856,0.289839131369951,143.7,243.3
delhi_ncr,2026-07-17,28.525,77.025,0.0002253483610621,0.2826289168646669,151.2,250.8
delhi_ncr,2026-07-17,28.525,77.075,0.0002455640708405,0.2693178659287789,156.4,256.0
delhi_ncr,2026-07-17,28.525,77.125,0.0001451671527898,0.2637198815688,117.5,217.1
delhi_ncr,2026-07-17,28.525,77.175,0.0002924396564349,0.2869074014773811,177.3,276.9
delhi_ncr,2026-07-17,28.525,77.225,0.0003151925480556,0.2900367355556957,186.4,286.0
delhi_ncr,2026-07-17,28.575,76.825,0.0002286504620667,0.275193573617662,151.1,250.7
delhi_ncr,2026-07-17,28.575,76.875,0.0002190030143279,0.2742498445676788,147.2,246.8
delhi_ncr,2026-07-17,28.575,76.925,0.0001827018262733,0.2368115205730409,126.7,226.3
delhi_ncr,2026-07-17,28.575,76.975,0.0001653617082266,0.2166976363669679,116.5,216.1
delhi_ncr,2026-07-17,28.575,77.025,0.0001471865291931,0.2152213650667565,109.4,209.0
delhi_ncr,2026-07-17,28.575,77.075,0.0001388172182012,0.2292438756715364,108.8,208.4
delhi_ncr,2026-07-17,28.575,77.125,0.0001941460752317,0.2455762906041751,132.6,232.2
delhi_ncr,2026-07-17,28.575,77.175,0.0001031730531486,0.2796608371570774,104.5,204.1
delhi_ncr,2026-07-17,28.575,77.225,9.026907838505584e-05,0.2844955246113897,100.5,200.1
delhi_ncr,2026-07-17,28.625,76.825,0.0001749227466979,0.1915056697203068,115.5,215.1
delhi_ncr,2026-07-17,28.625,76.875,0.0002256490953845,0.1856729620265708,133.6,233.2
delhi_ncr,2026-07-17,28.625,76.925,0.0002467041917741,0.186240294615904,141.6,241.2
delhi_ncr,2026-07-17,28.625,76.975,0.0002499517901388,0.1844023636963012,142.5,242.1
delhi_ncr,2026-07-17,28.625,77.025,0.0002190332326167,0.1920396466019291,132.2,231.8
delhi_ncr,2026-07-17,28.625,77.075,0.0001972607975228,0.2133377164448186,127.9,227.5
delhi_ncr,2026-07-17,28.625,77.125,0.0003785150297397,0.2699726244968093,206.7,306.3
delhi_ncr,2026-07-17,28.625,77.175,0.0003479288195981,0.2797884137613314,196.9,296.5
delhi_ncr,2026-07-17,28.625,77.225,0.0003437633958961,0.2810506512594304,195.6,295.2
delhi_ncr,2026-07-17,28.675,76.825,0.000186349469182,0.1584069295997314,113.8,213.4
delhi_ncr,2026-07-17,28.675,76.875,0.0002530818457538,0.1548609388368415,138.3,237.9
delhi_ncr,2026-07-17,28.675,76.925,0.0002913798554319,0.182160423303753,157.7,257.3
delhi_ncr,2026-07-17,28.675,76.975,0.0002965049240573,0.1859865338834861,160.4,260.0
delhi_ncr,2026-07-17,28.675,77.025,0.0002469083813308,0.1943195859535954,143.2,242.8
delhi_ncr,2026-07-17,28.675,77.075,0.000185776133657,0.2148450955327958,123.9,223.5
delhi_ncr,2026-07-17,28.675,77.125,0.0003051292988841,0.2746627663891414,179.8,279.4
delhi_ncr,2026-07-17,28.675,77.175,0.0003925369664578,0.2788595948685984,213.6,313.2
delhi_ncr,2026-07-17,28.675,77.225,0.0004176992385035,0.2800458965317756,223.3,322.9
delhi_ncr,2026-07-17,28.725,76.825,0.0001932018590257,0.1545083033426449,115.6,215.2
delhi_ncr,2026-07-17,28.725,76.875,0.0002667772269372,0.1540062087696162,143.3,242.9
delhi_ncr,2026-07-17,28.725,76.925,0.0002929070701463,0.1984279936457778,161.3,260.9
delhi_ncr,2026-07-17,28.725,76.975,0.0002976996705842,0.2028201268024406,163.9,263.5
delhi_ncr,2026-07-17,28.725,77.025,0.0002477781349953,0.2084417148132665,146.1,245.7
delhi_ncr,2026-07-17,28.725,77.075,0.0001709205783894,0.2242201427420654,120.0,219.6
delhi_ncr,2026-07-17,28.725,77.125,0.0002008251759592,0.2722843982049322,140.0,239.6
delhi_ncr,2026-07-17,28.725,77.175,0.0002005588281048,0.2722877473929267,139.9,239.5
delhi_ncr,2026-07-17,28.775,76.825,0.0001389793701522,0.1694607967842507,97.9,197.5
delhi_ncr,2026-07-17,28.775,76.875,0.0002366717790719,0.1660874590951785,134.2,233.8
delhi_ncr,2026-07-17,28.775,76.925,0.0002257292377936,0.2173992123905594,139.4,239.0
delhi_ncr,2026-07-17,28.775,76.975,0.0002393474624361,0.2227768678876775,145.5,245.1
delhi_ncr,2026-07-17,28.775,77.025,0.0002288810010336,0.2252303418191018,142.0,241.6
delhi_ncr,2026-07-17,28.775,77.075,0.0002052884778752,0.2345903912559964,134.8,234.4
delhi_ncr,2026-07-17,28.775,77.125,0.0002434408326634,0.2717485281258091,156.0,255.6
delhi_ncr,2026-07-17,28.775,77.175,0.0002434408326634,0.2717485281258091,156.0,255.6
delhi_ncr,2026-07-17,28.825,76.825,0.0001510854572825,0.159438368705944,100.6,200.2
delhi_ncr,2026-07-17,28.825,76.875,0.0001697771682064,0.1666974818835513,109.0,208.6
delhi_ncr,2026-07-17,28.825,76.925,0.0002715519939028,0.2232779517061193,157.8,257.4
delhi_ncr,2026-07-17,28.825,76.975,0.000298256644256,0.2286764182090377,168.8,268.4
delhi_ncr,2026-07-17,28.825,77.025,0.0002807772663599,0.2299162781569578,162.5,262.1
delhi_ncr,2026-07-17,28.825,77.075,0.0002404735218144,0.2327074890590436,147.8,247.4
delhi_ncr,2026-07-17,28.825,77.125,0.0002454011484002,0.2361012934677894,150.2,249.8
delhi_ncr,2026-07-17,28.825,77.175,0.0002454011484002,0.2361012934677894,150.2,249.8
delhi_ncr,2026-07-17,28.875,76.825,0.0002144856426687,0.1257870751077669,118.4,218.0
delhi_ncr,2026-07-17,28.875,76.875,0.0001923303813922,0.140971548858862,112.8,212.4
delhi_ncr,2026-07-17,28.875,76.925,0.0001552777495743,0.1714680920892983,104.4,204.0
delhi_ncr,2026-07-17,28.875,76.975,0.0001817086674999,0.1780937910481411,115.6,215.2
delhi_ncr,2026-07-17,28.875,77.025,0.0001739562710271,0.1820717026226633,113.4,213.0
delhi_ncr,2026-07-17,28.875,77.075,0.0001431181374358,0.1881764154039484,102.9,202.5
delhi_ncr,2026-07-17,28.875,77.125,0.0002051721484182,0.2129763335820346,130.8,230.4
delhi_ncr,2026-07-17,28.875,77.175,0.000162843392084,0.2483539407703869,121.3,220.9
delhi_ncr,2026-07-17,28.875,77.225,0.0001548286634965,0.2551200623299371,119.5,219.1
delhi_ncr,2026-07-18,28.625,77.175,0.0002108944354107,0.2836279652454008,145.9,245.5
delhi_ncr,2026-07-18,28.625,77.225,0.0002785867347963,0.2769743905708576,170.2,269.8
delhi_ncr,2026-07-18,28.625,77.275,0.0003327487171569,0.2788334271750908,191.0,290.6
delhi_ncr,2026-07-18,28.625,77.325,0.0003545017814133,0.289754735390062,201.2,300.8
delhi_ncr,2026-07-18,28.675,77.175,0.0002490364734714,0.2715199501872349,158.1,257.7
delhi_ncr,2026-07-18,28.675,77.225,0.0002493252832682,0.2645435034664907,156.9,256.5
delhi_ncr,2026-07-18,28.675,77.275,0.0002693272990175,0.2654700890167604,164.6,264.2
delhi_ncr,2026-07-18,28.675,77.325,0.0003043303511731,0.274718079475156,179.5,279.1
delhi_ncr,2026-07-18,28.725,77.075,0.0002228128210992,0.2799606232971048,149.7,249.3
delhi_ncr,2026-07-18,28.725,77.125,0.0002228128210992,0.2799606232971048,149.7,249.3
delhi_ncr,2026-07-18,28.725,77.175,0.0002880258781384,0.2560058134218453,170.0,269.6
delhi_ncr,2026-07-18,28.725,77.225,0.0002399738923765,0.2562158523239197,151.9,251.5
delhi_ncr,2026-07-18,28.725,77.275,0.0002228621115035,0.2580080233096035,145.7,245.3
delhi_ncr,2026-07-18,28.725,77.325,0.0002575036829489,0.2606838672879102,159.3,258.9
delhi_ncr,2026-07-18,28.775,77.075,0.0002228128210992,0.2799606232971048,149.7,249.3
delhi_ncr,2026-07-18,28.775,77.125,0.0002228128210992,0.2799606232971048,149.7,249.3
delhi_ncr,2026-07-18,28.775,77.175,0.0002953620815662,0.2457483871219857,170.9,270.5
delhi_ncr,2026-07-18,28.775,77.225,0.0002934645335715,0.2663410588787568,173.9,273.5
delhi_ncr,2026-07-18,28.775,77.275,0.0002858315048769,0.2822766065078736,173.9,273.5
delhi_ncr,2026-07-18,28.825,77.075,0.0002868072910738,0.2613731212612614,170.5,270.1
delhi_ncr,2026-07-18,28.825,77.125,0.0002868072910738,0.2613731212612614,170.5,270.1
delhi_ncr,2026-07-18,28.825,77.175,0.0003374797366497,0.2450065408334824,186.6,286.2
delhi_ncr,2026-07-18,28.825,77.225,0.0002834449556464,0.2627829582379019,169.5,269.1
delhi_ncr,2026-07-18,28.825,77.275,0.0002451036784743,0.2753695332561611,157.3,256.9
delhi_ncr,2026-07-18,28.875,76.825,0.0004326748893733,0.2954431771689768,231.8,331.4
delhi_ncr,2026-07-18,28.875,76.875,0.0004326748893733,0.2954431771689768,231.8,331.4
delhi_ncr,2026-07-18,28.875,76.925,0.0004326748893733,0.2954431771689768,231.8,331.4
delhi_ncr,2026-07-18,28.875,77.075,0.0002868072910738,0.2613731212612614,170.5,270.1
delhi_ncr,2026-07-18,28.875,77.125,0.0002868072910738,0.2613731212612614,170.5,270.1
delhi_ncr,2026-07-18,28.875,77.175,0.0003376112167888,0.2449640743559843,186.7,286.3
delhi_ncr,2026-07-18,28.875,77.225,0.0002824400431399,0.2631128483089449,169.2,268.8
delhi_ncr,2026-07-18,28.875,77.275,0.0002451036784743,0.2753695332561611,157.3,256.9
delhi_ncr,2026-07-22,28.375,76.825,0.0001653969565892,0.2678049834106876,125.8,225.4
delhi_ncr,2026-07-22,28.375,76.875,0.0002007766348331,0.2805820338696665,141.5,241.1
delhi_ncr,2026-07-22,28.375,76.925,0.0001174345642228,0.2889165446263661,111.6,211.2
delhi_ncr,2026-07-22,28.375,76.975,7.613530327742065e-05,0.2916752581120185,96.5,196.1
delhi_ncr,2026-07-22,28.375,77.025,5.8552219589447535e-05,0.2926997886031626,90.1,189.7
delhi_ncr,2026-07-22,28.425,76.825,0.000262546840582,0.2646888587368278,161.9,261.5
delhi_ncr,2026-07-22,28.425,76.875,0.0002731101997789,0.27216222164125,167.3,266.9
delhi_ncr,2026-07-22,28.425,76.925,0.0001698357239625,0.28850480129752,131.3,230.9
delhi_ncr,2026-07-22,28.425,76.975,0.0001417835722947,0.2912832351537727,121.2,220.8
delhi_ncr,2026-07-22,28.425,77.025,0.0001315947710736,0.2918767073130724,117.5,217.1
delhi_ncr,2026-07-22,28.475,76.825,0.0003011583356248,0.2662390246361895,176.8,276.4
delhi_ncr,2026-07-22,28.475,76.875,0.0003128724155824,0.2669220443549146,181.3,280.9
delhi_ncr,2026-07-22,28.475,76.925,0.000214529134886,0.2889364648827531,148.2,247.8
delhi_ncr,2026-07-22,28.475,76.975,0.0002025109272356,0.2916040808528343,144.2,243.8
delhi_ncr,2026-07-22,28.475,77.025,0.0002011115979232,0.2919046575836863,143.7,243.3
delhi_ncr,2026-07-22,28.525,76.825,0.0002018213134755,0.2773358261567085,141.3,240.9
delhi_ncr,2026-07-22,28.525,76.875,0.0002776120672934,0.2726963758468928,169.1,268.7
delhi_ncr,2026-07-22,28.525,76.925,0.0002079720770369,0.2903307257160177,146.0,245.6
delhi_ncr,2026-07-22,28.525,76.975,0.000201058196601,0.292082307209916,143.7,243.3
delhi_ncr,2026-07-22,28.525,77.025,0.0002010585933229,0.2920826628791777,143.7,243.3
delhi_ncr,2026-07-22,28.575,76.825,0.0001973422644372,0.2891844488972747,141.8,241.4
delhi_ncr,2026-07-22,28.625,76.825,0.0001973422644372,0.2891844488972747,141.8,241.4
delhi_ncr,2026-07-22,28.825,77.025,0.0001891703907882,0.2990852940486989,140.5,240.1
delhi_ncr,2026-07-22,28.825,77.075,0.0001893421409588,0.2968276299796402,140.2,239.8
delhi_ncr,2026-07-22,28.825,77.125,0.0001904871420959,0.2817765361859157,137.9,237.5
delhi_ncr,2026-07-22,28.825,77.175,0.0001862447886316,0.2761367675807404,135.2,234.8
delhi_ncr,2026-07-22,28.825,77.225,0.0001856430363672,0.2753368004027013,134.9,234.5
delhi_ncr,2026-07-22,28.875,76.975,0.0001852602968591,0.2386438455696871,128.0,227.6
delhi_ncr,2026-07-22,28.875,77.025,0.0001995121394552,0.2277055933279217,131.4,231.0
delhi_ncr,2026-07-22,28.875,77.075,0.0002075969289816,0.2169621747731009,132.5,232.1
delhi_ncr,2026-07-22,28.875,77.125,0.000146765106455,0.2329484731369434,112.4,212.0
delhi_ncr,2026-07-22,28.875,77.175,0.0001410392515283,0.2331494419846212,110.3,209.9
delhi_ncr,2026-07-22,28.875,77.225,0.0001446419604483,0.253243395165249,115.3,214.9
delhi_ncr,2026-07-22,28.875,77.275,0.0001396135935308,0.2763113656265453,117.7,217.3
delhi_ncr,2026-07-22,28.875,77.325,0.0001233025609982,0.2872779109305826,113.5,213.1
delhi_ncr,2026-07-23,28.375,76.825,6.091750122432984e-05,0.2333149529862426,80.1,179.7
delhi_ncr,2026-07-23,28.375,76.875,6.849118654601936e-05,0.2273784360851274,81.9,181.5
delhi_ncr,2026-07-23,28.375,76.925,0.000117295574076,0.2577428664473036,105.9,205.5
delhi_ncr,2026-07-23,28.375,76.975,0.0001326902605461,0.2556002239412568,111.3,210.9
delhi_ncr,2026-07-23,28.375,77.025,0.0001614476763538,0.2409853545159356,119.5,219.1
delhi_ncr,2026-07-23,28.425,76.825,6.898159233480985e-05,0.2550299149324543,87.1,186.7
delhi_ncr,2026-07-23,28.425,76.875,6.719060288620628e-05,0.2361238615989786,83.0,182.6
delhi_ncr,2026-07-23,28.425,76.925,0.0001043268846725,0.2601865607553278,101.4,201.0
delhi_ncr,2026-07-23,28.425,76.975,0.0001128782013544,0.2656786968430063,105.6,205.2
delhi_ncr,2026-07-23,28.475,76.825,8.606248977974595e-05,0.2611093940373039,94.7,194.3
delhi_ncr,2026-07-23,28.475,76.875,8.394107842385715e-05,0.2396381145437368,90.0,189.6
delhi_ncr,2026-07-23,28.475,76.925,8.394107842385715e-05,0.2396381145437368,90.0,189.6
delhi_ncr,2026-07-23,28.825,77.075,9.34332778619912e-05,0.1948559234930747,85.4,185.0
delhi_ncr,2026-07-23,28.825,77.125,9.34332778619912e-05,0.1948559234930747,85.4,185.0
delhi_ncr,2026-07-23,28.825,77.175,9.983685491235484e-05,0.259189156892473,99.5,199.1
delhi_ncr,2026-07-23,28.825,77.225,0.0001007451637138,0.268314438225721,101.5,201.1
delhi_ncr,2026-07-23,28.825,77.275,0.0002139200822324,0.2274125683113866,136.8,236.4
delhi_ncr,2026-07-23,28.825,77.325,0.0002139200822324,0.2274125683113866,136.8,236.4
delhi_ncr,2026-07-23,28.825,77.475,0.0002475815140599,0.2792479709598262,158.9,258.5
delhi_ncr,2026-07-23,28.825,77.525,0.0002475815140599,0.2792479709598262,158.9,258.5
delhi_ncr,2026-07-23,28.875,76.925,0.0002169146418204,0.2460666957377831,141.3,240.9
delhi_ncr,2026-07-23,28.875,76.975,0.0001919605909626,0.2172515889968165,126.6,226.2
delhi_ncr,2026-07-23,28.875,77.025,0.0001457398485998,0.1825970017614226,102.9,202.5
delhi_ncr,2026-07-23,28.875,77.075,8.907829546202293e-05,0.1538483597660619,76.2,175.8
delhi_ncr,2026-07-23,28.875,77.125,6.372269600606775e-05,0.1608415435707978,67.9,167.5
delhi_ncr,2026-07-23,28.875,77.175,0.0001203641331414,0.2325776132424844,102.4,202.0
delhi_ncr,2026-07-23,28.875,77.225,0.0001188714270781,0.2449683694077752,104.1,203.7
delhi_ncr,2026-07-23,28.875,77.275,0.0001161676315307,0.2449204261253847,103.1,202.7
delhi_ncr,2026-07-23,28.875,77.325,0.0001157156191845,0.245094790516166,102.9,202.5
delhi_ncr,2026-07-23,28.875,77.375,7.296707281056106e-06,0.2839757204055428,69.1,168.7
delhi_ncr,2026-07-23,28.875,77.425,8.28631453984767e-06,0.2845074890081374,69.6,169.2
delhi_ncr,2026-07-23,28.875,77.475,8.707709132528474e-05,0.2828419455602033,99.0,198.6
delhi_ncr,2026-07-23,28.875,77.525,0.0002475815140599,0.2792479709598262,158.9,258.5
delhi_ncr,2026-07-24,28.375,76.925,0.0001065315271061,0.2684516263348446,103.7,203.3
delhi_ncr,2026-07-24,28.375,76.975,8.543573920794399e-05,0.1826673165652123,80.1,179.7
delhi_ncr,2026-07-24,28.375,77.025,0.0001422241719821,0.1775062072369377,100.6,200.2
delhi_ncr,2026-07-24,28.375,77.075,0.0002505101058359,0.2440382872248911,153.6,253.2
delhi_ncr,2026-07-24,28.375,77.225,0.0001024179833041,0.1769887748687618,85.5,185.1
delhi_ncr,2026-07-24,28.375,77.275,0.0001003204181858,0.1743315531684809,84.2,183.8
delhi_ncr,2026-07-24,28.375,77.325,9.988808802358417e-05,0.1852050415709799,86.0,185.6
delhi_ncr,2026-07-24,28.375,77.375,0.0001055794753381,0.212279436326603,93.1,192.7
delhi_ncr,2026-07-24,28.375,77.425,8.595564877146797e-05,0.1208208458436478,69.0,168.6
delhi_ncr,2026-07-24,28.375,77.475,0.0001893183878998,0.0510618409333231,95.3,194.9
delhi_ncr,2026-07-24,28.375,77.525,0.0002364908883077,0.0882344116296626,119.9,219.5
delhi_ncr,2026-07-24,28.375,77.55,0.0001651849105619,0.2794646245966151,127.9,227.5
delhi_ncr,2026-07-24,28.425,77.325,0.0001048792073801,0.255444793668861,100.7,200.3
delhi_ncr,2026-07-24,28.425,77.375,0.0001046474789009,0.2561295190135489,100.8,200.4
delhi_ncr,2026-07-24,28.425,77.425,8.797223716267782e-05,0.1821809044448789,81.0,180.6
delhi_ncr,2026-07-24,28.425,77.475,0.0001006191634845,0.1571735721074691,81.2,180.8
delhi_ncr,2026-07-24,28.425,77.525,0.0001205043198201,0.1734915414457518,91.7,191.3
delhi_ncr,2026-07-24,28.425,77.55,0.0001651849105619,0.2794646245966151,127.9,227.5
delhi_ncr,2026-07-24,28.475,77.325,9.250373850002766e-05,0.2514566680182499,95.3,194.9
delhi_ncr,2026-07-24,28.475,77.375,9.22027183926996e-05,0.2494492897051186,94.9,194.5
delhi_ncr,2026-07-24,28.475,77.425,9.850688163867567e-05,0.217513595002938,91.4,191.0
delhi_ncr,2026-07-24,28.475,77.475,2.755520144796175e-05,0.2447032271373544,69.6,169.2
delhi_ncr,2026-07-24,28.475,77.525,-2.3064223132504035e-05,0.268003599331555,54.8,154.4
delhi_ncr,2026-07-24,28.525,77.325,8.091446436789661e-05,0.1741726029626936,76.9,176.5
delhi_ncr,2026-07-24,28.525,77.375,8.325330455380612e-05,0.1763876913885375,78.1,177.7
delhi_ncr,2026-07-24,28.525,77.425,9.88826039649767e-05,0.1950268302394314,87.4,187.0
delhi_ncr,2026-07-24,28.525,77.475,2.3405099988015487e-05,0.2474118895899002,68.5,168.1
delhi_ncr,2026-07-24,28.525,77.525,-3.1975603976227204e-05,0.2815874547160817,53.9,153.5
delhi_ncr,2026-07-24,28.575,77.325,0.0001744680718042,0.2627761399964496,128.3,227.9
delhi_ncr,2026-07-24,28.575,77.375,0.0001744680718042,0.2627761399964496,128.3,227.9
delhi_ncr,2026-07-24,28.575,77.425,0.0001744680718042,0.2627761399964496,128.3,227.9
delhi_ncr,2026-07-24,28.625,77.325,0.0001744680718042,0.2627761399964496,128.3,227.9
delhi_ncr,2026-07-24,28.625,77.375,0.0001744680718042,0.2627761399964496,128.3,227.9
delhi_ncr,2026-07-24,28.625,77.425,0.0001744680718042,0.2627761399964496,128.3,227.9
delhi_ncr,2026-07-25,28.375,76.825,8.532217978826946e-05,0.2987244040659824,101.3,200.9
delhi_ncr,2026-07-25,28.375,76.925,0.000140140949446,0.2975314806416098,121.7,221.3
delhi_ncr,2026-07-25,28.375,76.975,0.0001738793039194,0.2907628784930088,133.2,232.8
delhi_ncr,2026-07-25,28.375,77.025,0.0001688536017116,0.2060511971034942,115.9,215.5
delhi_ncr,2026-07-25,28.375,77.075,0.0001386923678673,0.10704438418712,86.4,186.0
delhi_ncr,2026-07-25,28.375,77.125,0.0001135640808707,0.2571240435829069,104.3,203.9
delhi_ncr,2026-07-25,28.375,77.175,0.0001135640808707,0.2571240435829069,104.3,203.9
delhi_ncr,2026-07-25,28.375,77.225,6.323801571968562e-05,0.2597274774611915,85.8,185.4
delhi_ncr,2026-07-25,28.375,77.275,4.890898763783164e-05,0.2371179743037526,76.3,175.9
delhi_ncr,2026-07-25,28.375,77.325,4.070593218747541e-05,0.1775472195485573,62.3,161.9
delhi_ncr,2026-07-25,28.375,77.375,0.0001681465560624,0.0421030373779496,85.7,185.3
delhi_ncr,2026-07-25,28.375,77.425,0.000127829708423,0.0340204894355433,69.0,168.6
delhi_ncr,2026-07-25,28.375,77.475,0.0001181338286116,0.0288616972799699,64.4,164.0
delhi_ncr,2026-07-25,28.375,77.525,0.0001180537049157,0.042223769039067,66.8,166.4
delhi_ncr,2026-07-25,28.375,77.55,0.0001481994726632,0.0506272160892159,79.7,179.3
delhi_ncr,2026-07-25,28.425,76.825,0.0001076436101586,0.143065094101259,81.3,180.9
delhi_ncr,2026-07-25,28.425,76.875,0.0001144192598966,0.1090228424364374,77.6,177.2
delhi_ncr,2026-07-25,28.425,76.925,0.0001726317442356,0.207885563508723,117.6,217.2
delhi_ncr,2026-07-25,28.425,76.975,0.0001855455665574,0.2044567795045852,121.9,221.5
delhi_ncr,2026-07-25,28.425,77.025,0.0001661033485326,0.167351283551096,107.8,207.4
delhi_ncr,2026-07-25,28.425,77.075,0.0001254037408275,0.1224313031272634,84.2,183.8
delhi_ncr,2026-07-25,28.425,77.125,9.227548798169288e-05,0.2138616075252204,88.4,188.0
delhi_ncr,2026-07-25,28.425,77.175,0.0001596445704589,0.1835244707217406,108.3,207.9
delhi_ncr,2026-07-25,28.425,77.225,0.0001086428198304,0.1346815301617449,80.1,179.7
delhi_ncr,2026-07-25,28.425,77.275,0.0001008114228006,0.1093725532558387,72.5,172.1
delhi_ncr,2026-07-25,28.425,77.325,0.0001260725722708,0.0817671900576836,77.0,176.6
delhi_ncr,2026-07-25,28.425,77.375,0.0001499774985298,0.0073769568260012,72.5,172.1
delhi_ncr,2026-07-25,28.425,77.425,0.0001565634514488,0.0081426965606098,75.1,174.7
delhi_ncr,2026-07-25,28.425,77.475,0.0001550728153369,0.0374309009393386,79.9,179.5
delhi_ncr,2026-07-25,28.425,77.525,0.000137944761098,0.0924664322512177,83.5,183.1
delhi_ncr,2026-07-25,28.425,77.55,0.0001057340263127,0.1565421737185757,83.0,182.6
delhi_ncr,2026-07-25,28.475,76.825,0.0001218104033089,0.0380141343659446,67.4,167.0
delhi_ncr,2026-07-25,28.475,76.875,0.0001165904556841,0.1066679229509142,78.0,177.6
delhi_ncr,2026-07-25,28.475,76.925,0.0002057517770913,0.1472898219320709,119.1,218.7
delhi_ncr,2026-07-25,28.475,76.975,0.0001801235653893,0.1504437934887412,110.0,209.6
delhi_ncr,2026-07-25,28.475,77.025,0.0001445531055794,0.1375762754440548,94.2,193.8
delhi_ncr,2026-07-25,28.475,77.075,0.0001139625962079,0.1227354993133325,79.9,179.5
delhi_ncr,2026-07-25,28.475,77.125,9.395306328232856e-05,0.1527582910894432,77.9,177.5
delhi_ncr,2026-07-25,28.475,77.175,0.00013505642979,0.1315292525349421,89.5,189.1
delhi_ncr,2026-07-25,28.475,77.225,0.0001246414351098,0.0510299365305558,70.9,170.5
delhi_ncr,2026-07-25,28.475,77.275,0.0001469822445413,0.0015421215223149,70.3,169.9
delhi_ncr,2026-07-25,28.475,77.325,0.0001967651642838,9.533625659577524e-05,88.8,188.4
delhi_ncr,2026-07-25,28.475,77.375,0.0001115674338255,4.978415633872627e-06,56.6,156.2
delhi_ncr,2026-07-25,28.475,77.425,0.0001493354199031,0.0079259926197066,72.3,171.9
delhi_ncr,2026-07-25,28.475,77.475,0.0001616389285355,0.07104380464079,88.5,188.1
delhi_ncr,2026-07-25,28.475,77.525,0.0001509268281408,0.1412301835436615,97.3,196.9
delhi_ncr,2026-07-25,28.475,77.55,0.0001083775769287,0.2198593619130013,95.6,195.2
delhi_ncr,2026-07-25,28.525,76.825,0.0001174889236897,0.0448390354135625,67.0,166.6
delhi_ncr,2026-07-25,28.525,76.875,0.000121527937163,0.1008481471668337,78.8,178.4
delhi_ncr,2026-07-25,28.525,76.925,0.0002227519366304,0.1674701674269151,129.2,228.8
delhi_ncr,2026-07-25,28.525,76.975,0.0001435455209566,0.1929975184380902,103.9,203.5
delhi_ncr,2026-07-25,28.525,77.025,0.0001036557501917,0.1649462602503549,83.8,183.4
delhi_ncr,2026-07-25,28.525,77.075,0.0001158869533581,0.0902453256189662,74.7,174.3
delhi_ncr,2026-07-25,28.525,77.125,0.0001020441824298,0.0010407011400008,53.2,152.8
delhi_ncr,2026-07-25,28.525,77.175,7.512502392659772e-05,0.002465912349304,43.3,142.9
delhi_ncr,2026-07-25,28.525,77.225,0.0001063976771966,0.0021164420099636,55.0,154.6
delhi_ncr,2026-07-25,28.525,77.275,0.0001538769209019,0.0015092792559785,72.9,172.5
delhi_ncr,2026-07-25,28.525,77.325,0.0001908476237319,1.6754283383225186e-06,86.5,186.1
delhi_ncr,2026-07-25,28.525,77.375,9.53740756132566e-05,1.7424454718554193e-05,50.5,150.1
delhi_ncr,2026-07-25,28.525,77.425,9.374219174886175e-05,0.0273140447866783,54.9,154.5
delhi_ncr,2026-07-25,28.525,77.475,0.0001031530400453,0.1243841253012952,76.2,175.8
delhi_ncr,2026-07-25,28.525,77.525,0.0001099803310896,0.1891627159904056,90.6,190.2
delhi_ncr,2026-07-25,28.575,76.825,7.949511940061678e-05,0.0207831398962797,48.3,147.9
delhi_ncr,2026-07-25,28.575,76.875,0.000102398125557,0.1034815414262006,72.1,171.7
delhi_ncr,2026-07-25,28.575,76.925,0.0001182410634594,0.2460960448914674,104.1,203.7
delhi_ncr,2026-07-25,28.575,76.975,0.0001273787121329,0.2542421256280858,109.0,208.6
delhi_ncr,2026-07-25,28.575,77.025,0.0001652101162701,0.1822859285161387,110.1,209.7
delhi_ncr,2026-07-25,28.575,77.075,0.0002224012081194,0.071430552704711,111.5,211.1
delhi_ncr,2026-07-25,28.575,77.125,0.0002540342373728,0.041628045600035,118.0,217.6
delhi_ncr,2026-07-25,28.575,77.175,0.0001819214935921,0.0915327694367467,99.9,199.5
delhi_ncr,2026-07-25,28.575,77.225,0.0001860046566044,0.0871621017614378,100.6,200.2
delhi_ncr,2026-07-25,28.575,77.275,0.0001949676778338,0.0799918005668627,102.7,202.3
delhi_ncr,2026-07-25,28.625,76.825,7.898616370825075e-05,0.0189453976400593,47.8,147.4
delhi_ncr,2026-07-25,28.625,76.875,0.000102398125557,0.1034815414262006,72.1,171.7
delhi_ncr,2026-07-25,28.625,76.925,0.000190488958203,0.2334833443258148,129.0,228.6
delhi_ncr,2026-07-25,28.625,76.975,0.0001525039886533,0.1938202252888241,107.5,207.1
delhi_ncr,2026-07-25,28.625,77.025,0.000193219147084,0.1981057938153859,123.6,223.2
delhi_ncr,2026-07-25,28.625,77.075,0.0002918962186023,0.2357543007467034,167.7,267.3
delhi_ncr,2026-07-25,28.625,77.125,0.0002540342373728,0.041628045600035,118.0,217.6
delhi_ncr,2026-07-25,28.625,77.175,0.0001808417913606,0.0922799638834745,99.6,199.2
delhi_ncr,2026-07-25,28.625,77.225,0.000185916311413,0.0872327767732123,100.6,200.2
delhi_ncr,2026-07-25,28.625,77.275,0.0001949676778338,0.0799918005668627,102.7,202.3
delhi_ncr,2026-07-25,28.675,76.925,0.0002027850051755,0.2213886636579614,131.5,231.1
delhi_ncr,2026-07-25,28.675,76.975,0.0001494225462646,0.2208747805727279,111.2,210.8
delhi_ncr,2026-07-25,28.675,77.025,0.0001662761029843,0.2368140151665221,120.5,220.1
delhi_ncr,2026-07-25,28.675,77.075,0.0003146081337496,0.2888280003008858,186.0,285.6
delhi_ncr,2026-07-25,28.725,76.925,0.0001928298434952,0.2143104996339296,126.4,226.0
delhi_ncr,2026-07-25,28.725,76.975,0.0001401742973033,0.2626361942274284,115.4,215.0
delhi_ncr,2026-07-25,28.725,77.025,0.0001114530902896,0.2889956640057005,109.4,209.0
delhi_ncr,2026-07-26,28.375,76.825,0.000163031724726,0.1507360013887042,103.6,203.2
delhi_ncr,2026-07-26,28.375,76.875,0.0001969989218704,0.1676644307793641,119.5,219.1
delhi_ncr,2026-07-26,28.375,76.925,0.0002325072122493,0.1536536074656019,130.3,229.9
delhi_ncr,2026-07-26,28.375,76.975,0.0001584086807146,0.1466002889463027,101.1,200.7
delhi_ncr,2026-07-26,28.375,77.025,0.0001225225478538,0.133160185131757,85.1,184.7
delhi_ncr,2026-07-26,28.375,77.075,0.0001149663023739,0.116009776074214,79.1,178.7
delhi_ncr,2026-07-26,28.375,77.125,2.129204231400024e-06,0.1114799304950997,35.7,135.3
delhi_ncr,2026-07-26,28.375,77.175,0.0001660381312659,0.1407431647003432,102.9,202.5
delhi_ncr,2026-07-26,28.375,77.225,0.00020126377857,0.1845548646749566,124.2,223.8
delhi_ncr,2026-07-26,28.375,77.275,0.0002043552705731,0.2080877001349988,129.6,229.2
delhi_ncr,2026-07-26,28.375,77.325,0.0001978919167146,0.2074950067431125,127.1,226.7
delhi_ncr,2026-07-26,28.375,77.375,0.0002481624973465,0.2510019779340728,154.0,253.6
delhi_ncr,2026-07-26,28.375,77.425,0.0002481624973465,0.2510019779340728,154.0,253.6
delhi_ncr,2026-07-26,28.425,76.825,0.0001603126202395,0.1716422194612872,106.4,206.0
delhi_ncr,2026-07-26,28.425,76.875,0.0001623290890164,0.2173050531835284,115.5,215.1
delhi_ncr,2026-07-26,28.425,76.925,0.0001752602504753,0.188914343670653,115.2,214.8
delhi_ncr,2026-07-26,28.425,76.975,0.000166319116032,0.2009383623317586,114.0,213.6
delhi_ncr,2026-07-26,28.425,77.025,0.0001537755227119,0.1890493093489372,107.1,206.7
delhi_ncr,2026-07-26,28.425,77.075,0.0001118209538778,0.120780480967839,78.8,178.4
delhi_ncr,2026-07-26,28.425,77.125,-2.149662714122856e-06,0.1124068103028513,34.2,133.8
delhi_ncr,2026-07-26,28.425,77.175,0.0001775132068482,0.1444161362483483,107.9,207.5
delhi_ncr,2026-07-26,28.425,77.225,0.0002189888798903,0.193340647392226,132.5,232.1
delhi_ncr,2026-07-26,28.425,77.275,0.0002202333424157,0.2190804184177473,137.6,237.2
delhi_ncr,2026-07-26,28.425,77.325,0.0002042495067884,0.2156433969958867,131.0,230.6
delhi_ncr,2026-07-26,28.475,76.825,0.0001363814294511,0.2562056731156925,112.8,212.4
delhi_ncr,2026-07-26,28.475,76.875,0.0001363814294511,0.2562056731156925,112.8,212.4
delhi_ncr,2026-07-26,28.475,76.925,0.0001290555700137,0.2200506352984035,103.4,203.0
delhi_ncr,2026-07-26,28.475,76.975,0.0001909407778346,0.2579014384009727,133.7,233.3
delhi_ncr,2026-07-26,28.475,77.025,0.0002148562213932,0.2736998937307779,145.6,245.2
delhi_ncr,2026-07-26,28.525,76.975,0.0002558026343643,0.2988264126353382,165.6,265.2
delhi_ncr,2026-07-26,28.525,77.025,0.0002558026343643,0.2988264126353382,165.6,265.2
delhi_ncr,2026-07-26,28.775,77.55,0.0003728904450548,0.2952155342045972,209.2,308.8
delhi_ncr,2026-07-26,28.825,77.525,0.0003728904450548,0.2952155342045972,209.2,308.8
delhi_ncr,2026-07-26,28.875,77.325,0.000283128862426,0.2082666467089127,159.4,259.0
delhi_ncr,2026-07-26,28.875,77.375,0.000283128862426,0.2082666467089127,159.4,259.0
delhi_ncr,2026-07-26,28.875,77.425,0.0001276349773007,0.2485574317773173,108.1,207.7
delhi_ncr,2026-07-26,28.875,77.475,0.0002207405919521,0.215249076652682,137.1,236.7
delhi_ncr,2026-07-26,28.875,77.525,0.0002624997907964,0.1960984983062389,149.4,249.0
delhi_ncr,2026-07-26,28.875,77.55,0.0002553859284036,0.2385648388956927,154.5,254.1
delhi_ncr,2026-07-27,28.725,77.225,0.0002349665838168,0.2724502831397191,152.9,252.5
delhi_ncr,2026-07-27,28.725,77.275,0.0002349665838168,0.2724502831397191,152.9,252.5
delhi_ncr,2026-07-27,28.775,77.225,0.0002349665838168,0.2724502831397191,152.9,252.5
delhi_ncr,2026-07-27,28.775,77.275,0.0002349665838168,0.2724502831397191,152.9,252.5
delhi_ncr,2026-07-27,28.825,77.075,0.000338317832602,0.2826245097241209,193.8,293.4
delhi_ncr,2026-07-27,28.825,77.125,0.000338317832602,0.2826245097241209,193.8,293.4
delhi_ncr,2026-07-27,28.825,77.175,0.000394055298028,0.259467224422786,210.6,310.2
delhi_ncr,2026-07-27,28.825,77.225,0.0002838379990248,0.233035981435731,164.2,263.8
delhi_ncr,2026-07-27,28.825,77.275,0.0002139066472147,0.2182909296058992,135.1,234.7
delhi_ncr,2026-07-27,28.825,77.325,0.0002210897790282,0.217848295307962,137.7,237.3
delhi_ncr,2026-07-27,28.875,77.025,0.0002227637230413,0.2657069830649276,147.1,246.7
delhi_ncr,2026-07-27,28.875,77.075,0.0002280643702689,0.2664830163979181,149.3,248.9
delhi_ncr,2026-07-27,28.875,77.125,0.000338317832602,0.2826245097241209,193.8,293.4
delhi_ncr,2026-07-27,28.875,77.175,0.0003941999204085,0.2594071380571884,210.7,310.3
delhi_ncr,2026-07-27,28.875,77.225,0.0002818991061055,0.2326560511558317,163.4,263.0
delhi_ncr,2026-07-27,28.875,77.275,0.0002137915776274,0.218298020349507,135.1,234.7
delhi_ncr,2026-07-27,28.875,77.325,0.0002210897790282,0.217848295307962,137.7,237.3
delhi_ncr,2026-07-29,28.375,76.825,0.000196480326729,0.171367947720056,120.0,219.6
delhi_ncr,2026-07-29,28.375,76.875,0.0001980455238232,0.1587829527206646,118.2,217.8
delhi_ncr,2026-07-29,28.375,76.925,0.0001169591161417,0.2827563089549039,110.3,209.9
delhi_ncr,2026-07-29,28.375,76.975,0.0001065267020357,0.2986553848053795,109.3,208.9
delhi_ncr,2026-07-29,28.425,76.825,0.0001828014965863,0.2142193087639314,122.6,222.2
delhi_ncr,2026-07-29,28.425,76.875,0.000157264262239,0.1778659371610965,106.3,205.9
delhi_ncr,2026-07-29,28.425,76.925,0.0001448466230966,0.2231503232336344,109.9,209.5
delhi_ncr,2026-07-29,28.425,76.975,0.0001440713531629,0.2267443588043741,110.3,209.9
delhi_ncr,2026-07-29,28.475,76.825,0.000156736043078,0.2319858063907976,116.0,215.6
delhi_ncr,2026-07-29,28.475,76.875,0.0001443096628617,0.1799864677942349,101.8,201.4
delhi_ncr,2026-07-29,28.475,76.925,0.000199165732261,0.1660645329380607,120.0,219.6
delhi_ncr,2026-07-29,28.475,76.975,0.0002042213005395,0.1647569137202093,121.7,221.3
delhi_ncr,2026-07-29,28.525,76.825,0.000118516928819,0.1915395837657471,94.2,193.8
delhi_ncr,2026-07-29,28.525,76.875,0.0001808148240545,0.1488277929366898,109.9,209.5
delhi_ncr,2026-07-29,28.525,76.925,0.0002658446389373,0.154585903942928,143.1,242.7
delhi_ncr,2026-07-29,28.525,76.975,0.0002674275000504,0.1580236537750071,144.3,243.9
delhi_ncr,2026-07-29,28.525,77.025,0.0001122108282457,0.2130939619735784,95.8,195.4
delhi_ncr,2026-07-29,28.575,76.825,0.0001373694234112,0.2763237142871454,116.8,216.4
delhi_ncr,2026-07-29,28.575,76.875,0.0001676292011994,0.1879355111752007,112.1,211.7
delhi_ncr,2026-07-29,28.575,76.925,0.0001081309238709,0.1732599908938154,87.0,186.6
delhi_ncr,2026-07-29,28.575,76.975,0.0001086022180474,0.198457448863463,91.7,191.3
delhi_ncr,2026-07-29,28.575,77.025,0.0001122108282457,0.2130939619735784,95.8,195.4
delhi_ncr,2026-07-29,28.625,76.825,0.0001424456973679,0.2856267300074621,120.4,220.0
delhi_ncr,2026-07-29,28.625,76.875,0.0001558875433804,0.2737539718373952,123.3,222.9
delhi_ncr,2026-07-29,28.625,76.925,0.0001957887826814,0.2361241414465901,131.5,231.1
delhi_ncr,2026-07-29,28.625,76.975,0.0001944064977311,0.2580740203602267,135.0,234.6
delhi_ncr,2026-07-29,28.625,77.025,0.000190642048743,0.2714336366005475,136.0,235.6
delhi_ncr,2026-07-29,28.675,76.825,0.0001525059459285,0.2984696885081072,126.6,226.2
delhi_ncr,2026-07-29,28.675,76.875,0.0001525059459285,0.2984696885081072,126.6,226.2
delhi_ncr,2026-07-29,28.675,76.925,0.00022125882971,0.2545275410279563,144.5,244.1
delhi_ncr,2026-07-29,28.675,76.975,0.0002185313291332,0.2749308008711869,147.2,246.8
delhi_ncr,2026-07-29,28.675,77.025,0.0002133458230975,0.2883214371504596,147.7,247.3
delhi_ncr,2026-07-29,28.875,77.075,0.0002210981932711,0.2963207525094683,152.1,251.7
delhi_ncr,2026-07-29,28.875,77.125,0.0002210981932711,0.2963207525094683,152.1,251.7
delhi_ncr,2026-07-29,28.875,77.175,0.0001455432778776,0.2677579320373981,118.3,217.9
delhi_ncr,2026-07-29,28.875,77.225,0.0001792963460251,0.2575959749471115,129.2,228.8
delhi_ncr,2026-07-29,28.875,77.275,0.0002069874928429,0.253815549384646,139.0,238.6
delhi_ncr,2026-07-30,28.375,76.825,4.2978529924607255e-05,0.2580047536041255,77.9,177.5
delhi_ncr,2026-07-30,28.375,76.875,4.297964324364403e-05,0.2580161443376965,77.9,177.5
delhi_ncr,2026-07-30,28.375,76.925,0.0001409353152294,0.1568315707573961,96.3,195.9
delhi_ncr,2026-07-30,28.375,76.975,8.598366712886277e-05,0.1820153018575734,80.2,179.8
delhi_ncr,2026-07-30,28.375,77.025,5.113643983782775e-05,0.2011370580586648,70.5,170.1
delhi_ncr,2026-07-30,28.375,77.075,0.0001670593244734,0.062464054849375,89.0,188.6
delhi_ncr,2026-07-30,28.375,77.125,0.0001671053220818,0.062523316889047,89.0,188.6
delhi_ncr,2026-07-30,28.375,77.175,0.0001652136845406,0.0535375843725664,86.6,186.2
delhi_ncr,2026-07-30,28.375,77.225,0.0001600955578822,0.1003246067624163,93.2,192.8
delhi_ncr,2026-07-30,28.375,77.275,0.0001443156116434,0.2550440574609168,115.6,215.2
delhi_ncr,2026-07-30,28.375,77.425,0.0001188099531141,0.2917542827393749,112.6,212.2
delhi_ncr,2026-07-30,28.375,77.475,0.0001189430984741,0.2916774906674251,112.7,212.3
delhi_ncr,2026-07-30,28.425,76.825,0.0001126472850271,0.2100205971126641,95.4,195.0
delhi_ncr,2026-07-30,28.425,76.875,-1.774304809428505e-05,0.1955658714598338,43.5,143.1
delhi_ncr,2026-07-30,28.425,76.925,0.0001725010369739,0.199211816995411,116.0,215.6
delhi_ncr,2026-07-30,28.425,76.975,0.0001148504562429,0.235178025440796,100.8,200.4
delhi_ncr,2026-07-30,28.425,77.025,0.0001015215059351,0.2607304555773704,100.4,200.0
delhi_ncr,2026-07-30,28.425,77.075,0.0001777840138505,0.2490001939956409,127.1,226.7
delhi_ncr,2026-07-30,28.425,77.125,0.000156211746096,0.1291985038089309,97.1,196.7
delhi_ncr,2026-07-30,28.425,77.175,0.0001593827660593,0.0740854633188314,88.2,187.8
delhi_ncr,2026-07-30,28.425,77.225,0.0001603866312791,0.0567216487972976,85.4,185.0
delhi_ncr,2026-07-30,28.425,77.325,8.361943101571445e-05,0.2228626083287439,86.8,186.4
delhi_ncr,2026-07-30,28.425,77.375,8.361943101571445e-05,0.2228626083287439,86.8,186.4
delhi_ncr,2026-07-30,28.425,77.425,0.0001077986161769,0.2824369604930939,106.8,206.4
delhi_ncr,2026-07-30,28.425,77.475,0.0001129515572768,0.2951331339051685,111.0,210.6
delhi_ncr,2026-07-30,28.475,76.825,0.0001217365256459,0.2052452882375262,97.9,197.5
delhi_ncr,2026-07-30,28.475,76.875,-6.737090039182276e-05,0.1513765312526065,16.7,116.3
delhi_ncr,2026-07-30,28.475,76.925,0.0002131853883813,0.2484542593981635,140.3,239.9
delhi_ncr,2026-07-30,28.475,76.975,0.0001653373915798,0.2776632437934171,127.6,227.2
delhi_ncr,2026-07-30,28.475,77.025,0.0001459293649648,0.2869109269936615,122.0,221.6
delhi_ncr,2026-07-30,28.475,77.075,0.0001792003076138,0.268495918904748,131.2,230.8
delhi_ncr,2026-07-30,28.475,77.125,0.0001507236406071,0.1890805337235294,105.9,205.5
delhi_ncr,2026-07-30,28.475,77.175,0.0001507236406071,0.1890805337235294,105.9,205.5
delhi_ncr,2026-07-30,28.475,77.275,8.592580991020806e-05,0.2316210918270613,89.2,188.8
delhi_ncr,2026-07-30,28.475,77.325,8.543792206714211e-05,0.2297683357024172,88.7,188.3
delhi_ncr,2026-07-30,28.475,77.375,8.361943101571445e-05,0.2228626083287439,86.8,186.4
delhi_ncr,2026-07-30,28.475,77.425,8.361943101571445e-05,0.2228626083287439,86.8,186.4
delhi_ncr,2026-07-30,28.525,76.825,0.0001491298310618,0.0943471312360656,88.0,187.6
delhi_ncr,2026-07-30,28.525,76.875,0.0001694214863811,0.1405483795579423,104.1,203.7
delhi_ncr,2026-07-30,28.525,76.925,0.0002444372679087,0.2838803436016437,158.6,258.2
delhi_ncr,2026-07-30,28.525,76.975,0.0001999239186147,0.291546163265181,143.2,242.8
delhi_ncr,2026-07-30,28.525,77.025,0.0001745915847443,0.295792866519396,134.4,234.0
delhi_ncr,2026-07-30,28.525,77.275,8.592580991020806e-05,0.2316210918270613,89.2,188.8
delhi_ncr,2026-07-30,28.525,77.325,8.592580991020806e-05,0.2316210918270613,89.2,188.8
delhi_ncr,2026-07-30,28.525,77.525,0.0001363645781394,0.2892889942859654,118.8,218.4
delhi_ncr,2026-07-30,28.525,77.55,0.0001363645781394,0.2892889942859654,118.8,218.4
delhi_ncr,2026-07-30,28.575,76.825,0.0001524067443432,0.1018082023936357,90.6,190.2
delhi_ncr,2026-07-30,28.575,76.875,0.0001694214863811,0.1405483795579423,104.1,203.7
delhi_ncr,2026-07-30,28.575,76.925,0.0001309199825818,0.269929405138415,113.2,212.8
delhi_ncr,2026-07-30,28.575,76.975,0.0001269643486299,0.2832219762596965,114.2,213.8
delhi_ncr,2026-07-30,28.575,77.525,0.0001363645781394,0.2892889942859654,118.8,218.4
delhi_ncr,2026-07-30,28.625,76.825,0.0002769280983541,0.0761937078116633,132.9,232.5
delhi_ncr,2026-07-30,28.625,76.875,0.0002756387393148,0.1088158051834002,138.4,238.0
delhi_ncr,2026-07-30,28.625,76.925,0.0001716300075252,0.2311577748221843,121.5,221.1
delhi_ncr,2026-07-30,28.625,76.975,0.0001269643486299,0.2832219762596965,114.2,213.8
delhi_ncr,2026-07-30,28.625,77.025,0.0002409218379458,0.2919852245726005,158.8,258.4
delhi_ncr,2026-07-30,28.625,77.075,0.0002327383553311,0.269022534438451,151.5,251.1
delhi_ncr,2026-07-30,28.625,77.125,0.0001774998476818,0.1140243760329415,102.3,201.9
delhi_ncr,2026-07-30,28.625,77.175,0.0001764766634819,0.0907425054021039,97.7,197.3
delhi_ncr,2026-07-30,28.625,77.225,0.0001763358583168,0.0875385782510712,97.0,196.6
delhi_ncr,2026-07-30,28.625,77.475,0.0001625952784872,0.1799964148820632,108.7,208.3
delhi_ncr,2026-07-30,28.625,77.525,0.0001689078619623,0.1909595837174244,113.1,212.7
delhi_ncr,2026-07-30,28.625,77.55,0.0001638652007554,0.2369651823595954,119.6,219.2
delhi_ncr,2026-07-30,28.675,76.825,0.0003165425965735,0.0631916507010843,145.5,245.1
delhi_ncr,2026-07-30,28.675,76.875,0.0003043650424228,0.1067060151737569,148.9,248.5
delhi_ncr,2026-07-30,28.675,76.925,0.0003044211950052,0.1064942925409187,148.8,248.4
delhi_ncr,2026-07-30,28.675,77.025,0.0001945237935117,0.2853630900110966,140.0,239.6
delhi_ncr,2026-07-30,28.675,77.075,0.0001898775151888,0.2643172970199441,134.4,234.0
delhi_ncr,2026-07-30,28.675,77.125,0.0001555319315985,0.1169183609378672,94.6,194.2
delhi_ncr,2026-07-30,28.675,77.175,0.0002097031060684,0.1304011885296252,117.5,217.1
delhi_ncr,2026-07-30,28.675,77.225,0.0002172634657136,0.1323829405645951,120.7,220.3
delhi_ncr,2026-07-30,28.675,77.475,0.0001427162711851,0.1860287337283421,102.3,201.9
delhi_ncr,2026-07-30,28.675,77.525,0.0001733395358524,0.1798982929847365,112.8,212.4
delhi_ncr,2026-07-30,28.675,77.55,0.0002354377703481,0.1677572262285223,134.0,233.6
delhi_ncr,2026-07-30,28.725,76.825,0.0003074763061156,0.0706821338722585,143.5,243.1
delhi_ncr,2026-07-30,28.725,76.875,0.0002821481341971,0.1155156642530099,142.1,241.7
delhi_ncr,2026-07-30,28.725,76.925,0.000241477357894,0.1682167660794282,136.4,236.0
delhi_ncr,2026-07-30,28.725,76.975,0.0002540146071909,0.2462191575651245,155.3,254.9
delhi_ncr,2026-07-30,28.725,77.025,0.0001926121674303,0.2781343095156168,138.0,237.6
delhi_ncr,2026-07-30,28.725,77.075,0.0001489913945563,0.2590476754827603,118.1,217.7
delhi_ncr,2026-07-30,28.725,77.125,0.000134887383954,0.1196380094027371,87.3,186.9
delhi_ncr,2026-07-30,28.725,77.175,0.0002404130497035,0.1675186662632566,135.8,235.4
delhi_ncr,2026-07-30,28.725,77.225,0.0002556330976481,0.1744245302335238,142.8,242.4
delhi_ncr,2026-07-30,28.725,77.475,0.0001240797018393,0.1916840326467286,96.3,195.9
delhi_ncr,2026-07-30,28.725,77.525,0.0001750189506118,0.178309015215691,113.1,212.7
delhi_ncr,2026-07-30,28.725,77.55,0.0002795097173247,0.1508730820238192,147.5,247.1
delhi_ncr,2026-07-30,28.775,76.825,0.00026787670769,0.109171316412505,135.5,235.1
delhi_ncr,2026-07-30,28.775,76.875,0.0002222507264308,0.1219661118667791,120.7,220.3
delhi_ncr,2026-07-30,28.775,76.925,0.0002246176149772,0.1821106910590292,132.5,232.1
delhi_ncr,2026-07-30,28.775,76.975,0.0002534579550274,0.245113078430047,154.9,254.5
delhi_ncr,2026-07-30,28.775,77.025,0.0002691314020894,0.2762565355225284,166.5,266.1
delhi_ncr,2026-07-30,28.825,76.825,0.000111112201138,0.2604672719681834,104.0,203.6
delhi_ncr,2026-07-30,28.825,76.875,0.0001753715329289,0.2156474158354295,120.1,219.7
delhi_ncr,2026-07-30,28.825,76.925,0.0002081279624294,0.1829304119792451,126.5,226.1
delhi_ncr,2026-07-30,28.825,76.975,0.0002761464026884,0.1854223862198006,152.6,252.2
delhi_ncr,2026-07-30,28.825,77.025,0.0003115812494094,0.1886304504931764,166.5,266.1
delhi_ncr,2026-07-30,28.825,77.175,0.0002185936796469,0.2756747038909694,147.4,247.0
delhi_ncr,2026-07-30,28.825,77.225,0.0002185936796469,0.2756747038909694,147.4,247.0
delhi_ncr,2026-07-30,28.875,76.825,0.0001102316102949,0.2610814699966692,103.8,203.4
delhi_ncr,2026-07-30,28.875,76.875,0.0001753715329289,0.2156474158354295,120.1,219.7
delhi_ncr,2026-07-30,28.875,76.925,0.0002087842128149,0.182274951456784,126.6,226.2
delhi_ncr,2026-07-30,28.875,76.975,0.0002765504842738,0.1854589694088829,152.7,252.3
delhi_ncr,2026-07-30,28.875,77.025,0.0003115812494094,0.1886304504931764,166.5,266.1
delhi_ncr,2026-07-30,28.875,77.075,0.0001571583055834,0.2315787204107914,116.1,215.7
delhi_ncr,2026-07-30,28.875,77.125,0.0001571583055834,0.2315787204107914,116.1,215.7
delhi_ncr,2026-07-30,28.875,77.175,0.0002037619617408,0.249539284320687,137.0,236.6
delhi_ncr,2026-07-30,28.875,77.225,0.0002085949287351,0.2511436278199275,139.1,238.7
delhi_ncr,2026-07-31,28.375,77.075,0.0002705617972371,0.2129487302598869,155.5,255.1
delhi_ncr,2026-07-31,28.375,77.125,0.0002705153619681,0.2130968032366983,155.5,255.1
delhi_ncr,2026-07-31,28.375,77.175,0.0001889005259372,0.2509118053176564,131.6,231.2
delhi_ncr,2026-07-31,28.375,77.225,0.0001634956737022,0.2474648430193699,121.4,221.0
delhi_ncr,2026-07-31,28.375,77.275,0.0001596145140042,0.2292451344001902,116.6,216.2
delhi_ncr,2026-07-31,28.375,77.325,0.0001748129173294,0.2071450394741337,118.3,217.9
delhi_ncr,2026-07-31,28.375,77.375,0.0002375572171134,0.2139835171688109,143.2,242.8
delhi_ncr,2026-07-31,28.375,77.425,0.0002242343991803,0.2080894252011979,137.1,236.7
delhi_ncr,2026-07-31,28.375,77.475,0.0001778845539241,0.2149061778099015,120.9,220.5
delhi_ncr,2026-07-31,28.375,77.525,0.0001433204986036,0.23483154794924,111.5,211.1
delhi_ncr,2026-07-31,28.375,77.55,0.0001295816712771,0.2129636352209272,102.3,201.9
delhi_ncr,2026-07-31,28.425,77.025,0.0002808014493275,0.2632295008053131,168.6,268.2
delhi_ncr,2026-07-31,28.425,77.075,0.0002755116146684,0.2460544914087389,163.4,263.0
delhi_ncr,2026-07-31,28.425,77.125,0.0002555308864363,0.1809045896190955,144.0,243.6
delhi_ncr,2026-07-31,28.425,77.175,0.0002013780498323,0.2020609318106461,127.4,227.0
delhi_ncr,2026-07-31,28.425,77.225,0.00021457981774,0.203707578964196,132.7,232.3
delhi_ncr,2026-07-31,28.425,77.275,0.0002128236115428,0.1947049581948418,130.4,230.0
delhi_ncr,2026-07-31,28.425,77.325,0.0001902491013265,0.1825519645120585,119.6,219.2
delhi_ncr,2026-07-31,28.425,77.375,0.0002243357070121,0.2059490796275995,136.8,236.4
delhi_ncr,2026-07-31,28.425,77.425,0.0002056498439117,0.2432819194111316,136.6,236.2
delhi_ncr,2026-07-31,28.425,77.475,0.0001850677675172,0.2431905952507391,128.8,228.4
delhi_ncr,2026-07-31,28.425,77.525,0.0001519240020091,0.2542979280816377,118.3,217.9
delhi_ncr,2026-07-31,28.425,77.55,0.0001388197704151,0.2974308776248519,121.2,220.8
delhi_ncr,2026-07-31,28.475,77.025,0.000261242737176,0.2521328363285574,159.2,258.8
delhi_ncr,2026-07-31,28.475,77.075,0.0002571621783847,0.2420574949752128,155.8,255.4
delhi_ncr,2026-07-31,28.475,77.125,0.0002278887481201,0.1737143024104016,132.2,231.8
delhi_ncr,2026-07-31,28.475,77.175,0.0001925094784855,0.1758279399400854,119.3,218.9
delhi_ncr,2026-07-31,28.475,77.225,0.0002419859539615,0.1648386636689595,135.9,235.5
delhi_ncr,2026-07-31,28.475,77.275,0.0002426692962778,0.1565432944779448,134.7,234.3
delhi_ncr,2026-07-31,28.475,77.325,0.0001868829545791,0.1589391300893553,114.1,213.7
delhi_ncr,2026-07-31,28.475,77.375,0.0002186312776227,0.2065872010222058,134.7,234.3
delhi_ncr,2026-07-31,28.475,77.425,0.0001814460885892,0.2658016956807101,131.5,231.1
delhi_ncr,2026-07-31,28.475,77.475,0.0001719112389068,0.2811058498671944,130.7,230.3
delhi_ncr,2026-07-31,28.525,76.825,0.0002156827393319,0.2463948819212321,140.9,240.5
delhi_ncr,2026-07-31,28.525,76.875,0.0001761314678651,0.227352770895369,122.5,222.1
delhi_ncr,2026-07-31,28.525,76.925,0.0002397139454488,0.2844338082434219,156.9,256.5
delhi_ncr,2026-07-31,28.525,76.975,0.0002397139454488,0.2844338082434219,156.9,256.5
delhi_ncr,2026-07-31,28.525,77.025,0.0002134820901284,0.2252445069446497,136.2,235.8
delhi_ncr,2026-07-31,28.525,77.075,0.000211682154643,0.2214915815672647,134.8,234.4
delhi_ncr,2026-07-31,28.525,77.125,0.0001964524260549,0.1936234387021849,124.0,223.6
delhi_ncr,2026-07-31,28.525,77.175,0.0001564993804427,0.2058000272100529,111.2,210.8
delhi_ncr,2026-07-31,28.525,77.225,0.0002190031467348,0.1795584373929609,130.0,229.6
delhi_ncr,2026-07-31,28.525,77.275,0.0002330236932922,0.1604371676909801,131.8,231.4
delhi_ncr,2026-07-31,28.525,77.325,0.0001873582063645,0.1638800441502157,115.1,214.7
delhi_ncr,2026-07-31,28.525,77.375,0.0002423778108686,0.2272901491540765,147.5,247.1
delhi_ncr,2026-07-31,28.525,77.425,0.0002423778108686,0.2272901491540765,147.5,247.1
delhi_ncr,2026-07-31,28.575,76.825,0.0002092955774801,0.2433197584015275,137.9,237.5
delhi_ncr,2026-07-31,28.575,76.875,0.0001761314678651,0.227352770895369,122.5,222.1
delhi_ncr,2026-07-31,28.575,76.925,0.0002337901121336,0.2791156991737275,153.7,253.3
delhi_ncr,2026-07-31,28.575,76.975,0.0002397139454488,0.2844338082434219,156.9,256.5
delhi_ncr,2026-07-31,28.575,77.025,0.0002165039210339,0.239692384282515,140.0,239.6
delhi_ncr,2026-07-31,28.575,77.075,0.000201869689507,0.2320623166856273,133.1,232.7
delhi_ncr,2026-07-31,28.575,77.125,0.0001043081459944,0.1811951993730429,87.0,186.6
delhi_ncr,2026-07-31,28.575,77.175,0.0001294034477294,0.1987501263985751,99.6,199.2
delhi_ncr,2026-07-31,28.575,77.225,0.0001405573687345,0.2407461822369313,111.5,211.1
delhi_ncr,2026-07-31,28.575,77.275,0.0001453133973379,0.2654873105861864,117.8,217.4
delhi_ncr,2026-07-31,28.625,76.825,0.000238118835947,0.204163656989834,141.7,241.3
delhi_ncr,2026-07-31,28.625,76.875,0.0002290841472309,0.1822341861235241,134.2,233.8
delhi_ncr,2026-07-31,28.625,76.925,0.0001940941252678,0.1873889965385575,122.0,221.6
delhi_ncr,2026-07-31,28.625,76.975,0.0002171435971881,0.1810051000900709,129.5,229.1
delhi_ncr,2026-07-31,28.625,77.025,0.0002468717601339,0.1969882959154845,143.7,243.3
delhi_ncr,2026-07-31,28.625,77.075,0.0002482611600011,0.2202041855705799,148.4,248.0
delhi_ncr,2026-07-31,28.625,77.125,0.0001640163461492,0.2123051724425906,115.2,214.8
delhi_ncr,2026-07-31,28.625,77.175,0.0001796056137995,0.2421750359643505,126.5,226.1
delhi_ncr,2026-07-31,28.625,77.225,0.0001721278925845,0.2512483921655963,125.4,225.0
delhi_ncr,2026-07-31,28.625,77.275,0.0001453133973379,0.2654873105861864,117.8,217.4
delhi_ncr,2026-07-31,28.675,76.825,0.0002281068062246,0.2226907551352896,141.3,240.9
delhi_ncr,2026-07-31,28.675,76.875,0.0002387202160814,0.1887083817031271,139.1,238.7
delhi_ncr,2026-07-31,28.675,76.925,0.0002316166278415,0.1674551256087378,132.5,232.1
delhi_ncr,2026-07-31,28.675,76.975,0.0002682336994043,0.1676546752482144,146.4,246.0
delhi_ncr,2026-07-31,28.675,77.025,0.0002766728584541,0.1819334526567738,152.2,251.8
delhi_ncr,2026-07-31,28.675,77.075,0.0002466533724477,0.2030017344112757,144.7,244.3
delhi_ncr,2026-07-31,28.675,77.125,0.0001660995303908,0.206182408951784,114.9,214.5
delhi_ncr,2026-07-31,28.675,77.175,0.0001845037728281,0.2479962398492665,129.4,229.0
delhi_ncr,2026-07-31,28.675,77.225,0.0001870128818977,0.2536937564383916,131.4,231.0
delhi_ncr,2026-07-31,28.675,77.525,0.0002032177831615,0.2929666512881546,144.7,244.3
delhi_ncr,2026-07-31,28.675,77.55,0.0002032177831615,0.2929666512881546,144.7,244.3
delhi_ncr,2026-07-31,28.725,76.825,0.0002012442764222,0.2446985129065483,135.1,234.7
delhi_ncr,2026-07-31,28.725,76.875,0.0002445144163394,0.1984829425142691,143.0,242.6
delhi_ncr,2026-07-31,28.725,76.925,0.0002596567580946,0.1575259498430856,141.3,240.9
delhi_ncr,2026-07-31,28.725,76.975,0.0002990106244002,0.1486806715553387,154.5,254.1
delhi_ncr,2026-07-31,28.725,77.025,0.000298007960599,0.1630330703393524,156.7,256.3
delhi_ncr,2026-07-31,28.725,77.075,0.0002532290843293,0.1898844581348146,144.8,244.4
delhi_ncr,2026-07-31,28.725,77.125,0.0001518971612652,0.1920085536829017,106.9,206.5
delhi_ncr,2026-07-31,28.725,77.175,0.0001753534542312,0.2413184480932098,124.8,224.4
delhi_ncr,2026-07-31,28.725,77.225,0.000178736573409,0.2484304520946966,127.3,226.9
delhi_ncr,2026-07-31,28.725,77.525,0.0001894229245236,0.2558964657358769,132.7,232.3
delhi_ncr,2026-07-31,28.725,77.55,0.0001756280658857,0.2188262801835991,120.8,220.4
delhi_ncr,2026-07-31,28.775,76.825,0.0001728134781741,0.2271292736022958,121.2,220.8
delhi_ncr,2026-07-31,28.775,76.875,0.0002769152711271,0.1735434445583843,150.7,250.3
delhi_ncr,2026-07-31,28.775,76.925,0.000208360100349,0.1094054606960857,113.1,212.7
delhi_ncr,2026-07-31,28.775,76.975,0.0002428988384718,0.1029331617021114,125.0,224.6
delhi_ncr,2026-07-31,28.775,77.025,0.0002871515481193,0.1364040510013182,147.8,247.4
delhi_ncr,2026-07-31,28.775,77.075,0.0003210761962785,0.189208100846003,170.2,269.8
delhi_ncr,2026-07-31,28.775,77.525,0.0001480383486098,0.1446859090790436,96.8,196.4
delhi_ncr,2026-07-31,28.775,77.55,0.0001395528970981,0.1842640952609037,100.8,200.4
delhi_ncr,2026-07-31,28.825,76.825,0.0001853712824741,0.1351615875474704,109.2,208.8
delhi_ncr,2026-07-31,28.825,76.875,0.0002558516356071,0.1323908898155335,135.2,234.8
delhi_ncr,2026-07-31,28.825,76.925,9.398780435545996e-05,0.1220581122531682,72.3,171.9
delhi_ncr,2026-07-31,28.825,76.975,0.000121367622189,0.1360335146299058,85.2,184.8
delhi_ncr,2026-07-31,28.825,77.025,0.0001921406160538,0.1823071460509333,120.3,219.9
delhi_ncr,2026-07-31,28.825,77.075,0.0002647108805688,0.2414683533555953,158.5,258.1
delhi_ncr,2026-07-31,28.825,77.525,0.0001310674455865,0.2238422814427638,104.9,204.5
delhi_ncr,2026-07-31,28.875,76.825,0.0002247320102069,0.0349138665670304,105.7,205.3
delhi_ncr,2026-07-31,28.875,76.875,0.00019223830242,0.0337144502014712,93.2,192.8
delhi_ncr,2026-07-31,28.875,76.925,0.0001556459439603,0.1142441114693437,94.1,193.7
delhi_ncr,2026-07-31,28.875,76.975,0.0001599243544175,0.1707879967242963,106.1,205.7
delhi_ncr,2026-07-31,28.875,77.025,0.0001827389378887,0.2261941741105806,124.8,224.4
delhi_ncr,2026-07-31,28.875,77.075,0.0002128604139032,0.2726505758557304,144.6,244.2
delhi_ncr,2026-07-31,28.875,77.525,0.0001310674455865,0.2238422814427638,104.9,204.5
delhi_ncr,2026-07-31,28.875,77.55,0.0001310674455865,0.2238422814427638,104.9,204.5
delhi_ncr,2026-08-02,28.375,76.825,7.650257280776733e-05,0.2656076611225729,91.9,191.5
delhi_ncr,2026-08-02,28.375,76.875,6.003242761966924e-05,0.2678654331048913,86.1,185.7
delhi_ncr,2026-08-02,28.375,76.925,6.118555911446239e-05,0.2680918097073729,86.6,186.2
delhi_ncr,2026-08-02,28.425,76.825,5.416647232772261e-05,0.2667534664632539,83.7,183.3
delhi_ncr,2026-08-02,28.425,76.875,3.024319733751281e-05,0.2620173708741168,73.8,173.4
delhi_ncr,2026-08-02,28.425,76.925,3.024319733751281e-05,0.2620173708741168,73.8,173.4
delhi_ncr,2026-08-02,28.725,76.825,0.0002290571991365,0.2545864928882326,147.5,247.1
delhi_ncr,2026-08-02,28.725,76.875,0.0002290571991365,0.2545864928882326,147.5,247.1
delhi_ncr,2026-08-02,28.725,76.925,0.0001168531025114,0.2800245933847749,109.8,209.4
delhi_ncr,2026-08-02,28.725,76.975,0.0001219249703344,0.2923060384782051,113.9,213.5
delhi_ncr,2026-08-02,28.725,77.025,0.0001292721170717,0.2976047255027716,117.7,217.3
delhi_ncr,2026-08-02,28.725,77.175,0.0002100371217274,0.2632974583923901,141.9,241.5
delhi_ncr,2026-08-02,28.725,77.225,0.0001987390337709,0.2527658484456584,135.7,235.3
delhi_ncr,2026-08-02,28.725,77.275,0.0001915082574788,0.2460256180797501,131.7,231.3
delhi_ncr,2026-08-02,28.775,76.825,0.0002290571991365,0.2545864928882326,147.5,247.1
delhi_ncr,2026-08-02,28.775,76.875,0.0002290571991365,0.2545864928882326,147.5,247.1
delhi_ncr,2026-08-02,28.775,76.925,0.0001190568761063,0.2795249697893249,110.5,210.1
delhi_ncr,2026-08-02,28.775,76.975,0.0001216544232274,0.29211092267384,113.8,213.4
delhi_ncr,2026-08-02,28.775,77.025,0.0001292721170717,0.2976047255027716,117.7,217.3
delhi_ncr,2026-08-02,28.775,77.175,0.0002100371217274,0.2632974583923901,141.9,241.5
delhi_ncr,2026-08-02,28.775,77.225,0.0001986435965062,0.2526768857777854,135.6,235.2
delhi_ncr,2026-08-02,28.775,77.275,0.0001915082574788,0.2460256180797501,131.7,231.3
delhi_ncr,2026-08-02,28.825,76.825,4.181020141035921e-05,0.2736148526628794,80.3,179.9
delhi_ncr,2026-08-02,28.825,76.875,3.679446327729e-05,0.2661312595755669,77.0,176.6
delhi_ncr,2026-08-02,28.825,76.925,6.215531639787871e-05,0.2548895642770695,84.5,184.1
delhi_ncr,2026-08-02,28.825,76.975,5.3890748698182885e-05,0.2677811558502014,83.8,183.4
delhi_ncr,2026-08-02,28.825,77.025,4.793307866295028e-05,0.2754797513818017,82.9,182.5
delhi_ncr,2026-08-02,28.825,77.075,3.631872202893039e-05,0.2935933374156584,81.8,181.4
delhi_ncr,2026-08-02,28.825,77.125,3.631872202893039e-05,0.2935933374156584,81.8,181.4
delhi_ncr,2026-08-02,28.825,77.175,0.0001057519054195,0.2628188620096131,102.4,202.0
delhi_ncr,2026-08-02,28.825,77.225,0.0001198787466886,0.2494829294904612,105.3,204.9
delhi_ncr,2026-08-02,28.825,77.275,0.0001320490140094,0.2402207279914017,108.2,207.8
delhi_ncr,2026-08-02,28.825,77.325,0.0001489037455305,0.2337492191773089,113.4,213.0
delhi_ncr,2026-08-02,28.875,76.825,0.0001267818986575,0.2898850550079588,115.3,214.9
delhi_ncr,2026-08-02,28.875,76.875,3.679446327729e-05,0.2661312595755669,77.0,176.6
delhi_ncr,2026-08-02,28.875,76.925,6.266340198265763e-05,0.2546643453815346,84.7,184.3
delhi_ncr,2026-08-02,28.875,76.975,5.382281035567585e-05,0.2678689468518775,83.7,183.3
delhi_ncr,2026-08-02,28.875,77.025,4.793307866295028e-05,0.2754797513818017,82.9,182.5
delhi_ncr,2026-08-02,28.875,77.075,3.631872202893039e-05,0.2935933374156584,81.8,181.4
delhi_ncr,2026-08-02,28.875,77.125,3.631872202893039e-05,0.2935933374156584,81.8,181.4
delhi_ncr,2026-08-02,28.875,77.175,0.0001059320641724,0.2627390112690681,102.5,202.1
delhi_ncr,2026-08-02,28.875,77.225,0.0001199489690574,0.249335682188523,105.3,204.9
delhi_ncr,2026-08-02,28.875,77.275,0.0001317790110287,0.2403243977927925,108.1,207.7
delhi_ncr,2026-08-02,28.875,77.325,0.0001489037455305,0.2337492191773089,113.4,213.0
delhi_ncr,2026-08-03,28.375,77.475,0.0001351912963808,0.198499870043901,101.8,201.4
delhi_ncr,2026-08-03,28.375,77.525,0.0001455172007402,0.2070113518575083,107.2,206.8
delhi_ncr,2026-08-03,28.375,77.55,0.0001799418211018,0.2124755617873097,121.2,220.8
delhi_ncr,2026-08-03,28.425,77.475,0.0001488036473183,0.2045203470532996,108.0,207.6
delhi_ncr,2026-08-03,28.425,77.525,0.0001523402181193,0.2137638619782028,111.0,210.6
delhi_ncr,2026-08-03,28.425,77.55,0.0001595607168382,0.2326360382832135,117.2,216.8
delhi_ncr,2026-08-03,28.475,77.025,0.0001539685018088,0.2493697004317238,118.2,217.8
delhi_ncr,2026-08-03,28.475,77.075,0.0001539685018088,0.2493697004317238,118.2,217.8
delhi_ncr,2026-08-03,28.525,76.925,0.0001275085171822,0.2797347043251414,113.7,213.3
delhi_ncr,2026-08-03,28.525,76.975,0.0001248453013362,0.277552010813741,112.3,211.9
delhi_ncr,2026-08-03,28.525,77.025,0.000152561739039,0.2506566416447652,117.9,217.5
delhi_ncr,2026-08-03,28.525,77.075,0.0001539685018088,0.2493697004317238,118.2,217.8
delhi_ncr,2026-08-03,28.525,77.375,7.337316959878112e-05,0.2429867229213952,86.6,186.2
delhi_ncr,2026-08-03,28.525,77.425,9.537992175972864e-05,0.2381184199377128,94.0,193.6
delhi_ncr,2026-08-03,28.525,77.475,0.0001174935897536,0.2541838022351723,105.3,204.9
delhi_ncr,2026-08-03,28.525,77.525,0.0001396072577475,0.2702491845326318,116.6,216.2
delhi_ncr,2026-08-03,28.575,76.925,0.0001275085171822,0.2797347043251414,113.7,213.3
delhi_ncr,2026-08-03,28.575,76.975,0.0001252147329338,0.2778547861041423,112.5,212.1
delhi_ncr,2026-08-03,28.575,77.025,0.0001239575627208,0.2768244463099408,111.9,211.5
delhi_ncr,2026-08-03,28.575,77.325,7.337316959878112e-05,0.2429867229213952,86.6,186.2
delhi_ncr,2026-08-03,28.575,77.375,7.337316959878112e-05,0.2429867229213952,86.6,186.2
delhi_ncr,2026-08-03,28.575,77.425,9.196272421920884e-05,0.2388743676059865,92.8,192.4
delhi_ncr,2026-08-03,28.575,77.475,0.0001212020930818,0.2568779967819513,107.2,206.8
delhi_ncr,2026-08-03,28.575,77.525,0.0001396072577475,0.2702491845326318,116.6,216.2
delhi_ncr,2026-08-03,28.625,76.825,0.000218675322636,0.136740565140209,122.0,221.6
delhi_ncr,2026-08-03,28.625,76.875,0.0002272148606076,0.1654087519734696,130.5,230.1
delhi_ncr,2026-08-03,28.625,76.925,0.0001524351030385,0.2511532162372235,117.9,217.5
delhi_ncr,2026-08-03,28.625,76.975,0.0001251750328219,0.2778222490580096,112.5,212.1
delhi_ncr,2026-08-03,28.625,77.025,0.0001239575627208,0.2768244463099408,111.9,211.5
delhi_ncr,2026-08-03,28.625,77.325,7.337316959878112e-05,0.2429867229213952,86.6,186.2
delhi_ncr,2026-08-03,28.625,77.375,7.337316959878112e-05,0.2429867229213952,86.6,186.2
delhi_ncr,2026-08-03,28.625,77.425,0.0001053086715501,0.2747315964196188,104.4,204.0
delhi_ncr,2026-08-03,28.625,77.475,0.0001144301977485,0.2743554203484152,107.8,207.4
delhi_ncr,2026-08-03,28.625,77.525,0.0001396072577475,0.2702491845326318,116.6,216.2
delhi_ncr,2026-08-03,28.675,76.825,0.0001851470152288,0.1640972569013022,114.4,214.0
delhi_ncr,2026-08-03,28.675,76.875,0.0001888561401353,0.2202140413309956,126.0,225.6
delhi_ncr,2026-08-03,28.675,76.925,0.0001900115232821,0.2185632796033593,126.1,225.7
delhi_ncr,2026-08-03,28.675,77.425,0.0001096661953927,0.2867041646286503,108.3,207.9
delhi_ncr,2026-08-03,28.675,77.475,0.0001096661953927,0.2867041646286503,108.3,207.9
delhi_ncr,2026-08-03,28.725,76.825,0.0001537139720844,0.1900701910086864,107.2,206.8
delhi_ncr,2026-08-03,28.725,76.875,0.0001528081859565,0.271717807233249,121.8,221.4
delhi_ncr,2026-08-03,28.725,76.925,0.0001528081859565,0.271717807233249,121.8,221.4
delhi_ncr,2026-08-03,28.825,76.975,0.0003002036828169,0.2777341901906466,178.5,278.1
delhi_ncr,2026-08-03,28.825,77.025,0.0003002036828169,0.2777341901906466,178.5,278.1
delhi_ncr,2026-08-03,28.875,76.925,0.0002522426935446,0.2734625793017344,159.6,259.2
delhi_ncr,2026-08-03,28.875,76.975,0.0002710076000135,0.2693355891908561,166.0,265.6
delhi_ncr,2026-08-03,28.875,77.025,0.0002481581051667,0.2674482508472808,157.0,256.6
delhi_ncr,2026-08-03,28.875,77.075,0.0001830130499483,0.2669357534763998,132.3,231.9
delhi_ncr,2026-08-05,28.825,77.025,0.0003364568941986,0.2363199495905326,184.6,284.2
delhi_ncr,2026-08-05,28.825,77.075,0.0003364568941986,0.2363199495905326,184.6,284.2
delhi_ncr,2026-08-05,28.875,77.025,0.0003364568941986,0.2363199495905326,184.6,284.2
delhi_ncr,2026-08-05,28.875,77.075,0.0003364568941986,0.2363199495905326,184.6,284.2
delhi_ncr,2026-08-08,28.875,77.425,3.911374717355385e-06,0.2955804157027444,70.0,169.6
delhi_ncr,2026-08-08,28.875,77.475,3.911374717355385e-06,0.2955804157027444,70.0,169.6
delhi_ncr,2026-08-09,28.375,76.825,0.0001448102074126,0.1356693589663807,93.9,193.5
delhi_ncr,2026-08-09,28.375,76.875,0.0001152340730417,0.1253422602368309,80.9,180.5
delhi_ncr,2026-08-09,28.375,76.925,0.0002527129450766,0.0477236526515467,118.6,218.2
delhi_ncr,2026-08-09,28.375,76.975,0.0002369983473311,0.0281782316473542,109.1,208.7
delhi_ncr,2026-08-09,28.375,77.025,0.0001755024270435,0.0370039395843282,87.5,187.1
delhi_ncr,2026-08-09,28.375,77.075,0.0001096241165973,0.0640303645867051,67.6,167.2
delhi_ncr,2026-08-09,28.375,77.125,0.0001471748622474,0.0853556951071372,85.6,185.2
delhi_ncr,2026-08-09,28.375,77.175,0.0001700307026275,0.143356289036012,104.9,204.5
delhi_ncr,2026-08-09,28.375,77.225,0.0001730170658781,0.1510574721768872,107.4,207.0
delhi_ncr,2026-08-09,28.375,77.325,0.0001087542551509,0.2615314807870035,103.3,202.9
delhi_ncr,2026-08-09,28.375,77.375,0.0001087542551509,0.2615314807870035,103.3,202.9
delhi_ncr,2026-08-09,28.375,77.425,0.0001695394956336,0.2501126132769689,124.2,223.8
delhi_ncr,2026-08-09,28.375,77.475,0.0001284261706871,0.2183964846322952,102.9,202.5
delhi_ncr,2026-08-09,28.375,77.525,0.0001222007786644,0.2187436754539517,100.6,200.2
delhi_ncr,2026-08-09,28.375,77.55,0.0001302860115925,0.2688312723703466,112.8,212.4
delhi_ncr,2026-08-09,28.425,76.825,0.0001767850048934,0.1311611970733862,105.2,204.8
delhi_ncr,2026-08-09,28.425,76.875,0.000231091164404,0.0961524210262859,119.3,218.9
delhi_ncr,2026-08-09,28.425,76.925,0.0002520994303474,0.0602847803399906,120.7,220.3
delhi_ncr,2026-08-09,28.425,76.975,0.0002366869504357,0.0679663648292588,116.2,215.8
delhi_ncr,2026-08-09,28.425,77.025,0.0002073301085326,0.0947258619345459,110.1,209.7
delhi_ncr,2026-08-09,28.425,77.075,0.0001771978977729,0.1290873489761882,105.0,204.6
delhi_ncr,2026-08-09,28.425,77.125,0.000183800362038,0.1424882362386402,109.9,209.5
delhi_ncr,2026-08-09,28.425,77.175,0.0002166832017982,0.1800852854275021,129.2,228.8
delhi_ncr,2026-08-09,28.425,77.225,0.0001726952946553,0.1906228685411693,114.5,214.1
delhi_ncr,2026-08-09,28.425,77.275,9.773347545608728e-05,0.2296792701771659,93.3,192.9
delhi_ncr,2026-08-09,28.425,77.325,6.073742470634146e-05,0.2895443929627733,90.3,189.9
delhi_ncr,2026-08-09,28.425,77.475,0.0001211123776366,0.2237937447348418,101.1,200.7
delhi_ncr,2026-08-09,28.425,77.525,0.0001211123776366,0.2237937447348418,101.1,200.7
delhi_ncr,2026-08-09,28.475,76.825,0.0002047433760476,0.1140123908745498,112.6,212.2
delhi_ncr,2026-08-09,28.475,76.875,0.0003057134257425,0.061345410647771,141.1,240.7
delhi_ncr,2026-08-09,28.475,76.925,0.0002760272697876,0.0709782069229496,131.6,231.2
delhi_ncr,2026-08-09,28.475,76.975,0.0002479547517431,0.0946781778770898,125.4,225.0
delhi_ncr,2026-08-09,28.475,77.025,0.0002353528533909,0.1247694343954859,126.1,225.7
delhi_ncr,2026-08-09,28.475,77.075,0.0002367893842734,0.1533838319950752,131.9,231.5
delhi_ncr,2026-08-09,28.475,77.125,0.0002361198018247,0.1550181748678274,131.9,231.5
delhi_ncr,2026-08-09,28.475,77.175,0.0002688475735168,0.1635075572962687,145.8,245.4
delhi_ncr,2026-08-09,28.475,77.225,0.0001750594487737,0.1864959206934938,114.6,214.2
delhi_ncr,2026-08-09,28.475,77.275,9.886584064289088e-05,0.2255964406091648,93.0,192.6
delhi_ncr,2026-08-09,28.475,77.325,6.073742470634146e-05,0.2895443929627733,90.3,189.9
delhi_ncr,2026-08-09,28.525,76.825,0.0001922619768795,0.1232312678085999,109.6,209.2
delhi_ncr,2026-08-09,28.525,76.875,0.0002651610141098,0.0852844886810127,130.2,229.8
delhi_ncr,2026-08-09,28.525,76.925,0.0003167118605496,0.0854690358185047,149.6,249.2
delhi_ncr,2026-08-09,28.525,76.975,0.0002706485171927,0.0869881375251049,132.5,232.1
delhi_ncr,2026-08-09,28.525,77.025,0.0002378241168831,0.0928745925414541,121.2,220.8
delhi_ncr,2026-08-09,28.525,77.075,0.0002340089449555,0.100362474088703,121.1,220.7
delhi_ncr,2026-08-09,28.525,77.125,0.0002453799589076,0.1015873204775463,125.7,225.3
delhi_ncr,2026-08-09,28.525,77.175,0.0003049963991126,0.1097685588660325,149.7,249.3
delhi_ncr,2026-08-09,28.525,77.225,0.0001863228228396,0.1708978963293129,116.0,215.6
delhi_ncr,2026-08-09,28.525,77.275,0.0001066973005732,0.2083351001615945,92.8,192.4
delhi_ncr,2026-08-09,28.525,77.325,0.0001474640960186,0.2892448770562084,123.0,222.6
delhi_ncr,2026-08-09,28.575,76.825,0.000198694916746,0.0563621164315062,99.8,199.4
delhi_ncr,2026-08-09,28.575,76.875,0.0002470303160627,0.0875919659056058,123.7,223.3
delhi_ncr,2026-08-09,28.575,76.925,0.0001883665962197,0.1379357018448746,110.8,210.4
delhi_ncr,2026-08-09,28.575,76.975,0.0001835880555302,0.1179274755362944,105.3,204.9
delhi_ncr,2026-08-09,28.575,77.025,0.0002365435383269,0.0893630184435608,120.1,219.7
delhi_ncr,2026-08-09,28.575,77.075,0.0002875662787107,0.062166636829983,134.4,234.0
delhi_ncr,2026-08-09,28.575,77.125,8.564639261067185e-05,0.0339613308161837,53.0,152.6
delhi_ncr,2026-08-09,28.575,77.175,3.0685452535223726e-05,0.0422850389368196,33.8,133.4
delhi_ncr,2026-08-09,28.575,77.225,0.0001199401173495,0.1283609430045995,83.2,182.8
delhi_ncr,2026-08-09,28.575,77.275,0.0001687391293383,0.2203326180163348,118.4,218.0
delhi_ncr,2026-08-09,28.575,77.325,0.0001474640960186,0.2892448770562084,123.0,222.6
delhi_ncr,2026-08-09,28.625,76.825,0.0002219188459545,0.0656835516900562,110.3,209.9
delhi_ncr,2026-08-09,28.625,76.875,0.000212151859808,0.1165709891130716,115.9,215.5
delhi_ncr,2026-08-09,28.625,76.925,0.000228929061934,0.1681724085041049,131.6,231.2
delhi_ncr,2026-08-09,28.625,76.975,0.0002082893071195,0.1486710121790799,120.3,219.9
delhi_ncr,2026-08-09,28.625,77.025,0.000206292750969,0.1266579795579587,115.5,215.1
delhi_ncr,2026-08-09,28.625,77.075,0.0002246357325592,0.1105348877904305,119.5,219.1
delhi_ncr,2026-08-09,28.625,77.125,0.0002342210459307,0.0884071810037086,119.0,218.6
delhi_ncr,2026-08-09,28.625,77.175,0.0001997503110219,0.1505480947973472,117.4,217.0
delhi_ncr,2026-08-09,28.625,77.225,0.0001556760397324,0.2282579562891714,114.9,214.5
delhi_ncr,2026-08-09,28.625,77.275,0.0001329372432092,0.2735118911214562,114.6,214.2
delhi_ncr,2026-08-09,28.625,77.325,0.0001474640960186,0.2892448770562084,123.0,222.6
delhi_ncr,2026-08-09,28.675,76.825,0.0002049774153835,0.0632548592702536,103.4,203.0
delhi_ncr,2026-08-09,28.675,76.875,0.0002521874792862,0.1196879691229622,131.5,231.1
delhi_ncr,2026-08-09,28.675,76.925,0.0002230248243941,0.1779410701688024,131.2,230.8
delhi_ncr,2026-08-09,28.675,76.975,0.0002294661392086,0.1762117567467435,133.3,232.9
delhi_ncr,2026-08-09,28.675,77.025,0.0002172330021975,0.1725309500598136,128.0,227.6
delhi_ncr,2026-08-09,28.675,77.075,0.0001994434136596,0.1718139574318306,121.2,220.8
delhi_ncr,2026-08-09,28.675,77.125,0.0002634563069463,0.1669806855410602,144.4,244.0
delhi_ncr,2026-08-09,28.675,77.175,0.0002491468628992,0.1873370973246689,142.7,242.3
delhi_ncr,2026-08-09,28.675,77.225,0.0001662195280355,0.257114763403693,124.2,223.8
delhi_ncr,2026-08-09,28.675,77.275,0.0001168393040586,0.2974007483275958,112.9,212.5
delhi_ncr,2026-08-09,28.725,76.825,0.0001982795565593,0.0916216869113572,106.1,205.7
delhi_ncr,2026-08-09,28.725,76.875,0.0002832583978205,0.1298480721722878,145.1,244.7
delhi_ncr,2026-08-09,28.725,76.925,0.0002243538757694,0.1770093347196918,131.5,231.1
delhi_ncr,2026-08-09,28.725,76.975,0.0002256180595049,0.1888689416244254,134.1,233.7
delhi_ncr,2026-08-09,28.725,77.025,0.0002202488200941,0.205005703286891,135.1,234.7
delhi_ncr,2026-08-09,28.725,77.075,0.0002086709756368,0.2245174549829133,134.3,233.9
delhi_ncr,2026-08-09,28.725,77.125,0.0002507185882358,0.2260850442796248,150.4,250.0
delhi_ncr,2026-08-09,28.725,77.175,0.0002507185882358,0.2260850442796248,150.4,250.0
delhi_ncr,2026-08-09,28.725,77.225,0.0001331496092024,0.2092171942424482,103.0,202.6
delhi_ncr,2026-08-09,28.725,77.275,0.0001482633222775,0.1850991213721471,104.3,203.9
delhi_ncr,2026-08-09,28.725,77.325,0.0001768175618749,0.1453925374488874,107.8,207.4
delhi_ncr,2026-08-09,28.725,77.375,0.0001813122785391,0.1924206736806923,118.1,217.7
delhi_ncr,2026-08-09,28.725,77.425,0.0001188305474657,0.2796958840061284,110.4,210.0
delhi_ncr,2026-08-09,28.725,77.475,0.0001081193935674,0.294657348633346,109.1,208.7
delhi_ncr,2026-08-09,28.775,76.825,0.0002447450414973,0.1892389779145862,141.4,241.0
delhi_ncr,2026-08-09,28.775,76.875,0.0002364502265976,0.1739673395124605,135.5,235.1
delhi_ncr,2026-08-09,28.775,76.925,0.0002750440929996,0.1721943378879776,149.8,249.4
delhi_ncr,2026-08-09,28.775,76.975,0.000177036675986,0.1740311857383241,113.1,212.7
delhi_ncr,2026-08-09,28.775,77.025,0.0001742206425785,0.2035411356897476,117.4,217.0
delhi_ncr,2026-08-09,28.775,77.075,0.0002581098481434,0.2484368002204973,157.3,256.9
delhi_ncr,2026-08-09,28.775,77.225,0.0001331496092024,0.2092171942424482,103.0,202.6
delhi_ncr,2026-08-09,28.775,77.275,0.0001487058711076,0.1843929133821561,104.3,203.9
delhi_ncr,2026-08-09,28.775,77.325,0.0001768266161975,0.1454872726570092,107.8,207.4
delhi_ncr,2026-08-09,28.775,77.375,0.0001813122785391,0.1924206736806923,118.1,217.7
delhi_ncr,2026-08-09,28.775,77.425,0.0001194847483767,0.2787820885475302,110.5,210.1
delhi_ncr,2026-08-09,28.775,77.475,0.0001081193935674,0.294657348633346,109.1,208.7
delhi_ncr,2026-08-09,28.825,76.825,0.0002163338496221,0.178400111040561,128.7,228.3
delhi_ncr,2026-08-09,28.825,76.875,0.0002293382508501,0.1752990083130323,133.1,232.7
delhi_ncr,2026-08-09,28.825,76.925,0.0002138281341488,0.216090639361713,134.7,234.3
delhi_ncr,2026-08-09,28.825,76.975,0.0002221464121066,0.2244703925387407,139.3,238.9
delhi_ncr,2026-08-09,28.825,77.025,0.0002183778766873,0.2077106027318141,134.9,234.5
delhi_ncr,2026-08-09,28.825,77.075,0.0002228647533434,0.1685883282076473,129.4,229.0
delhi_ncr,2026-08-09,28.825,77.125,0.000348194575515,0.1053867119897532,165.2,264.8
delhi_ncr,2026-08-09,28.825,77.175,0.000351377266101,0.1045310667322888,166.2,265.8
delhi_ncr,2026-08-09,28.825,77.225,0.0002818821197911,0.0997839342294145,139.1,238.7
delhi_ncr,2026-08-09,28.825,77.275,0.0002042304338258,0.1093516449456511,111.6,211.2
delhi_ncr,2026-08-09,28.825,77.325,0.0001441232748809,0.1314871513044313,92.9,192.5
delhi_ncr,2026-08-09,28.875,76.825,0.0002693301359082,0.1424478826426887,142.2,241.8
delhi_ncr,2026-08-09,28.875,76.875,0.0002216244868764,0.1295890426753271,121.8,221.4
delhi_ncr,2026-08-09,28.875,76.925,0.0003084241847124,0.1099881806028256,151.0,250.6
delhi_ncr,2026-08-09,28.875,76.975,0.000306228709983,0.1104971334990046,150.3,249.9
delhi_ncr,2026-08-09,28.875,77.025,0.0002878793824789,0.1302213125078395,146.9,246.5
delhi_ncr,2026-08-09,28.875,77.075,0.0002761599569244,0.1540180089585522,146.9,246.5
delhi_ncr,2026-08-09,28.875,77.125,0.0003256217334616,0.1246332522924067,160.2,259.8
delhi_ncr,2026-08-09,28.875,77.175,0.0002620612067001,0.0889770005118686,129.7,229.3
delhi_ncr,2026-08-09,28.875,77.225,0.0001797239186519,0.1148127591686896,103.3,202.9
delhi_ncr,2026-08-09,28.875,77.275,0.00011471528133,0.1623538202224801,87.5,187.1
delhi_ncr,2026-08-09,28.875,77.325,8.733027348600182e-05,0.2189232959791163,87.5,187.1
delhi_ncr,2026-08-09,28.875,77.375,0.0001954724508107,0.2964426400038735,142.4,242.0
delhi_ncr,2026-08-09,28.875,77.425,0.0001422765387604,0.291750481592722,121.5,221.1
delhi_ncr,2026-08-09,28.875,77.475,0.000132796079187,0.2909142553412296,117.8,217.4
delhi_ncr,2026-08-12,28.375,76.825,0.0001872999705394,0.1860310195957063,119.2,218.8
delhi_ncr,2026-08-12,28.375,76.875,0.0002346977017837,0.2068184313665518,140.9,240.5
delhi_ncr,2026-08-12,28.375,76.925,0.0002464475542486,0.2393924558149359,151.2,250.8
delhi_ncr,2026-08-12,28.375,76.975,0.0002392397542874,0.2570561482741105,151.7,251.3
delhi_ncr,2026-08-12,28.375,77.025,0.0002607406344258,0.2651248486418443,161.3,260.9
delhi_ncr,2026-08-12,28.375,77.075,0.0003019876586424,0.2583802309341995,175.7,275.3
delhi_ncr,2026-08-12,28.375,77.125,0.0003024534771885,0.2097963582194217,167.0,266.6
delhi_ncr,2026-08-12,28.375,77.175,0.0002968465934537,0.1979093086253064,162.7,262.3
delhi_ncr,2026-08-12,28.375,77.225,0.0003355685740814,0.2005168386190775,177.8,277.4
delhi_ncr,2026-08-12,28.375,77.275,0.0003606189911842,0.2118597256111117,189.3,288.9
delhi_ncr,2026-08-12,28.375,77.325,0.0003635836107109,0.2218991015450848,192.2,291.8
delhi_ncr,2026-08-12,28.375,77.375,0.000379202091044,0.172058633120314,189.0,288.6
delhi_ncr,2026-08-12,28.375,77.425,0.0003640038277354,0.1723866419610678,183.4,283.0
delhi_ncr,2026-08-12,28.375,77.475,0.0002955378922798,0.1576566208442638,154.8,254.4
delhi_ncr,2026-08-12,28.375,77.525,0.0002581011213089,0.1296860951122727,135.6,235.2
delhi_ncr,2026-08-12,28.375,77.55,0.0002572699094399,0.0837905427728767,126.9,226.5
delhi_ncr,2026-08-12,28.425,76.825,0.0001836323088733,0.1689179961282473,114.7,214.3
delhi_ncr,2026-08-12,28.425,76.875,0.0002285123910826,0.1770065454634523,133.1,232.7
delhi_ncr,2026-08-12,28.425,76.925,0.0002572192383744,0.2043595135554967,148.9,248.5
delhi_ncr,2026-08-12,28.425,76.975,0.000257591192063,0.2394819743799096,155.5,255.1
delhi_ncr,2026-08-12,28.425,77.025,0.0002534472714832,0.2613055921599769,157.9,257.5
delhi_ncr,2026-08-12,28.425,77.075,0.0002528283582202,0.2634526228402171,158.0,257.6
delhi_ncr,2026-08-12,28.425,77.125,0.000276307369731,0.2335037476567226,161.4,261.0
delhi_ncr,2026-08-12,28.425,77.175,0.0002850008868106,0.1973604651436785,158.1,257.7
delhi_ncr,2026-08-12,28.425,77.225,0.0002953106003679,0.1728684775974858,157.5,257.1
delhi_ncr,2026-08-12,28.425,77.275,0.0003192846399382,0.1578783233841147,163.8,263.4
delhi_ncr,2026-08-12,28.425,77.325,0.0003530325483684,0.1509934493412415,175.3,274.9
delhi_ncr,2026-08-12,28.425,77.375,0.0003603002708728,0.13950230568547,176.0,275.6
delhi_ncr,2026-08-12,28.425,77.425,0.0003096940356452,0.1304422747436267,155.2,254.8
delhi_ncr,2026-08-12,28.425,77.475,0.0002430652292241,0.1136527886944183,127.0,226.6
delhi_ncr,2026-08-12,28.425,77.525,0.0002033688556503,0.0952125114092875,108.6,208.2
delhi_ncr,2026-08-12,28.425,77.55,0.0002133229260051,0.0819026886856107,110.0,209.6
delhi_ncr,2026-08-12,28.475,76.825,0.0001916556921891,0.169956527226101,117.9,217.5
delhi_ncr,2026-08-12,28.475,76.875,0.0002197841043755,0.1651208359096566,127.6,227.2
delhi_ncr,2026-08-12,28.475,76.925,0.0002758508452166,0.1845676392612384,152.3,251.9
delhi_ncr,2026-08-12,28.475,76.975,0.0002884913651529,0.2237144371000677,164.2,263.8
delhi_ncr,2026-08-12,28.475,77.025,0.000267019404258,0.2487753270277765,160.7,260.3
delhi_ncr,2026-08-12,28.475,77.075,0.0002298919956413,0.2553706565849137,147.9,247.5
delhi_ncr,2026-08-12,28.475,77.125,0.0002487586357308,0.2470150152220972,153.5,253.1
delhi_ncr,2026-08-12,28.475,77.175,0.0002827272596095,0.1885599730787278,155.6,255.2
delhi_ncr,2026-08-12,28.475,77.225,0.0002694521766894,0.1521452020904042,144.0,243.6
delhi_ncr,2026-08-12,28.475,77.275,0.0002833784072632,0.1209443069395548,143.5,243.1
delhi_ncr,2026-08-12,28.475,77.325,0.0003269168307872,0.0978467433625508,155.8,255.4
delhi_ncr,2026-08-12,28.475,77.375,0.0003154775545635,0.106490693492067,153.0,252.6
delhi_ncr,2026-08-12,28.475,77.425,0.0002435216670913,0.0932062628660789,123.4,223.0
delhi_ncr,2026-08-12,28.475,77.475,0.0001954444969906,0.0687661624757039,100.8,200.4
delhi_ncr,2026-08-12,28.475,77.525,0.0001560183156823,0.0524734584218227,83.0,182.6
delhi_ncr,2026-08-12,28.475,77.55,0.0001145834425306,0.040459515701904,65.1,164.7
delhi_ncr,2026-08-12,28.525,76.825,0.0001831971629021,0.1821320441577007,116.9,216.5
delhi_ncr,2026-08-12,28.525,76.875,0.0001979246441063,0.1768795249773954,121.5,221.1
delhi_ncr,2026-08-12,28.525,76.925,0.0003013972514386,0.1987059604899592,164.5,264.1
delhi_ncr,2026-08-12,28.525,76.975,0.0003285923849323,0.2178424972301381,178.3,277.9
delhi_ncr,2026-08-12,28.525,77.025,0.0002971989796475,0.2323472628665511,169.1,268.7
delhi_ncr,2026-08-12,28.525,77.075,0.0002337578756952,0.2407884934315026,146.7,246.3
delhi_ncr,2026-08-12,28.525,77.125,0.0002370758323076,0.2382714136682058,147.5,247.1
delhi_ncr,2026-08-12,28.525,77.175,0.0003001867404612,0.1722490265235436,159.3,258.9
delhi_ncr,2026-08-12,28.525,77.225,0.0002878643004144,0.1437731572974024,149.4,249.0
delhi_ncr,2026-08-12,28.525,77.275,0.0002876339272833,0.1137868975578108,143.8,243.4
delhi_ncr,2026-08-12,28.525,77.325,0.0003028307502851,0.0818992967946841,143.7,243.3
delhi_ncr,2026-08-12,28.525,77.375,0.0002450980103831,0.0874045710713831,123.0,222.6
delhi_ncr,2026-08-12,28.525,77.425,0.0002152920396706,0.0866144330744572,111.6,211.2
delhi_ncr,2026-08-12,28.525,77.475,0.0002166652715631,0.0534481688984687,106.0,205.6
delhi_ncr,2026-08-12,28.525,77.525,0.0001794218194128,0.0254819140535719,86.9,186.5
delhi_ncr,2026-08-12,28.525,77.55,0.0001375985547509,0.0089041324206168,68.1,167.7
delhi_ncr,2026-08-12,28.575,76.825,0.000203498111549,0.1469187372084146,118.1,217.7
delhi_ncr,2026-08-12,28.575,76.875,0.0001929590267932,0.1433491503669759,113.5,213.1
delhi_ncr,2026-08-12,28.575,76.925,0.0002384663730837,0.1658916243307184,134.8,234.4
delhi_ncr,2026-08-12,28.575,76.975,0.0002647581854261,0.179964523499902,147.3,246.9
delhi_ncr,2026-08-12,28.575,77.025,0.0002474061678846,0.20449077834527,145.2,244.8
delhi_ncr,2026-08-12,28.575,77.075,0.0002063788508838,0.2279304654003845,134.0,233.6
delhi_ncr,2026-08-12,28.575,77.125,0.0002356726975328,0.1966720572930209,139.4,239.0
delhi_ncr,2026-08-12,28.575,77.175,0.0002715842680707,0.1718513463711825,148.4,248.0
delhi_ncr,2026-08-12,28.575,77.225,0.000173613115849,0.128898500493127,103.6,203.2
delhi_ncr,2026-08-12,28.575,77.275,0.0001204338591408,0.1014294194461023,78.5,178.1
delhi_ncr,2026-08-12,28.575,77.325,0.0001486616530306,0.0932624588365095,87.6,187.2
delhi_ncr,2026-08-12,28.575,77.375,0.0002215464923065,0.0638963683464104,109.8,209.4
delhi_ncr,2026-08-12,28.575,77.425,0.0002040719396127,0.0665798690164289,103.7,203.3
delhi_ncr,2026-08-12,28.575,77.475,0.0002061497238667,0.0373646383783619,99.1,198.7
delhi_ncr,2026-08-12,28.575,77.525,0.0002016286594514,0.0113343667591678,92.7,192.3
delhi_ncr,2026-08-12,28.625,76.825,0.0001421300389607,0.1514698541734621,95.8,195.4
delhi_ncr,2026-08-12,28.625,76.875,0.0001771975820094,0.1525774928769204,109.2,208.8
delhi_ncr,2026-08-12,28.625,76.925,0.0002538932853578,0.1753821378254665,142.4,242.0
delhi_ncr,2026-08-12,28.625,76.975,0.0002618799075715,0.1802989261045108,146.3,245.9
delhi_ncr,2026-08-12,28.625,77.025,0.0002578127654258,0.1930683194069701,147.1,246.7
delhi_ncr,2026-08-12,28.625,77.075,0.0002563625440603,0.2112179367294288,149.8,249.4
delhi_ncr,2026-08-12,28.625,77.125,0.0002903443378789,0.2127326877039816,162.9,262.5
delhi_ncr,2026-08-12,28.625,77.175,0.000323574917419,0.2160473245951609,176.1,275.7
delhi_ncr,2026-08-12,28.625,77.225,0.0002788657785362,0.155741658862053,148.2,247.8
delhi_ncr,2026-08-12,28.625,77.275,0.00024734897417,0.1144803131925151,128.8,228.4
delhi_ncr,2026-08-12,28.625,77.325,0.0002442056570881,0.1010157397280757,125.1,224.7
delhi_ncr,2026-08-12,28.625,77.375,0.0002227535855609,0.0273380317723068,103.6,203.2
delhi_ncr,2026-08-12,28.625,77.425,0.0002427326834296,0.0278014524745699,111.2,210.8
delhi_ncr,2026-08-12,28.625,77.475,0.0001910136314665,0.0137842984266347,89.1,188.7
delhi_ncr,2026-08-12,28.625,77.525,0.0001637790978399,0.0025207372083735,76.8,176.4
delhi_ncr,2026-08-12,28.625,77.55,0.0001862701700734,0.0007205296203074,84.9,184.5
delhi_ncr,2026-08-12,28.675,76.825,0.0001583552774572,0.1567241991120403,102.9,202.5
delhi_ncr,2026-08-12,28.675,76.875,0.000158551234178,0.1521208173771693,102.1,201.7
delhi_ncr,2026-08-12,28.675,76.925,0.0002215490585588,0.1678706482792183,128.8,228.4
delhi_ncr,2026-08-12,28.675,76.975,0.0002551378684846,0.1804992292669064,143.8,243.4
delhi_ncr,2026-08-12,28.675,77.025,0.0002751150765549,0.194858204057251,153.9,253.5
delhi_ncr,2026-08-12,28.675,77.075,0.0002792957832913,0.2067564847072447,157.7,257.3
delhi_ncr,2026-08-12,28.675,77.125,0.0002531563943709,0.1986962101116479,146.3,245.9
delhi_ncr,2026-08-12,28.675,77.175,0.0002774831036917,0.2016572298281641,156.1,255.7
delhi_ncr,2026-08-12,28.675,77.225,0.0002824353180748,0.153466318018118,149.1,248.7
delhi_ncr,2026-08-12,28.675,77.275,0.0002728842840164,0.1144040962584912,138.4,238.0
delhi_ncr,2026-08-12,28.675,77.325,0.0002433471323299,0.0903456280256995,122.8,222.4
delhi_ncr,2026-08-12,28.675,77.375,0.0001499656045646,0.0114161837863809,73.2,172.8
delhi_ncr,2026-08-12,28.675,77.425,0.0001563213548566,0.009215565761119,75.2,174.8
delhi_ncr,2026-08-12,28.675,77.475,0.0001439647200389,0.0036580962665174,69.5,169.1
delhi_ncr,2026-08-12,28.675,77.525,0.0001693883308725,0.0,78.4,178.0
delhi_ncr,2026-08-12,28.675,77.55,0.0002401692507277,0.0,105.1,204.7
delhi_ncr,2026-08-12,28.725,76.825,0.0002103455549242,0.1569355916785001,122.6,222.2
delhi_ncr,2026-08-12,28.725,76.875,0.0001747369024899,0.1397308246643373,106.0,205.6
delhi_ncr,2026-08-12,28.725,76.925,0.0001759802244104,0.1450477003371305,107.4,207.0
delhi_ncr,2026-08-12,28.725,76.975,0.0002178851633642,0.1605952181353997,126.1,225.7
delhi_ncr,2026-08-12,28.725,77.025,0.0002512008141141,0.1826106417539245,142.7,242.3
delhi_ncr,2026-08-12,28.725,77.075,0.0002583873309589,0.2023910704475378,149.0,248.6
delhi_ncr,2026-08-12,28.725,77.125,0.0001915833478319,0.1906106618721117,121.6,221.2
delhi_ncr,2026-08-12,28.725,77.175,0.0002151395094878,0.1645607501644985,125.8,225.4
delhi_ncr,2026-08-12,28.725,77.225,0.0002425732101315,0.132694657920311,130.3,229.9
delhi_ncr,2026-08-12,28.725,77.275,0.0002461593690351,0.1044419262015067,126.5,226.1
delhi_ncr,2026-08-12,28.725,77.325,0.0002125883361181,0.0782080853008398,109.0,208.6
delhi_ncr,2026-08-12,28.725,77.375,0.000100379426595,0.0156033249970613,55.2,154.8
delhi_ncr,2026-08-12,28.725,77.425,6.834953734929885e-05,0.0041465536232476,41.1,140.7
delhi_ncr,2026-08-12,28.725,77.475,0.000105393252676,0.000889116328784,54.4,154.0
delhi_ncr,2026-08-12,28.725,77.525,0.0001791375919165,0.0,82.1,181.7
delhi_ncr,2026-08-12,28.725,77.55,0.0002475708000736,0.0,107.9,207.5
delhi_ncr,2026-08-12,28.775,76.825,0.0002702966923623,0.1459469054183143,143.2,242.8
delhi_ncr,2026-08-12,28.775,76.875,0.0002609112370811,0.112033737857129,133.4,233.0
delhi_ncr,2026-08-12,28.775,76.925,0.000145581081297,0.1058136885582198,88.8,188.4
delhi_ncr,2026-08-12,28.775,76.975,0.0001255072547118,0.1023662335198308,80.6,180.2
delhi_ncr,2026-08-12,28.775,77.025,0.0001428109845381,0.1333679770779114,92.8,192.4
delhi_ncr,2026-08-12,28.775,77.075,0.0001746364145157,0.1891695965049619,115.0,214.6
delhi_ncr,2026-08-12,28.775,77.125,0.0001569635579862,0.2182755722408108,113.6,213.2
delhi_ncr,2026-08-12,28.775,77.175,0.0002010467545627,0.1316761188720015,114.4,214.0
delhi_ncr,2026-08-12,28.775,77.225,0.0001986085379808,0.0995752402526042,107.6,207.2
delhi_ncr,2026-08-12,28.775,77.275,0.0001989702278473,0.0859949936569642,105.3,204.9
delhi_ncr,2026-08-12,28.775,77.325,0.0002040244212668,0.0798212279674091,106.1,205.7
delhi_ncr,2026-08-12,28.775,77.375,0.0001564097253582,0.0426920252234977,81.3,180.9
delhi_ncr,2026-08-12,28.775,77.425,7.972731140782186e-05,0.0106617724900801,46.5,146.1
delhi_ncr,2026-08-12,28.775,77.475,0.000110434169091,0.0019866367190873,56.5,156.1
delhi_ncr,2026-08-12,28.775,77.525,0.0001621996063678,0.0,75.7,175.3
delhi_ncr,2026-08-12,28.775,77.55,0.0001483243433886,0.0,70.5,170.1
delhi_ncr,2026-08-12,28.825,76.825,0.0002933858021495,0.1247060669656483,148.0,247.6
delhi_ncr,2026-08-12,28.825,76.875,0.0002859916163052,0.1115309036466656,142.8,242.4
delhi_ncr,2026-08-12,28.825,76.925,0.0001840462811086,0.0856992013678711,99.6,199.2
delhi_ncr,2026-08-12,28.825,76.975,0.0001417963862475,0.0835251798127901,83.3,182.9
delhi_ncr,2026-08-12,28.825,77.025,0.0001631106368854,0.1224387474438622,98.4,198.0
delhi_ncr,2026-08-12,28.825,77.075,0.0002143233815322,0.1814225646272491,128.5,228.1
delhi_ncr,2026-08-12,28.825,77.125,0.0001540974907641,0.1738276567909278,104.4,204.0
delhi_ncr,2026-08-12,28.825,77.175,0.0001468876624067,0.1048511451285453,89.1,188.7
delhi_ncr,2026-08-12,28.825,77.225,0.0001693020733285,0.0893012789927267,94.7,194.3
delhi_ncr,2026-08-12,28.825,77.275,0.0001747796700672,0.0799860631933568,95.1,194.7
delhi_ncr,2026-08-12,28.825,77.325,0.0001559416549756,0.0657830343861073,85.4,185.0
delhi_ncr,2026-08-12,28.825,77.375,0.0001332874039756,0.0288701862873951,70.1,169.7
delhi_ncr,2026-08-12,28.825,77.425,0.0001356815617548,0.0204910716940854,69.5,169.1
delhi_ncr,2026-08-12,28.825,77.475,0.000156046634482,0.007886354965871,74.8,174.4
delhi_ncr,2026-08-12,28.825,77.525,0.000145160488075,0.0,69.3,168.9
delhi_ncr,2026-08-12,28.875,76.825,0.0001066057229487,0.1364447392561105,79.7,179.3
delhi_ncr,2026-08-12,28.875,76.875,0.0001152876520439,0.1320354867868482,82.1,181.7
delhi_ncr,2026-08-12,28.875,76.925,0.0001039983362717,0.0892244110700254,70.0,169.6
delhi_ncr,2026-08-12,28.875,76.975,9.232495737396424e-05,0.0837752816635173,64.6,164.2
delhi_ncr,2026-08-12,28.875,77.025,0.0001283161872609,0.1173234103606138,84.4,184.0
delhi_ncr,2026-08-12,28.875,77.075,0.0001860819972754,0.1641181651880962,114.7,214.3
delhi_ncr,2026-08-12,28.875,77.125,0.0001280154673078,0.1136373623321319,83.6,183.2
delhi_ncr,2026-08-12,28.875,77.175,0.0001430401516492,0.0917377448939996,85.2,184.8
delhi_ncr,2026-08-12,28.875,77.225,0.0001329045589767,0.0825518464514824,79.7,179.3
delhi_ncr,2026-08-12,28.875,77.275,0.0001396317915053,0.0779728857550169,81.4,181.0
delhi_ncr,2026-08-12,28.875,77.325,0.0001636980530163,0.0745340738140753,89.9,189.5
delhi_ncr,2026-08-12,28.875,77.375,0.0001482974634297,0.0578465503428678,81.0,180.6
delhi_ncr,2026-08-12,28.875,77.425,0.0001286083659111,0.0394152930674271,70.2,169.8
delhi_ncr,2026-08-12,28.875,77.475,0.0001501415498405,0.014901811866099,73.9,173.5
delhi_ncr,2026-08-12,28.875,77.525,0.0001346620810388,0.0,65.3,164.9
delhi_ncr,2026-08-12,28.875,77.55,7.580035849822495e-05,0.0,43.1,142.7
kanpur_industrial,2026-07-17,26.325,80.425,0.0003131417834272,0.2753916592365537,169.9,282.6
kanpur_industrial,2026-07-17,26.325,80.475,0.0003086313744399,0.2430545235678582,162.3,275.0
kanpur_industrial,2026-07-17,26.325,80.525,0.0002934426131666,0.1287886485187188,135.7,248.4
kanpur_industrial,2026-07-17,26.325,80.55,0.0003171451176615,0.1244135167017626,143.8,256.5
kanpur_industrial,2026-07-17,26.375,80.475,0.0003431050035368,0.1196217056641439,152.7,265.4
kanpur_industrial,2026-07-17,26.375,80.525,0.0003431050035368,0.1196217056641439,152.7,265.4
kanpur_industrial,2026-07-17,26.425,80.425,0.0002719617674047,0.2808692703369252,155.3,268.0
kanpur_industrial,2026-07-17,26.425,80.475,0.0002565564259304,0.2496587116228713,143.8,256.5
kanpur_industrial,2026-07-17,26.425,80.525,0.0002139979084884,0.1610512004799348,111.6,224.3
kanpur_industrial,2026-07-17,26.425,80.55,0.0002617776995693,0.1457190252331461,126.8,239.5
kanpur_industrial,2026-07-17,26.475,80.375,0.0003299594060178,0.2489270035704343,171.4,284.1
kanpur_industrial,2026-07-17,26.475,80.425,0.0002900612537923,0.2484914000677414,156.3,269.0
kanpur_industrial,2026-07-17,26.475,80.475,0.0002511421231496,0.2331968836156365,138.8,251.5
kanpur_industrial,2026-07-17,26.475,80.525,0.0001934118926919,0.1773459285197003,106.8,219.5
kanpur_industrial,2026-07-17,26.475,80.55,0.0001925829597385,0.1769922923517173,106.4,219.1
kanpur_industrial,2026-07-17,26.525,80.325,0.0001887829496675,0.2507141213140511,118.4,231.1
kanpur_industrial,2026-07-17,26.525,80.375,0.0002963275805222,0.2487883605951697,158.7,271.4
kanpur_industrial,2026-07-17,26.525,80.425,0.00027830555788,0.2271546763970884,147.9,260.6
kanpur_industrial,2026-07-17,26.525,80.475,0.0002387726914779,0.198434556433809,127.8,240.5
kanpur_industrial,2026-07-17,26.525,80.525,0.0002056641703811,0.1789849506231415,111.7,224.4
kanpur_industrial,2026-07-17,26.525,80.55,0.0002064511157781,0.1763442674719532,111.5,224.2
kanpur_industrial,2026-07-17,26.575,80.325,0.0001888324031322,0.2507160082979716,118.5,231.2
kanpur_industrial,2026-07-17,26.575,80.375,0.0002277825442611,0.2485816831712141,132.8,245.5
kanpur_industrial,2026-07-17,26.575,80.425,0.0002260684548118,0.2067321171416353,124.5,237.2
kanpur_industrial,2026-07-17,26.575,80.475,0.0002082274792884,0.1633160211842691,109.8,222.5
kanpur_industrial,2026-07-17,26.575,80.525,0.000206837409056,0.1710415153788382,110.7,223.4
kanpur_industrial,2026-07-17,26.575,80.55,0.0001542147626825,0.1913691084913434,94.6,207.3
kanpur_industrial,2026-07-21,26.525,80.475,0.000140359008656,0.2161930657969979,93.9,206.6
kanpur_industrial,2026-07-21,26.525,80.525,0.000140359008656,0.2161930657969979,93.9,206.6
kanpur_industrial,2026-07-21,26.525,80.55,0.000140359008656,0.2161930657969979,93.9,206.6
kanpur_industrial,2026-07-21,26.575,80.325,0.0001201709532061,0.2694780718182156,96.0,208.7
kanpur_industrial,2026-07-21,26.575,80.475,0.000140359008656,0.2161930657969979,93.9,206.6
kanpur_industrial,2026-07-21,26.575,80.525,0.0001402062010781,0.2155781354345572,93.7,206.4
kanpur_industrial,2026-07-21,26.575,80.55,0.0001342467055385,0.1915958512993711,87.1,199.8
kanpur_industrial,2026-07-22,26.325,80.175,4.388500154196074e-05,0.1855036111950563,51.9,164.6
kanpur_industrial,2026-07-22,26.325,80.225,0.000116376536805,0.2148032846936824,84.6,197.3
kanpur_industrial,2026-07-22,26.325,80.275,0.0002255953334157,0.1051090009510576,105.7,218.4
kanpur_industrial,2026-07-22,26.325,80.325,0.0001180414571966,0.2130699547756384,84.9,197.6
kanpur_industrial,2026-07-22,26.325,80.375,9.98644584949598e-05,0.2430796790263802,83.5,196.2
kanpur_industrial,2026-07-22,26.325,80.425,7.344404470473332e-05,0.1711090934030895,60.4,173.1
kanpur_industrial,2026-07-22,26.325,80.475,8.103343494044288e-05,0.0675532821761128,44.3,157.0
kanpur_industrial,2026-07-22,26.325,80.525,0.0001870659400459,0.0202523287993303,75.7,188.4
kanpur_industrial,2026-07-22,26.325,80.55,9.078825554501958e-05,0.0318377949094378,41.5,154.2
kanpur_industrial,2026-07-22,26.375,80.175,-8.102692337598103e-05,0.2109186720537247,9.4,122.1
kanpur_industrial,2026-07-22,26.375,80.225,-8.415082274125198e-05,0.1969862135783534,5.6,118.3
kanpur_industrial,2026-07-22,26.375,80.275,-9.360061832119662e-05,0.1548405266903554,0.0,107.1
kanpur_industrial,2026-07-22,26.375,80.325,7.86770133804197e-05,0.271899613984706,80.8,193.5
kanpur_industrial,2026-07-22,26.375,80.375,5.798848980844222e-05,0.2430123203871644,67.7,180.4
kanpur_industrial,2026-07-22,26.375,80.425,6.874317191864985e-05,0.1690248265183129,58.2,170.9
kanpur_industrial,2026-07-22,26.375,80.475,6.656566482012705e-05,0.0880076757368059,42.6,155.3
kanpur_industrial,2026-07-22,26.375,80.525,-1.4658732241762746e-05,0.0445266387443173,4.0,116.7
kanpur_industrial,2026-07-22,26.425,80.175,-8.102692337598103e-05,0.2109186720537247,9.4,122.1
kanpur_industrial,2026-07-22,26.425,80.225,-0.0001143375910631,0.2130867577954977,0.0,109.9
kanpur_industrial,2026-07-22,26.425,80.275,-0.0001356311820101,0.2143923925963834,0.0,102.1
kanpur_industrial,2026-07-22,26.425,80.325,-3.977063235666119e-06,0.2669487540682488,48.7,161.4
kanpur_industrial,2026-07-22,26.425,80.375,1.6071691794383357e-05,0.2546656662901723,54.0,166.7
kanpur_industrial,2026-07-22,26.425,80.425,6.90005560779765e-05,0.1681543835265167,58.2,170.9
kanpur_industrial,2026-07-22,26.425,80.475,6.711263045690744e-05,0.0883004773327149,42.9,155.6
kanpur_industrial,2026-07-22,26.425,80.525,-1.4658732241762746e-05,0.0445266387443173,4.0,116.7
kanpur_industrial,2026-07-22,26.425,80.55,-1.4658732241762746e-05,0.0445266387443173,4.0,116.7
kanpur_industrial,2026-07-22,26.475,80.225,-0.0001465525095828,0.2298664994853513,0.0,100.8
kanpur_industrial,2026-07-22,26.475,80.275,-0.0001465525095828,0.2298664994853513,0.0,100.8
kanpur_industrial,2026-07-22,26.475,80.325,-2.477501040647622e-05,0.2657547893109897,40.6,153.3
kanpur_industrial,2026-07-22,26.475,80.375,-2.477501040647622e-05,0.2657547893109897,40.6,153.3
kanpur_industrial,2026-07-23,26.525,80.175,0.0001687468510594,0.2779965351320955,115.9,228.6
kanpur_industrial,2026-07-23,26.525,80.225,0.0001687542442844,0.2783742133196941,115.9,228.6
kanpur_industrial,2026-07-23,26.525,80.275,0.0001687764239593,0.2795072478824899,116.2,228.9
kanpur_industrial,2026-07-23,26.525,80.325,0.0001747541496687,0.2718341812248709,117.0,229.7
kanpur_industrial,2026-07-23,26.525,80.375,0.0001745369622741,0.2722599979553812,117.0,229.7
kanpur_industrial,2026-07-23,26.525,80.425,0.0001744623041072,0.2724063724564941,117.0,229.7
kanpur_industrial,2026-07-23,26.575,80.175,0.0001685215857697,0.2781741899512161,115.8,228.5
kanpur_industrial,2026-07-23,26.575,80.225,0.000168525978348,0.2785446468693637,115.9,228.6
kanpur_industrial,2026-07-23,26.575,80.275,0.0001685495811797,0.2796633695051033,116.1,228.8
kanpur_industrial,2026-07-23,26.575,80.325,0.0001747163159616,0.2718827449378938,117.0,229.7
kanpur_industrial,2026-07-23,26.575,80.375,0.0001745398833071,0.2722542709898601,117.0,229.7
kanpur_industrial,2026-07-23,26.575,80.425,0.0001744623041072,0.2724063724564941,117.0,229.7
kanpur_industrial,2026-07-24,26.325,80.175,0.0001684112394182,0.0419832521367999,72.6,185.3
kanpur_industrial,2026-07-24,26.325,80.225,0.0001826684032679,0.0375549397598816,77.2,189.9
kanpur_industrial,2026-07-24,26.325,80.275,0.0002021439263049,0.027612832609504,82.7,195.4
kanpur_industrial,2026-07-24,26.325,80.325,0.000149973970074,0.000567957863667,58.1,170.8
kanpur_industrial,2026-07-24,26.325,80.375,0.0001072775666133,0.0005963435326314,42.0,154.7
kanpur_industrial,2026-07-24,26.325,80.425,0.0001160444350275,0.0010343338079839,45.4,158.1
kanpur_industrial,2026-07-24,26.325,80.475,0.0001230653884204,0.0043560851414761,48.6,161.3
kanpur_industrial,2026-07-24,26.325,80.525,5.302845613671403e-05,0.0160962914313164,24.4,137.1
kanpur_industrial,2026-07-24,26.325,80.55,5.423355956681318e-06,0.0686021798121866,16.0,128.7
kanpur_industrial,2026-07-24,26.375,80.175,0.0001563827583992,0.0,60.4,173.1
kanpur_industrial,2026-07-24,26.375,80.225,0.0001540405485582,0.0,59.5,172.2
kanpur_industrial,2026-07-24,26.375,80.275,0.0001495852059288,0.0,57.9,170.6
kanpur_industrial,2026-07-24,26.375,80.325,0.0001112339023189,0.0088028815364319,45.0,157.7
kanpur_industrial,2026-07-24,26.375,80.375,9.12347791183391e-05,0.0137552173982785,38.3,151.0
kanpur_industrial,2026-07-24,26.375,80.425,6.56936213507404e-05,0.0237029693058285,30.5,143.2
kanpur_industrial,2026-07-24,26.375,80.475,2.5598388739561853e-05,0.0529343869974705,20.7,133.4
kanpur_industrial,2026-07-24,26.375,80.525,-4.671556328811641e-05,0.1261086289912349,6.8,119.5
kanpur_industrial,2026-07-24,26.425,80.175,0.0001669734328838,0.0287910052419186,69.7,182.4
kanpur_industrial,2026-07-24,26.425,80.225,0.000134396383286,0.0505767160850862,61.4,174.1
kanpur_industrial,2026-07-24,26.425,80.275,5.3236272957388906e-05,0.0979258456905728,39.4,152.1
kanpur_industrial,2026-07-24,26.425,80.325,0.0001085591042235,0.0122259361528307,44.6,157.3
kanpur_industrial,2026-07-24,26.425,80.375,9.138700891458746e-05,0.0137174876767666,38.4,151.1
kanpur_industrial,2026-07-24,26.425,80.425,6.544099478868736e-05,0.0238154091967381,30.5,143.2
kanpur_industrial,2026-07-24,26.425,80.475,2.6085351379478884e-05,0.0524416311591287,20.8,133.5
kanpur_industrial,2026-07-24,26.425,80.525,-4.671556328811641e-05,0.1261086289912349,6.8,119.5
kanpur_industrial,2026-07-24,26.425,80.55,-4.671556328811641e-05,0.1261086289912349,6.8,119.5
kanpur_industrial,2026-07-24,26.475,80.175,0.0001273298185726,0.0577224048652447,60.0,172.7
kanpur_industrial,2026-07-24,26.475,80.225,0.0001078603664491,0.0871847809535397,58.0,170.7
kanpur_industrial,2026-07-24,26.475,80.275,7.525393174321963e-05,0.1490896534904415,57.0,169.7
kanpur_industrial,2026-07-24,26.525,80.175,0.0001060203934018,0.0765738499267555,55.4,168.1
kanpur_industrial,2026-07-24,26.525,80.225,0.0001014605020916,0.1260150235711128,62.7,175.4
kanpur_industrial,2026-07-24,26.525,80.275,0.0001141437043979,0.1933990830405342,79.8,192.5
kanpur_industrial,2026-07-24,26.575,80.175,0.0001491145539671,0.0763432703198824,71.6,184.3
kanpur_industrial,2026-07-24,26.575,80.225,0.000133714365921,0.175022389469483,83.8,196.5
kanpur_industrial,2026-07-24,26.575,80.275,0.0001084399490163,0.2515813137245872,88.3,201.0
kanpur_industrial,2026-07-24,26.575,80.325,0.0001084399490163,0.2515813137245872,88.3,201.0
kanpur_industrial,2026-07-25,26.325,80.325,8.275293171998514e-05,0.2064148462862367,70.3,183.0
kanpur_industrial,2026-07-25,26.325,80.375,0.0001152273792313,0.0539646656957481,54.7,167.4
kanpur_industrial,2026-07-25,26.325,80.425,0.0001934884337822,0.0261514970951216,79.2,191.9
kanpur_industrial,2026-07-25,26.325,80.475,0.0002262643373672,0.0925400180625942,103.7,216.4
kanpur_industrial,2026-07-25,26.325,80.525,7.938448529451886e-05,0.2297376401306275,73.3,186.0
kanpur_industrial,2026-07-25,26.325,80.55,7.938448529451886e-05,0.2297376401306275,73.3,186.0
kanpur_industrial,2026-07-25,26.425,80.175,-5.097288902484588e-06,0.294605510496904,53.3,166.0
kanpur_industrial,2026-07-25,26.425,80.475,9.530259709333946e-05,0.2711019558974191,86.9,199.6
kanpur_industrial,2026-07-25,26.425,80.525,9.530259709333946e-05,0.2711019558974191,86.9,199.6
kanpur_industrial,2026-07-25,26.425,80.55,9.530259709333946e-05,0.2711019558974191,86.9,199.6
kanpur_industrial,2026-07-25,26.475,80.175,-5.097288902484588e-06,0.294605510496904,53.3,166.0
kanpur_industrial,2026-07-25,26.475,80.475,9.530259709333946e-05,0.2711019558974191,86.9,199.6
kanpur_industrial,2026-07-25,26.475,80.525,9.530259709333946e-05,0.2711019558974191,86.9,199.6
kanpur_industrial,2026-07-25,26.475,80.55,9.530259709333946e-05,0.2711019558974191,86.9,199.6
kanpur_industrial,2026-07-25,26.525,80.175,0.0002018912789994,0.1654767854566803,107.8,220.5
kanpur_industrial,2026-07-25,26.525,80.225,0.0001462843211553,0.185490999687521,90.5,203.2
kanpur_industrial,2026-07-25,26.525,80.275,-2.053655237671413e-05,0.245533642380043,38.5,151.2
kanpur_industrial,2026-07-25,26.575,80.175,0.0002012139206352,0.1649848813137072,107.5,220.2
kanpur_industrial,2026-07-25,26.575,80.225,0.0001469886697577,0.1844925913869897,90.6,203.3
kanpur_industrial,2026-07-25,26.575,80.275,-2.06615478851488e-05,0.2456240112719083,38.5,151.2
kanpur_industrial,2026-07-25,26.575,80.325,-2.053655237671413e-05,0.245533642380043,38.5,151.2
kanpur_industrial,2026-07-26,26.325,80.175,0.000153324087769,0.0094105511951084,61.0,173.7
kanpur_industrial,2026-07-26,26.325,80.225,0.0001259433400272,0.0379995856582958,55.9,168.6
kanpur_industrial,2026-07-26,26.325,80.275,0.0002119274439568,0.1135801365065252,102.1,214.8
kanpur_industrial,2026-07-26,26.325,80.325,0.0001144104110981,0.2645577778431305,92.9,205.6
kanpur_industrial,2026-07-26,26.325,80.375,0.0001001363624816,0.28631814706259,91.5,204.2
kanpur_industrial,2026-07-26,26.325,80.425,0.0001602520163601,0.271452796372196,111.5,224.2
kanpur_industrial,2026-07-26,26.325,80.475,0.0001001791133755,0.2663768756991452,87.9,200.6
kanpur_industrial,2026-07-26,26.325,80.525,8.925676737832792e-05,0.2654539810313178,83.6,196.3
kanpur_industrial,2026-07-26,26.325,80.55,8.925676737832792e-05,0.2654539810313178,83.6,196.3
kanpur_industrial,2026-07-26,26.375,80.175,0.0001754631438987,0.047453944030339,76.3,189.0
kanpur_industrial,2026-07-26,26.375,80.225,0.0001505095829522,0.0976468183658194,76.0,188.7
kanpur_industrial,2026-07-26,26.375,80.275,0.0001590986798959,0.1431688868979819,87.6,200.3
kanpur_industrial,2026-07-26,26.375,80.325,0.0001005025880556,0.2854290212230583,91.5,204.2
kanpur_industrial,2026-07-26,26.375,80.375,0.0001001363624816,0.28631814706259,91.5,204.2
kanpur_industrial,2026-07-26,26.375,80.425,0.0001602520163601,0.271452796372196,111.5,224.2
kanpur_industrial,2026-07-26,26.375,80.475,0.0001602520163601,0.271452796372196,111.5,224.2
kanpur_industrial,2026-07-26,26.425,80.175,0.0001751326564085,0.0478718465833907,76.2,188.9
kanpur_industrial,2026-07-26,26.425,80.225,0.0001504407497185,0.0972820033913567,75.9,188.6
kanpur_industrial,2026-07-26,26.425,80.275,0.0001590986798959,0.1431688868979819,87.6,200.3
kanpur_industrial,2026-07-26,26.425,80.325,0.000211031898663,0.241414953555406,125.1,237.8
kanpur_industrial,2026-07-26,26.425,80.375,0.0002552932693987,0.229696786765915,139.7,252.4
kanpur_industrial,2026-07-26,26.425,80.425,0.0002238992815284,0.2252215132622511,127.0,239.7
kanpur_industrial,2026-07-26,26.425,80.475,0.0001727516222383,0.2281611780670626,108.3,221.0
kanpur_industrial,2026-07-26,26.425,80.525,0.0001456404622221,0.2380994517465718,99.9,212.6
kanpur_industrial,2026-07-26,26.425,80.55,0.0001456404622221,0.2380994517465718,99.9,212.6
kanpur_industrial,2026-07-26,26.475,80.175,0.0002185154304336,0.2712108899557919,133.4,246.1
kanpur_industrial,2026-07-26,26.475,80.225,0.0002106137756341,0.2680177974110477,129.8,242.5
kanpur_industrial,2026-07-26,26.475,80.275,0.0001865325419593,0.2582864677508747,119.0,231.7
kanpur_industrial,2026-07-26,26.475,80.325,0.0002714260099374,0.2006594983439812,140.5,253.2
kanpur_industrial,2026-07-26,26.475,80.375,0.0002950375510733,0.1996817199279622,149.2,261.9
kanpur_industrial,2026-07-26,26.475,80.425,0.0002333083277749,0.2182037918775067,129.3,242.0
kanpur_industrial,2026-07-26,26.475,80.475,0.0001575255289116,0.2305495640425268,103.0,215.7
kanpur_industrial,2026-07-26,26.475,80.525,0.0001615133848606,0.1986021516508087,98.6,211.3
kanpur_industrial,2026-07-26,26.475,80.55,0.0001604982560872,0.2011281417732121,98.7,211.4
kanpur_industrial,2026-07-26,26.525,80.175,0.0002185154304336,0.2712108899557919,133.4,246.1
kanpur_industrial,2026-07-26,26.525,80.225,0.0002105880478203,0.2680074006913253,129.8,242.5
kanpur_industrial,2026-07-26,26.525,80.275,0.0001865325419593,0.2582864677508747,119.0,231.7
kanpur_industrial,2026-07-26,26.525,80.325,0.0002698308790869,0.1858542143177869,137.2,249.9
kanpur_industrial,2026-07-26,26.525,80.375,0.0002818527562998,0.2007069740528611,144.4,257.1
kanpur_industrial,2026-07-26,26.525,80.425,0.0002248079738949,0.2281036845517429,127.9,240.6
kanpur_industrial,2026-07-26,26.525,80.475,0.0001413219277884,0.2440028402816104,99.3,212.0
kanpur_industrial,2026-07-26,26.525,80.525,0.0001645335663508,0.1991443981294124,99.9,212.6
kanpur_industrial,2026-07-26,26.525,80.55,0.0001555558242724,0.2281681747437066,101.8,214.5
kanpur_industrial,2026-07-26,26.575,80.175,0.000323373262246,0.2762869543206555,173.9,286.6
kanpur_industrial,2026-07-26,26.575,80.225,0.000323373262246,0.2762869543206555,173.9,286.6
kanpur_industrial,2026-07-26,26.575,80.275,0.0001931122271551,0.2056951618427788,111.9,224.6
kanpur_industrial,2026-07-26,26.575,80.325,0.000194399705459,0.2131053601675146,113.7,226.4
kanpur_industrial,2026-07-26,26.575,80.375,0.0001784573925956,0.2653782858789136,117.2,229.9
kanpur_industrial,2026-07-26,26.575,80.425,0.0001727283959935,0.2839254367829371,118.5,231.2
kanpur_industrial,2026-07-26,26.575,80.475,0.0001357555985925,0.2921795176875607,106.0,218.7
kanpur_industrial,2026-07-26,26.575,80.525,0.0001357555985925,0.2921795176875607,106.0,218.7
kanpur_industrial,2026-07-26,26.575,80.55,0.0001357555985925,0.2921795176875607,106.0,218.7
kanpur_industrial,2026-07-28,26.325,80.175,0.00015332468117,0.1298305171360795,83.0,195.7
kanpur_industrial,2026-07-28,26.325,80.225,0.0001141965845737,0.1532925495194115,72.5,185.2
kanpur_industrial,2026-07-28,26.325,80.275,0.0001991429485045,0.1837450718838293,110.1,222.8
kanpur_industrial,2026-07-28,26.325,80.325,0.0001068933814219,0.154067717627746,69.9,182.6
kanpur_industrial,2026-07-28,26.325,80.375,0.0001062757888648,0.1645465939956539,71.6,184.3
kanpur_industrial,2026-07-28,26.325,80.425,0.0001001075040572,0.2012913294299585,76.0,188.7
kanpur_industrial,2026-07-28,26.325,80.475,0.0001099140051352,0.2446752283443814,87.6,200.3
kanpur_industrial,2026-07-28,26.325,80.525,0.0001721068838378,0.2733045816421977,116.3,229.0
kanpur_industrial,2026-07-28,26.325,80.55,0.0001721068838378,0.2733045816421977,116.3,229.0
kanpur_industrial,2026-07-28,26.375,80.175,0.0001929262359234,0.2068040928907062,112.0,224.7
kanpur_industrial,2026-07-28,26.375,80.225,0.0002664645306276,0.235756080509327,145.0,257.7
kanpur_industrial,2026-07-28,26.375,80.275,0.0002717908685757,0.2128960146794673,142.9,255.6
kanpur_industrial,2026-07-28,26.375,80.325,0.0001729849758797,0.2342802383063528,109.5,222.2
kanpur_industrial,2026-07-28,26.375,80.375,0.0001295956398416,0.2104723760777812,88.8,201.5
kanpur_industrial,2026-07-28,26.375,80.425,0.0001189343062047,0.1935007350527433,81.6,194.3
kanpur_industrial,2026-07-28,26.375,80.475,0.0001243070334481,0.184503799258973,82.0,194.7
kanpur_industrial,2026-07-28,26.425,80.175,0.0002049850612795,0.2232881022569971,119.6,232.3
kanpur_industrial,2026-07-28,26.425,80.225,0.0002295651857318,0.2581058060320612,135.2,247.9
kanpur_industrial,2026-07-28,26.425,80.275,0.0002027365953453,0.2425394841617878,122.2,234.9
kanpur_industrial,2026-07-28,26.425,80.325,0.000172732907284,0.2348794258293225,109.5,222.2
kanpur_industrial,2026-07-28,26.425,80.375,0.0001299251606368,0.2106568253353023,88.9,201.6
kanpur_industrial,2026-07-28,26.425,80.425,8.010577880111391e-05,0.2577502833134188,78.7,191.4
kanpur_industrial,2026-07-28,26.425,80.475,7.235638323082062e-05,0.2705516009993101,78.1,190.8
kanpur_industrial,2026-07-28,26.475,80.175,0.0001780931594829,0.2115902881736329,107.3,220.0
kanpur_industrial,2026-07-28,26.475,80.225,0.0001790108104799,0.229484558854409,110.9,223.6
kanpur_industrial,2026-07-28,26.475,80.275,0.0001519118139617,0.2114947286507252,97.4,210.1
kanpur_industrial,2026-07-28,26.475,80.425,5.871277812325039e-05,0.2931500135775804,77.1,189.8
kanpur_industrial,2026-07-28,26.475,80.475,5.871277812325039e-05,0.2931500135775804,77.1,189.8
kanpur_industrial,2026-07-28,26.525,80.175,0.0001475510253755,0.1969418985068251,93.1,205.8
kanpur_industrial,2026-07-28,26.525,80.225,0.0001271352136414,0.1982477144554607,85.6,198.3
kanpur_industrial,2026-07-28,26.525,80.275,0.000112433921905,0.1799624319234448,76.7,189.4
kanpur_industrial,2026-07-28,26.525,80.325,0.000178860347446,0.2261266693527662,110.2,222.9
kanpur_industrial,2026-07-28,26.525,80.375,0.0001846990880062,0.219366091464155,111.2,223.9
kanpur_industrial,2026-07-28,26.525,80.425,0.0001886400188962,0.2132280123804384,111.5,224.2
kanpur_industrial,2026-07-28,26.525,80.475,0.0001849241164584,0.2104754547128627,109.6,222.3
kanpur_industrial,2026-07-28,26.525,80.525,0.0001628847733382,0.2158581204543176,102.3,215.0
kanpur_industrial,2026-07-28,26.525,80.55,0.0001628847733382,0.2158581204543176,102.3,215.0
kanpur_industrial,2026-07-28,26.575,80.175,0.0001374205304175,0.1951996228424817,88.9,201.6
kanpur_industrial,2026-07-28,26.575,80.225,8.469726733871896e-05,0.1937968889188192,68.8,181.5
kanpur_industrial,2026-07-28,26.575,80.275,8.381876958063587e-05,0.1864689095459676,67.1,179.8
kanpur_industrial,2026-07-28,26.575,80.325,0.000176917442014,0.2256095012688832,109.4,222.1
kanpur_industrial,2026-07-28,26.575,80.375,0.0001840594794044,0.2192063529927416,110.9,223.6
kanpur_industrial,2026-07-28,26.575,80.425,0.000188423044865,0.2130326371661052,111.4,224.1
kanpur_industrial,2026-07-28,26.575,80.475,0.0001850066076173,0.2102906254043336,109.6,222.3
kanpur_industrial,2026-07-28,26.575,80.525,0.000163559473862,0.215553955206009,102.5,215.2
kanpur_industrial,2026-07-28,26.575,80.55,0.0001898727942905,0.2036915105219723,110.3,223.0
kanpur_industrial,2026-07-29,26.325,80.325,3.669362675705001e-05,0.256384009912935,62.1,174.8
kanpur_industrial,2026-07-29,26.325,80.375,2.3006220046688823e-05,0.2597599533349198,57.5,170.2
kanpur_industrial,2026-07-29,26.325,80.425,7.810148945745053e-05,0.2716148808324522,80.5,193.2
kanpur_industrial,2026-07-29,26.325,80.475,8.012850305787253e-05,0.2657014651790766,80.2,192.9
kanpur_industrial,2026-07-29,26.325,80.525,7.247573375935976e-05,0.2401920258999282,72.6,185.3
kanpur_industrial,2026-07-29,26.325,80.55,7.247573375935976e-05,0.2401920258999282,72.6,185.3
kanpur_industrial,2026-07-29,26.375,80.325,3.669362675705001e-05,0.256384009912935,62.1,174.8
kanpur_industrial,2026-07-29,26.375,80.375,2.264915726294027e-05,0.259848021424189,57.4,170.1
kanpur_industrial,2026-07-29,26.375,80.425,9.559053795402268e-05,0.2785105212341756,88.4,201.1
kanpur_industrial,2026-07-29,26.375,80.475,0.000180746116781,0.2974925472674067,124.0,236.7
kanpur_industrial,2026-07-29,26.425,80.175,0.0002269719836876,0.2720233770908419,136.8,249.5
kanpur_industrial,2026-07-29,26.425,80.225,0.0002299613180948,0.2732087904841913,138.1,250.8
kanpur_industrial,2026-07-29,26.425,80.275,0.0002392186117431,0.2768797480894026,142.3,255.0
kanpur_industrial,2026-07-29,26.425,80.325,0.0001353944411628,0.1947456166797432,88.1,200.8
kanpur_industrial,2026-07-29,26.425,80.375,0.0001383344006591,0.1781615640959056,86.2,198.9
kanpur_industrial,2026-07-29,26.425,80.425,0.000178679370189,0.1848906317990228,102.6,215.3
kanpur_industrial,2026-07-29,26.425,80.475,0.000202988578353,0.204395935292368,115.3,228.0
kanpur_industrial,2026-07-29,26.425,80.525,0.0001212924627461,0.2308704880657762,89.4,202.1
kanpur_industrial,2026-07-29,26.425,80.55,0.0001212924627461,0.2308704880657762,89.4,202.1
kanpur_industrial,2026-07-29,26.475,80.175,0.0001838717384876,0.2218398332752845,111.3,224.0
kanpur_industrial,2026-07-29,26.475,80.225,0.0001602666819794,0.209472405013883,100.2,212.9
kanpur_industrial,2026-07-29,26.475,80.275,0.0001661383275102,0.2077939309393374,102.1,214.8
kanpur_industrial,2026-07-29,26.475,80.325,0.0001598528975336,0.1270885331428358,84.9,197.6
kanpur_industrial,2026-07-29,26.475,80.375,0.0001618535643015,0.1122461734622655,83.0,195.7
kanpur_industrial,2026-07-29,26.475,80.425,0.0001956910058261,0.1238936696858919,97.9,210.6
kanpur_industrial,2026-07-29,26.475,80.475,0.0002139444530222,0.1619993979874132,111.7,224.4
kanpur_industrial,2026-07-29,26.475,80.525,0.0001477699311662,0.2325730420540186,99.7,212.4
kanpur_industrial,2026-07-29,26.475,80.55,0.0001460766046975,0.2324641577873286,99.0,211.7
kanpur_industrial,2026-07-29,26.525,80.175,0.0001674244833505,0.2013703421545664,101.4,214.1
kanpur_industrial,2026-07-29,26.525,80.225,0.0001183786543635,0.1545953813293172,74.3,187.0
kanpur_industrial,2026-07-29,26.525,80.275,0.0001183768529261,0.1409726781765981,71.8,184.5
kanpur_industrial,2026-07-29,26.525,80.325,0.0001515614909763,0.087503680371384,74.6,187.3
kanpur_industrial,2026-07-29,26.525,80.375,0.0001457957902783,0.0844989616704792,71.9,184.6
kanpur_industrial,2026-07-29,26.525,80.425,0.0001784405485715,0.0968370092591931,86.4,199.1
kanpur_industrial,2026-07-29,26.525,80.475,0.0002186678907664,0.1422148602118412,109.9,222.6
kanpur_industrial,2026-07-29,26.525,80.525,0.000170860746649,0.2340578275088811,108.6,221.3
kanpur_industrial,2026-07-29,26.525,80.55,0.000170860746649,0.2340578275088811,108.6,221.3
kanpur_industrial,2026-07-29,26.575,80.175,0.0001752634529751,0.2075809861594658,105.5,218.2
kanpur_industrial,2026-07-29,26.575,80.225,0.0001680661336012,0.1562200295558477,93.4,206.1
kanpur_industrial,2026-07-29,26.575,80.275,0.0001604752991892,0.1233004606790875,84.5,197.2
kanpur_industrial,2026-07-29,26.575,80.325,0.0001313001269578,0.1005197025281387,69.3,182.0
kanpur_industrial,2026-07-29,26.575,80.375,0.0001181577087034,0.1164278079830659,67.3,180.0
kanpur_industrial,2026-07-29,26.575,80.425,0.0001134456656122,0.1220912951016916,66.5,179.2
kanpur_industrial,2026-07-30,26.325,80.475,0.0001314045157707,0.1778066848589616,83.5,196.2
kanpur_industrial,2026-07-30,26.325,80.525,0.0001317953994679,0.1761745380890363,83.3,196.0
kanpur_industrial,2026-07-30,26.325,80.55,0.0001444813521858,0.1232039565560036,78.4,191.1
kanpur_industrial,2026-07-30,26.375,80.475,0.0001583754908769,0.0651885577341107,73.1,185.8
kanpur_industrial,2026-07-30,26.375,80.525,0.0001583754908769,0.0651885577341107,73.1,185.8
kanpur_industrial,2026-07-30,26.425,80.475,9.629389868544692e-05,0.0414643124713881,45.3,158.0
kanpur_industrial,2026-07-30,26.425,80.525,9.677891112444273e-05,0.0416496581375031,45.5,158.2
kanpur_industrial,2026-07-30,26.425,80.55,0.0001195744957572,0.0503609044449091,55.7,168.4
kanpur_industrial,2026-07-30,26.475,80.475,0.0001536458693534,0.016721529955627,62.4,175.1
kanpur_industrial,2026-07-30,26.475,80.525,0.0001542996587207,0.0165527567495531,62.7,175.4
kanpur_industrial,2026-07-30,26.475,80.55,0.0001495974044247,0.0177666255778537,61.1,173.8
kanpur_industrial,2026-07-30,26.525,80.475,0.0001847525299947,0.0583151939197602,81.8,194.5
kanpur_industrial,2026-07-30,26.525,80.525,0.0001836604440207,0.0602067150475923,81.7,194.4
kanpur_industrial,2026-07-30,26.525,80.55,0.0001548247271349,0.110150921848436,80.0,192.7
kanpur_industrial,2026-07-30,26.575,80.475,9.122814605799822e-05,0.220301843696872,76.1,188.8
kanpur_industrial,2026-07-30,26.575,80.525,9.117384558443716e-05,0.2206932315230629,76.1,188.8
kanpur_industrial,2026-07-30,26.575,80.55,8.905612711555583e-05,0.2359573567445032,78.1,190.8
kanpur_industrial,2026-07-31,26.325,80.175,0.0001654751902487,0.1883411075858508,98.3,211.0
kanpur_industrial,2026-07-31,26.325,80.225,0.0001982795804495,0.1881916415974817,110.6,223.3
kanpur_industrial,2026-07-31,26.325,80.275,8.909164619572771e-05,0.1489147558318994,62.2,174.9
kanpur_industrial,2026-07-31,26.325,80.325,0.0001192748048271,0.0958527747163886,63.9,176.6
kanpur_industrial,2026-07-31,26.325,80.375,0.0001553729646198,0.0440462969837817,68.1,180.8
kanpur_industrial,2026-07-31,26.325,80.425,0.0001039361016282,0.1482529982791457,67.7,180.4
kanpur_industrial,2026-07-31,26.325,80.475,3.364056060964337e-05,0.2824137709928273,65.7,178.4
kanpur_industrial,2026-07-31,26.575,80.275,0.0001065566448795,0.0626343341398625,53.1,165.8
kanpur_industrial,2026-07-31,26.575,80.325,6.286126814517517e-05,0.1878059739277025,59.4,172.1
kanpur_industrial,2026-07-31,26.575,80.425,0.0001638464150377,0.2977761093178344,117.6,230.3
kanpur_industrial,2026-07-31,26.575,80.475,0.0001638464150377,0.2977761093178344,117.6,230.3
kanpur_industrial,2026-08-01,26.325,80.175,0.0002103236265792,0.1658253087532166,111.1,223.8
kanpur_industrial,2026-08-01,26.325,80.225,0.0002455608304517,0.1392408205336113,119.5,232.2
kanpur_industrial,2026-08-01,26.325,80.275,0.0001863353258827,0.1113219026638955,92.1,204.8
kanpur_industrial,2026-08-01,26.325,80.325,0.0002411114333642,0.0276167220202023,97.4,210.1
kanpur_industrial,2026-08-01,26.325,80.375,0.0001481960733828,0.0383267765980581,64.3,177.0
kanpur_industrial,2026-08-01,26.325,80.425,0.0001101356686119,0.1067622491887256,62.5,175.2
kanpur_industrial,2026-08-01,26.325,80.475,0.0001129080762767,0.1607012033019495,73.4,186.1
kanpur_industrial,2026-08-01,26.325,80.525,0.0001431092216445,0.1083006408221735,75.2,187.9
kanpur_industrial,2026-08-01,26.325,80.55,0.0001649862890784,0.1287966167125384,87.2,199.9
kanpur_industrial,2026-08-01,26.375,80.175,0.0001952609011558,0.1218877008222301,97.4,210.1
kanpur_industrial,2026-08-01,26.375,80.225,0.0001459710762446,0.2042821492357763,93.8,206.5
kanpur_industrial,2026-08-01,26.375,80.275,0.0001401147824118,0.2535216884487063,100.6,213.3
kanpur_industrial,2026-08-01,26.375,80.325,0.0001401147824118,0.2535216884487063,100.6,213.3
kanpur_industrial,2026-08-01,26.375,80.425,0.0001187113660077,0.2208355209878628,86.5,199.2
kanpur_industrial,2026-08-01,26.375,80.475,0.0001339799574722,0.2057070577963161,89.5,202.2
kanpur_industrial,2026-08-01,26.375,80.525,0.0001889468867441,0.1512445903067476,100.3,213.0
kanpur_industrial,2026-08-01,26.425,80.175,0.0001852745244125,0.2179887760655798,111.1,223.8
kanpur_industrial,2026-08-01,26.425,80.225,0.0001460180087272,0.2038875423600404,93.8,206.5
kanpur_industrial,2026-08-01,26.425,80.275,0.0001401147824118,0.2535216884487063,100.6,213.3
kanpur_industrial,2026-08-01,26.425,80.425,0.0001283239553754,0.156097845129573,78.3,191.0
kanpur_industrial,2026-08-01,26.425,80.475,0.0001417720854625,0.1422229480425189,80.9,193.6
kanpur_industrial,2026-08-01,26.425,80.525,0.0001896854478815,0.0938614391487387,90.1,202.8
kanpur_industrial,2026-08-01,26.425,80.55,0.0001894121221062,0.1150977234355609,93.9,206.6
kanpur_industrial,2026-08-01,26.475,80.175,0.0001803385158712,0.2679156152861826,118.4,231.1
kanpur_industrial,2026-08-01,26.475,80.375,0.0001345010178947,0.2251731747470793,93.3,206.0
kanpur_industrial,2026-08-01,26.475,80.425,0.0001510854080899,0.1752623023602117,90.4,203.1
kanpur_industrial,2026-08-01,26.475,80.475,0.0001667396803983,0.1377708314393767,89.5,202.2
kanpur_industrial,2026-08-01,26.475,80.525,0.0001889765926516,0.1072153686116352,92.3,205.0
kanpur_industrial,2026-08-01,26.475,80.55,0.0001890341997038,0.1054077544690778,92.0,204.7
kanpur_industrial,2026-08-01,26.525,80.225,0.0002725232629739,0.1837860731938291,137.8,250.5
kanpur_industrial,2026-08-01,26.525,80.275,0.0002725232629739,0.1837860731938291,137.8,250.5
kanpur_industrial,2026-08-01,26.525,80.325,0.0001630910189566,0.1177939375158609,84.5,197.2
kanpur_industrial,2026-08-01,26.525,80.375,0.0001630820972525,0.1724021564168787,94.4,207.1
kanpur_industrial,2026-08-01,26.525,80.425,0.0001658556169238,0.1471087308788498,90.9,203.6
kanpur_industrial,2026-08-01,26.525,80.475,0.0001724851162994,0.1160443670107064,87.7,200.4
kanpur_industrial,2026-08-01,26.525,80.525,0.0001855687934617,0.1208754937828919,93.5,206.2
kanpur_industrial,2026-08-01,26.525,80.55,0.0001833935191564,0.1117594872245403,91.0,203.7
kanpur_industrial,2026-08-01,26.575,80.175,0.0002709032344542,0.1729205341059637,135.2,247.9
kanpur_industrial,2026-08-01,26.575,80.225,0.0002724442371924,0.1832560468968601,137.7,250.4
kanpur_industrial,2026-08-01,26.575,80.275,0.0002726565691621,0.182485097298128,137.6,250.3
kanpur_industrial,2026-08-01,26.575,80.325,0.0001639987697008,0.1172109605468825,84.7,197.4
kanpur_industrial,2026-08-01,26.575,80.375,0.0002189105541343,0.0669409365839222,96.2,208.9
kanpur_industrial,2026-08-01,26.575,80.425,0.0001828615563222,0.0321911633532527,76.3,189.0
kanpur_industrial,2026-08-01,26.575,80.475,0.0001330431960892,0.0302417945721322,57.1,169.8
kanpur_industrial,2026-08-01,26.575,80.525,0.000177203783898,0.0919868052571965,85.1,197.8
kanpur_industrial,2026-08-01,26.575,80.55,0.0001229074973547,0.1049536493511885,67.0,179.7
kanpur_industrial,2026-08-10,26.325,80.425,0.0001430480496709,0.2533053584065051,101.7,214.4
kanpur_industrial,2026-08-10,26.325,80.475,0.0001426366855802,0.2532935565561436,101.5,214.2
kanpur_industrial,2026-08-10,26.325,80.525,9.327299470320131e-05,0.251877334512756,82.6,195.3
kanpur_industrial,2026-08-10,26.325,80.55,9.327299470320131e-05,0.251877334512756,82.6,195.3
kanpur_industrial,2026-08-10,26.375,80.475,9.327299470320131e-05,0.251877334512756,82.6,195.3
kanpur_industrial,2026-08-10,26.375,80.525,9.327299470320131e-05,0.251877334512756,82.6,195.3
kanpur_industrial,2026-08-10,26.425,80.225,0.0001498700286318,0.275536281952741,108.3,221.0
kanpur_industrial,2026-08-10,26.425,80.275,0.0001498700286318,0.275536281952741,108.3,221.0
kanpur_industrial,2026-08-10,26.425,80.325,9.468424625087424e-05,0.2148146857134591,76.4,189.1
kanpur_industrial,2026-08-10,26.425,80.375,0.0001251171132509,0.2239609938618775,89.5,202.2
kanpur_industrial,2026-08-10,26.425,80.425,0.0001211113136083,0.1990013051785676,83.5,196.2
kanpur_industrial,2026-08-10,26.425,80.475,0.0001234262652874,0.1635699924539128,77.9,190.6
kanpur_industrial,2026-08-10,26.425,80.525,0.0001768955325922,0.1527430842751721,96.1,208.8
kanpur_industrial,2026-08-10,26.425,80.55,0.0001459486091214,0.1894305627095535,91.1,203.8
kanpur_industrial,2026-08-10,26.475,80.175,0.0001455554704148,0.162634459077237,86.0,198.7
kanpur_industrial,2026-08-10,26.475,80.225,0.0001401568397332,0.196493880585721,90.2,202.9
kanpur_industrial,2026-08-10,26.475,80.275,0.0001314458645271,0.25224555193136,97.1,209.8
kanpur_industrial,2026-08-10,26.475,80.325,0.0001122249166644,0.2596582933845834,91.2,203.9
kanpur_industrial,2026-08-10,26.475,80.375,0.0001175467215238,0.2586846576037139,93.0,205.7
kanpur_industrial,2026-08-10,26.475,80.425,9.965484008370143e-05,0.2259224478272463,80.3,193.0
kanpur_industrial,2026-08-10,26.475,80.475,9.13928576927823e-05,0.1832337305562881,69.4,182.1
kanpur_industrial,2026-08-10,26.475,80.525,0.0001404062751946,0.158218252800196,83.3,196.0
kanpur_industrial,2026-08-10,26.475,80.55,0.0001441295160771,0.1562207000046594,84.3,197.0
kanpur_industrial,2026-08-10,26.525,80.175,0.0001865074160844,0.126684798387698,94.9,207.6
kanpur_industrial,2026-08-10,26.525,80.225,0.0001633669430915,0.1697030827694223,94.1,206.8
kanpur_industrial,2026-08-10,26.525,80.275,0.0001217177590351,0.2279001432168464,89.0,201.7
kanpur_industrial,2026-08-10,26.525,80.325,0.0001088061030164,0.2807427810432065,93.7,206.4
kanpur_industrial,2026-08-10,26.525,80.375,0.0001064623975319,0.2844856865856735,93.5,206.2
kanpur_industrial,2026-08-10,26.525,80.425,8.117973193658423e-05,0.2497972591693772,77.7,190.4
kanpur_industrial,2026-08-10,26.525,80.475,6.238619584393135e-05,0.2045312421244402,62.3,175.0
kanpur_industrial,2026-08-10,26.525,80.525,8.96348086146123e-05,0.1854576091029676,69.1,181.8
kanpur_industrial,2026-08-10,26.525,80.55,8.96348086146123e-05,0.1854576091029676,69.1,181.8
kanpur_industrial,2026-08-10,26.575,80.175,0.0002422484657838,0.0770626234545174,106.9,219.6
kanpur_industrial,2026-08-10,26.575,80.225,0.0002308601997821,0.1425203591611608,114.6,227.3
kanpur_industrial,2026-08-10,26.575,80.275,0.0001390263355086,0.2175548777179124,93.6,206.3
kanpur_industrial,2026-08-10,26.575,80.325,5.903511736832013e-05,0.2322028694579754,66.1,178.8
kanpur_industrial,2026-08-10,26.575,80.375,5.8528493840113625e-05,0.232298594102547,65.9,178.6
kanpur_industrial,2026-08-11,26.325,80.175,0.000413177079926,0.2341353186445386,200.1,312.8
kanpur_industrial,2026-08-11,26.325,80.225,0.0001579684264806,0.0061573893020793,62.1,174.8
kanpur_industrial,2026-08-11,26.325,80.275,0.0001767567663025,0.0076649353346616,69.5,182.2
kanpur_industrial,2026-08-11,26.325,80.325,8.392678107180078e-05,0.2497828387482548,78.7,191.4
kanpur_industrial,2026-08-11,26.325,80.375,0.0001007515034174,0.1118232148211186,59.9,172.6
kanpur_industrial,2026-08-11,26.325,80.425,7.602605476434785e-05,0.0329035727283243,36.1,148.8
kanpur_industrial,2026-08-11,26.325,80.475,6.380802190484252e-05,0.0197726691815375,29.1,141.8
kanpur_industrial,2026-08-11,26.325,80.525,0.0001419730093749,0.0921740462737788,71.8,184.5
kanpur_industrial,2026-08-11,26.325,80.55,0.000184008437303,0.0638149821606894,82.5,195.2
kanpur_industrial,2026-08-11,26.375,80.175,0.000128218209038,0.0029824979368705,50.3,163.0
kanpur_industrial,2026-08-11,26.375,80.225,0.000159812251134,0.0063053348133514,62.9,175.6
kanpur_industrial,2026-08-11,26.375,80.275,0.0001767567663025,0.0076649353346616,69.5,182.2
kanpur_industrial,2026-08-11,26.375,80.325,9.872887956344552e-05,0.0256459373749972,43.3,156.0
kanpur_industrial,2026-08-11,26.375,80.375,5.192647584270255e-05,0.0068795509405169,22.3,135.0
kanpur_industrial,2026-08-11,26.375,80.425,6.858422730284016e-05,0.0,27.3,140.0
kanpur_industrial,2026-08-11,26.375,80.475,0.0001323156845326,0.0071206640866813,52.6,165.3
kanpur_industrial,2026-08-11,26.375,80.525,0.0002300472393196,0.0327550547987344,94.2,206.9
kanpur_industrial,2026-08-11,26.425,80.175,3.2158844696552694e-05,0.0006221872601535,13.7,126.4
kanpur_industrial,2026-08-11,26.425,80.225,5.068623124584821e-05,0.0012982280316647,20.8,133.5
kanpur_industrial,2026-08-11,26.425,80.275,0.0001500083682941,0.0015808929127739,58.3,171.0
kanpur_industrial,2026-08-11,26.425,80.325,0.000111932693596,0.0053126532190357,44.6,157.3
kanpur_industrial,2026-08-11,26.425,80.375,0.0001735628538465,0.0014489054233733,67.2,179.9
kanpur_industrial,2026-08-11,26.425,80.425,0.0002182333403405,0.0103027370839875,85.6,198.3
kanpur_industrial,2026-08-11,26.425,80.475,0.000213570058496,0.0665123755216311,94.2,206.9
kanpur_industrial,2026-08-11,26.425,80.525,0.0001109691871156,0.2253139881967667,84.4,197.1
kanpur_industrial,2026-08-11,26.425,80.55,0.0001550374426556,0.1540520207187547,88.1,200.8
kanpur_industrial,2026-08-11,26.475,80.175,5.272400327142698e-05,0.001020433241037,21.5,134.2
kanpur_industrial,2026-08-11,26.475,80.225,5.480012084957862e-05,0.0,22.1,134.8
kanpur_industrial,2026-08-11,26.475,80.275,0.0001226637109432,0.0,47.7,160.4
kanpur_industrial,2026-08-11,26.475,80.325,0.0001404189257308,0.0,54.4,167.1
kanpur_industrial,2026-08-11,26.475,80.375,0.0001852149363868,0.0,71.3,184.0
kanpur_industrial,2026-08-11,26.475,80.425,0.0002167393119687,0.0089695149565418,84.8,197.5
kanpur_industrial,2026-08-11,26.475,80.475,0.0002164162210834,0.0476767792587017,91.8,204.5
kanpur_industrial,2026-08-11,26.475,80.525,8.002764599172806e-05,0.2753489866387751,81.9,194.6
kanpur_industrial,2026-08-11,26.475,80.55,8.002764599172806e-05,0.2753489866387751,81.9,194.6
kanpur_industrial,2026-08-11,26.525,80.175,8.766637471703066e-05,0.037602728609199,41.4,154.1
kanpur_industrial,2026-08-11,26.525,80.225,8.151615668166719e-05,0.0465420706409394,40.7,153.4
kanpur_industrial,2026-08-11,26.525,80.275,9.288640031480248e-05,0.0511144388885901,45.8,158.5
kanpur_industrial,2026-08-11,26.525,80.325,0.0001594327380077,0.0572697756735081,72.0,184.7
kanpur_industrial,2026-08-11,26.525,80.375,0.0001602009844449,0.0336492272751448,68.0,180.7
kanpur_industrial,2026-08-11,26.525,80.425,0.0001781213101332,0.0414029016687134,76.2,188.9
kanpur_industrial,2026-08-11,26.525,80.475,0.0001977197788825,0.0571831325497256,86.5,199.2
kanpur_industrial,2026-08-11,26.575,80.175,7.314797522834107e-05,0.133401620476707,53.4,166.1
kanpur_industrial,2026-08-11,26.575,80.225,7.716382056608897e-05,0.1702310738548576,61.6,174.3
kanpur_industrial,2026-08-11,26.575,80.275,6.099965665521362e-05,0.187032378660523,58.6,171.3
kanpur_industrial,2026-08-11,26.575,80.325,0.0001514358972245,0.2087180811898829,96.7,209.4
kanpur_industrial,2026-08-11,26.575,80.375,0.0001398890696042,0.1266313160904977,77.3,190.0
kanpur_industrial,2026-08-11,26.575,80.425,0.0001694767934729,0.136370928720573,90.3,203.0
kanpur_industrial,2026-08-11,26.575,80.475,0.0002071692417296,0.1801243704519215,112.5,225.2
kanpur_industrial,2026-08-12,26.325,80.175,0.0002544754277859,0.0988088929188402,115.5,228.2
kanpur_industrial,2026-08-12,26.325,80.225,0.0002423453983491,0.0954746888490719,110.3,223.0
kanpur_industrial,2026-08-12,26.325,80.275,0.0001548362396776,0.0991430111204627,77.9,190.6
kanpur_industrial,2026-08-12,26.325,80.325,0.0001961320630428,0.1678620356444083,106.1,218.8
kanpur_industrial,2026-08-12,26.325,80.375,0.0001963037219115,0.1582384793402965,104.4,217.1
kanpur_industrial,2026-08-12,26.325,80.425,0.0001655212867726,0.0838630977004416,79.2,191.9
kanpur_industrial,2026-08-12,26.325,80.475,0.0001232760082101,0.0953777307659189,65.3,178.0
kanpur_industrial,2026-08-12,26.325,80.525,0.0001049747305093,0.1078736008446396,60.7,173.4
kanpur_industrial,2026-08-12,26.325,80.55,0.0001049747305093,0.1078736008446396,60.7,173.4
kanpur_industrial,2026-08-12,26.375,80.175,0.0001517577928067,0.1664493855195985,89.1,201.8
kanpur_industrial,2026-08-12,26.375,80.225,0.0001794612421827,0.11194301886217,89.6,202.3
kanpur_industrial,2026-08-12,26.375,80.275,0.0001439077810086,0.1404875004390004,81.4,194.1
kanpur_industrial,2026-08-12,26.375,80.325,0.0002172308983425,0.0700028567907558,96.2,208.9
kanpur_industrial,2026-08-12,26.375,80.375,0.0002009994370334,0.0748589731679536,90.9,203.6
kanpur_industrial,2026-08-12,26.375,80.425,0.0001621130201976,0.0846832705745596,78.1,190.8
kanpur_industrial,2026-08-12,26.375,80.475,0.0001216845927579,0.0964643281640685,64.9,177.6
kanpur_industrial,2026-08-12,26.375,80.525,0.0001049747305093,0.1078736008446396,60.7,173.4
kanpur_industrial,2026-08-12,26.425,80.175,0.0001522269744139,0.1656890405536065,89.1,201.8
kanpur_industrial,2026-08-12,26.425,80.225,0.0001797461684932,0.1117142626862475,89.6,202.3
kanpur_industrial,2026-08-12,26.425,80.275,0.0001439077810086,0.1404875004390004,81.4,194.1
kanpur_industrial,2026-08-12,26.425,80.325,0.0002176891678258,0.0695623277679542,96.3,209.0
kanpur_industrial,2026-08-12,26.425,80.375,0.0002123350231544,0.1506231830972979,109.1,221.8
kanpur_industrial,2026-08-12,26.425,80.425,0.000240956608471,0.1294485844058845,116.0,228.7
kanpur_industrial,2026-08-12,26.425,80.475,0.0002640413646936,0.0972328540139347,118.8,231.5
kanpur_industrial,2026-08-12,26.425,80.525,0.0002306097566528,0.0892832431011478,104.7,217.4
kanpur_industrial,2026-08-12,26.425,80.55,0.000184114904458,0.0961631392739361,88.5,201.2
kanpur_industrial,2026-08-12,26.475,80.325,0.000299827912189,0.268840548092489,163.7,276.4
kanpur_industrial,2026-08-12,26.475,80.375,0.0002274547346251,0.1773914036307529,119.6,232.3
kanpur_industrial,2026-08-12,26.475,80.425,0.0002362584529988,0.126502762323846,113.7,226.4
kanpur_industrial,2026-08-12,26.475,80.475,0.0002588327540532,0.0812375527166982,113.9,226.6
kanpur_industrial,2026-08-12,26.475,80.525,0.000251959187292,0.0496898756497037,105.6,218.3
kanpur_industrial,2026-08-12,26.475,80.55,0.000252681598933,0.0519130781066154,106.2,218.9
kanpur_industrial,2026-08-12,26.525,80.175,0.0002197916015918,0.2933970210908235,137.9,250.6
kanpur_industrial,2026-08-12,26.525,80.225,0.0002138737897138,0.2380689214328174,125.6,238.3
kanpur_industrial,2026-08-12,26.525,80.275,0.0001961203540798,0.0720846224587993,88.6,201.3
kanpur_industrial,2026-08-12,26.525,80.325,0.0002660450180621,0.1950616010834526,137.4,250.1
kanpur_industrial,2026-08-12,26.525,80.375,0.0002319417189456,0.1303088506743208,112.7,225.4
kanpur_industrial,2026-08-12,26.525,80.425,0.0002168452255843,0.0830890442371214,98.4,211.1
kanpur_industrial,2026-08-12,26.525,80.475,0.0002133567602991,0.0500337626506781,91.1,203.8
kanpur_industrial,2026-08-12,26.525,80.525,0.0002093925103126,0.0188577933292719,83.9,196.6
kanpur_industrial,2026-08-12,26.525,80.55,0.0001822534254523,0.018430009031624,73.6,186.3
kanpur_industrial,2026-08-12,26.575,80.175,0.0002190755610766,0.2908380045853578,137.2,249.9
kanpur_industrial,2026-08-12,26.575,80.225,0.0002132967439891,0.2368611197124836,125.2,237.9
kanpur_industrial,2026-08-12,26.575,80.275,0.0001945952025316,0.0711835646780643,87.8,200.5
kanpur_industrial,2026-08-12,26.575,80.325,0.0001768316391663,0.0009936194238789,68.3,181.0
kanpur_industrial,2026-08-12,26.575,80.375,0.0002217163314622,0.0003667071570144,85.1,197.8
kanpur_industrial,2026-08-12,26.575,80.425,0.0002246413147503,0.0011575936526157,86.4,199.1
kanpur_industrial,2026-08-12,26.575,80.475,0.0001912617260021,0.0053678383932874,74.6,187.3
kanpur_industrial,2026-08-12,26.575,80.525,0.0001228635049314,0.0177224800269326,51.0,163.7
kanpur_industrial,2026-08-12,26.575,80.55,0.0001409896708952,0.0269241585005693,59.5,172.2
punjab_stubble_belt,2026-07-17,31.325,74.625,0.0002420487433813,0.1227835102914395,77.3,227.9
punjab_stubble_belt,2026-07-17,31.325,74.675,0.000195785710858,0.1484677004345131,64.5,215.1
punjab_stubble_belt,2026-07-17,31.325,74.725,0.000185597725385,0.1476804485987787,60.5,211.1
punjab_stubble_belt,2026-07-17,31.325,74.775,0.0002183372951636,0.1555349639158058,74.3,224.9
punjab_stubble_belt,2026-07-17,31.325,74.825,0.0002623865667999,0.1580414989162805,91.4,242.0
punjab_stubble_belt,2026-07-17,31.325,74.875,0.0002891201057677,0.1559256797858715,101.1,251.7
punjab_stubble_belt,2026-07-17,31.325,74.925,0.0002139488026004,0.1552579558698813,72.6,223.2
punjab_stubble_belt,2026-07-17,31.325,74.975,0.000232852501387,0.1654952271023157,81.6,232.2
punjab_stubble_belt,2026-07-17,31.325,75.025,0.0002631576621602,0.1695339032743968,93.8,244.4
punjab_stubble_belt,2026-07-17,31.325,75.075,0.0002596286594632,0.1824139736240956,94.8,245.4
punjab_stubble_belt,2026-07-17,31.325,75.125,0.0002205787547674,0.1955599538610674,82.5,233.1
punjab_stubble_belt,2026-07-17,31.325,75.175,0.0001712992421839,0.1556330031206068,56.6,207.2
punjab_stubble_belt,2026-07-17,31.325,75.225,0.000240790887779,0.1547746199417717,82.6,233.2
punjab_stubble_belt,2026-07-17,31.325,75.275,0.0002724960847681,0.1546911431634456,94.6,245.2
punjab_stubble_belt,2026-07-17,31.325,75.3,0.0002720614804421,0.1546887947044115,94.4,245.0
punjab_stubble_belt,2026-07-17,31.375,74.625,0.000222978754785,0.1950985126510812,83.3,233.9
punjab_stubble_belt,2026-07-17,31.375,74.675,0.0002005997682895,0.1641038710266465,69.2,219.8
punjab_stubble_belt,2026-07-17,31.375,74.725,0.0002783500877979,0.1831014913616556,102.0,252.6
punjab_stubble_belt,2026-07-17,31.375,74.775,0.0002456507801713,0.1936127189445544,91.6,242.2
punjab_stubble_belt,2026-07-17,31.375,74.825,0.0002435085130616,0.1902914673798443,90.2,240.8
punjab_stubble_belt,2026-07-17,31.375,74.875,0.0002509834757024,0.1775846495322754,90.7,241.3
punjab_stubble_belt,2026-07-17,31.375,74.925,0.0001584418953285,0.1697938572368985,54.3,204.9
punjab_stubble_belt,2026-07-17,31.375,74.975,0.0001889422553903,0.1787589604598997,67.5,218.1
punjab_stubble_belt,2026-07-17,31.375,75.025,0.0002349634903415,0.1917475845084127,87.2,237.8
punjab_stubble_belt,2026-07-17,31.375,75.075,0.0002238954136408,0.2119294160462645,86.7,237.3
punjab_stubble_belt,2026-07-17,31.375,75.125,0.0001645884664311,0.2268624677804723,67.1,217.7
punjab_stubble_belt,2026-07-17,31.375,75.175,0.0001613492257768,0.1724124458993897,55.9,206.5
punjab_stubble_belt,2026-07-17,31.375,75.225,0.0002160032428367,0.1750036324054856,77.0,227.6
punjab_stubble_belt,2026-07-17,31.375,75.275,0.0002370463413375,0.1753624625103576,85.0,235.6
punjab_stubble_belt,2026-07-17,31.375,75.3,0.0002368281450931,0.1781594301719956,85.4,236.0
punjab_stubble_belt,2026-07-17,31.425,74.625,0.00020042969096,0.2971909564690915,93.4,244.0
punjab_stubble_belt,2026-07-17,31.425,74.725,0.0003653093421978,0.2215666595920021,141.8,292.4
punjab_stubble_belt,2026-07-17,31.425,74.775,0.0002988097892731,0.2323904456263894,118.7,269.3
punjab_stubble_belt,2026-07-17,31.425,74.825,0.0002562671526131,0.2244422807487654,101.2,251.8
punjab_stubble_belt,2026-07-17,31.425,74.875,0.0002244850934029,0.2031663974325308,85.3,235.9
punjab_stubble_belt,2026-07-17,31.425,74.925,0.0001163043112182,0.1933137015698862,42.7,193.3
punjab_stubble_belt,2026-07-17,31.425,74.975,0.0001385091029924,0.2031612825226321,52.9,203.5
punjab_stubble_belt,2026-07-17,31.425,75.025,0.0001991480425994,0.2125679464436586,77.5,228.1
punjab_stubble_belt,2026-07-17,31.425,75.075,0.0001861383232335,0.2286563197892959,75.5,226.1
punjab_stubble_belt,2026-07-17,31.425,75.125,0.0001149587224673,0.2428214385119499,51.2,201.8
punjab_stubble_belt,2026-07-17,31.425,75.175,0.0001604645048771,0.2029908853576468,61.1,211.7
punjab_stubble_belt,2026-07-17,31.425,75.225,0.0001659800824179,0.2084688151867669,64.2,214.8
punjab_stubble_belt,2026-07-17,31.425,75.275,0.000163768869218,0.2109354483678458,63.8,214.4
punjab_stubble_belt,2026-07-17,31.425,75.3,0.0001543418455656,0.2313153482047237,64.0,214.6
punjab_stubble_belt,2026-07-17,31.475,74.725,0.0002404282970912,0.265003438340844,102.6,253.2
punjab_stubble_belt,2026-07-17,31.475,74.775,0.0002749014628988,0.2397081471575205,111.0,261.6
punjab_stubble_belt,2026-07-17,31.475,74.825,0.0002709731888576,0.2211603361836331,106.2,256.8
punjab_stubble_belt,2026-07-17,31.475,74.875,0.0002372678596371,0.2131026653283045,92.0,242.6
punjab_stubble_belt,2026-07-17,31.475,74.925,0.0002246607389458,0.2158531906829291,87.7,238.3
punjab_stubble_belt,2026-07-17,31.475,74.975,0.0001361860693026,0.2314907635926907,57.2,207.8
punjab_stubble_belt,2026-07-17,31.475,75.025,0.0001642964925524,0.2310793774948939,67.7,218.3
punjab_stubble_belt,2026-07-17,31.475,75.075,0.0001860206721153,0.2447088322444783,78.4,229.0
punjab_stubble_belt,2026-07-17,31.475,75.125,0.0001840141536144,0.2690029311937691,82.1,232.7
punjab_stubble_belt,2026-07-17,31.475,75.175,0.0001762107937673,0.2645336988565452,78.3,228.9
punjab_stubble_belt,2026-07-17,31.475,75.225,0.0001542077154279,0.253813958711927,68.1,218.7
punjab_stubble_belt,2026-07-17,31.475,75.275,0.0001460100830851,0.2575389200627378,65.7,216.3
punjab_stubble_belt,2026-07-17,31.525,74.625,0.0002539344346851,0.2845307563776048,111.3,261.9
punjab_stubble_belt,2026-07-17,31.525,74.675,0.0002488060258356,0.2672394816340733,106.2,256.8
punjab_stubble_belt,2026-07-17,31.525,74.725,0.0002994749952613,0.2369809877811596,119.8,270.4
punjab_stubble_belt,2026-07-17,31.525,74.775,0.0003060699068367,0.232639922249335,121.5,272.1
punjab_stubble_belt,2026-07-17,31.525,74.825,0.0002610385108286,0.2508351565766576,107.8,258.4
punjab_stubble_belt,2026-07-17,31.525,74.875,0.0001931843329722,0.2787388509677919,87.3,237.9
punjab_stubble_belt,2026-07-17,31.525,74.925,0.0002246607389458,0.2158531906829291,87.7,238.3
punjab_stubble_belt,2026-07-17,31.525,74.975,0.0001339844426853,0.2318798930111628,56.4,207.0
punjab_stubble_belt,2026-07-17,31.525,75.025,0.0001663124585408,0.2309613388828573,68.5,219.1
punjab_stubble_belt,2026-07-17,31.525,75.075,0.0001860381704239,0.2442562487021984,78.3,228.9
punjab_stubble_belt,2026-07-17,31.525,75.125,0.0001843209758619,0.2691786580520989,82.2,232.8
punjab_stubble_belt,2026-07-17,31.525,75.175,0.0001762107937673,0.2645336988565452,78.3,228.9
punjab_stubble_belt,2026-07-17,31.525,75.225,0.0001530420847245,0.2532460718893541,67.5,218.1
punjab_stubble_belt,2026-07-17,31.525,75.275,0.0001461599626703,0.2573665836347363,65.7,216.3
punjab_stubble_belt,2026-07-17,31.525,75.3,0.0001428990689918,0.2611160653790944,65.1,215.7
punjab_stubble_belt,2026-07-17,31.575,74.625,0.0002880907055147,0.2430488130595723,116.6,267.2
punjab_stubble_belt,2026-07-17,31.575,74.675,0.0002868726952757,0.2367955828584098,115.0,265.6
punjab_stubble_belt,2026-07-17,31.575,74.725,0.0002969576880807,0.2431367408532507,120.0,270.6
punjab_stubble_belt,2026-07-17,31.575,74.775,0.0002980943511156,0.2433911595238104,120.5,271.1
punjab_stubble_belt,2026-07-17,31.575,74.825,0.0002777862854563,0.2509890418061813,114.2,264.8
punjab_stubble_belt,2026-07-17,31.575,74.875,0.0001892605461506,0.2844854061682457,86.9,237.5
punjab_stubble_belt,2026-07-17,31.575,75.225,0.0002081257798609,0.2870164191995852,94.5,245.1
punjab_stubble_belt,2026-07-17,31.575,75.275,0.0002081257798609,0.2870164191995852,94.5,245.1
punjab_stubble_belt,2026-07-17,31.625,74.625,0.0002950512092451,0.2108095028939811,113.4,264.0
punjab_stubble_belt,2026-07-17,31.625,74.675,0.0002897969443907,0.2113653662666673,111.5,262.1
punjab_stubble_belt,2026-07-17,31.625,74.725,0.0002574877023419,0.2474516657328188,105.9,256.5
punjab_stubble_belt,2026-07-17,31.625,74.775,0.0002661528925075,0.2516782152656601,109.9,260.5
punjab_stubble_belt,2026-07-17,31.625,74.825,0.0002835927119226,0.2603233220647487,118.1,268.7
punjab_stubble_belt,2026-07-17,31.625,74.875,0.0003266029600582,0.2898377884383606,139.7,290.3
punjab_stubble_belt,2026-07-17,31.625,75.225,0.0002081257798609,0.2870164191995852,94.5,245.1
punjab_stubble_belt,2026-07-17,31.625,75.275,0.0002081257798609,0.2870164191995852,94.5,245.1
punjab_stubble_belt,2026-07-17,31.675,74.625,0.0002762537192987,0.1897814456269551,102.4,253.0
punjab_stubble_belt,2026-07-17,31.675,74.675,0.0002678411278309,0.1920245933179272,99.7,250.3
punjab_stubble_belt,2026-07-17,31.675,74.725,0.0002210686774389,0.2403881646481008,90.8,241.4
punjab_stubble_belt,2026-07-17,31.675,74.775,0.0002412626154591,0.2474330288581064,99.8,250.4
punjab_stubble_belt,2026-07-17,31.675,74.825,0.000277398524083,0.2620358035382684,116.1,266.7
punjab_stubble_belt,2026-07-17,31.675,74.875,0.0003070879500262,0.2794594301704434,130.4,281.0
punjab_stubble_belt,2026-07-17,31.675,74.925,0.000120654836088,0.2234254617571739,49.8,200.4
punjab_stubble_belt,2026-07-17,31.675,74.975,0.0001616618111558,0.2273229335494245,66.0,216.6
punjab_stubble_belt,2026-07-17,31.675,75.025,0.0003135687300103,0.2456887182359003,126.7,277.3
punjab_stubble_belt,2026-07-17,31.675,75.075,0.0003927171581711,0.2553460988776241,158.4,309.0
punjab_stubble_belt,2026-07-17,31.675,75.125,0.0003930743227437,0.2554465360389527,158.5,309.1
punjab_stubble_belt,2026-07-17,31.725,74.625,0.0002527397750345,0.1672763476616655,89.4,240.0
punjab_stubble_belt,2026-07-17,31.725,74.675,0.000279821670553,0.1664851880188779,99.5,250.1
punjab_stubble_belt,2026-07-17,31.725,74.725,0.0003174943084503,0.1949942355133955,118.9,269.5
punjab_stubble_belt,2026-07-17,31.725,74.775,0.000324447689505,0.1996741015525032,122.4,273.0
punjab_stubble_belt,2026-07-17,31.725,74.825,0.0002838181485672,0.2114846624381805,109.2,259.8
punjab_stubble_belt,2026-07-17,31.725,74.875,0.0002059482044777,0.2265957505130019,82.6,233.2
punjab_stubble_belt,2026-07-17,31.725,74.925,0.000120654836088,0.2234254617571739,49.8,200.4
punjab_stubble_belt,2026-07-17,31.725,74.975,0.0001608249341136,0.2272433933087664,65.7,216.3
punjab_stubble_belt,2026-07-17,31.725,75.025,0.0003093401159343,0.2451745868959935,125.0,275.6
punjab_stubble_belt,2026-07-17,31.725,75.075,0.0003927171581711,0.2553460988776241,158.4,309.0
punjab_stubble_belt,2026-07-17,31.725,75.125,0.0003930743227437,0.2554465360389527,158.5,309.1
punjab_stubble_belt,2026-07-17,31.775,74.625,0.0002224938439878,0.169319295005823,78.4,229.0
punjab_stubble_belt,2026-07-17,31.775,74.675,0.0002268309612542,0.1694459005318015,80.1,230.7
punjab_stubble_belt,2026-07-17,31.775,74.725,0.0003281564849366,0.1896647424510488,122.0,272.6
punjab_stubble_belt,2026-07-17,31.775,74.775,0.0003186662939439,0.1972389705536059,119.8,270.4
punjab_stubble_belt,2026-07-17,31.775,74.825,0.0002850521271785,0.2114099619311516,109.7,260.3
punjab_stubble_belt,2026-07-17,31.775,74.875,0.0002321545474759,0.2267555431743326,92.5,243.1
punjab_stubble_belt,2026-07-17,31.775,74.925,0.0001309719949905,0.2211364074295411,53.3,203.9
punjab_stubble_belt,2026-07-17,31.775,74.975,0.0001286561904094,0.2185526429150243,52.0,202.6
punjab_stubble_belt,2026-07-17,31.775,75.025,0.0001927482516241,0.2380276710409829,79.7,230.3
punjab_stubble_belt,2026-07-17,31.775,75.075,0.0002491673250927,0.241371729387809,101.6,252.2
punjab_stubble_belt,2026-07-17,31.775,75.125,0.0002845185526053,0.2285885608930792,112.6,263.2
punjab_stubble_belt,2026-07-17,31.825,74.625,0.0002288284832894,0.1902921016137662,84.6,235.2
punjab_stubble_belt,2026-07-17,31.825,74.675,0.0002083121716373,0.2012028765988051,78.9,229.5
punjab_stubble_belt,2026-07-17,31.825,74.725,0.0002417375925613,0.2057156135535095,92.3,242.9
punjab_stubble_belt,2026-07-17,31.825,74.775,0.0002672947053774,0.2163611208071197,103.9,254.5
punjab_stubble_belt,2026-07-17,31.825,74.825,0.000260578708544,0.2270900693888035,103.3,253.9
punjab_stubble_belt,2026-07-17,31.825,74.875,0.0002326089697971,0.237395258513163,94.7,245.3
punjab_stubble_belt,2026-07-17,31.825,74.925,0.0002275385400936,0.2469827842412904,94.5,245.1
punjab_stubble_belt,2026-07-17,31.825,74.975,0.0002261660473945,0.2443708715502008,93.5,244.1
punjab_stubble_belt,2026-07-17,31.825,75.025,0.0002206954492945,0.2481400990186097,92.1,242.7
punjab_stubble_belt,2026-07-17,31.825,75.075,0.0002152430685643,0.2486064029319983,90.1,240.7
punjab_stubble_belt,2026-07-17,31.825,75.125,0.0002112757981779,0.2455123071512161,88.1,238.7
punjab_stubble_belt,2026-07-17,31.875,74.625,0.0002593419659545,0.1974572601943923,97.4,248.0
punjab_stubble_belt,2026-07-17,31.875,74.675,0.0002354887075269,0.1866221013722327,86.5,237.1
punjab_stubble_belt,2026-07-17,31.875,74.725,0.0002140597953993,0.1843118691267866,78.0,228.6
punjab_stubble_belt,2026-07-17,31.875,74.775,0.0002337206082551,0.2180202373378836,91.5,242.1
punjab_stubble_belt,2026-07-17,31.875,74.825,0.0002303085519601,0.234271687925378,93.2,243.8
punjab_stubble_belt,2026-07-17,31.875,74.875,0.0002169414600183,0.2366023105502869,88.6,239.2
punjab_stubble_belt,2026-07-17,31.875,74.925,0.0002550370977572,0.2557447331960314,106.5,257.1
punjab_stubble_belt,2026-07-17,31.875,74.975,0.0002673465626337,0.2539030900145071,110.8,261.4
punjab_stubble_belt,2026-07-17,31.875,75.025,0.0002357708480295,0.250010125974435,98.1,248.7
punjab_stubble_belt,2026-07-17,31.875,75.075,0.0002074589327262,0.2500051865851851,87.5,238.1
punjab_stubble_belt,2026-07-17,31.875,75.125,0.0001915552363928,0.2533268308839809,82.1,232.7
punjab_stubble_belt,2026-07-18,31.325,74.625,0.0002510590336663,0.0,58.3,208.9
punjab_stubble_belt,2026-07-18,31.325,74.675,0.0002600414588695,0.0,61.6,212.2
punjab_stubble_belt,2026-07-18,31.325,74.725,0.0001871562852758,0.0,34.1,184.7
punjab_stubble_belt,2026-07-18,31.325,74.775,0.0001725596126914,0.0,28.6,179.2
punjab_stubble_belt,2026-07-18,31.325,74.825,0.0001847998870604,0.0,33.2,183.8
punjab_stubble_belt,2026-07-18,31.325,74.875,0.0001979082421181,0.0,38.2,188.8
punjab_stubble_belt,2026-07-18,31.325,74.925,0.0001312137638077,0.0,13.0,163.6
punjab_stubble_belt,2026-07-18,31.325,74.975,0.0002514685833991,0.0,58.4,209.0
punjab_stubble_belt,2026-07-18,31.325,75.025,0.0001478758864126,0.0,19.3,169.9
punjab_stubble_belt,2026-07-18,31.325,75.075,0.0001289282851495,0.0012920611912616,12.4,163.0
punjab_stubble_belt,2026-07-18,31.325,75.125,0.0002116398548579,0.0066289737960771,44.6,195.2
punjab_stubble_belt,2026-07-18,31.325,75.175,0.0002051730830193,0.0322187194293574,46.8,197.4
punjab_stubble_belt,2026-07-18,31.325,75.225,0.0002005794324682,0.0515105003671604,48.6,199.2
punjab_stubble_belt,2026-07-18,31.325,75.275,0.0002671237236202,0.0596165250633613,75.2,225.8
punjab_stubble_belt,2026-07-18,31.325,75.3,0.000305160430329,0.0591837843269952,89.5,240.1
punjab_stubble_belt,2026-07-18,31.375,74.625,0.000203480499645,0.0064793172391021,41.5,192.1
punjab_stubble_belt,2026-07-18,31.375,74.675,0.0002083388039681,0.0016281074406515,42.4,193.0
punjab_stubble_belt,2026-07-18,31.375,74.725,0.0001937807172146,0.006177072847745,37.8,188.4
punjab_stubble_belt,2026-07-18,31.375,74.775,0.0001690183634222,0.0144358302828057,29.9,180.5
punjab_stubble_belt,2026-07-18,31.375,74.825,0.0001973934164499,0.0196474485569351,41.6,192.2
punjab_stubble_belt,2026-07-18,31.375,74.875,0.0002411006586135,0.0219101030548141,58.5,209.1
punjab_stubble_belt,2026-07-18,31.375,74.925,0.0001469315715116,0.021467987788113,22.9,173.5
punjab_stubble_belt,2026-07-18,31.375,74.975,0.0002513294677991,0.0196490812240716,61.9,212.5
punjab_stubble_belt,2026-07-18,31.375,75.025,0.0001690862355736,0.0158919602566666,30.2,180.8
punjab_stubble_belt,2026-07-18,31.375,75.075,0.0001511693329842,0.0136504625644417,23.0,173.6
punjab_stubble_belt,2026-07-18,31.375,75.125,0.0002109218781994,0.0149421658585898,45.8,196.4
punjab_stubble_belt,2026-07-18,31.375,75.175,0.000216772089956,0.0310245663438321,51.0,201.6
punjab_stubble_belt,2026-07-18,31.375,75.225,0.0001603076179185,0.0552573460634329,34.1,184.7
punjab_stubble_belt,2026-07-18,31.375,75.275,0.0002253540425545,0.0677832089420699,60.9,211.5
punjab_stubble_belt,2026-07-18,31.375,75.3,0.0002679172241929,0.0743590282617663,78.2,228.8
punjab_stubble_belt,2026-07-18,31.425,74.625,0.0001424425315429,0.0370492845758449,24.0,174.6
punjab_stubble_belt,2026-07-18,31.425,74.675,0.000171223924202,0.0204458640802837,31.9,182.5
punjab_stubble_belt,2026-07-18,31.425,74.725,0.0002452973391544,0.0209007592211985,59.9,210.5
punjab_stubble_belt,2026-07-18,31.425,74.775,0.0001963258024806,0.036589050436231,44.3,194.9
punjab_stubble_belt,2026-07-18,31.425,74.825,0.0002338599949572,0.0486529116864772,60.6,211.2
punjab_stubble_belt,2026-07-18,31.425,74.875,0.0003121847003096,0.0554977751034127,91.5,242.1
punjab_stubble_belt,2026-07-18,31.425,74.925,0.0002202861387663,0.058645983489728,57.3,207.9
punjab_stubble_belt,2026-07-18,31.425,74.975,0.0002443122495578,0.0541608094805177,65.6,216.2
punjab_stubble_belt,2026-07-18,31.425,75.025,0.0002264961555804,0.0446989500599541,57.1,207.7
punjab_stubble_belt,2026-07-18,31.425,75.075,0.0002219904847182,0.0380850623980302,54.2,204.8
punjab_stubble_belt,2026-07-18,31.425,75.125,0.0002287946238561,0.0364115841528847,56.5,207.1
punjab_stubble_belt,2026-07-18,31.425,75.175,0.0001876129976743,0.0449375441434867,42.5,193.1
punjab_stubble_belt,2026-07-18,31.425,75.225,0.0001199138503429,0.0620936126472841,20.1,170.7
punjab_stubble_belt,2026-07-18,31.425,75.275,0.000186277312743,0.0743388634480238,47.4,198.0
punjab_stubble_belt,2026-07-18,31.425,75.3,0.0002769645302397,0.0814585669593183,82.9,233.5
punjab_stubble_belt,2026-07-18,31.475,74.625,0.000119912478431,0.1412720374973775,34.6,185.2
punjab_stubble_belt,2026-07-18,31.475,74.675,0.0002600840910189,0.096465196480823,79.3,229.9
punjab_stubble_belt,2026-07-18,31.475,74.725,0.0003697242506552,0.0528321586781373,112.7,263.3
punjab_stubble_belt,2026-07-18,31.475,74.775,0.0002653399172842,0.0521981901385036,73.2,223.8
punjab_stubble_belt,2026-07-18,31.475,74.825,0.000244527118595,0.0633777223104884,67.4,218.0
punjab_stubble_belt,2026-07-18,31.475,74.875,0.0002899121323155,0.0811852499003744,87.7,238.3
punjab_stubble_belt,2026-07-18,31.475,74.925,0.0002427503171488,0.1008386982543141,73.5,224.1
punjab_stubble_belt,2026-07-18,31.475,74.975,0.0002670880219337,0.0976141462786912,82.1,232.7
punjab_stubble_belt,2026-07-18,31.475,75.025,0.0002451708294467,0.0829171839868262,71.2,221.8
punjab_stubble_belt,2026-07-18,31.475,75.075,0.0002260208423414,0.0720301377097782,62.0,212.6
punjab_stubble_belt,2026-07-18,31.475,75.125,0.000212476117716,0.0679369324330983,56.1,206.7
punjab_stubble_belt,2026-07-18,31.475,75.175,0.0001711667089984,0.069807024357909,40.9,191.5
punjab_stubble_belt,2026-07-18,31.475,75.225,9.447268376675276e-05,0.0728645497678936,12.5,163.1
punjab_stubble_belt,2026-07-18,31.475,75.275,0.0002372249554513,0.0791087582454886,67.5,218.1
punjab_stubble_belt,2026-07-18,31.525,74.625,0.0001976392925347,0.2157702720966804,77.5,228.1
punjab_stubble_belt,2026-07-18,31.525,74.675,0.0002144418471238,0.1663549062227166,74.8,225.4
punjab_stubble_belt,2026-07-18,31.525,74.725,0.0003069446585735,0.1297426789064737,103.0,253.6
punjab_stubble_belt,2026-07-18,31.525,74.775,0.0002915243914935,0.1260624856783342,96.5,247.1
punjab_stubble_belt,2026-07-18,31.525,74.825,0.0002686133919214,0.1263299517309797,88.0,238.6
punjab_stubble_belt,2026-07-18,31.525,74.875,0.0002441772666438,0.129027560271566,79.2,229.8
punjab_stubble_belt,2026-07-18,31.525,74.925,0.0002024213064507,0.1386084764309332,65.2,215.8
punjab_stubble_belt,2026-07-18,31.525,74.975,0.0002187787659996,0.1576218369843862,74.9,225.5
punjab_stubble_belt,2026-07-18,31.525,75.025,0.0002530438408889,0.2063044509481638,96.7,247.3
punjab_stubble_belt,2026-07-18,31.525,75.075,0.0002635248183434,0.2365823250215759,106.2,256.8
punjab_stubble_belt,2026-07-18,31.525,75.125,0.0002345354474041,0.2431939374676455,96.4,247.0
punjab_stubble_belt,2026-07-18,31.525,75.175,0.0001210377814049,0.2715339650028554,58.8,209.4
punjab_stubble_belt,2026-07-18,31.525,75.225,0.0001163646345259,0.2590520025177824,54.7,205.3
punjab_stubble_belt,2026-07-18,31.525,75.275,0.000196269050972,0.2120370456088163,76.3,226.9
punjab_stubble_belt,2026-07-18,31.525,75.3,0.0002911946641252,0.1370523426661202,98.4,249.0
punjab_stubble_belt,2026-07-18,31.575,74.625,0.0001915439826554,0.2245098370452645,76.8,227.4
punjab_stubble_belt,2026-07-18,31.575,74.675,0.000194395578484,0.1896596275557137,71.5,222.1
punjab_stubble_belt,2026-07-18,31.575,74.725,0.0002713835828922,0.1887448799530232,100.4,251.0
punjab_stubble_belt,2026-07-18,31.575,74.775,0.0002697772899658,0.1892862875575955,99.9,250.5
punjab_stubble_belt,2026-07-18,31.575,74.825,0.0002628059661794,0.1748904186019057,94.6,245.2
punjab_stubble_belt,2026-07-18,31.575,74.875,0.0002571752706214,0.15275871442078,88.5,239.1
punjab_stubble_belt,2026-07-18,31.575,74.925,0.0002504468193536,0.1475169591103798,85.0,235.6
punjab_stubble_belt,2026-07-18,31.575,74.975,0.0002592332390164,0.1700943832778445,92.4,243.0
punjab_stubble_belt,2026-07-18,31.575,75.025,0.0002195462875124,0.2170226092771196,86.0,236.6
punjab_stubble_belt,2026-07-18,31.575,75.075,0.0001826598858669,0.2542961334749553,78.9,229.5
punjab_stubble_belt,2026-07-18,31.575,75.125,0.0001589114714606,0.2749791944959785,73.7,224.3
punjab_stubble_belt,2026-07-18,31.575,75.175,0.000117000552337,0.2877804300212403,60.2,210.8
punjab_stubble_belt,2026-07-18,31.575,75.225,0.0001182982881723,0.2728255003882282,58.0,208.6
punjab_stubble_belt,2026-07-18,31.575,75.275,0.0002343745047059,0.2427130765625365,96.3,246.9
punjab_stubble_belt,2026-07-18,31.575,75.3,0.0002555343131826,0.2252666850496283,101.1,251.7
punjab_stubble_belt,2026-07-18,31.625,74.625,0.000199024900351,0.2396733172298027,82.4,233.0
punjab_stubble_belt,2026-07-18,31.625,74.675,0.0001989487656623,0.2333436257811463,81.2,231.8
punjab_stubble_belt,2026-07-18,31.625,74.725,0.0002542765103611,0.2189875923377141,99.5,250.1
punjab_stubble_belt,2026-07-18,31.625,74.775,0.0002577518240234,0.218192368192362,100.6,251.2
punjab_stubble_belt,2026-07-18,31.625,74.825,0.0002589443049038,0.197010162676911,97.2,247.8
punjab_stubble_belt,2026-07-18,31.625,74.875,0.0002655317444865,0.1629245147020961,93.5,244.1
punjab_stubble_belt,2026-07-18,31.625,74.925,0.0002763231585463,0.1504776839037296,95.3,245.9
punjab_stubble_belt,2026-07-18,31.625,74.975,0.0002229239440355,0.2044554211240186,85.0,235.6
punjab_stubble_belt,2026-07-18,31.625,75.025,0.0001792551671516,0.2230678016188465,71.9,222.5
punjab_stubble_belt,2026-07-18,31.625,75.075,0.0001414875275346,0.2532326782016189,63.2,213.8
punjab_stubble_belt,2026-07-18,31.625,75.125,0.0001172778291168,0.2893441277303628,60.6,211.2
punjab_stubble_belt,2026-07-18,31.625,75.275,0.000225662508528,0.2742655012077816,98.8,249.4
punjab_stubble_belt,2026-07-18,31.625,75.3,0.0002158691702824,0.2777102993719796,95.7,246.3
punjab_stubble_belt,2026-07-18,31.675,74.625,0.0002158818764155,0.26283415282844,93.0,243.6
punjab_stubble_belt,2026-07-18,31.675,74.675,0.0002178753516201,0.2846864787973727,97.7,248.3
punjab_stubble_belt,2026-07-18,31.675,74.725,0.000172581032728,0.2719329751154105,78.3,228.9
punjab_stubble_belt,2026-07-18,31.675,74.775,0.0002071585617594,0.2400654839906718,85.5,236.1
punjab_stubble_belt,2026-07-18,31.675,74.825,0.0002317477105208,0.2029979536777372,88.0,238.6
punjab_stubble_belt,2026-07-18,31.675,74.875,0.0002265178492792,0.162649781547657,78.7,229.3
punjab_stubble_belt,2026-07-18,31.675,74.925,0.0002417683846941,0.1338739000927997,79.2,229.8
punjab_stubble_belt,2026-07-18,31.675,74.975,0.0001381917561291,0.2356692882809907,58.7,209.3
punjab_stubble_belt,2026-07-18,31.675,75.025,0.0001510865785581,0.2204659880780398,60.8,211.4
punjab_stubble_belt,2026-07-18,31.675,75.075,0.0001480106883035,0.2357216398268981,62.4,213.0
punjab_stubble_belt,2026-07-18,31.675,75.125,0.0001289521571405,0.2780904492026169,63.0,213.6
punjab_stubble_belt,2026-07-18,31.675,75.175,0.0001628896357092,0.2519024661979998,71.0,221.6
punjab_stubble_belt,2026-07-18,31.675,75.225,0.0002013413191011,0.2735824065479163,89.5,240.1
punjab_stubble_belt,2026-07-18,31.675,75.275,0.0001678906345786,0.2941995842061191,80.6,231.2
punjab_stubble_belt,2026-07-18,31.675,75.3,0.0001636380329728,0.2960825562477027,79.3,229.9
punjab_stubble_belt,2026-07-18,31.725,74.625,0.0001909525010868,0.279105038017397,86.6,237.2
punjab_stubble_belt,2026-07-18,31.725,74.725,0.0001519927059588,0.2661359279872458,69.5,220.1
punjab_stubble_belt,2026-07-18,31.725,74.775,0.0002082093399651,0.2395689041050227,85.8,236.4
punjab_stubble_belt,2026-07-18,31.725,74.825,0.0002315942933463,0.2022626110264749,87.9,238.5
punjab_stubble_belt,2026-07-18,31.725,74.875,0.0002268446464667,0.1620331555164815,78.7,229.3
punjab_stubble_belt,2026-07-18,31.725,74.925,0.0002417683846941,0.1338739000927997,79.2,229.8
punjab_stubble_belt,2026-07-18,31.725,74.975,0.0001969819443787,0.1339858871256316,62.3,212.9
punjab_stubble_belt,2026-07-18,31.725,75.025,0.0001884820517861,0.1511515826337598,62.2,212.8
punjab_stubble_belt,2026-07-18,31.725,75.075,0.0001824329344511,0.1674780694479309,62.9,213.5
punjab_stubble_belt,2026-07-18,31.725,75.125,0.0001739661254186,0.1868563515839562,63.3,213.9
punjab_stubble_belt,2026-07-18,31.725,75.175,0.0001628896357092,0.2519024661979998,71.0,221.6
punjab_stubble_belt,2026-07-18,31.725,75.225,0.0002010666642197,0.2734275498311311,89.3,239.9
punjab_stubble_belt,2026-07-18,31.725,75.275,0.0002071090716099,0.2768343976004038,92.2,242.8
punjab_stubble_belt,2026-07-18,31.775,74.625,0.0002440613612146,0.2621916752386032,103.5,254.1
punjab_stubble_belt,2026-07-18,31.775,74.675,0.0002800244222488,0.2954702051199347,123.2,273.8
punjab_stubble_belt,2026-07-18,31.775,74.725,0.0002043775954764,0.2018191098114161,77.5,228.1
punjab_stubble_belt,2026-07-18,31.775,74.775,0.0002483214596709,0.1584440050559634,86.2,236.8
punjab_stubble_belt,2026-07-18,31.775,74.825,0.0002603718959022,0.1359960282974588,86.6,237.2
punjab_stubble_belt,2026-07-18,31.775,74.875,0.0002352993406802,0.1325480542645669,76.5,227.1
punjab_stubble_belt,2026-07-18,31.775,74.925,0.0001938697182043,0.1555403645180252,65.1,215.7
punjab_stubble_belt,2026-07-18,31.775,74.975,0.0001843351563257,0.1773751172928285,65.5,216.1
punjab_stubble_belt,2026-07-18,31.775,75.025,0.0001892415050505,0.2363881112240182,78.1,228.7
punjab_stubble_belt,2026-07-18,31.775,75.075,0.0001834392692175,0.2742000186394434,82.8,233.4
punjab_stubble_belt,2026-07-18,31.775,75.125,0.0001683836082245,0.2810535214030601,78.4,229.0
punjab_stubble_belt,2026-07-18,31.775,75.175,0.0001628896357092,0.2519024661979998,71.0,221.6
punjab_stubble_belt,2026-07-18,31.775,75.225,0.0002019067850333,0.2739012292001209,89.7,240.3
punjab_stubble_belt,2026-07-18,31.775,75.275,0.0002071090716099,0.2768343976004038,92.2,242.8
punjab_stubble_belt,2026-07-18,31.825,74.625,0.0002277885390534,0.1719348171626496,80.9,231.5
punjab_stubble_belt,2026-07-18,31.825,74.675,0.0002489952926627,0.1929896113443573,92.7,243.3
punjab_stubble_belt,2026-07-18,31.825,74.725,0.0001851857258934,0.1977719982873106,69.5,220.1
punjab_stubble_belt,2026-07-18,31.825,74.775,0.0001940198338783,0.2048321731788136,74.1,224.7
punjab_stubble_belt,2026-07-18,31.825,74.825,0.0002100501876939,0.1907748682762454,77.6,228.2
punjab_stubble_belt,2026-07-18,31.825,74.875,0.0002367953392576,0.1288572723492043,76.4,227.0
punjab_stubble_belt,2026-07-18,31.825,74.925,0.0001882150145215,0.1580982110126699,63.4,214.0
punjab_stubble_belt,2026-07-18,31.825,74.975,0.000183153381522,0.1822682575892865,65.9,216.5
punjab_stubble_belt,2026-07-18,31.825,75.025,0.0001893566153859,0.2466288968232557,80.0,230.6
punjab_stubble_belt,2026-07-18,31.825,75.075,0.0001836731088353,0.2860836116193323,85.1,235.7
punjab_stubble_belt,2026-07-18,31.825,75.125,0.000167635727943,0.2936661982389219,80.4,231.0
punjab_stubble_belt,2026-07-18,31.875,74.625,0.0002540871001559,0.1320537705931785,83.5,234.1
punjab_stubble_belt,2026-07-18,31.875,74.675,0.000237725183252,0.1433729365669626,79.4,230.0
punjab_stubble_belt,2026-07-18,31.875,74.725,0.0001902175672927,0.2033030708499598,72.4,223.0
punjab_stubble_belt,2026-07-18,31.875,74.775,0.0001797368668865,0.2445497759820448,76.0,226.6
punjab_stubble_belt,2026-07-18,31.875,74.825,0.0001764967909155,0.2629176577470589,78.1,228.7
punjab_stubble_belt,2026-07-19,31.325,74.625,0.0002476897300945,0.1901948992502375,91.7,242.3
punjab_stubble_belt,2026-07-19,31.325,74.675,0.0002425766227503,0.1696182852043926,86.0,236.6
punjab_stubble_belt,2026-07-19,31.325,74.725,0.0002626871923333,0.2344461912029918,105.5,256.1
punjab_stubble_belt,2026-07-19,31.325,74.775,0.0002644041172841,0.2392367766670884,107.0,257.6
punjab_stubble_belt,2026-07-19,31.325,75.025,0.0002808072409231,0.182094953233992,102.7,253.3
punjab_stubble_belt,2026-07-19,31.325,75.075,0.0002797195805452,0.1564572134165463,97.6,248.2
punjab_stubble_belt,2026-07-19,31.325,75.125,0.0002788338849845,0.108449331349734,88.5,239.1
punjab_stubble_belt,2026-07-19,31.325,75.175,0.0002824614250472,0.0673502265495786,82.4,233.0
punjab_stubble_belt,2026-07-19,31.325,75.225,0.0002094596382517,0.1171043211704177,63.9,214.5
punjab_stubble_belt,2026-07-19,31.325,75.275,0.0002024371289884,0.1731470690571298,71.5,222.1
punjab_stubble_belt,2026-07-19,31.325,75.3,0.000221991875608,0.1789394752696865,80.0,230.6
punjab_stubble_belt,2026-07-19,31.375,74.625,0.0002437677548138,0.1546186093307312,83.7,234.3
punjab_stubble_belt,2026-07-19,31.375,74.675,0.000180650342029,0.1423772452462244,57.7,208.3
punjab_stubble_belt,2026-07-19,31.375,74.725,0.0002257318652893,0.2266315720263779,90.1,240.7
punjab_stubble_belt,2026-07-19,31.375,74.775,0.0002293811266366,0.2333072143658456,92.7,243.3
punjab_stubble_belt,2026-07-19,31.375,75.025,0.0002742584627687,0.2096384425456355,105.3,255.9
punjab_stubble_belt,2026-07-19,31.375,75.075,0.0002591039315133,0.1807181672870721,94.3,244.9
punjab_stubble_belt,2026-07-19,31.375,75.125,0.0002344190704165,0.1342170915791161,76.5,227.1
punjab_stubble_belt,2026-07-19,31.375,75.175,0.0002442035613684,0.1475602723472003,82.6,233.2
punjab_stubble_belt,2026-07-19,31.375,75.225,0.0001816803435663,0.1391464806568064,57.5,208.1
punjab_stubble_belt,2026-07-19,31.375,75.275,0.0001736410343928,0.2015098678343122,65.8,216.4
punjab_stubble_belt,2026-07-19,31.375,75.3,0.0001795476920415,0.2443722347528631,75.9,226.5
punjab_stubble_belt,2026-07-19,31.425,74.625,0.0002288365657978,0.1218798282172224,72.1,222.7
punjab_stubble_belt,2026-07-19,31.425,74.675,0.0001802826749521,0.1324385418920551,55.7,206.3
punjab_stubble_belt,2026-07-19,31.425,74.725,0.0002134837623531,0.2381291771794617,87.6,238.2
punjab_stubble_belt,2026-07-19,31.425,74.775,0.0002168377728604,0.2485897328122009,90.7,241.3
punjab_stubble_belt,2026-07-19,31.425,75.025,0.0003020305409131,0.242443721011221,121.8,272.4
punjab_stubble_belt,2026-07-19,31.425,75.075,0.0002595034146399,0.2130766321161234,100.4,251.0
punjab_stubble_belt,2026-07-19,31.425,75.125,0.000192144534552,0.1749417585951947,68.0,218.6
punjab_stubble_belt,2026-07-19,31.425,75.175,0.0002218544528117,0.2608201544646934,94.9,245.5
punjab_stubble_belt,2026-07-19,31.425,75.225,0.0002218544528117,0.2608201544646934,94.9,245.5
punjab_stubble_belt,2026-07-19,31.475,74.625,0.0002516345629679,0.1383588583173623,83.7,234.3
punjab_stubble_belt,2026-07-19,31.475,74.675,0.0002349927813504,0.1725470655220969,83.7,234.3
punjab_stubble_belt,2026-07-19,31.475,74.725,0.0002349927813504,0.1725470655220969,83.7,234.3
punjab_stubble_belt,2026-07-19,31.525,74.625,0.0002519077235248,0.1377976882496078,83.7,234.3
punjab_stubble_belt,2026-07-19,31.525,74.675,0.0002349927813504,0.1725470655220969,83.7,234.3
punjab_stubble_belt,2026-07-24,31.325,74.625,1.467592917528901e-06,0.2658245813368968,12.6,163.2
punjab_stubble_belt,2026-07-24,31.325,74.675,1.1749152245289962e-05,0.2204801982994854,8.2,158.8
punjab_stubble_belt,2026-07-24,31.325,74.725,7.802446369754069e-05,0.2728947441689059,42.8,193.4
punjab_stubble_belt,2026-07-24,31.325,74.775,0.0001153931796626,0.2677875114637231,56.0,206.6
punjab_stubble_belt,2026-07-24,31.325,74.825,0.0001379529598204,0.261132158300596,63.3,213.9
punjab_stubble_belt,2026-07-24,31.325,74.875,0.0001476911590962,0.2534023705168007,65.5,216.1
punjab_stubble_belt,2026-07-24,31.325,75.125,0.0001185276147274,0.2104482893389344,46.7,197.3
punjab_stubble_belt,2026-07-24,31.325,75.175,0.0001184608896186,0.2108525389595212,46.7,197.3
punjab_stubble_belt,2026-07-24,31.325,75.225,0.0001342284730721,0.1741855814686236,46.0,196.6
punjab_stubble_belt,2026-07-24,31.325,75.275,0.0001381375896883,0.177918693408294,48.1,198.7
punjab_stubble_belt,2026-07-24,31.325,75.3,0.0001409548383432,0.1784153458464363,49.3,199.9
punjab_stubble_belt,2026-07-24,31.375,74.725,9.950418092250932e-05,0.2766082267493767,51.6,202.2
punjab_stubble_belt,2026-07-24,31.375,74.775,0.0001216959286989,0.262679174515142,57.4,208.0
punjab_stubble_belt,2026-07-24,31.375,74.825,0.0001245316108468,0.2449447500443783,55.2,205.8
punjab_stubble_belt,2026-07-24,31.375,74.875,0.0001171684115958,0.2357070653790892,50.8,201.4
punjab_stubble_belt,2026-07-24,31.375,75.125,9.597276965625818e-05,0.2240627718473133,40.7,191.3
punjab_stubble_belt,2026-07-24,31.375,75.175,9.647825717264698e-05,0.2236749299224918,40.8,191.4
punjab_stubble_belt,2026-07-24,31.375,75.225,0.0001308883172589,0.1855812678622977,46.8,197.4
punjab_stubble_belt,2026-07-24,31.375,75.275,0.0001378063403989,0.1856134443155546,49.4,200.0
punjab_stubble_belt,2026-07-24,31.375,75.3,0.0001363005166773,0.1924274682525891,50.1,200.7
punjab_stubble_belt,2026-07-24,31.425,74.725,7.907531895961971e-05,0.2732051951417739,43.3,193.9
punjab_stubble_belt,2026-07-24,31.425,74.775,7.907531895961971e-05,0.2732051951417739,43.3,193.9
punjab_stubble_belt,2026-07-24,31.425,74.825,7.79975523036367e-05,0.2129980904523594,31.8,182.4
punjab_stubble_belt,2026-07-24,31.425,74.875,7.79975523036367e-05,0.2129980904523594,31.8,182.4
punjab_stubble_belt,2026-07-24,31.425,75.075,4.670990088788137e-05,0.292323143410123,34.5,185.1
punjab_stubble_belt,2026-07-24,31.425,75.125,5.640445290559864e-05,0.2764233488789205,35.3,185.9
punjab_stubble_belt,2026-07-24,31.425,75.175,7.010826577324083e-05,0.2549843756961021,36.5,187.1
punjab_stubble_belt,2026-07-24,31.425,75.225,7.013836948774872e-05,0.255065448045678,36.6,187.2
punjab_stubble_belt,2026-07-24,31.475,74.725,7.907531895961971e-05,0.2732051951417739,43.3,193.9
punjab_stubble_belt,2026-07-24,31.475,74.775,7.907531895961971e-05,0.2732051951417739,43.3,193.9
punjab_stubble_belt,2026-07-24,31.475,75.075,4.670990088788137e-05,0.292323143410123,34.5,185.1
punjab_stubble_belt,2026-07-24,31.475,75.125,5.119066294649215e-05,0.2925473964544233,36.3,186.9
punjab_stubble_belt,2026-07-24,31.475,75.175,8.46784635950569e-05,0.2942233928907725,49.2,199.8
punjab_stubble_belt,2026-07-24,31.475,75.225,8.46784635950569e-05,0.2942233928907725,49.2,199.8
punjab_stubble_belt,2026-07-24,31.525,74.625,0.000149790395832,0.2338642223038143,62.8,213.4
punjab_stubble_belt,2026-07-24,31.525,74.675,0.000149790395832,0.2338642223038143,62.8,213.4
punjab_stubble_belt,2026-07-24,31.525,74.725,0.000140518525322,0.2432240416694264,61.0,211.6
punjab_stubble_belt,2026-07-24,31.525,74.775,0.000139845824272,0.2439117867821787,60.8,211.4
punjab_stubble_belt,2026-07-24,31.525,74.875,7.236226875653037e-05,0.2602033389799327,38.3,188.9
punjab_stubble_belt,2026-07-24,31.525,74.925,7.236226875653037e-05,0.2602033389799327,38.3,188.9
punjab_stubble_belt,2026-07-24,31.525,74.975,0.0001360789840261,0.2185527826465778,54.8,205.4
punjab_stubble_belt,2026-07-24,31.525,75.025,0.0001003483765974,0.2377321985447761,44.8,195.4
punjab_stubble_belt,2026-07-24,31.525,75.075,0.0001002843725479,0.2443812003912249,46.0,196.6
punjab_stubble_belt,2026-07-24,31.525,75.125,0.0001374396956534,0.2342215160253646,58.2,208.8
punjab_stubble_belt,2026-07-24,31.525,75.175,8.46784635950569e-05,0.2942233928907725,49.2,199.8
punjab_stubble_belt,2026-07-24,31.525,75.225,8.46784635950569e-05,0.2942233928907725,49.2,199.8
punjab_stubble_belt,2026-07-24,31.575,74.625,0.0001568563916198,0.1852918282984178,56.5,207.1
punjab_stubble_belt,2026-07-24,31.575,74.675,0.0001340564612919,0.174317629761608,45.9,196.5
punjab_stubble_belt,2026-07-24,31.575,74.725,0.0001449015231744,0.2087592738512214,56.3,206.9
punjab_stubble_belt,2026-07-24,31.575,74.775,0.0001240331458451,0.2275585096843789,51.9,202.5
punjab_stubble_belt,2026-07-24,31.575,74.825,0.0001208044137575,0.2191636805620719,49.1,199.7
punjab_stubble_belt,2026-07-24,31.575,74.875,0.0001348188677795,0.1946719572815164,49.9,200.5
punjab_stubble_belt,2026-07-24,31.575,74.925,7.236226875653037e-05,0.2602033389799327,38.3,188.9
punjab_stubble_belt,2026-07-24,31.575,74.975,0.0001370626039874,0.2179098066482927,55.0,205.6
punjab_stubble_belt,2026-07-24,31.575,75.025,0.0001035166331855,0.2065372429123558,40.3,190.9
punjab_stubble_belt,2026-07-24,31.575,75.075,0.0001132923237355,0.2030736611286895,43.4,194.0
punjab_stubble_belt,2026-07-24,31.575,75.125,0.0001389957268802,0.2062287491472823,53.6,204.2
punjab_stubble_belt,2026-07-24,31.575,75.175,0.0001046330009507,0.2811704021135883,54.4,205.0
punjab_stubble_belt,2026-07-24,31.575,75.225,9.88090328360138e-05,0.2400848726210827,44.6,195.2
punjab_stubble_belt,2026-07-24,31.575,75.275,9.717668730452957e-05,0.2283729134478773,41.9,192.5
punjab_stubble_belt,2026-07-24,31.575,75.3,9.668706606095546e-05,0.2247899109166829,41.1,191.7
punjab_stubble_belt,2026-07-24,31.625,74.625,0.0001318789661629,0.157744303184582,42.1,192.7
punjab_stubble_belt,2026-07-24,31.625,74.675,9.960002694459336e-05,0.1256164446319728,24.0,174.6
punjab_stubble_belt,2026-07-24,31.625,74.725,0.000140611642346,0.1878221717115098,50.9,201.5
punjab_stubble_belt,2026-07-24,31.625,74.775,0.0001205705023974,0.2251846316806314,50.1,200.7
punjab_stubble_belt,2026-07-24,31.625,74.825,0.0001208237640988,0.2191336679391856,49.1,199.7
punjab_stubble_belt,2026-07-24,31.625,74.875,0.0001390751046481,0.1916948524369421,51.0,201.6
punjab_stubble_belt,2026-07-24,31.625,74.925,0.0001279650262498,0.2167499141356196,51.4,202.0
punjab_stubble_belt,2026-07-24,31.625,74.975,0.0001253749913939,0.2251216184588174,51.9,202.5
punjab_stubble_belt,2026-07-24,31.625,75.025,0.000103611013289,0.219582949732077,42.7,193.3
punjab_stubble_belt,2026-07-24,31.625,75.075,0.0001057199743336,0.2148918620173812,42.7,193.3
punjab_stubble_belt,2026-07-24,31.625,75.125,0.000118095516362,0.2067513938042036,45.8,196.4
punjab_stubble_belt,2026-07-24,31.625,75.175,0.0001224469367242,0.1830262300964362,43.1,193.7
punjab_stubble_belt,2026-07-24,31.625,75.225,0.000137905341062,0.1579683699596493,44.4,195.0
punjab_stubble_belt,2026-07-24,31.625,75.275,0.0001232788775294,0.1890536603335982,44.6,195.2
punjab_stubble_belt,2026-07-24,31.625,75.3,0.0001153843145791,0.2094928081886512,45.3,195.9
punjab_stubble_belt,2026-07-24,31.675,74.625,9.386473474839766e-05,0.1229101294319562,21.4,172.0
punjab_stubble_belt,2026-07-24,31.675,74.675,6.043801731700032e-05,0.0980723701657163,4.2,154.8
punjab_stubble_belt,2026-07-24,31.675,74.725,6.043801731700032e-05,0.0980723701657163,4.2,154.8
punjab_stubble_belt,2026-07-24,31.675,74.825,0.0001910144512199,0.1570194552269733,64.3,214.9
punjab_stubble_belt,2026-07-24,31.675,74.875,0.0001509034317851,0.1831791436592342,53.9,204.5
punjab_stubble_belt,2026-07-24,31.675,74.925,0.0001143184641934,0.2043805252008796,44.0,194.6
punjab_stubble_belt,2026-07-24,31.675,74.975,0.0001105131084829,0.2169620464348907,44.8,195.4
punjab_stubble_belt,2026-07-24,31.675,75.025,9.655488305358506e-05,0.2498720121697528,45.6,196.2
punjab_stubble_belt,2026-07-24,31.675,75.075,8.608581015312883e-05,0.2609371500750037,43.7,194.3
punjab_stubble_belt,2026-07-24,31.675,75.125,9.21014093597749e-05,0.2192979092262734,38.3,188.9
punjab_stubble_belt,2026-07-24,31.675,75.175,0.0001419594305204,0.0524087182242408,26.7,177.3
punjab_stubble_belt,2026-07-24,31.675,75.225,0.0001817072687676,0.0522917286268942,41.6,192.2
punjab_stubble_belt,2026-07-24,31.675,75.275,0.0001574160792249,0.1329471944015027,47.2,197.8
punjab_stubble_belt,2026-07-24,31.675,75.3,0.0001340815630972,0.1941957054606196,49.6,200.2
punjab_stubble_belt,2026-07-24,31.725,74.825,0.0001910144512199,0.1570194552269733,64.3,214.9
punjab_stubble_belt,2026-07-24,31.725,74.875,0.0001679692171182,0.1535539856326526,54.9,205.5
punjab_stubble_belt,2026-07-24,31.725,74.925,3.641933912120619e-05,0.1337719300317388,1.7,152.3
punjab_stubble_belt,2026-07-24,31.725,74.975,2.2995360214016543e-05,0.1677428381433539,2.8,153.4
punjab_stubble_belt,2026-07-24,31.725,75.025,2.141058492636221e-05,0.1717532925731973,3.0,153.6
punjab_stubble_belt,2026-07-24,31.725,75.125,0.0001031580676765,0.1342312869086541,27.0,177.6
punjab_stubble_belt,2026-07-24,31.725,75.175,0.0001031580676765,0.1342312869086541,27.0,177.6
punjab_stubble_belt,2026-07-24,31.725,75.225,0.0001026084473963,0.1396317807721363,27.7,178.3
punjab_stubble_belt,2026-07-24,31.725,75.275,0.0001025214571361,0.1404865351965724,27.9,178.5
punjab_stubble_belt,2026-07-24,31.775,74.725,0.0001829188571697,0.1595728267381338,61.7,212.3
punjab_stubble_belt,2026-07-24,31.775,74.775,0.0001792505642091,0.2285584278125189,72.9,223.5
punjab_stubble_belt,2026-07-24,31.775,74.825,0.000166720283011,0.2035486305823667,63.6,214.2
punjab_stubble_belt,2026-07-24,31.775,74.875,0.0001508714611706,0.1252194236562635,43.3,193.9
punjab_stubble_belt,2026-07-24,31.775,74.925,3.641933912120619e-05,0.1337719300317388,1.7,152.3
punjab_stubble_belt,2026-07-24,31.775,74.975,2.2348632063539955e-05,0.1693794574143562,2.9,153.5
punjab_stubble_belt,2026-07-24,31.775,75.025,2.141058492636221e-05,0.1717532925731973,3.0,153.6
punjab_stubble_belt,2026-07-24,31.775,75.125,5.878903138656598e-05,0.1910340273355088,20.6,171.2
punjab_stubble_belt,2026-07-24,31.775,75.175,5.8805242214585706e-05,0.1910132736853711,20.6,171.2
punjab_stubble_belt,2026-07-24,31.775,75.225,-6.956891484274359e-06,0.2295667069653816,2.8,153.4
punjab_stubble_belt,2026-07-24,31.775,75.275,-1.895188423446393e-05,0.2368715126282485,0.0,150.2
punjab_stubble_belt,2026-07-24,31.825,74.725,0.0001728546585463,0.181199136945788,61.8,212.4
punjab_stubble_belt,2026-07-24,31.825,74.775,0.0002136096101683,0.1418918717313482,70.0,220.6
punjab_stubble_belt,2026-07-24,31.825,74.825,0.0002187537618066,0.1272779685673078,69.3,219.9
punjab_stubble_belt,2026-07-24,31.825,74.875,0.0001975376779014,0.1333354794671178,62.4,213.0
punjab_stubble_belt,2026-07-24,31.825,75.125,5.356914476421682e-05,0.1977167026798446,19.8,170.4
punjab_stubble_belt,2026-07-24,31.825,75.175,5.356914476421682e-05,0.1977167026798446,19.8,170.4
punjab_stubble_belt,2026-07-24,31.825,75.225,-2.017140645748335e-05,0.2403324730081536,0.0,150.4
punjab_stubble_belt,2026-07-24,31.825,75.275,-3.173855174716181e-05,0.2470172997263197,0.0,147.2
punjab_stubble_belt,2026-07-24,31.875,74.725,0.0001589517324005,0.1997182369064925,60.0,210.6
punjab_stubble_belt,2026-07-24,31.875,74.775,0.0002033715128553,0.1056079427938691,59.5,210.1
punjab_stubble_belt,2026-07-24,31.875,74.825,0.0002303674141,0.094724576216007,67.7,218.3
punjab_stubble_belt,2026-07-24,31.875,74.875,0.0002386544077516,0.1467148829144264,80.4,231.0
punjab_stubble_belt,2026-07-24,31.875,75.225,8.00909308051713e-05,0.2894610157601704,46.6,197.2
punjab_stubble_belt,2026-07-24,31.875,75.275,8.00909308051713e-05,0.2894610157601704,46.6,197.2
punjab_stubble_belt,2026-07-25,31.325,74.875,0.0002029533056393,0.2445964509137599,84.8,235.4
punjab_stubble_belt,2026-07-25,31.325,74.925,0.0002029533056393,0.2445964509137599,84.8,235.4
punjab_stubble_belt,2026-07-25,31.325,74.975,0.0001443256301759,0.2883570809961245,70.6,221.2
punjab_stubble_belt,2026-07-25,31.325,75.025,0.0001372903091203,0.2936083566060082,68.9,219.5
punjab_stubble_belt,2026-07-25,31.375,74.875,0.0002029533056393,0.2445964509137599,84.8,235.4
punjab_stubble_belt,2026-07-25,31.375,74.925,0.0002029533056393,0.2445964509137599,84.8,235.4
punjab_stubble_belt,2026-07-25,31.375,74.975,0.0001250966279883,0.2585318613572989,57.9,208.5
punjab_stubble_belt,2026-07-25,31.375,75.025,0.0001342655723849,0.2533046187699262,60.4,211.0
punjab_stubble_belt,2026-07-25,31.375,75.075,0.000155550087157,0.2605605485985229,69.8,220.4
punjab_stubble_belt,2026-07-25,31.375,75.125,0.0001608236271039,0.2875711590944669,76.7,227.3
punjab_stubble_belt,2026-07-25,31.425,74.975,9.829665543991352e-05,0.2154242832437495,40.0,190.6
punjab_stubble_belt,2026-07-25,31.425,75.025,0.0001258449349522,0.239071947837797,54.7,205.3
punjab_stubble_belt,2026-07-25,31.425,75.075,0.00014065735407,0.2627004498790566,64.6,215.2
punjab_stubble_belt,2026-07-25,31.425,75.125,0.0001436104638154,0.2835473216092172,69.5,220.1
punjab_stubble_belt,2026-07-25,31.475,75.025,7.522515594324576e-05,0.2763360545728058,42.4,193.0
punjab_stubble_belt,2026-07-25,31.475,75.075,7.06605448240506e-05,0.271978444924847,39.9,190.5
punjab_stubble_belt,2026-07-25,31.475,75.125,6.3052859625392e-05,0.264715762178249,35.7,186.3
punjab_stubble_belt,2026-07-25,31.525,75.025,7.522515594324576e-05,0.2763360545728058,42.4,193.0
punjab_stubble_belt,2026-07-25,31.525,75.075,7.079886637311712e-05,0.2721104937020579,39.9,190.5
punjab_stubble_belt,2026-07-25,31.525,75.125,6.3052859625392e-05,0.264715762178249,35.7,186.3
punjab_stubble_belt,2026-07-25,31.675,74.625,0.0001990964345157,0.1821460471916574,71.9,222.5
punjab_stubble_belt,2026-07-25,31.675,74.675,0.0002250599981892,0.2556212429839142,95.1,245.7
punjab_stubble_belt,2026-07-25,31.675,74.725,0.0002250599981892,0.2556212429839142,95.1,245.7
punjab_stubble_belt,2026-07-25,31.725,74.625,0.0001992916492802,0.1826984922728022,72.1,222.7
punjab_stubble_belt,2026-07-25,31.725,74.675,0.0002250599981892,0.2556212429839142,95.1,245.7
punjab_stubble_belt,2026-07-25,31.725,74.725,0.0002250599981892,0.2556212429839142,95.1,245.7
punjab_stubble_belt,2026-07-25,31.775,74.625,0.0001773404074807,0.1618877292645547,60.0,210.6
punjab_stubble_belt,2026-07-25,31.775,74.675,0.0002245277730976,0.2351291910361901,91.2,241.8
punjab_stubble_belt,2026-07-25,31.775,74.725,0.0002245145290704,0.2346192615027688,91.1,241.7
punjab_stubble_belt,2026-07-25,31.825,74.625,0.0001928002630996,0.1642990674350621,66.3,216.9
punjab_stubble_belt,2026-07-25,31.825,74.675,0.0001922784555992,0.1985542331344004,72.3,222.9
punjab_stubble_belt,2026-07-25,31.825,74.725,0.0001921350220637,0.1984020238771605,72.3,222.9
punjab_stubble_belt,2026-07-25,31.875,74.625,0.0002030235199726,0.1672265750390015,70.7,221.3
punjab_stubble_belt,2026-07-25,31.875,74.675,0.0001736607826893,0.1787974715446646,61.7,212.3
punjab_stubble_belt,2026-07-25,31.875,74.725,0.0001736607826893,0.1787974715446646,61.7,212.3
punjab_stubble_belt,2026-07-26,31.325,74.625,0.0001364954884086,0.2177687683764259,54.8,205.4
punjab_stubble_belt,2026-07-26,31.325,74.675,0.0001214233755025,0.2037991027975587,46.6,197.2
punjab_stubble_belt,2026-07-26,31.325,74.725,0.0001529195277693,0.1968012424186816,57.2,207.8
punjab_stubble_belt,2026-07-26,31.325,74.775,0.0001502606842884,0.2191890965995856,60.2,210.8
punjab_stubble_belt,2026-07-26,31.325,74.825,0.000195234850261,0.2164220380687519,76.7,227.3
punjab_stubble_belt,2026-07-26,31.325,74.875,0.0002567479052657,0.1941484721305856,95.9,246.5
punjab_stubble_belt,2026-07-26,31.325,74.925,0.0002095545196905,0.1872693529070606,76.8,227.4
punjab_stubble_belt,2026-07-26,31.325,74.975,0.0001869540519326,0.1219097149094317,56.3,206.9
punjab_stubble_belt,2026-07-26,31.325,75.025,0.0001995505208051,0.0588174780657074,49.6,200.2
punjab_stubble_belt,2026-07-26,31.325,75.075,0.0001877150837158,0.0176535484739939,37.6,188.2
punjab_stubble_belt,2026-07-26,31.325,75.125,0.0001553080808967,0.0048445929505398,23.0,173.6
punjab_stubble_belt,2026-07-26,31.325,75.175,0.0001753392245519,0.0249443128041886,34.2,184.8
punjab_stubble_belt,2026-07-26,31.325,75.225,0.0002206653291391,0.0228999671756497,51.0,201.6
punjab_stubble_belt,2026-07-26,31.325,75.275,0.0001681772027226,0.0646691440142812,38.8,189.4
punjab_stubble_belt,2026-07-26,31.325,75.3,0.0001175287150731,0.0814158951510194,22.7,173.3
punjab_stubble_belt,2026-07-26,31.375,74.625,0.0001713263087456,0.1625558743853135,57.9,208.5
punjab_stubble_belt,2026-07-26,31.375,74.675,0.000161870077745,0.1609935487698195,54.0,204.6
punjab_stubble_belt,2026-07-26,31.375,74.725,0.0001343690213895,0.1373230310735645,39.3,189.9
punjab_stubble_belt,2026-07-26,31.375,74.775,0.0001194958614976,0.1535143022160705,36.6,187.2
punjab_stubble_belt,2026-07-26,31.375,74.825,0.0001458807411648,0.1727825985350556,50.1,200.7
punjab_stubble_belt,2026-07-26,31.375,74.875,0.000191178106613,0.1864328154097082,69.7,220.3
punjab_stubble_belt,2026-07-26,31.375,74.925,0.0001826900363607,0.1808457834103556,65.5,216.1
punjab_stubble_belt,2026-07-26,31.375,74.975,0.0001349984360302,0.1530146325475473,42.4,193.0
punjab_stubble_belt,2026-07-26,31.375,75.025,0.0001697839277085,0.1149475154221815,48.6,199.2
punjab_stubble_belt,2026-07-26,31.375,75.075,0.0001817206156306,0.0851115067691273,47.6,198.2
punjab_stubble_belt,2026-07-26,31.375,75.125,0.0001646081689946,0.0726794992077499,38.9,189.5
punjab_stubble_belt,2026-07-26,31.375,75.175,0.0001717537684697,0.1068749224491705,47.8,198.4
punjab_stubble_belt,2026-07-26,31.375,75.225,0.0002206127607573,0.111733325340067,67.2,217.8
punjab_stubble_belt,2026-07-26,31.375,75.275,0.0001902357873001,0.1283787659388468,58.7,209.3
punjab_stubble_belt,2026-07-26,31.375,75.3,0.0001676483736525,0.1427812920172952,52.9,203.5
punjab_stubble_belt,2026-07-26,31.425,74.625,0.0002240473593486,0.1211890567944476,70.2,220.8
punjab_stubble_belt,2026-07-26,31.425,74.675,0.000227234419637,0.1188221067210395,71.0,221.6
punjab_stubble_belt,2026-07-26,31.425,74.725,8.757715397005908e-05,0.0817810605976258,11.5,162.1
punjab_stubble_belt,2026-07-26,31.425,74.775,7.818876177077748e-05,0.0899762099462151,9.4,160.0
punjab_stubble_belt,2026-07-26,31.425,74.825,9.741210315082495e-05,0.124208857123905,23.0,173.6
punjab_stubble_belt,2026-07-26,31.425,74.875,0.0001338162529156,0.162781788067297,43.7,194.3
punjab_stubble_belt,2026-07-26,31.425,74.925,0.000187712385031,0.147270824243577,61.2,211.8
punjab_stubble_belt,2026-07-26,31.425,74.975,0.0001413608099347,0.1649500844117128,47.0,197.6
punjab_stubble_belt,2026-07-26,31.425,75.025,0.0001492848501993,0.170894184182459,51.1,201.7
punjab_stubble_belt,2026-07-26,31.425,75.075,0.0001603181488077,0.1681502484009249,54.7,205.3
punjab_stubble_belt,2026-07-26,31.425,75.125,0.0001676664620233,0.1655266388675689,57.0,207.6
punjab_stubble_belt,2026-07-26,31.425,75.175,0.0001773858276415,0.2096871854784265,68.7,219.3
punjab_stubble_belt,2026-07-26,31.425,75.225,0.0002151873700479,0.2193524782278678,84.8,235.4
punjab_stubble_belt,2026-07-26,31.425,75.275,0.0002189550429804,0.1899667758976536,80.8,231.4
punjab_stubble_belt,2026-07-26,31.425,75.3,0.0002710674095313,0.157302502994317,94.5,245.1
punjab_stubble_belt,2026-07-26,31.475,74.625,0.0002312724855021,0.1458265444568233,77.4,228.0
punjab_stubble_belt,2026-07-26,31.475,74.675,0.000214844493746,0.1532099496082599,72.6,223.2
punjab_stubble_belt,2026-07-26,31.475,74.725,9.684407305751448e-05,0.1205705085336863,22.1,172.7
punjab_stubble_belt,2026-07-26,31.475,74.775,8.502966818293878e-05,0.1016707111689284,14.2,164.8
punjab_stubble_belt,2026-07-26,31.475,74.825,0.0001466855590189,0.0860731067373205,34.6,185.2
punjab_stubble_belt,2026-07-26,31.475,74.875,0.0002417523048489,0.0782712117184687,69.0,219.6
punjab_stubble_belt,2026-07-26,31.475,74.925,0.00025478552828,0.096005160388299,77.2,227.8
punjab_stubble_belt,2026-07-26,31.475,74.975,0.0001819188541511,0.1325012485347337,56.4,207.0
punjab_stubble_belt,2026-07-26,31.475,75.025,0.0001550217615609,0.1706427245192961,53.2,203.8
punjab_stubble_belt,2026-07-26,31.475,75.075,0.0001654906366439,0.1929015186412524,61.2,211.8
punjab_stubble_belt,2026-07-26,31.475,75.125,0.0001938076956386,0.2044694488890394,74.0,224.6
punjab_stubble_belt,2026-07-26,31.475,75.175,0.0001432243983948,0.2574327161183364,64.6,215.2
punjab_stubble_belt,2026-07-26,31.475,75.225,0.0002094169867957,0.2416956015437588,86.7,237.3
punjab_stubble_belt,2026-07-26,31.475,75.275,0.0003004331529399,0.1781919483217055,109.4,260.0
punjab_stubble_belt,2026-07-26,31.525,74.625,0.0002487544638754,0.2234712130104193,98.2,248.8
punjab_stubble_belt,2026-07-26,31.525,74.675,0.0002233932489458,0.2391911782060054,91.5,242.1
punjab_stubble_belt,2026-07-26,31.525,74.725,0.0001557112113846,0.182028834813732,55.5,206.1
punjab_stubble_belt,2026-07-26,31.525,74.775,8.502246875836269e-05,0.1016200223292191,14.2,164.8
punjab_stubble_belt,2026-07-26,31.525,74.825,9.3625632925454e-05,0.0990701846255522,16.9,167.5
punjab_stubble_belt,2026-07-26,31.525,74.875,0.0001123324947988,0.0926605949656392,22.8,173.4
punjab_stubble_belt,2026-07-26,31.525,74.925,0.000221011485131,0.0521269451872578,56.4,207.0
punjab_stubble_belt,2026-07-26,31.525,74.975,0.0002229860711675,0.0977984088971839,65.5,216.1
punjab_stubble_belt,2026-07-26,31.525,75.025,0.0001797368729694,0.2066202308991722,69.1,219.7
punjab_stubble_belt,2026-07-26,31.525,75.075,0.0001620219983806,0.2666041485500152,73.3,223.9
punjab_stubble_belt,2026-07-26,31.525,75.125,0.0001755467774126,0.2652539529708902,78.2,228.8
punjab_stubble_belt,2026-07-26,31.525,75.175,0.0001842981803603,0.2558921303437249,79.8,230.4
punjab_stubble_belt,2026-07-26,31.525,75.225,0.0001842236149425,0.2254274952268038,74.2,224.8
punjab_stubble_belt,2026-07-26,31.525,75.275,0.0001533767468945,0.1341520014857266,45.9,196.5
punjab_stubble_belt,2026-07-26,31.525,75.3,0.0002345015806912,0.1047010511575144,71.1,221.7
punjab_stubble_belt,2026-07-26,31.575,74.625,0.0001894402834597,0.2232876930007825,75.8,226.4
punjab_stubble_belt,2026-07-26,31.575,74.675,0.0001918201470655,0.2570610992744083,82.9,233.5
punjab_stubble_belt,2026-07-26,31.575,74.725,0.000191719643663,0.2570951966524847,82.8,233.4
punjab_stubble_belt,2026-07-26,31.575,74.825,4.128160143475007e-05,0.2041453574904544,16.4,167.0
punjab_stubble_belt,2026-07-26,31.575,74.875,6.609568281673455e-05,0.1867111297593666,22.6,173.2
punjab_stubble_belt,2026-07-26,31.575,74.925,0.000208733653144,0.0846962197031203,57.7,208.3
punjab_stubble_belt,2026-07-26,31.575,74.975,0.0002597268165433,0.1258324735664701,84.5,235.1
punjab_stubble_belt,2026-07-26,31.575,75.025,0.0002002044557828,0.1940561112342344,74.5,225.1
punjab_stubble_belt,2026-07-26,31.575,75.075,0.0001743224544127,0.2304217633085497,71.4,222.0
punjab_stubble_belt,2026-07-26,31.575,75.125,0.0001960282157804,0.2268314538474569,78.9,229.5
punjab_stubble_belt,2026-07-26,31.575,75.175,0.0002164020119261,0.192053672955109,80.3,230.9
punjab_stubble_belt,2026-07-26,31.575,75.225,0.0001580034449721,0.1402953474786432,48.8,199.4
punjab_stubble_belt,2026-07-26,31.575,75.275,0.000126694052689,0.074516897644754,24.9,175.5
punjab_stubble_belt,2026-07-26,31.575,75.3,0.000112848721264,0.0452405961093392,14.4,165.0
punjab_stubble_belt,2026-07-26,31.625,74.625,0.000158385561218,0.2403991055915166,67.2,217.8
punjab_stubble_belt,2026-07-26,31.625,74.675,0.0001755385958457,0.2625848745227951,77.7,228.3
punjab_stubble_belt,2026-07-26,31.625,74.725,0.0001755385958457,0.2625848745227951,77.7,228.3
punjab_stubble_belt,2026-07-26,31.625,74.825,9.78418367175815e-05,0.2590739912714541,47.8,198.4
punjab_stubble_belt,2026-07-26,31.625,74.875,0.0001163500075205,0.2392946888777867,51.1,201.7
punjab_stubble_belt,2026-07-26,31.625,74.925,0.0002212555846759,0.1227856021570766,69.4,220.0
punjab_stubble_belt,2026-07-26,31.625,74.975,0.0002428042936041,0.147192343253093,82.0,232.6
punjab_stubble_belt,2026-07-26,31.625,75.025,0.0001737190243556,0.1685626256567901,59.9,210.5
punjab_stubble_belt,2026-07-26,31.625,75.075,0.0001339662516621,0.1759706580717953,46.2,196.8
punjab_stubble_belt,2026-07-26,31.625,75.125,0.0001472436433296,0.1632843735641123,48.9,199.5
punjab_stubble_belt,2026-07-26,31.625,75.175,0.0002258423331345,0.1057504620865144,68.1,218.7
punjab_stubble_belt,2026-07-26,31.625,75.225,0.0002241234620056,0.0600510525321158,59.1,209.7
punjab_stubble_belt,2026-07-26,31.625,75.275,0.0001644940529518,0.0279101458163903,30.7,181.3
punjab_stubble_belt,2026-07-26,31.625,75.3,0.0001282141163598,0.0095075564284685,13.6,164.2
punjab_stubble_belt,2026-07-26,31.675,74.625,0.0001447744096863,0.2723509287083661,67.9,218.5
punjab_stubble_belt,2026-07-26,31.675,74.825,0.0001923274664497,0.2588965063648719,83.4,234.0
punjab_stubble_belt,2026-07-26,31.675,74.875,0.0001971192990566,0.2444610831471305,82.5,233.1
punjab_stubble_belt,2026-07-26,31.675,74.925,0.0002307966070526,0.1608484563102703,80.0,230.6
punjab_stubble_belt,2026-07-26,31.675,74.975,0.0001838864282217,0.1663206298223404,63.3,213.9
punjab_stubble_belt,2026-07-26,31.675,75.025,0.0001130414052075,0.1543329337386445,34.4,185.0
punjab_stubble_belt,2026-07-26,31.675,75.075,6.711136491606617e-05,0.1360120579090473,13.7,164.3
punjab_stubble_belt,2026-07-26,31.675,75.125,7.012180884101084e-05,0.1071293733516324,9.5,160.1
punjab_stubble_belt,2026-07-26,31.675,75.175,0.0002009191546271,0.0356195365812726,45.8,196.4
punjab_stubble_belt,2026-07-26,31.675,75.225,0.0003086142339102,0.009137659573925,81.6,232.2
punjab_stubble_belt,2026-07-26,31.675,75.275,0.00021785387655,0.0019598887915788,46.1,196.7
punjab_stubble_belt,2026-07-26,31.675,75.3,0.000151210382182,0.0,20.6,171.2
punjab_stubble_belt,2026-07-26,31.725,74.625,7.361966904387308e-05,0.2470741570795466,36.4,187.0
punjab_stubble_belt,2026-07-26,31.725,74.825,5.498691466854333e-05,0.234240420462141,27.0,177.6
punjab_stubble_belt,2026-07-26,31.725,74.875,6.751421065186687e-05,0.2307181499410598,31.1,181.7
punjab_stubble_belt,2026-07-26,31.725,74.925,0.00013902419189,0.210611855716554,54.4,205.0
punjab_stubble_belt,2026-07-26,31.725,74.975,0.0001258388141969,0.2243876556336274,52.0,202.6
punjab_stubble_belt,2026-07-26,31.725,75.025,7.174069715936031e-05,0.2192130577067575,30.6,181.2
punjab_stubble_belt,2026-07-26,31.725,75.075,7.670860424206185e-05,0.1906522789411854,27.3,177.9
punjab_stubble_belt,2026-07-26,31.725,75.125,0.0001316216029754,0.1427854850719243,39.3,189.9
punjab_stubble_belt,2026-07-26,31.725,75.175,0.0001015803126896,0.0918005607487794,18.6,169.2
punjab_stubble_belt,2026-07-26,31.725,75.225,0.0001355065515224,0.0426255609061228,22.4,173.0
punjab_stubble_belt,2026-07-26,31.725,75.275,0.0001501444020781,0.0138504218259264,22.7,173.3
punjab_stubble_belt,2026-07-26,31.775,74.625,2.965018783857639e-05,0.1645578715643724,4.8,155.4
punjab_stubble_belt,2026-07-26,31.775,74.675,0.0001039695029833,0.2815627672900999,54.2,204.8
punjab_stubble_belt,2026-07-26,31.775,74.725,0.0001039695029833,0.2815627672900999,54.2,204.8
punjab_stubble_belt,2026-07-26,31.775,74.825,0.000134298726971,0.2659071318918101,62.8,213.4
punjab_stubble_belt,2026-07-26,31.775,74.875,0.0001395057089045,0.255799363768535,62.9,213.5
punjab_stubble_belt,2026-07-26,31.775,74.925,0.0001672105305287,0.195352589851049,62.3,212.9
punjab_stubble_belt,2026-07-26,31.775,74.975,0.0001628411100961,0.1771081478907961,57.3,207.9
punjab_stubble_belt,2026-07-26,31.775,75.025,0.0001215421972283,0.1605947642616325,38.7,189.3
punjab_stubble_belt,2026-07-26,31.775,75.075,0.0001195752272367,0.1471703578723353,35.5,186.1
punjab_stubble_belt,2026-07-26,31.775,75.125,0.0001487932074362,0.1433844057582596,45.8,196.4
punjab_stubble_belt,2026-07-26,31.775,75.175,0.0001121211953782,0.1727047213271361,37.4,188.0
punjab_stubble_belt,2026-07-26,31.775,75.225,0.0001222574556298,0.0683920811251128,22.1,172.7
punjab_stubble_belt,2026-07-26,31.775,75.275,0.0001262752633569,0.0204400008444377,14.9,165.5
punjab_stubble_belt,2026-07-26,31.775,75.3,0.0001405156043799,0.0,16.5,167.1
punjab_stubble_belt,2026-07-26,31.825,74.625,7.078490131937823e-05,0.0750854919668494,3.9,154.5
punjab_stubble_belt,2026-07-26,31.825,74.675,0.0001587838543824,0.1119730358399681,43.9,194.5
punjab_stubble_belt,2026-07-26,31.825,74.725,0.0003456648474581,0.0407193504622248,101.4,252.0
punjab_stubble_belt,2026-07-26,31.825,74.775,0.0002577510181644,0.0381284913567851,67.7,218.3
punjab_stubble_belt,2026-07-26,31.825,74.825,0.0001998002026673,0.1443538127050255,65.3,215.9
punjab_stubble_belt,2026-07-26,31.825,74.875,0.0001958444076568,0.2370533786458463,80.7,231.3
punjab_stubble_belt,2026-07-26,31.825,74.925,0.0001705380843958,0.1935511487419269,63.2,213.8
punjab_stubble_belt,2026-07-26,31.825,74.975,0.000123697826408,0.2420209650036754,54.4,205.0
punjab_stubble_belt,2026-07-26,31.825,75.025,0.0001277020299113,0.200569833465859,48.3,198.9
punjab_stubble_belt,2026-07-26,31.825,75.075,0.0001411233654901,0.1546197867703143,45.0,195.6
punjab_stubble_belt,2026-07-26,31.825,75.125,0.0001566874143161,0.1178545504290013,44.2,194.8
punjab_stubble_belt,2026-07-26,31.825,75.175,0.0001475500165869,0.1007105733736612,37.6,188.2
punjab_stubble_belt,2026-07-26,31.825,75.225,0.0001831866477757,0.0666619557131135,44.8,195.4
punjab_stubble_belt,2026-07-26,31.825,75.275,0.0002093809924732,0.0307685916240413,48.1,198.7
punjab_stubble_belt,2026-07-26,31.825,75.3,0.0002018760142644,0.0084180312186276,41.2,191.8
punjab_stubble_belt,2026-07-26,31.875,74.625,0.000115018792833,0.036776729047022,13.6,164.2
punjab_stubble_belt,2026-07-26,31.875,74.675,0.0001907404038653,0.0155819463249745,38.3,188.9
punjab_stubble_belt,2026-07-26,31.875,74.725,0.0003154276350702,0.0217093244845892,86.5,237.1
punjab_stubble_belt,2026-07-26,31.875,74.775,0.0002367647551138,0.0246197332270386,57.4,208.0
punjab_stubble_belt,2026-07-26,31.875,74.825,0.0001758629079774,0.0773447210417966,44.0,194.6
punjab_stubble_belt,2026-07-26,31.875,74.875,0.0001498007904309,0.1591999979555027,49.1,199.7
punjab_stubble_belt,2026-07-26,31.875,74.925,0.0001570920896202,0.2707967079066327,72.3,222.9
punjab_stubble_belt,2026-07-26,31.875,74.975,9.98828442255239e-05,0.2858330028186854,53.4,204.0
punjab_stubble_belt,2026-07-26,31.875,75.025,0.00012777199045,0.2205243422009089,52.0,202.6
punjab_stubble_belt,2026-07-26,31.875,75.075,0.0001462639940983,0.1651740987468544,48.9,199.5
punjab_stubble_belt,2026-07-26,31.875,75.125,0.0001594416054558,0.1036499069254983,42.6,193.2
punjab_stubble_belt,2026-07-26,31.875,75.175,0.0001681066492741,0.0383116861855926,33.9,184.5
punjab_stubble_belt,2026-07-26,31.875,75.225,0.0002291858722104,0.047985302229158,58.8,209.4
punjab_stubble_belt,2026-07-26,31.875,75.275,0.0002614509097428,0.0270087502907626,67.1,217.7
punjab_stubble_belt,2026-07-26,31.875,75.3,0.0002756779486923,0.0103657548396109,69.4,220.0
punjab_stubble_belt,2026-07-27,31.325,75.025,4.1166204027830375e-05,0.2749819457530896,29.3,179.9
punjab_stubble_belt,2026-07-27,31.325,75.075,5.5613729649519337e-05,0.2764815584798994,35.0,185.6
punjab_stubble_belt,2026-07-27,31.325,75.125,7.969293901900092e-05,0.2789809130245825,44.5,195.1
punjab_stubble_belt,2026-07-27,31.375,75.025,4.1166204027830375e-05,0.2749819457530896,29.3,179.9
punjab_stubble_belt,2026-07-27,31.375,75.075,5.5720748357828135e-05,0.2764926667223203,35.0,185.6
punjab_stubble_belt,2026-07-27,31.375,75.125,7.969293901900092e-05,0.2789809130245825,44.5,195.1
punjab_stubble_belt,2026-07-27,31.375,75.225,0.0001280722056162,0.2774193657434738,62.5,213.1
punjab_stubble_belt,2026-07-27,31.375,75.275,0.0001684856917268,0.2694200825713336,76.3,226.9
punjab_stubble_belt,2026-07-27,31.375,75.3,0.0001954280158006,0.2640872271232402,85.5,236.1
punjab_stubble_belt,2026-07-27,31.425,75.025,0.000100937183045,0.2834953514896352,53.4,204.0
punjab_stubble_belt,2026-07-27,31.425,75.075,0.000100937183045,0.2834953514896352,53.4,204.0
punjab_stubble_belt,2026-07-27,31.425,75.125,0.0002408127049681,0.2867109802741946,106.8,257.4
punjab_stubble_belt,2026-07-27,31.425,75.175,0.0002408127049681,0.2867109802741946,106.8,257.4
punjab_stubble_belt,2026-07-27,31.425,75.225,0.000126549068384,0.2747368508963489,61.4,212.0
punjab_stubble_belt,2026-07-27,31.425,75.275,0.0001608770551687,0.2670284496356493,73.0,223.6
punjab_stubble_belt,2026-07-27,31.425,75.3,0.0001666363718059,0.2588605360502238,73.7,224.3
punjab_stubble_belt,2026-07-27,31.475,75.025,0.000100937183045,0.2834953514896352,53.4,204.0
punjab_stubble_belt,2026-07-27,31.475,75.075,0.000100937183045,0.2834953514896352,53.4,204.0
punjab_stubble_belt,2026-07-27,31.475,75.125,0.0002408127049681,0.2867109802741946,106.8,257.4
punjab_stubble_belt,2026-07-27,31.475,75.175,0.0002408127049681,0.2867109802741946,106.8,257.4
punjab_stubble_belt,2026-07-27,31.475,75.225,0.0001194747892937,0.263649271732239,56.8,207.4
punjab_stubble_belt,2026-07-27,31.475,75.275,0.0001229082803237,0.256164179254239,56.7,207.3
punjab_stubble_belt,2026-07-27,31.525,74.975,6.341222673401307e-05,0.2944290294192549,41.2,191.8
punjab_stubble_belt,2026-07-27,31.525,75.025,9.139441980293722e-05,0.2832731026746096,49.7,200.3
punjab_stubble_belt,2026-07-27,31.525,75.075,0.0001258291567422,0.2600933161324248,58.5,209.1
punjab_stubble_belt,2026-07-27,31.525,75.125,0.0001621113301398,0.2309881794002494,66.9,217.5
punjab_stubble_belt,2026-07-27,31.525,75.175,0.0001731880790356,0.2438082676286262,73.4,224.0
punjab_stubble_belt,2026-07-27,31.525,75.225,0.0001684291184684,0.2377632196745505,70.5,221.1
punjab_stubble_belt,2026-07-27,31.525,75.275,0.0001784224062458,0.2501438969947138,76.5,227.1
punjab_stubble_belt,2026-07-27,31.525,75.3,0.0001636238301186,0.2564151873664278,72.1,222.7
punjab_stubble_belt,2026-07-27,31.575,74.975,6.341222673401307e-05,0.2944290294192549,41.2,191.8
punjab_stubble_belt,2026-07-27,31.575,75.025,0.000170439848669,0.2632557479483828,75.9,226.5
punjab_stubble_belt,2026-07-27,31.575,75.075,0.0001866312580673,0.2471492488963837,79.1,229.7
punjab_stubble_belt,2026-07-27,31.575,75.125,0.0001788381996376,0.229130069017228,72.8,223.4
punjab_stubble_belt,2026-07-27,31.575,75.175,0.0001721383544214,0.2212416563478231,68.9,219.5
punjab_stubble_belt,2026-07-27,31.575,75.225,0.0001686080853329,0.2152293054806454,66.4,217.0
punjab_stubble_belt,2026-07-27,31.575,75.275,0.0001623850569061,0.2255659504146404,66.0,216.6
punjab_stubble_belt,2026-07-27,31.575,75.3,0.0001663420652583,0.2395070171178476,70.0,220.6
punjab_stubble_belt,2026-07-27,31.625,75.025,0.0002000980006324,0.2234690131279809,79.8,230.4
punjab_stubble_belt,2026-07-27,31.625,75.075,0.0001783650286535,0.2136813272376489,69.8,220.4
punjab_stubble_belt,2026-07-27,31.625,75.125,0.0001430117106026,0.1975331344678406,53.6,204.2
punjab_stubble_belt,2026-07-27,31.625,75.175,0.000148541212655,0.1978792182355423,55.7,206.3
punjab_stubble_belt,2026-07-27,31.625,75.225,0.0001535507528385,0.1965374899053458,57.4,208.0
punjab_stubble_belt,2026-07-27,31.625,75.275,0.0001311697421748,0.2103333223967977,51.4,202.0
punjab_stubble_belt,2026-07-27,31.625,75.3,0.0001093208570466,0.219622868372435,44.9,195.5
punjab_stubble_belt,2026-07-27,31.675,74.625,0.000315120662978,0.2375206819405597,125.8,276.4
punjab_stubble_belt,2026-07-27,31.675,74.675,0.0004404846695252,0.2599722743034577,177.2,327.8
punjab_stubble_belt,2026-07-27,31.675,74.725,0.0004190578980682,0.2567056688071137,168.5,319.1
punjab_stubble_belt,2026-07-27,31.675,74.775,0.0003968175033547,0.2493307735605011,158.8,309.4
punjab_stubble_belt,2026-07-27,31.675,74.825,0.0003264013773529,0.2277836365503431,128.3,278.9
punjab_stubble_belt,2026-07-27,31.675,74.875,0.0002590743072673,0.2025302996407098,98.3,248.9
punjab_stubble_belt,2026-07-27,31.675,74.925,0.0004228466300582,0.2176582015335414,162.8,313.4
punjab_stubble_belt,2026-07-27,31.675,74.975,0.0002557643973498,0.2338522527142129,102.7,253.3
punjab_stubble_belt,2026-07-27,31.675,75.025,0.0001657952332396,0.1946734859308488,61.6,212.2
punjab_stubble_belt,2026-07-27,31.675,75.075,0.0001320909700482,0.1785095801116206,46.0,196.6
punjab_stubble_belt,2026-07-27,31.675,75.125,8.901863901198774e-05,0.1592146535480507,26.2,176.8
punjab_stubble_belt,2026-07-27,31.675,75.175,0.0001222041718992,0.1799684006163109,42.5,193.1
punjab_stubble_belt,2026-07-27,31.675,75.225,0.0001414059449442,0.1853196217336931,50.7,201.3
punjab_stubble_belt,2026-07-27,31.675,75.275,0.0001153111426147,0.2110762590131091,45.6,196.2
punjab_stubble_belt,2026-07-27,31.675,75.3,0.000148005424662,0.2464832046787284,64.4,215.0
punjab_stubble_belt,2026-07-27,31.725,74.625,0.0003160632494934,0.2376894909056942,126.2,276.8
punjab_stubble_belt,2026-07-27,31.725,74.675,0.0004404846695252,0.2599722743034577,177.2,327.8
punjab_stubble_belt,2026-07-27,31.725,74.725,0.0004197535724661,0.2568117274271249,168.8,319.4
punjab_stubble_belt,2026-07-27,31.725,74.775,0.000396412428106,0.2491931275951945,158.6,309.2
punjab_stubble_belt,2026-07-27,31.725,74.825,0.0003245260116691,0.227221952423944,127.5,278.1
punjab_stubble_belt,2026-07-27,31.725,74.875,0.0002625837141842,0.2028544689669848,99.7,250.3
punjab_stubble_belt,2026-07-27,31.725,74.925,0.0004228466300582,0.2176582015335414,162.8,313.4
punjab_stubble_belt,2026-07-27,31.725,74.975,0.0002591742388337,0.233521761873791,104.0,254.6
punjab_stubble_belt,2026-07-27,31.725,75.025,0.0002146821371705,0.2205983844131331,84.8,235.4
punjab_stubble_belt,2026-07-27,31.725,75.075,0.0001834206576816,0.2086478960423967,70.8,221.4
punjab_stubble_belt,2026-07-27,31.725,75.125,0.0001595871014596,0.2018595812123027,60.6,211.2
punjab_stubble_belt,2026-07-27,31.725,75.175,0.0001895119941752,0.1933761646181016,70.3,220.9
punjab_stubble_belt,2026-07-27,31.725,75.225,0.000183387844571,0.1915306311601639,67.7,218.3
punjab_stubble_belt,2026-07-27,31.725,75.275,0.0002054526076604,0.2408227903584621,85.0,235.6
punjab_stubble_belt,2026-07-27,31.775,74.625,0.0002705484537177,0.1992009420006987,102.0,252.6
punjab_stubble_belt,2026-07-27,31.775,74.675,0.000339807209544,0.2250767997167324,132.9,283.5
punjab_stubble_belt,2026-07-27,31.775,74.725,0.0004745603632367,0.2145045898432886,181.8,332.4
punjab_stubble_belt,2026-07-27,31.775,74.775,0.0003919409964436,0.2033259131123298,148.6,299.2
punjab_stubble_belt,2026-07-27,31.775,74.825,0.0002314030604672,0.1847257380978131,84.6,235.2
punjab_stubble_belt,2026-07-27,31.775,74.875,0.0001002711042781,0.164244608670612,31.3,181.9
punjab_stubble_belt,2026-07-27,31.775,74.925,0.0003108976559304,0.1647402548797783,110.9,261.5
punjab_stubble_belt,2026-07-27,31.775,74.975,0.0001585937250681,0.1983671338400516,59.6,210.2
punjab_stubble_belt,2026-07-27,31.775,75.025,0.0001678565036435,0.2235258262634121,67.7,218.3
punjab_stubble_belt,2026-07-27,31.775,75.075,0.0001727175896765,0.2197853837917737,68.8,219.4
punjab_stubble_belt,2026-07-27,31.775,75.125,0.0001505802738742,0.1849773507781427,54.1,204.7
punjab_stubble_belt,2026-07-27,31.775,75.175,0.0001049323222243,0.1211660765786466,25.2,175.8
punjab_stubble_belt,2026-07-27,31.775,75.225,0.0001511094548747,0.1421081951331715,46.5,197.1
punjab_stubble_belt,2026-07-27,31.775,75.275,0.0002241411704816,0.1939697933119848,83.5,234.1
punjab_stubble_belt,2026-07-27,31.775,75.3,0.0002464354559503,0.2469252743910035,101.6,252.2
punjab_stubble_belt,2026-07-27,31.825,74.625,0.0001917522813645,0.177414034510445,68.3,218.9
punjab_stubble_belt,2026-07-27,31.825,74.675,0.00022049156038,0.187166152164879,80.9,231.5
punjab_stubble_belt,2026-07-27,31.825,74.725,0.0003193720607954,0.1954565644382134,119.7,270.3
punjab_stubble_belt,2026-07-27,31.825,74.775,0.0002655128425098,0.1899849037855404,98.4,249.0
punjab_stubble_belt,2026-07-27,31.825,74.825,0.0001958888447585,0.1798969713605175,70.3,220.9
punjab_stubble_belt,2026-07-27,31.825,74.875,0.0001538313749466,0.1704249550634271,52.7,203.3
punjab_stubble_belt,2026-07-27,31.825,74.925,0.0002557513501353,0.1755170521934559,92.1,242.7
punjab_stubble_belt,2026-07-27,31.825,74.975,0.0001724462130686,0.2094014633554264,66.8,217.4
punjab_stubble_belt,2026-07-27,31.825,75.025,0.0001968945014237,0.2175506640320144,77.5,228.1
punjab_stubble_belt,2026-07-27,31.825,75.075,0.0002104413876657,0.1970190919719092,78.9,229.5
punjab_stubble_belt,2026-07-27,31.825,75.125,0.000194185073154,0.1534887316232993,64.8,215.4
punjab_stubble_belt,2026-07-27,31.825,75.175,0.0001456598425395,0.1149507236262572,39.5,190.1
punjab_stubble_belt,2026-07-27,31.825,75.225,0.000194763540934,0.1348397835593722,61.6,212.2
punjab_stubble_belt,2026-07-27,31.825,75.275,0.0002293373155652,0.1633453445940337,79.9,230.5
punjab_stubble_belt,2026-07-27,31.825,75.3,0.0002522655468983,0.1885843618373863,93.2,243.8
punjab_stubble_belt,2026-07-27,31.875,74.625,0.0001482696981532,0.1729259918248568,51.0,201.6
punjab_stubble_belt,2026-07-27,31.875,74.675,0.0001557086525646,0.1696216458624481,53.3,203.9
punjab_stubble_belt,2026-07-27,31.875,74.725,0.0002127859837995,0.1835645569533691,77.3,227.9
punjab_stubble_belt,2026-07-27,31.875,74.775,0.0001848165372612,0.1757932460054972,65.4,216.0
punjab_stubble_belt,2026-07-27,31.875,74.825,0.0001752646521612,0.1691540557856007,60.5,211.1
punjab_stubble_belt,2026-07-27,31.875,74.875,0.0001917156117237,0.1680909698202724,66.6,217.2
punjab_stubble_belt,2026-07-27,31.875,74.925,0.0002318249194872,0.1804360405045649,84.0,234.6
punjab_stubble_belt,2026-07-27,31.875,74.975,0.0002118207773705,0.2156740983286884,82.8,233.4
punjab_stubble_belt,2026-07-27,31.875,75.025,0.0002383470426005,0.2120673330599066,92.2,242.8
punjab_stubble_belt,2026-07-27,31.875,75.075,0.0002505812082491,0.1859570923862248,92.0,242.6
punjab_stubble_belt,2026-07-27,31.875,75.125,0.0002374984310267,0.1452378105980478,79.7,230.3
punjab_stubble_belt,2026-07-27,31.875,75.175,0.0001815108888066,0.1101669637609464,52.1,202.7
punjab_stubble_belt,2026-07-27,31.875,75.225,0.0002146201950213,0.1216362618760329,66.7,217.3
punjab_stubble_belt,2026-07-27,31.875,75.275,0.0002180108020642,0.1502635603907115,73.2,223.8
punjab_stubble_belt,2026-07-27,31.875,75.3,0.0002115026022748,0.1718512493334213,74.7,225.3
punjab_stubble_belt,2026-07-29,31.325,74.625,0.0001329767259594,0.2250829689811065,54.8,205.4
punjab_stubble_belt,2026-07-29,31.325,74.675,0.0001097453151938,0.1680585172112285,35.6,186.2
punjab_stubble_belt,2026-07-29,31.325,74.725,0.0002174756444318,0.2484157928358099,91.0,241.6
punjab_stubble_belt,2026-07-29,31.325,74.775,0.0002254852200324,0.2543020557427974,95.1,245.7
punjab_stubble_belt,2026-07-29,31.375,74.625,0.000160633250377,0.2648891686629722,72.5,223.1
punjab_stubble_belt,2026-07-29,31.375,74.675,0.0001663963137632,0.1890521725009671,60.8,211.4
punjab_stubble_belt,2026-07-29,31.375,74.725,0.0002091929375218,0.2625069063597385,90.4,241.0
punjab_stubble_belt,2026-07-29,31.375,74.775,0.0002157000964339,0.2729557008584,94.8,245.4
punjab_stubble_belt,2026-07-29,31.425,74.625,0.0001948226642468,0.234043631120356,79.8,230.4
punjab_stubble_belt,2026-07-29,31.425,74.675,0.0002466627238269,0.179509874777428,89.4,240.0
punjab_stubble_belt,2026-07-29,31.425,74.725,0.0002470842850679,0.1794927894779336,89.5,240.1
punjab_stubble_belt,2026-07-29,31.475,74.625,0.0001895429410527,0.1321780351498842,59.2,209.8
punjab_stubble_belt,2026-07-29,31.475,74.675,0.0002209799159151,0.1805507637927828,79.9,230.5
punjab_stubble_belt,2026-07-29,31.475,74.725,0.0002209799159151,0.1805507637927828,79.9,230.5
punjab_stubble_belt,2026-07-29,31.525,74.625,0.000263811283459,0.2412200839480872,107.1,257.7
punjab_stubble_belt,2026-07-29,31.525,74.675,0.0002209799159151,0.1805507637927828,79.9,230.5
punjab_stubble_belt,2026-07-29,31.575,74.625,0.0002711671214941,0.2520236294176022,111.9,262.5
punjab_stubble_belt,2026-07-30,31.325,75.275,0.00041755133063,0.2955288023352075,175.1,325.7
punjab_stubble_belt,2026-07-30,31.325,75.3,0.00041755133063,0.2955288023352075,175.1,325.7
punjab_stubble_belt,2026-07-30,31.375,75.275,0.0003256485983228,0.2361468001157111,129.5,280.1
punjab_stubble_belt,2026-07-30,31.375,75.3,0.0003125196365647,0.2276636569414973,123.0,273.6
punjab_stubble_belt,2026-07-30,31.425,75.275,0.0002271983704005,0.1455773568520548,75.8,226.4
punjab_stubble_belt,2026-07-30,31.425,75.3,0.0002637206338644,0.1192263937393743,84.8,235.4
punjab_stubble_belt,2026-07-30,31.475,75.275,0.0003199533252294,0.0786542759309614,98.6,249.2
punjab_stubble_belt,2026-07-30,31.525,74.975,0.0005298362133529,0.2833791328890124,215.2,365.8
punjab_stubble_belt,2026-07-30,31.525,75.025,0.0003143500869472,0.1969113642682432,118.1,268.7
punjab_stubble_belt,2026-07-30,31.525,75.075,0.0002221844763505,0.1322151244069279,71.5,222.1
punjab_stubble_belt,2026-07-30,31.525,75.125,0.0002580028552806,0.097481076887928,78.7,229.3
punjab_stubble_belt,2026-07-30,31.525,75.175,0.000129310503128,0.0220813730343059,16.3,166.9
punjab_stubble_belt,2026-07-30,31.525,75.225,0.0002019988078803,0.0132215293738463,42.2,192.8
punjab_stubble_belt,2026-07-30,31.525,75.275,0.0002561555565485,0.0117002700962701,62.3,212.9
punjab_stubble_belt,2026-07-30,31.525,75.3,0.000299731791907,0.0424988704603856,84.4,235.0
punjab_stubble_belt,2026-07-30,31.575,74.875,0.0003156748861971,0.2360140998492857,125.7,276.3
punjab_stubble_belt,2026-07-30,31.575,74.925,0.0003156748861971,0.2360140998492857,125.7,276.3
punjab_stubble_belt,2026-07-30,31.575,74.975,0.000359983152902,0.219537832866527,139.5,290.1
punjab_stubble_belt,2026-07-30,31.575,75.025,0.0002209534751054,0.153787394980632,75.0,225.6
punjab_stubble_belt,2026-07-30,31.575,75.075,0.0001881302846843,0.098108618231003,52.4,203.0
punjab_stubble_belt,2026-07-30,31.575,75.125,0.0002543414020264,0.0599552846775046,70.4,221.0
punjab_stubble_belt,2026-07-30,31.575,75.175,0.0001558109063611,0.0132673530220873,24.7,175.3
punjab_stubble_belt,2026-07-30,31.575,75.225,0.0002054702604078,0.0051732579888023,42.0,192.6
punjab_stubble_belt,2026-07-30,31.575,75.275,0.0003260393141821,0.0112513586553434,88.6,239.2
punjab_stubble_belt,2026-07-30,31.575,75.3,0.0003700364235502,0.0136201261799502,105.6,256.2
punjab_stubble_belt,2026-07-30,31.625,74.875,0.0003156748861971,0.2360140998492857,125.7,276.3
punjab_stubble_belt,2026-07-30,31.625,74.925,0.0003156748861971,0.2360140998492857,125.7,276.3
punjab_stubble_belt,2026-07-30,31.625,74.975,0.000283122752831,0.1907039979538401,105.2,255.8
punjab_stubble_belt,2026-07-30,31.625,75.025,0.0001894641054955,0.151120963894752,62.6,213.2
punjab_stubble_belt,2026-07-30,31.625,75.075,0.0001864296368104,0.1112225900831831,54.2,204.8
punjab_stubble_belt,2026-07-30,31.625,75.125,0.0002280187761163,0.0577592815835486,60.1,210.7
punjab_stubble_belt,2026-07-30,31.625,75.175,0.0001960134969195,0.008079324801573,39.0,189.6
punjab_stubble_belt,2026-07-30,31.625,75.225,0.000233441497348,0.0011095555455148,51.8,202.4
punjab_stubble_belt,2026-07-30,31.625,75.275,0.0002917143084903,0.0074444805005948,75.0,225.6
punjab_stubble_belt,2026-07-30,31.625,75.3,0.00029568944088,0.0104483936850453,77.0,227.6
punjab_stubble_belt,2026-07-30,31.675,74.775,0.000178601567288,0.2436035556335082,75.4,226.0
punjab_stubble_belt,2026-07-30,31.675,74.825,0.000178601567288,0.2436035556335082,75.4,226.0
punjab_stubble_belt,2026-07-30,31.675,75.025,0.0002197256178979,0.1926869709869246,81.6,232.2
punjab_stubble_belt,2026-07-30,31.675,75.075,0.0002074039763025,0.1548845082521621,70.1,220.7
punjab_stubble_belt,2026-07-30,31.675,75.125,0.0001915448983856,0.0815924448242427,50.7,201.3
punjab_stubble_belt,2026-07-30,31.675,75.175,0.0002186623792739,0.0142955651963946,48.6,199.2
punjab_stubble_belt,2026-07-30,31.675,75.225,0.0002761706883536,0.0020013687927872,68.1,218.7
punjab_stubble_belt,2026-07-30,31.675,75.275,0.0002158052468141,5.462096231950117e-05,45.0,195.6
punjab_stubble_belt,2026-07-30,31.675,75.3,0.0002695341416519,0.0,65.2,215.8
punjab_stubble_belt,2026-07-30,31.725,74.775,0.000178601567288,0.2436035556335082,75.4,226.0
punjab_stubble_belt,2026-07-30,31.725,74.825,0.000178601567288,0.2436035556335082,75.4,226.0
punjab_stubble_belt,2026-07-30,31.725,75.125,0.0001217643910042,0.0560172836092619,19.7,170.3
punjab_stubble_belt,2026-07-30,31.725,75.175,0.0001217643910042,0.0560172836092619,19.7,170.3
punjab_stubble_belt,2026-07-30,31.725,75.225,0.0002981468523566,0.0084928863744786,77.6,228.2
punjab_stubble_belt,2026-07-30,31.725,75.275,0.0003755807894063,0.0003860032119749,105.3,255.9
punjab_stubble_belt,2026-07-30,31.775,74.625,0.0002370449691295,0.1648771581767766,83.1,233.7
punjab_stubble_belt,2026-07-30,31.775,74.725,0.0001293691046534,0.2923600800265276,65.7,216.3
punjab_stubble_belt,2026-07-30,31.775,74.775,0.0001385480383649,0.2832698805634223,67.5,218.1
punjab_stubble_belt,2026-07-30,31.775,74.825,0.000178601567288,0.2436035556335082,75.4,226.0
punjab_stubble_belt,2026-07-30,31.775,75.125,0.0001591137579397,0.1499455037381133,50.9,201.5
punjab_stubble_belt,2026-07-30,31.775,75.175,0.0001591001118429,0.1499111857914093,50.9,201.5
punjab_stubble_belt,2026-07-30,31.775,75.225,0.0002897573692587,0.0596022237962951,83.7,234.3
punjab_stubble_belt,2026-07-30,31.775,75.275,0.0002331973112669,0.017993071814965,54.8,205.4
punjab_stubble_belt,2026-07-30,31.775,75.3,0.0002828139767046,1.9465547348433687e-06,70.2,220.8
punjab_stubble_belt,2026-07-30,31.825,74.625,0.0002070446625943,0.1462253515823106,68.4,219.0
punjab_stubble_belt,2026-07-30,31.825,74.725,0.0001293691046534,0.2923600800265276,65.7,216.3
punjab_stubble_belt,2026-07-30,31.825,74.775,0.0002507542805404,0.2735304158068374,108.1,258.7
punjab_stubble_belt,2026-07-30,31.825,74.825,0.0003148076330961,0.2762021312150524,132.8,283.4
punjab_stubble_belt,2026-07-30,31.825,74.875,0.0003373668496121,0.2835374304615934,142.6,293.2
punjab_stubble_belt,2026-07-30,31.825,74.925,0.0002124141246617,0.2587488758330695,90.9,241.5
punjab_stubble_belt,2026-07-30,31.825,74.975,0.0001667199206169,0.1759539765047836,58.6,209.2
punjab_stubble_belt,2026-07-30,31.825,75.025,0.0002204532992022,0.1215304837052348,68.9,219.5
punjab_stubble_belt,2026-07-30,31.825,75.075,0.0002331147395871,0.1402700654180335,77.1,227.7
punjab_stubble_belt,2026-07-30,31.825,75.125,0.0001948707912338,0.2100906081773229,75.4,226.0
punjab_stubble_belt,2026-07-30,31.825,75.175,0.0001635078011086,0.1609958825768017,54.6,205.2
punjab_stubble_belt,2026-07-30,31.825,75.225,0.0002549167735227,0.2008438046397496,96.4,247.0
punjab_stubble_belt,2026-07-30,31.825,75.275,0.0002074716700667,0.1303709785839589,65.6,216.2
punjab_stubble_belt,2026-07-30,31.825,75.3,0.0001696503992267,0.0647841961910969,39.4,190.0
punjab_stubble_belt,2026-07-30,31.875,74.625,0.0002137672523845,0.1358747716958023,69.0,219.6
punjab_stubble_belt,2026-07-30,31.875,74.675,0.0002111545991312,0.1171358546824745,64.6,215.2
punjab_stubble_belt,2026-07-30,31.875,74.725,0.0003240100076725,0.136677518977869,110.7,261.3
punjab_stubble_belt,2026-07-30,31.875,74.775,0.0002420284370847,0.1936608359993983,90.2,240.8
punjab_stubble_belt,2026-07-30,31.875,74.825,0.0002749318834634,0.2052844250764516,104.8,255.4
punjab_stubble_belt,2026-07-30,31.875,74.875,0.000324684472696,0.2139197197743983,125.1,275.7
punjab_stubble_belt,2026-07-30,31.875,74.925,0.0001890178575198,0.2524330840723588,80.9,231.5
punjab_stubble_belt,2026-07-30,31.875,74.975,0.0001360786396723,0.2076565786128633,52.8,203.4
punjab_stubble_belt,2026-07-30,31.875,75.025,0.0002186340660722,0.1294365875599233,69.7,220.3
punjab_stubble_belt,2026-07-30,31.875,75.075,0.0002524849448462,0.1261129938175875,81.8,232.4
punjab_stubble_belt,2026-07-30,31.875,75.125,0.0002254269833269,0.1898750947432703,83.3,233.9
punjab_stubble_belt,2026-07-30,31.875,75.225,0.0002322087567177,0.2916561129132898,104.4,255.0
punjab_stubble_belt,2026-07-30,31.875,75.275,0.0001927718852383,0.1677991716553091,66.9,217.5
punjab_stubble_belt,2026-07-30,31.875,75.3,0.0001744781955723,0.1117346506395148,49.8,200.4
punjab_stubble_belt,2026-07-31,31.325,74.625,0.0001017430766499,0.1978228002881777,38.0,188.6
punjab_stubble_belt,2026-07-31,31.325,74.675,0.0001017430766499,0.1978228002881777,38.0,188.6
punjab_stubble_belt,2026-07-31,31.325,74.725,0.0001458435621523,0.2250249715327125,59.6,210.2
punjab_stubble_belt,2026-07-31,31.325,74.775,0.0001296850397493,0.2645739393617345,60.8,211.4
punjab_stubble_belt,2026-07-31,31.325,74.825,0.0001215657822738,0.2839973825450806,61.3,211.9
punjab_stubble_belt,2026-07-31,31.325,74.975,0.0001037908370829,0.2456180011584862,47.5,198.1
punjab_stubble_belt,2026-07-31,31.325,75.025,0.0001265878466635,0.2331138634968534,53.9,204.5
punjab_stubble_belt,2026-07-31,31.325,75.075,0.0001381914206104,0.2469452856548161,60.8,211.4
punjab_stubble_belt,2026-07-31,31.325,75.125,0.0001408141302931,0.2715834448949518,66.3,216.9
punjab_stubble_belt,2026-07-31,31.325,75.175,6.12780814306148e-05,0.2561953807265885,33.4,184.0
punjab_stubble_belt,2026-07-31,31.325,75.225,8.264340745313775e-05,0.2389203531410529,38.3,188.9
punjab_stubble_belt,2026-07-31,31.325,75.275,8.573782568846142e-05,0.2362916563397415,39.0,189.6
punjab_stubble_belt,2026-07-31,31.375,74.725,0.0001336490628313,0.2225172550384339,54.6,205.2
punjab_stubble_belt,2026-07-31,31.375,74.775,0.0001038753276074,0.2687024146403955,51.8,202.4
punjab_stubble_belt,2026-07-31,31.375,74.825,8.898845999547293e-05,0.2917949944413763,50.4,201.0
punjab_stubble_belt,2026-07-31,31.375,75.025,0.0001251413483315,0.2406446439576901,54.7,205.3
punjab_stubble_belt,2026-07-31,31.375,75.075,0.0001371103001042,0.2602539151789502,62.8,213.4
punjab_stubble_belt,2026-07-31,31.375,75.125,0.0001462884904834,0.2909951071835519,71.9,222.5
punjab_stubble_belt,2026-07-31,31.375,75.175,6.200547251130104e-05,0.2785436577167031,37.8,188.4
punjab_stubble_belt,2026-07-31,31.375,75.225,6.836626891772854e-05,0.2616502097637126,37.1,187.7
punjab_stubble_belt,2026-07-31,31.375,75.275,6.934485298025585e-05,0.2590512177709448,37.0,187.6
punjab_stubble_belt,2026-08-01,31.325,74.625,0.0001273113850255,0.0,11.5,162.1
punjab_stubble_belt,2026-08-01,31.325,74.675,0.0001197437558261,0.0,8.7,159.3
punjab_stubble_belt,2026-08-01,31.325,74.725,0.0002011902907135,0.0,39.4,190.0
punjab_stubble_belt,2026-08-01,31.325,74.775,0.0001957402158143,0.0,37.4,188.0
punjab_stubble_belt,2026-08-01,31.325,74.825,0.0001366615095385,0.0047377925440646,15.9,166.5
punjab_stubble_belt,2026-08-01,31.325,74.875,7.468733532725645e-05,0.0180085420758955,0.0,145.6
punjab_stubble_belt,2026-08-01,31.325,74.925,0.0001658880467775,0.0560176758866712,36.3,186.9
punjab_stubble_belt,2026-08-01,31.325,74.975,0.0001494379279176,0.0663530144425495,32.0,182.6
punjab_stubble_belt,2026-08-01,31.325,75.025,8.744995968783416e-05,0.1152557832866753,17.6,168.2
punjab_stubble_belt,2026-08-01,31.325,75.075,6.409937257263747e-05,0.1436029451837535,13.9,164.5
punjab_stubble_belt,2026-08-01,31.325,75.125,8.87798222314982e-05,0.1460565628275859,23.7,174.3
punjab_stubble_belt,2026-08-01,31.325,75.175,0.0001304660982051,0.1580333670062802,41.6,192.2
punjab_stubble_belt,2026-08-01,31.325,75.225,0.0001384901000617,0.2088306580217797,53.9,204.5
punjab_stubble_belt,2026-08-01,31.325,75.275,0.0001345025999557,0.220409990052295,54.5,205.1
punjab_stubble_belt,2026-08-01,31.325,75.3,0.0001062727963153,0.2180599763141339,43.4,194.0
punjab_stubble_belt,2026-08-01,31.375,74.625,9.5088729411889e-05,0.0,0.0,150.0
punjab_stubble_belt,2026-08-01,31.375,74.675,9.208453665778842e-05,0.0,0.0,148.9
punjab_stubble_belt,2026-08-01,31.375,74.725,0.0001654690860487,0.0,25.9,176.5
punjab_stubble_belt,2026-08-01,31.375,74.775,0.0001755869231624,0.0,29.8,180.4
punjab_stubble_belt,2026-08-01,31.375,74.825,0.0001151697471102,0.0158283251283875,9.9,160.5
punjab_stubble_belt,2026-08-01,31.375,74.875,3.038175507921612e-05,0.0481383573135405,0.0,134.4
punjab_stubble_belt,2026-08-01,31.375,74.925,7.575573772545797e-05,0.0991364001568185,10.2,160.8
punjab_stubble_belt,2026-08-01,31.375,74.975,0.0001355250603983,0.0832624178851239,29.9,180.5
punjab_stubble_belt,2026-08-01,31.375,75.025,0.0001065236602499,0.1787436862831122,36.4,187.0
punjab_stubble_belt,2026-08-01,31.375,75.075,7.574882608962592e-05,0.190562778089883,26.9,177.5
punjab_stubble_belt,2026-08-01,31.375,75.125,5.066911445965049e-05,0.1591977668660872,11.7,162.3
punjab_stubble_belt,2026-08-01,31.375,75.175,9.060884001415692e-05,0.1868453665935888,31.8,182.4
punjab_stubble_belt,2026-08-01,31.375,75.225,8.435827777277906e-05,0.2315630137996257,37.6,188.2
punjab_stubble_belt,2026-08-01,31.375,75.275,0.0001223852042438,0.2347189087198809,52.6,203.2
punjab_stubble_belt,2026-08-01,31.375,75.3,0.0001692758818829,0.230124563513307,69.4,220.0
punjab_stubble_belt,2026-08-01,31.425,74.625,6.262597247815705e-05,0.000257268865555,0.0,137.8
punjab_stubble_belt,2026-08-01,31.425,74.675,8.167283848699629e-05,0.0,0.0,144.9
punjab_stubble_belt,2026-08-01,31.425,74.725,0.0001180448549996,0.0,8.1,158.7
punjab_stubble_belt,2026-08-01,31.425,74.775,0.0001318503580487,0.0,13.3,163.9
punjab_stubble_belt,2026-08-01,31.425,74.825,6.61184124212636e-05,0.0363064513211933,0.0,145.7
punjab_stubble_belt,2026-08-01,31.425,74.875,-3.7783064345878175e-05,0.0996356084665132,0.0,118.0
punjab_stubble_belt,2026-08-01,31.425,74.925,-3.62370878110122e-05,0.1612897561776823,0.0,129.9
punjab_stubble_belt,2026-08-01,31.425,74.975,-3.630917584190649e-05,0.1607795727731736,0.0,129.8
punjab_stubble_belt,2026-08-01,31.425,75.025,0.0001463475804565,0.2920936782600136,72.1,222.7
punjab_stubble_belt,2026-08-01,31.425,75.075,9.310205284459982e-05,0.2456205286088702,43.5,194.1
punjab_stubble_belt,2026-08-01,31.425,75.125,2.9081872742454195e-06,0.1785573612585088,0.0,147.8
punjab_stubble_belt,2026-08-01,31.425,75.175,-4.199880166223744e-06,0.2484448255437255,7.3,157.9
punjab_stubble_belt,2026-08-01,31.425,75.225,-5.588503060682427e-06,0.2633277607522942,9.5,160.1
punjab_stubble_belt,2026-08-01,31.425,75.275,-5.809423677198494e-06,0.265694747135474,9.8,160.4
punjab_stubble_belt,2026-08-01,31.475,74.625,8.684536950889065e-05,0.0014581579665865,0.0,147.1
punjab_stubble_belt,2026-08-01,31.475,74.675,0.0001341799076065,0.0,14.1,164.7
punjab_stubble_belt,2026-08-01,31.475,74.725,0.0001527232619989,0.0,21.1,171.7
punjab_stubble_belt,2026-08-01,31.475,74.775,0.0001919220055236,0.0,35.9,186.5
punjab_stubble_belt,2026-08-01,31.475,74.825,0.0001154194812894,0.0395068775953659,14.3,164.9
punjab_stubble_belt,2026-08-01,31.475,74.875,-2.4836370719057737e-05,0.1243776456831466,0.0,127.5
punjab_stubble_belt,2026-08-01,31.475,74.925,-2.006053367833291e-05,0.2757749121494499,6.3,156.9
punjab_stubble_belt,2026-08-01,31.475,74.975,-2.006053367833291e-05,0.2757749121494499,6.3,156.9
punjab_stubble_belt,2026-08-01,31.475,75.125,-5.959609140027181e-06,0.2657467145688427,9.8,160.4
punjab_stubble_belt,2026-08-01,31.475,75.175,-5.959609140027181e-06,0.2657467145688427,9.8,160.4
punjab_stubble_belt,2026-08-01,31.475,75.225,-5.959609064370313e-06,0.2657467111952047,9.8,160.4
punjab_stubble_belt,2026-08-01,31.475,75.275,-5.959609052395845e-06,0.2657467106612476,9.8,160.4
punjab_stubble_belt,2026-08-01,31.525,74.625,0.0001192979735451,0.0067665546946569,9.8,160.4
punjab_stubble_belt,2026-08-01,31.525,74.675,0.0001003957641032,0.0034150372495895,2.0,152.6
punjab_stubble_belt,2026-08-01,31.525,74.725,7.054040603808537e-05,0.0002552881249851,0.0,140.8
punjab_stubble_belt,2026-08-01,31.525,74.775,7.490726596000068e-05,0.0011772871734949,0.0,142.6
punjab_stubble_belt,2026-08-01,31.525,74.825,6.688043155219652e-05,0.0265026137204124,0.0,144.2
punjab_stubble_belt,2026-08-01,31.525,74.875,6.526941151948663e-05,0.0755818557836304,1.9,152.5
punjab_stubble_belt,2026-08-01,31.525,74.925,0.0001445304765752,0.1568338603115866,46.7,197.3
punjab_stubble_belt,2026-08-01,31.525,74.975,0.0001267937966866,0.1629872645712454,41.1,191.7
punjab_stubble_belt,2026-08-01,31.525,75.025,0.0001241496832232,0.1640397883773642,40.3,190.9
punjab_stubble_belt,2026-08-01,31.525,75.125,-5.959609140027181e-06,0.2657467145688427,9.8,160.4
punjab_stubble_belt,2026-08-01,31.525,75.175,-5.959609140027181e-06,0.2657467145688427,9.8,160.4
punjab_stubble_belt,2026-08-01,31.525,75.225,-5.95960906036233e-06,0.2657467110164835,9.8,160.4
punjab_stubble_belt,2026-08-01,31.525,75.275,-5.959609052395845e-06,0.2657467106612476,9.8,160.4
punjab_stubble_belt,2026-08-01,31.575,74.625,0.0001336558276144,0.0091211880584501,15.6,166.2
punjab_stubble_belt,2026-08-01,31.575,74.675,0.0001219007279286,0.0085532857468121,11.1,161.7
punjab_stubble_belt,2026-08-01,31.575,74.725,7.193434059015273e-05,0.0070860935054162,0.0,142.5
punjab_stubble_belt,2026-08-01,31.575,74.775,5.296825198662843e-05,0.014551183683813,0.0,136.8
punjab_stubble_belt,2026-08-01,31.575,74.825,3.758158343472699e-05,0.036418942209795,0.0,134.9
punjab_stubble_belt,2026-08-01,31.575,74.875,6.164587784802173e-05,0.0682646849183915,0.0,149.8
punjab_stubble_belt,2026-08-01,31.575,74.925,0.0002649012245227,0.0994398969481108,81.6,232.2
punjab_stubble_belt,2026-08-01,31.575,74.975,0.0002252782820684,0.1176614722201256,70.0,220.6
punjab_stubble_belt,2026-08-01,31.575,75.025,0.0002216026786069,0.1193477077579271,68.9,219.5
punjab_stubble_belt,2026-08-01,31.625,74.625,0.0001393386749816,0.0100645002191252,17.9,168.5
punjab_stubble_belt,2026-08-01,31.625,74.675,0.000134126849984,0.0110076170063567,16.1,166.7
punjab_stubble_belt,2026-08-01,31.625,74.725,0.0001393290775271,0.0989946382143623,34.2,184.8
punjab_stubble_belt,2026-08-01,31.625,74.775,0.0001072150512019,0.1070831052294964,23.5,174.1
punjab_stubble_belt,2026-08-01,31.625,74.825,6.946999685455166e-05,0.1069936543451006,9.3,159.9
punjab_stubble_belt,2026-08-01,31.625,74.875,7.617016554522191e-05,0.1059625007851947,11.6,162.2
punjab_stubble_belt,2026-08-01,31.625,74.925,0.0002982026091737,0.1157819391085907,97.2,247.8
punjab_stubble_belt,2026-08-01,31.625,74.975,0.0002738647080323,0.100743491384699,85.3,235.9
punjab_stubble_belt,2026-08-01,31.625,75.025,0.0002690797789221,0.0975746428407654,82.9,233.5
punjab_stubble_belt,2026-08-01,31.675,74.725,0.0002400548747221,0.2390735589868092,97.8,248.4
punjab_stubble_belt,2026-08-01,31.675,74.775,0.0001955306074658,0.2325133042094285,79.8,230.4
punjab_stubble_belt,2026-08-01,31.675,74.825,0.0001414765475115,0.1925833041841269,52.1,202.7
punjab_stubble_belt,2026-08-01,31.675,74.875,0.0001264671035714,0.1478508989300735,38.2,188.8
punjab_stubble_belt,2026-08-01,31.675,74.925,0.0002635836090998,0.1561276715182577,91.5,242.1
punjab_stubble_belt,2026-08-01,31.675,74.975,0.0002150106307147,0.1222963171543995,67.0,217.6
punjab_stubble_belt,2026-08-01,31.675,75.025,0.0001775151415506,0.0941298972850172,47.7,198.3
punjab_stubble_belt,2026-08-01,31.725,74.825,0.0002396421560165,0.0435322363865719,61.9,212.5
punjab_stubble_belt,2026-08-01,31.725,74.875,0.0002398388694274,0.043783382320122,62.0,212.6
punjab_stubble_belt,2026-08-01,31.725,74.925,0.0002409617751483,0.0452170070241371,62.7,213.3
punjab_stubble_belt,2026-08-01,31.725,74.975,0.000184214475533,0.0889651821643032,49.3,199.9
punjab_stubble_belt,2026-08-01,31.725,75.025,0.0001775151415506,0.0941298972850172,47.7,198.3
punjab_stubble_belt,2026-08-01,31.775,74.825,0.0002350379833515,0.0183926016048051,55.6,206.2
punjab_stubble_belt,2026-08-01,31.775,74.875,0.0002237372026169,0.0209075042040484,51.8,202.4
punjab_stubble_belt,2026-08-01,31.775,74.925,0.000158772431742,0.036746210293115,30.1,180.7
punjab_stubble_belt,2026-08-01,31.775,74.975,0.0002154839240808,0.028105926885866,50.0,200.6
punjab_stubble_belt,2026-08-01,31.775,75.025,0.0002135295903551,0.1503985277921281,71.6,222.2
punjab_stubble_belt,2026-08-01,31.775,75.075,0.0002079112023534,0.2289992948593279,83.8,234.4
punjab_stubble_belt,2026-08-01,31.825,74.625,7.532166155864087e-05,0.1936739702531418,27.3,177.9
punjab_stubble_belt,2026-08-01,31.825,74.675,7.532166155864087e-05,0.1936739702531418,27.3,177.9
punjab_stubble_belt,2026-08-01,31.825,74.725,0.0001362006596794,0.2405846407987681,58.9,209.5
punjab_stubble_belt,2026-08-01,31.825,74.775,0.000174474279898,0.2025365709633153,66.3,216.9
punjab_stubble_belt,2026-08-01,31.825,74.825,0.0002079565195694,0.0943010673288288,59.2,209.8
punjab_stubble_belt,2026-08-01,31.825,74.875,0.0002097511062208,0.0134000093770348,45.1,195.7
punjab_stubble_belt,2026-08-01,31.825,74.925,0.0001301098931333,0.0131578701634441,15.0,165.6
punjab_stubble_belt,2026-08-01,31.825,74.975,0.000162582814895,0.0156291573144798,27.7,178.3
punjab_stubble_belt,2026-08-01,31.825,75.025,0.0001836571168019,0.0964938250434646,50.4,201.0
punjab_stubble_belt,2026-08-01,31.825,75.075,0.0001915072477929,0.1371152144565928,60.8,211.4
punjab_stubble_belt,2026-08-01,31.825,75.125,0.0001737778365006,0.1313586205070296,53.1,203.7
punjab_stubble_belt,2026-08-01,31.825,75.175,8.376446889892656e-05,0.2089263427581537,33.3,183.9
punjab_stubble_belt,2026-08-01,31.825,75.225,0.000111097719979,0.0812963676340745,20.3,170.9
punjab_stubble_belt,2026-08-01,31.825,75.275,0.0001186724025975,0.0761043620478908,22.2,172.8
punjab_stubble_belt,2026-08-01,31.825,75.3,0.0001207879506996,0.0860143706928457,24.8,175.4
punjab_stubble_belt,2026-08-01,31.875,74.625,0.0001315480538881,0.1978736647671634,49.3,199.9
punjab_stubble_belt,2026-08-01,31.875,74.675,0.0001339926796415,0.1980562601808166,50.2,200.8
punjab_stubble_belt,2026-08-01,31.875,74.725,0.000122856886788,0.1944982924641999,45.4,196.0
punjab_stubble_belt,2026-08-01,31.875,74.775,0.0001663444711313,0.1460716373761821,53.0,203.6
punjab_stubble_belt,2026-08-01,31.875,74.825,0.0001966912339681,0.0773809849994229,51.9,202.5
punjab_stubble_belt,2026-08-01,31.875,74.875,0.0002009844955697,0.0109819435262732,41.4,192.0
punjab_stubble_belt,2026-08-01,31.875,74.925,0.0001557345378396,5.776435674026766e-05,22.3,172.9
punjab_stubble_belt,2026-08-01,31.875,74.975,0.0001528263810849,0.0079148125285646,22.6,173.2
punjab_stubble_belt,2026-08-01,31.875,75.025,0.0001877187908071,0.0428873621094434,42.2,192.8
punjab_stubble_belt,2026-08-01,31.875,75.075,0.0002015189158016,0.0761574052742923,53.5,204.1
punjab_stubble_belt,2026-08-01,31.875,75.125,0.0001847419676019,0.1069458421334637,52.8,203.4
punjab_stubble_belt,2026-08-01,31.875,75.175,0.0001278785410982,0.1751361312396975,43.8,194.4
punjab_stubble_belt,2026-08-01,31.875,75.225,0.0001323076206982,0.0873906397659787,29.4,180.0
punjab_stubble_belt,2026-08-01,31.875,75.275,0.0001054247707491,0.0625649097143906,14.7,165.3
punjab_stubble_belt,2026-08-01,31.875,75.3,7.570447040239636e-05,0.0452838098071227,0.3,150.9
punjab_stubble_belt,2026-08-02,31.325,74.625,9.339261894149057e-05,0.1424804219733556,24.8,175.4
punjab_stubble_belt,2026-08-02,31.325,74.675,8.84253605333241e-05,0.1544770553238021,25.1,175.7
punjab_stubble_belt,2026-08-02,31.325,74.725,6.791707315949637e-05,0.1788465422195827,21.8,172.4
punjab_stubble_belt,2026-08-02,31.325,74.775,6.98819663441221e-05,0.1831826811929407,23.3,173.9
punjab_stubble_belt,2026-08-02,31.325,74.825,7.680641348690273e-05,0.1925095349610666,27.7,178.3
punjab_stubble_belt,2026-08-02,31.325,74.875,9.08479546503758e-05,0.2064302195436665,35.5,186.1
punjab_stubble_belt,2026-08-02,31.325,74.925,0.0001293984591309,0.2207136912845472,52.7,203.3
punjab_stubble_belt,2026-08-02,31.325,74.975,0.0001342291813189,0.2212777695362062,54.6,205.2
punjab_stubble_belt,2026-08-02,31.325,75.025,0.0001164697506504,0.2225441366709148,48.1,198.7
punjab_stubble_belt,2026-08-02,31.325,75.075,0.0001084262696912,0.2230002225948647,45.2,195.8
punjab_stubble_belt,2026-08-02,31.325,75.125,0.0001191705109852,0.2272988031908989,50.0,200.6
punjab_stubble_belt,2026-08-02,31.325,75.175,0.0001702157117467,0.2645768053129932,76.1,226.7
punjab_stubble_belt,2026-08-02,31.325,75.225,0.0001620224027706,0.2730818370961079,74.5,225.1
punjab_stubble_belt,2026-08-02,31.325,75.275,0.0001607935224501,0.2744097874791186,74.3,224.9
punjab_stubble_belt,2026-08-02,31.375,74.625,9.048732301389537e-05,0.1849198727785065,31.4,182.0
punjab_stubble_belt,2026-08-02,31.375,74.675,0.0001075333815248,0.1896597868214747,38.7,189.3
punjab_stubble_belt,2026-08-02,31.375,74.725,0.0001114312862797,0.2033380709711172,42.7,193.3
punjab_stubble_belt,2026-08-02,31.375,74.775,9.572498900592432e-05,0.1923712667808415,34.8,185.4
punjab_stubble_belt,2026-08-02,31.375,74.825,8.627898953806868e-05,0.1922189640964337,31.2,181.8
punjab_stubble_belt,2026-08-02,31.375,74.875,9.291427524542853e-05,0.2024675788147927,35.6,186.2
punjab_stubble_belt,2026-08-02,31.375,74.925,0.0001440607161471,0.2114862331090699,56.5,207.1
punjab_stubble_belt,2026-08-02,31.375,74.975,0.0001276089949266,0.2158021321527101,51.1,201.7
punjab_stubble_belt,2026-08-02,31.375,75.025,0.0001074030660976,0.217787997005614,43.8,194.4
punjab_stubble_belt,2026-08-02,31.375,75.075,0.000100217331389,0.218106077504328,41.2,191.8
punjab_stubble_belt,2026-08-02,31.375,75.125,0.0001103967722408,0.2196910298642163,45.3,195.9
punjab_stubble_belt,2026-08-02,31.375,75.175,0.0001458717937098,0.238729538589387,62.2,212.8
punjab_stubble_belt,2026-08-02,31.375,75.225,0.0001333285932034,0.2503995247170201,59.6,210.2
punjab_stubble_belt,2026-08-02,31.375,75.275,0.000126214870657,0.2195609421956254,51.2,201.8
punjab_stubble_belt,2026-08-02,31.375,75.3,0.0001186760200653,0.1700930148363031,39.4,190.0
punjab_stubble_belt,2026-08-02,31.425,74.625,7.651280418792543e-05,0.2320588620577501,34.8,185.4
punjab_stubble_belt,2026-08-02,31.425,74.675,0.0001061220519962,0.2216423826188082,44.0,194.6
punjab_stubble_belt,2026-08-02,31.425,74.725,0.0001416655826551,0.2220219864434642,57.5,208.1
punjab_stubble_belt,2026-08-02,31.425,74.775,0.0001232805266987,0.2093693652294423,48.3,198.9
punjab_stubble_belt,2026-08-02,31.425,74.825,0.0001073848370512,0.2024778361037084,41.0,191.6
punjab_stubble_belt,2026-08-02,31.425,74.875,0.0001079395886218,0.20192198116488,41.1,191.7
punjab_stubble_belt,2026-08-02,31.425,74.925,0.0001553408041646,0.2029571175966777,59.2,209.8
punjab_stubble_belt,2026-08-02,31.425,74.975,0.0001257723749254,0.208011532651365,49.0,199.6
punjab_stubble_belt,2026-08-02,31.425,75.025,0.0001044878905341,0.212448260523854,41.7,192.3
punjab_stubble_belt,2026-08-02,31.425,75.075,9.695114625505944e-05,0.2144927997534304,39.3,189.9
punjab_stubble_belt,2026-08-02,31.425,75.125,0.0001023751059966,0.2131432202440171,41.1,191.7
punjab_stubble_belt,2026-08-02,31.425,75.175,0.0001123117227739,0.2033091123501875,43.0,193.6
punjab_stubble_belt,2026-08-02,31.425,75.225,9.357630199411271e-05,0.2228856617756279,39.5,190.1
punjab_stubble_belt,2026-08-02,31.425,75.275,0.0001088391022313,0.1890432527767926,39.1,189.7
punjab_stubble_belt,2026-08-02,31.425,75.3,0.0001244156893809,0.1556531631515896,38.9,189.5
punjab_stubble_belt,2026-08-02,31.475,74.625,4.525151892301567e-05,0.221360005626351,21.0,171.6
punjab_stubble_belt,2026-08-02,31.475,74.675,1.702244778080652e-05,0.2007177123967563,6.6,157.2
punjab_stubble_belt,2026-08-02,31.475,74.725,9.288251544348246e-05,0.2127194853991777,37.4,188.0
punjab_stubble_belt,2026-08-02,31.475,74.775,0.0001158571160922,0.1857673391015893,41.2,191.8
punjab_stubble_belt,2026-08-02,31.475,74.825,0.0001292107181482,0.1881782512219215,46.6,197.2
punjab_stubble_belt,2026-08-02,31.475,74.875,0.0001332495205271,0.2130941662065693,52.7,203.3
punjab_stubble_belt,2026-08-02,31.475,74.925,0.0001154803670594,0.2162085873284985,46.6,197.2
punjab_stubble_belt,2026-08-02,31.475,74.975,0.0001282281773265,0.2141963035673171,51.0,201.6
punjab_stubble_belt,2026-08-02,31.475,75.025,0.0001340338730561,0.2149941514741565,53.4,204.0
punjab_stubble_belt,2026-08-02,31.475,75.075,0.0001305090208363,0.2164885841908941,52.3,202.9
punjab_stubble_belt,2026-08-02,31.475,75.125,0.0001191919680376,0.2097673217194016,46.8,197.4
punjab_stubble_belt,2026-08-02,31.475,75.175,0.0001095049136123,0.1483800111705126,31.9,182.5
punjab_stubble_belt,2026-08-02,31.475,75.225,9.870594527067484e-05,0.2039287547337498,38.0,188.6
punjab_stubble_belt,2026-08-02,31.475,75.275,0.0001169742992541,0.169638585797237,38.6,189.2
punjab_stubble_belt,2026-08-02,31.525,74.625,7.673133116577804e-05,0.2208488866833877,32.8,183.4
punjab_stubble_belt,2026-08-02,31.525,74.675,0.0001352969863755,0.2415036787215266,58.7,209.3
punjab_stubble_belt,2026-08-02,31.525,74.725,0.0001327135621741,0.1788667949553291,46.3,196.9
punjab_stubble_belt,2026-08-02,31.525,74.775,0.0001237257793612,0.162667479641957,39.9,190.5
punjab_stubble_belt,2026-08-02,31.525,74.825,0.0001322107519459,0.1878322914479007,47.7,198.3
punjab_stubble_belt,2026-08-02,31.525,74.875,0.0001476951633527,0.2370502872564542,62.5,213.1
punjab_stubble_belt,2026-08-02,31.525,74.925,0.0001297766969437,0.2593248502565624,59.8,210.4
punjab_stubble_belt,2026-08-02,31.525,74.975,0.0001502818390952,0.2481607141296229,65.5,216.1
punjab_stubble_belt,2026-08-02,31.525,75.025,0.0001101316259968,0.2399559541955936,48.9,199.5
punjab_stubble_belt,2026-08-02,31.525,75.075,6.66703489397328e-05,0.2269333981359187,30.1,180.7
punjab_stubble_belt,2026-08-02,31.525,75.125,3.999151982245475e-05,0.2068031616725208,16.4,167.0
punjab_stubble_belt,2026-08-02,31.525,75.175,6.828459292325536e-05,0.1678065325331694,19.9,170.5
punjab_stubble_belt,2026-08-02,31.525,75.225,0.0001175254487998,0.1647747267415535,38.0,188.6
punjab_stubble_belt,2026-08-02,31.525,75.275,0.0001250162117316,0.1957800269553247,46.4,197.0
punjab_stubble_belt,2026-08-02,31.525,75.3,0.0001273791206112,0.1818809000176879,44.8,195.4
punjab_stubble_belt,2026-08-02,31.575,74.625,7.282937180267811e-05,0.2421087861908375,35.2,185.8
punjab_stubble_belt,2026-08-02,31.575,74.675,0.000108679807422,0.2491801982157531,50.0,200.6
punjab_stubble_belt,2026-08-02,31.575,74.725,0.0001543818576364,0.2106984490021334,60.3,210.9
punjab_stubble_belt,2026-08-02,31.575,74.775,0.0001604994698859,0.1940524366184404,59.5,210.1
punjab_stubble_belt,2026-08-02,31.575,74.825,0.0001510694803785,0.2148645535696288,59.8,210.4
punjab_stubble_belt,2026-08-02,31.575,74.875,0.0001327301956314,0.2578804681406882,60.7,211.3
punjab_stubble_belt,2026-08-02,31.575,74.925,0.0001168152757815,0.2715749752404051,57.2,207.8
punjab_stubble_belt,2026-08-02,31.575,74.975,0.0001293834776885,0.2591686066294174,59.7,210.3
punjab_stubble_belt,2026-08-02,31.575,75.025,0.0001026299094383,0.2482633001348002,47.6,198.2
punjab_stubble_belt,2026-08-02,31.575,75.075,6.311195364824873e-05,0.2320607768994436,29.7,180.3
punjab_stubble_belt,2026-08-02,31.575,75.125,2.963710880973463e-05,0.2137510232044557,13.7,164.3
punjab_stubble_belt,2026-08-02,31.575,75.175,7.634299781375604e-05,0.2109160010485886,30.8,181.4
punjab_stubble_belt,2026-08-02,31.575,75.225,0.0001211002176998,0.1993064619861255,45.6,196.2
punjab_stubble_belt,2026-08-02,31.575,75.275,0.0001298067940074,0.208581201452224,50.6,201.2
punjab_stubble_belt,2026-08-02,31.575,75.3,0.000129441508367,0.2175171600223341,52.1,202.7
punjab_stubble_belt,2026-08-02,31.625,74.625,6.991645909080919e-05,0.2527558473835802,36.1,186.7
punjab_stubble_belt,2026-08-02,31.625,74.675,9.043959398240104e-05,0.2513965922239131,43.6,194.2
punjab_stubble_belt,2026-08-02,31.625,74.725,0.0001641397914927,0.2280511491282236,67.1,217.7
punjab_stubble_belt,2026-08-02,31.625,74.775,0.0001787524292935,0.2108529622357372,69.5,220.1
punjab_stubble_belt,2026-08-02,31.625,74.825,0.0001604931310453,0.2286284980615792,65.8,216.4
punjab_stubble_belt,2026-08-02,31.625,74.875,0.0001224736527935,0.2657368081214977,58.3,208.9
punjab_stubble_belt,2026-08-02,31.625,74.925,0.0001053039755228,0.264465685884435,51.6,202.2
punjab_stubble_belt,2026-08-02,31.625,74.975,0.000112838177277,0.2555373019699972,52.8,203.4
punjab_stubble_belt,2026-08-02,31.625,75.025,0.0001172278271422,0.251194889788758,53.6,204.2
punjab_stubble_belt,2026-08-02,31.625,75.075,0.0001003218948985,0.2443192781376071,46.0,196.6
punjab_stubble_belt,2026-08-02,31.625,75.125,7.20158398942746e-05,0.2360629469435751,33.8,184.4
punjab_stubble_belt,2026-08-02,31.625,75.175,9.822342476888676e-05,0.235007265652906,43.5,194.1
punjab_stubble_belt,2026-08-02,31.625,75.225,0.0001261603118963,0.2157308964635197,50.5,201.1
punjab_stubble_belt,2026-08-02,31.625,75.275,0.0001304198108661,0.2078639665701435,50.7,201.3
punjab_stubble_belt,2026-08-02,31.625,75.3,0.0001293954457219,0.2028724907019744,49.4,200.0
punjab_stubble_belt,2026-08-02,31.675,74.775,0.0001303872843425,0.2961924053082179,66.8,217.4
punjab_stubble_belt,2026-08-02,31.675,74.825,0.0001301845365278,0.2831015092859029,64.3,214.9
punjab_stubble_belt,2026-08-02,31.675,74.875,0.0001143045452541,0.2553008381660322,53.3,203.9
punjab_stubble_belt,2026-08-02,31.675,74.925,0.0001010484301176,0.2490353445192856,47.1,197.7
punjab_stubble_belt,2026-08-02,31.675,74.975,0.0001089457586217,0.2454844011839203,49.5,200.1
punjab_stubble_belt,2026-08-02,31.675,75.025,0.0001403307506352,0.2508904473093425,62.3,212.9
punjab_stubble_belt,2026-08-02,31.675,75.075,0.0001502081620656,0.2575396982139782,67.2,217.8
punjab_stubble_belt,2026-08-02,31.675,75.125,0.0001367943568015,0.2602277875122106,62.7,213.3
punjab_stubble_belt,2026-08-02,31.675,75.175,0.0001312514310232,0.2364605365783345,56.2,206.8
punjab_stubble_belt,2026-08-02,31.675,75.225,0.0001412747336679,0.2126392577779719,55.7,206.3
punjab_stubble_belt,2026-08-02,31.675,75.275,0.0001368830475424,0.1994793232912734,51.6,202.2
punjab_stubble_belt,2026-08-02,31.675,75.3,0.0001538993303814,0.193875637967325,57.0,207.6
punjab_stubble_belt,2026-08-02,31.725,74.775,0.0001303872843425,0.2961924053082179,66.8,217.4
punjab_stubble_belt,2026-08-02,31.725,74.825,0.0001301781000892,0.2826859252851944,64.3,214.9
punjab_stubble_belt,2026-08-02,31.725,74.875,0.0001274675767682,0.2620670525057054,59.5,210.1
punjab_stubble_belt,2026-08-02,31.725,74.925,0.0001137585903102,0.2582376699168949,53.6,204.2
punjab_stubble_belt,2026-08-02,31.725,74.975,0.000128945557151,0.2542357129634913,58.6,209.2
punjab_stubble_belt,2026-08-02,31.725,75.025,0.0001285856388448,0.2513438107898971,57.9,208.5
punjab_stubble_belt,2026-08-02,31.725,75.075,0.0001277028038893,0.2473120602912185,56.9,207.5
punjab_stubble_belt,2026-08-02,31.725,75.125,0.0001348473563259,0.2400322259190431,58.2,208.8
punjab_stubble_belt,2026-08-02,31.725,75.175,0.0001837290552989,0.2184129092051863,72.7,223.3
punjab_stubble_belt,2026-08-02,31.725,75.225,0.0001937400639891,0.2159190317945527,76.1,226.7
punjab_stubble_belt,2026-08-02,31.725,75.275,0.0001880726535028,0.2028527486661957,71.5,222.1
punjab_stubble_belt,2026-08-02,31.775,74.775,0.0001303872843425,0.2961924053082179,66.8,217.4
punjab_stubble_belt,2026-08-02,31.775,74.825,0.0001300682191924,0.2713059595378354,62.1,212.7
punjab_stubble_belt,2026-08-02,31.775,74.875,0.0001258409811093,0.2638456272317009,59.2,209.8
punjab_stubble_belt,2026-08-02,31.775,74.925,0.000101388382396,0.2425491606977828,46.1,196.7
punjab_stubble_belt,2026-08-02,31.775,74.975,0.000106918954019,0.2396874249807535,47.6,198.2
punjab_stubble_belt,2026-08-02,31.775,75.025,0.0001303444444681,0.2486419026819746,58.1,208.7
punjab_stubble_belt,2026-08-02,31.775,75.075,0.0001423690877319,0.2526017340024991,63.4,214.0
punjab_stubble_belt,2026-08-02,31.775,75.125,0.0001405968273877,0.2482305485438443,61.9,212.5
punjab_stubble_belt,2026-08-02,31.775,75.175,0.0001408850141878,0.2320530742766903,59.1,209.7
punjab_stubble_belt,2026-08-02,31.775,75.225,0.0001499956601559,0.229617488657156,62.1,212.7
punjab_stubble_belt,2026-08-02,31.775,75.275,0.0001644830818569,0.213748811722289,64.6,215.2
punjab_stubble_belt,2026-08-02,31.775,75.3,0.0001777130159548,0.1995636848680986,67.0,217.6
punjab_stubble_belt,2026-08-02,31.825,74.625,0.0001680968815946,0.2204915020996573,67.2,217.8
punjab_stubble_belt,2026-08-02,31.825,74.675,0.0001684481943603,0.2205435166589706,67.4,218.0
punjab_stubble_belt,2026-08-02,31.825,74.725,0.0001118584452472,0.2244311382361694,46.7,197.3
punjab_stubble_belt,2026-08-02,31.825,74.775,0.0001056973931187,0.2240683509899305,44.3,194.9
punjab_stubble_belt,2026-08-02,31.825,74.825,8.905881987507049e-05,0.2253724370621993,38.3,188.9
punjab_stubble_belt,2026-08-02,31.825,74.875,8.290386995793616e-05,0.2279765452203291,36.4,187.0
punjab_stubble_belt,2026-08-02,31.825,74.925,0.0001336168522863,0.2363124873366751,57.1,207.7
punjab_stubble_belt,2026-08-02,31.825,74.975,0.0001208118567455,0.2254952626979015,50.3,200.9
punjab_stubble_belt,2026-08-02,31.825,75.025,0.0001299499115322,0.2314346672293813,54.8,205.4
punjab_stubble_belt,2026-08-02,31.825,75.075,0.0001086789237324,0.2339790543669549,47.3,197.9
punjab_stubble_belt,2026-08-02,31.825,75.125,6.58964407242298e-05,0.2308123168472684,30.5,181.1
punjab_stubble_belt,2026-08-02,31.825,75.175,8.867029785517372e-05,0.2287418836482147,38.8,189.4
punjab_stubble_belt,2026-08-02,31.825,75.225,0.0001321362598604,0.2208150856987981,53.7,204.3
punjab_stubble_belt,2026-08-02,31.825,75.275,0.0001549832278897,0.2213881867908362,62.4,213.0
punjab_stubble_belt,2026-08-02,31.825,75.3,0.0001668782450295,0.2187767288029261,66.4,217.0
punjab_stubble_belt,2026-08-02,31.875,74.625,0.000144899377675,0.2170234276757552,57.8,208.4
punjab_stubble_belt,2026-08-02,31.875,74.675,0.0001459600050263,0.2170151588523717,58.2,208.8
punjab_stubble_belt,2026-08-02,31.875,74.725,0.0001381812743515,0.2185729324013925,55.6,206.2
punjab_stubble_belt,2026-08-02,31.875,74.775,0.000135728942442,0.2172036110644115,54.4,205.0
punjab_stubble_belt,2026-08-02,31.875,74.825,0.0001175756983373,0.2085835773965296,46.0,196.6
punjab_stubble_belt,2026-08-02,31.875,74.875,9.72611709072314e-05,0.1992297432899182,36.6,187.2
punjab_stubble_belt,2026-08-02,31.875,74.925,0.0001236422663055,0.2114652397785949,48.8,199.4
punjab_stubble_belt,2026-08-02,31.875,74.975,0.0001244985968627,0.2175298873563306,50.2,200.8
punjab_stubble_belt,2026-08-02,31.875,75.025,0.0001257016270651,0.2199791406609622,51.1,201.7
punjab_stubble_belt,2026-08-02,31.875,75.075,9.42169029303336e-05,0.2190195528228118,39.1,189.7
punjab_stubble_belt,2026-08-02,31.875,75.125,4.3501029622172366e-05,0.2166010726060387,19.5,170.1
punjab_stubble_belt,2026-08-02,31.875,75.175,6.275710421027517e-05,0.2240879895702449,28.1,178.7
punjab_stubble_belt,2026-08-02,31.875,75.225,0.0001031144927609,0.2172509619154439,42.1,192.7
punjab_stubble_belt,2026-08-02,31.875,75.275,0.0001561434601393,0.2180737655899958,62.3,212.9
punjab_stubble_belt,2026-08-02,31.875,75.3,0.0001956235407694,0.2148454403022596,76.6,227.2
punjab_stubble_belt,2026-08-04,31.325,74.725,0.0001063390184265,0.2544415705373626,50.1,200.7
punjab_stubble_belt,2026-08-04,31.325,74.775,0.0001517171229286,0.198509957767855,57.0,207.6
punjab_stubble_belt,2026-08-04,31.325,74.825,0.0001892604323331,0.1486836176432498,62.1,212.7
punjab_stubble_belt,2026-08-04,31.325,74.875,0.0001890514499901,0.1097857087444661,54.9,205.5
punjab_stubble_belt,2026-08-04,31.325,74.925,6.390148842116759e-05,0.0633571643537921,0.0,149.8
punjab_stubble_belt,2026-08-04,31.325,74.975,0.0001487841880467,0.0734604853221588,33.1,183.7
punjab_stubble_belt,2026-08-04,31.325,75.025,0.0001310246252661,0.1538364970795107,41.1,191.7
punjab_stubble_belt,2026-08-04,31.325,75.075,0.0001148194179178,0.1996174905527226,43.3,193.9
punjab_stubble_belt,2026-08-04,31.375,74.625,0.0002117943116091,0.2700264829958876,92.8,243.4
punjab_stubble_belt,2026-08-04,31.375,74.675,0.0002381747546203,0.297300407599682,107.7,258.3
punjab_stubble_belt,2026-08-04,31.375,74.725,0.0001036950588327,0.2868164918904782,55.0,205.6
punjab_stubble_belt,2026-08-04,31.375,74.775,0.0001165364058584,0.2327398983555464,50.0,200.6
punjab_stubble_belt,2026-08-04,31.375,74.825,0.0001522220756823,0.1811184478788359,54.0,204.6
punjab_stubble_belt,2026-08-04,31.375,74.875,0.0001728533325995,0.1466145331311044,55.5,206.1
punjab_stubble_belt,2026-08-04,31.375,74.925,0.000118489594232,0.152739661892286,36.1,186.7
punjab_stubble_belt,2026-08-04,31.375,74.975,0.0001258823418455,0.1487866262811738,38.2,188.8
punjab_stubble_belt,2026-08-04,31.375,75.025,0.0001199523675941,0.1938413934684783,44.2,194.8
punjab_stubble_belt,2026-08-04,31.375,75.075,0.0001181179219098,0.2293826046996706,50.0,200.6
punjab_stubble_belt,2026-08-04,31.375,75.125,0.0001274052612777,0.2621470753194722,59.5,210.1
punjab_stubble_belt,2026-08-04,31.425,74.625,0.0002153045798209,0.2736137236982908,94.7,245.3
punjab_stubble_belt,2026-08-04,31.425,74.675,0.0002381747530691,0.2973004056634442,107.7,258.3
punjab_stubble_belt,2026-08-04,31.425,74.725,0.000238174753185,0.2973004058081057,107.7,258.3
punjab_stubble_belt,2026-08-04,31.425,74.875,0.0001635401693727,0.2685278243733423,74.3,224.9
punjab_stubble_belt,2026-08-04,31.425,74.925,0.0001635401693727,0.2685278243733423,74.3,224.9
punjab_stubble_belt,2026-08-04,31.425,74.975,6.936813719588351e-05,0.2516010724452193,35.6,186.2
punjab_stubble_belt,2026-08-04,31.425,75.025,0.0001051730395318,0.2534312172170866,49.5,200.1
punjab_stubble_belt,2026-08-04,31.425,75.075,0.0001266723844439,0.2569461104394827,58.2,208.8
punjab_stubble_belt,2026-08-04,31.425,75.125,0.0001193081290422,0.2591764907684331,55.9,206.5
punjab_stubble_belt,2026-08-04,31.475,74.625,0.0002311236982643,0.2897729591019828,103.7,254.3
punjab_stubble_belt,2026-08-04,31.475,74.675,0.0002381747460086,0.2973003968502236,107.7,258.3
punjab_stubble_belt,2026-08-04,31.475,74.725,0.0002381747460086,0.2973003968502236,107.7,258.3
punjab_stubble_belt,2026-08-04,31.475,74.975,0.0001131427140103,0.2763691801313729,56.7,207.3
punjab_stubble_belt,2026-08-04,31.475,75.025,0.0001208021799689,0.2788980262108682,60.0,210.6
punjab_stubble_belt,2026-08-04,31.475,75.075,0.0001088004909279,0.2672033019758362,53.4,204.0
punjab_stubble_belt,2026-08-04,31.475,75.125,8.141355018053182e-05,0.2452741550695702,39.0,189.6
punjab_stubble_belt,2026-08-04,31.525,74.625,0.0002289439623329,0.0658712840855516,61.9,212.5
punjab_stubble_belt,2026-08-04,31.525,74.675,0.0002617336113505,0.1947686797178697,97.9,248.5
punjab_stubble_belt,2026-08-04,31.525,74.725,0.000263630969633,0.1865110917609016,97.1,247.7
punjab_stubble_belt,2026-08-04,31.525,74.975,0.0001131427140103,0.2763691801313729,56.7,207.3
punjab_stubble_belt,2026-08-04,31.525,75.025,0.0001103369521533,0.2951614398390417,59.1,209.7
punjab_stubble_belt,2026-08-04,31.525,75.075,0.000112957057329,0.2877461554041133,58.7,209.3
punjab_stubble_belt,2026-08-04,31.525,75.125,0.0001226413533899,0.2746679441001791,60.0,210.6
punjab_stubble_belt,2026-08-04,31.525,75.175,0.0001671248646004,0.2836658166721699,78.4,229.0
punjab_stubble_belt,2026-08-04,31.525,75.225,0.0001671248646004,0.2836658166721699,78.4,229.0
punjab_stubble_belt,2026-08-04,31.575,74.625,0.0002134878687407,0.0428996527685187,51.9,202.5
punjab_stubble_belt,2026-08-04,31.575,74.675,0.0002416281864503,0.1861907955471328,88.7,239.3
punjab_stubble_belt,2026-08-04,31.575,74.725,0.0002415596419544,0.1861897977396132,88.7,239.3
punjab_stubble_belt,2026-08-04,31.575,75.025,0.0001129373592337,0.2777609205292068,56.9,207.5
punjab_stubble_belt,2026-08-04,31.575,75.075,0.0001284734566176,0.2800438547688621,63.1,213.7
punjab_stubble_belt,2026-08-04,31.575,75.125,0.0001564336582321,0.2849715018244129,74.6,225.2
punjab_stubble_belt,2026-08-04,31.575,75.175,0.0001728652686406,0.2924687118287529,82.2,232.8
punjab_stubble_belt,2026-08-04,31.575,75.225,0.0001728831515193,0.2924961351781504,82.2,232.8
punjab_stubble_belt,2026-08-04,31.625,74.625,0.0001812846748721,0.1173826646612717,53.4,204.0
punjab_stubble_belt,2026-08-04,31.625,74.675,0.0001819920482006,0.2136173669105568,71.2,221.8
punjab_stubble_belt,2026-08-04,31.625,74.725,0.0001804365376264,0.2145016046086846,70.8,221.4
punjab_stubble_belt,2026-08-04,31.625,75.025,8.783937648061385e-05,0.2654031683142456,45.1,195.7
punjab_stubble_belt,2026-08-04,31.625,75.075,0.0001075116253077,0.2626471923560387,52.1,202.7
punjab_stubble_belt,2026-08-04,31.625,75.125,0.0001455942706605,0.2602510242039277,66.0,216.6
punjab_stubble_belt,2026-08-04,31.625,75.175,0.000186481936312,0.2789532999931209,84.8,235.4
punjab_stubble_belt,2026-08-04,31.625,75.225,0.000186624365113,0.2787146972698186,84.8,235.4
punjab_stubble_belt,2026-08-04,31.675,74.625,0.0001512902361375,0.2179295801830579,60.4,211.0
punjab_stubble_belt,2026-08-04,31.675,74.675,0.0001111033823445,0.2540662127308215,51.8,202.4
punjab_stubble_belt,2026-08-04,31.675,74.725,0.0001107954508126,0.2541820203553476,51.7,202.3
punjab_stubble_belt,2026-08-04,31.675,74.775,0.000200886417707,0.2506380385381148,85.1,235.7
punjab_stubble_belt,2026-08-04,31.675,74.825,0.000200886417707,0.2506380385381148,85.1,235.7
punjab_stubble_belt,2026-08-04,31.675,74.875,9.60818753535259e-05,0.2892551663929728,52.6,203.2
punjab_stubble_belt,2026-08-04,31.675,74.925,9.60818753535259e-05,0.2892551663929728,52.6,203.2
punjab_stubble_belt,2026-08-04,31.675,74.975,0.0001277026274364,0.28812051251843,64.3,214.9
punjab_stubble_belt,2026-08-04,31.675,75.025,5.514207727011178e-05,0.2637853268060559,32.5,183.1
punjab_stubble_belt,2026-08-04,31.675,75.075,6.569781446863246e-05,0.2434219806199,32.8,183.4
punjab_stubble_belt,2026-08-04,31.675,75.125,0.0001075531182679,0.2177445566042049,43.9,194.5
punjab_stubble_belt,2026-08-04,31.675,75.175,0.0001895420286749,0.2469166545455794,80.1,230.7
punjab_stubble_belt,2026-08-04,31.675,75.225,0.0001668801593489,0.2709670096037759,76.0,226.6
punjab_stubble_belt,2026-08-04,31.675,75.275,0.0001407547287186,0.296905456194657,70.9,221.5
punjab_stubble_belt,2026-08-04,31.725,74.625,0.0001920834017138,0.1438636640226864,62.3,212.9
punjab_stubble_belt,2026-08-04,31.725,74.675,0.0001156087495149,0.2523718235059586,53.2,203.8
punjab_stubble_belt,2026-08-04,31.725,74.725,0.0001156087495149,0.2523718235059586,53.2,203.8
punjab_stubble_belt,2026-08-04,31.725,74.775,0.000200886417707,0.2506380385381148,85.1,235.7
punjab_stubble_belt,2026-08-04,31.725,74.825,0.000200886417707,0.2506380385381148,85.1,235.7
punjab_stubble_belt,2026-08-04,31.725,74.875,9.60818753535259e-05,0.2892551663929728,52.6,203.2
punjab_stubble_belt,2026-08-04,31.725,74.925,9.60818753535259e-05,0.2892551663929728,52.6,203.2
punjab_stubble_belt,2026-08-04,31.725,74.975,0.0001270573059653,0.2881436687199514,64.1,214.7
punjab_stubble_belt,2026-08-04,31.725,75.025,0.0001307141276348,0.2880124502446641,65.4,216.0
punjab_stubble_belt,2026-08-04,31.725,75.125,0.0001166352335949,0.2154405104035777,46.9,197.5
punjab_stubble_belt,2026-08-04,31.725,75.175,0.0001166352335949,0.2154405104035777,46.9,197.5
punjab_stubble_belt,2026-08-04,31.725,75.225,0.0001374588970867,0.2857736002480499,67.6,218.2
punjab_stubble_belt,2026-08-04,31.725,75.275,0.0001407547287186,0.296905456194657,70.9,221.5
punjab_stubble_belt,2026-08-04,31.775,74.625,0.0002450278650822,0.06578574243524,68.0,218.6
punjab_stubble_belt,2026-08-04,31.775,74.675,0.0001401563466882,0.1222664199128668,38.7,189.3
punjab_stubble_belt,2026-08-04,31.775,74.725,0.0002880953059965,0.0541232175873806,82.1,232.7
punjab_stubble_belt,2026-08-04,31.775,74.775,0.0002438183775368,0.0725702900345062,68.8,219.4
punjab_stubble_belt,2026-08-04,31.775,74.825,0.0002299720302416,0.1329176306426561,74.6,225.2
punjab_stubble_belt,2026-08-04,31.775,74.875,0.0002258957131167,0.2249615380994708,89.8,240.4
punjab_stubble_belt,2026-08-04,31.775,74.925,9.741190427349024e-05,0.2871333634473784,52.7,203.3
punjab_stubble_belt,2026-08-04,31.775,74.975,0.0001285704610972,0.2921426824602754,65.4,216.0
punjab_stubble_belt,2026-08-04,31.775,75.025,0.0001320517223157,0.2927222036267696,66.8,217.4
punjab_stubble_belt,2026-08-04,31.775,75.125,0.0001166352335949,0.2154405104035777,46.9,197.5
punjab_stubble_belt,2026-08-04,31.775,75.175,0.0001166352335949,0.2154405104035777,46.9,197.5
punjab_stubble_belt,2026-08-04,31.775,75.225,0.0001379171410569,0.2873213449251183,68.0,218.6
punjab_stubble_belt,2026-08-04,31.775,75.275,0.0001407547287186,0.296905456194657,70.9,221.5
punjab_stubble_belt,2026-08-04,31.825,74.625,0.000194826673001,0.0270150817749165,42.0,192.6
punjab_stubble_belt,2026-08-04,31.825,74.675,0.0001560616009288,0.0391770093071016,29.6,180.2
punjab_stubble_belt,2026-08-04,31.825,74.725,0.0002169053681812,0.0190670009392143,48.8,199.4
punjab_stubble_belt,2026-08-04,31.825,74.775,0.000192057798559,0.0213883238224906,39.9,190.5
punjab_stubble_belt,2026-08-04,31.825,74.825,0.0001722255358263,0.0872298009936488,44.4,195.0
punjab_stubble_belt,2026-08-04,31.825,74.875,0.0001593461451897,0.1857998249831263,57.6,208.2
punjab_stubble_belt,2026-08-04,31.825,74.925,9.75689215765416e-05,0.2868828728218568,52.7,203.3
punjab_stubble_belt,2026-08-04,31.825,74.975,0.0001286229078959,0.2926053507899275,65.5,216.1
punjab_stubble_belt,2026-08-04,31.825,75.025,0.0001322060601635,0.2932656367093203,67.0,217.6
punjab_stubble_belt,2026-08-04,31.875,74.625,0.0001636993068779,0.0134240814027266,27.7,178.3
punjab_stubble_belt,2026-08-04,31.875,74.675,0.0001875736493708,0.0001166425360861,34.3,184.9
punjab_stubble_belt,2026-08-04,31.875,74.725,0.0001770445304397,7.82477012911497e-06,30.3,180.9
punjab_stubble_belt,2026-08-04,31.875,74.775,0.0001935890849126,0.0,36.6,187.2
punjab_stubble_belt,2026-08-04,31.875,74.825,0.0001655407286669,0.0476713291140433,34.7,185.3
punjab_stubble_belt,2026-08-04,31.875,74.875,0.0001110492594283,0.1166669248054964,26.7,177.3
punjab_stubble_belt,2026-08-04,31.875,75.025,0.0001041719738362,0.2487064565136663,48.2,198.8
punjab_stubble_belt,2026-08-04,31.875,75.075,0.0001514006338734,0.2400006308756503,64.5,215.1
punjab_stubble_belt,2026-08-04,31.875,75.125,0.0002308306530268,0.2253590150298962,91.8,242.4
punjab_stubble_belt,2026-08-05,31.325,74.625,0.0001453204876144,0.1586192891160284,47.3,197.9
punjab_stubble_belt,2026-08-05,31.325,74.675,0.0001099140393441,0.1585761777772766,34.0,184.6
punjab_stubble_belt,2026-08-05,31.325,74.725,8.353803871393477e-05,0.1038719564615448,14.0,164.6
punjab_stubble_belt,2026-08-05,31.325,74.775,9.439326884560791e-05,0.142421837641453,25.1,175.7
punjab_stubble_belt,2026-08-05,31.325,74.825,0.0001009555977753,0.1637010453886674,31.5,182.1
punjab_stubble_belt,2026-08-05,31.325,75.025,0.0001092435889772,0.2967676733488271,58.9,209.5
punjab_stubble_belt,2026-08-05,31.325,75.075,0.0001092435889772,0.2967676733488271,58.9,209.5
punjab_stubble_belt,2026-08-05,31.375,74.625,0.0001396393730025,0.2029831598934013,53.3,203.9
punjab_stubble_belt,2026-08-05,31.375,74.675,9.262018775413234e-05,0.1598118604124551,27.6,178.2
punjab_stubble_belt,2026-08-05,31.375,74.725,8.242224167320695e-05,0.1079182371413694,14.3,164.9
punjab_stubble_belt,2026-08-05,31.375,74.775,8.118582568631542e-05,0.1448646246633326,20.6,171.2
punjab_stubble_belt,2026-08-05,31.375,74.825,8.099253211290819e-05,0.165500052727276,24.3,174.9
punjab_stubble_belt,2026-08-05,31.375,75.025,0.0001099016217688,0.2763451932990505,55.5,206.1
punjab_stubble_belt,2026-08-05,31.375,75.075,0.0001126587167473,0.270507496709913,55.4,206.0
punjab_stubble_belt,2026-08-05,31.375,75.125,0.0001232376192494,0.2488402975228369,55.5,206.1
punjab_stubble_belt,2026-08-05,31.425,74.625,0.0001164623433746,0.2862658527060105,59.7,210.3
punjab_stubble_belt,2026-08-05,31.425,75.025,0.0001023049837695,0.2514359079950497,48.0,198.6
punjab_stubble_belt,2026-08-05,31.425,75.075,0.0001071481241172,0.2519748168650891,50.0,200.6
punjab_stubble_belt,2026-08-05,31.425,75.125,0.0001153490981422,0.2529905318465156,53.2,203.8
punjab_stubble_belt,2026-08-05,31.475,75.025,6.287589910882747e-05,0.2586557514227556,34.5,185.1
punjab_stubble_belt,2026-08-05,31.475,75.075,6.870899420320234e-05,0.2638149553197218,37.6,188.2
punjab_stubble_belt,2026-08-05,31.475,75.125,7.843081936049378e-05,0.272413628481332,42.9,193.5
punjab_stubble_belt,2026-08-05,31.525,75.025,6.287589910882747e-05,0.2586557514227556,34.5,185.1
punjab_stubble_belt,2026-08-05,31.525,75.075,6.853223374579702e-05,0.2636586158076925,37.5,188.1
punjab_stubble_belt,2026-08-05,31.525,75.125,7.843081936049378e-05,0.272413628481332,42.9,193.5
punjab_stubble_belt,2026-08-05,31.625,75.075,0.0001671740595168,0.2771237536250241,77.2,227.8
punjab_stubble_belt,2026-08-05,31.625,75.125,0.0001651361648566,0.2768105198033487,76.4,227.0
punjab_stubble_belt,2026-08-05,31.625,75.175,0.0001485418797662,0.2742599015411347,69.7,220.3
punjab_stubble_belt,2026-08-05,31.625,75.225,0.0001485418797662,0.2742599015411347,69.7,220.3
punjab_stubble_belt,2026-08-05,31.675,74.825,0.0003669209792818,0.2763793764718737,152.5,303.1
punjab_stubble_belt,2026-08-05,31.675,74.875,0.0003669209792818,0.2763793764718737,152.5,303.1
punjab_stubble_belt,2026-08-05,31.675,75.025,0.0001389328716507,0.2736771146173812,65.9,216.5
punjab_stubble_belt,2026-08-05,31.675,75.075,0.000154790637754,0.2626822555174329,69.9,220.5
punjab_stubble_belt,2026-08-05,31.675,75.125,0.0001572463677811,0.2620072217897654,70.7,221.3
punjab_stubble_belt,2026-08-05,31.675,75.175,0.0001429969697773,0.2772065386166306,68.1,218.7
punjab_stubble_belt,2026-08-05,31.675,75.225,0.0001434695473332,0.276955404774969,68.2,218.8
punjab_stubble_belt,2026-08-05,31.725,74.825,0.0003669209792818,0.2763793764718737,152.5,303.1
punjab_stubble_belt,2026-08-05,31.725,74.875,0.0003669209792818,0.2763793764718737,152.5,303.1
punjab_stubble_belt,2026-08-05,31.725,75.025,0.0001389328716507,0.2736771146173812,65.9,216.5
punjab_stubble_belt,2026-08-05,31.725,75.075,0.0001284758665081,0.2319940720388016,54.4,205.0
punjab_stubble_belt,2026-08-05,31.725,75.125,0.0001110826038734,0.1780415097253113,37.9,188.5
punjab_stubble_belt,2026-08-05,31.725,75.175,0.0001113447752574,0.2940269252559193,59.2,209.8
punjab_stubble_belt,2026-08-05,31.725,75.225,0.0001113447752574,0.2940269252559193,59.2,209.8
punjab_stubble_belt,2026-08-05,31.775,74.825,0.0003669209792818,0.2763793764718737,152.5,303.1
punjab_stubble_belt,2026-08-05,31.775,74.875,0.0003669209792818,0.2763793764718737,152.5,303.1
punjab_stubble_belt,2026-08-05,31.775,75.025,0.0002064421471153,0.2223306417244887,82.0,232.6
punjab_stubble_belt,2026-08-05,31.775,75.075,0.0001805078973965,0.1972089058842322,67.6,218.2
punjab_stubble_belt,2026-08-05,31.775,75.125,0.0001363494666522,0.1583560640641741,43.9,194.5
punjab_stubble_belt,2026-08-05,31.775,75.175,0.0001113447752574,0.2940269252559193,59.2,209.8
punjab_stubble_belt,2026-08-05,31.775,75.225,0.0001113447752574,0.2940269252559193,59.2,209.8
punjab_stubble_belt,2026-08-05,31.825,74.725,0.0001802122396555,0.2657230511357455,80.1,230.7
punjab_stubble_belt,2026-08-05,31.825,74.775,0.0001766782672343,0.2614661011371742,77.9,228.5
punjab_stubble_belt,2026-08-05,31.825,74.825,0.0001358905603815,0.2707112461021814,64.2,214.8
punjab_stubble_belt,2026-08-05,31.825,74.875,7.87870667588097e-05,0.2873555680011465,45.7,196.3
punjab_stubble_belt,2026-08-05,31.825,75.025,0.0001529167639565,0.2374765387352828,64.6,215.2
punjab_stubble_belt,2026-08-05,31.825,75.075,0.0001320284273269,0.230465153003819,55.4,206.0
punjab_stubble_belt,2026-08-05,31.825,75.125,9.658820601125033e-05,0.2190321438224217,40.0,190.6
punjab_stubble_belt,2026-08-05,31.875,74.725,0.0001751115429453,0.2625625312772149,77.6,228.2
punjab_stubble_belt,2026-08-05,31.875,74.775,0.0001676403512692,0.2524902800866297,72.9,223.5
punjab_stubble_belt,2026-08-05,31.875,74.825,0.0001410215206632,0.2573172114668757,63.7,214.3
punjab_stubble_belt,2026-08-05,31.875,74.875,0.000108566972733,0.2732689131029016,54.4,205.0
punjab_stubble_belt,2026-08-05,31.875,74.925,0.0001143798016916,0.2977419188516638,61.1,211.7
punjab_stubble_belt,2026-08-05,31.875,74.975,0.0001443158165725,0.2933918838273623,71.6,222.2
punjab_stubble_belt,2026-08-05,31.875,75.025,0.0001241646174192,0.2616654228012732,58.2,208.8
punjab_stubble_belt,2026-08-05,31.875,75.075,0.0001069061625069,0.2550042963562395,50.4,201.0
punjab_stubble_belt,2026-08-05,31.875,75.125,8.687056448903311e-05,0.2551843663495182,42.9,193.5
punjab_stubble_belt,2026-08-06,31.325,74.625,0.0002080941747926,0.0,42.0,192.6
punjab_stubble_belt,2026-08-06,31.325,74.675,0.0002300618714283,0.0,50.3,200.9
punjab_stubble_belt,2026-08-06,31.325,74.725,0.0002549988937323,0.0,59.7,210.3
punjab_stubble_belt,2026-08-06,31.325,74.775,0.0002101310767964,0.0,42.8,193.4
punjab_stubble_belt,2026-08-06,31.325,74.825,0.0001982734952107,0.0,38.3,188.9
punjab_stubble_belt,2026-08-06,31.325,74.875,0.0002128265514532,0.0,43.8,194.4
punjab_stubble_belt,2026-08-06,31.325,74.925,0.000201366644451,0.0,39.5,190.1
punjab_stubble_belt,2026-08-06,31.325,74.975,0.0002011880475355,0.0,39.4,190.0
punjab_stubble_belt,2026-08-06,31.325,75.025,0.0002038818863629,0.0,40.4,191.0
punjab_stubble_belt,2026-08-06,31.325,75.075,0.0002080688261099,0.0,42.0,192.6
punjab_stubble_belt,2026-08-06,31.325,75.125,0.0002107270504552,0.0,43.0,193.6
punjab_stubble_belt,2026-08-06,31.325,75.175,0.0001935481632221,0.0,36.5,187.1
punjab_stubble_belt,2026-08-06,31.325,75.225,0.0002031190994454,0.0024186986330823,40.6,191.2
punjab_stubble_belt,2026-08-06,31.325,75.275,0.0002066294462487,0.071306377827019,54.5,205.1
punjab_stubble_belt,2026-08-06,31.325,75.3,0.0002308144581081,0.1300128709646748,74.4,225.0
punjab_stubble_belt,2026-08-06,31.375,74.625,0.0002021281213259,0.0,39.8,190.4
punjab_stubble_belt,2026-08-06,31.375,74.675,0.0001891110757747,0.0,34.9,185.5
punjab_stubble_belt,2026-08-06,31.375,74.725,0.0002493393364588,0.0,57.6,208.2
punjab_stubble_belt,2026-08-06,31.375,74.775,0.0002471138756528,0.0,56.8,207.4
punjab_stubble_belt,2026-08-06,31.375,74.825,0.000238309745615,0.0,53.4,204.0
punjab_stubble_belt,2026-08-06,31.375,74.875,0.000239478416002,0.0,53.9,204.5
punjab_stubble_belt,2026-08-06,31.375,74.925,0.0002864406732308,0.0,71.6,222.2
punjab_stubble_belt,2026-08-06,31.375,74.975,0.0002522632533488,0.0,58.7,209.3
punjab_stubble_belt,2026-08-06,31.375,75.025,0.0002276743221849,0.0,49.4,200.0
punjab_stubble_belt,2026-08-06,31.375,75.075,0.0002226908943569,0.0,47.5,198.1
punjab_stubble_belt,2026-08-06,31.375,75.125,0.0002305649979788,0.0,50.5,201.1
punjab_stubble_belt,2026-08-06,31.375,75.175,0.0002101761231484,0.0,42.8,193.4
punjab_stubble_belt,2026-08-06,31.375,75.225,0.0001840188522072,0.0,33.0,183.6
punjab_stubble_belt,2026-08-06,31.375,75.275,0.0001936241490837,0.0402761059265654,43.9,194.5
punjab_stubble_belt,2026-08-06,31.375,75.3,0.0002070472962686,0.0630961139660731,53.2,203.8
punjab_stubble_belt,2026-08-06,31.425,74.625,0.0002102947173855,0.0,42.9,193.5
punjab_stubble_belt,2026-08-06,31.425,74.675,0.0001505873270194,0.0,20.3,170.9
punjab_stubble_belt,2026-08-06,31.425,74.725,0.0002174189127379,0.0,45.6,196.2
punjab_stubble_belt,2026-08-06,31.425,74.775,0.0002727274161707,0.0,66.4,217.0
punjab_stubble_belt,2026-08-06,31.425,74.825,0.0002867585579887,0.0,71.7,222.3
punjab_stubble_belt,2026-08-06,31.425,74.875,0.0002871838846772,0.0,71.9,222.5
punjab_stubble_belt,2026-08-06,31.425,74.925,0.0003738635298963,0.0,104.6,255.2
punjab_stubble_belt,2026-08-06,31.425,74.975,0.000316434213741,0.0005904339871664,83.0,233.6
punjab_stubble_belt,2026-08-06,31.425,75.025,0.0002480776907981,0.0002361735948665,57.2,207.8
punjab_stubble_belt,2026-08-06,31.425,75.075,0.0002237192223944,0.0,47.9,198.5
punjab_stubble_belt,2026-08-06,31.425,75.125,0.0002360810270385,0.0,52.6,203.2
punjab_stubble_belt,2026-08-06,31.425,75.175,0.00018348057009,0.0,32.7,183.3
punjab_stubble_belt,2026-08-06,31.425,75.225,0.0001431627228924,0.0,17.5,168.1
punjab_stubble_belt,2026-08-06,31.425,75.275,0.0001970611843259,0.0157182383954692,40.7,191.3
punjab_stubble_belt,2026-08-06,31.425,75.3,0.0002280713501095,0.0168044265537227,52.6,203.2
punjab_stubble_belt,2026-08-06,31.475,74.625,0.0003377505131826,0.0,91.0,241.6
punjab_stubble_belt,2026-08-06,31.475,74.675,0.0001809513472941,0.0,31.8,182.4
punjab_stubble_belt,2026-08-06,31.475,74.725,7.670997718471246e-05,0.0,0.0,143.1
punjab_stubble_belt,2026-08-06,31.475,74.775,8.049442587706779e-05,0.0,0.0,144.5
punjab_stubble_belt,2026-08-06,31.475,74.825,0.0001707167454185,0.0,27.9,178.5
punjab_stubble_belt,2026-08-06,31.475,74.875,0.0003086509532069,0.0,80.0,230.6
punjab_stubble_belt,2026-08-06,31.475,74.925,0.0003872039008326,0.0,109.6,260.2
punjab_stubble_belt,2026-08-06,31.475,74.975,0.0002846619018398,0.003379776165047,71.5,222.1
punjab_stubble_belt,2026-08-06,31.475,75.025,0.00013598346646,0.0013847694009567,15.1,165.7
punjab_stubble_belt,2026-08-06,31.475,75.075,0.0001129528654494,0.0,6.1,156.7
punjab_stubble_belt,2026-08-06,31.475,75.125,0.0002001181578651,0.0,39.0,189.6
punjab_stubble_belt,2026-08-06,31.475,75.175,0.0001544264728024,0.0,21.8,172.4
punjab_stubble_belt,2026-08-06,31.475,75.225,0.0001472672270744,0.0,19.1,169.7
punjab_stubble_belt,2026-08-06,31.475,75.275,0.0001879311809693,0.0016619974579605,34.7,185.3
punjab_stubble_belt,2026-08-06,31.525,74.625,0.0001871124750776,0.0,34.1,184.7
punjab_stubble_belt,2026-08-06,31.525,74.675,0.0001368999690843,0.0,15.2,165.8
punjab_stubble_belt,2026-08-06,31.525,74.725,0.0001486726035973,0.0,19.6,170.2
punjab_stubble_belt,2026-08-06,31.525,74.775,0.0001471544417906,0.0,19.0,169.6
punjab_stubble_belt,2026-08-06,31.525,74.825,0.0001607939466365,0.0035590847914617,24.8,175.4
punjab_stubble_belt,2026-08-06,31.525,74.875,0.000189616040497,0.0141263408832803,37.6,188.2
punjab_stubble_belt,2026-08-06,31.525,74.925,0.0002385126771753,0.0441798760209076,61.6,212.2
punjab_stubble_belt,2026-08-06,31.525,74.975,0.0001429614266825,0.0950632329704259,34.8,185.4
punjab_stubble_belt,2026-08-06,31.525,75.025,8.815639016779034e-05,0.0761837207833286,10.7,161.3
punjab_stubble_belt,2026-08-06,31.525,75.075,6.394846184696904e-05,0.0606915044016467,0.0,149.3
punjab_stubble_belt,2026-08-06,31.525,75.125,8.451111982246403e-05,0.0515403356056153,4.8,155.4
punjab_stubble_belt,2026-08-06,31.525,75.175,0.0002332455308727,0.003714505910745,52.2,202.8
punjab_stubble_belt,2026-08-06,31.525,75.225,0.0001734714198753,0.0005478750338409,29.1,179.7
punjab_stubble_belt,2026-08-06,31.525,75.275,0.0001052539164315,0.0198914782377932,6.9,157.5
punjab_stubble_belt,2026-08-06,31.525,75.3,0.0001349529513067,0.0191330741556627,17.9,168.5
punjab_stubble_belt,2026-08-06,31.575,74.625,0.0001976248970286,0.0,38.1,188.7
punjab_stubble_belt,2026-08-06,31.575,74.675,0.0001831316546202,0.0,32.6,183.2
punjab_stubble_belt,2026-08-06,31.575,74.725,0.0001949478465509,0.0,37.1,187.7
punjab_stubble_belt,2026-08-06,31.575,74.775,0.0002279369617213,0.0,49.5,200.1
punjab_stubble_belt,2026-08-06,31.575,74.825,0.0002362868184537,0.0099289586334491,54.5,205.1
punjab_stubble_belt,2026-08-06,31.575,74.875,0.0002270956318921,0.032220664280573,55.1,205.7
punjab_stubble_belt,2026-08-06,31.575,74.925,0.0002376502168472,0.0761960380167896,67.1,217.7
punjab_stubble_belt,2026-08-06,31.575,74.975,0.0001599084537826,0.1217139779062799,46.1,196.7
punjab_stubble_belt,2026-08-06,31.575,75.025,0.0001232706869619,0.1033541207840286,28.9,179.5
punjab_stubble_belt,2026-08-06,31.575,75.075,0.0001050132273772,0.0826790728671336,18.2,168.8
punjab_stubble_belt,2026-08-06,31.575,75.125,0.0001097481076328,0.0634944967966751,16.5,167.1
punjab_stubble_belt,2026-08-06,31.575,75.175,0.0001782789986396,0.0097529861957736,32.6,183.2
punjab_stubble_belt,2026-08-06,31.575,75.225,0.0001234416793755,0.0013322573476083,10.3,160.9
punjab_stubble_belt,2026-08-06,31.575,75.275,3.903082998129921e-05,0.0261971953494721,0.0,133.6
punjab_stubble_belt,2026-08-06,31.575,75.3,5.419380159996324e-06,0.0413950377026106,0.0,123.7
punjab_stubble_belt,2026-08-06,31.625,74.625,0.0002088362147046,0.0,42.3,192.9
punjab_stubble_belt,2026-08-06,31.625,74.675,0.0001924196350046,0.0,36.1,186.7
punjab_stubble_belt,2026-08-06,31.625,74.725,0.0002358064138019,0.0019709102492743,52.9,203.5
punjab_stubble_belt,2026-08-06,31.625,74.775,0.0002663919438821,0.0068794945368661,65.3,215.9
punjab_stubble_belt,2026-08-06,31.625,74.825,0.0002862790510134,0.0233237215562905,75.8,226.4
punjab_stubble_belt,2026-08-06,31.625,74.875,0.0002868366694762,0.0550254306787688,81.8,232.4
punjab_stubble_belt,2026-08-06,31.625,74.925,0.0002328531836315,0.1202016201938655,73.3,223.9
punjab_stubble_belt,2026-08-06,31.625,74.975,0.0001915020497782,0.1478016745270176,62.8,213.4
punjab_stubble_belt,2026-08-06,31.625,75.025,0.0001425757074199,0.1298669326932027,41.0,191.6
punjab_stubble_belt,2026-08-06,31.625,75.075,0.0001186192870068,0.1026791291670585,27.0,177.6
punjab_stubble_belt,2026-08-06,31.625,75.125,0.0001251099577135,0.0744579908168105,24.3,174.9
punjab_stubble_belt,2026-08-06,31.625,75.175,0.0001513044692452,0.0499003986914577,29.7,180.3
punjab_stubble_belt,2026-08-06,31.625,75.225,9.28567208124418e-05,0.0332149139997865,4.6,155.2
punjab_stubble_belt,2026-08-06,31.625,75.275,9.159980271259271e-05,0.0493485473575327,7.1,157.7
punjab_stubble_belt,2026-08-06,31.625,75.3,0.0001294170060941,0.0652826233703241,24.3,174.9
punjab_stubble_belt,2026-08-06,31.675,74.625,0.0002159074238025,0.0,45.0,195.6
punjab_stubble_belt,2026-08-06,31.675,74.675,0.0001972221857134,0.0,37.9,188.5
punjab_stubble_belt,2026-08-06,31.675,74.725,0.0002524833487667,0.0041717600276306,59.6,210.2
punjab_stubble_belt,2026-08-06,31.675,74.775,0.0002535370672205,0.0145405962501188,61.8,212.4
punjab_stubble_belt,2026-08-06,31.675,74.825,0.0002864516135642,0.0332733277475609,77.7,228.3
punjab_stubble_belt,2026-08-06,31.675,74.875,0.0003188458386093,0.0661699050994254,95.9,246.5
punjab_stubble_belt,2026-08-06,31.675,74.925,0.0002108800191593,0.1426035390658176,69.1,219.7
punjab_stubble_belt,2026-08-06,31.675,74.975,0.0002150890336171,0.1537567646534166,72.8,223.4
punjab_stubble_belt,2026-08-06,31.675,75.025,0.0001455093860669,0.1357167657713928,43.2,193.8
punjab_stubble_belt,2026-08-06,31.675,75.075,0.0001104022510537,0.1051100070115255,24.4,175.0
punjab_stubble_belt,2026-08-06,31.675,75.125,0.0001235175085153,0.0766720585987342,24.1,174.7
punjab_stubble_belt,2026-08-06,31.675,75.175,0.0001707718081229,0.097548914968916,45.8,196.4
punjab_stubble_belt,2026-08-06,31.675,75.225,0.0001077459599785,0.0828242795628378,19.3,169.9
punjab_stubble_belt,2026-08-06,31.675,75.275,0.0002174253267371,0.0895522299989395,61.9,212.5
punjab_stubble_belt,2026-08-06,31.675,75.3,0.0002777763626421,0.1258185309272381,91.3,241.9
punjab_stubble_belt,2026-08-06,31.725,74.625,0.0002597403254965,0.0,61.5,212.1
punjab_stubble_belt,2026-08-06,31.725,74.675,0.0003581325610733,0.0,98.7,249.3
punjab_stubble_belt,2026-08-06,31.725,74.725,0.0001768640955083,0.0,30.3,180.9
punjab_stubble_belt,2026-08-06,31.725,74.775,0.0001737140297225,0.0,29.1,179.7
punjab_stubble_belt,2026-08-06,31.725,74.825,0.0001852649599847,0.0,33.4,184.0
punjab_stubble_belt,2026-08-06,31.725,74.875,0.0001907180188319,0.0030652947489094,36.0,186.6
punjab_stubble_belt,2026-08-06,31.725,74.925,0.0001731745337769,0.0205630189406009,32.6,183.2
punjab_stubble_belt,2026-08-06,31.725,74.975,0.0002100996671951,0.0416410386528741,50.4,201.0
punjab_stubble_belt,2026-08-06,31.725,75.025,0.0001677259484147,0.0341718412679399,33.0,183.6
punjab_stubble_belt,2026-08-06,31.725,75.075,0.0001332691009078,0.0258331253555373,18.5,169.1
punjab_stubble_belt,2026-08-06,31.725,75.125,0.0001359453976849,0.0255418397108128,19.5,170.1
punjab_stubble_belt,2026-08-06,31.725,75.175,0.0002484346750024,0.0554885300879543,67.4,218.0
punjab_stubble_belt,2026-08-06,31.725,75.225,0.0002396452322412,0.1041856557373446,73.0,223.6
punjab_stubble_belt,2026-08-06,31.725,75.275,0.0002472347935378,0.1459101112494839,83.5,234.1
punjab_stubble_belt,2026-08-06,31.775,74.625,0.0002910543191065,0.0,73.3,223.9
punjab_stubble_belt,2026-08-06,31.775,74.675,0.0003330703746664,0.0,89.2,239.8
punjab_stubble_belt,2026-08-06,31.775,74.725,0.0001419385204878,0.0,17.1,167.7
punjab_stubble_belt,2026-08-06,31.775,74.775,0.0001715208262215,0.0,28.2,178.8
punjab_stubble_belt,2026-08-06,31.775,74.825,0.0002043056233766,0.0,40.6,191.2
punjab_stubble_belt,2026-08-06,31.775,74.875,0.0002166475790879,0.0007836027892408,45.4,196.0
punjab_stubble_belt,2026-08-06,31.775,74.925,0.0002016563988196,0.0057261809433182,40.7,191.3
punjab_stubble_belt,2026-08-06,31.775,74.975,0.0001074719556798,0.0058154103702085,5.1,155.7
punjab_stubble_belt,2026-08-06,31.775,75.025,0.0001968118470299,0.0196389571119721,41.4,192.0
punjab_stubble_belt,2026-08-06,31.775,75.075,0.000213272020716,0.0245037017911471,48.5,199.1
punjab_stubble_belt,2026-08-06,31.775,75.125,0.0001658426040159,0.0227701375620866,30.3,180.9
punjab_stubble_belt,2026-08-06,31.775,75.175,0.0003229343717414,0.0463832518853409,93.8,244.4
punjab_stubble_belt,2026-08-06,31.775,75.225,0.0002207445254618,0.0849483019772298,62.3,212.9
punjab_stubble_belt,2026-08-06,31.775,75.275,0.000166850069482,0.1141051927567946,47.3,197.9
punjab_stubble_belt,2026-08-06,31.775,75.3,0.00019163171252,0.146557321848602,62.6,213.2
punjab_stubble_belt,2026-08-06,31.825,74.625,0.0002732429622262,0.0,66.6,217.2
punjab_stubble_belt,2026-08-06,31.825,74.675,0.0002612156603265,0.0,62.1,212.7
punjab_stubble_belt,2026-08-06,31.825,74.725,0.0002097490225425,0.0,42.7,193.3
punjab_stubble_belt,2026-08-06,31.825,74.775,0.0002352049117331,0.0,52.3,202.9
punjab_stubble_belt,2026-08-06,31.825,74.825,0.0002126036656089,0.0,43.7,194.3
punjab_stubble_belt,2026-08-06,31.825,74.875,0.0001614971975059,0.0046696737097516,25.3,175.9
punjab_stubble_belt,2026-08-06,31.825,74.925,0.0001768563982616,0.0316701130512285,36.0,186.6
punjab_stubble_belt,2026-08-06,31.825,74.975,0.0001245142786665,0.0319566751496413,16.3,166.9
punjab_stubble_belt,2026-08-06,31.825,75.025,0.0002202126072389,0.0500022819407557,55.7,206.3
punjab_stubble_belt,2026-08-06,31.825,75.075,0.0002640330555722,0.0600735511263152,74.1,224.7
punjab_stubble_belt,2026-08-06,31.825,75.125,0.0002463856381603,0.0606849650231012,67.6,218.2
punjab_stubble_belt,2026-08-06,31.825,75.175,0.0002951406955653,0.066072944130667,87.0,237.6
punjab_stubble_belt,2026-08-06,31.825,75.225,0.0002322119278515,0.0804469972479647,65.8,216.4
punjab_stubble_belt,2026-08-06,31.825,75.275,0.0002084567742242,0.0973782787403761,60.0,210.6
punjab_stubble_belt,2026-08-06,31.825,75.3,0.0001845886118208,0.1107984711956607,53.4,204.0
punjab_stubble_belt,2026-08-06,31.875,74.625,0.0002549238825816,0.001342277773331,60.0,210.6
punjab_stubble_belt,2026-08-06,31.875,74.675,0.0002256333583504,0.0076230883956414,50.0,200.6
punjab_stubble_belt,2026-08-06,31.875,74.725,0.0002149364649193,0.0005151655170293,44.7,195.3
punjab_stubble_belt,2026-08-06,31.875,74.775,0.0002307934573275,1.351191841105997e-06,50.6,201.2
punjab_stubble_belt,2026-08-06,31.875,74.825,0.0002029034315275,0.0,40.1,190.7
punjab_stubble_belt,2026-08-06,31.875,74.875,0.0001639263497351,0.0073410450480394,26.7,177.3
punjab_stubble_belt,2026-08-06,31.875,74.925,0.0002354122174968,0.0489325348587434,61.3,211.9
punjab_stubble_belt,2026-08-06,31.875,74.975,0.000183320405885,0.0545265417958915,42.6,193.2
punjab_stubble_belt,2026-08-06,31.875,75.025,0.0002465811643092,0.0751376783250403,70.3,220.9
punjab_stubble_belt,2026-08-06,31.875,75.075,0.0002865833234658,0.0871499360322454,87.6,238.2
punjab_stubble_belt,2026-08-06,31.875,75.125,0.0002851152278881,0.086934023477573,87.0,237.6
punjab_stubble_belt,2026-08-06,31.875,75.175,0.0002620309343728,0.0750472558255237,76.1,226.7
punjab_stubble_belt,2026-08-06,31.875,75.225,0.0002420451283247,0.075405427225966,68.6,219.2
punjab_stubble_belt,2026-08-06,31.875,75.275,0.0002021508533275,0.0812715719766013,54.6,205.2
punjab_stubble_belt,2026-08-06,31.875,75.3,0.0001572709027123,0.0812407298232202,37.7,188.3
punjab_stubble_belt,2026-08-07,31.325,74.625,0.0001055433467202,0.2259196032091098,44.6,195.2
punjab_stubble_belt,2026-08-07,31.325,74.675,0.0001026244932579,0.2281216221737313,43.9,194.5
punjab_stubble_belt,2026-08-07,31.325,74.725,6.836965180324904e-05,0.2668499056597651,38.1,188.7
punjab_stubble_belt,2026-08-07,31.325,74.775,6.575918326957342e-05,0.2696307610415051,37.6,188.2
punjab_stubble_belt,2026-08-07,31.325,74.825,6.316974116574043e-05,0.2658933082179083,35.9,186.5
punjab_stubble_belt,2026-08-07,31.325,74.875,5.96998163463358e-05,0.2596892760271903,33.5,184.1
punjab_stubble_belt,2026-08-07,31.325,74.925,6.165635461025485e-05,0.2558687307616749,33.5,184.1
punjab_stubble_belt,2026-08-07,31.325,74.975,8.569597639986994e-05,0.2131505777073582,34.8,185.4
punjab_stubble_belt,2026-08-07,31.325,75.025,8.882177068234567e-05,0.2076853432264506,35.0,185.6
punjab_stubble_belt,2026-08-07,31.325,75.075,8.786411535945689e-05,0.2032887160207264,33.8,184.4
punjab_stubble_belt,2026-08-07,31.325,75.125,8.610430582263946e-05,0.1950246285271963,31.6,182.2
punjab_stubble_belt,2026-08-07,31.325,75.175,8.834077422626722e-05,0.1839427070662005,30.4,181.0
punjab_stubble_belt,2026-08-07,31.325,75.225,8.80540635170977e-05,0.1842415639100866,30.4,181.0
punjab_stubble_belt,2026-08-07,31.325,75.275,0.0001242206123531,0.1637253469373928,40.3,190.9
punjab_stubble_belt,2026-08-07,31.325,75.3,0.0001396925001679,0.1481754034100328,43.3,193.9
punjab_stubble_belt,2026-08-07,31.375,74.625,9.964574031957684e-05,0.2289346530606355,42.9,193.5
punjab_stubble_belt,2026-08-07,31.375,74.675,0.0001066764655396,0.2342215299649244,46.5,197.1
punjab_stubble_belt,2026-08-07,31.375,74.725,9.922600518505315e-05,0.2568930585896124,47.9,198.5
punjab_stubble_belt,2026-08-07,31.375,74.775,9.831558817677024e-05,0.2588144865819682,47.9,198.5
punjab_stubble_belt,2026-08-07,31.375,74.825,9.141447563282074e-05,0.2590083163924423,45.3,195.9
punjab_stubble_belt,2026-08-07,31.375,74.875,8.111586777148128e-05,0.2584164758791433,41.3,191.9
punjab_stubble_belt,2026-08-07,31.375,74.925,7.6093102759413e-05,0.2531344675233183,38.5,189.1
punjab_stubble_belt,2026-08-07,31.375,74.975,7.682137961186992e-05,0.2298931774391695,34.5,185.1
punjab_stubble_belt,2026-08-07,31.375,75.025,7.706567738844373e-05,0.2273278927864664,34.1,184.7
punjab_stubble_belt,2026-08-07,31.375,75.075,7.240746623063186e-05,0.220984353028593,31.2,181.8
punjab_stubble_belt,2026-08-07,31.375,75.125,6.398839358100675e-05,0.2091889430763568,25.9,176.5
punjab_stubble_belt,2026-08-07,31.375,75.175,5.817170037459494e-05,0.203347658859267,22.6,173.2
punjab_stubble_belt,2026-08-07,31.375,75.225,7.252858064782219e-05,0.1989171708447236,27.2,177.8
punjab_stubble_belt,2026-08-07,31.375,75.275,0.0001505611107503,0.1706157430127248,51.5,202.1
punjab_stubble_belt,2026-08-07,31.375,75.3,0.0002068901959517,0.151975102093241,69.3,219.9
punjab_stubble_belt,2026-08-07,31.425,74.625,9.173017992845456e-05,0.2331170657625637,40.7,191.3
punjab_stubble_belt,2026-08-07,31.425,74.675,0.0001088056571128,0.2413689634306256,48.7,199.3
punjab_stubble_belt,2026-08-07,31.425,74.725,0.0001372120628861,0.2530009392593277,61.5,212.1
punjab_stubble_belt,2026-08-07,31.425,74.775,0.000139362824277,0.2543171607336676,62.6,213.2
punjab_stubble_belt,2026-08-07,31.425,74.825,0.0001241845181451,0.2601400791311374,57.9,208.5
punjab_stubble_belt,2026-08-07,31.425,74.875,0.0001004841933919,0.2672384445616351,50.2,200.8
punjab_stubble_belt,2026-08-07,31.425,74.925,8.957439953744651e-05,0.2602669004293837,44.9,195.5
punjab_stubble_belt,2026-08-07,31.425,74.975,7.311252830776697e-05,0.2522139239097106,37.2,187.8
punjab_stubble_belt,2026-08-07,31.425,75.025,7.135209166154766e-05,0.2514653488627055,36.4,187.0
punjab_stubble_belt,2026-08-07,31.425,75.075,6.346588564609984e-05,0.2404295265993909,31.4,182.0
punjab_stubble_belt,2026-08-07,31.425,75.125,4.9238258147397744e-05,0.2209888824187637,22.5,173.1
punjab_stubble_belt,2026-08-07,31.425,75.175,4.735485928826461e-05,0.2172747154383497,21.1,171.7
punjab_stubble_belt,2026-08-07,31.425,75.225,8.280568648712731e-05,0.2059243449317464,32.4,183.0
punjab_stubble_belt,2026-08-07,31.425,75.275,0.0001859376137324,0.1713239478321438,65.0,215.6
punjab_stubble_belt,2026-08-07,31.425,75.3,0.0002419823339587,0.1490265188362931,82.0,232.6
punjab_stubble_belt,2026-08-07,31.475,74.625,0.0001140405204317,0.242199408891659,50.8,201.4
punjab_stubble_belt,2026-08-07,31.475,74.675,0.0001114151319817,0.2511543588642862,51.4,202.0
punjab_stubble_belt,2026-08-07,31.475,74.725,0.0001119560629521,0.2591207694601736,53.1,203.7
punjab_stubble_belt,2026-08-07,31.475,74.775,0.0001123345346561,0.2611835685465352,53.6,204.2
punjab_stubble_belt,2026-08-07,31.475,74.825,0.0001097066275892,0.268357780279264,53.9,204.5
punjab_stubble_belt,2026-08-07,31.475,74.875,0.0001065101629557,0.2754358043984473,54.0,204.6
punjab_stubble_belt,2026-08-07,31.475,74.925,0.0001118439103535,0.2614023344296803,53.5,204.1
punjab_stubble_belt,2026-08-07,31.475,74.975,0.0001143933803669,0.2516141242794528,52.6,203.2
punjab_stubble_belt,2026-08-07,31.475,75.025,0.000114893139692,0.2497893976662013,52.5,203.1
punjab_stubble_belt,2026-08-07,31.475,75.075,9.031099082409749e-05,0.234026369595689,40.3,190.9
punjab_stubble_belt,2026-08-07,31.475,75.125,4.91247489575685e-05,0.2082345539611154,20.1,170.7
punjab_stubble_belt,2026-08-07,31.475,75.175,4.894269582908156e-05,0.2069997448728573,19.8,170.4
punjab_stubble_belt,2026-08-07,31.475,75.225,9.866994820155052e-05,0.1905632519117484,35.6,186.2
punjab_stubble_belt,2026-08-07,31.475,75.275,0.0001814095075508,0.1635699489521863,61.8,212.4
punjab_stubble_belt,2026-08-07,31.525,74.625,0.0002103028253355,0.2417598674769021,87.0,237.6
punjab_stubble_belt,2026-08-07,31.525,74.675,0.0001346761774051,0.2186575432213165,54.3,204.9
punjab_stubble_belt,2026-08-07,31.525,74.725,0.0001237875476915,0.2152183501715411,49.5,200.1
punjab_stubble_belt,2026-08-07,31.525,74.775,0.0001070882645881,0.2231599479340989,44.7,195.3
punjab_stubble_belt,2026-08-07,31.525,74.825,8.589651037291943e-05,0.2342786497625271,38.7,189.3
punjab_stubble_belt,2026-08-07,31.525,74.875,6.845815720447363e-05,0.250470974526002,35.1,185.7
punjab_stubble_belt,2026-08-07,31.525,74.925,8.150844878495892e-05,0.2846739735017372,46.3,196.9
punjab_stubble_belt,2026-08-07,31.525,74.975,8.349356553975392e-05,0.2884313931252056,47.7,198.3
punjab_stubble_belt,2026-08-07,31.525,75.025,8.798251445353352e-05,0.2747254894658802,46.9,197.5
punjab_stubble_belt,2026-08-07,31.525,75.075,9.387006218133442e-05,0.2454171872297481,43.8,194.4
punjab_stubble_belt,2026-08-07,31.525,75.125,9.94127991721008e-05,0.2099630417638713,39.4,190.0
punjab_stubble_belt,2026-08-07,31.525,75.175,9.969823047807209e-05,0.209832487090479,39.5,190.1
punjab_stubble_belt,2026-08-07,31.525,75.225,8.292601655362915e-05,0.1750308047036946,26.8,177.4
punjab_stubble_belt,2026-08-07,31.525,75.275,7.715476275510678e-05,0.1539233063436586,20.7,171.3
punjab_stubble_belt,2026-08-07,31.525,75.3,0.0001468041457708,0.1452327800142256,45.4,196.0
punjab_stubble_belt,2026-08-07,31.575,74.625,0.0001916893928992,0.2149095436496871,75.1,225.7
punjab_stubble_belt,2026-08-07,31.575,74.675,0.0001451283781438,0.20083704606592,55.0,205.6
punjab_stubble_belt,2026-08-07,31.575,74.725,0.0001410338377098,0.199419557352176,53.2,203.8
punjab_stubble_belt,2026-08-07,31.575,74.775,0.0001149218001944,0.2212639521626123,47.3,197.9
punjab_stubble_belt,2026-08-07,31.575,74.825,8.820496903348309e-05,0.243228535106817,41.2,191.8
punjab_stubble_belt,2026-08-07,31.575,74.875,6.883553028681644e-05,0.2606931413626393,37.1,187.7
punjab_stubble_belt,2026-08-07,31.575,74.925,7.906532436332856e-05,0.286548199467272,45.7,196.3
punjab_stubble_belt,2026-08-07,31.575,74.975,8.101263562309261e-05,0.2915117861282117,47.3,197.9
punjab_stubble_belt,2026-08-07,31.575,75.025,0.0001217013823429,0.2780794849921514,60.2,210.8
punjab_stubble_belt,2026-08-07,31.575,75.075,0.0001226856866841,0.2505988217580031,55.6,206.2
punjab_stubble_belt,2026-08-07,31.575,75.125,0.0001114295930259,0.2090641808295048,43.7,194.3
punjab_stubble_belt,2026-08-07,31.575,75.175,0.0001115044979828,0.2090544162063801,43.8,194.4
punjab_stubble_belt,2026-08-07,31.575,75.225,8.51130326725869e-05,0.1666786459270766,26.1,176.7
punjab_stubble_belt,2026-08-07,31.575,75.275,7.416226095652013e-05,0.1489569606726749,18.7,169.3
punjab_stubble_belt,2026-08-07,31.575,75.3,6.791049476556309e-05,0.1419162580130048,15.1,165.7
punjab_stubble_belt,2026-08-07,31.625,74.625,0.0001649375437409,0.2114910737562697,64.4,215.0
punjab_stubble_belt,2026-08-07,31.625,74.675,0.0001522891982582,0.2201091690951215,61.2,211.8
punjab_stubble_belt,2026-08-07,31.625,74.725,0.0001524929469486,0.2202764915148923,61.3,211.9
punjab_stubble_belt,2026-08-07,31.625,74.775,0.0001262968918753,0.2289955540864413,53.0,203.6
punjab_stubble_belt,2026-08-07,31.625,74.825,9.0376680199262e-05,0.2492048380906943,43.1,193.7
punjab_stubble_belt,2026-08-07,31.625,74.875,7.421970236098585e-05,0.2633655891502609,39.6,190.2
punjab_stubble_belt,2026-08-07,31.625,74.925,0.0001056600390799,0.2224148965719558,44.0,194.6
punjab_stubble_belt,2026-08-07,31.625,74.975,0.0001050372798035,0.2219153731015057,43.7,194.3
punjab_stubble_belt,2026-08-07,31.625,75.025,0.0001370264969822,0.2327444236292346,57.7,208.3
punjab_stubble_belt,2026-08-07,31.625,75.075,0.0001383618550338,0.2167791181612121,55.3,205.9
punjab_stubble_belt,2026-08-07,31.625,75.125,0.0001282687541614,0.1864023312071918,46.0,196.6
punjab_stubble_belt,2026-08-07,31.625,75.175,0.0001300849303094,0.1859358525554464,46.6,197.2
punjab_stubble_belt,2026-08-07,31.625,75.225,0.0001303128457575,0.1544210246042311,40.9,191.5
punjab_stubble_belt,2026-08-07,31.625,75.275,0.0001273733389307,0.1439703936159798,37.9,188.5
punjab_stubble_belt,2026-08-07,31.625,75.3,0.0001374564423099,0.1402063771607269,41.0,191.6
punjab_stubble_belt,2026-08-07,31.675,74.625,0.0001416967624848,0.2234077801736961,57.8,208.4
punjab_stubble_belt,2026-08-07,31.675,74.675,0.0001487179662089,0.2520430221155798,65.7,216.3
punjab_stubble_belt,2026-08-07,31.675,74.725,0.000149453409058,0.2530804724598713,66.1,216.7
punjab_stubble_belt,2026-08-07,31.675,74.775,0.0001382967896967,0.2483601012691898,61.1,211.7
punjab_stubble_belt,2026-08-07,31.675,74.825,9.892644725354944e-05,0.2320973497806173,43.2,193.8
punjab_stubble_belt,2026-08-07,31.675,74.875,0.0001023261540925,0.2249689318406702,43.2,193.8
punjab_stubble_belt,2026-08-07,31.675,74.925,0.0001050911546277,0.218086189787196,43.0,193.6
punjab_stubble_belt,2026-08-07,31.675,74.975,0.0001044966301029,0.2178344578955329,42.7,193.3
punjab_stubble_belt,2026-08-07,31.675,75.025,0.0001290619982274,0.186899381708805,46.4,197.0
punjab_stubble_belt,2026-08-07,31.675,75.075,0.0001462059904966,0.1636529494509256,48.6,199.2
punjab_stubble_belt,2026-08-07,31.675,75.125,0.0001510673586634,0.1542398479130916,48.7,199.3
punjab_stubble_belt,2026-08-07,31.675,75.175,0.0001493863480219,0.1529736503132048,47.8,198.4
punjab_stubble_belt,2026-08-07,31.675,75.225,0.0001767163685246,0.1426207823934935,56.2,206.8
punjab_stubble_belt,2026-08-07,31.675,75.275,0.000182087495097,0.1410206177863668,58.0,208.6
punjab_stubble_belt,2026-08-07,31.675,75.3,0.0001350213569689,0.1447422962428868,40.9,191.5
punjab_stubble_belt,2026-08-07,31.725,74.625,0.0001207481411447,0.2054160983267872,46.6,197.2
punjab_stubble_belt,2026-08-07,31.725,74.675,0.0001044619932616,0.207166553202281,40.8,191.4
punjab_stubble_belt,2026-08-07,31.725,74.725,0.0001035375380771,0.2118820052577777,41.3,191.9
punjab_stubble_belt,2026-08-07,31.725,74.775,0.0001003890168691,0.2253741493332652,42.6,193.2
punjab_stubble_belt,2026-08-07,31.725,74.825,9.892926723484592e-05,0.2321007065932956,43.2,193.8
punjab_stubble_belt,2026-08-07,31.725,74.875,9.947890900183727e-05,0.2264652604275462,42.4,193.0
punjab_stubble_belt,2026-08-07,31.725,74.925,0.0001018437725465,0.1933764885575251,37.3,187.9
punjab_stubble_belt,2026-08-07,31.725,74.975,0.0001013300544901,0.1937125546013627,37.1,187.7
punjab_stubble_belt,2026-08-07,31.725,75.025,0.0001487962932565,0.1713914499506817,51.0,201.6
punjab_stubble_belt,2026-08-07,31.725,75.075,0.0001763297315597,0.1585849243251839,59.0,209.6
punjab_stubble_belt,2026-08-07,31.725,75.125,0.0001716041764443,0.1584014844191403,57.2,207.8
punjab_stubble_belt,2026-08-07,31.725,75.175,0.0001357587745337,0.1554404795873102,43.1,193.7
punjab_stubble_belt,2026-08-07,31.725,75.225,7.72791134528593e-05,0.1501801518080576,20.1,170.7
punjab_stubble_belt,2026-08-07,31.725,75.275,6.80997571428207e-05,0.1496895362321463,16.5,167.1
punjab_stubble_belt,2026-08-07,31.775,74.625,7.561423584264003e-05,0.1948276134180638,27.6,178.2
punjab_stubble_belt,2026-08-07,31.775,74.675,6.716696869489043e-05,0.1947784787334522,24.4,175.0
punjab_stubble_belt,2026-08-07,31.775,74.725,8.032408837734281e-05,0.2097994052077184,32.1,182.7
punjab_stubble_belt,2026-08-07,31.775,74.775,9.844463080875406e-05,0.2315619923995946,43.0,193.6
punjab_stubble_belt,2026-08-07,31.775,74.825,0.0001069066875785,0.2418990368954933,48.0,198.6
punjab_stubble_belt,2026-08-07,31.775,74.875,0.0001010626152925,0.2387266657987289,45.3,195.9
punjab_stubble_belt,2026-08-07,31.775,74.925,6.854522311353592e-05,0.2184122255113093,29.3,179.9
punjab_stubble_belt,2026-08-07,31.775,74.975,6.872445344234812e-05,0.2192291098746624,29.5,180.1
punjab_stubble_belt,2026-08-07,31.775,75.025,0.0001334495670244,0.1970342077434801,49.9,200.5
punjab_stubble_belt,2026-08-07,31.775,75.075,0.0001695751265452,0.1850644686438002,61.3,211.9
punjab_stubble_belt,2026-08-07,31.775,75.125,0.0001630709207029,0.1845891838731871,58.8,209.4
punjab_stubble_belt,2026-08-07,31.775,75.175,0.0001208660882668,0.1767351802123176,41.4,192.0
punjab_stubble_belt,2026-08-07,31.775,75.225,8.12370026772891e-05,0.1689330509076651,25.0,175.6
punjab_stubble_belt,2026-08-07,31.775,75.275,7.566729031188736e-05,0.1686964403906359,22.9,173.5
punjab_stubble_belt,2026-08-07,31.775,75.3,7.254519276819112e-05,0.1606725291030293,20.2,170.8
punjab_stubble_belt,2026-08-07,31.825,74.625,8.017847703386594e-05,0.204647929063209,31.1,181.7
punjab_stubble_belt,2026-08-07,31.825,74.675,7.694027373091622e-05,0.204590001258406,29.9,180.5
punjab_stubble_belt,2026-08-07,31.825,74.725,9.795349369486095e-05,0.2385626618563781,44.0,194.6
punjab_stubble_belt,2026-08-07,31.825,74.775,0.0001116402912198,0.259408420104428,53.0,203.6
punjab_stubble_belt,2026-08-07,31.825,74.825,0.000118387850366,0.2695438544350916,57.4,208.0
punjab_stubble_belt,2026-08-07,31.825,74.875,0.00011674299582,0.2689532531690887,56.7,207.3
punjab_stubble_belt,2026-08-07,31.825,74.925,6.461414436103224e-05,0.221367833346131,28.3,178.9
punjab_stubble_belt,2026-08-07,31.825,74.975,6.507979492527928e-05,0.2220834523663745,28.6,179.2
punjab_stubble_belt,2026-08-07,31.825,75.025,0.0001316680460693,0.2000851167572139,49.7,200.3
punjab_stubble_belt,2026-08-07,31.825,75.075,0.0001688270440887,0.1880212574877668,61.6,212.2
punjab_stubble_belt,2026-08-07,31.825,75.125,0.0001629055057743,0.2012197611007381,61.7,212.3
punjab_stubble_belt,2026-08-07,31.825,75.175,0.0001495729017613,0.2353590330897539,62.9,213.5
punjab_stubble_belt,2026-08-07,31.825,75.225,0.000134515979695,0.223863043883924,55.2,205.8
punjab_stubble_belt,2026-08-07,31.825,75.275,0.0001269963188398,0.2220834357395849,52.0,202.6
punjab_stubble_belt,2026-08-07,31.825,75.3,0.0001136033877422,0.2112517447288803,45.0,195.6
punjab_stubble_belt,2026-08-07,31.875,74.625,8.849181700763137e-05,0.2174068285207843,36.6,187.2
punjab_stubble_belt,2026-08-07,31.875,74.675,8.824003860415737e-05,0.2175958656899257,36.6,187.2
punjab_stubble_belt,2026-08-07,31.875,74.725,0.0001089498286405,0.2540915010277611,51.0,201.6
punjab_stubble_belt,2026-08-07,31.875,74.775,0.000119164854133,0.2748119048849267,58.7,209.3
punjab_stubble_belt,2026-08-07,31.875,74.825,0.000124556710195,0.2850336518493499,62.6,213.2
punjab_stubble_belt,2026-08-07,31.875,74.875,0.0001268180579285,0.2881296596481957,64.0,214.6
punjab_stubble_belt,2026-08-07,31.875,75.125,0.0001796755630942,0.2520486820915938,77.4,228.0
punjab_stubble_belt,2026-08-07,31.875,75.175,0.0001791550698981,0.2527061847620279,77.3,227.9
punjab_stubble_belt,2026-08-07,31.875,75.225,0.0001778606012459,0.2429571688582906,75.0,225.6
punjab_stubble_belt,2026-08-07,31.875,75.275,0.0001773204445339,0.2396317637170004,74.2,224.8
punjab_stubble_belt,2026-08-07,31.875,75.3,0.000186056090053,0.2342488107565578,76.5,227.1
punjab_stubble_belt,2026-08-09,31.325,75.275,0.0004252170648556,0.2931667585973571,177.5,328.1
punjab_stubble_belt,2026-08-09,31.325,75.3,0.0004252170648556,0.2931667585973571,177.5,328.1
punjab_stubble_belt,2026-08-10,31.325,74.625,0.0001243486090573,0.245259085600829,55.2,205.8
punjab_stubble_belt,2026-08-10,31.325,74.675,8.430834446213767e-05,0.2854814982280568,47.5,198.1
punjab_stubble_belt,2026-08-10,31.325,74.725,0.0001400100796964,0.2504061663961003,62.1,212.7
punjab_stubble_belt,2026-08-10,31.325,74.775,0.0001577623091151,0.2236073049388149,63.9,214.5
punjab_stubble_belt,2026-08-10,31.325,74.825,0.0001397522969641,0.1981490750528341,52.4,203.0
punjab_stubble_belt,2026-08-10,31.325,74.875,0.0001066991650018,0.1890460026607021,38.3,188.9
punjab_stubble_belt,2026-08-10,31.325,74.925,0.0001360494883704,0.2405281873722624,58.8,209.4
punjab_stubble_belt,2026-08-10,31.325,74.975,0.0001761260948247,0.2867864016519683,82.4,233.0
punjab_stubble_belt,2026-08-10,31.325,75.025,0.00016242839999,0.2820389713757986,76.3,226.9
punjab_stubble_belt,2026-08-10,31.325,75.075,0.0001417275658205,0.2686884996246599,66.1,216.7
punjab_stubble_belt,2026-08-10,31.325,75.125,0.0001516323641348,0.2601979671073317,68.3,218.9
punjab_stubble_belt,2026-08-10,31.325,75.175,0.0001748055512826,0.1694293070404789,60.4,211.0
punjab_stubble_belt,2026-08-10,31.325,75.225,0.0002012100039661,0.1682504442584233,70.2,220.8
punjab_stubble_belt,2026-08-10,31.325,75.275,0.0001614237515343,0.2062855450014627,62.1,212.7
punjab_stubble_belt,2026-08-10,31.325,75.3,6.634139631793094e-05,0.2895456927840814,41.4,192.0
punjab_stubble_belt,2026-08-10,31.375,74.625,0.0002150360957767,0.2155910529558658,84.0,234.6
punjab_stubble_belt,2026-08-10,31.375,74.675,0.0003573803734352,0.1743898360632734,130.2,280.8
punjab_stubble_belt,2026-08-10,31.375,74.725,0.0001650769336783,0.2658079503309324,74.4,225.0
punjab_stubble_belt,2026-08-10,31.375,74.775,0.0001739724578584,0.2533644845878321,75.4,226.0
punjab_stubble_belt,2026-08-10,31.375,74.825,0.0001583231315598,0.2355155640059079,66.3,216.9
punjab_stubble_belt,2026-08-10,31.375,74.875,0.0001246746707708,0.2245889780926605,51.6,202.2
punjab_stubble_belt,2026-08-10,31.375,74.925,0.0001265591207444,0.2418568145344295,55.4,206.0
punjab_stubble_belt,2026-08-10,31.375,74.975,0.0001586942127853,0.2833047860343892,75.1,225.7
punjab_stubble_belt,2026-08-10,31.375,75.025,0.0001628906829069,0.2879399974641006,77.6,228.2
punjab_stubble_belt,2026-08-10,31.375,75.075,0.0001549969086412,0.299525014793802,76.7,227.3
punjab_stubble_belt,2026-08-10,31.375,75.125,0.0001568857257926,0.2764516288470885,73.2,223.8
punjab_stubble_belt,2026-08-10,31.375,75.175,0.0001652965367341,0.1741088002264769,57.7,208.3
punjab_stubble_belt,2026-08-10,31.375,75.225,0.0001754364172081,0.1548568160308065,58.0,208.6
punjab_stubble_belt,2026-08-10,31.375,75.275,0.0001964233397419,0.1673532450776123,68.2,218.8
punjab_stubble_belt,2026-08-10,31.375,75.3,0.0002262003446809,0.1910620778252325,83.8,234.4
punjab_stubble_belt,2026-08-10,31.425,74.625,0.0002930772233446,0.1928638395487288,109.3,259.9
punjab_stubble_belt,2026-08-10,31.425,74.675,0.0003316067713564,0.1746940080471772,120.6,271.2
punjab_stubble_belt,2026-08-10,31.425,74.725,0.0002102916613984,0.2405741432495166,86.8,237.4
punjab_stubble_belt,2026-08-10,31.425,74.775,0.0001821556324309,0.2626769244742868,80.2,230.8
punjab_stubble_belt,2026-08-10,31.425,74.825,0.0001655939075833,0.2728130651404928,75.8,226.4
punjab_stubble_belt,2026-08-10,31.425,74.875,0.0001415928911964,0.2756538100878606,67.3,217.9
punjab_stubble_belt,2026-08-10,31.425,74.925,8.078770910665427e-05,0.272532141831235,43.8,194.4
punjab_stubble_belt,2026-08-10,31.425,74.975,0.0001068684262302,0.282666108698483,55.5,206.1
punjab_stubble_belt,2026-08-10,31.425,75.025,0.0001099627486008,0.2838684437505294,56.9,207.5
punjab_stubble_belt,2026-08-10,31.425,75.125,0.0001638875035153,0.1621452645107217,55.0,205.6
punjab_stubble_belt,2026-08-10,31.425,75.175,0.0001638496297114,0.1621502171170054,55.0,205.6
punjab_stubble_belt,2026-08-10,31.425,75.225,0.000153980983708,0.1352083869573269,46.3,196.9
punjab_stubble_belt,2026-08-10,31.425,75.275,0.0001936452686288,0.1627835434316993,66.3,216.9
punjab_stubble_belt,2026-08-10,31.425,75.3,0.0002097662762076,0.1694208793388487,73.6,224.2
punjab_stubble_belt,2026-08-10,31.475,74.625,0.0002757941512146,0.207803815119378,105.5,256.1
punjab_stubble_belt,2026-08-10,31.475,74.675,0.0002142924446529,0.1760785150083947,76.5,227.1
punjab_stubble_belt,2026-08-10,31.475,74.725,0.0002420618943177,0.2254500400793724,96.0,246.6
punjab_stubble_belt,2026-08-10,31.475,74.775,0.0002373822788244,0.2489948936077128,98.6,249.2
punjab_stubble_belt,2026-08-10,31.475,74.825,0.0002338919200687,0.2588706474334064,99.1,249.7
punjab_stubble_belt,2026-08-10,31.475,75.125,0.000161542241039,0.1624519451305953,54.1,204.7
punjab_stubble_belt,2026-08-10,31.475,75.175,0.000161542241039,0.1624519451305953,54.1,204.7
punjab_stubble_belt,2026-08-10,31.475,75.225,0.0001345224794821,0.1452900982365796,40.8,191.4
punjab_stubble_belt,2026-08-10,31.475,75.275,0.0001682544488173,0.1457102761705,53.6,204.2
punjab_stubble_belt,2026-08-10,31.525,74.625,0.0002162337046782,0.2476667401329209,90.3,240.9
punjab_stubble_belt,2026-08-10,31.525,74.675,0.0001762094491268,0.2763889103652379,80.5,231.1
punjab_stubble_belt,2026-08-10,31.525,74.725,0.0002087203611507,0.2569469351053047,89.2,239.8
punjab_stubble_belt,2026-08-10,31.525,74.775,0.0002373607334,0.2490558550510813,98.6,249.2
punjab_stubble_belt,2026-08-10,31.525,74.825,0.0002338919200687,0.2588706474334064,99.1,249.7
punjab_stubble_belt,2026-08-10,31.525,75.075,0.0002046631725059,0.2418811308588384,84.9,235.5
punjab_stubble_belt,2026-08-10,31.525,75.125,0.0002006897447218,0.2351791907383263,82.2,232.8
punjab_stubble_belt,2026-08-10,31.525,75.175,0.0001715664529347,0.185922644256521,62.2,212.8
punjab_stubble_belt,2026-08-10,31.525,75.225,0.0001974743098246,0.187385023756375,72.3,222.9
punjab_stubble_belt,2026-08-10,31.525,75.275,0.0001976948454314,0.1878414018779952,72.4,223.0
punjab_stubble_belt,2026-08-10,31.525,75.3,0.0001945188962002,0.1696060274800301,67.9,218.5
punjab_stubble_belt,2026-08-10,31.575,74.625,0.0002115942477018,0.2506175338625514,89.1,239.7
punjab_stubble_belt,2026-08-10,31.575,74.675,0.0001731423622388,0.2844675999241783,80.8,231.4
punjab_stubble_belt,2026-08-10,31.575,74.725,0.0001731423622388,0.2844675999241783,80.8,231.4
punjab_stubble_belt,2026-08-10,31.575,75.075,0.0002030052529881,0.2289015480302994,81.9,232.5
punjab_stubble_belt,2026-08-10,31.575,75.125,0.0001973495350424,0.2223323591884118,78.6,229.2
punjab_stubble_belt,2026-08-10,31.575,75.175,0.0001531064339942,0.1709263194362054,52.5,203.1
punjab_stubble_belt,2026-08-10,31.575,75.225,0.0001770651095231,0.175211918788952,62.3,212.9
punjab_stubble_belt,2026-08-10,31.575,75.275,0.0002027799843497,0.1668545127208955,70.5,221.1
punjab_stubble_belt,2026-08-10,31.575,75.3,0.0002118689695609,0.1685606439263738,74.3,224.9
punjab_stubble_belt,2026-08-10,31.625,75.025,0.000162614313088,0.259884447267468,72.3,222.9
punjab_stubble_belt,2026-08-10,31.625,75.075,0.0001585080237832,0.2336672732560709,66.0,216.6
punjab_stubble_belt,2026-08-10,31.625,75.125,0.0001560593090806,0.2053835029791904,59.9,210.5
punjab_stubble_belt,2026-08-10,31.625,75.175,0.0001634688243967,0.1232790414105397,47.7,198.3
punjab_stubble_belt,2026-08-10,31.625,75.225,0.0001751467889162,0.1522020911539357,57.4,208.0
punjab_stubble_belt,2026-08-10,31.625,75.275,0.0001777699368528,0.1340428038073985,55.1,205.7
punjab_stubble_belt,2026-08-10,31.625,75.3,0.0001668220382908,0.1126144376776982,47.0,197.6
punjab_stubble_belt,2026-08-10,31.675,74.875,0.0001727599627385,0.2564413883716928,75.5,226.1
punjab_stubble_belt,2026-08-10,31.675,74.925,0.0001727599627385,0.2564413883716928,75.5,226.1
punjab_stubble_belt,2026-08-10,31.675,74.975,0.0001727599627385,0.2564413883716928,75.5,226.1
punjab_stubble_belt,2026-08-10,31.675,75.025,0.000151683005904,0.2618568221049389,68.6,219.2
punjab_stubble_belt,2026-08-10,31.675,75.075,0.000127019927445,0.2405097725799691,55.4,206.0
punjab_stubble_belt,2026-08-10,31.675,75.125,9.7052743340715e-05,0.1904669092892963,34.9,185.5
punjab_stubble_belt,2026-08-10,31.675,75.175,0.0001782986608453,0.0806319466174513,45.5,196.1
punjab_stubble_belt,2026-08-10,31.675,75.225,0.000181466981242,0.1323910757432448,56.2,206.8
punjab_stubble_belt,2026-08-10,31.675,75.275,0.0001404947375721,0.1054138806709419,35.8,186.4
punjab_stubble_belt,2026-08-10,31.675,75.3,0.0001333003278819,0.0894683671000026,30.2,180.8
punjab_stubble_belt,2026-08-10,31.725,74.875,0.0001727599627385,0.2564413883716928,75.5,226.1
punjab_stubble_belt,2026-08-10,31.725,74.925,0.0001727599627385,0.2564413883716928,75.5,226.1
punjab_stubble_belt,2026-08-10,31.725,74.975,0.0001727599627385,0.2564413883716928,75.5,226.1
punjab_stubble_belt,2026-08-10,31.725,75.025,8.828142423683253e-05,0.2732965961622697,46.7,197.3
punjab_stubble_belt,2026-08-10,31.725,75.075,8.814356808658381e-05,0.2457282884075205,41.7,192.3
punjab_stubble_belt,2026-08-10,31.725,75.125,8.858615788435394e-05,0.1959175596928893,32.7,183.3
punjab_stubble_belt,2026-08-10,31.725,75.175,9.36110898234183e-05,0.1670426136128714,29.3,179.9
punjab_stubble_belt,2026-08-10,31.725,75.225,0.0001244551863499,0.1477536349336605,37.5,188.1
punjab_stubble_belt,2026-08-10,31.725,75.275,0.0001484067928826,0.1174057884274213,41.0,191.6
punjab_stubble_belt,2026-08-10,31.775,74.875,0.0002120382452942,0.2836668635978098,95.3,245.9
punjab_stubble_belt,2026-08-10,31.775,74.925,0.000211236647691,0.2831112416544197,94.9,245.5
punjab_stubble_belt,2026-08-10,31.775,74.975,0.0002130903421484,0.2843961173985094,95.9,246.5
punjab_stubble_belt,2026-08-10,31.775,75.025,8.828142423683253e-05,0.2732965961622697,46.7,197.3
punjab_stubble_belt,2026-08-10,31.775,75.075,0.000109029172452,0.2741520127461678,54.7,205.3
punjab_stubble_belt,2026-08-10,31.775,75.125,0.0001074590596293,0.2676581187186932,52.9,203.5
punjab_stubble_belt,2026-08-10,31.775,75.175,7.103872510718139e-05,0.2215253837144259,30.8,181.4
punjab_stubble_belt,2026-08-10,31.775,75.225,6.743502313143125e-05,0.2715642276840527,38.6,189.2
punjab_stubble_belt,2026-08-10,31.775,75.275,0.0001325676042589,0.2281637242831724,55.2,205.8
punjab_stubble_belt,2026-08-10,31.775,75.3,0.0001692337204207,0.1519577216927927,55.1,205.7
punjab_stubble_belt,2026-08-10,31.825,74.875,0.0003183195053659,0.2731937221267808,133.5,284.1
punjab_stubble_belt,2026-08-10,31.825,74.925,0.0003153897776157,0.2735670376660242,132.5,283.1
punjab_stubble_belt,2026-08-10,31.825,74.975,0.0003054701111611,0.2726721039628316,128.6,279.2
punjab_stubble_belt,2026-08-10,31.825,75.025,0.0003032199173298,0.2725555144246967,127.7,278.3
punjab_stubble_belt,2026-08-10,31.825,75.075,0.0001356783334344,0.2514922322278782,60.6,211.2
punjab_stubble_belt,2026-08-10,31.825,75.125,0.0001360217774552,0.2517342167354685,60.8,211.4
punjab_stubble_belt,2026-08-10,31.825,75.175,0.0001386929190334,0.2537949222952012,62.2,212.8
punjab_stubble_belt,2026-08-10,31.825,75.225,0.0001249746781076,0.2830637767748332,62.4,213.0
punjab_stubble_belt,2026-08-10,31.825,75.275,0.0001494205297955,0.2521433551469199,66.0,216.6
punjab_stubble_belt,2026-08-10,31.825,75.3,0.0001690761411946,0.2236558079328844,68.2,218.8
punjab_stubble_belt,2026-08-10,31.875,74.625,0.0002073641194333,0.2351299818118371,84.7,235.3
punjab_stubble_belt,2026-08-10,31.875,74.675,0.0002299537664109,0.2855874893964192,102.5,253.1
punjab_stubble_belt,2026-08-10,31.875,74.725,0.000240034871991,0.2826339189181542,105.7,256.3
punjab_stubble_belt,2026-08-10,31.875,74.775,0.000240754950961,0.2824229495982782,106.0,256.6
punjab_stubble_belt,2026-08-10,31.875,74.875,0.0003318920057477,0.2541557481201606,135.2,285.8
punjab_stubble_belt,2026-08-10,31.875,74.925,0.0003321473830828,0.2542307134448444,135.3,285.9
punjab_stubble_belt,2026-08-10,31.875,74.975,0.0003063565788309,0.2676759708112323,128.0,278.6
punjab_stubble_belt,2026-08-10,31.875,75.025,0.0002889364712745,0.2451681881810015,117.3,267.9
punjab_stubble_belt,2026-08-10,31.875,75.075,0.0002142609197587,0.2127861875377584,83.2,233.8
punjab_stubble_belt,2026-08-10,31.875,75.125,0.0001822735703887,0.215575613293178,71.7,222.3
punjab_stubble_belt,2026-08-10,31.875,75.175,0.0001800101177949,0.2217294156043098,71.9,222.5
punjab_stubble_belt,2026-08-10,31.875,75.225,0.0001649033909125,0.2187996878097105,65.7,216.3
punjab_stubble_belt,2026-08-10,31.875,75.275,0.0001647066472234,0.2295382586350559,67.6,218.2
punjab_stubble_belt,2026-08-10,31.875,75.3,0.0001680274460757,0.234964655574161,69.8,220.4
punjab_stubble_belt,2026-08-12,31.325,74.625,0.0001322267300254,0.2810096029502892,64.7,215.3
punjab_stubble_belt,2026-08-12,31.325,74.675,0.000132290596652,0.2811296190762619,64.8,215.4
punjab_stubble_belt,2026-08-12,31.325,74.725,0.0001801707497996,0.2656315828377041,80.0,230.6
punjab_stubble_belt,2026-08-12,31.325,74.775,0.0001763883155478,0.2516490998997389,76.0,226.6
punjab_stubble_belt,2026-08-12,31.325,74.825,0.0001761995142529,0.2072013897864882,67.8,218.4
punjab_stubble_belt,2026-08-12,31.325,74.875,0.0001821159615935,0.1494786680766937,59.5,210.1
punjab_stubble_belt,2026-08-12,31.325,74.925,0.0001870537096962,0.136144941180159,59.0,209.6
punjab_stubble_belt,2026-08-12,31.325,74.975,0.0002224336300594,0.1307345642400816,71.3,221.9
punjab_stubble_belt,2026-08-12,31.325,75.025,0.0002217514513443,0.1281687355582253,70.6,221.2
punjab_stubble_belt,2026-08-12,31.325,75.075,0.0002071098187521,0.1249723802131313,64.5,215.1
punjab_stubble_belt,2026-08-12,31.325,75.125,0.0001837340801493,0.1222580797599583,55.2,205.8
punjab_stubble_belt,2026-08-12,31.325,75.175,0.0001599838525847,0.126147532644075,46.9,197.5
punjab_stubble_belt,2026-08-12,31.325,75.225,0.0001510799836901,0.1227903828975838,42.9,193.5
punjab_stubble_belt,2026-08-12,31.325,75.275,0.0001559475878853,0.1219524926845094,44.6,195.2
punjab_stubble_belt,2026-08-12,31.325,75.3,0.0001707222278668,0.1227153726435403,50.3,200.9
punjab_stubble_belt,2026-08-12,31.375,74.625,0.0001187329799596,0.2424728523844003,52.6,203.2
punjab_stubble_belt,2026-08-12,31.375,74.675,0.0001188925174126,0.2508520207406589,54.2,204.8
punjab_stubble_belt,2026-08-12,31.375,74.725,0.0001470076775734,0.2648419199219635,67.4,218.0
punjab_stubble_belt,2026-08-12,31.375,74.775,0.0001645657852458,0.2465406953550358,70.6,221.2
punjab_stubble_belt,2026-08-12,31.375,74.825,0.0001758586727925,0.2116022466762797,68.5,219.1
punjab_stubble_belt,2026-08-12,31.375,74.875,0.0001772412769697,0.1682739140890408,61.1,211.7
punjab_stubble_belt,2026-08-12,31.375,74.925,0.0001548209666384,0.1278149804603771,45.3,195.9
punjab_stubble_belt,2026-08-12,31.375,74.975,0.0001998809400228,0.115723902135148,60.1,210.7
punjab_stubble_belt,2026-08-12,31.375,75.025,0.0002073331723266,0.1063506038708668,61.2,211.8
punjab_stubble_belt,2026-08-12,31.375,75.075,0.0001997830331237,0.1017753941227724,57.5,208.1
punjab_stubble_belt,2026-08-12,31.375,75.125,0.0001809842233435,0.1030659915627831,50.6,201.2
punjab_stubble_belt,2026-08-12,31.375,75.175,0.0001421150903122,0.1108957859659218,37.4,188.0
punjab_stubble_belt,2026-08-12,31.375,75.225,0.0001365392181806,0.1103001085701607,35.2,185.8
punjab_stubble_belt,2026-08-12,31.375,75.275,0.0001494881606181,0.1051787521973284,39.1,189.7
punjab_stubble_belt,2026-08-12,31.375,75.3,0.0001608488865751,0.0992646817762482,42.3,192.9
punjab_stubble_belt,2026-08-12,31.425,74.625,0.0001186504156259,0.2260975135372842,49.6,200.2
punjab_stubble_belt,2026-08-12,31.425,74.675,0.0001079762328047,0.2094003452986161,42.5,193.1
punjab_stubble_belt,2026-08-12,31.425,74.725,0.0001158732101244,0.2480705801489977,52.5,203.1
punjab_stubble_belt,2026-08-12,31.425,74.775,0.0001569122674146,0.2286662670569229,64.5,215.1
punjab_stubble_belt,2026-08-12,31.425,74.825,0.0001704028732822,0.2142759745377834,67.0,217.6
punjab_stubble_belt,2026-08-12,31.425,74.875,0.0001597280747404,0.1980253283938345,60.0,210.6
punjab_stubble_belt,2026-08-12,31.425,74.925,0.0001538568626528,0.1288938085384692,45.1,195.7
punjab_stubble_belt,2026-08-12,31.425,74.975,0.0001671451049889,0.1067003425656634,46.1,196.7
punjab_stubble_belt,2026-08-12,31.425,75.025,0.0001652607971912,0.0906447326752368,42.4,193.0
punjab_stubble_belt,2026-08-12,31.425,75.075,0.0001695641838745,0.0833015113412649,42.7,193.3
punjab_stubble_belt,2026-08-12,31.425,75.125,0.0001779403741702,0.084875501889068,46.2,196.8
punjab_stubble_belt,2026-08-12,31.425,75.175,0.0001619493914417,0.0935064815062334,41.7,192.3
punjab_stubble_belt,2026-08-12,31.425,75.225,0.0001409457830554,0.0945570222704064,34.0,184.6
punjab_stubble_belt,2026-08-12,31.425,75.275,0.0001542604719764,0.0835095284360035,37.0,187.6
punjab_stubble_belt,2026-08-12,31.425,75.3,0.0001407444877609,0.0723668962072817,29.8,180.4
punjab_stubble_belt,2026-08-12,31.475,74.625,0.0001319510485835,0.189194435711988,47.9,198.5
punjab_stubble_belt,2026-08-12,31.475,74.675,0.0001313953861872,0.1882842597180537,47.5,198.1
punjab_stubble_belt,2026-08-12,31.475,74.725,0.0001424060933701,0.2210961970173751,57.6,208.2
punjab_stubble_belt,2026-08-12,31.475,74.775,0.0001720958583618,0.2099072779363679,66.8,217.4
punjab_stubble_belt,2026-08-12,31.475,74.825,0.0001797562734313,0.2008391315592034,68.0,218.6
punjab_stubble_belt,2026-08-12,31.475,74.875,0.0001771761044507,0.18758564497858,64.6,215.2
punjab_stubble_belt,2026-08-12,31.475,74.925,0.0002204148833037,0.1295318128806961,70.3,220.9
punjab_stubble_belt,2026-08-12,31.475,74.975,0.0002103516354232,0.114740522310891,63.8,214.4
punjab_stubble_belt,2026-08-12,31.475,75.025,0.0001673061663428,0.095133060578388,44.0,194.6
punjab_stubble_belt,2026-08-12,31.475,75.075,0.0001462778933277,0.0847799484745791,34.2,184.8
punjab_stubble_belt,2026-08-12,31.475,75.125,0.000156762296463,0.0843769587967965,38.1,188.7
punjab_stubble_belt,2026-08-12,31.475,75.175,0.0001954666948057,0.0816341254353853,52.2,202.8
punjab_stubble_belt,2026-08-12,31.475,75.225,0.0001603817279128,0.0835344773869378,39.3,189.9
punjab_stubble_belt,2026-08-12,31.475,75.275,0.0001237680618533,0.0733431715387229,23.6,174.2
punjab_stubble_belt,2026-08-12,31.525,74.625,0.0001137550347056,0.1854123801610291,40.3,190.9
punjab_stubble_belt,2026-08-12,31.525,74.675,0.0001183597993357,0.1842232375070726,41.8,192.4
punjab_stubble_belt,2026-08-12,31.525,74.725,0.0001589879523576,0.1448433030897728,50.0,200.6
punjab_stubble_belt,2026-08-12,31.525,74.775,0.0001453154711236,0.1848291553259124,52.1,202.7
punjab_stubble_belt,2026-08-12,31.525,74.825,0.0001565329416247,0.1927926230875118,57.8,208.4
punjab_stubble_belt,2026-08-12,31.525,74.875,0.0001689742638317,0.1689969845168305,58.1,208.7
punjab_stubble_belt,2026-08-12,31.525,74.925,7.641865217281731e-05,0.1466286097966613,19.1,169.7
punjab_stubble_belt,2026-08-12,31.525,74.975,0.0001040763631659,0.1198694524571243,24.7,175.3
punjab_stubble_belt,2026-08-12,31.525,75.025,0.0001199813981507,0.0964963161894284,26.4,177.0
punjab_stubble_belt,2026-08-12,31.525,75.075,0.0001344208467238,0.0848290693934002,29.7,180.3
punjab_stubble_belt,2026-08-12,31.525,75.125,0.0001455094675038,0.0834269445828223,33.7,184.3
punjab_stubble_belt,2026-08-12,31.525,75.175,0.0001405921050603,0.0749687772784961,30.3,180.9
punjab_stubble_belt,2026-08-12,31.525,75.225,0.0001012421494559,0.0673548355225165,14.0,164.6
punjab_stubble_belt,2026-08-12,31.525,75.275,0.0001134365754303,0.0553093482525433,16.4,167.0
punjab_stubble_belt,2026-08-12,31.525,75.3,0.0001150751321356,0.0564643753927209,17.2,167.8
punjab_stubble_belt,2026-08-12,31.575,74.625,0.0001185577830878,0.1853439231150116,42.1,192.7
punjab_stubble_belt,2026-08-12,31.575,74.675,0.0001100083437165,0.1855852772594587,38.9,189.5
punjab_stubble_belt,2026-08-12,31.575,74.725,0.000164881358478,0.1440618792014884,52.0,202.6
punjab_stubble_belt,2026-08-12,31.575,74.775,0.0001647386882331,0.1559774313084648,54.2,204.8
punjab_stubble_belt,2026-08-12,31.575,74.825,0.0001861488222425,0.1718446793347068,65.1,215.7
punjab_stubble_belt,2026-08-12,31.575,74.875,0.0002100304872831,0.1790534051209067,75.5,226.1
punjab_stubble_belt,2026-08-12,31.575,74.925,0.0001472374386322,0.1518973900118843,46.8,197.4
punjab_stubble_belt,2026-08-12,31.575,74.975,0.0001300050562084,0.1179308718012221,34.1,184.7
punjab_stubble_belt,2026-08-12,31.575,75.025,0.0001777100977008,0.0968238159274306,48.3,198.9
punjab_stubble_belt,2026-08-12,31.575,75.075,0.0001916013586723,0.0853299979968105,51.4,202.0
punjab_stubble_belt,2026-08-12,31.575,75.125,0.0001660999083108,0.0813067994187414,41.0,191.6
punjab_stubble_belt,2026-08-12,31.575,75.175,0.0001583622647847,0.0718751100085934,36.4,187.0
punjab_stubble_belt,2026-08-12,31.575,75.225,0.0001435065177132,0.049897143561417,26.8,177.4
punjab_stubble_belt,2026-08-12,31.575,75.275,0.0001519880561571,0.0336162112575602,27.0,177.6
punjab_stubble_belt,2026-08-12,31.575,75.3,0.0001510023507009,0.030471445714172,26.1,176.7
punjab_stubble_belt,2026-08-12,31.625,74.625,0.0001506796585533,0.1684172088989705,51.1,201.7
punjab_stubble_belt,2026-08-12,31.625,74.675,0.0001513798888986,0.1685923495418012,51.4,202.0
punjab_stubble_belt,2026-08-12,31.625,74.725,0.0001799198495047,0.1448382798449286,57.9,208.5
punjab_stubble_belt,2026-08-12,31.625,74.775,0.0001859056098713,0.1384674545826098,59.0,209.6
punjab_stubble_belt,2026-08-12,31.625,74.825,0.0002049978108901,0.1570920877829252,69.6,220.2
punjab_stubble_belt,2026-08-12,31.625,74.875,0.0002218185575213,0.1809838463175702,80.3,230.9
punjab_stubble_belt,2026-08-12,31.625,74.925,0.0001712951123674,0.1392742634961995,53.6,204.2
punjab_stubble_belt,2026-08-12,31.625,74.975,0.0001438421369867,0.1146648266024595,38.7,189.3
punjab_stubble_belt,2026-08-12,31.625,75.025,0.0001747342394954,0.0969148196377989,47.1,197.7
punjab_stubble_belt,2026-08-12,31.625,75.075,0.0001831734629724,0.0856900724433978,48.3,198.9
punjab_stubble_belt,2026-08-12,31.625,75.125,0.0001615751064254,0.0803561201661807,39.2,189.8
punjab_stubble_belt,2026-08-12,31.625,75.175,0.0001355613897443,0.0719029321248172,27.8,178.4
punjab_stubble_belt,2026-08-12,31.625,75.225,0.0001444090194821,0.0512689464248957,27.4,178.0
punjab_stubble_belt,2026-08-12,31.625,75.275,0.0001478375770576,0.0328951342594859,25.3,175.9
punjab_stubble_belt,2026-08-12,31.625,75.3,0.0001431551447951,0.0247709535428398,22.1,172.7
punjab_stubble_belt,2026-08-12,31.675,74.625,0.0001971201748066,0.1295997282519345,61.6,212.2
punjab_stubble_belt,2026-08-12,31.675,74.675,0.0002242101832631,0.1306199526661506,72.0,222.6
punjab_stubble_belt,2026-08-12,31.675,74.725,0.0002088337901108,0.1366482626687162,67.3,217.9
punjab_stubble_belt,2026-08-12,31.675,74.775,0.0002105521751665,0.1252462794488812,65.8,216.4
punjab_stubble_belt,2026-08-12,31.675,74.825,0.0002103961728412,0.1437471551463114,69.2,219.8
punjab_stubble_belt,2026-08-12,31.675,74.875,0.0001975952357256,0.1706182797265428,69.2,219.8
punjab_stubble_belt,2026-08-12,31.675,74.925,0.0001404537757822,0.116900355691789,37.9,188.5
punjab_stubble_belt,2026-08-12,31.675,74.975,0.0001402437560463,0.1127237651181176,37.0,187.6
punjab_stubble_belt,2026-08-12,31.675,75.025,0.000127699841721,0.09899986315797,29.8,180.4
punjab_stubble_belt,2026-08-12,31.675,75.075,0.0001276860084998,0.0883195477255166,27.8,178.4
punjab_stubble_belt,2026-08-12,31.675,75.125,0.0001332464952147,0.081907031642828,28.8,179.4
punjab_stubble_belt,2026-08-12,31.675,75.175,8.44795372046569e-05,0.0747324519118931,9.0,159.6
punjab_stubble_belt,2026-08-12,31.675,75.225,0.000115257739051,0.0662485124741478,19.1,169.7
punjab_stubble_belt,2026-08-12,31.675,75.275,0.0001199896657065,0.049439995891653,17.8,168.4
punjab_stubble_belt,2026-08-12,31.675,75.3,0.0001414680370809,0.0500037855342689,26.0,176.6
punjab_stubble_belt,2026-08-12,31.725,74.625,0.0002169115892708,0.0492045006802931,54.4,205.0
punjab_stubble_belt,2026-08-12,31.725,74.675,0.0002600890818442,0.0643110643843758,73.4,224.0
punjab_stubble_belt,2026-08-12,31.725,74.725,0.000271588579307,0.1018229844233839,84.6,235.2
punjab_stubble_belt,2026-08-12,31.725,74.775,0.0002680304978075,0.0800998507673001,79.3,229.9
punjab_stubble_belt,2026-08-12,31.725,74.825,0.0002152932711332,0.1017433548647244,63.3,213.9
punjab_stubble_belt,2026-08-12,31.725,74.875,0.0001364969923247,0.1461915925197327,41.7,192.3
punjab_stubble_belt,2026-08-12,31.725,74.925,0.0001122376016098,0.1121642966677562,26.3,176.9
punjab_stubble_belt,2026-08-12,31.725,74.975,0.0001466087640453,0.1215553626472218,41.0,191.6
punjab_stubble_belt,2026-08-12,31.725,75.025,0.000134807691565,0.1137763800998498,35.2,185.8
punjab_stubble_belt,2026-08-12,31.725,75.075,0.0001173417043633,0.1022440821194788,26.5,177.1
punjab_stubble_belt,2026-08-12,31.725,75.125,0.0001006890205958,0.0901967324803128,18.0,168.6
punjab_stubble_belt,2026-08-12,31.725,75.175,7.952805038606681e-05,0.0797708505148428,8.1,158.7
punjab_stubble_belt,2026-08-12,31.725,75.225,0.000136626107523,0.0743382031310507,28.6,179.2
punjab_stubble_belt,2026-08-12,31.725,75.275,0.0001613829029123,0.0683102516997932,36.9,187.5
punjab_stubble_belt,2026-08-12,31.775,74.625,0.0001643750469618,0.057768934397794,36.1,186.7
punjab_stubble_belt,2026-08-12,31.775,74.675,0.0001974961503453,0.0582291642961909,48.7,199.3
punjab_stubble_belt,2026-08-12,31.775,74.725,0.000245851323518,0.0447418176139267,64.5,215.1
punjab_stubble_belt,2026-08-12,31.775,74.775,0.0002511980953801,0.0409694115863418,65.8,216.4
punjab_stubble_belt,2026-08-12,31.775,74.825,0.0002052898216718,0.0867702301995702,56.8,207.4
punjab_stubble_belt,2026-08-12,31.775,74.875,0.0001358530729539,0.1484987823235157,41.9,192.5
punjab_stubble_belt,2026-08-12,31.775,74.925,0.0001291068280916,0.1104813134718381,32.4,183.0
punjab_stubble_belt,2026-08-12,31.775,74.975,0.0001381905380514,0.1111419934925729,36.0,186.6
punjab_stubble_belt,2026-08-12,31.775,75.025,0.0001913311806057,0.1171520113797495,57.1,207.7
punjab_stubble_belt,2026-08-12,31.775,75.075,0.0001943205307512,0.1195803450619036,58.7,209.3
punjab_stubble_belt,2026-08-12,31.775,75.125,0.0001406558884844,0.1143590526563794,37.5,188.1
punjab_stubble_belt,2026-08-12,31.775,75.175,8.012726782235686e-05,0.0894309497904867,10.1,160.7
punjab_stubble_belt,2026-08-12,31.775,75.225,7.15127302113786e-05,0.0849621101737679,6.0,156.6
punjab_stubble_belt,2026-08-12,31.775,75.275,0.0001515016422379,0.0816722767521308,35.6,186.2
punjab_stubble_belt,2026-08-12,31.775,75.3,0.0001903084114315,0.0732689435764001,48.7,199.3
punjab_stubble_belt,2026-08-12,31.825,74.625,0.0001899396396678,0.0734840592642781,48.6,199.2
punjab_stubble_belt,2026-08-12,31.825,74.675,0.0001951329889742,0.0689333114410136,49.7,200.3
punjab_stubble_belt,2026-08-12,31.825,74.725,0.0001753593244565,0.1086666449070762,49.5,200.1
punjab_stubble_belt,2026-08-12,31.825,74.775,0.0001743486793959,0.1118444737735749,49.7,200.3
punjab_stubble_belt,2026-08-12,31.825,74.825,0.0001598579967638,0.1235310059223773,46.4,197.0
punjab_stubble_belt,2026-08-12,31.825,74.875,0.0001360515679951,0.1379426674656867,40.0,190.6
punjab_stubble_belt,2026-08-12,31.825,74.925,0.0001296433931526,0.1161204648089599,33.6,184.2
punjab_stubble_belt,2026-08-12,31.825,74.975,0.0001319805167245,0.1146325201546011,34.3,184.9
punjab_stubble_belt,2026-08-12,31.825,75.025,0.0001487192014458,0.1152785378658027,40.7,191.3
punjab_stubble_belt,2026-08-12,31.825,75.075,0.0001559985336937,0.1168969484487648,43.7,194.3
punjab_stubble_belt,2026-08-12,31.825,75.125,0.0001500388906648,0.1179114527843596,41.7,192.3
punjab_stubble_belt,2026-08-12,31.825,75.175,0.0001381913134155,0.1117709690769905,36.1,186.7
punjab_stubble_belt,2026-08-12,31.825,75.225,0.0001280859285646,0.0994741479235919,30.0,180.6
punjab_stubble_belt,2026-08-12,31.825,75.275,0.0001367576282021,0.0888354670547286,31.3,181.9
punjab_stubble_belt,2026-08-12,31.825,75.3,0.0001573517110496,0.0828026326083794,38.0,188.6
punjab_stubble_belt,2026-08-12,31.875,74.625,0.0002251297490841,0.1029132168026389,67.3,217.9
punjab_stubble_belt,2026-08-12,31.875,74.675,0.0001847463396821,0.1234364055996446,55.8,206.4
punjab_stubble_belt,2026-08-12,31.875,74.725,0.0001459223931348,0.1512410695916367,46.2,196.8
punjab_stubble_belt,2026-08-12,31.875,74.775,0.0001423489718014,0.153074983269583,45.2,195.8
punjab_stubble_belt,2026-08-12,31.875,74.825,0.0001506415448146,0.145499581914718,46.9,197.5
punjab_stubble_belt,2026-08-12,31.875,74.875,0.0001598876908836,0.1326769801898068,48.1,198.7
punjab_stubble_belt,2026-08-12,31.875,74.925,0.0001394535704062,0.1212679951211021,38.3,188.9
punjab_stubble_belt,2026-08-12,31.875,74.975,0.0001466448629167,0.1171449099949982,40.2,190.8
punjab_stubble_belt,2026-08-12,31.875,75.025,0.0001323693733273,0.1130669049410319,34.1,184.7
punjab_stubble_belt,2026-08-12,31.875,75.075,0.0001385355841094,0.1135551631922534,36.5,187.1
punjab_stubble_belt,2026-08-12,31.875,75.125,0.0001654840975114,0.1184759782796192,47.6,198.2
punjab_stubble_belt,2026-08-12,31.875,75.175,0.0001798047302001,0.123929627148893,54.0,204.6
punjab_stubble_belt,2026-08-12,31.875,75.225,0.0001712390285527,0.1081851907584872,47.9,198.5
punjab_stubble_belt,2026-08-12,31.875,75.275,0.0001348086999803,0.0943217881780056,31.6,182.2
punjab_stubble_belt,2026-08-12,31.875,75.3,0.0001132917673752,0.087686766576359,22.3,172.9
