region_id,date,year,lat,lon,hcho_value,cloud_fraction
kanpur_industrial,2021-10-15,2021,26.325,80.175,0.0002709002847937267,0.0007273018121719457
kanpur_industrial,2021-10-15,2021,26.325,80.225,0.0002251454151100498,0
kanpur_industrial,2021-10-15,2021,26.325,80.275,0.00031303019603730483,0
kanpur_industrial,2021-10-15,2021,26.325,80.325,0.0003056621752064703,0.024533045187465012
kanpur_industrial,2021-10-15,2021,26.325,80.375,0.00023682357192050202,0.026122343933858146
kanpur_industrial,2021-10-15,2021,26.325,80.425,0.00024284678697484788,0.014318805219118234
kanpur_industrial,2021-10-15,2021,26.325,80.475,0.0002663649548452672,0.009885625764603518
kanpur_industrial,2021-10-15,2021,26.325,80.525,0.00022348495757555848,0.04344579149616315
kanpur_industrial,2021-10-15,2021,26.325,80.55,0.0002717625540441032,0.05196567589388315
kanpur_industrial,2021-10-15,2021,26.375,80.175,6.78225160374315e-05,0
kanpur_industrial,2021-10-15,2021,26.375,80.225,0.00017892365084441452,0
kanpur_industrial,2021-10-15,2021,26.375,80.275,0.0002700341584266266,0
kanpur_industrial,2021-10-15,2021,26.375,80.325,0.00034512817742470887,0.023840549352900007
kanpur_industrial,2021-10-15,2021,26.375,80.375,0.0002573457218469104,0.021173502595747108
kanpur_industrial,2021-10-15,2021,26.375,80.425,0.0003509324568077358,0.01955625737492666
kanpur_industrial,2021-10-15,2021,26.375,80.475,0.0004525727877690717,0.02812570883492142
kanpur_industrial,2021-10-15,2021,26.375,80.525,0.00032463801684298537,0.06129697785329077
kanpur_industrial,2021-10-15,2021,26.425,80.175,0.00022642382803382094,0
kanpur_industrial,2021-10-15,2021,26.425,80.225,0.0002189899071585435,0
kanpur_industrial,2021-10-15,2021,26.425,80.275,0.0003335061790011324,0
kanpur_industrial,2021-10-15,2021,26.425,80.325,0.00047949369650156107,0.00494784526218585
kanpur_industrial,2021-10-15,2021,26.425,80.375,0.00019423864378768474,0.0053302943211182025
kanpur_industrial,2021-10-15,2021,26.425,80.425,0.00014741650211006098,0.008051612996757915
kanpur_industrial,2021-10-15,2021,26.425,80.475,0.00021394099722038908,0.020249084671305262
kanpur_industrial,2021-10-15,2021,26.425,80.525,0.0002282272091807967,0.05376906372322778
kanpur_industrial,2021-10-15,2021,26.425,80.55,0.0002639067994179846,0.056554984700495185
kanpur_industrial,2021-10-15,2021,26.475,80.175,0.00024529163931746775,0
kanpur_industrial,2021-10-15,2021,26.475,80.225,0.00021350507246328362,0
kanpur_industrial,2021-10-15,2021,26.475,80.275,0.00028878734943149577,0
kanpur_industrial,2021-10-15,2021,26.475,80.325,0.00039476912804171016,0
kanpur_industrial,2021-10-15,2021,26.475,80.375,0.0002074185720031236,0.0005670232420399807
kanpur_industrial,2021-10-15,2021,26.475,80.425,0.00015591769650066727,0.0023607544599717986
kanpur_industrial,2021-10-15,2021,26.475,80.475,0.00017606060410851058,0.013473391604951826
kanpur_industrial,2021-10-15,2021,26.475,80.525,0.0001870352080258426,0.04815165898240002
kanpur_industrial,2021-10-15,2021,26.475,80.55,0.00018806744124467138,0.04838581397204127
kanpur_industrial,2021-10-15,2021,26.525,80.175,0.0002231028139631188,0
kanpur_industrial,2021-10-15,2021,26.525,80.225,0.00022214121169560072,0
kanpur_industrial,2021-10-15,2021,26.525,80.275,0.000239099096116198,0
kanpur_industrial,2021-10-15,2021,26.525,80.325,0.00027345435965074757,0
kanpur_industrial,2021-10-15,2021,26.525,80.375,0.00024021987042605178,0
kanpur_industrial,2021-10-15,2021,26.525,80.425,0.0002303707624117969,0
kanpur_industrial,2021-10-15,2021,26.525,80.475,0.0002198403965762755,0.007124523417943661
kanpur_industrial,2021-10-15,2021,26.525,80.525,0.00017414242599947676,0.03294003445224559
kanpur_industrial,2021-10-15,2021,26.525,80.55,0.000175123882382745,0.022970057839495295
kanpur_industrial,2021-10-15,2021,26.575,80.175,0.0002152192564948668,0
kanpur_industrial,2021-10-15,2021,26.575,80.225,0.00028160419093009326,0
kanpur_industrial,2021-10-15,2021,26.575,80.275,0.0002505176595301485,0
kanpur_industrial,2021-10-15,2021,26.575,80.325,0.0002296016990302981,0
kanpur_industrial,2021-10-15,2021,26.575,80.375,0.0002555621346916668,0
kanpur_industrial,2021-10-15,2021,26.575,80.425,0.000283658839268197,0
kanpur_industrial,2021-10-15,2021,26.575,80.475,0.0002777638942725746,0.0002085643475541281
kanpur_industrial,2021-10-15,2021,26.575,80.525,0.0001772344567448491,0.0010028744691955374
kanpur_industrial,2021-10-15,2021,26.575,80.55,0.00017512816329784718,0.0018372867461226867
kanpur_industrial,2021-10-16,2021,26.325,80.175,0.0002928807297786133,0
kanpur_industrial,2021-10-16,2021,26.325,80.225,0.00026708224800964166,0
kanpur_industrial,2021-10-16,2021,26.325,80.275,0.0002776762190472034,0
kanpur_industrial,2021-10-16,2021,26.325,80.325,0.0002448984851246686,0.03168530223673442
kanpur_industrial,2021-10-16,2021,26.325,80.375,0.0002239252367601807,0.02583394488863182
kanpur_industrial,2021-10-16,2021,26.325,80.425,0.00024215699507993608,0.04519141245716784
kanpur_industrial,2021-10-16,2021,26.325,80.475,0.00026754513286115854,0.0627122960434209
kanpur_industrial,2021-10-16,2021,26.325,80.525,0.0002578680430443541,0.040081538164575874
kanpur_industrial,2021-10-16,2021,26.325,80.55,0.0002432986771278582,0.047984369368600246
kanpur_industrial,2021-10-16,2021,26.375,80.175,0.00030851297896916484,0
kanpur_industrial,2021-10-16,2021,26.375,80.225,0.0002930695475364029,0
kanpur_industrial,2021-10-16,2021,26.375,80.275,0.00021082697589853297,0
kanpur_industrial,2021-10-16,2021,26.375,80.325,0.0003092116708485805,0.05604084741989257
kanpur_industrial,2021-10-16,2021,26.375,80.375,0.0003050284356112064,0.09163822379269292
kanpur_industrial,2021-10-16,2021,26.375,80.425,0.0002870745079390557,0.10820952169437133
kanpur_industrial,2021-10-16,2021,26.375,80.475,0.0002602536407005289,0.10018067526222409
kanpur_industrial,2021-10-16,2021,26.375,80.525,0.0002273417525526484,0.056639851163484085
kanpur_industrial,2021-10-16,2021,26.425,80.175,0.00031426519665309316,0
kanpur_industrial,2021-10-16,2021,26.425,80.225,0.0002461516385335038,0
kanpur_industrial,2021-10-16,2021,26.425,80.275,0.0002260623938632436,0
kanpur_industrial,2021-10-16,2021,26.425,80.325,0.00021148094199768868,0.01163066493523005
kanpur_industrial,2021-10-16,2021,26.425,80.375,0.00028522377842734583,0.02406435281215236
kanpur_industrial,2021-10-16,2021,26.425,80.425,0.0002758647757719504,0.03564186572880778
kanpur_industrial,2021-10-16,2021,26.425,80.475,0.00021331284946730702,0.03623400374145954
kanpur_industrial,2021-10-16,2021,26.425,80.525,0.00013311585528842678,0.011793962318904819
kanpur_industrial,2021-10-16,2021,26.425,80.55,0.00016798685663817808,0.028390472363749114
kanpur_industrial,2021-10-16,2021,26.475,80.175,0.00027344595860307814,0
kanpur_industrial,2021-10-16,2021,26.475,80.225,0.00022119990559022734,0
kanpur_industrial,2021-10-16,2021,26.475,80.275,0.00024104738411088376,0
kanpur_industrial,2021-10-16,2021,26.475,80.325,0.00025668162663781746,0
kanpur_industrial,2021-10-16,2021,26.475,80.375,0.00030904920894429084,0.0030870827183764305
kanpur_industrial,2021-10-16,2021,26.475,80.425,0.00026421397788673265,0.007771929451456969
kanpur_industrial,2021-10-16,2021,26.475,80.475,0.0001921323330708617,0.009243482174169626
kanpur_industrial,2021-10-16,2021,26.475,80.525,0.00018437888134345185,6.572681553453789e-05
kanpur_industrial,2021-10-16,2021,26.475,80.55,0.00017953460153637517,7.054678200707067e-05
kanpur_industrial,2021-10-16,2021,26.525,80.175,0.0002006995740674442,0
kanpur_industrial,2021-10-16,2021,26.525,80.225,0.00019578873417068997,0
kanpur_industrial,2021-10-16,2021,26.525,80.275,0.00024650704132422673,0
kanpur_industrial,2021-10-16,2021,26.525,80.325,0.0002802702145923691,0
kanpur_industrial,2021-10-16,2021,26.525,80.375,0.0003033902947709589,0
kanpur_industrial,2021-10-16,2021,26.525,80.425,0.0002527896055042669,0
kanpur_industrial,2021-10-16,2021,26.525,80.475,0.0002036105527484651,0
kanpur_industrial,2021-10-16,2021,26.525,80.525,0.00025970347644122406,0
kanpur_industrial,2021-10-16,2021,26.525,80.55,0.00026739023881314737,0
kanpur_industrial,2021-10-16,2021,26.575,80.175,0.00010639654408680864,0
kanpur_industrial,2021-10-16,2021,26.575,80.225,0.00015889285041327083,0
kanpur_industrial,2021-10-16,2021,26.575,80.275,0.00023618947227017887,0
kanpur_industrial,2021-10-16,2021,26.575,80.325,0.00018027298396632146,0
kanpur_industrial,2021-10-16,2021,26.575,80.375,0.00021926614712058394,0
kanpur_industrial,2021-10-16,2021,26.575,80.425,0.00024125215104567725,0
kanpur_industrial,2021-10-16,2021,26.575,80.475,0.0002573874416652027,0
kanpur_industrial,2021-10-16,2021,26.575,80.525,0.0002823736802077833,0
kanpur_industrial,2021-10-16,2021,26.575,80.55,0.00020556103249849786,0
kanpur_industrial,2021-10-17,2021,26.525,80.225,7.522129313716609e-05,0.29852985863927045
kanpur_industrial,2021-10-17,2021,26.525,80.275,7.522129313716609e-05,0.29852985863927045
kanpur_industrial,2021-10-17,2021,26.525,80.325,0.0002869886016340391,0.17474271421929014
kanpur_industrial,2021-10-17,2021,26.525,80.375,0.0003761201556897145,0.16262620557684423
kanpur_industrial,2021-10-17,2021,26.525,80.425,0.00020923574443347664,0.12333856402611493
kanpur_industrial,2021-10-17,2021,26.525,80.475,-7.099389287768867e-06,0.08487096358742743
kanpur_industrial,2021-10-17,2021,26.575,80.225,7.522129313716609e-05,0.29852985863927045
kanpur_industrial,2021-10-17,2021,26.575,80.275,7.522129313716609e-05,0.29852985863927045
kanpur_industrial,2021-10-17,2021,26.575,80.325,0.0002869738264526911,0.17531674425835372
kanpur_industrial,2021-10-17,2021,26.575,80.375,0.00037496400225460154,0.16252248919575382
kanpur_industrial,2021-10-17,2021,26.575,80.425,0.000210117957336586,0.12365002450655828
kanpur_industrial,2021-10-17,2021,26.575,80.475,-6.796388831228349e-06,0.08550714863622955
kanpur_industrial,2021-10-19,2021,26.325,80.425,0.00010676864252911224,0.2805481081141422
kanpur_industrial,2021-10-19,2021,26.325,80.475,0.00014258157722670052,0.26984621425388355
kanpur_industrial,2021-10-19,2021,26.325,80.525,0.00026984995690310635,0.23168779606759737
kanpur_industrial,2021-10-19,2021,26.325,80.55,0.00016597339868199348,0.23065182809104762
kanpur_industrial,2021-10-19,2021,26.375,80.425,0.00017834776482460727,0.231752561029532
kanpur_industrial,2021-10-19,2021,26.375,80.475,0.00015092517136621716,0.23126661221826064
kanpur_industrial,2021-10-19,2021,26.375,80.525,5.2203834916012705e-05,0.22951719649768362
kanpur_industrial,2021-10-19,2021,26.425,80.325,0.00010849829438090849,0.2548864039808878
kanpur_industrial,2021-10-19,2021,26.425,80.375,8.595896278478189e-05,0.24773694569174642
kanpur_industrial,2021-10-19,2021,26.425,80.425,7.838773089387656e-05,0.2387823411027993
kanpur_industrial,2021-10-19,2021,26.425,80.475,7.850042154488656e-05,0.2344974592009954
kanpur_industrial,2021-10-19,2021,26.425,80.525,7.776263600708564e-05,0.2387701328345358
kanpur_industrial,2021-10-19,2021,26.425,80.55,6.830386709936574e-05,0.23534581781223615
kanpur_industrial,2021-10-19,2021,26.475,80.325,0.00011763881186678928,0.261431166846977
kanpur_industrial,2021-10-19,2021,26.475,80.375,9.868696922416998e-05,0.2586899376310482
kanpur_industrial,2021-10-19,2021,26.475,80.425,8.017920003165187e-05,0.2505675624519205
kanpur_industrial,2021-10-19,2021,26.475,80.475,5.9280654433837506e-05,0.23528042050153936
kanpur_industrial,2021-10-19,2021,26.475,80.525,8.440389928271876e-05,0.24117443912678868
kanpur_industrial,2021-10-19,2021,26.475,80.55,8.440389928271876e-05,0.24117443912678868
kanpur_industrial,2021-10-19,2021,26.525,80.325,0.0001255964388544973,0.26712896040098405
kanpur_industrial,2021-10-19,2021,26.525,80.375,0.00011007559321130415,0.26835317079719423
kanpur_industrial,2021-10-19,2021,26.525,80.425,0.00010448086978178104,0.2687944559400142
kanpur_industrial,2021-10-20,2021,26.325,80.175,0.00015562148421613355,0.015270663329379241
kanpur_industrial,2021-10-20,2021,26.325,80.225,0.00020192884867783583,0.019893528889887546
kanpur_industrial,2021-10-20,2021,26.325,80.275,0.00015000975908265385,0.04466933300861966
kanpur_industrial,2021-10-20,2021,26.325,80.325,0.00015091719373581827,0.14924092598725322
kanpur_industrial,2021-10-20,2021,26.325,80.375,0.0002850448303470369,0.17251858653430477
kanpur_industrial,2021-10-20,2021,26.325,80.425,0.00027401751082720783,0.18486479230825295
kanpur_industrial,2021-10-20,2021,26.325,80.475,0.00020712186645925075,0.18981805853156328
kanpur_industrial,2021-10-20,2021,26.325,80.525,0.00020079935289585716,0.19085062259671715
kanpur_industrial,2021-10-20,2021,26.325,80.55,0.00033739620530627394,0.19958286539548956
kanpur_industrial,2021-10-20,2021,26.375,80.175,0.0001626026263591297,0.017599025546376063
kanpur_industrial,2021-10-20,2021,26.375,80.225,0.00023275744543764493,0.001072762267161593
kanpur_industrial,2021-10-20,2021,26.375,80.275,0.0002066453974465949,0.004315265059250116
kanpur_industrial,2021-10-20,2021,26.375,80.325,0.00029138444203530024,0.11486010998270155
kanpur_industrial,2021-10-20,2021,26.375,80.375,0.00027259459052064885,0.14673160245412056
kanpur_industrial,2021-10-20,2021,26.375,80.425,0.00025445132149984773,0.16864018201028597
kanpur_industrial,2021-10-20,2021,26.375,80.475,0.00029552653197969196,0.18644979581502327
kanpur_industrial,2021-10-20,2021,26.375,80.525,0.000487002281755778,0.20914675036557362
kanpur_industrial,2021-10-20,2021,26.425,80.175,0.00024414753124101136,0.007458250112269525
kanpur_industrial,2021-10-20,2021,26.425,80.225,0.0002627442218555003,0.00815061381013986
kanpur_industrial,2021-10-20,2021,26.425,80.275,0.0003173889925405535,0.009605088605394038
kanpur_industrial,2021-10-20,2021,26.425,80.325,0.00029045854543016664,0.11506007760847482
kanpur_industrial,2021-10-20,2021,26.425,80.375,0.00023399126697957486,0.12959224413478074
kanpur_industrial,2021-10-20,2021,26.425,80.425,0.0002713009835638928,0.13990893056999934
kanpur_industrial,2021-10-20,2021,26.425,80.475,0.00033650872767233364,0.15399045951303625
kanpur_industrial,2021-10-20,2021,26.425,80.525,0.0003434209594455555,0.18448960304701248
kanpur_industrial,2021-10-20,2021,26.425,80.55,0.00039655735431626775,0.19361468906254298
kanpur_industrial,2021-10-20,2021,26.475,80.175,0.00026323649067498754,0.00773846390988191
kanpur_industrial,2021-10-20,2021,26.475,80.225,0.0002968912732526609,0.016834106939333834
kanpur_industrial,2021-10-20,2021,26.475,80.275,0.00037862069825643274,0.02143356409746872
kanpur_industrial,2021-10-20,2021,26.475,80.325,0.00024394353127194887,0.09252023662693362
kanpur_industrial,2021-10-20,2021,26.475,80.375,0.0003003159883399081,0.09014735012014681
kanpur_industrial,2021-10-20,2021,26.475,80.425,0.0003727576202484076,0.10824969341709466
kanpur_industrial,2021-10-20,2021,26.475,80.475,0.0003968201841500135,0.139535874082221
kanpur_industrial,2021-10-20,2021,26.475,80.525,0.0002746460718329434,0.17762267664208556
kanpur_industrial,2021-10-20,2021,26.475,80.55,0.00027665845500435005,0.17765209212052563
kanpur_industrial,2021-10-20,2021,26.525,80.175,0.000273118868165655,0.012457239653526624
kanpur_industrial,2021-10-20,2021,26.525,80.225,0.0003054198286838157,0.0256055910527617
kanpur_industrial,2021-10-20,2021,26.525,80.275,0.00038716846190187386,0.029057861824152032
kanpur_industrial,2021-10-20,2021,26.525,80.325,0.0002461245576780536,0.062428608299563246
kanpur_industrial,2021-10-20,2021,26.525,80.375,0.00036463780381919183,0.057253192392800814
kanpur_industrial,2021-10-20,2021,26.525,80.425,0.0003993050226986894,0.08296139618073793
kanpur_industrial,2021-10-20,2021,26.525,80.475,0.00036267560224705596,0.12517437192233066
kanpur_industrial,2021-10-20,2021,26.525,80.525,0.0002551799953628237,0.1669017557627494
kanpur_industrial,2021-10-20,2021,26.525,80.55,0.0002617960452816228,0.15834101198466263
kanpur_industrial,2021-10-20,2021,26.575,80.175,0.0003034953241967852,0.01817774444028955
kanpur_industrial,2021-10-20,2021,26.575,80.225,0.0002655319501144649,0.03325715352144706
kanpur_industrial,2021-10-20,2021,26.575,80.275,0.000334326899003617,0.025140634800314476
kanpur_industrial,2021-10-20,2021,26.575,80.325,0.00035769136972102044,0.03642333404287116
kanpur_industrial,2021-10-20,2021,26.575,80.375,0.0003623363167846681,0.05152729541472577
kanpur_industrial,2021-10-20,2021,26.575,80.425,0.0002510469400681684,0.07215343886239384
kanpur_industrial,2021-10-20,2021,26.575,80.475,0.00015913062308084368,0.09973367430418659
kanpur_industrial,2021-10-20,2021,26.575,80.525,0.00027380283427448973,0.1393647965325949
kanpur_industrial,2021-10-20,2021,26.575,80.55,0.00017299668115877033,0.13563362928012773
kanpur_industrial,2021-10-21,2021,26.325,80.175,0.00015519776964681477,0
kanpur_industrial,2021-10-21,2021,26.325,80.225,0.00014322022961192957,0
kanpur_industrial,2021-10-21,2021,26.325,80.275,5.206636310557503e-05,0
kanpur_industrial,2021-10-21,2021,26.325,80.325,0.0001414449076080592,0
kanpur_industrial,2021-10-21,2021,26.325,80.375,0.00019464049565885122,0
kanpur_industrial,2021-10-21,2021,26.325,80.425,0.00016492652114870576,0
kanpur_industrial,2021-10-21,2021,26.325,80.475,0.00014497250511918763,0
kanpur_industrial,2021-10-21,2021,26.325,80.525,0.00026557895504048434,0
kanpur_industrial,2021-10-21,2021,26.325,80.55,0.0002859239273157127,0
kanpur_industrial,2021-10-21,2021,26.375,80.175,0.000257680926658537,0
kanpur_industrial,2021-10-21,2021,26.375,80.225,0.00023284238412946766,0
kanpur_industrial,2021-10-21,2021,26.375,80.275,0.0001494043779306054,0
kanpur_industrial,2021-10-21,2021,26.375,80.325,0.00022518263822665188,0
kanpur_industrial,2021-10-21,2021,26.375,80.375,0.00019063075113538234,0
kanpur_industrial,2021-10-21,2021,26.375,80.425,0.00019526577690803478,0
kanpur_industrial,2021-10-21,2021,26.375,80.475,0.0002346722145345446,0
kanpur_industrial,2021-10-21,2021,26.375,80.525,0.0003082065159981057,0
kanpur_industrial,2021-10-21,2021,26.425,80.175,0.00023663614852569587,0
kanpur_industrial,2021-10-21,2021,26.425,80.225,0.00017388238106705097,0
kanpur_industrial,2021-10-21,2021,26.425,80.275,0.0002495126518882063,0
kanpur_industrial,2021-10-21,2021,26.425,80.325,0.0002471365572501946,0
kanpur_industrial,2021-10-21,2021,26.425,80.375,0.00022851167875759923,0
kanpur_industrial,2021-10-21,2021,26.425,80.425,0.00028470927456877246,0
kanpur_industrial,2021-10-21,2021,26.425,80.475,0.00032496384325161957,0
kanpur_industrial,2021-10-21,2021,26.425,80.525,0.00022231567816378763,0
kanpur_industrial,2021-10-21,2021,26.425,80.55,0.0002541020512205825,0
kanpur_industrial,2021-10-21,2021,26.475,80.175,0.0002446285379064142,0
kanpur_industrial,2021-10-21,2021,26.475,80.225,0.0002216112034573211,0
kanpur_industrial,2021-10-21,2021,26.475,80.275,0.000278222124102498,0
kanpur_industrial,2021-10-21,2021,26.475,80.325,0.0002796053756901597,0
kanpur_industrial,2021-10-21,2021,26.475,80.375,0.0003074730549320438,0
kanpur_industrial,2021-10-21,2021,26.475,80.425,0.0003339316346177132,0
kanpur_industrial,2021-10-21,2021,26.475,80.475,0.0003169757968252788,0
kanpur_industrial,2021-10-21,2021,26.475,80.525,0.00018892636332100467,0
kanpur_industrial,2021-10-21,2021,26.475,80.55,0.00018963440666020583,0
kanpur_industrial,2021-10-21,2021,26.525,80.175,0.0002931627803363686,0
kanpur_industrial,2021-10-21,2021,26.525,80.225,0.0002907944848133163,0
kanpur_industrial,2021-10-21,2021,26.525,80.275,0.00028254212906891825,0
kanpur_industrial,2021-10-21,2021,26.525,80.325,0.00024063292801593345,0
kanpur_industrial,2021-10-21,2021,26.525,80.375,0.0003300988653314297,0
kanpur_industrial,2021-10-21,2021,26.525,80.425,0.0003348234818649998,0
kanpur_industrial,2021-10-21,2021,26.525,80.475,0.00028370214843027733,0
kanpur_industrial,2021-10-21,2021,26.525,80.525,0.00020049820502886418,0
kanpur_industrial,2021-10-21,2021,26.525,80.55,0.00021810694826818644,0
kanpur_industrial,2021-10-21,2021,26.575,80.175,0.00038847816644973034,0
kanpur_industrial,2021-10-21,2021,26.575,80.225,0.00032721195350725085,0
kanpur_industrial,2021-10-21,2021,26.575,80.275,0.00028717292088936886,0
kanpur_industrial,2021-10-21,2021,26.575,80.325,7.911684401934039e-05,0
kanpur_industrial,2021-10-21,2021,26.575,80.375,0.00022441542829650994,0
kanpur_industrial,2021-10-21,2021,26.575,80.425,0.0002788357579909802,0
kanpur_industrial,2021-10-21,2021,26.575,80.475,0.00027536433856236917,0
kanpur_industrial,2021-10-21,2021,26.575,80.525,0.00025744449132480236,0
kanpur_industrial,2021-10-21,2021,26.575,80.55,0.00027701553629029107,0
kanpur_industrial,2021-10-22,2021,26.325,80.175,0.00017431172170157845,0
kanpur_industrial,2021-10-22,2021,26.325,80.225,0.00013770107322114673,0
kanpur_industrial,2021-10-22,2021,26.325,80.275,0.0001343153007968339,0
kanpur_industrial,2021-10-22,2021,26.325,80.325,0.0001369797262278829,0
kanpur_industrial,2021-10-22,2021,26.325,80.375,0.00013410772469243408,0
kanpur_industrial,2021-10-22,2021,26.325,80.425,0.00015801474875113748,0
kanpur_industrial,2021-10-22,2021,26.325,80.475,0.00019560133613719577,0
kanpur_industrial,2021-10-22,2021,26.325,80.525,0.0002368804442612441,0
kanpur_industrial,2021-10-22,2021,26.325,80.55,0.0002260899356263545,0
kanpur_industrial,2021-10-22,2021,26.375,80.175,0.0001415721681879884,0
kanpur_industrial,2021-10-22,2021,26.375,80.225,0.00018911804081864152,0
kanpur_industrial,2021-10-22,2021,26.375,80.275,0.00013269266187511397,0
kanpur_industrial,2021-10-22,2021,26.375,80.325,2.2575130868274967e-05,0
kanpur_industrial,2021-10-22,2021,26.375,80.375,0.00014362644633961874,0
kanpur_industrial,2021-10-22,2021,26.375,80.425,0.0001471180692520906,0
kanpur_industrial,2021-10-22,2021,26.375,80.475,0.00012682279872703475,0
kanpur_industrial,2021-10-22,2021,26.375,80.525,0.00021427175950242778,0
kanpur_industrial,2021-10-22,2021,26.425,80.175,0.00010990028040144233,0
kanpur_industrial,2021-10-22,2021,26.425,80.225,6.0462482518490934e-05,0
kanpur_industrial,2021-10-22,2021,26.425,80.275,5.827537531855921e-05,0
kanpur_industrial,2021-10-22,2021,26.425,80.325,-5.894044318290316e-05,0
kanpur_industrial,2021-10-22,2021,26.425,80.375,-4.151786720318819e-05,0
kanpur_industrial,2021-10-22,2021,26.425,80.425,6.011340461024689e-05,0
kanpur_industrial,2021-10-22,2021,26.425,80.475,0.0001947679961429451,0
kanpur_industrial,2021-10-22,2021,26.425,80.525,0.00030313517068474824,0
kanpur_industrial,2021-10-22,2021,26.425,80.55,0.0002702487114282989,0
kanpur_industrial,2021-10-22,2021,26.475,80.175,0.0001276669386613292,0
kanpur_industrial,2021-10-22,2021,26.475,80.225,1.8239935842660916e-05,0
kanpur_industrial,2021-10-22,2021,26.475,80.275,5.802810115433221e-05,0
kanpur_industrial,2021-10-22,2021,26.475,80.325,-4.931170044140642e-05,0
kanpur_industrial,2021-10-22,2021,26.475,80.375,-6.397925504356243e-05,0
kanpur_industrial,2021-10-22,2021,26.475,80.425,5.376741775682691e-06,0
kanpur_industrial,2021-10-22,2021,26.475,80.475,0.00013183088006807396,0
kanpur_industrial,2021-10-22,2021,26.475,80.525,0.00029948772609611653,0
kanpur_industrial,2021-10-22,2021,26.475,80.55,0.00030119771045564316,0
kanpur_industrial,2021-10-22,2021,26.525,80.175,0.00014046898647917294,0
kanpur_industrial,2021-10-22,2021,26.525,80.225,2.736228925661723e-05,0
kanpur_industrial,2021-10-22,2021,26.525,80.275,8.349060247998749e-05,0
kanpur_industrial,2021-10-22,2021,26.525,80.325,-2.2491688056833086e-05,0
kanpur_industrial,2021-10-22,2021,26.525,80.375,-5.294835010727501e-06,0
kanpur_industrial,2021-10-22,2021,26.525,80.425,9.480013075248348e-06,0
kanpur_industrial,2021-10-22,2021,26.525,80.475,6.632848748162254e-05,0
kanpur_industrial,2021-10-22,2021,26.525,80.525,0.00024182017716308806,0
kanpur_industrial,2021-10-22,2021,26.525,80.55,0.00021332563888167827,0
kanpur_industrial,2021-10-22,2021,26.575,80.175,0.00011419119840208155,0
kanpur_industrial,2021-10-22,2021,26.575,80.225,7.155325532932784e-05,0
kanpur_industrial,2021-10-22,2021,26.575,80.275,0.00010784104611066761,0
kanpur_industrial,2021-10-22,2021,26.575,80.325,-2.391548517897942e-05,0
kanpur_industrial,2021-10-22,2021,26.575,80.375,9.112002914107507e-05,0
kanpur_industrial,2021-10-22,2021,26.575,80.425,9.726399920080839e-05,0
kanpur_industrial,2021-10-22,2021,26.575,80.475,7.812740253795026e-05,0
kanpur_industrial,2021-10-22,2021,26.575,80.525,0.0001497072568503367,0
kanpur_industrial,2021-10-22,2021,26.575,80.55,0.00011951098597009604,0
kanpur_industrial,2021-10-23,2021,26.325,80.175,0.000199814495306987,0
kanpur_industrial,2021-10-23,2021,26.325,80.225,0.00022363895011120373,0
kanpur_industrial,2021-10-23,2021,26.325,80.275,0.00024162421647436693,0
kanpur_industrial,2021-10-23,2021,26.325,80.325,0.00028561376565190396,0
kanpur_industrial,2021-10-23,2021,26.325,80.375,0.00032961714078644363,0
kanpur_industrial,2021-10-23,2021,26.325,80.425,0.0002750832648409647,0
kanpur_industrial,2021-10-23,2021,26.325,80.475,0.00019701630241302355,0
kanpur_industrial,2021-10-23,2021,26.325,80.525,0.00019563847834158977,0
kanpur_industrial,2021-10-23,2021,26.325,80.55,0.0002063014403626697,0
kanpur_industrial,2021-10-23,2021,26.375,80.175,0.000211720590734258,0
kanpur_industrial,2021-10-23,2021,26.375,80.225,0.00020144413020664414,0
kanpur_industrial,2021-10-23,2021,26.375,80.275,0.0001953735630884347,0
kanpur_industrial,2021-10-23,2021,26.375,80.325,0.00015382616198126401,0
kanpur_industrial,2021-10-23,2021,26.375,80.375,0.00017573735679392148,0
kanpur_industrial,2021-10-23,2021,26.375,80.425,0.00013960432893989565,0
kanpur_industrial,2021-10-23,2021,26.375,80.475,0.00011889608162637617,0
kanpur_industrial,2021-10-23,2021,26.375,80.525,0.00021797992257623346,0
kanpur_industrial,2021-10-23,2021,26.425,80.175,0.00017745700364700656,0
kanpur_industrial,2021-10-23,2021,26.425,80.225,0.00015186925661692796,0
kanpur_industrial,2021-10-23,2021,26.425,80.275,0.00016207206563612244,0
kanpur_industrial,2021-10-23,2021,26.425,80.325,0.00023019115826644683,0
kanpur_industrial,2021-10-23,2021,26.425,80.375,0.0002170273277526719,0
kanpur_industrial,2021-10-23,2021,26.425,80.425,0.00016737707116398597,0
kanpur_industrial,2021-10-23,2021,26.425,80.475,0.00014004655336750802,0
kanpur_industrial,2021-10-23,2021,26.425,80.525,0.0002165186558039958,0
kanpur_industrial,2021-10-23,2021,26.425,80.55,0.00021705943957009947,0
kanpur_industrial,2021-10-23,2021,26.475,80.175,0.00019241046967730278,0
kanpur_industrial,2021-10-23,2021,26.475,80.225,0.00014672894667210596,0
kanpur_industrial,2021-10-23,2021,26.475,80.275,0.00017683781451940635,0
kanpur_industrial,2021-10-23,2021,26.475,80.325,0.0002139753936085987,0
kanpur_industrial,2021-10-23,2021,26.475,80.375,0.000201147329335113,0
kanpur_industrial,2021-10-23,2021,26.475,80.425,0.00014418363941337155,0
kanpur_industrial,2021-10-23,2021,26.475,80.475,0.00010852914824377059,0
kanpur_industrial,2021-10-23,2021,26.475,80.525,0.0001863854420183792,0
kanpur_industrial,2021-10-23,2021,26.475,80.55,0.00018828828306489926,0
kanpur_industrial,2021-10-23,2021,26.525,80.175,0.0001902730215895987,0
kanpur_industrial,2021-10-23,2021,26.525,80.225,0.0001596715570830435,0
kanpur_industrial,2021-10-23,2021,26.525,80.275,0.00018695546532549446,0
kanpur_industrial,2021-10-23,2021,26.525,80.325,0.00017668966668492032,0
kanpur_industrial,2021-10-23,2021,26.525,80.375,0.00017089081525279297,0
kanpur_industrial,2021-10-23,2021,26.525,80.425,0.00013559323809059855,0
kanpur_industrial,2021-10-23,2021,26.525,80.475,0.0001273066397244489,0
kanpur_industrial,2021-10-23,2021,26.525,80.525,0.00023622152193987286,0
kanpur_industrial,2021-10-23,2021,26.525,80.55,0.00029908772197742865,0
kanpur_industrial,2021-10-23,2021,26.575,80.175,0.00012825933309712197,0
kanpur_industrial,2021-10-23,2021,26.575,80.225,0.00017608634451591804,0
kanpur_industrial,2021-10-23,2021,26.575,80.275,0.00015974986856690922,0
kanpur_industrial,2021-10-23,2021,26.575,80.325,0.00016252035826623142,0
kanpur_industrial,2021-10-23,2021,26.575,80.375,0.00015183421643302577,0
kanpur_industrial,2021-10-23,2021,26.575,80.425,0.00018119135879717844,0
kanpur_industrial,2021-10-23,2021,26.575,80.475,0.00026450403744197393,0
kanpur_industrial,2021-10-23,2021,26.575,80.525,0.0004362577407198979,0
kanpur_industrial,2021-10-23,2021,26.575,80.55,0.00037853408762396655,0
kanpur_industrial,2021-10-24,2021,26.325,80.175,0.00011781794743338245,0.19716939349328932
kanpur_industrial,2021-10-24,2021,26.325,80.225,0.00011440604340759158,0.19259911178156155
kanpur_industrial,2021-10-24,2021,26.325,80.275,0.0001262974310980884,0.20140955333789637
kanpur_industrial,2021-10-24,2021,26.325,80.325,0.00013708883230280087,0.21374758950632672
kanpur_industrial,2021-10-24,2021,26.325,80.375,0.00015052787527222906,0.2303846754998585
kanpur_industrial,2021-10-24,2021,26.325,80.425,0.00016590501264987411,0.23655250481624335
kanpur_industrial,2021-10-24,2021,26.325,80.475,0.00018423420311958484,0.23670725280691346
kanpur_industrial,2021-10-24,2021,26.325,80.525,0.0002076186765361455,0.23610640858699503
kanpur_industrial,2021-10-24,2021,26.325,80.55,0.00018692200568955233,0.2344980291789461
kanpur_industrial,2021-10-24,2021,26.375,80.175,6.093200080676619e-05,0.1649352342292972
kanpur_industrial,2021-10-24,2021,26.375,80.225,5.534269153224041e-05,0.16106173583286626
kanpur_industrial,2021-10-24,2021,26.375,80.275,0.0001203502242006451,0.18302926501322994
kanpur_industrial,2021-10-24,2021,26.375,80.325,0.00012877273380901922,0.20265341815622026
kanpur_industrial,2021-10-24,2021,26.375,80.375,0.0001273733971328435,0.22246467217429047
kanpur_industrial,2021-10-24,2021,26.375,80.425,0.00014851453564218724,0.23191723191227784
kanpur_industrial,2021-10-24,2021,26.375,80.475,0.00017043728894745777,0.2340400951005009
kanpur_industrial,2021-10-24,2021,26.375,80.525,0.00016425422333375976,0.2327364707796544
kanpur_industrial,2021-10-24,2021,26.425,80.175,8.914528472798125e-05,0.16266702407988123
kanpur_industrial,2021-10-24,2021,26.425,80.225,0.00011564805563734736,0.16428116243339672
kanpur_industrial,2021-10-24,2021,26.425,80.275,0.00017233181555620882,0.17909124013054223
kanpur_industrial,2021-10-24,2021,26.425,80.325,0.00022642074546249072,0.19862968757873306
kanpur_industrial,2021-10-24,2021,26.425,80.375,0.00024547512212386537,0.20770925617443797
kanpur_industrial,2021-10-24,2021,26.425,80.425,0.0002035575187111187,0.2166289297680482
kanpur_industrial,2021-10-24,2021,26.425,80.475,0.00015295717726617624,0.2229995618982772
kanpur_industrial,2021-10-24,2021,26.425,80.525,0.00016344372672415065,0.22395253544210592
kanpur_industrial,2021-10-24,2021,26.425,80.55,0.0001637436742883367,0.22720328316545063
kanpur_industrial,2021-10-24,2021,26.475,80.175,6.751353702927976e-05,0.1628939292785905
kanpur_industrial,2021-10-24,2021,26.475,80.225,0.00013190186403250851,0.16581440571794331
kanpur_industrial,2021-10-24,2021,26.475,80.275,0.00023001951125057584,0.17428642343387007
kanpur_industrial,2021-10-24,2021,26.475,80.325,0.00020135452909355797,0.1889872973896256
kanpur_industrial,2021-10-24,2021,26.475,80.375,0.00020736018217104764,0.19247003519255979
kanpur_industrial,2021-10-24,2021,26.475,80.425,0.00018906513448181786,0.2021346183431366
kanpur_industrial,2021-10-24,2021,26.475,80.475,0.00015744087243508298,0.21308050340193005
kanpur_industrial,2021-10-24,2021,26.475,80.525,0.00012006244751357076,0.21909459386564425
kanpur_industrial,2021-10-24,2021,26.475,80.55,0.00012282336294974967,0.21925930618274675
kanpur_industrial,2021-10-24,2021,26.525,80.175,6.930597522447945e-05,0.16284265926513822
kanpur_industrial,2021-10-24,2021,26.525,80.225,0.00014620798445143251,0.16403045422793538
kanpur_industrial,2021-10-24,2021,26.525,80.275,0.0002513542118090561,0.16707556479805372
kanpur_industrial,2021-10-24,2021,26.525,80.325,0.0001672273384333862,0.17301426345532048
kanpur_industrial,2021-10-24,2021,26.525,80.375,0.0001599610653884142,0.1739808504179968
kanpur_industrial,2021-10-24,2021,26.525,80.425,0.00016322076070328896,0.18482524816611434
kanpur_industrial,2021-10-24,2021,26.525,80.475,0.00015193702516494504,0.2008440446564629
kanpur_industrial,2021-10-24,2021,26.525,80.525,8.705568592173377e-05,0.2156886951788454
kanpur_industrial,2021-10-24,2021,26.525,80.55,9.090650665304978e-05,0.21472657041311483
kanpur_industrial,2021-10-24,2021,26.575,80.175,0.00014309849944119167,0.1608762857453703
kanpur_industrial,2021-10-24,2021,26.575,80.225,0.0001829863926479961,0.15775685014830856
kanpur_industrial,2021-10-24,2021,26.575,80.275,0.00020573019635085373,0.15669348774236344
kanpur_industrial,2021-10-24,2021,26.575,80.325,0.00019287239537647043,0.15090503146297893
kanpur_industrial,2021-10-24,2021,26.575,80.375,0.00019462486772990433,0.15113528000970078
kanpur_industrial,2021-10-24,2021,26.575,80.425,0.00015977324538908093,0.1634066960095623
kanpur_industrial,2021-10-24,2021,26.575,80.475,0.00011593821567359851,0.18443313798258848
kanpur_industrial,2021-10-24,2021,26.575,80.525,9.97190993382078e-05,0.21249372711005704
kanpur_industrial,2021-10-24,2021,26.575,80.55,0.00011218688019727023,0.20816874793494378
kanpur_industrial,2021-10-25,2021,26.325,80.175,0.00012578650776486766,0.10586411461824213
kanpur_industrial,2021-10-25,2021,26.325,80.225,3.407292041502829e-05,0.10372851676720006
kanpur_industrial,2021-10-25,2021,26.325,80.275,5.825114576268044e-05,0.11310702400097598
kanpur_industrial,2021-10-25,2021,26.325,80.325,0.00013996737874964957,0.1441791868416541
kanpur_industrial,2021-10-25,2021,26.325,80.375,0.0001856340045863837,0.1519191634030489
kanpur_industrial,2021-10-25,2021,26.325,80.425,0.00015357239907833907,0.15624222941799834
kanpur_industrial,2021-10-25,2021,26.325,80.475,9.595031589540318e-05,0.15746883502211967
kanpur_industrial,2021-10-25,2021,26.325,80.525,7.908364743143945e-05,0.15542664349277902
kanpur_industrial,2021-10-25,2021,26.325,80.55,7.058818879101033e-05,0.15476050214353013
kanpur_industrial,2021-10-25,2021,26.375,80.175,0.00020701100367455776,0.03675421891214317
kanpur_industrial,2021-10-25,2021,26.375,80.225,9.197557775324646e-05,0.010311493866947975
kanpur_industrial,2021-10-25,2021,26.375,80.275,9.16015845871128e-05,0.02990410063531691
kanpur_industrial,2021-10-25,2021,26.375,80.325,5.492275186350313e-05,0.14644480808183924
kanpur_industrial,2021-10-25,2021,26.375,80.375,8.532640814496458e-05,0.1588476266946111
kanpur_industrial,2021-10-25,2021,26.375,80.425,7.284775904677525e-05,0.16171067592033164
kanpur_industrial,2021-10-25,2021,26.375,80.475,5.0149785104795856e-05,0.1588534234078735
kanpur_industrial,2021-10-25,2021,26.375,80.525,6.128363885149272e-05,0.15403091876101943
kanpur_industrial,2021-10-25,2021,26.425,80.175,0.00020584761702910532,0.02464937418301771
kanpur_industrial,2021-10-25,2021,26.425,80.225,0.00021822935837597293,0.031820420711013486
kanpur_industrial,2021-10-25,2021,26.425,80.275,0.0001866554754971136,0.038619013088875796
kanpur_industrial,2021-10-25,2021,26.425,80.325,0.000111907741565741,0.1726184102884987
kanpur_industrial,2021-10-25,2021,26.425,80.375,0.00010728663576767028,0.18387183877770613
kanpur_industrial,2021-10-25,2021,26.425,80.425,0.00013205331565310137,0.16956595519326564
kanpur_industrial,2021-10-25,2021,26.425,80.475,0.0001396972429363095,0.14964887643391583
kanpur_industrial,2021-10-25,2021,26.425,80.525,6.354779984375944e-05,0.1495343733950323
kanpur_industrial,2021-10-25,2021,26.425,80.55,6.270988199622767e-05,0.15119844923913778
kanpur_industrial,2021-10-25,2021,26.475,80.175,0.0001605209721696855,0.02348395879272756
kanpur_industrial,2021-10-25,2021,26.475,80.225,0.00020086329083154083,0.03073183168722963
kanpur_industrial,2021-10-25,2021,26.475,80.275,0.00017472072357830674,0.019200516265016544
kanpur_industrial,2021-10-25,2021,26.475,80.325,0.00014718079306934434,0.116015724778467
kanpur_industrial,2021-10-25,2021,26.475,80.375,0.0001296241783023972,0.13869385846565072
kanpur_industrial,2021-10-25,2021,26.475,80.425,0.00017157612929801503,0.14076399845460177
kanpur_industrial,2021-10-25,2021,26.475,80.475,0.0002083820633110167,0.13731669223350254
kanpur_industrial,2021-10-25,2021,26.475,80.525,0.00015168021091334412,0.14620205887746565
kanpur_industrial,2021-10-25,2021,26.475,80.55,0.0001460814612418546,0.1463404491637313
kanpur_industrial,2021-10-25,2021,26.525,80.175,0.00010825105305847655,0.029603153146236762
kanpur_industrial,2021-10-25,2021,26.525,80.225,0.00014816884161188837,0.027206415417197902
kanpur_industrial,2021-10-25,2021,26.525,80.275,0.00015649455643414843,0.009976432480096392
kanpur_industrial,2021-10-25,2021,26.525,80.325,0.00017055637193085036,0.05699621249704144
kanpur_industrial,2021-10-25,2021,26.525,80.375,0.00014966050109943368,0.08066281043246765
kanpur_industrial,2021-10-25,2021,26.525,80.425,0.000186600891011969,0.09907547834345824
kanpur_industrial,2021-10-25,2021,26.525,80.475,0.00022559491793797506,0.11677081290014191
kanpur_industrial,2021-10-25,2021,26.525,80.525,0.00018689643727733357,0.13946118140196248
kanpur_industrial,2021-10-25,2021,26.525,80.55,0.0001527769340412523,0.13543478576330553
kanpur_industrial,2021-10-25,2021,26.575,80.175,7.592798757531835e-05,0.041651766549714656
kanpur_industrial,2021-10-25,2021,26.575,80.225,0.00012440943733005552,0.033565090663045805
kanpur_industrial,2021-10-25,2021,26.575,80.275,0.00019246539737116918,0.035925214550657926
kanpur_industrial,2021-10-25,2021,26.575,80.325,0.00018520995441925972,0.048840514803128746
kanpur_industrial,2021-10-25,2021,26.575,80.375,0.00016427287618063605,0.04741205099043797
kanpur_industrial,2021-10-25,2021,26.575,80.425,0.00017305839283905178,0.059416810152617724
kanpur_industrial,2021-10-25,2021,26.575,80.475,0.00016664034016173015,0.08444869748860855
kanpur_industrial,2021-10-25,2021,26.575,80.525,7.925489298252584e-05,0.12629589538206157
kanpur_industrial,2021-10-25,2021,26.575,80.55,0.0001466399604504698,0.11620435154268396
kanpur_industrial,2021-10-26,2021,26.325,80.175,0.00015405001687687734,0
kanpur_industrial,2021-10-26,2021,26.325,80.225,0.00013842133150089277,0
kanpur_industrial,2021-10-26,2021,26.325,80.275,0.0001328801233185597,0
kanpur_industrial,2021-10-26,2021,26.325,80.325,0.0001128434466470012,0
kanpur_industrial,2021-10-26,2021,26.325,80.375,0.0001463001521524039,0
kanpur_industrial,2021-10-26,2021,26.325,80.425,0.00013150841499955915,0
kanpur_industrial,2021-10-26,2021,26.325,80.475,7.801780835205757e-05,0
kanpur_industrial,2021-10-26,2021,26.325,80.525,-1.3653696691054634e-05,0
kanpur_industrial,2021-10-26,2021,26.325,80.55,2.5735064931263793e-05,0
kanpur_industrial,2021-10-26,2021,26.375,80.175,0.00014785463035364523,0
kanpur_industrial,2021-10-26,2021,26.375,80.225,0.00016040693959765056,0
kanpur_industrial,2021-10-26,2021,26.375,80.275,9.242451010802194e-05,0
kanpur_industrial,2021-10-26,2021,26.375,80.325,0.00024754841647126134,0
kanpur_industrial,2021-10-26,2021,26.375,80.375,0.00022999635722133918,0
kanpur_industrial,2021-10-26,2021,26.375,80.425,0.0002402679210866643,0
kanpur_industrial,2021-10-26,2021,26.375,80.475,0.00021754034425778345,0
kanpur_industrial,2021-10-26,2021,26.375,80.525,6.887513718427922e-05,0
kanpur_industrial,2021-10-26,2021,26.425,80.175,9.612098422086065e-05,0
kanpur_industrial,2021-10-26,2021,26.425,80.225,0.0001501299301581347,0
kanpur_industrial,2021-10-26,2021,26.425,80.275,0.00017768115368719598,0
kanpur_industrial,2021-10-26,2021,26.425,80.325,7.837663788990161e-05,0
kanpur_industrial,2021-10-26,2021,26.425,80.375,0.0001806745399114388,0
kanpur_industrial,2021-10-26,2021,26.425,80.425,0.0002161296767814668,0
kanpur_industrial,2021-10-26,2021,26.425,80.475,0.00016965804999583334,0
kanpur_industrial,2021-10-26,2021,26.425,80.525,1.353806338280144e-05,0
kanpur_industrial,2021-10-26,2021,26.425,80.55,3.401713793925385e-05,0
kanpur_industrial,2021-10-26,2021,26.475,80.175,0.00016383617698078432,0
kanpur_industrial,2021-10-26,2021,26.475,80.225,0.00023156993182640861,0
kanpur_industrial,2021-10-26,2021,26.475,80.275,0.0002981981282374753,0
kanpur_industrial,2021-10-26,2021,26.475,80.325,0.00012438188064477318,0
kanpur_industrial,2021-10-26,2021,26.475,80.375,0.00021798626413157526,0
kanpur_industrial,2021-10-26,2021,26.475,80.425,0.00020762464838177736,0
kanpur_industrial,2021-10-26,2021,26.475,80.475,0.00013130832686008943,0
kanpur_industrial,2021-10-26,2021,26.475,80.525,2.8251579587415243e-05,0
kanpur_industrial,2021-10-26,2021,26.475,80.55,2.639101650703702e-05,0
kanpur_industrial,2021-10-26,2021,26.525,80.175,0.0002465977647396777,0
kanpur_industrial,2021-10-26,2021,26.525,80.225,0.0003030868904166836,0
kanpur_industrial,2021-10-26,2021,26.525,80.275,0.00034212916891809527,0
kanpur_industrial,2021-10-26,2021,26.525,80.325,0.00016028541023941912,0
kanpur_industrial,2021-10-26,2021,26.525,80.375,0.00021645705148801958,0
kanpur_industrial,2021-10-26,2021,26.525,80.425,0.00018430038754885863,0
kanpur_industrial,2021-10-26,2021,26.525,80.475,0.00011343291933285974,0
kanpur_industrial,2021-10-26,2021,26.525,80.525,6.052103325544148e-05,0
kanpur_industrial,2021-10-26,2021,26.525,80.55,6.62433530542881e-05,0
kanpur_industrial,2021-10-26,2021,26.575,80.175,0.00027629815810016676,0
kanpur_industrial,2021-10-26,2021,26.575,80.225,0.00029862261537442195,0
kanpur_industrial,2021-10-26,2021,26.575,80.275,0.00022964667119496245,0
kanpur_industrial,2021-10-26,2021,26.575,80.325,4.7314989191949484e-05,0
kanpur_industrial,2021-10-26,2021,26.575,80.375,9.379672873225128e-05,0
kanpur_industrial,2021-10-26,2021,26.575,80.425,0.0001259462799186332,0
kanpur_industrial,2021-10-26,2021,26.575,80.475,0.00012872726722831982,0
kanpur_industrial,2021-10-26,2021,26.575,80.525,7.886756923882737e-05,0
kanpur_industrial,2021-10-26,2021,26.575,80.55,7.901410979259987e-05,0
kanpur_industrial,2021-10-27,2021,26.325,80.175,7.602253092547654e-05,0
kanpur_industrial,2021-10-27,2021,26.325,80.225,-4.4411004268897904e-05,0
kanpur_industrial,2021-10-27,2021,26.325,80.275,0.0001228137359268328,0
kanpur_industrial,2021-10-27,2021,26.325,80.325,0.00025772826870487295,0
kanpur_industrial,2021-10-27,2021,26.325,80.375,0.00032069674252477515,0
kanpur_industrial,2021-10-27,2021,26.325,80.425,0.0003048807247054044,0
kanpur_industrial,2021-10-27,2021,26.325,80.475,0.00022533125567804338,0
kanpur_industrial,2021-10-27,2021,26.325,80.525,8.363706723020191e-05,0
kanpur_industrial,2021-10-27,2021,26.325,80.55,0.00018500152988469915,0
kanpur_industrial,2021-10-27,2021,26.375,80.175,9.277369619588129e-05,0
kanpur_industrial,2021-10-27,2021,26.375,80.225,9.18653875986486e-06,0
kanpur_industrial,2021-10-27,2021,26.375,80.275,2.1245530774089496e-05,0
kanpur_industrial,2021-10-27,2021,26.375,80.325,0.0003072021093392566,0
kanpur_industrial,2021-10-27,2021,26.375,80.375,0.0002667890006379268,0
kanpur_industrial,2021-10-27,2021,26.375,80.425,0.00030408555533774026,0
kanpur_industrial,2021-10-27,2021,26.375,80.475,0.0003473033569157125,0
kanpur_industrial,2021-10-27,2021,26.375,80.525,0.0002960197508872437,0
kanpur_industrial,2021-10-27,2021,26.425,80.175,0.00012599791792780737,0
kanpur_industrial,2021-10-27,2021,26.425,80.225,0.00011564824286593194,0
kanpur_industrial,2021-10-27,2021,26.425,80.275,0.00023432911168578906,0
kanpur_industrial,2021-10-27,2021,26.425,80.325,0.00020212304382480185,0
kanpur_industrial,2021-10-27,2021,26.425,80.375,0.0001514786519097244,0
kanpur_industrial,2021-10-27,2021,26.425,80.425,0.00017771397110936864,0
kanpur_industrial,2021-10-27,2021,26.425,80.475,0.00023336937599719663,0
kanpur_industrial,2021-10-27,2021,26.425,80.525,0.0002593138357267875,0
kanpur_industrial,2021-10-27,2021,26.425,80.55,0.00027289791456569653,0
kanpur_industrial,2021-10-27,2021,26.475,80.175,0.00014078063816902838,0
kanpur_industrial,2021-10-27,2021,26.475,80.225,0.00013259727950118023,0
kanpur_industrial,2021-10-27,2021,26.475,80.275,0.00021893550645211366,0
kanpur_industrial,2021-10-27,2021,26.475,80.325,0.00018716073807477086,0
kanpur_industrial,2021-10-27,2021,26.475,80.375,0.00015960354250752902,0
kanpur_industrial,2021-10-27,2021,26.475,80.425,0.00016612130894099296,0
kanpur_industrial,2021-10-27,2021,26.475,80.475,0.00018157259568692672,0
kanpur_industrial,2021-10-27,2021,26.475,80.525,0.00017316448767761862,0
kanpur_industrial,2021-10-27,2021,26.475,80.55,0.00017806406614408277,0
kanpur_industrial,2021-10-27,2021,26.525,80.175,0.00015733291359658767,0
kanpur_industrial,2021-10-27,2021,26.525,80.225,0.00012333797623157326,0
kanpur_industrial,2021-10-27,2021,26.525,80.275,0.0001501413829845656,0
kanpur_industrial,2021-10-27,2021,26.525,80.325,0.00019260915306539144,0
kanpur_industrial,2021-10-27,2021,26.525,80.375,0.00022708733673009723,0
kanpur_industrial,2021-10-27,2021,26.525,80.425,0.0002017473715848984,0
kanpur_industrial,2021-10-27,2021,26.525,80.475,0.00015074471347633446,0
kanpur_industrial,2021-10-27,2021,26.525,80.525,0.0001168158786108987,0
kanpur_industrial,2021-10-27,2021,26.525,80.55,0.00012549609671751708,0
kanpur_industrial,2021-10-27,2021,26.575,80.175,0.00018884674085215244,0
kanpur_industrial,2021-10-27,2021,26.575,80.225,0.00012267655052678402,0
kanpur_industrial,2021-10-27,2021,26.575,80.275,0.00013655204364836367,0
kanpur_industrial,2021-10-27,2021,26.575,80.325,0.00017562324547723118,0
kanpur_industrial,2021-10-27,2021,26.575,80.375,0.00031666947123297576,0
kanpur_industrial,2021-10-27,2021,26.575,80.425,0.0002474491027637981,0
kanpur_industrial,2021-10-27,2021,26.575,80.475,0.00012160612002287827,0
kanpur_industrial,2021-10-27,2021,26.575,80.525,0.00014555572678927586,0
kanpur_industrial,2021-10-27,2021,26.575,80.55,0.00018126363532133545,0
kanpur_industrial,2021-10-28,2021,26.325,80.175,0.0003352765940759942,0.05288846215927503
kanpur_industrial,2021-10-28,2021,26.325,80.225,0.0002282892122899224,0.03157164896842508
kanpur_industrial,2021-10-28,2021,26.325,80.275,0.00016134713651487194,0.014891591463611974
kanpur_industrial,2021-10-28,2021,26.325,80.325,0.0003397891931117838,0.09312748067742138
kanpur_industrial,2021-10-28,2021,26.325,80.375,0.00030959882776832764,0.0929168879557318
kanpur_industrial,2021-10-28,2021,26.325,80.425,0.0003493198267672928,0.10247240203064556
kanpur_industrial,2021-10-28,2021,26.325,80.475,0.00037000952886457304,0.10895784296065034
kanpur_industrial,2021-10-28,2021,26.325,80.525,0.00024628838928595465,0.09279607840156678
kanpur_industrial,2021-10-28,2021,26.325,80.55,0.0002983266463595436,0.09368713853997071
kanpur_industrial,2021-10-28,2021,26.375,80.175,0.0003095899035711325,0.023895256393036864
kanpur_industrial,2021-10-28,2021,26.375,80.225,0.00028721454385104985,0.01048163554889688
kanpur_industrial,2021-10-28,2021,26.375,80.275,0.00027182302155094725,0.01151745851739245
kanpur_industrial,2021-10-28,2021,26.375,80.325,0.00021385984139476712,0.0865276980458602
kanpur_industrial,2021-10-28,2021,26.375,80.375,0.00024234053013260702,0.08997710460341916
kanpur_industrial,2021-10-28,2021,26.375,80.425,0.00022361327194233877,0.10263866820649967
kanpur_industrial,2021-10-28,2021,26.375,80.475,0.00022728343108056263,0.11078740881761406
kanpur_industrial,2021-10-28,2021,26.375,80.525,0.0003553209279163315,0.09466306154869882
kanpur_industrial,2021-10-28,2021,26.425,80.175,0.0002574011991440633,0.03910177977879283
kanpur_industrial,2021-10-28,2021,26.425,80.225,0.0002215740952964206,0.0121637059313103
kanpur_industrial,2021-10-28,2021,26.425,80.275,0.0002378659372042443,0.0025196642946621346
kanpur_industrial,2021-10-28,2021,26.425,80.325,0.000310092755853268,0.04221172565232146
kanpur_industrial,2021-10-28,2021,26.425,80.375,0.00031784616274239155,0.03422856915749892
kanpur_industrial,2021-10-28,2021,26.425,80.425,0.00029566530768203455,0.047747526972242015
kanpur_industrial,2021-10-28,2021,26.425,80.475,0.00028396038668199576,0.06824936329207511
kanpur_industrial,2021-10-28,2021,26.425,80.525,0.0003387194570004337,0.0773868545576358
kanpur_industrial,2021-10-28,2021,26.425,80.55,0.00034486330844175027,0.08378041147558825
kanpur_industrial,2021-10-28,2021,26.475,80.175,0.00023912494916270195,0.0594075863416333
kanpur_industrial,2021-10-28,2021,26.475,80.225,0.00021294557784248561,0.03430301008091819
kanpur_industrial,2021-10-28,2021,26.475,80.275,0.00023113149791988987,0.010986759913579182
kanpur_industrial,2021-10-28,2021,26.475,80.325,0.0003142063716058828,0.014695931404603804
kanpur_industrial,2021-10-28,2021,26.475,80.375,0.0003350314823303913,0.009755589688497848
kanpur_industrial,2021-10-28,2021,26.475,80.425,0.0003137252989746122,0.024077241871301017
kanpur_industrial,2021-10-28,2021,26.475,80.475,0.0002852633037605954,0.04665242539383189
kanpur_industrial,2021-10-28,2021,26.475,80.525,0.00029493093085818323,0.064601066736111
kanpur_industrial,2021-10-28,2021,26.475,80.55,0.0002974554793418974,0.06513166930198329
kanpur_industrial,2021-10-28,2021,26.525,80.175,0.0002740974566947407,0.08426609000195898
kanpur_industrial,2021-10-28,2021,26.525,80.225,0.0002508853472092014,0.0639856541303287
kanpur_industrial,2021-10-28,2021,26.525,80.275,0.00025010462051430093,0.03592600085691808
kanpur_industrial,2021-10-28,2021,26.525,80.325,0.00029094853368362054,0.003292688765650674
kanpur_industrial,2021-10-28,2021,26.525,80.375,0.00031462483279497903,0.0019544937809196244
kanpur_industrial,2021-10-28,2021,26.525,80.425,0.0003061651482793621,0.01185835474997311
kanpur_industrial,2021-10-28,2021,26.525,80.475,0.00028104259928685496,0.02998623887773711
kanpur_industrial,2021-10-28,2021,26.525,80.525,0.00025660177040045195,0.05403813650031906
kanpur_industrial,2021-10-28,2021,26.525,80.55,0.00025336364028589857,0.05127787319139408
kanpur_industrial,2021-10-28,2021,26.575,80.175,0.0003798814217676125,0.11247696767405116
kanpur_industrial,2021-10-28,2021,26.575,80.225,0.00033370892488575923,0.09294057085658655
kanpur_industrial,2021-10-28,2021,26.575,80.275,0.00029759264716685153,0.07738270625046753
kanpur_industrial,2021-10-28,2021,26.575,80.325,0.0002803259772713448,0.010710838364050798
kanpur_industrial,2021-10-28,2021,26.575,80.375,0.00026653030378950664,0.004885572603735039
kanpur_industrial,2021-10-28,2021,26.575,80.425,0.00028769752198019475,0.0015353670930785361
kanpur_industrial,2021-10-28,2021,26.575,80.475,0.00030161517648844975,0.009602910951026092
kanpur_industrial,2021-10-28,2021,26.575,80.525,0.00024768402359050674,0.044694623221828246
kanpur_industrial,2021-10-28,2021,26.575,80.55,0.0003047025202685856,0.025368330802458972
kanpur_industrial,2021-10-29,2021,26.325,80.175,0.00015959368558080616,0.28475449363211036
kanpur_industrial,2021-10-29,2021,26.325,80.225,0.0001615693084988606,0.2877328866868549
kanpur_industrial,2021-10-29,2021,26.325,80.275,0.00016633304342021592,0.29541300955699207
kanpur_industrial,2021-10-29,2021,26.325,80.325,0.00016817952296300498,0.296048335478606
kanpur_industrial,2021-10-29,2021,26.325,80.375,0.00015418889522737824,0.28715563151932577
kanpur_industrial,2021-10-29,2021,26.325,80.425,0.00011490625843381065,0.1630600791740319
kanpur_industrial,2021-10-29,2021,26.325,80.475,0.00016686948281927465,0.1572629155726062
kanpur_industrial,2021-10-29,2021,26.325,80.525,0.00034387531592128745,0.14461821393551774
kanpur_industrial,2021-10-29,2021,26.325,80.55,0.0003384378133967278,0.15190050440501396
kanpur_industrial,2021-10-29,2021,26.375,80.175,0.00022881132399357444,0.267240447769713
kanpur_industrial,2021-10-29,2021,26.375,80.225,0.00018546548873245942,0.2737806128122608
kanpur_industrial,2021-10-29,2021,26.375,80.275,0.00012678172896821044,0.28271664480870573
kanpur_industrial,2021-10-29,2021,26.375,80.325,0.00012371930189303265,0.2929114559490381
kanpur_industrial,2021-10-29,2021,26.375,80.375,6.0939926206843915e-05,0.23403067590663904
kanpur_industrial,2021-10-29,2021,26.375,80.425,8.298396138291859e-05,0.20343985401203513
kanpur_industrial,2021-10-29,2021,26.375,80.475,0.00017556856143038517,0.18619092457644595
kanpur_industrial,2021-10-29,2021,26.375,80.525,0.00033248245348887676,0.15987634634779554
kanpur_industrial,2021-10-29,2021,26.425,80.175,0.00019101888804257038,0.2587610812560494
kanpur_industrial,2021-10-29,2021,26.425,80.225,0.00024991912887496927,0.26417507370206017
kanpur_industrial,2021-10-29,2021,26.425,80.275,0.00027303377414270057,0.2681661973345277
kanpur_industrial,2021-10-29,2021,26.425,80.325,0.00027022845506739486,0.23737749261478217
kanpur_industrial,2021-10-29,2021,26.425,80.375,0.00028080470924282837,0.1995820439342094
kanpur_industrial,2021-10-29,2021,26.425,80.425,0.00022517115591666638,0.19364381967818797
kanpur_industrial,2021-10-29,2021,26.425,80.475,0.00014411066758140316,0.1985518656329633
kanpur_industrial,2021-10-29,2021,26.425,80.525,8.956241257928331e-05,0.18479195665891437
kanpur_industrial,2021-10-29,2021,26.425,80.55,0.00017946195527810923,0.17557121898472078
kanpur_industrial,2021-10-29,2021,26.475,80.175,0.00015398572767004551,0.2542459625378451
kanpur_industrial,2021-10-29,2021,26.475,80.225,0.00019864650729605452,0.2574693374667709
kanpur_industrial,2021-10-29,2021,26.475,80.275,0.0002213629562843301,0.2589431519165276
kanpur_industrial,2021-10-29,2021,26.475,80.325,0.0003025768472352854,0.20861911909372202
kanpur_industrial,2021-10-29,2021,26.475,80.375,0.00032377747088913034,0.19913310794507258
kanpur_industrial,2021-10-29,2021,26.475,80.425,0.00028684232287378743,0.20680902759939992
kanpur_industrial,2021-10-29,2021,26.475,80.475,0.0001989642366442771,0.21159304351143288
kanpur_industrial,2021-10-29,2021,26.475,80.525,5.3318485365031824e-05,0.18447742557798022
kanpur_industrial,2021-10-29,2021,26.475,80.55,5.159960564831907e-05,0.1849115844528658
kanpur_industrial,2021-10-29,2021,26.525,80.175,0.00011834415973365908,0.251294067455207
kanpur_industrial,2021-10-29,2021,26.525,80.225,0.00014078213959193607,0.25189587442061834
kanpur_industrial,2021-10-29,2021,26.525,80.275,0.0001436762662481602,0.25219751078799707
kanpur_industrial,2021-10-29,2021,26.525,80.325,0.00027166042847322994,0.18840358200667986
kanpur_industrial,2021-10-29,2021,26.525,80.375,0.00028588143594886754,0.1963251946672274
kanpur_industrial,2021-10-29,2021,26.525,80.425,0.00029270168057784617,0.20932380079411383
kanpur_industrial,2021-10-29,2021,26.525,80.475,0.0002660412913799074,0.2136890346967306
kanpur_industrial,2021-10-29,2021,26.525,80.525,0.00016039493053379418,0.18703367717574315
kanpur_industrial,2021-10-29,2021,26.525,80.55,0.00022977576996820705,0.19406540208586817
kanpur_industrial,2021-10-29,2021,26.575,80.175,8.647809280476034e-05,0.24886048092820998
kanpur_industrial,2021-10-29,2021,26.575,80.225,0.00014275404625945006,0.24683042010624756
kanpur_industrial,2021-10-29,2021,26.575,80.275,0.00014381960305159689,0.2468546437976623
kanpur_industrial,2021-10-29,2021,26.575,80.325,0.00020324510036239026,0.1676644895022034
kanpur_industrial,2021-10-29,2021,26.575,80.375,0.00021680206786069408,0.1680530094055854
kanpur_industrial,2021-10-29,2021,26.575,80.425,0.00024988887664922986,0.18009122334180944
kanpur_industrial,2021-10-29,2021,26.575,80.475,0.0003027786684394737,0.1965320206977816
kanpur_industrial,2021-10-29,2021,26.575,80.525,0.0003819547966653728,0.2094076373079657
kanpur_industrial,2021-10-29,2021,26.575,80.55,0.00034923422403732447,0.20293014370024715
kanpur_industrial,2021-10-30,2021,26.325,80.175,0.0001508096069038859,0.12932554165528923
kanpur_industrial,2021-10-30,2021,26.325,80.225,0.00012687212475308816,0.1265237043027276
kanpur_industrial,2021-10-30,2021,26.325,80.275,5.120824958974074e-05,0.1307039390277422
kanpur_industrial,2021-10-30,2021,26.325,80.325,0.0001952176027839188,0.1580147396217107
kanpur_industrial,2021-10-30,2021,26.325,80.375,0.00011810497649054177,0.170429765484809
kanpur_industrial,2021-10-30,2021,26.325,80.425,0.00013193549355086255,0.1801785998101415
kanpur_industrial,2021-10-30,2021,26.325,80.475,0.00018560878535707386,0.18575111430975738
kanpur_industrial,2021-10-30,2021,26.325,80.525,0.0002143063934724143,0.18427624486368427
kanpur_industrial,2021-10-30,2021,26.325,80.55,0.00016779935928427567,0.17454373782006322
kanpur_industrial,2021-10-30,2021,26.375,80.175,0.00023087870247621346,0.06004561609794941
kanpur_industrial,2021-10-30,2021,26.375,80.225,0.00020483089622860503,0.04328136163762484
kanpur_industrial,2021-10-30,2021,26.375,80.275,0.00016569340362657185,0.053577753845037705
kanpur_industrial,2021-10-30,2021,26.375,80.325,3.729960003668193e-05,0.1528021174207893
kanpur_industrial,2021-10-30,2021,26.375,80.375,1.1513233263206905e-05,0.16330998961086537
kanpur_industrial,2021-10-30,2021,26.375,80.425,4.44086069624701e-05,0.1704237115146424
kanpur_industrial,2021-10-30,2021,26.375,80.475,9.601701298706783e-05,0.1719992720773243
kanpur_industrial,2021-10-30,2021,26.375,80.525,0.00011686308374488568,0.16388432534371633
kanpur_industrial,2021-10-30,2021,26.425,80.175,0.00020207698272386673,0.03460599558915154
kanpur_industrial,2021-10-30,2021,26.425,80.225,0.00021078093811797838,0.04493850086834024
kanpur_industrial,2021-10-30,2021,26.425,80.275,0.00020454570551306598,0.07679920060797588
kanpur_industrial,2021-10-30,2021,26.425,80.325,0.00012097173069474256,0.132227916930814
kanpur_industrial,2021-10-30,2021,26.425,80.375,0.00011376852664024771,0.135826659440017
kanpur_industrial,2021-10-30,2021,26.425,80.425,0.0001405936675195686,0.14235720743067776
kanpur_industrial,2021-10-30,2021,26.425,80.475,0.0001719801758847648,0.15052519864342284
kanpur_industrial,2021-10-30,2021,26.425,80.525,0.00016904687381022514,0.15916168693905935
kanpur_industrial,2021-10-30,2021,26.425,80.55,0.00014973476252620188,0.16090943501007415
kanpur_industrial,2021-10-30,2021,26.475,80.175,0.0001753800178091135,0.022708541074093033
kanpur_industrial,2021-10-30,2021,26.475,80.225,0.0002102486417164337,0.04528799736135348
kanpur_industrial,2021-10-30,2021,26.475,80.275,0.00023190008900695632,0.08646161938250405
kanpur_industrial,2021-10-30,2021,26.475,80.325,0.0001006551573888874,0.11704167501291479
kanpur_industrial,2021-10-30,2021,26.475,80.375,0.00013065386970046355,0.11957603543332791
kanpur_industrial,2021-10-30,2021,26.475,80.425,0.00014834023868527798,0.1277496188704901
kanpur_industrial,2021-10-30,2021,26.475,80.475,0.00016978243387699683,0.13953004364388427
kanpur_industrial,2021-10-30,2021,26.475,80.525,0.00021986015513460902,0.15330783497830539
kanpur_industrial,2021-10-30,2021,26.475,80.55,0.00021747765018055083,0.15360372920318557
kanpur_industrial,2021-10-30,2021,26.525,80.175,0.00017109484633457292,0.02469608811985372
kanpur_industrial,2021-10-30,2021,26.525,80.225,0.0001685968712386293,0.05201378560613302
kanpur_industrial,2021-10-30,2021,26.525,80.275,0.00020201034498454532,0.08730511350615315
kanpur_industrial,2021-10-30,2021,26.525,80.325,0.00011325021945850232,0.08811267777885706
kanpur_industrial,2021-10-30,2021,26.525,80.375,0.00015938277319286765,0.0992909472011311
kanpur_industrial,2021-10-30,2021,26.525,80.425,0.00016297154406584946,0.11050808576246125
kanpur_industrial,2021-10-30,2021,26.525,80.475,0.00015706975319907098,0.12392557315236753
kanpur_industrial,2021-10-30,2021,26.525,80.525,0.00019173505845252318,0.1411229060314144
kanpur_industrial,2021-10-30,2021,26.525,80.55,0.00014145315568118898,0.13436210419059266
kanpur_industrial,2021-10-30,2021,26.575,80.175,0.0002069623848904293,0.0428261665171753
kanpur_industrial,2021-10-30,2021,26.575,80.225,6.220762321658596e-05,0.07019360760546649
kanpur_industrial,2021-10-30,2021,26.575,80.275,8.312353391499747e-05,0.08125514904223105
kanpur_industrial,2021-10-30,2021,26.575,80.325,0.00023909125638232632,0.03559075078715038
kanpur_industrial,2021-10-30,2021,26.575,80.375,0.00025906256387398007,0.06559864912007606
kanpur_industrial,2021-10-30,2021,26.575,80.425,0.000241097639722962,0.08153303420359613
kanpur_industrial,2021-10-30,2021,26.575,80.475,0.0001747575277104452,0.09376798833387594
kanpur_industrial,2021-10-30,2021,26.575,80.525,3.2178784654135445e-05,0.11884818216760452
kanpur_industrial,2021-10-30,2021,26.575,80.55,9.54107461224367e-05,0.09532679530558143
kanpur_industrial,2021-10-31,2021,26.325,80.175,0.0003149310143768842,0.12032505484975259
kanpur_industrial,2021-10-31,2021,26.325,80.225,0.0002953630158963535,0.1270951530591329
kanpur_industrial,2021-10-31,2021,26.325,80.275,0.0003078790532623345,0.13750821089261453
kanpur_industrial,2021-10-31,2021,26.325,80.325,0.0003888721323490375,0.1883164452055362
kanpur_industrial,2021-10-31,2021,26.325,80.375,0.00032653040306385633,0.19779104257811125
kanpur_industrial,2021-10-31,2021,26.325,80.425,0.0003032072783794087,0.20237484544272097
kanpur_industrial,2021-10-31,2021,26.325,80.475,0.0002995514460905796,0.2046254399316483
kanpur_industrial,2021-10-31,2021,26.325,80.525,0.0002911834788029128,0.20772935988094784
kanpur_industrial,2021-10-31,2021,26.325,80.55,0.0003896803478752564,0.20222297635676895
kanpur_industrial,2021-10-31,2021,26.375,80.175,0.0003878996362240064,0.03850815296093844
kanpur_industrial,2021-10-31,2021,26.375,80.225,0.0003881224627054966,0.0036693178165108464
kanpur_industrial,2021-10-31,2021,26.375,80.275,0.00033455440408219775,0.0006156177483697313
kanpur_industrial,2021-10-31,2021,26.375,80.325,0.00028723448378342536,0.11675959535326885
kanpur_industrial,2021-10-31,2021,26.375,80.375,0.0003599429077118019,0.1538626317667054
kanpur_industrial,2021-10-31,2021,26.375,80.425,0.0004090599229894041,0.1743996361422662
kanpur_industrial,2021-10-31,2021,26.375,80.475,0.00044751987495915744,0.18535327393623155
kanpur_industrial,2021-10-31,2021,26.375,80.525,0.000497557871144966,0.19619217535409686
kanpur_industrial,2021-10-31,2021,26.425,80.175,0.0004272008671184109,0.03176541006578002
kanpur_industrial,2021-10-31,2021,26.425,80.225,0.0003705686587699698,0.003116686268361657
kanpur_industrial,2021-10-31,2021,26.425,80.275,0.0004471154336700734,0.003691401183127766
kanpur_industrial,2021-10-31,2021,26.425,80.325,0.0003738374553416162,0.09374528945739005
kanpur_industrial,2021-10-31,2021,26.425,80.375,0.0003276299842161739,0.11094694647149032
kanpur_industrial,2021-10-31,2021,26.425,80.425,0.0004279173789433195,0.13129874781912493
kanpur_industrial,2021-10-31,2021,26.425,80.475,0.0005422775476301684,0.15308416716908485
kanpur_industrial,2021-10-31,2021,26.425,80.525,0.0004930352668062225,0.17577939184200195
kanpur_industrial,2021-10-31,2021,26.425,80.55,0.0004947089865221354,0.18333372904726541
kanpur_industrial,2021-10-31,2021,26.475,80.175,0.00037695702021676585,0.022535898784129565
kanpur_industrial,2021-10-31,2021,26.475,80.225,0.0003293269919695877,0.007255543022086624
kanpur_industrial,2021-10-31,2021,26.475,80.275,0.00044808312321516805,0.015720802569140557
kanpur_industrial,2021-10-31,2021,26.475,80.325,0.0004438473815563431,0.07883434161690994
kanpur_industrial,2021-10-31,2021,26.475,80.375,0.0003721443733980907,0.08546119334047264
kanpur_industrial,2021-10-31,2021,26.475,80.425,0.00039497215966855567,0.09103630205719081
kanpur_industrial,2021-10-31,2021,26.475,80.475,0.00045682026651875935,0.10873052081816983
kanpur_industrial,2021-10-31,2021,26.475,80.525,0.0004920079846440236,0.1604986868107751
kanpur_industrial,2021-10-31,2021,26.475,80.55,0.0004919985270266287,0.1611367249225556
kanpur_industrial,2021-10-31,2021,26.525,80.175,0.00034150276360818155,0.014761943038232287
kanpur_industrial,2021-10-31,2021,26.525,80.225,0.0003287115684102372,0.009733720955919865
kanpur_industrial,2021-10-31,2021,26.525,80.275,0.0004325608660081736,0.025481017516518042
kanpur_industrial,2021-10-31,2021,26.525,80.325,0.000412161085932882,0.06755037407398327
kanpur_industrial,2021-10-31,2021,26.525,80.375,0.0003927130555698092,0.07512546806230569
kanpur_industrial,2021-10-31,2021,26.525,80.425,0.0003678605571141385,0.07269867878989901
kanpur_industrial,2021-10-31,2021,26.525,80.475,0.00036595546988988357,0.07666913587431867
kanpur_industrial,2021-10-31,2021,26.525,80.525,0.000425742409561925,0.11133727241291955
kanpur_industrial,2021-10-31,2021,26.525,80.55,0.00037066511854808406,0.07777312113452967
kanpur_industrial,2021-10-31,2021,26.575,80.175,0.0003885205567799432,0.011820573363780904
kanpur_industrial,2021-10-31,2021,26.575,80.225,0.0004097226522262004,0.006227211014945352
kanpur_industrial,2021-10-31,2021,26.575,80.275,0.00045705408896409264,0.02538082848905909
kanpur_industrial,2021-10-31,2021,26.575,80.325,0.0002196614106457051,0.05883265930122433
kanpur_industrial,2021-10-31,2021,26.575,80.375,0.0003180658074050599,0.08118772568655543
kanpur_industrial,2021-10-31,2021,26.575,80.425,0.0003844860185716171,0.09084672954527113
kanpur_industrial,2021-10-31,2021,26.575,80.475,0.0003821531697018019,0.07385690192816556
kanpur_industrial,2021-10-31,2021,26.575,80.525,0.00024817925335061643,0.0037087229131543436
kanpur_industrial,2021-10-31,2021,26.575,80.55,0.00020863202127824988,0.002173985115271982
kanpur_industrial,2021-11-01,2021,26.325,80.175,0.0002936416270632273,0.002473933977345898
kanpur_industrial,2021-11-01,2021,26.325,80.225,0.0002529912207578796,0.01121993718319659
kanpur_industrial,2021-11-01,2021,26.325,80.275,0.00013992479645355882,0.03257322226725584
kanpur_industrial,2021-11-01,2021,26.325,80.325,0.0002814054074938765,0.07833254263367637
kanpur_industrial,2021-11-01,2021,26.325,80.375,0.0002759630323535035,0.0854594212152049
kanpur_industrial,2021-11-01,2021,26.325,80.425,0.0002655032419049197,0.06816118925613145
kanpur_industrial,2021-11-01,2021,26.325,80.475,0.0002358581355558951,0.0567039815749083
kanpur_industrial,2021-11-01,2021,26.325,80.525,0.0001610783227970207,0.09392799357138182
kanpur_industrial,2021-11-01,2021,26.325,80.55,0.00017916640553825884,0.11102189779551017
kanpur_industrial,2021-11-01,2021,26.375,80.175,0.00023618420170955088,0.007355100368458833
kanpur_industrial,2021-11-01,2021,26.375,80.225,0.00015982719446162738,0.008311374980438808
kanpur_industrial,2021-11-01,2021,26.375,80.275,0.00021955403493715552,0.033204105634784375
kanpur_industrial,2021-11-01,2021,26.375,80.325,0.0004061252879560972,0.054241830814905204
kanpur_industrial,2021-11-01,2021,26.375,80.375,0.00039545530831988515,0.06818139378342088
kanpur_industrial,2021-11-01,2021,26.375,80.425,0.000341810924481641,0.08276110215347057
kanpur_industrial,2021-11-01,2021,26.375,80.475,0.0002686433108850187,0.10112634128269209
kanpur_industrial,2021-11-01,2021,26.375,80.525,0.00019897716282628157,0.12974379289812693
kanpur_industrial,2021-11-01,2021,26.425,80.175,0.00035156314484637274,0.045115024020197986
kanpur_industrial,2021-11-01,2021,26.425,80.225,0.00029499863276666414,0.0524887654364894
kanpur_industrial,2021-11-01,2021,26.425,80.275,0.00026523270836237967,0.0712027448751889
kanpur_industrial,2021-11-01,2021,26.425,80.325,0.00022674947961859223,0.08299490585742622
kanpur_industrial,2021-11-01,2021,26.425,80.375,0.00033677711502663315,0.08850755853088427
kanpur_industrial,2021-11-01,2021,26.425,80.425,0.0003396007717688073,0.09928679137059843
kanpur_industrial,2021-11-01,2021,26.425,80.475,0.000296191066254427,0.11293680544643837
kanpur_industrial,2021-11-01,2021,26.425,80.525,0.0002869099956683045,0.12748495267951865
kanpur_industrial,2021-11-01,2021,26.425,80.55,0.0002543679236716503,0.12832090142183825
kanpur_industrial,2021-11-01,2021,26.475,80.175,0.00032396878028959466,0.0404717203139433
kanpur_industrial,2021-11-01,2021,26.475,80.225,0.000299656046243508,0.05695080593363369
kanpur_industrial,2021-11-01,2021,26.475,80.275,0.00024389353722182846,0.07277908434919088
kanpur_industrial,2021-11-01,2021,26.475,80.325,0.00025066581208525767,0.08124455469472108
kanpur_industrial,2021-11-01,2021,26.475,80.375,0.0003122890867246364,0.08394552587951885
kanpur_industrial,2021-11-01,2021,26.475,80.425,0.0002900904412149478,0.09489860346575311
kanpur_industrial,2021-11-01,2021,26.475,80.475,0.0002632748035408756,0.10913878704020516
kanpur_industrial,2021-11-01,2021,26.475,80.525,0.00034386311580264235,0.1210202402542423
kanpur_industrial,2021-11-01,2021,26.475,80.55,0.00034168201845298035,0.12139614412984914
kanpur_industrial,2021-11-01,2021,26.525,80.175,0.000249902337366913,0.020268376510318997
kanpur_industrial,2021-11-01,2021,26.525,80.225,0.00023542840506542628,0.0369379256670919
kanpur_industrial,2021-11-01,2021,26.525,80.275,0.00023707640474412178,0.047630661570818064
kanpur_industrial,2021-11-01,2021,26.525,80.325,0.00028700656842691087,0.05305653007225835
kanpur_industrial,2021-11-01,2021,26.525,80.375,0.00028917247622151874,0.05506081587241317
kanpur_industrial,2021-11-01,2021,26.525,80.425,0.00024256265491913592,0.06813868660555832
kanpur_industrial,2021-11-01,2021,26.525,80.475,0.00021725892027268178,0.08789018267178589
kanpur_industrial,2021-11-01,2021,26.525,80.525,0.00031271715190101624,0.10679209291755398
kanpur_industrial,2021-11-01,2021,26.525,80.55,0.00026220762195080534,0.0992414163953788
kanpur_industrial,2021-11-01,2021,26.575,80.175,0.0001885913592532189,0.00012904588094718287
kanpur_industrial,2021-11-01,2021,26.575,80.225,0.00013584518276722963,0.00025809176189436575
kanpur_industrial,2021-11-01,2021,26.575,80.275,0.00029564225689654694,0.0001257296912097065
kanpur_industrial,2021-11-01,2021,26.575,80.325,0.00021915165831385967,0
kanpur_industrial,2021-11-01,2021,26.575,80.375,0.0002486665400416198,0.00021847456451835816
kanpur_industrial,2021-11-01,2021,26.575,80.425,0.00022899953462455686,0.017711477261411465
kanpur_industrial,2021-11-01,2021,26.575,80.475,0.0001859867799699633,0.04662925068214384
kanpur_industrial,2021-11-01,2021,26.575,80.525,0.00015240099945650995,0.08240414040686686
kanpur_industrial,2021-11-01,2021,26.575,80.55,0.0002144542092663037,0.07521199168692858
kanpur_industrial,2021-11-02,2021,26.325,80.175,0.0002822829919306061,0.14842822354691546
kanpur_industrial,2021-11-02,2021,26.325,80.225,0.00026228229401738067,0.146566149960679
kanpur_industrial,2021-11-02,2021,26.325,80.275,0.00023979884723667025,0.15257210945895106
kanpur_industrial,2021-11-02,2021,26.325,80.325,0.00020478439669245355,0.16411507725192004
kanpur_industrial,2021-11-02,2021,26.325,80.375,0.00028439841131965775,0.17008130560769394
kanpur_industrial,2021-11-02,2021,26.325,80.425,0.00027226282690121124,0.1735430293035966
kanpur_industrial,2021-11-02,2021,26.325,80.475,0.00021777849895119727,0.17345578241112922
kanpur_industrial,2021-11-02,2021,26.325,80.525,0.00018142681445816621,0.16752340484488032
kanpur_industrial,2021-11-02,2021,26.325,80.55,0.0002151019708940477,0.1685389893998432
kanpur_industrial,2021-11-02,2021,26.375,80.175,0.00023363716242353277,0.13275348144022556
kanpur_industrial,2021-11-02,2021,26.375,80.225,0.00016385075446359994,0.12529323484276764
kanpur_industrial,2021-11-02,2021,26.375,80.275,0.0002072282329017576,0.1362870610374142
kanpur_industrial,2021-11-02,2021,26.375,80.325,0.0003360292019254266,0.16316734761496887
kanpur_industrial,2021-11-02,2021,26.375,80.375,0.0003205684853458886,0.16438717539494774
kanpur_industrial,2021-11-02,2021,26.375,80.425,0.0002868239274541826,0.16816390412537185
kanpur_industrial,2021-11-02,2021,26.375,80.475,0.000255501004607244,0.17138441317832181
kanpur_industrial,2021-11-02,2021,26.375,80.525,0.00025198428508572745,0.16965129629337392
kanpur_industrial,2021-11-02,2021,26.425,80.175,0.0003145248345673976,0.13954073401931763
kanpur_industrial,2021-11-02,2021,26.425,80.225,0.0002888582734041705,0.13213020240046724
kanpur_industrial,2021-11-02,2021,26.425,80.275,0.00032428850049844325,0.13330057667404402
kanpur_industrial,2021-11-02,2021,26.425,80.325,0.00022534333413277483,0.14876715700501583
kanpur_industrial,2021-11-02,2021,26.425,80.375,0.0002808223525889264,0.1530856691470222
kanpur_industrial,2021-11-02,2021,26.425,80.425,0.000315155924675807,0.15706624679662406
kanpur_industrial,2021-11-02,2021,26.425,80.475,0.0003094162445541417,0.16022151683207536
kanpur_industrial,2021-11-02,2021,26.425,80.525,0.00023461546094951855,0.16214501236118714
kanpur_industrial,2021-11-02,2021,26.425,80.55,0.00024104329350386355,0.16492292846207515
kanpur_industrial,2021-11-02,2021,26.475,80.175,0.00027850544637601635,0.14249892156213595
kanpur_industrial,2021-11-02,2021,26.475,80.225,0.0002413775641218204,0.1363161583538596
kanpur_industrial,2021-11-02,2021,26.475,80.275,0.00026642427027496893,0.13516197004821096
kanpur_industrial,2021-11-02,2021,26.475,80.325,0.00019416025925558103,0.14207968447253647
kanpur_industrial,2021-11-02,2021,26.475,80.375,0.00028999206622793875,0.14453153676099784
kanpur_industrial,2021-11-02,2021,26.475,80.425,0.000328436499432127,0.1485449025856473
kanpur_industrial,2021-11-02,2021,26.475,80.475,0.0003058482828109843,0.15361228667096785
kanpur_industrial,2021-11-02,2021,26.475,80.525,0.0002046348061046167,0.15948740381432086
kanpur_industrial,2021-11-02,2021,26.475,80.55,0.00020626354130224,0.15953262895955928
kanpur_industrial,2021-11-02,2021,26.525,80.175,0.00023650828018422556,0.1441075229572598
kanpur_industrial,2021-11-02,2021,26.525,80.225,0.0001821576110510618,0.14021395836341763
kanpur_industrial,2021-11-02,2021,26.525,80.275,0.0002040002617631852,0.1377406776835309
kanpur_industrial,2021-11-02,2021,26.525,80.325,0.00023985819513340506,0.13515249998153933
kanpur_industrial,2021-11-02,2021,26.525,80.375,0.0003071429633023249,0.13527625086260553
kanpur_industrial,2021-11-02,2021,26.525,80.425,0.0003288432138629529,0.13754748994425664
kanpur_industrial,2021-11-02,2021,26.525,80.475,0.0002913695771821142,0.14343731901873796
kanpur_industrial,2021-11-02,2021,26.525,80.525,0.00016522832086775653,0.1549947118216582
kanpur_industrial,2021-11-02,2021,26.525,80.55,0.0001509630757941788,0.15177940569588627
kanpur_industrial,2021-11-02,2021,26.575,80.175,0.00026109102156323267,0.14565590038235976
kanpur_industrial,2021-11-02,2021,26.575,80.225,0.00021032723563676954,0.14511969500483426
kanpur_industrial,2021-11-02,2021,26.575,80.275,0.00024190634208110277,0.13849175618441054
kanpur_industrial,2021-11-02,2021,26.575,80.325,0.0003615304591922291,0.12379021942454149
kanpur_industrial,2021-11-02,2021,26.575,80.375,0.00031138096169153125,0.12351610016290043
kanpur_industrial,2021-11-02,2021,26.575,80.425,0.00031655832386314766,0.12143965197455771
kanpur_industrial,2021-11-02,2021,26.575,80.475,0.00029515964347867277,0.1246021113255456
kanpur_industrial,2021-11-02,2021,26.575,80.525,0.00012059543341608851,0.1443976834356665
kanpur_industrial,2021-11-02,2021,26.575,80.55,0.00016326387131432706,0.1330708873928735
kanpur_industrial,2021-11-03,2021,26.325,80.175,0.0002352630196286959,0.21417551213770117
kanpur_industrial,2021-11-03,2021,26.325,80.225,0.0002845619693104795,0.22215662803813205
kanpur_industrial,2021-11-03,2021,26.325,80.275,0.00026358640302950144,0.2284472753030426
kanpur_industrial,2021-11-03,2021,26.325,80.325,0.0001608511659573885,0.2435928751819424
kanpur_industrial,2021-11-03,2021,26.325,80.375,0.00020404950895231908,0.2468866504005039
kanpur_industrial,2021-11-03,2021,26.325,80.425,0.00022786113575523666,0.24435333023778183
kanpur_industrial,2021-11-03,2021,26.325,80.475,0.00024050993032077915,0.23724721553814904
kanpur_industrial,2021-11-03,2021,26.325,80.525,0.0002554962616465599,0.22586851031756533
kanpur_industrial,2021-11-03,2021,26.325,80.55,0.00017984351994348037,0.22620851935582664
kanpur_industrial,2021-11-03,2021,26.375,80.175,0.00016347606535987113,0.18565612003043053
kanpur_industrial,2021-11-03,2021,26.375,80.225,8.827072632329179e-05,0.18431242722738223
kanpur_industrial,2021-11-03,2021,26.375,80.275,6.966124078059139e-06,0.19887418425242478
kanpur_industrial,2021-11-03,2021,26.375,80.325,0.0003704141722586498,0.2231711818477416
kanpur_industrial,2021-11-03,2021,26.375,80.375,0.0003646167551142269,0.2299300697222568
kanpur_industrial,2021-11-03,2021,26.375,80.425,0.00027253173744610663,0.23412557903445777
kanpur_industrial,2021-11-03,2021,26.375,80.475,0.00015826189805000159,0.2340118298146798
kanpur_industrial,2021-11-03,2021,26.375,80.525,9.698575522105989e-05,0.22658091020725565
kanpur_industrial,2021-11-03,2021,26.425,80.175,0.00020159592571450673,0.1827097069667042
kanpur_industrial,2021-11-03,2021,26.425,80.225,0.00024623163368948784,0.18262179521313043
kanpur_industrial,2021-11-03,2021,26.425,80.275,0.000235482923614673,0.18634544402823397
kanpur_industrial,2021-11-03,2021,26.425,80.325,0.00034989539549285615,0.2061631096710143
kanpur_industrial,2021-11-03,2021,26.425,80.375,0.0002599049125707673,0.21118250524856427
kanpur_industrial,2021-11-03,2021,26.425,80.425,0.0002655682482733396,0.2178855257109773
kanpur_industrial,2021-11-03,2021,26.425,80.475,0.00028402076260625837,0.2229716753743047
kanpur_industrial,2021-11-03,2021,26.425,80.525,0.0001957670299869466,0.22207772364892855
kanpur_industrial,2021-11-03,2021,26.425,80.55,0.00015921018027043735,0.22374425725712832
kanpur_industrial,2021-11-03,2021,26.475,80.175,0.00032558894236430966,0.18308532998345206
kanpur_industrial,2021-11-03,2021,26.475,80.225,0.00044282828710655883,0.18314361748410185
kanpur_industrial,2021-11-03,2021,26.475,80.275,0.0003767230466928155,0.18424598321493865
kanpur_industrial,2021-11-03,2021,26.475,80.325,0.0003774630793248063,0.19801999192430556
kanpur_industrial,2021-11-03,2021,26.475,80.375,0.00025555302633264803,0.20185393795410492
kanpur_industrial,2021-11-03,2021,26.475,80.425,0.0002501363891543247,0.20875963604399533
kanpur_industrial,2021-11-03,2021,26.475,80.475,0.000281610537534825,0.2158464221713454
kanpur_industrial,2021-11-03,2021,26.475,80.525,0.00024592352843147745,0.2194933814537638
kanpur_industrial,2021-11-03,2021,26.475,80.55,0.00024435737637201066,0.21958382593856385
kanpur_industrial,2021-11-03,2021,26.525,80.175,0.00032133100680521373,0.18652670510118308
kanpur_industrial,2021-11-03,2021,26.525,80.225,0.0004322658505877713,0.18547496625234589
kanpur_industrial,2021-11-03,2021,26.525,80.275,0.00038722964278137045,0.1852287213114552
kanpur_industrial,2021-11-03,2021,26.525,80.325,0.0003239372251153015,0.19026804965751332
kanpur_industrial,2021-11-03,2021,26.525,80.375,0.0002447946406538851,0.19300601407795204
kanpur_industrial,2021-11-03,2021,26.525,80.425,0.00023556494138452836,0.19923898691054714
kanpur_industrial,2021-11-03,2021,26.525,80.475,0.0002582508427242338,0.20741117249550844
kanpur_industrial,2021-11-03,2021,26.525,80.525,0.0002589052975363039,0.2151838587577096
kanpur_industrial,2021-11-03,2021,26.525,80.55,0.0002519579788792938,0.21263202031104542
kanpur_industrial,2021-11-03,2021,26.575,80.175,3.9745100765500077e-05,0.1932012063849383
kanpur_industrial,2021-11-03,2021,26.575,80.225,4.6791935868888746e-05,0.18959242751473196
kanpur_industrial,2021-11-03,2021,26.575,80.275,0.00022690053364893406,0.18518587278439197
kanpur_industrial,2021-11-03,2021,26.575,80.325,0.00010603708588105189,0.17858253288795925
kanpur_industrial,2021-11-03,2021,26.575,80.375,0.0001564765733408926,0.17964639300767013
kanpur_industrial,2021-11-03,2021,26.575,80.425,0.00023071042634339951,0.18536496197019736
kanpur_industrial,2021-11-03,2021,26.575,80.475,0.0002812710810319143,0.19456664227802659
kanpur_industrial,2021-11-03,2021,26.575,80.525,0.00023688632722617366,0.2069541100679057
kanpur_industrial,2021-11-03,2021,26.575,80.55,0.0002466564860060833,0.20500867368962614
kanpur_industrial,2021-11-04,2021,26.325,80.175,9.726370674095548e-05,0.1910820833306211
kanpur_industrial,2021-11-04,2021,26.325,80.225,5.952102896958983e-05,0.18947590546086684
kanpur_industrial,2021-11-04,2021,26.325,80.275,0.00011379562380348915,0.1962399036776425
kanpur_industrial,2021-11-04,2021,26.325,80.325,0.0001823782800837486,0.21533710214861207
kanpur_industrial,2021-11-04,2021,26.325,80.375,0.00019706837549715394,0.22072245525583922
kanpur_industrial,2021-11-04,2021,26.325,80.425,0.0002559973710369662,0.22669947655402184
kanpur_industrial,2021-11-04,2021,26.325,80.475,0.0002761956834938308,0.23107412052546838
kanpur_industrial,2021-11-04,2021,26.325,80.525,0.00013287091097758318,0.23043254818209746
kanpur_industrial,2021-11-04,2021,26.325,80.55,0.0001758898116029251,0.23874097165143532
kanpur_industrial,2021-11-04,2021,26.375,80.175,0.00014602818070874252,0.17438936040660907
kanpur_industrial,2021-11-04,2021,26.375,80.225,0.00014563479761953778,0.17153855528649786
kanpur_industrial,2021-11-04,2021,26.375,80.275,0.0001630335907696851,0.18838415843830167
kanpur_industrial,2021-11-04,2021,26.375,80.325,-9.804055749820721e-06,0.22364787366994412
kanpur_industrial,2021-11-04,2021,26.375,80.375,-1.7567064160269677e-05,0.22473429346773402
kanpur_industrial,2021-11-04,2021,26.375,80.425,6.441886612234133e-05,0.23282045243669935
kanpur_industrial,2021-11-04,2021,26.375,80.475,0.00017096927366006012,0.24271988455267804
kanpur_industrial,2021-11-04,2021,26.375,80.525,0.00022300575038306146,0.24784067354642436
kanpur_industrial,2021-11-04,2021,26.425,80.175,0.0001934196395254423,0.18354227084433655
kanpur_industrial,2021-11-04,2021,26.425,80.225,0.000185550677119101,0.1845678328155187
kanpur_industrial,2021-11-04,2021,26.425,80.275,0.00017104679378738297,0.19307363776814665
kanpur_industrial,2021-11-04,2021,26.425,80.325,0.00014449723094259577,0.2126745316720951
kanpur_industrial,2021-11-04,2021,26.425,80.375,0.00015953685458018095,0.21616834574518035
kanpur_industrial,2021-11-04,2021,26.425,80.425,0.00022419559815770452,0.2255885934243464
kanpur_industrial,2021-11-04,2021,26.425,80.475,0.00028624591535210533,0.23813684228756227
kanpur_industrial,2021-11-04,2021,26.425,80.525,0.0002763233195841184,0.25105727088143975
kanpur_industrial,2021-11-04,2021,26.425,80.55,0.00025659162074593195,0.24986687659210335
kanpur_industrial,2021-11-04,2021,26.475,80.175,0.00020824594242671107,0.1895412123540928
kanpur_industrial,2021-11-04,2021,26.475,80.225,0.0002022278243125594,0.19124644135449131
kanpur_industrial,2021-11-04,2021,26.475,80.275,0.00018134609920542839,0.19532039017985872
kanpur_industrial,2021-11-04,2021,26.475,80.325,0.0001860662789711842,0.20598534783277067
kanpur_industrial,2021-11-04,2021,26.475,80.375,0.00017904034263013983,0.2099651142262734
kanpur_industrial,2021-11-04,2021,26.475,80.425,0.00021544803869704725,0.21922994529254475
kanpur_industrial,2021-11-04,2021,26.475,80.475,0.00025738518201943734,0.23193437615974544
kanpur_industrial,2021-11-04,2021,26.475,80.525,0.0002543827778886977,0.24704960156881745
kanpur_industrial,2021-11-04,2021,26.475,80.55,0.000256671974664402,0.24735935888718144
kanpur_industrial,2021-11-04,2021,26.525,80.175,0.00016881270560521364,0.19713203915233035
kanpur_industrial,2021-11-04,2021,26.525,80.225,0.0001534532607453406,0.19871136858283026
kanpur_industrial,2021-11-04,2021,26.525,80.275,0.00013866185181388757,0.20016536475565744
kanpur_industrial,2021-11-04,2021,26.525,80.325,0.00013293022251911383,0.20248969956090204
kanpur_industrial,2021-11-04,2021,26.525,80.375,0.00012888763232010567,0.2039843466859649
kanpur_industrial,2021-11-04,2021,26.525,80.425,0.0001772637119579742,0.21279048440607018
kanpur_industrial,2021-11-04,2021,26.525,80.475,0.00022201680887927423,0.22653168688597683
kanpur_industrial,2021-11-04,2021,26.525,80.525,0.00018024594734961086,0.24321551053664428
kanpur_industrial,2021-11-04,2021,26.525,80.55,0.00014464143265030947,0.24353892741396993
kanpur_industrial,2021-11-04,2021,26.575,80.175,5.723693446775123e-05,0.20915641219773498
kanpur_industrial,2021-11-04,2021,26.575,80.225,9.656918743234548e-06,0.21112803286252255
kanpur_industrial,2021-11-04,2021,26.575,80.275,6.774876325976549e-06,0.21076669489335637
kanpur_industrial,2021-11-04,2021,26.575,80.325,-6.188761463669188e-06,0.20231192785967334
kanpur_industrial,2021-11-04,2021,26.575,80.375,6.007153148614831e-05,0.19740564676683992
kanpur_industrial,2021-11-04,2021,26.575,80.425,0.00019585265026774874,0.2062194724804027
kanpur_industrial,2021-11-04,2021,26.575,80.475,0.0002667703746161616,0.2234664772768005
kanpur_industrial,2021-11-04,2021,26.575,80.525,6.64812165584421e-05,0.24425333750821915
kanpur_industrial,2021-11-04,2021,26.575,80.55,8.070878619360604e-05,0.24429704936575286
kanpur_industrial,2021-11-05,2021,26.325,80.175,0.0002988830278658753,0.046517550473999164
kanpur_industrial,2021-11-05,2021,26.325,80.225,0.000233114474397685,0.040175615841806345
kanpur_industrial,2021-11-05,2021,26.325,80.275,0.0001393816337067113,0.05243430924539485
kanpur_industrial,2021-11-05,2021,26.325,80.325,0.000248434487706012,0.012907815412389235
kanpur_industrial,2021-11-05,2021,26.325,80.375,0.0002561410549085043,0.034673153268372885
kanpur_industrial,2021-11-05,2021,26.325,80.425,0.0001506291991612049,0.08113666043129099
kanpur_industrial,2021-11-05,2021,26.325,80.475,3.6026147831765814e-05,0.12110694052041551
kanpur_industrial,2021-11-05,2021,26.325,80.525,5.179208138628935e-05,0.11260496221974722
kanpur_industrial,2021-11-05,2021,26.325,80.55,0.0002125071235245842,0.11574940179463528
kanpur_industrial,2021-11-05,2021,26.375,80.175,0.00020445392402594593,0.003459036299435478
kanpur_industrial,2021-11-05,2021,26.375,80.225,0.00027921870381196137,0.004142423058303215
kanpur_industrial,2021-11-05,2021,26.375,80.275,0.00032225615097554043,0.016673252809670438
kanpur_industrial,2021-11-05,2021,26.375,80.325,0.00019576803110680634,0.09268572593669307
kanpur_industrial,2021-11-05,2021,26.375,80.375,0.0001353876032913489,0.10049612026208729
kanpur_industrial,2021-11-05,2021,26.375,80.425,0.00013333704401584517,0.10443276593675394
kanpur_industrial,2021-11-05,2021,26.375,80.475,0.0002056019922674281,0.10872039068429387
kanpur_industrial,2021-11-05,2021,26.375,80.525,0.00038852836015224046,0.11919331180522694
kanpur_industrial,2021-11-05,2021,26.425,80.175,0.00027024972805297226,0.014945270225437023
kanpur_industrial,2021-11-05,2021,26.425,80.225,0.00029129314242007354,0.016991309588529836
kanpur_industrial,2021-11-05,2021,26.425,80.275,0.00026590442529752416,0.03424808063781326
kanpur_industrial,2021-11-05,2021,26.425,80.325,0.00018471101560514736,0.07611534452297676
kanpur_industrial,2021-11-05,2021,26.425,80.375,0.00014774545948060893,0.07916956317070763
kanpur_industrial,2021-11-05,2021,26.425,80.425,0.0001442425326832708,0.08323893856052228
kanpur_industrial,2021-11-05,2021,26.425,80.475,0.00018094831183073057,0.09327498955652909
kanpur_industrial,2021-11-05,2021,26.425,80.525,0.00027420814344263593,0.11743327064733186
kanpur_industrial,2021-11-05,2021,26.425,80.55,0.00031651562521705647,0.11808462446167098
kanpur_industrial,2021-11-05,2021,26.475,80.175,0.00028243847181500306,0.0261545470989454
kanpur_industrial,2021-11-05,2021,26.475,80.225,0.0003074035146398576,0.024245348277439797
kanpur_industrial,2021-11-05,2021,26.475,80.275,0.0002772089480732016,0.03778268853197317
kanpur_industrial,2021-11-05,2021,26.475,80.325,0.00023166437454697156,0.0667601752931566
kanpur_industrial,2021-11-05,2021,26.475,80.375,0.0002217444313713097,0.06823192061417324
kanpur_industrial,2021-11-05,2021,26.475,80.425,0.0001347096870071615,0.07298299197486809
kanpur_industrial,2021-11-05,2021,26.475,80.475,8.369193314089537e-05,0.08707813925457207
kanpur_industrial,2021-11-05,2021,26.475,80.525,0.00023409961309338935,0.1220224040079914
kanpur_industrial,2021-11-05,2021,26.475,80.55,0.00023476493896009467,0.12169966484642952
kanpur_industrial,2021-11-05,2021,26.525,80.175,0.00030183064874801776,0.035975381970995604
kanpur_industrial,2021-11-05,2021,26.525,80.225,0.00033885294862138517,0.027365847362836922
kanpur_industrial,2021-11-05,2021,26.525,80.275,0.00034502001408659466,0.03525774928870867
kanpur_industrial,2021-11-05,2021,26.525,80.325,0.00023730504008040906,0.04680534249508824
kanpur_industrial,2021-11-05,2021,26.525,80.375,0.00026461044481854,0.048810285728631934
kanpur_industrial,2021-11-05,2021,26.525,80.425,0.00015569456930151362,0.056897412449602544
kanpur_industrial,2021-11-05,2021,26.525,80.475,7.489767257993411e-05,0.07905527545154155
kanpur_industrial,2021-11-05,2021,26.525,80.525,0.000262590718385079,0.1284753722386849
kanpur_industrial,2021-11-05,2021,26.525,80.55,0.00029375154048182496,0.1301775826417268
kanpur_industrial,2021-11-05,2021,26.575,80.175,0.00036274102933787753,0.04314133467505617
kanpur_industrial,2021-11-05,2021,26.575,80.225,0.0003891542274008365,0.02627955238083527
kanpur_industrial,2021-11-05,2021,26.575,80.275,0.0004622770551883383,0.030806954975822403
kanpur_industrial,2021-11-05,2021,26.575,80.325,0.00013939144432307193,0.00622332558854141
kanpur_industrial,2021-11-05,2021,26.575,80.375,0.00021012420019440132,0.008838094090496185
kanpur_industrial,2021-11-05,2021,26.575,80.425,0.00023653167915452277,0.025098671458445864
kanpur_industrial,2021-11-05,2021,26.575,80.475,0.0002633766752540625,0.06141981390267315
kanpur_industrial,2021-11-05,2021,26.575,80.525,0.00036191693427628106,0.13349560574507913
kanpur_industrial,2021-11-05,2021,26.575,80.55,0.00034010973136325035,0.11648509416349292
kanpur_industrial,2021-11-06,2021,26.325,80.175,0.00023677240838972606,0.022371299953499055
kanpur_industrial,2021-11-06,2021,26.325,80.225,0.00026841906850861484,0.005571944242187895
kanpur_industrial,2021-11-06,2021,26.325,80.275,0.00017814208861773707,0.01002152122043978
kanpur_industrial,2021-11-06,2021,26.325,80.325,0.0004144654022570524,0.07176865366203675
kanpur_industrial,2021-11-06,2021,26.325,80.375,0.0001410879798029284,0.09520163623823859
kanpur_industrial,2021-11-06,2021,26.325,80.425,0.000190374258163946,0.11541989744633481
kanpur_industrial,2021-11-06,2021,26.325,80.475,0.000344329749029841,0.12790524624199825
kanpur_industrial,2021-11-06,2021,26.325,80.525,0.0003142639090287265,0.12514100218691315
kanpur_industrial,2021-11-06,2021,26.325,80.55,0.0003025433913312466,0.11829229623047435
kanpur_industrial,2021-11-06,2021,26.375,80.175,0.000132106868807925,0.010438661715983899
kanpur_industrial,2021-11-06,2021,26.375,80.225,0.00013897047881521063,0.0035239908982591336
kanpur_industrial,2021-11-06,2021,26.375,80.275,0.000199329024018173,0.014184063365493013
kanpur_industrial,2021-11-06,2021,26.375,80.325,0.00012818501416564474,0.04226843900771113
kanpur_industrial,2021-11-06,2021,26.375,80.375,0.00019006003937832667,0.07278523170402341
kanpur_industrial,2021-11-06,2021,26.375,80.425,0.00032502211548605275,0.09508650282981637
kanpur_industrial,2021-11-06,2021,26.375,80.475,0.0004131808471832537,0.10810082154325802
kanpur_industrial,2021-11-06,2021,26.375,80.525,0.00028970663385305433,0.11079133256389852
kanpur_industrial,2021-11-06,2021,26.425,80.175,0.00022606287367925141,0.09743640075538981
kanpur_industrial,2021-11-06,2021,26.425,80.225,0.00018692524365993164,0.0566592033710361
kanpur_industrial,2021-11-06,2021,26.425,80.275,0.00022149328081261122,0.0437677471920729
kanpur_industrial,2021-11-06,2021,26.425,80.325,0.00015703468686096157,0.04383035230475958
kanpur_industrial,2021-11-06,2021,26.425,80.375,0.00023057822407665144,0.03915369093462413
kanpur_industrial,2021-11-06,2021,26.425,80.425,0.0002769253119798047,0.05578405768603693
kanpur_industrial,2021-11-06,2021,26.425,80.475,0.0002794852699925129,0.08168695090496723
kanpur_industrial,2021-11-06,2021,26.425,80.525,0.00021636051984468812,0.10305269777255431
kanpur_industrial,2021-11-06,2021,26.425,80.55,0.00024350435731235117,0.10591660198667383
kanpur_industrial,2021-11-06,2021,26.475,80.175,0.0002956197546998532,0.13996424092317422
kanpur_industrial,2021-11-06,2021,26.475,80.225,0.0002451828121229531,0.0773156501690968
kanpur_industrial,2021-11-06,2021,26.475,80.275,0.00026625358862476605,0.05293505839795623
kanpur_industrial,2021-11-06,2021,26.475,80.325,0.0002024584302484022,0.034144449106207606
kanpur_industrial,2021-11-06,2021,26.475,80.375,0.00025779998087463864,0.03405955223713737
kanpur_industrial,2021-11-06,2021,26.475,80.425,0.00028210330047747685,0.046972034054258996
kanpur_industrial,2021-11-06,2021,26.475,80.475,0.000266936936882317,0.06856180276755879
kanpur_industrial,2021-11-06,2021,26.475,80.525,0.00019345088893347762,0.09599673885202613
kanpur_industrial,2021-11-06,2021,26.475,80.55,0.00019369718608591873,0.09631939267837294
kanpur_industrial,2021-11-06,2021,26.525,80.175,0.00032262812788658494,0.1563362386156338
kanpur_industrial,2021-11-06,2021,26.525,80.225,0.00024827585787255566,0.07639467570155432
kanpur_industrial,2021-11-06,2021,26.525,80.275,0.00024699998119107774,0.04868906667519717
kanpur_industrial,2021-11-06,2021,26.525,80.325,0.0002467829167995661,0.027023339595640423
kanpur_industrial,2021-11-06,2021,26.525,80.375,0.00029289244007516343,0.029746778469312857
kanpur_industrial,2021-11-06,2021,26.525,80.425,0.0003213690928211677,0.03536205131096266
kanpur_industrial,2021-11-06,2021,26.525,80.475,0.00031693323293218665,0.05005847851951226
kanpur_industrial,2021-11-06,2021,26.525,80.525,0.0002566739057072216,0.08379305115018212
kanpur_industrial,2021-11-06,2021,26.525,80.55,0.0003119063812119186,0.07731939223893931
kanpur_industrial,2021-11-06,2021,26.575,80.175,0.00029081479392269123,0.15468781463181508
kanpur_industrial,2021-11-06,2021,26.575,80.225,0.0001541234890388916,0.05910338159173651
kanpur_industrial,2021-11-06,2021,26.575,80.275,0.00010810469599377682,0.0345777929851923
kanpur_industrial,2021-11-06,2021,26.575,80.325,0.00027595928454677914,0.03109678963425476
kanpur_industrial,2021-11-06,2021,26.575,80.375,0.0003487619317318745,0.009791777940915125
kanpur_industrial,2021-11-06,2021,26.575,80.425,0.0003831489259683577,0.0017031976270503383
kanpur_industrial,2021-11-06,2021,26.575,80.475,0.00040115228479354,0.014310451183920188
kanpur_industrial,2021-11-06,2021,26.575,80.525,0.000433661815360047,0.062943945685838
kanpur_industrial,2021-11-06,2021,26.575,80.55,0.00043137424447961645,0.05912487674082666
kanpur_industrial,2021-11-08,2021,26.325,80.175,0.0003450923762715321,0.24815064238203763
kanpur_industrial,2021-11-08,2021,26.325,80.225,0.0003371080414894326,0.25041262034992373
kanpur_industrial,2021-11-08,2021,26.325,80.275,0.00029718636757893486,0.26172251018935444
kanpur_industrial,2021-11-08,2021,26.325,80.325,0.00025821814469949896,0.26371281459808776
kanpur_industrial,2021-11-08,2021,26.325,80.375,0.0002400304605321319,0.26302590351393695
kanpur_industrial,2021-11-08,2021,26.325,80.425,0.00023985923173016255,0.24610353160406412
kanpur_industrial,2021-11-08,2021,26.325,80.475,0.00023705634107869266,0.22455989052463432
kanpur_industrial,2021-11-08,2021,26.325,80.525,0.0001993650027551151,0.2131284427730221
kanpur_industrial,2021-11-08,2021,26.325,80.55,0.00027474206559788955,0.20032536515139754
kanpur_industrial,2021-11-08,2021,26.375,80.175,0.0003450923762715321,0.24815064238203763
kanpur_industrial,2021-11-08,2021,26.375,80.225,0.00033319026231063835,0.2515225350049735
kanpur_industrial,2021-11-08,2021,26.375,80.275,0.00029718636757893486,0.26172251018935444
kanpur_industrial,2021-11-08,2021,26.375,80.325,0.00016896447270649037,0.22085016735300242
kanpur_industrial,2021-11-08,2021,26.375,80.375,0.00020462679272119987,0.22587245789116764
kanpur_industrial,2021-11-08,2021,26.375,80.425,0.0002918709764182104,0.21199328493541153
kanpur_industrial,2021-11-08,2021,26.375,80.475,0.00036923499983235544,0.19291703623205778
kanpur_industrial,2021-11-08,2021,26.375,80.525,0.00035729789633045204,0.1863029468039039
kanpur_industrial,2021-11-08,2021,26.425,80.175,0.00033441611646908755,0.25263810965832817
kanpur_industrial,2021-11-08,2021,26.425,80.225,0.0003889921487596643,0.23219387941177347
kanpur_industrial,2021-11-08,2021,26.425,80.275,0.00035363581906083016,0.22535598075592514
kanpur_industrial,2021-11-08,2021,26.425,80.325,0.0002994702075580312,0.1984397072287826
kanpur_industrial,2021-11-08,2021,26.425,80.375,0.00032975423286145145,0.19903445299787478
kanpur_industrial,2021-11-08,2021,26.425,80.425,0.0003020259839072727,0.19105344208173553
kanpur_industrial,2021-11-08,2021,26.425,80.475,0.00027399818634808113,0.17926609348425399
kanpur_industrial,2021-11-08,2021,26.425,80.525,0.00032820765538111885,0.1694707754316477
kanpur_industrial,2021-11-08,2021,26.425,80.55,0.0003389733351025256,0.17570000420720708
kanpur_industrial,2021-11-08,2021,26.475,80.175,0.00026524898090892564,0.2407043690760997
kanpur_industrial,2021-11-08,2021,26.475,80.225,0.00029101483617150376,0.221913008337472
kanpur_industrial,2021-11-08,2021,26.475,80.275,0.0002832077601859378,0.2018571603262826
kanpur_industrial,2021-11-08,2021,26.475,80.325,0.0002275716342799945,0.1865636267412784
kanpur_industrial,2021-11-08,2021,26.475,80.375,0.0002573950920323244,0.1816183434931022
kanpur_industrial,2021-11-08,2021,26.475,80.425,0.0002419805731100633,0.17662822748646534
kanpur_industrial,2021-11-08,2021,26.475,80.475,0.00023860221730934552,0.17186835700910189
kanpur_industrial,2021-11-08,2021,26.475,80.525,0.0003267753881706997,0.1669367969000071
kanpur_industrial,2021-11-08,2021,26.475,80.55,0.0003263835698145537,0.16681913941056253
kanpur_industrial,2021-11-08,2021,26.525,80.175,0.00021382188468679436,0.22361788963568663
kanpur_industrial,2021-11-08,2021,26.525,80.225,0.00021390891963385484,0.20993871524416152
kanpur_industrial,2021-11-08,2021,26.525,80.275,0.00023587260185879333,0.18393448047269817
kanpur_industrial,2021-11-08,2021,26.525,80.325,0.00017259367099504736,0.1759572932765466
kanpur_industrial,2021-11-08,2021,26.525,80.375,0.00020920042575467228,0.16526250102442244
kanpur_industrial,2021-11-08,2021,26.525,80.425,0.00022359422775459202,0.16232450989482652
kanpur_industrial,2021-11-08,2021,26.525,80.475,0.0002543133115391633,0.16486775649424737
kanpur_industrial,2021-11-08,2021,26.525,80.525,0.000368526511387125,0.16976140568649517
kanpur_industrial,2021-11-08,2021,26.525,80.55,0.00039872872310509126,0.17077360749035048
kanpur_industrial,2021-11-08,2021,26.575,80.175,0.00023837132634201897,0.20705492094199382
kanpur_industrial,2021-11-08,2021,26.575,80.225,0.0002691449741304943,0.19037561920818502
kanpur_industrial,2021-11-08,2021,26.575,80.275,0.0003072633417482282,0.16886526454150974
kanpur_industrial,2021-11-08,2021,26.575,80.325,0.000270263092747312,0.16155229529129514
kanpur_industrial,2021-11-08,2021,26.575,80.375,0.0003285791501475311,0.14583166772918282
kanpur_industrial,2021-11-08,2021,26.575,80.425,0.0003167611420403288,0.14521857531684984
kanpur_industrial,2021-11-08,2021,26.575,80.475,0.00031936585466570274,0.1555079374714766
kanpur_industrial,2021-11-08,2021,26.575,80.525,0.0004630735823664207,0.17298740370070267
kanpur_industrial,2021-11-08,2021,26.575,80.55,0.00037471915688553015,0.17226223499474666
kanpur_industrial,2021-11-10,2021,26.325,80.175,0.00016197155941681293,0.2094930255889643
kanpur_industrial,2021-11-10,2021,26.325,80.225,0.00027532581793815946,0.22803940055162084
kanpur_industrial,2021-11-10,2021,26.325,80.275,0.00040291615363180277,0.2387579732696669
kanpur_industrial,2021-11-10,2021,26.325,80.325,0.0003698447282289547,0.25532781169573027
kanpur_industrial,2021-11-10,2021,26.325,80.375,0.00030114851601376616,0.2592906866459454
kanpur_industrial,2021-11-10,2021,26.325,80.425,0.0002634125807804165,0.2651781541882171
kanpur_industrial,2021-11-10,2021,26.325,80.475,0.00029325582724045574,0.2698817990747699
kanpur_industrial,2021-11-10,2021,26.325,80.525,0.00045570825393891453,0.2688463225173705
kanpur_industrial,2021-11-10,2021,26.325,80.55,0.00036523123159764984,0.2613465137701785
kanpur_industrial,2021-11-10,2021,26.375,80.175,0.0003131226313758361,0.184479688161937
kanpur_industrial,2021-11-10,2021,26.375,80.225,0.0003291514041693781,0.19407513999427137
kanpur_industrial,2021-11-10,2021,26.375,80.275,0.00023958025644911092,0.20382612296424837
kanpur_industrial,2021-11-10,2021,26.375,80.325,0.0003280812993138695,0.24656804823128325
kanpur_industrial,2021-11-10,2021,26.375,80.375,0.00036917507744182055,0.25503780009777255
kanpur_industrial,2021-11-10,2021,26.375,80.425,0.00036102254237181306,0.26000142430408707
kanpur_industrial,2021-11-10,2021,26.375,80.475,0.0003208222932204846,0.26019393596043927
kanpur_industrial,2021-11-10,2021,26.375,80.525,0.0002661373499857884,0.25313243752325393
kanpur_industrial,2021-11-10,2021,26.425,80.175,0.0002146211541881553,0.17612618977116154
kanpur_industrial,2021-11-10,2021,26.425,80.225,0.00029331203734890397,0.1804840124632427
kanpur_industrial,2021-11-10,2021,26.425,80.275,0.0003270208026836766,0.19176318308054793
kanpur_industrial,2021-11-10,2021,26.425,80.325,0.00025659367771264387,0.2218409741639398
kanpur_industrial,2021-11-10,2021,26.425,80.375,0.00023981827954269925,0.22884399001494873
kanpur_industrial,2021-11-10,2021,26.425,80.425,0.00029911730916156896,0.23111927014830264
kanpur_industrial,2021-11-10,2021,26.425,80.475,0.0003334389209404991,0.22538751087913092
kanpur_industrial,2021-11-10,2021,26.425,80.525,0.0002011794314059798,0.2063876709055867
kanpur_industrial,2021-11-10,2021,26.425,80.55,0.00022521897607724755,0.22368691524440842
kanpur_industrial,2021-11-10,2021,26.475,80.175,0.00016573854008784583,0.17601014370139995
kanpur_industrial,2021-11-10,2021,26.475,80.225,0.00023998966135169858,0.1779185168409472
kanpur_industrial,2021-11-10,2021,26.475,80.275,0.00027268566281439587,0.18778376229560467
kanpur_industrial,2021-11-10,2021,26.475,80.325,0.00025406545414630177,0.21063757016171974
kanpur_industrial,2021-11-10,2021,26.475,80.375,0.00021657072834536852,0.21534300666292377
kanpur_industrial,2021-11-10,2021,26.475,80.425,0.0002696998041556946,0.21068223271585032
kanpur_industrial,2021-11-10,2021,26.475,80.475,0.0003136660330431501,0.1980419923274278
kanpur_industrial,2021-11-10,2021,26.475,80.525,0.00020849286515182684,0.1763134209397821
kanpur_industrial,2021-11-10,2021,26.475,80.55,0.00020694568554244122,0.17745997729026808
kanpur_industrial,2021-11-10,2021,26.525,80.175,0.0001508190637748407,0.17703743566090693
kanpur_industrial,2021-11-10,2021,26.525,80.225,0.00018155277416429314,0.17412132862792234
kanpur_industrial,2021-11-10,2021,26.525,80.275,0.00020204927921204036,0.17686782595991554
kanpur_industrial,2021-11-10,2021,26.525,80.325,0.0003144289484041659,0.1867265680504583
kanpur_industrial,2021-11-10,2021,26.525,80.375,0.00030526811664397923,0.18759450002319253
kanpur_industrial,2021-11-10,2021,26.525,80.425,0.00030560305726594675,0.17680019502230054
kanpur_industrial,2021-11-10,2021,26.525,80.475,0.00030145747322200936,0.16267557280451908
kanpur_industrial,2021-11-10,2021,26.525,80.525,0.0002798705040944125,0.15206446501171064
kanpur_industrial,2021-11-10,2021,26.525,80.55,0.000321579829867268,0.1449186803294587
kanpur_industrial,2021-11-10,2021,26.575,80.175,0.00016604456139771327,0.1749578737420554
kanpur_industrial,2021-11-10,2021,26.575,80.225,0.00012536350594378673,0.16188590379289788
kanpur_industrial,2021-11-10,2021,26.575,80.275,0.00018991163049402105,0.14989663417964616
kanpur_industrial,2021-11-10,2021,26.575,80.325,0.00043180918681293216,0.13523133207872493
kanpur_industrial,2021-11-10,2021,26.575,80.375,0.0005170605434338069,0.12840869826150839
kanpur_industrial,2021-11-10,2021,26.575,80.425,0.00043271791643631117,0.11697659146244922
kanpur_industrial,2021-11-10,2021,26.575,80.475,0.0003287570664154544,0.1116792566869306
kanpur_industrial,2021-11-10,2021,26.575,80.525,0.0004131579155217525,0.12916479410706178
kanpur_industrial,2021-11-10,2021,26.575,80.55,0.00039712987895405003,0.1293986015686463
kanpur_industrial,2021-11-11,2021,26.325,80.175,0.00032956323391428595,5.501844269527127e-05
kanpur_industrial,2021-11-11,2021,26.325,80.225,0.0003702291562987055,0.00011314631384956854
kanpur_industrial,2021-11-11,2021,26.325,80.275,0.0002721306600489579,0.00021669729983527427
kanpur_industrial,2021-11-11,2021,26.325,80.325,0.00018680229924800476,0.013877600980740529
kanpur_industrial,2021-11-11,2021,26.325,80.375,0.00015456107114181835,0.03997236930721504
kanpur_industrial,2021-11-11,2021,26.325,80.425,0.0002912721613212255,0.05591713375814024
kanpur_industrial,2021-11-11,2021,26.325,80.475,0.0003844307749563328,0.06075403424856814
kanpur_industrial,2021-11-11,2021,26.325,80.525,0.00013254171780525606,0.0526722645014598
kanpur_industrial,2021-11-11,2021,26.325,80.55,0.00010030607897253519,0.054417763150125815
kanpur_industrial,2021-11-11,2021,26.375,80.175,0.00035681450629500625,0.0014792916470100803
kanpur_industrial,2021-11-11,2021,26.375,80.225,0.0003066587150290866,0.0031932433862764506
kanpur_industrial,2021-11-11,2021,26.375,80.275,0.00021066788868436402,0.0049840378962113085
kanpur_industrial,2021-11-11,2021,26.375,80.325,0.000198903756969284,0.010699832838483029
kanpur_industrial,2021-11-11,2021,26.375,80.375,0.00023673834334406152,0.022829671419066503
kanpur_industrial,2021-11-11,2021,26.375,80.425,0.00023088806743590655,0.017024967814649218
kanpur_industrial,2021-11-11,2021,26.375,80.475,0.0001780370767997054,0.016850987378207855
kanpur_industrial,2021-11-11,2021,26.375,80.525,6.500037929860279e-05,0.05632949976533145
kanpur_industrial,2021-11-11,2021,26.425,80.175,0.00023134331902655098,0.004846267710682475
kanpur_industrial,2021-11-11,2021,26.425,80.225,0.0002443034401347533,0.0028022531996313676
kanpur_industrial,2021-11-11,2021,26.425,80.275,0.00037031473452045147,0.009261729339508699
kanpur_industrial,2021-11-11,2021,26.425,80.325,0.0003682719155964741,0.01775118072724499
kanpur_industrial,2021-11-11,2021,26.425,80.375,0.00028720324693992465,0.009077493957260372
kanpur_industrial,2021-11-11,2021,26.425,80.425,0.0002456871012825144,0.003656452269581978
kanpur_industrial,2021-11-11,2021,26.425,80.475,0.00020946842279386498,0.0044774926381272746
kanpur_industrial,2021-11-11,2021,26.425,80.525,0.0001260296736079548,0.016411337374427574
kanpur_industrial,2021-11-11,2021,26.425,80.55,0.00010344402925724972,0.03118420062145499
kanpur_industrial,2021-11-11,2021,26.475,80.175,0.0001440750786945003,0.003362931196970129
kanpur_industrial,2021-11-11,2021,26.475,80.225,0.00016576312783717564,0.0012546259411589493
kanpur_industrial,2021-11-11,2021,26.475,80.275,0.0003041500256332682,0.004832261861445758
kanpur_industrial,2021-11-11,2021,26.475,80.325,0.0003730518383400964,0.009143961754740365
kanpur_industrial,2021-11-11,2021,26.475,80.375,0.00033493023714944824,0.0025819041808254335
kanpur_industrial,2021-11-11,2021,26.475,80.425,0.00026541187539451904,8.879688939681681e-05
kanpur_industrial,2021-11-11,2021,26.475,80.475,0.00020618017124477103,0.003415495808450385
kanpur_industrial,2021-11-11,2021,26.475,80.525,0.00021303472424095366,0.016162943714927627
kanpur_industrial,2021-11-11,2021,26.475,80.55,0.00020848462252423484,0.01551547589742274
kanpur_industrial,2021-11-11,2021,26.525,80.175,0.0001462759041935336,0.010244006570661867
kanpur_industrial,2021-11-11,2021,26.525,80.225,0.00016743728855663192,0.0018832469316998795
kanpur_industrial,2021-11-11,2021,26.525,80.275,0.00022721547013959738,0
kanpur_industrial,2021-11-11,2021,26.525,80.325,0.0002959861642782734,0
kanpur_industrial,2021-11-11,2021,26.525,80.375,0.00034097107932771505,0
kanpur_industrial,2021-11-11,2021,26.525,80.425,0.0002645446131850381,0
kanpur_industrial,2021-11-11,2021,26.525,80.475,0.00018031513055501177,0.004281954465417579
kanpur_industrial,2021-11-11,2021,26.525,80.525,0.00024088032705645279,0.019863303709558203
kanpur_industrial,2021-11-11,2021,26.525,80.55,0.00021250884488989842,0.01560877527361799
kanpur_industrial,2021-11-11,2021,26.575,80.175,0.0002817368633091445,0.03457602797104581
kanpur_industrial,2021-11-11,2021,26.575,80.225,0.0003158847697329635,0.006875324455002507
kanpur_industrial,2021-11-11,2021,26.575,80.275,0.0002697888721413919,0
kanpur_industrial,2021-11-11,2021,26.575,80.325,0.00018380925808365124,0
kanpur_industrial,2021-11-11,2021,26.575,80.375,0.0002728987270680158,0
kanpur_industrial,2021-11-11,2021,26.575,80.425,0.00022416104595894006,0
kanpur_industrial,2021-11-11,2021,26.575,80.475,0.000137687263485604,0.001322918798868419
kanpur_industrial,2021-11-11,2021,26.575,80.525,0.00015070660327617794,0.006306536351197028
kanpur_industrial,2021-11-11,2021,26.575,80.55,0.00018075529710538852,0.009466945079088913
kanpur_industrial,2021-11-12,2021,26.325,80.175,0.0003039283413654082,0.0566241306385991
kanpur_industrial,2021-11-12,2021,26.325,80.225,0.0002822534921416472,0.08670849599541193
kanpur_industrial,2021-11-12,2021,26.325,80.275,0.00013099477307135465,0.10327172094088607
kanpur_industrial,2021-11-12,2021,26.325,80.325,0.0001419725207670851,0.1841688789627291
kanpur_industrial,2021-11-12,2021,26.325,80.375,-1.2967127678310004e-06,0.16475454041450385
kanpur_industrial,2021-11-12,2021,26.325,80.425,7.193732177178817e-06,0.13176614899725486
kanpur_industrial,2021-11-12,2021,26.325,80.475,0.00011246952006212163,0.09872112726201746
kanpur_industrial,2021-11-12,2021,26.325,80.525,0.0002617533620237563,0.08186030565606386
kanpur_industrial,2021-11-12,2021,26.325,80.55,0.00023857899344955735,0.06859147769513385
kanpur_industrial,2021-11-12,2021,26.375,80.175,0.0002280003485011367,0.031143456358192826
kanpur_industrial,2021-11-12,2021,26.375,80.225,0.00012670470994751966,0.06758374958038707
kanpur_industrial,2021-11-12,2021,26.375,80.275,4.6937913767897334e-05,0.08705533305819317
kanpur_industrial,2021-11-12,2021,26.375,80.325,0.0003223265227848309,0.14091899103879518
kanpur_industrial,2021-11-12,2021,26.375,80.375,0.00031586661992540874,0.15258349834963394
kanpur_industrial,2021-11-12,2021,26.375,80.425,0.0002524682643076773,0.1354301528636983
kanpur_industrial,2021-11-12,2021,26.375,80.475,0.0001923497412203082,0.09957175120928015
kanpur_industrial,2021-11-12,2021,26.375,80.525,0.0002131975421540061,0.054058951833162894
kanpur_industrial,2021-11-12,2021,26.425,80.175,0.00021899172631695464,0.019459782849706425
kanpur_industrial,2021-11-12,2021,26.425,80.225,0.00017919865377362748,0.04553485608703648
kanpur_industrial,2021-11-12,2021,26.425,80.275,0.00010606111085717686,0.06786862526954084
kanpur_industrial,2021-11-12,2021,26.425,80.325,0.0002209324122595408,0.10966227036511736
kanpur_industrial,2021-11-12,2021,26.425,80.375,0.00021806156495932165,0.1301109090337763
kanpur_industrial,2021-11-12,2021,26.425,80.425,0.00019099617343642136,0.12320570282866268
kanpur_industrial,2021-11-12,2021,26.425,80.475,0.00017265732621913883,0.1027127714926416
kanpur_industrial,2021-11-12,2021,26.425,80.525,0.00020755699275981093,0.0850276857768414
kanpur_industrial,2021-11-12,2021,26.425,80.55,0.00020964444017341067,0.07356681573469268
kanpur_industrial,2021-11-12,2021,26.475,80.175,0.00019657092824494908,0.010855508962528742
kanpur_industrial,2021-11-12,2021,26.475,80.225,0.00017997915689563972,0.03020214061004883
kanpur_industrial,2021-11-12,2021,26.475,80.275,7.950498609335342e-05,0.057354816387115745
kanpur_industrial,2021-11-12,2021,26.475,80.325,7.307360380531858e-05,0.0659315475990965
kanpur_industrial,2021-11-12,2021,26.475,80.375,6.047542319122435e-05,0.07974588847734723
kanpur_industrial,2021-11-12,2021,26.475,80.425,0.00012076661684790803,0.09289925699965124
kanpur_industrial,2021-11-12,2021,26.475,80.475,0.0002159326404198044,0.09933838449550353
kanpur_industrial,2021-11-12,2021,26.475,80.525,0.0003023616357805868,0.08813734096148086
kanpur_industrial,2021-11-12,2021,26.475,80.55,0.0002962048144232293,0.08845310099300503
kanpur_industrial,2021-11-12,2021,26.525,80.175,0.00017112747882674936,0.021417476585702987
kanpur_industrial,2021-11-12,2021,26.525,80.225,0.00016292879702038433,0.03558777987571232
kanpur_industrial,2021-11-12,2021,26.525,80.275,7.571233096895798e-05,0.05405144305055256
kanpur_industrial,2021-11-12,2021,26.525,80.325,7.536569340007402e-05,0.025186876599198816
kanpur_industrial,2021-11-12,2021,26.525,80.375,3.634750325686796e-06,0.029515504364985398
kanpur_industrial,2021-11-12,2021,26.525,80.425,9.377376389301338e-05,0.05853348021405565
kanpur_industrial,2021-11-12,2021,26.525,80.475,0.0002427772918110437,0.08928488797910315
kanpur_industrial,2021-11-12,2021,26.525,80.525,0.0003275859684299881,0.08919649295470339
kanpur_industrial,2021-11-12,2021,26.525,80.55,0.0002788648374944558,0.09364697993378124
kanpur_industrial,2021-11-12,2021,26.575,80.175,0.00015087266204188225,0.06327150824125449
kanpur_industrial,2021-11-12,2021,26.575,80.225,0.00014830559873126273,0.07242234913291891
kanpur_industrial,2021-11-12,2021,26.575,80.275,0.00016109382045006963,0.057911575873074383
kanpur_industrial,2021-11-12,2021,26.575,80.325,0.00035910763314792754,0.00036304643074351833
kanpur_industrial,2021-11-12,2021,26.575,80.375,0.00017019326313564456,0
kanpur_industrial,2021-11-12,2021,26.575,80.425,0.000150569916585501,0.030379934450180772
kanpur_industrial,2021-11-12,2021,26.575,80.475,0.00019793316166984604,0.07233184162917894
kanpur_industrial,2021-11-12,2021,26.575,80.525,0.0001709311378465682,0.10365092039823517
kanpur_industrial,2021-11-12,2021,26.575,80.55,0.00015220152478726603,0.11100175273618682
kanpur_industrial,2021-11-13,2021,26.325,80.175,0.00022180452798532943,0.23114229598610186
kanpur_industrial,2021-11-13,2021,26.325,80.225,0.00032389802006603063,0.22511664999057596
kanpur_industrial,2021-11-13,2021,26.325,80.275,0.0003831586754324369,0.21607736129751307
kanpur_industrial,2021-11-13,2021,26.325,80.325,0.00033046869644874215,0.19137449406739948
kanpur_industrial,2021-11-13,2021,26.325,80.375,0.00031918477971719627,0.1861270771539281
kanpur_industrial,2021-11-13,2021,26.325,80.425,0.0002906757182675365,0.16718052822408097
kanpur_industrial,2021-11-13,2021,26.325,80.475,0.00027499828801010924,0.14592493067555226
kanpur_industrial,2021-11-13,2021,26.325,80.525,0.00031799103542077775,0.13685736958285363
kanpur_industrial,2021-11-13,2021,26.325,80.55,0.0002934191596479695,0.14387705331906603
kanpur_industrial,2021-11-13,2021,26.375,80.175,0.00012263433343499963,0.23040992493176432
kanpur_industrial,2021-11-13,2021,26.375,80.225,0.0001936995689345032,0.2256881722340522
kanpur_industrial,2021-11-13,2021,26.375,80.275,0.00016027348222221312,0.2228492109203207
kanpur_industrial,2021-11-13,2021,26.375,80.325,0.00027881887432905237,0.20893538442279153
kanpur_industrial,2021-11-13,2021,26.375,80.375,0.00030124443511620207,0.2042176037219121
kanpur_industrial,2021-11-13,2021,26.375,80.425,0.0002748888126614796,0.19180450522738082
kanpur_industrial,2021-11-13,2021,26.375,80.475,0.0002438190586943509,0.17389981616549016
kanpur_industrial,2021-11-13,2021,26.375,80.525,0.0002665071052301318,0.15156527836348915
kanpur_industrial,2021-11-13,2021,26.425,80.175,0.00023094221263992518,0.25271089198040836
kanpur_industrial,2021-11-13,2021,26.425,80.225,0.0002749858884198923,0.24956433014444218
kanpur_industrial,2021-11-13,2021,26.425,80.275,0.000255831584831497,0.24457324635232391
kanpur_industrial,2021-11-13,2021,26.425,80.325,0.00025309252672623593,0.23023781583968
kanpur_industrial,2021-11-13,2021,26.425,80.375,0.000277868628433668,0.21986884173708163
kanpur_industrial,2021-11-13,2021,26.425,80.425,0.0003117748218251823,0.2040323759837669
kanpur_industrial,2021-11-13,2021,26.425,80.475,0.00031788926758554624,0.18700940650626868
kanpur_industrial,2021-11-13,2021,26.425,80.525,0.00024215985663587737,0.17309384229283073
kanpur_industrial,2021-11-13,2021,26.425,80.55,0.00025117025572194004,0.16512657847646023
kanpur_industrial,2021-11-13,2021,26.475,80.175,0.0002211711937388627,0.2663327979168586
kanpur_industrial,2021-11-13,2021,26.475,80.225,0.00025388732270277846,0.2644830426807163
kanpur_industrial,2021-11-13,2021,26.475,80.275,0.0002660011380377501,0.25793179740018685
kanpur_industrial,2021-11-13,2021,26.475,80.325,0.0002501892888649318,0.24497746117584354
kanpur_industrial,2021-11-13,2021,26.475,80.375,0.0002626235232785995,0.2289507699406252
kanpur_industrial,2021-11-13,2021,26.475,80.425,0.00029162558988871735,0.21262646361363285
kanpur_industrial,2021-11-13,2021,26.475,80.475,0.0002922905959859402,0.19720028805183762
kanpur_industrial,2021-11-13,2021,26.475,80.525,0.00019472251060603048,0.18336513820664346
kanpur_industrial,2021-11-13,2021,26.475,80.55,0.000197351695790245,0.18306601113810078
kanpur_industrial,2021-11-13,2021,26.525,80.175,0.00018211494037210623,0.27726329134531674
kanpur_industrial,2021-11-13,2021,26.525,80.225,0.0002155828955522334,0.2740398514989955
kanpur_industrial,2021-11-13,2021,26.525,80.275,0.0002381869806913766,0.27297270162120696
kanpur_industrial,2021-11-13,2021,26.525,80.325,0.00025598806925755235,0.2533265073396899
kanpur_industrial,2021-11-13,2021,26.525,80.375,0.00025842254764488497,0.2371908057280544
kanpur_industrial,2021-11-13,2021,26.525,80.425,0.0002720288631252507,0.22044189384314078
kanpur_industrial,2021-11-13,2021,26.525,80.475,0.00025607435712791656,0.20378479112712808
kanpur_industrial,2021-11-13,2021,26.525,80.525,0.00014610374120738087,0.1875311231402206
kanpur_industrial,2021-11-13,2021,26.525,80.55,0.0001355135613933656,0.18760327655046916
kanpur_industrial,2021-11-13,2021,26.575,80.175,0.00015036922732151526,0.2994063547900727
kanpur_industrial,2021-11-13,2021,26.575,80.225,0.00019822394679474832,0.29507990549087687
kanpur_industrial,2021-11-13,2021,26.575,80.275,0.00019835320566201272,0.2951098676349912
kanpur_industrial,2021-11-13,2021,26.575,80.325,0.0002608614311834696,0.2543646405526131
kanpur_industrial,2021-11-13,2021,26.575,80.375,0.0002688762544903645,0.2472808912312032
kanpur_industrial,2021-11-13,2021,26.575,80.425,0.0002900950897808609,0.2285772039730279
kanpur_industrial,2021-11-13,2021,26.575,80.475,0.000268461508357718,0.20577486884966145
kanpur_industrial,2021-11-13,2021,26.575,80.525,0.0001120582595100452,0.1878113879370059
kanpur_industrial,2021-11-13,2021,26.575,80.55,0.00010820202102221826,0.18972155032768223
kanpur_industrial,2021-11-15,2021,26.325,80.175,0.00023685870563485616,0.20088006507386147
kanpur_industrial,2021-11-15,2021,26.325,80.225,0.00033641216437254467,0.2078358044285516
kanpur_industrial,2021-11-15,2021,26.325,80.275,0.000460945004077289,0.21808856688845416
kanpur_industrial,2021-11-15,2021,26.325,80.325,0.00030893287034060253,0.22731099772806787
kanpur_industrial,2021-11-15,2021,26.325,80.375,0.00015820690682058844,0.22997839483950575
kanpur_industrial,2021-11-15,2021,26.325,80.425,0.0001977101325096052,0.2278677586826313
kanpur_industrial,2021-11-15,2021,26.325,80.475,0.00026929190357263485,0.21972328599140645
kanpur_industrial,2021-11-15,2021,26.325,80.525,0.00015739595754732806,0.20202545033333613
kanpur_industrial,2021-11-15,2021,26.325,80.55,0.0001724455653449647,0.2066458371996585
kanpur_industrial,2021-11-15,2021,26.375,80.175,0.00025907926340495464,0.19203439851859214
kanpur_industrial,2021-11-15,2021,26.375,80.225,0.0002975118300233782,0.1950072703537781
kanpur_industrial,2021-11-15,2021,26.375,80.275,0.0003598074511297512,0.20111610060623689
kanpur_industrial,2021-11-15,2021,26.375,80.325,0.0002373819913052973,0.2234678984693457
kanpur_industrial,2021-11-15,2021,26.375,80.375,0.0002626303009018897,0.22843819913290975
kanpur_industrial,2021-11-15,2021,26.375,80.425,0.0003103689795379053,0.22928170804226441
kanpur_industrial,2021-11-15,2021,26.375,80.475,0.00031663284471537595,0.22467824024895555
kanpur_industrial,2021-11-15,2021,26.375,80.525,0.0001889284691233287,0.21170626091039252
kanpur_industrial,2021-11-15,2021,26.425,80.175,0.00029883134748486765,0.19262094931143664
kanpur_industrial,2021-11-15,2021,26.425,80.225,0.00038414204335442,0.194942903266121
kanpur_industrial,2021-11-15,2021,26.425,80.275,0.00037047757868637635,0.1993397703288681
kanpur_industrial,2021-11-15,2021,26.425,80.325,0.000213908519956817,0.2180969656862159
kanpur_industrial,2021-11-15,2021,26.425,80.375,0.0002210694872939925,0.2214265110699654
kanpur_industrial,2021-11-15,2021,26.425,80.425,0.0002905057347763332,0.2251031222026665
kanpur_industrial,2021-11-15,2021,26.425,80.475,0.00034855924907492943,0.2263730874203086
kanpur_industrial,2021-11-15,2021,26.425,80.525,0.00029565319953304443,0.22107075166736764
kanpur_industrial,2021-11-15,2021,26.425,80.55,0.0002561566457593701,0.2176051527258099
kanpur_industrial,2021-11-15,2021,26.475,80.175,0.00025279012685019774,0.19585403369223323
kanpur_industrial,2021-11-15,2021,26.475,80.225,0.00032059821326202556,0.19702139534632776
kanpur_industrial,2021-11-15,2021,26.475,80.275,0.0002866895418060331,0.19977537489953126
kanpur_industrial,2021-11-15,2021,26.475,80.325,0.0001608111402575395,0.21507044629091251
kanpur_industrial,2021-11-15,2021,26.475,80.375,0.00016701394672098094,0.21821161084962853
kanpur_industrial,2021-11-15,2021,26.475,80.425,0.0002654557395046956,0.22368321062073585
kanpur_industrial,2021-11-15,2021,26.475,80.475,0.0003578296939823539,0.2281039961670461
kanpur_industrial,2021-11-15,2021,26.475,80.525,0.00030908164631869377,0.22685128324801626
kanpur_industrial,2021-11-15,2021,26.475,80.55,0.00030999638432360006,0.22663721565630301
kanpur_industrial,2021-11-15,2021,26.525,80.175,0.00019961425799353184,0.20524386045084983
kanpur_industrial,2021-11-15,2021,26.525,80.225,0.000215652902011542,0.2037062922414438
kanpur_industrial,2021-11-15,2021,26.525,80.275,0.00019258264170136257,0.2016845171769156
kanpur_industrial,2021-11-15,2021,26.525,80.325,0.00011463398228241709,0.20890468071123783
kanpur_industrial,2021-11-15,2021,26.525,80.375,0.00013223470214097238,0.21206218340670502
kanpur_industrial,2021-11-15,2021,26.525,80.425,0.00019792919194771674,0.21915097217324042
kanpur_industrial,2021-11-15,2021,26.525,80.475,0.00027534290049782126,0.22687472993252006
kanpur_industrial,2021-11-15,2021,26.525,80.525,0.0003123864581043404,0.23034728866180526
kanpur_industrial,2021-11-15,2021,26.525,80.55,0.00032547545089111615,0.23082585500272734
kanpur_industrial,2021-11-15,2021,26.575,80.175,0.00019117512034529652,0.2232017603791025
kanpur_industrial,2021-11-15,2021,26.575,80.225,0.00013681823420544573,0.21669897471534258
kanpur_industrial,2021-11-15,2021,26.575,80.275,0.00014363193607797533,0.2046785335338783
kanpur_industrial,2021-11-15,2021,26.575,80.325,9.79151325673927e-05,0.19662542104510855
kanpur_industrial,2021-11-15,2021,26.575,80.375,0.00014182941711698405,0.1986187589664404
kanpur_industrial,2021-11-15,2021,26.575,80.425,6.997727986724849e-05,0.20786893238401757
kanpur_industrial,2021-11-15,2021,26.575,80.475,5.488086725834768e-05,0.22031798418497298
kanpur_industrial,2021-11-15,2021,26.575,80.525,0.00035785355514342314,0.2316934160428098
kanpur_industrial,2021-11-15,2021,26.575,80.55,0.0004947669400496238,0.2243650355834298
kanpur_industrial,2022-10-15,2022,26.325,80.175,0.00012377772819637586,0.21545345402266736
kanpur_industrial,2022-10-15,2022,26.325,80.225,0.00016753692807306044,0.23507697803671276
kanpur_industrial,2022-10-15,2022,26.325,80.275,9.285365426114644e-05,0.14672338161851894
kanpur_industrial,2022-10-15,2022,26.325,80.325,0.00017858037017207652,0.18826065693556748
kanpur_industrial,2022-10-15,2022,26.325,80.375,0.00017716868948577794,0.17591823105846488
kanpur_industrial,2022-10-15,2022,26.325,80.425,0.00012653805267868407,0.15821644935751045
kanpur_industrial,2022-10-15,2022,26.325,80.475,0.00019445243700778008,0.18825248972189032
kanpur_industrial,2022-10-15,2022,26.325,80.525,0.00021701564323945143,0.19522135105292393
kanpur_industrial,2022-10-15,2022,26.325,80.55,0.00017800813335194167,0.15189124185415628
kanpur_industrial,2022-10-15,2022,26.375,80.175,8.60629007636449e-05,0.13921299051986435
kanpur_industrial,2022-10-15,2022,26.375,80.225,7.58472786412134e-05,0.15456421958681696
kanpur_industrial,2022-10-15,2022,26.375,80.275,9.285365426114644e-05,0.14672338161851894
kanpur_industrial,2022-10-15,2022,26.375,80.325,0.00017804790609809556,0.18800266143670383
kanpur_industrial,2022-10-15,2022,26.375,80.375,0.00017713186303309193,0.1755962547312361
kanpur_industrial,2022-10-15,2022,26.375,80.425,0.00012073330316766098,0.1567364712299611
kanpur_industrial,2022-10-15,2022,26.375,80.475,7.619695269775429e-05,0.133204908433768
kanpur_industrial,2022-10-15,2022,26.375,80.525,0.00013528562252276428,0.10443445558883933
kanpur_industrial,2022-10-15,2022,26.425,80.175,0.00024980801062173176,0.20741031014980862
kanpur_industrial,2022-10-15,2022,26.425,80.225,0.0001737702482886995,0.24685389976938368
kanpur_industrial,2022-10-15,2022,26.425,80.275,0.0001719881590113716,0.22363133309051417
kanpur_industrial,2022-10-15,2022,26.425,80.325,0.0005901576554216591,0.2622481197768672
kanpur_industrial,2022-10-15,2022,26.425,80.375,0.0003491372973561947,0.1935115638678486
kanpur_industrial,2022-10-15,2022,26.425,80.425,0.00020032683461314172,0.1458328169283225
kanpur_industrial,2022-10-15,2022,26.425,80.475,0.00014891031990630127,0.1177241917263868
kanpur_industrial,2022-10-15,2022,26.425,80.525,0.00019671224548668795,0.10505468388651895
kanpur_industrial,2022-10-15,2022,26.425,80.55,0.00017397955824807054,0.10482515057950367
kanpur_industrial,2022-10-15,2022,26.475,80.175,0.00026612912487551264,0.22496768615131932
kanpur_industrial,2022-10-15,2022,26.475,80.225,0.0002346001591876484,0.27940379093303425
kanpur_industrial,2022-10-15,2022,26.475,80.275,0.0002158973143999597,0.2546606401190339
kanpur_industrial,2022-10-15,2022,26.475,80.325,0.0005584416457620823,0.265138091485451
kanpur_industrial,2022-10-15,2022,26.475,80.375,0.00034526036974567864,0.18589499472393214
kanpur_industrial,2022-10-15,2022,26.475,80.425,0.00023136009907947843,0.13907039409999697
kanpur_industrial,2022-10-15,2022,26.475,80.475,0.0002026108554993779,0.11746510741695858
kanpur_industrial,2022-10-15,2022,26.475,80.525,0.0002459396155686884,0.11212847288016288
kanpur_industrial,2022-10-15,2022,26.475,80.55,0.000243812131048058,0.11168638624987251
kanpur_industrial,2022-10-15,2022,26.525,80.175,0.00025164269777683366,0.2092346122016373
kanpur_industrial,2022-10-15,2022,26.525,80.225,0.00029422711652446834,0.2713021936906937
kanpur_industrial,2022-10-15,2022,26.525,80.275,0.0002989441714465304,0.2697853263533094
kanpur_industrial,2022-10-15,2022,26.525,80.325,0.00041723274249176097,0.24977172054280777
kanpur_industrial,2022-10-15,2022,26.525,80.375,0.0003128075043324094,0.18545669433052453
kanpur_industrial,2022-10-15,2022,26.525,80.425,0.0002647589828531788,0.1420224320045122
kanpur_industrial,2022-10-15,2022,26.525,80.475,0.00025276999489400487,0.11986595659740294
kanpur_industrial,2022-10-15,2022,26.525,80.525,0.0002535295643258313,0.12236133587264565
kanpur_industrial,2022-10-15,2022,26.525,80.55,0.00023575970208521453,0.1258490842004185
kanpur_industrial,2022-10-15,2022,26.575,80.175,0.00027276523180436114,0.16546973736032294
kanpur_industrial,2022-10-15,2022,26.575,80.225,0.0003704974338321219,0.228491417276453
kanpur_industrial,2022-10-15,2022,26.575,80.275,0.0004663340465610624,0.28331952129904237
kanpur_industrial,2022-10-15,2022,26.575,80.325,0.0003723327229678133,0.246448070678433
kanpur_industrial,2022-10-15,2022,26.575,80.375,0.0003378675660161059,0.21180323080323724
kanpur_industrial,2022-10-15,2022,26.575,80.425,0.0003274474447393291,0.15821094608953298
kanpur_industrial,2022-10-15,2022,26.575,80.475,0.00030098904991527936,0.11724199449301032
kanpur_industrial,2022-10-15,2022,26.575,80.525,0.00019719691948450323,0.13349720630942932
kanpur_industrial,2022-10-15,2022,26.575,80.55,0.00022169997352022624,0.13177983499803375
kanpur_industrial,2022-10-16,2022,26.325,80.175,0.00010362012066267854,0.21816009784302579
kanpur_industrial,2022-10-16,2022,26.325,80.225,9.566165559320881e-05,0.21779042898688147
kanpur_industrial,2022-10-16,2022,26.325,80.275,5.122911355100968e-05,0.2230634981346215
kanpur_industrial,2022-10-16,2022,26.325,80.325,3.5879877650528085e-05,0.22524828322180687
kanpur_industrial,2022-10-16,2022,26.325,80.375,7.732899654342226e-05,0.22593767396372544
kanpur_industrial,2022-10-16,2022,26.325,80.425,9.845329447378275e-05,0.17346971032217195
kanpur_industrial,2022-10-16,2022,26.325,80.475,0.00013240428046515119,0.11829617379645808
kanpur_industrial,2022-10-16,2022,26.325,80.525,0.00023956960154032758,0.12828007226671567
kanpur_industrial,2022-10-16,2022,26.325,80.55,0.00019588459602787222,0.12881891611281415
kanpur_industrial,2022-10-16,2022,26.375,80.175,9.199875648713943e-05,0.2433617057372535
kanpur_industrial,2022-10-16,2022,26.375,80.225,9.493326627714892e-05,0.25006652079399627
kanpur_industrial,2022-10-16,2022,26.375,80.375,0.0005304485747482309,0
kanpur_industrial,2022-10-16,2022,26.375,80.425,0.00030079783045404245,0
kanpur_industrial,2022-10-16,2022,26.375,80.475,7.152395621088016e-05,0.028132408352270842
kanpur_industrial,2022-10-16,2022,26.375,80.525,0.00014803911379994493,0.12940907842044586
kanpur_industrial,2022-10-16,2022,26.425,80.175,0.0001607188663757853,0.23796909624045076
kanpur_industrial,2022-10-16,2022,26.425,80.225,0.00013870796211416938,0.262041579715569
kanpur_industrial,2022-10-16,2022,26.425,80.275,0.0001064286750343748,0.2967140912858412
kanpur_industrial,2022-10-16,2022,26.425,80.325,0.00014894217269261663,0.2890018407028253
kanpur_industrial,2022-10-16,2022,26.425,80.375,0.00022760262427001245,0.1481179138740182
kanpur_industrial,2022-10-16,2022,26.425,80.425,0.00024206445777817914,0.10635114073217503
kanpur_industrial,2022-10-16,2022,26.425,80.475,0.00022183097448416015,0.10871778378757135
kanpur_industrial,2022-10-16,2022,26.425,80.525,0.0001791771391967824,0.11949788013472386
kanpur_industrial,2022-10-16,2022,26.425,80.55,0.00016765361798692916,0.12316580390975483
kanpur_industrial,2022-10-16,2022,26.475,80.175,0.00017040903241790213,0.20585721614616972
kanpur_industrial,2022-10-16,2022,26.475,80.225,0.00017283548968256932,0.22607798726658304
kanpur_industrial,2022-10-16,2022,26.475,80.275,0.00016516398100273666,0.24648609575072425
kanpur_industrial,2022-10-16,2022,26.475,80.325,0.00012162192728775481,0.20932480148757648
kanpur_industrial,2022-10-16,2022,26.475,80.375,0.0001254150400194886,0.156366766208405
kanpur_industrial,2022-10-16,2022,26.475,80.425,0.0001676336482921478,0.13146804969975853
kanpur_industrial,2022-10-16,2022,26.475,80.475,0.00019866024709407166,0.12377865699025549
kanpur_industrial,2022-10-16,2022,26.475,80.525,0.00014619467628574707,0.1174208758599518
kanpur_industrial,2022-10-16,2022,26.475,80.55,0.00014882146642975768,0.11738900486536011
kanpur_industrial,2022-10-16,2022,26.525,80.175,0.0001398665252735246,0.16633714080592057
kanpur_industrial,2022-10-16,2022,26.525,80.225,0.00015521711971443205,0.17694782979600887
kanpur_industrial,2022-10-16,2022,26.525,80.275,0.00017074100359315648,0.18424101954946587
kanpur_industrial,2022-10-16,2022,26.525,80.325,0.00012585028606513563,0.12142332596108948
kanpur_industrial,2022-10-16,2022,26.525,80.375,0.00012081563785849785,0.12471779006713421
kanpur_industrial,2022-10-16,2022,26.525,80.425,0.00014323482176876716,0.12097021346152428
kanpur_industrial,2022-10-16,2022,26.525,80.475,0.00016311210867627155,0.11633732334566674
kanpur_industrial,2022-10-16,2022,26.525,80.525,0.00014327238076758034,0.1173427833436463
kanpur_industrial,2022-10-16,2022,26.525,80.55,0.000170562410494676,0.11691747788768335
kanpur_industrial,2022-10-16,2022,26.575,80.175,7.815858696437436e-05,0.13284525597467184
kanpur_industrial,2022-10-16,2022,26.575,80.225,5.119621424354291e-05,0.13489332612869856
kanpur_industrial,2022-10-16,2022,26.575,80.275,5.118353568994698e-05,0.13518819311259375
kanpur_industrial,2022-10-16,2022,26.575,80.325,0.00020002240973838645,0.0726479843008877
kanpur_industrial,2022-10-16,2022,26.575,80.375,0.00021622008615696656,0.08508515947931075
kanpur_industrial,2022-10-16,2022,26.575,80.425,0.00021829820631241454,0.09911345696069433
kanpur_industrial,2022-10-16,2022,26.575,80.475,0.00021804072102721904,0.1108181127733096
kanpur_industrial,2022-10-16,2022,26.575,80.525,0.00022909595033348634,0.11571221530071371
kanpur_industrial,2022-10-16,2022,26.575,80.55,0.00016458761149320213,0.10528906972384752
kanpur_industrial,2022-10-17,2022,26.325,80.175,0.00011968577599031891,0.033567206683838065
kanpur_industrial,2022-10-17,2022,26.325,80.225,0.00010333920312958156,0.037513251183831954
kanpur_industrial,2022-10-17,2022,26.325,80.275,8.116963991459632e-05,0.031498746291171
kanpur_industrial,2022-10-17,2022,26.325,80.325,0.00012425935327947974,0.1172743754054432
kanpur_industrial,2022-10-17,2022,26.325,80.375,0.00015504534263672913,0.1330280884706129
kanpur_industrial,2022-10-17,2022,26.325,80.425,0.00011375909168455171,0.14433900748655745
kanpur_industrial,2022-10-17,2022,26.325,80.475,8.288477611832444e-05,0.15095763499983508
kanpur_industrial,2022-10-17,2022,26.325,80.525,0.00018120023612939012,0.15122197060963458
kanpur_industrial,2022-10-17,2022,26.325,80.55,0.00016011276755056002,0.13212656201172215
kanpur_industrial,2022-10-17,2022,26.375,80.175,0.00012427062323121298,0.028508735657691235
kanpur_industrial,2022-10-17,2022,26.375,80.225,0.00010351879584592903,0.008386777600193027
kanpur_industrial,2022-10-17,2022,26.375,80.275,4.865908046237335e-05,0.014342448677614486
kanpur_industrial,2022-10-17,2022,26.375,80.325,8.580275033705956e-05,0.08048842935871062
kanpur_industrial,2022-10-17,2022,26.375,80.375,0.0001155851138465269,0.11810445798764159
kanpur_industrial,2022-10-17,2022,26.375,80.425,8.598475065436775e-05,0.1344829714722384
kanpur_industrial,2022-10-17,2022,26.375,80.475,6.261376637709047e-05,0.13183316145165075
kanpur_industrial,2022-10-17,2022,26.375,80.525,0.000137016968630889,0.11121254307115143
kanpur_industrial,2022-10-17,2022,26.425,80.175,0.0001519760997124045,0.014647177182966273
kanpur_industrial,2022-10-17,2022,26.425,80.225,9.204989793203703e-05,0.009966123611571046
kanpur_industrial,2022-10-17,2022,26.425,80.275,7.917250763065055e-05,0.017754435194097185
kanpur_industrial,2022-10-17,2022,26.425,80.325,0.00011775773421181224,0.07615914208631701
kanpur_industrial,2022-10-17,2022,26.425,80.375,0.00010552343234969375,0.09429309503676779
kanpur_industrial,2022-10-17,2022,26.425,80.425,8.910644859848549e-05,0.10629992850917849
kanpur_industrial,2022-10-17,2022,26.425,80.475,7.53406476120999e-05,0.11154711931910873
kanpur_industrial,2022-10-17,2022,26.425,80.525,7.25749854508243e-05,0.10917598606757045
kanpur_industrial,2022-10-17,2022,26.425,80.55,9.642359339935218e-05,0.1099296725177146
kanpur_industrial,2022-10-17,2022,26.475,80.175,0.00017323495200546158,0.0052007625620810564
kanpur_industrial,2022-10-17,2022,26.475,80.225,0.0001167542197279964,0.004830763720913973
kanpur_industrial,2022-10-17,2022,26.475,80.275,0.00013463926380249258,0.008683702345188555
kanpur_industrial,2022-10-17,2022,26.475,80.325,0.00021006355745253145,0.041663385037254176
kanpur_industrial,2022-10-17,2022,26.475,80.375,0.0001879754057021925,0.05269532264416765
kanpur_industrial,2022-10-17,2022,26.475,80.425,0.00013733052291422834,0.06678509878462213
kanpur_industrial,2022-10-17,2022,26.475,80.475,9.789830002968678e-05,0.07747415808319481
kanpur_industrial,2022-10-17,2022,26.475,80.525,0.0001290194193828329,0.07407474353739062
kanpur_industrial,2022-10-17,2022,26.475,80.55,0.00012433871465396547,0.07628574727399387
kanpur_industrial,2022-10-17,2022,26.525,80.175,0.00017360902782420572,0
kanpur_industrial,2022-10-17,2022,26.525,80.225,0.00014078905563023742,0
kanpur_industrial,2022-10-17,2022,26.525,80.275,0.0001924191569786863,0
kanpur_industrial,2022-10-17,2022,26.525,80.325,0.00026609386889071314,0.008928923056789804
kanpur_industrial,2022-10-17,2022,26.525,80.375,0.0002430236563053438,0.016240941257117822
kanpur_industrial,2022-10-17,2022,26.525,80.425,0.0001796542344262269,0.03348185162298655
kanpur_industrial,2022-10-17,2022,26.525,80.475,0.00012936110143900215,0.050924619704175146
kanpur_industrial,2022-10-17,2022,26.525,80.525,0.0001672546204842792,0.05520557798050678
kanpur_industrial,2022-10-17,2022,26.525,80.55,0.0001460244032356876,0.06456358518466776
kanpur_industrial,2022-10-17,2022,26.575,80.175,0.00014287967051719125,0
kanpur_industrial,2022-10-17,2022,26.575,80.225,0.00014108332165835213,0
kanpur_industrial,2022-10-17,2022,26.575,80.275,0.00023543406844581742,0
kanpur_industrial,2022-10-17,2022,26.575,80.325,0.0002221943022864861,0
kanpur_industrial,2022-10-17,2022,26.575,80.375,0.00018950114474498972,0.0024280206871789287
kanpur_industrial,2022-10-17,2022,26.575,80.425,0.00018227552702838897,0.019623176730041138
kanpur_industrial,2022-10-17,2022,26.575,80.475,0.00016876782214045964,0.047713246174312635
kanpur_industrial,2022-10-17,2022,26.575,80.525,9.979369480500454e-05,0.08506368261313471
kanpur_industrial,2022-10-17,2022,26.575,80.55,0.00012288557428105694,0.07965067088599173
kanpur_industrial,2022-10-18,2022,26.325,80.175,0.00015131805571615852,0
kanpur_industrial,2022-10-18,2022,26.325,80.225,0.00014788508303051074,0
kanpur_industrial,2022-10-18,2022,26.325,80.275,0.00021510737013140328,0
kanpur_industrial,2022-10-18,2022,26.325,80.325,0.0002592182482708354,0.0004465475203174755
kanpur_industrial,2022-10-18,2022,26.325,80.375,0.0003452273669128373,0.0019010806043983637
kanpur_industrial,2022-10-18,2022,26.325,80.425,0.00037437015128685144,0.003058175268969615
kanpur_industrial,2022-10-18,2022,26.325,80.475,0.0003255010212387598,0.014603612655787513
kanpur_industrial,2022-10-18,2022,26.325,80.525,0.00015613037135993357,0.05439112816979704
kanpur_industrial,2022-10-18,2022,26.325,80.55,0.00029616689913905184,0.0577622163842465
kanpur_industrial,2022-10-18,2022,26.375,80.175,9.537723548034259e-05,0
kanpur_industrial,2022-10-18,2022,26.375,80.225,0.00013797888198101288,0
kanpur_industrial,2022-10-18,2022,26.375,80.275,0.00019720654328910488,0
kanpur_industrial,2022-10-18,2022,26.375,80.325,0.00040848953728522846,0.010143404188223046
kanpur_industrial,2022-10-18,2022,26.375,80.375,0.0003444750508967528,0.04247574336258871
kanpur_industrial,2022-10-18,2022,26.375,80.425,0.00028735486702686195,0.054135692517483285
kanpur_industrial,2022-10-18,2022,26.375,80.475,0.0002941725579753485,0.055642123762917446
kanpur_industrial,2022-10-18,2022,26.375,80.525,0.0004495402390876099,0.06145436061911973
kanpur_industrial,2022-10-18,2022,26.425,80.175,0.00015857826882893599,0
kanpur_industrial,2022-10-18,2022,26.425,80.225,0.00018823174135271383,0
kanpur_industrial,2022-10-18,2022,26.425,80.275,0.000198200675869752,0
kanpur_industrial,2022-10-18,2022,26.425,80.325,0.00024776801339245136,0.0021051525957823847
kanpur_industrial,2022-10-18,2022,26.425,80.375,0.0002818054486668729,0.008709347265199936
kanpur_industrial,2022-10-18,2022,26.425,80.425,0.0003119393966716536,0.01123542654190848
kanpur_industrial,2022-10-18,2022,26.425,80.475,0.00033555647276457964,0.01146811547491255
kanpur_industrial,2022-10-18,2022,26.425,80.525,0.00035002691049492845,0.012674961877693444
kanpur_industrial,2022-10-18,2022,26.425,80.55,0.0003868546777693853,0.030727180309559864
kanpur_industrial,2022-10-18,2022,26.475,80.175,0.00020767101477316138,0
kanpur_industrial,2022-10-18,2022,26.475,80.225,0.00022022824182621717,0
kanpur_industrial,2022-10-18,2022,26.475,80.275,0.00018080773582157674,0
kanpur_industrial,2022-10-18,2022,26.475,80.325,0.000159487810106192,0
kanpur_industrial,2022-10-18,2022,26.475,80.375,0.00022407626139747864,0
kanpur_industrial,2022-10-18,2022,26.475,80.425,0.000272547210204807,0
kanpur_industrial,2022-10-18,2022,26.475,80.475,0.0003042336505611077,0
kanpur_industrial,2022-10-18,2022,26.475,80.525,0.00031641376367898494,0
kanpur_industrial,2022-10-18,2022,26.475,80.55,0.00031690974554232176,0
kanpur_industrial,2022-10-18,2022,26.525,80.175,0.0002078780971967978,0
kanpur_industrial,2022-10-18,2022,26.525,80.225,0.00018501237915555786,0
kanpur_industrial,2022-10-18,2022,26.525,80.275,0.00014757750536974846,0
kanpur_industrial,2022-10-18,2022,26.525,80.325,0.00014870073683755704,0
kanpur_industrial,2022-10-18,2022,26.525,80.375,0.00019553010606557236,0
kanpur_industrial,2022-10-18,2022,26.525,80.425,0.00020968869141058585,0
kanpur_industrial,2022-10-18,2022,26.525,80.475,0.00021855583609151763,0
kanpur_industrial,2022-10-18,2022,26.525,80.525,0.00025904101517718834,0
kanpur_industrial,2022-10-18,2022,26.525,80.55,0.00021705825108276226,0
kanpur_industrial,2022-10-18,2022,26.575,80.175,0.00013379198461980094,0
kanpur_industrial,2022-10-18,2022,26.575,80.225,5.1671524667290584e-05,0
kanpur_industrial,2022-10-18,2022,26.575,80.275,0.00010136737315772185,0
kanpur_industrial,2022-10-18,2022,26.575,80.325,0.00022540826725933486,0
kanpur_industrial,2022-10-18,2022,26.575,80.375,0.000219068323033635,0
kanpur_industrial,2022-10-18,2022,26.575,80.425,0.0001509653307036601,0
kanpur_industrial,2022-10-18,2022,26.575,80.475,8.841241115752353e-05,0
kanpur_industrial,2022-10-18,2022,26.575,80.525,0.00012427269446267541,0
kanpur_industrial,2022-10-18,2022,26.575,80.55,0.0001167288047573888,0
kanpur_industrial,2022-10-19,2022,26.325,80.175,0.00028274410841402984,0
kanpur_industrial,2022-10-19,2022,26.325,80.225,0.00020825409110009042,0
kanpur_industrial,2022-10-19,2022,26.325,80.275,0.0001812350876380114,0
kanpur_industrial,2022-10-19,2022,26.325,80.325,0.00020292190392950214,0
kanpur_industrial,2022-10-19,2022,26.325,80.375,0.00026063662060471976,0
kanpur_industrial,2022-10-19,2022,26.325,80.425,0.00028184609493268957,0
kanpur_industrial,2022-10-19,2022,26.325,80.475,0.00024704275222141786,0
kanpur_industrial,2022-10-19,2022,26.325,80.525,0.00011772906887953501,0
kanpur_industrial,2022-10-19,2022,26.325,80.55,0.00022083974404616793,0
kanpur_industrial,2022-10-19,2022,26.375,80.175,0.0002795692166563369,0
kanpur_industrial,2022-10-19,2022,26.375,80.225,0.00034234526549550154,0
kanpur_industrial,2022-10-19,2022,26.375,80.275,0.0003899505668363488,0
kanpur_industrial,2022-10-19,2022,26.375,80.325,0.0002447010684029954,0
kanpur_industrial,2022-10-19,2022,26.375,80.375,0.00028459400406695364,0
kanpur_industrial,2022-10-19,2022,26.375,80.425,0.0003018438848217571,0
kanpur_industrial,2022-10-19,2022,26.375,80.475,0.00031081793407353875,0
kanpur_industrial,2022-10-19,2022,26.375,80.525,0.00033377048351438494,0
kanpur_industrial,2022-10-19,2022,26.425,80.175,0.00013603508693053545,0
kanpur_industrial,2022-10-19,2022,26.425,80.225,0.00030247960237324203,0
kanpur_industrial,2022-10-19,2022,26.425,80.275,0.00024869739161932994,0
kanpur_industrial,2022-10-19,2022,26.425,80.325,0.0003388650754892725,0
kanpur_industrial,2022-10-19,2022,26.425,80.375,0.00031406974941592904,0
kanpur_industrial,2022-10-19,2022,26.425,80.425,0.0003026212926403607,0
kanpur_industrial,2022-10-19,2022,26.425,80.475,0.00027852427986148467,0
kanpur_industrial,2022-10-19,2022,26.425,80.525,0.00020182819704794603,0
kanpur_industrial,2022-10-19,2022,26.425,80.55,0.00025065723219694315,0
kanpur_industrial,2022-10-19,2022,26.475,80.175,0.00015204183977550554,0
kanpur_industrial,2022-10-19,2022,26.475,80.225,0.0002595327375292342,0
kanpur_industrial,2022-10-19,2022,26.475,80.275,0.00016706410245892036,0
kanpur_industrial,2022-10-19,2022,26.475,80.325,0.00028493909056248454,0
kanpur_industrial,2022-10-19,2022,26.475,80.375,0.00029865058585022225,0
kanpur_industrial,2022-10-19,2022,26.475,80.425,0.0002671071300396923,0
kanpur_industrial,2022-10-19,2022,26.475,80.475,0.00021082799150537167,0
kanpur_industrial,2022-10-19,2022,26.475,80.525,0.00014661395818467993,0
kanpur_industrial,2022-10-19,2022,26.475,80.55,0.00014795250614772082,0
kanpur_industrial,2022-10-19,2022,26.525,80.175,0.00021471777250336562,0
kanpur_industrial,2022-10-19,2022,26.525,80.225,0.0002344668896448005,0
kanpur_industrial,2022-10-19,2022,26.525,80.275,0.00014299571769781324,0
kanpur_industrial,2022-10-19,2022,26.525,80.325,0.00021247183358654044,0
kanpur_industrial,2022-10-19,2022,26.525,80.375,0.00025853211094512295,0
kanpur_industrial,2022-10-19,2022,26.525,80.425,0.00022495938039219176,0
kanpur_industrial,2022-10-19,2022,26.525,80.475,0.0001592986392539421,0
kanpur_industrial,2022-10-19,2022,26.525,80.525,0.00011972896653947705,0
kanpur_industrial,2022-10-19,2022,26.525,80.55,0.00011256827635786542,0
kanpur_industrial,2022-10-19,2022,26.575,80.175,0.00025667586672621276,0
kanpur_industrial,2022-10-19,2022,26.575,80.225,0.00024165224011235073,0
kanpur_industrial,2022-10-19,2022,26.575,80.275,0.00018443393899095141,0
kanpur_industrial,2022-10-19,2022,26.575,80.325,0.0002036732266283492,0
kanpur_industrial,2022-10-19,2022,26.575,80.375,0.00020475815498408517,0
kanpur_industrial,2022-10-19,2022,26.575,80.425,0.00019450635786369966,0
kanpur_industrial,2022-10-19,2022,26.575,80.475,0.00016434433589580187,0
kanpur_industrial,2022-10-19,2022,26.575,80.525,9.894304206334129e-05,0
kanpur_industrial,2022-10-19,2022,26.575,80.55,0.00018347635184182254,0
kanpur_industrial,2022-10-20,2022,26.325,80.175,0.0002993822974035386,0
kanpur_industrial,2022-10-20,2022,26.325,80.225,0.0004432816074450254,0
kanpur_industrial,2022-10-20,2022,26.325,80.275,0.00041450598910815943,0
kanpur_industrial,2022-10-20,2022,26.325,80.325,0.00018610584549971724,0
kanpur_industrial,2022-10-20,2022,26.325,80.375,0.00015596284641597105,0
kanpur_industrial,2022-10-20,2022,26.325,80.425,7.94111670558779e-05,0
kanpur_industrial,2022-10-20,2022,26.325,80.475,7.689485800260623e-05,0
kanpur_industrial,2022-10-20,2022,26.325,80.525,0.0003400432501004412,0
kanpur_industrial,2022-10-20,2022,26.325,80.55,0.00035145096764636056,0
kanpur_industrial,2022-10-20,2022,26.375,80.175,0.00024627943009283826,0
kanpur_industrial,2022-10-20,2022,26.375,80.225,0.00027145296428597024,0
kanpur_industrial,2022-10-20,2022,26.375,80.275,0.00019663019237701587,0
kanpur_industrial,2022-10-20,2022,26.375,80.325,0.00026416452360110697,0
kanpur_industrial,2022-10-20,2022,26.375,80.375,0.000351409052275204,0
kanpur_industrial,2022-10-20,2022,26.375,80.425,0.0002715194403764464,0
kanpur_industrial,2022-10-20,2022,26.375,80.475,0.00019639414769454257,0
kanpur_industrial,2022-10-20,2022,26.375,80.525,0.0003639451344823675,0
kanpur_industrial,2022-10-20,2022,26.425,80.175,0.00014396587052037548,0
kanpur_industrial,2022-10-20,2022,26.425,80.225,0.00018272590085518183,0
kanpur_industrial,2022-10-20,2022,26.425,80.275,0.0002529655315014338,0
kanpur_industrial,2022-10-20,2022,26.425,80.325,0.00023180924900961336,0
kanpur_industrial,2022-10-20,2022,26.425,80.375,0.00027252362972761423,0
kanpur_industrial,2022-10-20,2022,26.425,80.425,0.0002992561449552879,0
kanpur_industrial,2022-10-20,2022,26.425,80.475,0.000320919985929874,0
kanpur_industrial,2022-10-20,2022,26.425,80.525,0.0003507101256440077,0
kanpur_industrial,2022-10-20,2022,26.425,80.55,0.000355608121040881,0
kanpur_industrial,2022-10-20,2022,26.475,80.175,0.00015486193316660896,0
kanpur_industrial,2022-10-20,2022,26.475,80.225,0.00019329020632258978,0
kanpur_industrial,2022-10-20,2022,26.475,80.275,0.00030027080926811194,0
kanpur_industrial,2022-10-20,2022,26.475,80.325,0.00027717505888518227,0
kanpur_industrial,2022-10-20,2022,26.475,80.375,0.0002811430768846263,0
kanpur_industrial,2022-10-20,2022,26.475,80.425,0.0002851520767808924,0
kanpur_industrial,2022-10-20,2022,26.475,80.475,0.0002927230170677415,0
kanpur_industrial,2022-10-20,2022,26.475,80.525,0.00031147283713995553,0
kanpur_industrial,2022-10-20,2022,26.475,80.55,0.00031376226141352427,0
kanpur_industrial,2022-10-20,2022,26.525,80.175,0.00022215464911767353,0
kanpur_industrial,2022-10-20,2022,26.525,80.225,0.00024990919427872037,0
kanpur_industrial,2022-10-20,2022,26.525,80.275,0.0003210125346983509,0
kanpur_industrial,2022-10-20,2022,26.525,80.325,0.00032305514165131914,0
kanpur_industrial,2022-10-20,2022,26.525,80.375,0.0003009308006192018,0
kanpur_industrial,2022-10-20,2022,26.525,80.425,0.00026964296028290913,0
kanpur_industrial,2022-10-20,2022,26.525,80.475,0.0002477682900568882,0
kanpur_industrial,2022-10-20,2022,26.525,80.525,0.0002624598212674793,0
kanpur_industrial,2022-10-20,2022,26.525,80.55,0.00024769922627778876,0
kanpur_industrial,2022-10-20,2022,26.575,80.175,0.00031284458912657565,0
kanpur_industrial,2022-10-20,2022,26.575,80.225,0.0003198564161048576,0
kanpur_industrial,2022-10-20,2022,26.575,80.275,0.0002997133032707499,0
kanpur_industrial,2022-10-20,2022,26.575,80.325,0.000316779930150716,0
kanpur_industrial,2022-10-20,2022,26.575,80.375,0.00028286364603528067,0
kanpur_industrial,2022-10-20,2022,26.575,80.425,0.00027871045100245,0
kanpur_industrial,2022-10-20,2022,26.575,80.475,0.0002723794418899089,0
kanpur_industrial,2022-10-20,2022,26.575,80.525,0.0002151075124064681,0
kanpur_industrial,2022-10-20,2022,26.575,80.55,0.00021364404046971512,0
kanpur_industrial,2022-10-21,2022,26.325,80.175,0.00019927965623562187,0.09688621576666019
kanpur_industrial,2022-10-21,2022,26.325,80.225,0.00011966310085559855,0.09749563111474104
kanpur_industrial,2022-10-21,2022,26.325,80.275,0.00014306093280858531,0.09815003343702709
kanpur_industrial,2022-10-21,2022,26.325,80.325,0.00023260265225789762,0.11412559283586787
kanpur_industrial,2022-10-21,2022,26.325,80.375,0.00012469816626794526,0.13275001269428918
kanpur_industrial,2022-10-21,2022,26.325,80.425,5.45009237019871e-05,0.14262341158396927
kanpur_industrial,2022-10-21,2022,26.325,80.475,3.741606171341932e-05,0.14266142612286456
kanpur_industrial,2022-10-21,2022,26.325,80.525,9.83879431270103e-05,0.129331593822291
kanpur_industrial,2022-10-21,2022,26.325,80.55,0.0001507079918691469,0.13811564780025137
kanpur_industrial,2022-10-21,2022,26.375,80.175,8.331504853800266e-05,0.08137540962261845
kanpur_industrial,2022-10-21,2022,26.375,80.225,8.240947264548858e-06,0.08197957848842814
kanpur_industrial,2022-10-21,2022,26.375,80.275,6.433190753995061e-05,0.08289618876110319
kanpur_industrial,2022-10-21,2022,26.375,80.325,0.00014039664325298694,0.1118770570214957
kanpur_industrial,2022-10-21,2022,26.375,80.375,0.00010343697891633115,0.12805080775341635
kanpur_industrial,2022-10-21,2022,26.375,80.425,0.00016779156305288557,0.14287524746647579
kanpur_industrial,2022-10-21,2022,26.375,80.475,0.00024312451920877517,0.15161290246845247
kanpur_industrial,2022-10-21,2022,26.375,80.525,0.00020801090239624888,0.14773627834754136
kanpur_industrial,2022-10-21,2022,26.425,80.175,9.772834304891555e-05,0.07809872729166425
kanpur_industrial,2022-10-21,2022,26.425,80.225,5.5994466102183454e-05,0.07816271279520387
kanpur_industrial,2022-10-21,2022,26.425,80.275,1.311912996769291e-05,0.08098197830536173
kanpur_industrial,2022-10-21,2022,26.425,80.325,0.0001799905243392734,0.09685832524366003
kanpur_industrial,2022-10-21,2022,26.425,80.375,0.00010599896452336046,0.10545079971970538
kanpur_industrial,2022-10-21,2022,26.425,80.425,9.996049318834144e-05,0.11514992950169786
kanpur_industrial,2022-10-21,2022,26.425,80.475,0.00014335769578678132,0.12303731261894467
kanpur_industrial,2022-10-21,2022,26.425,80.525,0.00021573926153409294,0.12597738666212122
kanpur_industrial,2022-10-21,2022,26.425,80.55,0.00021287916012087505,0.13402988988428458
kanpur_industrial,2022-10-21,2022,26.475,80.175,5.404800393683258e-05,0.07720047447642192
kanpur_industrial,2022-10-21,2022,26.475,80.225,6.4534351147102185e-06,0.07687488068652745
kanpur_industrial,2022-10-21,2022,26.475,80.275,1.7423964364202215e-05,0.07981913592474432
kanpur_industrial,2022-10-21,2022,26.475,80.325,0.00034480680070069874,0.09015264450854987
kanpur_industrial,2022-10-21,2022,26.475,80.375,0.00024073575765215136,0.09521249549199658
kanpur_industrial,2022-10-21,2022,26.475,80.425,0.00020632204759908978,0.10278671379899237
kanpur_industrial,2022-10-21,2022,26.475,80.475,0.00021156367656789584,0.11093395440839013
kanpur_industrial,2022-10-21,2022,26.475,80.525,0.0002272641722108391,0.11758444277444065
kanpur_industrial,2022-10-21,2022,26.475,80.55,0.0002266555425711954,0.11775961512974564
kanpur_industrial,2022-10-21,2022,26.525,80.175,4.889736234228997e-05,0.07733398081176673
kanpur_industrial,2022-10-21,2022,26.525,80.225,3.06331955124492e-06,0.07675689970100685
kanpur_industrial,2022-10-21,2022,26.525,80.275,8.839860029095346e-05,0.07852026385688629
kanpur_industrial,2022-10-21,2022,26.525,80.325,0.00037822549949899847,0.08511510886571187
kanpur_industrial,2022-10-21,2022,26.525,80.375,0.000314550770167441,0.0879209179416967
kanpur_industrial,2022-10-21,2022,26.525,80.425,0.0002667375863113859,0.09449002864307506
kanpur_industrial,2022-10-21,2022,26.525,80.475,0.00024445041314276366,0.10360999077694905
kanpur_industrial,2022-10-21,2022,26.525,80.525,0.0002532535024444061,0.11391929381929207
kanpur_industrial,2022-10-21,2022,26.525,80.55,0.00026792802478268693,0.11286043295111578
kanpur_industrial,2022-10-21,2022,26.575,80.175,0.00015011884223861406,0.07785443870409463
kanpur_industrial,2022-10-21,2022,26.575,80.225,0.00013659666247340375,0.07716387847630171
kanpur_industrial,2022-10-21,2022,26.575,80.275,0.0002346310097852165,0.07662673823003278
kanpur_industrial,2022-10-21,2022,26.575,80.325,0.00011447018915086524,0.07836385307304548
kanpur_industrial,2022-10-21,2022,26.575,80.375,0.00018737795004624308,0.07872443055721166
kanpur_industrial,2022-10-21,2022,26.575,80.425,0.00013945978871476806,0.08440850552186348
kanpur_industrial,2022-10-21,2022,26.575,80.475,0.00010871254862453297,0.09478873102054546
kanpur_industrial,2022-10-21,2022,26.575,80.525,0.00029940288898984516,0.11048273734112608
kanpur_industrial,2022-10-21,2022,26.575,80.55,0.00026471265112291926,0.10882914815808788
kanpur_industrial,2022-10-22,2022,26.325,80.175,-5.6131040081989704e-05,0.02973370908978729
kanpur_industrial,2022-10-22,2022,26.325,80.225,3.026875069836563e-06,0.02450186236797242
kanpur_industrial,2022-10-22,2022,26.325,80.275,2.1216257199421637e-05,0.044648631577697016
kanpur_industrial,2022-10-22,2022,26.325,80.325,0.00010275407779988912,0.09349828330666918
kanpur_industrial,2022-10-22,2022,26.325,80.375,0.0001537142411553612,0.10753915124249798
kanpur_industrial,2022-10-22,2022,26.325,80.425,0.00013079736595148734,0.1216756092359762
kanpur_industrial,2022-10-22,2022,26.325,80.475,0.00011721898552519393,0.13202389741598017
kanpur_industrial,2022-10-22,2022,26.325,80.525,0.00022964056337783194,0.13128645162798394
kanpur_industrial,2022-10-22,2022,26.325,80.55,0.0002436140363820898,0.13058175647913473
kanpur_industrial,2022-10-22,2022,26.375,80.175,9.283532606084446e-05,0.0036943449496028326
kanpur_industrial,2022-10-22,2022,26.375,80.225,0.0001724875405665608,0
kanpur_industrial,2022-10-22,2022,26.375,80.275,0.00018109709576614273,0
kanpur_industrial,2022-10-22,2022,26.375,80.325,1.8713500273027304e-05,0.029025167191801343
kanpur_industrial,2022-10-22,2022,26.375,80.375,1.5873244750006407e-05,0.03255769477619244
kanpur_industrial,2022-10-22,2022,26.375,80.425,7.96049477366083e-05,0.07769785477435809
kanpur_industrial,2022-10-22,2022,26.375,80.475,0.00017356526573527998,0.12652262447413243
kanpur_industrial,2022-10-22,2022,26.375,80.525,0.0002589183163391341,0.1298099475065856
kanpur_industrial,2022-10-22,2022,26.425,80.175,7.939527205599992e-05,0.002456763387079539
kanpur_industrial,2022-10-22,2022,26.425,80.225,0.00016673610459476784,0.006066757378430924
kanpur_industrial,2022-10-22,2022,26.425,80.275,0.00031024012791044405,0.014383608355093223
kanpur_industrial,2022-10-22,2022,26.425,80.325,-2.2781630590074296e-05,0.06483376484075086
kanpur_industrial,2022-10-22,2022,26.425,80.375,1.6995785553592648e-06,0.06987625982698782
kanpur_industrial,2022-10-22,2022,26.425,80.425,8.814413929469469e-05,0.09006848074610069
kanpur_industrial,2022-10-22,2022,26.425,80.475,0.00017196328955239602,0.11369497018657823
kanpur_industrial,2022-10-22,2022,26.425,80.525,0.00017283428169862067,0.12649918500382384
kanpur_industrial,2022-10-22,2022,26.425,80.55,0.00020469215278605477,0.12772442781980653
kanpur_industrial,2022-10-22,2022,26.475,80.175,6.543929750405333e-05,0.0025900732743860595
kanpur_industrial,2022-10-22,2022,26.475,80.225,0.00012132337417493254,0.007691608899690537
kanpur_industrial,2022-10-22,2022,26.475,80.275,0.0002598892666346159,0.015623807294063055
kanpur_industrial,2022-10-22,2022,26.475,80.325,-1.9664660383864338e-06,0.06404850486271665
kanpur_industrial,2022-10-22,2022,26.475,80.375,9.992719090082712e-06,0.07058757974324528
kanpur_industrial,2022-10-22,2022,26.475,80.425,6.262491148957426e-05,0.08512719325717483
kanpur_industrial,2022-10-22,2022,26.475,80.475,0.0001238559240443179,0.10366402969996626
kanpur_industrial,2022-10-22,2022,26.475,80.525,0.0001559843470452537,0.12250045899407312
kanpur_industrial,2022-10-22,2022,26.475,80.55,0.0001556314288130731,0.12270117376458764
kanpur_industrial,2022-10-22,2022,26.525,80.175,9.561433422796984e-05,0.0068197659036188804
kanpur_industrial,2022-10-22,2022,26.525,80.225,0.00010708585091977447,0.012460976546199626
kanpur_industrial,2022-10-22,2022,26.525,80.275,0.00018145741483790155,0.016835947143023326
kanpur_industrial,2022-10-22,2022,26.525,80.325,3.0314466689679263e-05,0.0411241094792767
kanpur_industrial,2022-10-22,2022,26.525,80.375,4.842908222226765e-05,0.05170057313091683
kanpur_industrial,2022-10-22,2022,26.525,80.425,7.725109073733786e-05,0.07077285018661149
kanpur_industrial,2022-10-22,2022,26.525,80.475,0.00011330587821115835,0.09490355786583195
kanpur_industrial,2022-10-22,2022,26.525,80.525,0.00015887685071658294,0.11984590932432328
kanpur_industrial,2022-10-22,2022,26.525,80.55,0.00015728410878032258,0.11991432187837797
kanpur_industrial,2022-10-22,2022,26.575,80.175,0.0002032439403312586,0.017471096903370033
kanpur_industrial,2022-10-22,2022,26.575,80.225,0.0001701151225165053,0.025307755220212044
kanpur_industrial,2022-10-22,2022,26.575,80.275,0.00016735601302994064,0.02614675510215027
kanpur_industrial,2022-10-22,2022,26.575,80.325,3.7450388168512316e-05,0.005098596918027824
kanpur_industrial,2022-10-22,2022,26.575,80.375,0.00012478916429475671,0.021957856908472743
kanpur_industrial,2022-10-22,2022,26.575,80.425,0.00018159990020620405,0.05166901500654292
kanpur_industrial,2022-10-22,2022,26.575,80.475,0.00019837204303879444,0.08674151721206168
kanpur_industrial,2022-10-22,2022,26.575,80.525,0.00015376759275949594,0.12007894153924795
kanpur_industrial,2022-10-22,2022,26.575,80.55,0.0001536210928483339,0.12061469150619855
kanpur_industrial,2022-10-23,2022,26.325,80.175,0.0002610823498731821,0.21295344735157468
kanpur_industrial,2022-10-23,2022,26.325,80.225,0.0003395660177248405,0.19995841529950878
kanpur_industrial,2022-10-23,2022,26.325,80.275,0.00027126114180722836,0.18668464098663995
kanpur_industrial,2022-10-23,2022,26.325,80.325,0.00019125683146082695,0.10383890559881034
kanpur_industrial,2022-10-23,2022,26.325,80.375,0.00016971571984007047,0.10519807065171548
kanpur_industrial,2022-10-23,2022,26.325,80.425,0.00015122799721186683,0.1674345088344094
kanpur_industrial,2022-10-23,2022,26.325,80.475,0.00011316337069328019,0.21425999255192565
kanpur_industrial,2022-10-23,2022,26.325,80.525,2.185818013241921e-05,0.13924827544219964
kanpur_industrial,2022-10-23,2022,26.325,80.55,0.00014994240624696662,0.14455453282651215
kanpur_industrial,2022-10-23,2022,26.375,80.175,0.00028923219925660606,0.13600709435689612
kanpur_industrial,2022-10-23,2022,26.375,80.225,0.0002903022732862085,0.1295031647087072
kanpur_industrial,2022-10-23,2022,26.375,80.275,0.0004642746282226917,0.10027182204781729
kanpur_industrial,2022-10-23,2022,26.375,80.325,0.0002181615277635063,0.08295934417262694
kanpur_industrial,2022-10-23,2022,26.375,80.375,0.0002333817635844277,0.12676406350025593
kanpur_industrial,2022-10-23,2022,26.375,80.425,0.00020277166832264847,0.14897304477156273
kanpur_industrial,2022-10-23,2022,26.375,80.475,0.0001904359827538854,0.15457499199838515
kanpur_industrial,2022-10-23,2022,26.375,80.525,0.000290225130086709,0.15036614805694962
kanpur_industrial,2022-10-23,2022,26.425,80.175,0.0002608614152635032,0.030924984347399893
kanpur_industrial,2022-10-23,2022,26.425,80.225,0.00016834709211857859,0.026903558648275882
kanpur_industrial,2022-10-23,2022,26.425,80.275,0.000169767271843157,0.02127597496178144
kanpur_industrial,2022-10-23,2022,26.425,80.325,0.00033841492583939754,0.020339232628716286
kanpur_industrial,2022-10-23,2022,26.425,80.375,0.00018261520163236772,0.04249695902139377
kanpur_industrial,2022-10-23,2022,26.425,80.425,0.0001619209057535885,0.07304280206471545
kanpur_industrial,2022-10-23,2022,26.425,80.475,0.0001745442755836266,0.105481467641389
kanpur_industrial,2022-10-23,2022,26.425,80.525,7.624749446041009e-05,0.13423249335465165
kanpur_industrial,2022-10-23,2022,26.425,80.55,0.00015543606827486716,0.14020321596101387
kanpur_industrial,2022-10-23,2022,26.475,80.175,0.00024107038263889683,0.02219866687456783
kanpur_industrial,2022-10-23,2022,26.475,80.225,0.00016375979038369716,0.007912195378109216
kanpur_industrial,2022-10-23,2022,26.475,80.275,0.0001182068693483346,0.0003491436383346921
kanpur_industrial,2022-10-23,2022,26.475,80.325,0.00029482029547335395,0.0024460864910283223
kanpur_industrial,2022-10-23,2022,26.475,80.375,0.0001618752413499467,0.01693811222849004
kanpur_industrial,2022-10-23,2022,26.475,80.425,9.046799622074807e-05,0.04611851405747264
kanpur_industrial,2022-10-23,2022,26.475,80.475,7.701318698476395e-05,0.08043266360416985
kanpur_industrial,2022-10-23,2022,26.475,80.525,0.00012270557645944046,0.11014135585720938
kanpur_industrial,2022-10-23,2022,26.475,80.55,0.00011617857488990224,0.11141396171817773
kanpur_industrial,2022-10-23,2022,26.525,80.175,0.00022373433115421083,0.028096325352399334
kanpur_industrial,2022-10-23,2022,26.525,80.225,0.00018379474318045057,0.01062890504990314
kanpur_industrial,2022-10-23,2022,26.525,80.275,0.00015648053654863519,0
kanpur_industrial,2022-10-23,2022,26.525,80.325,0.00022159178362245153,0.0007152745646036554
kanpur_industrial,2022-10-23,2022,26.525,80.375,0.00017184100974096132,0.009875980896368673
kanpur_industrial,2022-10-23,2022,26.525,80.425,9.604273618629063e-05,0.029762402222296026
kanpur_industrial,2022-10-23,2022,26.525,80.475,7.094785143035731e-05,0.05416829516404771
kanpur_industrial,2022-10-23,2022,26.525,80.525,0.00022114292113848858,0.07466446778584092
kanpur_industrial,2022-10-23,2022,26.525,80.55,0.0002289678391042248,0.05963047300928574
kanpur_industrial,2022-10-23,2022,26.575,80.175,0.0002066769377089232,7.727943329408378e-05
kanpur_industrial,2022-10-23,2022,26.575,80.225,0.00017555265893897108,0
kanpur_industrial,2022-10-23,2022,26.575,80.275,0.0002011127185184807,0
kanpur_industrial,2022-10-23,2022,26.575,80.325,0.00020604414018177313,0
kanpur_industrial,2022-10-23,2022,26.575,80.375,0.00021486476971871728,5.942888851562507e-06
kanpur_industrial,2022-10-23,2022,26.575,80.425,0.0002499306647714511,0.003507102659548645
kanpur_industrial,2022-10-23,2022,26.575,80.475,0.00027690809997369217,0.011416956981301442
kanpur_industrial,2022-10-23,2022,26.575,80.525,0.00024716890373336915,0.026824622517928654
kanpur_industrial,2022-10-23,2022,26.575,80.55,0.00028396028855961857,0.04052594927267307
kanpur_industrial,2022-10-24,2022,26.325,80.175,0.00027553679520233323,0
kanpur_industrial,2022-10-24,2022,26.325,80.225,0.0003091439523526841,0
kanpur_industrial,2022-10-24,2022,26.325,80.275,0.00021096894587289457,0
kanpur_industrial,2022-10-24,2022,26.325,80.325,0.00020420861836330595,0
kanpur_industrial,2022-10-24,2022,26.325,80.375,0.0002017276292313523,0
kanpur_industrial,2022-10-24,2022,26.325,80.425,0.0001783396011838627,0
kanpur_industrial,2022-10-24,2022,26.325,80.475,0.00019761938778948215,0
kanpur_industrial,2022-10-24,2022,26.325,80.525,0.0003568915096448909,0
kanpur_industrial,2022-10-24,2022,26.325,80.55,0.0003241232585210502,0
kanpur_industrial,2022-10-24,2022,26.375,80.175,0.00026188539949254164,0
kanpur_industrial,2022-10-24,2022,26.375,80.225,0.00015516872393158987,0
kanpur_industrial,2022-10-24,2022,26.375,80.275,7.514691099738746e-05,0
kanpur_industrial,2022-10-24,2022,26.375,80.325,0.00014366131842821384,0
kanpur_industrial,2022-10-24,2022,26.375,80.375,8.178364206226425e-05,0
kanpur_industrial,2022-10-24,2022,26.375,80.425,0.00011386791141639277,0
kanpur_industrial,2022-10-24,2022,26.375,80.475,0.00019854997511544394,0
kanpur_industrial,2022-10-24,2022,26.375,80.525,0.0002882342215758914,0
kanpur_industrial,2022-10-24,2022,26.425,80.175,0.00012353165199349852,0
kanpur_industrial,2022-10-24,2022,26.425,80.225,0.00017745494288881204,0
kanpur_industrial,2022-10-24,2022,26.425,80.275,6.683906961824779e-05,0
kanpur_industrial,2022-10-24,2022,26.425,80.325,0.00010931262281555976,0
kanpur_industrial,2022-10-24,2022,26.425,80.375,2.2396001310320894e-05,0
kanpur_industrial,2022-10-24,2022,26.425,80.425,0.00010805611492748189,0
kanpur_industrial,2022-10-24,2022,26.425,80.475,0.00022959599038389322,0
kanpur_industrial,2022-10-24,2022,26.425,80.525,0.00020429234682826247,0
kanpur_industrial,2022-10-24,2022,26.425,80.55,0.000235357450081322,0
kanpur_industrial,2022-10-24,2022,26.475,80.175,0.00010565961433758326,0
kanpur_industrial,2022-10-24,2022,26.475,80.225,0.00017442044820028076,0
kanpur_industrial,2022-10-24,2022,26.475,80.275,0.0001260594342668721,0
kanpur_industrial,2022-10-24,2022,26.475,80.325,3.7088188010555286e-05,0
kanpur_industrial,2022-10-24,2022,26.475,80.375,8.975899004582076e-07,0
kanpur_industrial,2022-10-24,2022,26.475,80.425,0.00014804307841840726,0
kanpur_industrial,2022-10-24,2022,26.475,80.475,0.0002993889098514006,0
kanpur_industrial,2022-10-24,2022,26.475,80.525,0.00021228364176182095,0
kanpur_industrial,2022-10-24,2022,26.475,80.55,0.00021037763830295027,0
kanpur_industrial,2022-10-24,2022,26.525,80.175,0.00010086790784867314,0
kanpur_industrial,2022-10-24,2022,26.525,80.225,0.0001379353878635342,0
kanpur_industrial,2022-10-24,2022,26.525,80.275,0.00017096239362083006,0
kanpur_industrial,2022-10-24,2022,26.525,80.325,3.581617955358842e-05,0
kanpur_industrial,2022-10-24,2022,26.525,80.375,6.532731186621312e-05,0
kanpur_industrial,2022-10-24,2022,26.525,80.425,0.00017786573542568683,0
kanpur_industrial,2022-10-24,2022,26.525,80.475,0.0002773630088299418,0
kanpur_industrial,2022-10-24,2022,26.525,80.525,0.00022950694016153454,0
kanpur_industrial,2022-10-24,2022,26.525,80.55,0.00022223376943874163,0
kanpur_industrial,2022-10-24,2022,26.575,80.175,4.796413227690195e-05,0
kanpur_industrial,2022-10-24,2022,26.575,80.225,6.0975736087870085e-05,0
kanpur_industrial,2022-10-24,2022,26.575,80.275,0.00014834321448080654,0
kanpur_industrial,2022-10-24,2022,26.575,80.325,0.000177537745712012,0
kanpur_industrial,2022-10-24,2022,26.575,80.375,0.0002531253720806396,0
kanpur_industrial,2022-10-24,2022,26.575,80.425,0.00016548744300525826,0
kanpur_industrial,2022-10-24,2022,26.575,80.475,7.417349675571268e-05,0
kanpur_industrial,2022-10-24,2022,26.575,80.525,0.0002079121067372107,0
kanpur_industrial,2022-10-24,2022,26.575,80.55,0.0002749595760133505,0
kanpur_industrial,2022-10-25,2022,26.325,80.175,0.0002601923412648979,0
kanpur_industrial,2022-10-25,2022,26.325,80.225,0.00022213277831544437,0
kanpur_industrial,2022-10-25,2022,26.325,80.275,0.0002096146864964887,0
kanpur_industrial,2022-10-25,2022,26.325,80.325,0.00024284122557712733,0
kanpur_industrial,2022-10-25,2022,26.325,80.375,0.00030993632599889934,0
kanpur_industrial,2022-10-25,2022,26.325,80.425,0.0002671253077830018,0
kanpur_industrial,2022-10-25,2022,26.325,80.475,0.00023590528442166817,0
kanpur_industrial,2022-10-25,2022,26.325,80.525,0.00039124802847992634,0
kanpur_industrial,2022-10-25,2022,26.325,80.55,0.0003008521423773245,0
kanpur_industrial,2022-10-25,2022,26.375,80.175,0.0002006347732896353,0
kanpur_industrial,2022-10-25,2022,26.375,80.225,0.00011467112175096452,0
kanpur_industrial,2022-10-25,2022,26.375,80.275,4.123245529646696e-05,0
kanpur_industrial,2022-10-25,2022,26.375,80.325,0.0002842091861679949,0
kanpur_industrial,2022-10-25,2022,26.375,80.375,0.0002998325782922963,0
kanpur_industrial,2022-10-25,2022,26.375,80.425,0.00022483976503507693,0
kanpur_industrial,2022-10-25,2022,26.375,80.475,0.00015142768190646634,0
kanpur_industrial,2022-10-25,2022,26.375,80.525,0.00020184712426495107,0
kanpur_industrial,2022-10-25,2022,26.425,80.175,0.00022423968815966425,0
kanpur_industrial,2022-10-25,2022,26.425,80.225,0.00019235839141828204,0
kanpur_industrial,2022-10-25,2022,26.425,80.275,7.490793848754953e-05,0
kanpur_industrial,2022-10-25,2022,26.425,80.325,0.0003387970340968871,0
kanpur_industrial,2022-10-25,2022,26.425,80.375,0.0003298881075879999,0
kanpur_industrial,2022-10-25,2022,26.425,80.425,0.0002577479755086796,0
kanpur_industrial,2022-10-25,2022,26.425,80.475,0.000229757364424079,0
kanpur_industrial,2022-10-25,2022,26.425,80.525,0.00039426178835884687,0
kanpur_industrial,2022-10-25,2022,26.425,80.55,0.0003230532118831532,0
kanpur_industrial,2022-10-25,2022,26.475,80.175,0.0002947290649887249,0
kanpur_industrial,2022-10-25,2022,26.475,80.225,0.0002830058555893905,0
kanpur_industrial,2022-10-25,2022,26.475,80.275,0.0001668616328162609,0
kanpur_industrial,2022-10-25,2022,26.475,80.325,0.0003836069015983514,0
kanpur_industrial,2022-10-25,2022,26.475,80.375,0.00030295850837980324,0
kanpur_industrial,2022-10-25,2022,26.475,80.425,0.00020210024193927626,0
kanpur_industrial,2022-10-25,2022,26.475,80.475,0.00015095063367768033,0
kanpur_industrial,2022-10-25,2022,26.475,80.525,0.0002510692757584871,0
kanpur_industrial,2022-10-25,2022,26.475,80.55,0.00026342445169553097,0
kanpur_industrial,2022-10-25,2022,26.525,80.175,0.00029893309456005155,0
kanpur_industrial,2022-10-25,2022,26.525,80.225,0.00029582540625750045,0
kanpur_industrial,2022-10-25,2022,26.525,80.275,0.00023494356704132607,0
kanpur_industrial,2022-10-25,2022,26.525,80.325,0.00036653038357367613,0
kanpur_industrial,2022-10-25,2022,26.525,80.375,0.0002696891746175819,0
kanpur_industrial,2022-10-25,2022,26.525,80.425,0.00016988616635266884,0
kanpur_industrial,2022-10-25,2022,26.525,80.475,9.436462422757906e-05,0
kanpur_industrial,2022-10-25,2022,26.525,80.525,8.184142264128952e-05,0
kanpur_industrial,2022-10-25,2022,26.525,80.55,8.122077228748894e-05,0
kanpur_industrial,2022-10-25,2022,26.575,80.175,0.00015738930444042498,0
kanpur_industrial,2022-10-25,2022,26.575,80.225,0.00016613530526821246,0
kanpur_industrial,2022-10-25,2022,26.575,80.275,0.00022134721596095194,0
kanpur_industrial,2022-10-25,2022,26.575,80.325,0.0002546042276502783,0
kanpur_industrial,2022-10-25,2022,26.575,80.375,0.00025860696232305445,0
kanpur_industrial,2022-10-25,2022,26.575,80.425,0.0002303050112465116,0
kanpur_industrial,2022-10-25,2022,26.575,80.475,0.0001721866147430576,0
kanpur_industrial,2022-10-25,2022,26.575,80.525,8.075575893587635e-05,0
kanpur_industrial,2022-10-25,2022,26.575,80.55,0.0001160046707094777,0
kanpur_industrial,2022-10-26,2022,26.325,80.175,0.00028894172412154503,0.0026953235618293403
kanpur_industrial,2022-10-26,2022,26.325,80.225,0.0003069458622722018,0.001586969576455583
kanpur_industrial,2022-10-26,2022,26.325,80.275,0.00033264680292365993,0.004668463816336879
kanpur_industrial,2022-10-26,2022,26.325,80.325,0.00014076083515640803,0.0013683358343986845
kanpur_industrial,2022-10-26,2022,26.325,80.375,0.00012874890567050006,0.013729158335703585
kanpur_industrial,2022-10-26,2022,26.325,80.425,0.00015481785858436665,0.013952851524258934
kanpur_industrial,2022-10-26,2022,26.325,80.475,0.00018916899135882026,0.014710876467278701
kanpur_industrial,2022-10-26,2022,26.325,80.525,0.0001981082718547057,0.03405400368049604
kanpur_industrial,2022-10-26,2022,26.325,80.55,0.00022732027035832865,0.017838893392188967
kanpur_industrial,2022-10-26,2022,26.375,80.175,0.00030788962486641777,0
kanpur_industrial,2022-10-26,2022,26.375,80.225,0.00040448856554377137,0
kanpur_industrial,2022-10-26,2022,26.375,80.275,0.00046305478632290465,0
kanpur_industrial,2022-10-26,2022,26.375,80.325,0.0004163723882239078,0
kanpur_industrial,2022-10-26,2022,26.375,80.375,0.0003900090040176865,0
kanpur_industrial,2022-10-26,2022,26.375,80.425,0.0003016321885916672,0
kanpur_industrial,2022-10-26,2022,26.375,80.475,0.00022509176673341842,1.7279757814757928e-05
kanpur_industrial,2022-10-26,2022,26.375,80.525,0.0002593143639575347,7.948688594788647e-05
kanpur_industrial,2022-10-26,2022,26.425,80.175,0.0002264832066066922,0
kanpur_industrial,2022-10-26,2022,26.425,80.225,0.0002466614686546104,0
kanpur_industrial,2022-10-26,2022,26.425,80.275,0.0002554728215726793,0
kanpur_industrial,2022-10-26,2022,26.425,80.325,0.00036077938573309833,0
kanpur_industrial,2022-10-26,2022,26.425,80.375,0.0002791499507990725,0
kanpur_industrial,2022-10-26,2022,26.425,80.425,0.00020424265365138057,0
kanpur_industrial,2022-10-26,2022,26.425,80.475,0.0001830860706996541,3.477551260220033e-06
kanpur_industrial,2022-10-26,2022,26.425,80.525,0.00028138273881832254,1.6394170226751585e-05
kanpur_industrial,2022-10-26,2022,26.425,80.55,0.00027321570245251916,3.9743442973943234e-05
kanpur_industrial,2022-10-26,2022,26.475,80.175,0.00019306705272414832,0
kanpur_industrial,2022-10-26,2022,26.475,80.225,0.00018674574227824935,0
kanpur_industrial,2022-10-26,2022,26.475,80.275,0.0001285904865366894,0
kanpur_industrial,2022-10-26,2022,26.475,80.325,0.00025991521213805657,0
kanpur_industrial,2022-10-26,2022,26.475,80.375,0.00016428998661846764,0
kanpur_industrial,2022-10-26,2022,26.475,80.425,0.00012247043681532971,0
kanpur_industrial,2022-10-26,2022,26.475,80.475,0.00014730271128468754,0
kanpur_industrial,2022-10-26,2022,26.475,80.525,0.00026677598001683756,0
kanpur_industrial,2022-10-26,2022,26.475,80.55,0.0002680768618205429,0
kanpur_industrial,2022-10-26,2022,26.525,80.175,0.0001847287949716572,0
kanpur_industrial,2022-10-26,2022,26.525,80.225,0.00015497832039941894,0
kanpur_industrial,2022-10-26,2022,26.525,80.275,0.00010589295769833155,0
kanpur_industrial,2022-10-26,2022,26.525,80.325,0.00021530386064457605,0
kanpur_industrial,2022-10-26,2022,26.525,80.375,0.0001248042842349359,0
kanpur_industrial,2022-10-26,2022,26.525,80.425,9.349614973106137e-05,0
kanpur_industrial,2022-10-26,2022,26.525,80.475,0.00013120181375178864,0
kanpur_industrial,2022-10-26,2022,26.525,80.525,0.00027051162515801387,0
kanpur_industrial,2022-10-26,2022,26.525,80.55,0.00028832606606600823,0
kanpur_industrial,2022-10-26,2022,26.575,80.175,0.00019324441371751326,0
kanpur_industrial,2022-10-26,2022,26.575,80.225,0.00011552213099422549,0
kanpur_industrial,2022-10-26,2022,26.575,80.275,0.00021331144017886324,0
kanpur_industrial,2022-10-26,2022,26.575,80.325,0.00029825373663309996,0
kanpur_industrial,2022-10-26,2022,26.575,80.375,0.00022296249251662733,0
kanpur_industrial,2022-10-26,2022,26.575,80.425,0.00014753473488687992,0
kanpur_industrial,2022-10-26,2022,26.575,80.475,0.00014402007995217392,0
kanpur_industrial,2022-10-26,2022,26.575,80.525,0.00032483209309944086,0
kanpur_industrial,2022-10-26,2022,26.575,80.55,0.00021628119587870028,0
kanpur_industrial,2022-10-27,2022,26.325,80.175,0.00017819684009873161,0.15686832293269393
kanpur_industrial,2022-10-27,2022,26.325,80.225,0.00018068471504183845,0.15710711860770601
kanpur_industrial,2022-10-27,2022,26.325,80.275,0.0001494998363688727,0.16685753530935288
kanpur_industrial,2022-10-27,2022,26.325,80.325,0.00015796607267439558,0.18442014328141731
kanpur_industrial,2022-10-27,2022,26.325,80.375,0.00016525310787427998,0.19328879812142394
kanpur_industrial,2022-10-27,2022,26.325,80.425,0.00020060997404084134,0.20127679904794793
kanpur_industrial,2022-10-27,2022,26.325,80.475,0.00023585066670114415,0.20618876386491597
kanpur_industrial,2022-10-27,2022,26.325,80.525,0.00023906972572147931,0.2042932796772975
kanpur_industrial,2022-10-27,2022,26.325,80.55,0.00021701061507171856,0.20678324920324018
kanpur_industrial,2022-10-27,2022,26.375,80.175,0.0002496884707991961,0.13657773500879059
kanpur_industrial,2022-10-27,2022,26.375,80.225,0.00023895303752852136,0.14198364113830067
kanpur_industrial,2022-10-27,2022,26.375,80.275,0.0002130799134473958,0.15028025818084587
kanpur_industrial,2022-10-27,2022,26.375,80.325,0.00031372121093160594,0.18931488882276118
kanpur_industrial,2022-10-27,2022,26.375,80.375,0.0003229757150980055,0.19215129107748655
kanpur_industrial,2022-10-27,2022,26.375,80.425,0.00020847303426060532,0.20157937207546966
kanpur_industrial,2022-10-27,2022,26.375,80.475,0.00010463611805291886,0.21054622702733727
kanpur_industrial,2022-10-27,2022,26.375,80.525,0.0001928506367410282,0.20951035868403456
kanpur_industrial,2022-10-27,2022,26.425,80.175,0.00026586544065341713,0.13829144073783511
kanpur_industrial,2022-10-27,2022,26.425,80.225,0.00027555566260273004,0.14372557146229847
kanpur_industrial,2022-10-27,2022,26.425,80.275,0.0002734977212064044,0.14705459046210045
kanpur_industrial,2022-10-27,2022,26.425,80.325,0.00027392104290778247,0.18127929521469846
kanpur_industrial,2022-10-27,2022,26.425,80.375,0.00027535030333488135,0.18219906339051734
kanpur_industrial,2022-10-27,2022,26.425,80.425,0.0002282380329725975,0.19465610708509196
kanpur_industrial,2022-10-27,2022,26.425,80.475,0.00021463444013264133,0.21060162639955204
kanpur_industrial,2022-10-27,2022,26.425,80.525,0.00034945605216345465,0.2198742605925995
kanpur_industrial,2022-10-27,2022,26.425,80.55,0.00029149971732208424,0.2160388008311621
kanpur_industrial,2022-10-27,2022,26.475,80.175,0.00025152767755384574,0.13963078689218766
kanpur_industrial,2022-10-27,2022,26.475,80.225,0.0002366914157618268,0.14325544763657447
kanpur_industrial,2022-10-27,2022,26.475,80.275,0.00023954180620540437,0.14437220034982007
kanpur_industrial,2022-10-27,2022,26.475,80.325,0.00026515251853697545,0.1715552425050221
kanpur_industrial,2022-10-27,2022,26.475,80.375,0.0002650094057980033,0.1718791520080577
kanpur_industrial,2022-10-27,2022,26.475,80.425,0.00023006268391508047,0.1864957333677086
kanpur_industrial,2022-10-27,2022,26.475,80.475,0.0002256677633599443,0.20721688629591276
kanpur_industrial,2022-10-27,2022,26.475,80.525,0.00035013593426772585,0.22504518221438327
kanpur_industrial,2022-10-27,2022,26.475,80.55,0.0003526948964769674,0.22488670935626098
kanpur_industrial,2022-10-27,2022,26.525,80.175,0.00024120475133975966,0.14270591263423774
kanpur_industrial,2022-10-27,2022,26.525,80.225,0.00024769466158750284,0.14436292989332444
kanpur_industrial,2022-10-27,2022,26.525,80.275,0.0002490201027019428,0.1445411084403875
kanpur_industrial,2022-10-27,2022,26.525,80.325,0.0002764722326474919,0.16056470764184366
kanpur_industrial,2022-10-27,2022,26.525,80.375,0.00027379524870949404,0.1621786878347649
kanpur_industrial,2022-10-27,2022,26.525,80.425,0.0002400095196175247,0.17656639482274364
kanpur_industrial,2022-10-27,2022,26.525,80.475,0.00021832037128651424,0.19928286724214275
kanpur_industrial,2022-10-27,2022,26.525,80.525,0.000272727869655406,0.22588593864303058
kanpur_industrial,2022-10-27,2022,26.525,80.55,0.00023746129972514044,0.2247907419651018
kanpur_industrial,2022-10-27,2022,26.575,80.175,0.0002579578006385095,0.14898659884232962
kanpur_industrial,2022-10-27,2022,26.575,80.225,0.0003884655293885798,0.1495998719270967
kanpur_industrial,2022-10-27,2022,26.575,80.275,0.00038902949295003425,0.14938599928219043
kanpur_industrial,2022-10-27,2022,26.575,80.325,0.00030225147302733813,0.14960408303556275
kanpur_industrial,2022-10-27,2022,26.575,80.375,0.00029259969228794496,0.1543709983288442
kanpur_industrial,2022-10-27,2022,26.575,80.425,0.0002735381796582402,0.16531002967941932
kanpur_industrial,2022-10-27,2022,26.575,80.475,0.00023544248794765102,0.18546921370853753
kanpur_industrial,2022-10-27,2022,26.575,80.525,0.0001592082441851955,0.22224320189279362
kanpur_industrial,2022-10-27,2022,26.575,80.55,0.00014074719582785538,0.21709105606886708
kanpur_industrial,2022-10-28,2022,26.325,80.175,0.00027159701427432233,0.057369864967224245
kanpur_industrial,2022-10-28,2022,26.325,80.225,0.00021806979734476247,0.052664012024538236
kanpur_industrial,2022-10-28,2022,26.325,80.275,0.00012758063024408687,0.05261071784141536
kanpur_industrial,2022-10-28,2022,26.325,80.325,0.00030612256598189696,0.04389714356915945
kanpur_industrial,2022-10-28,2022,26.325,80.375,0.00035235385606942186,0.09745582153249101
kanpur_industrial,2022-10-28,2022,26.325,80.425,0.00021934952214798777,0.12321132847677947
kanpur_industrial,2022-10-28,2022,26.325,80.475,0.0001256916115445284,0.12995052827490483
kanpur_industrial,2022-10-28,2022,26.325,80.525,0.0003811627176001899,0.12736455663260773
kanpur_industrial,2022-10-28,2022,26.325,80.55,0.00028038249987153937,0.12971101257321205
kanpur_industrial,2022-10-28,2022,26.375,80.175,0.0002372324108413783,0.024516644812825228
kanpur_industrial,2022-10-28,2022,26.375,80.225,0.00020326568550594893,0.010168477241166473
kanpur_industrial,2022-10-28,2022,26.375,80.275,0.00012055646919453739,0.031614803073046455
kanpur_industrial,2022-10-28,2022,26.375,80.325,0.00019013138650213348,0.10366181502786243
kanpur_industrial,2022-10-28,2022,26.375,80.375,0.0002483356582962595,0.11417049353389644
kanpur_industrial,2022-10-28,2022,26.375,80.425,0.00021710090637986734,0.12413625099489423
kanpur_industrial,2022-10-28,2022,26.375,80.475,0.00016222277771069706,0.1312858451593927
kanpur_industrial,2022-10-28,2022,26.375,80.525,0.00017000416616873168,0.1322809405081596
kanpur_industrial,2022-10-28,2022,26.425,80.175,0.00031589105479351906,0.04775033217424431
kanpur_industrial,2022-10-28,2022,26.425,80.225,0.0002909143393502553,0.04665191597340009
kanpur_industrial,2022-10-28,2022,26.425,80.275,0.0002208846075198609,0.060648189276895824
kanpur_industrial,2022-10-28,2022,26.425,80.325,0.00022565049106457543,0.09616641954898009
kanpur_industrial,2022-10-28,2022,26.425,80.375,0.00019940954443394693,0.10367658913648545
kanpur_industrial,2022-10-28,2022,26.425,80.425,0.00025777024575226467,0.11263874493621814
kanpur_industrial,2022-10-28,2022,26.425,80.475,0.0003204388283146718,0.12279650782867123
kanpur_industrial,2022-10-28,2022,26.425,80.525,0.00027639075663079963,0.13470234647079693
kanpur_industrial,2022-10-28,2022,26.425,80.55,0.0002370193412629477,0.1338062356027343
kanpur_industrial,2022-10-28,2022,26.475,80.175,0.0003528359844075916,0.061932326053554275
kanpur_industrial,2022-10-28,2022,26.475,80.225,0.00034972694475502754,0.06272416668669176
kanpur_industrial,2022-10-28,2022,26.475,80.275,0.0002789280827584725,0.068996530999164
kanpur_industrial,2022-10-28,2022,26.475,80.325,0.0002436154727561272,0.08457576637570449
kanpur_industrial,2022-10-28,2022,26.475,80.375,0.00021483010798394438,0.09195148740163345
kanpur_industrial,2022-10-28,2022,26.475,80.425,0.0003006902756281019,0.102992948993501
kanpur_industrial,2022-10-28,2022,26.475,80.475,0.0003934886880482461,0.11718227208953869
kanpur_industrial,2022-10-28,2022,26.475,80.525,0.00035014756197229534,0.13531564175460237
kanpur_industrial,2022-10-28,2022,26.475,80.55,0.00034719847184574613,0.13531665790791497
kanpur_industrial,2022-10-28,2022,26.525,80.175,0.0003651112468679687,0.0705230578454565
kanpur_industrial,2022-10-28,2022,26.525,80.225,0.00035302942979684285,0.06996835941983018
kanpur_industrial,2022-10-28,2022,26.525,80.275,0.0003154454004186273,0.06897987594186493
kanpur_industrial,2022-10-28,2022,26.525,80.325,0.00021893428424298218,0.0712600486515771
kanpur_industrial,2022-10-28,2022,26.525,80.375,0.0002194003529401286,0.07792358934769214
kanpur_industrial,2022-10-28,2022,26.525,80.425,0.0002942284070240776,0.0917591577426684
kanpur_industrial,2022-10-28,2022,26.525,80.475,0.00036962680077750134,0.110679263577497
kanpur_industrial,2022-10-28,2022,26.525,80.525,0.00033586066216812464,0.13275255308147377
kanpur_industrial,2022-10-28,2022,26.525,80.55,0.0002906489706097964,0.1306378492325596
kanpur_industrial,2022-10-28,2022,26.575,80.175,0.00035909174495450614,0.07457035918540039
kanpur_industrial,2022-10-28,2022,26.575,80.225,0.00027861756911904626,0.07421499497825784
kanpur_industrial,2022-10-28,2022,26.575,80.275,0.0003383258935341242,0.06720127739803931
kanpur_industrial,2022-10-28,2022,26.575,80.325,0.00013579195203332553,0.058582914955901656
kanpur_industrial,2022-10-28,2022,26.575,80.375,0.00016395406494119973,0.061555088717906783
kanpur_industrial,2022-10-28,2022,26.575,80.425,0.00020599124300366,0.07748003819100853
kanpur_industrial,2022-10-28,2022,26.575,80.475,0.0002297566867504198,0.10067264900658607
kanpur_industrial,2022-10-28,2022,26.575,80.525,0.000191360819313534,0.12588282815077576
kanpur_industrial,2022-10-28,2022,26.575,80.55,0.00020794773101605711,0.12233050551369551
kanpur_industrial,2022-10-29,2022,26.325,80.175,0.00027268646340806166,0
kanpur_industrial,2022-10-29,2022,26.325,80.225,0.00022066729383220894,0
kanpur_industrial,2022-10-29,2022,26.325,80.275,0.00019638745152517984,0
kanpur_industrial,2022-10-29,2022,26.325,80.325,0.0003505267963335776,0.04971419526309014
kanpur_industrial,2022-10-29,2022,26.325,80.375,0.00034623596283692994,0.0648717125762156
kanpur_industrial,2022-10-29,2022,26.325,80.425,0.0002360378618881709,0.07720995420979351
kanpur_industrial,2022-10-29,2022,26.325,80.475,0.00014954618035364496,0.08390970834102425
kanpur_industrial,2022-10-29,2022,26.325,80.525,0.00026868971606467074,0.08028046858560184
kanpur_industrial,2022-10-29,2022,26.325,80.55,0.00023544340669529493,0.08559260737532193
kanpur_industrial,2022-10-29,2022,26.375,80.175,0.00018086373548712345,0
kanpur_industrial,2022-10-29,2022,26.375,80.225,0.00013774061860115735,0
kanpur_industrial,2022-10-29,2022,26.375,80.275,0.00013249362420611108,0
kanpur_industrial,2022-10-29,2022,26.375,80.325,0.00030877403492239554,0.05050470121515676
kanpur_industrial,2022-10-29,2022,26.375,80.375,0.0004032820487313577,0.06809272810154768
kanpur_industrial,2022-10-29,2022,26.375,80.425,0.0003648032963923625,0.0766703325088199
kanpur_industrial,2022-10-29,2022,26.375,80.475,0.00026685436454140316,0.0818242461430466
kanpur_industrial,2022-10-29,2022,26.375,80.525,0.0001990307821478833,0.09141066414501535
kanpur_industrial,2022-10-29,2022,26.425,80.175,0.00028005762304382823,0
kanpur_industrial,2022-10-29,2022,26.425,80.225,0.00021213999095406972,0
kanpur_industrial,2022-10-29,2022,26.425,80.275,0.00016070636644470413,0
kanpur_industrial,2022-10-29,2022,26.425,80.325,0.0001452270597033516,0.03901376232600164
kanpur_industrial,2022-10-29,2022,26.425,80.375,0.00021404007758122145,0.050967025242757966
kanpur_industrial,2022-10-29,2022,26.425,80.425,0.00023886888768003483,0.059845715549219955
kanpur_industrial,2022-10-29,2022,26.425,80.475,0.00020861304604387774,0.06957031341338576
kanpur_industrial,2022-10-29,2022,26.425,80.525,0.00010303328310684542,0.0865894133304616
kanpur_industrial,2022-10-29,2022,26.425,80.55,0.00013855991661022163,0.08837365575789488
kanpur_industrial,2022-10-29,2022,26.475,80.175,0.0002388041872783155,0
kanpur_industrial,2022-10-29,2022,26.475,80.225,0.00023122236343129792,0
kanpur_industrial,2022-10-29,2022,26.475,80.275,0.00021256389124504386,0
kanpur_industrial,2022-10-29,2022,26.475,80.325,0.00016251950931539804,0.016862315941407125
kanpur_industrial,2022-10-29,2022,26.475,80.375,0.00018664046713806287,0.02192566113514399
kanpur_industrial,2022-10-29,2022,26.475,80.425,0.00019222811775504908,0.03923188934879477
kanpur_industrial,2022-10-29,2022,26.475,80.475,0.0001725198614914708,0.062458331184011034
kanpur_industrial,2022-10-29,2022,26.475,80.525,0.000113592127093798,0.08489641585205901
kanpur_industrial,2022-10-29,2022,26.475,80.55,0.00011132158153430022,0.0849245701933722
kanpur_industrial,2022-10-29,2022,26.525,80.175,0.00017118558806958844,0.0001033814945800283
kanpur_industrial,2022-10-29,2022,26.525,80.225,0.00020821110828471442,0.0001531458786169985
kanpur_industrial,2022-10-29,2022,26.525,80.275,0.00026595517218002535,0
kanpur_industrial,2022-10-29,2022,26.525,80.325,0.00020767622264474423,0
kanpur_industrial,2022-10-29,2022,26.525,80.375,0.0001995277626933359,0.00013330701984821537
kanpur_industrial,2022-10-29,2022,26.525,80.425,0.00018520835406043876,0.021979272691570063
kanpur_industrial,2022-10-29,2022,26.525,80.475,0.0001670330643664243,0.05424071120154686
kanpur_industrial,2022-10-29,2022,26.525,80.525,0.000146931047716316,0.08389096045334292
kanpur_industrial,2022-10-29,2022,26.525,80.55,0.00014890282393881726,0.08337537094116365
kanpur_industrial,2022-10-29,2022,26.575,80.175,0.00014940304849099404,0.0005123306348666946
kanpur_industrial,2022-10-29,2022,26.575,80.225,0.00014856579302162683,0.0008324968256813536
kanpur_industrial,2022-10-29,2022,26.575,80.275,0.0003049086599923003,1.6809687854477245e-06
kanpur_industrial,2022-10-29,2022,26.575,80.325,0.00018838444321106154,0
kanpur_industrial,2022-10-29,2022,26.575,80.375,0.00018297950122028356,0
kanpur_industrial,2022-10-29,2022,26.575,80.425,0.00019875792834836027,0.014024537278996864
kanpur_industrial,2022-10-29,2022,26.575,80.475,0.0002043409156163853,0.04069297690366973
kanpur_industrial,2022-10-29,2022,26.575,80.525,0.0001532111265744112,0.08221004029604485
kanpur_industrial,2022-10-29,2022,26.575,80.55,0.0001516351635942799,0.08110990605385922
kanpur_industrial,2022-10-30,2022,26.325,80.175,0.00023462210578016366,0.018204606734307262
kanpur_industrial,2022-10-30,2022,26.325,80.225,0.0002642544766741449,0.0008451967393854234
kanpur_industrial,2022-10-30,2022,26.325,80.275,0.0003263880046950377,0.0014205930885839277
kanpur_industrial,2022-10-30,2022,26.325,80.325,0.00014176341388779938,0.04157527941188307
kanpur_industrial,2022-10-30,2022,26.325,80.375,0.00012356964639611266,0.05566326890718377
kanpur_industrial,2022-10-30,2022,26.325,80.425,0.0002210447760650686,0.06216486422882828
kanpur_industrial,2022-10-30,2022,26.325,80.475,0.00028524699421066585,0.054707956932864545
kanpur_industrial,2022-10-30,2022,26.325,80.525,0.00010390359629720183,0.02176608767638701
kanpur_industrial,2022-10-30,2022,26.325,80.55,0.00013169576331514767,0.04817455606042311
kanpur_industrial,2022-10-30,2022,26.375,80.175,0.00024519778293129554,0.009521739732260249
kanpur_industrial,2022-10-30,2022,26.375,80.225,0.00022136546690983334,0.02186747572019082
kanpur_industrial,2022-10-30,2022,26.375,80.275,0.0002948292755217309,0.03267364103743034
kanpur_industrial,2022-10-30,2022,26.375,80.325,0.00015865237598632287,0.08951397162476382
kanpur_industrial,2022-10-30,2022,26.375,80.375,0.0002576030647429768,0.0930745901482673
kanpur_industrial,2022-10-30,2022,26.375,80.425,0.00031206311039107287,0.08182989094311965
kanpur_industrial,2022-10-30,2022,26.375,80.475,0.00029491578892000347,0.07020379219523817
kanpur_industrial,2022-10-30,2022,26.375,80.525,0.00016213480338242165,0.07709811667151027
kanpur_industrial,2022-10-30,2022,26.425,80.175,0.0003326189992888582,0.0248124046097121
kanpur_industrial,2022-10-30,2022,26.425,80.225,0.00030446989496003146,0.047211927443215555
kanpur_industrial,2022-10-30,2022,26.425,80.275,0.000295980516723318,0.06282069847588849
kanpur_industrial,2022-10-30,2022,26.425,80.325,0.00026219982521762683,0.11224257717423822
kanpur_industrial,2022-10-30,2022,26.425,80.375,0.00026122997939936237,0.1122698035252791
kanpur_industrial,2022-10-30,2022,26.425,80.425,0.0002590082192652302,0.10218705838788561
kanpur_industrial,2022-10-30,2022,26.425,80.475,0.00025732982492515514,0.09463242959855249
kanpur_industrial,2022-10-30,2022,26.425,80.525,0.00025929116353271995,0.10624942287832778
kanpur_industrial,2022-10-30,2022,26.425,80.55,0.0002233356601700111,0.09546114420336382
kanpur_industrial,2022-10-30,2022,26.475,80.175,0.0003057802552204632,0.033484855776892836
kanpur_industrial,2022-10-30,2022,26.475,80.225,0.00024577457588507865,0.049256730054433644
kanpur_industrial,2022-10-30,2022,26.475,80.275,0.00021294183557602926,0.05042047820787412
kanpur_industrial,2022-10-30,2022,26.475,80.325,0.0003653529569469125,0.0967643479769235
kanpur_industrial,2022-10-30,2022,26.475,80.375,0.0004343222360553465,0.10049809881871814
kanpur_industrial,2022-10-30,2022,26.475,80.425,0.0003716307132951459,0.10052408307134528
kanpur_industrial,2022-10-30,2022,26.475,80.475,0.0002895109352425173,0.10266563637898739
kanpur_industrial,2022-10-30,2022,26.475,80.525,0.00034364712972443203,0.11505307073730067
kanpur_industrial,2022-10-30,2022,26.475,80.55,0.0003398667998381811,0.11497447835926045
kanpur_industrial,2022-10-30,2022,26.525,80.175,0.00024136231658477826,0.0456490117199581
kanpur_industrial,2022-10-30,2022,26.525,80.225,0.00018085490746099848,0.053391810917557354
kanpur_industrial,2022-10-30,2022,26.525,80.275,0.0001556308166883205,0.03939108500251383
kanpur_industrial,2022-10-30,2022,26.525,80.325,0.00036370444425193007,0.06129351321342269
kanpur_industrial,2022-10-30,2022,26.525,80.375,0.0004933454611385463,0.07101039816260715
kanpur_industrial,2022-10-30,2022,26.525,80.425,0.0004091034853146342,0.08036133328636644
kanpur_industrial,2022-10-30,2022,26.525,80.475,0.00027287170624933917,0.09166129464821628
kanpur_industrial,2022-10-30,2022,26.525,80.525,0.00028740250987905805,0.10646702602521456
kanpur_industrial,2022-10-30,2022,26.525,80.55,0.0001979820119552129,0.09845547598043619
kanpur_industrial,2022-10-30,2022,26.575,80.175,0.00018663910047604453,0.067348990664031
kanpur_industrial,2022-10-30,2022,26.575,80.225,0.00019373503486852913,0.07516176231103266
kanpur_industrial,2022-10-30,2022,26.575,80.275,0.00019651200237003768,0.05710246929158051
kanpur_industrial,2022-10-30,2022,26.575,80.325,0.0001846277184276559,0.017763361231601205
kanpur_industrial,2022-10-30,2022,26.575,80.375,0.000245149302877099,0.030671595893750517
kanpur_industrial,2022-10-30,2022,26.575,80.425,0.00021568709771549514,0.042927305603086136
kanpur_industrial,2022-10-30,2022,26.575,80.475,0.0001262113103678435,0.05737213986348103
kanpur_industrial,2022-10-30,2022,26.575,80.525,-4.062489179814124e-08,0.08069910666751909
kanpur_industrial,2022-10-30,2022,26.575,80.55,-3.153570214682153e-05,0.07730375457557759
kanpur_industrial,2022-10-31,2022,26.325,80.175,0.00026791610526520306,0.0800888829408028
kanpur_industrial,2022-10-31,2022,26.325,80.225,0.00026158744445374033,0.0716610174310055
kanpur_industrial,2022-10-31,2022,26.325,80.275,0.0002714782221759051,0.07226716747279277
kanpur_industrial,2022-10-31,2022,26.325,80.325,0.0004060238151789601,0.07810968427224878
kanpur_industrial,2022-10-31,2022,26.325,80.375,0.0003145865049540608,0.07985538956511351
kanpur_industrial,2022-10-31,2022,26.325,80.425,0.00030866807007308596,0.07679111992894826
kanpur_industrial,2022-10-31,2022,26.325,80.475,0.0003470019455862988,0.07029694569011996
kanpur_industrial,2022-10-31,2022,26.325,80.525,0.00037956825678868715,0.06131606807653236
kanpur_industrial,2022-10-31,2022,26.325,80.55,0.00038924937568071574,0.0653067985102663
kanpur_industrial,2022-10-31,2022,26.375,80.175,0.00018394156874129773,0.0768684604092083
kanpur_industrial,2022-10-31,2022,26.375,80.225,0.00022338113133976413,0.06694650318623577
kanpur_industrial,2022-10-31,2022,26.375,80.275,0.0004010174323767192,0.06929186459594905
kanpur_industrial,2022-10-31,2022,26.375,80.325,0.0003066685376127609,0.07654959848727722
kanpur_industrial,2022-10-31,2022,26.375,80.375,0.0002591175042273176,0.0828200609817593
kanpur_industrial,2022-10-31,2022,26.375,80.425,0.0002744712996588569,0.08210605794258226
kanpur_industrial,2022-10-31,2022,26.375,80.475,0.0003294468008037538,0.07685791848448331
kanpur_industrial,2022-10-31,2022,26.375,80.525,0.0003998525058957947,0.06967759850911777
kanpur_industrial,2022-10-31,2022,26.425,80.175,0.0003200624485769265,0.08292620086857251
kanpur_industrial,2022-10-31,2022,26.425,80.225,0.00031967858716657816,0.08315368828127434
kanpur_industrial,2022-10-31,2022,26.425,80.275,0.00031237214064214837,0.08365333591690427
kanpur_industrial,2022-10-31,2022,26.425,80.325,0.00039789121182520906,0.08538116702109197
kanpur_industrial,2022-10-31,2022,26.425,80.375,0.00037194320981458385,0.08577480742385615
kanpur_industrial,2022-10-31,2022,26.425,80.425,0.00032653743010523084,0.08438314520421325
kanpur_industrial,2022-10-31,2022,26.425,80.475,0.00027173691498126053,0.0812732318343817
kanpur_industrial,2022-10-31,2022,26.425,80.525,0.00021711661771151882,0.07611133459562223
kanpur_industrial,2022-10-31,2022,26.425,80.55,0.00028474328499231383,0.07373034565022293
kanpur_industrial,2022-10-31,2022,26.475,80.175,0.0003544277265359364,0.08111135258729756
kanpur_industrial,2022-10-31,2022,26.475,80.225,0.0003700119085618065,0.08365348246896022
kanpur_industrial,2022-10-31,2022,26.475,80.275,0.00033101414663818404,0.08701151260178598
kanpur_industrial,2022-10-31,2022,26.475,80.325,0.0004174155314200949,0.09002025254614758
kanpur_industrial,2022-10-31,2022,26.475,80.375,0.00041079039026212173,0.08858157423400026
kanpur_industrial,2022-10-31,2022,26.475,80.425,0.00033424791440258016,0.0871688150847139
kanpur_industrial,2022-10-31,2022,26.475,80.475,0.0002329997515622694,0.0855823297875074
kanpur_industrial,2022-10-31,2022,26.475,80.525,0.0001574993830106141,0.0835023694840361
kanpur_industrial,2022-10-31,2022,26.475,80.55,0.000158275438195849,0.08313660178857221
kanpur_industrial,2022-10-31,2022,26.525,80.175,0.0003321555368377949,0.0756297598723637
kanpur_industrial,2022-10-31,2022,26.525,80.225,0.00033924324721653173,0.0774555992858323
kanpur_industrial,2022-10-31,2022,26.525,80.275,0.00033294954200892724,0.08181526978557505
kanpur_industrial,2022-10-31,2022,26.525,80.325,0.0003688783816302496,0.08577304814929307
kanpur_industrial,2022-10-31,2022,26.525,80.375,0.0003884170066923032,0.08587966956332563
kanpur_industrial,2022-10-31,2022,26.525,80.425,0.00033966900587398757,0.08898443657042017
kanpur_industrial,2022-10-31,2022,26.525,80.475,0.0002623408065045296,0.09333668981230081
kanpur_industrial,2022-10-31,2022,26.525,80.525,0.00020504783083679314,0.09678962652760506
kanpur_industrial,2022-10-31,2022,26.525,80.55,0.00025327015302971075,0.10367445208613438
kanpur_industrial,2022-10-31,2022,26.575,80.175,0.0002754732934037268,0.06903913017446829
kanpur_industrial,2022-10-31,2022,26.575,80.225,0.0002011859103288804,0.06959544403084875
kanpur_industrial,2022-10-31,2022,26.575,80.275,0.00024211672281769202,0.0688309497189098
kanpur_industrial,2022-10-31,2022,26.575,80.325,0.00025385098805609806,0.06905759790005364
kanpur_industrial,2022-10-31,2022,26.575,80.375,0.00030516932727204463,0.07351161673609932
kanpur_industrial,2022-10-31,2022,26.575,80.425,0.00036472970149528514,0.08855682724537592
kanpur_industrial,2022-10-31,2022,26.575,80.475,0.00039958369667967024,0.10669742100731483
kanpur_industrial,2022-10-31,2022,26.575,80.525,0.0003598759656880966,0.11889290130846483
kanpur_industrial,2022-10-31,2022,26.575,80.55,0.00036972237101816287,0.12022311026694649
kanpur_industrial,2022-11-01,2022,26.325,80.175,0.00029391730688429265,0.2135771889232385
kanpur_industrial,2022-11-01,2022,26.325,80.225,0.00033292610179468595,0.21269819441308987
kanpur_industrial,2022-11-01,2022,26.325,80.275,0.0003310359554224962,0.21267108019969916
kanpur_industrial,2022-11-01,2022,26.325,80.325,0.00015256713864981227,0.230090731309778
kanpur_industrial,2022-11-01,2022,26.325,80.375,0.00010777581748881905,0.17081426705427089
kanpur_industrial,2022-11-01,2022,26.325,80.425,9.623455501737037e-05,0.14934802065305627
kanpur_industrial,2022-11-01,2022,26.325,80.475,9.905857812612357e-05,0.1483237929717609
kanpur_industrial,2022-11-01,2022,26.325,80.525,9.57544505864114e-05,0.146255953485672
kanpur_industrial,2022-11-01,2022,26.325,80.55,8.04173465362678e-05,0.1458413849491278
kanpur_industrial,2022-11-01,2022,26.375,80.175,0.00017284484068909482,0.2012932229392741
kanpur_industrial,2022-11-01,2022,26.375,80.225,0.00022177181927850512,0.19548549709120053
kanpur_industrial,2022-11-01,2022,26.375,80.275,0.0002212225209740641,0.19549691087393747
kanpur_industrial,2022-11-01,2022,26.375,80.325,0.00027393624896107914,0.1456195385594688
kanpur_industrial,2022-11-01,2022,26.375,80.375,0.00028649751180614627,0.14590360002519212
kanpur_industrial,2022-11-01,2022,26.375,80.425,0.00021071577686897292,0.14738493608399725
kanpur_industrial,2022-11-01,2022,26.375,80.475,0.0001102338231408874,0.14803001244242683
kanpur_industrial,2022-11-01,2022,26.375,80.525,6.361956590992006e-05,0.14538733369481752
kanpur_industrial,2022-11-01,2022,26.425,80.175,0.00029445292549715716,0.20307907217798615
kanpur_industrial,2022-11-01,2022,26.425,80.225,0.00028186499914085414,0.1985706688706757
kanpur_industrial,2022-11-01,2022,26.425,80.275,0.0002818978215720119,0.1985420277387133
kanpur_industrial,2022-11-01,2022,26.425,80.325,0.00021378345800920236,0.14445348845198572
kanpur_industrial,2022-11-01,2022,26.425,80.375,0.0002254184056224966,0.14385123353356205
kanpur_industrial,2022-11-01,2022,26.425,80.425,0.00023799673988253727,0.14534914129904147
kanpur_industrial,2022-11-01,2022,26.425,80.475,0.0002473243119658054,0.14649858403176402
kanpur_industrial,2022-11-01,2022,26.425,80.525,0.00024587571252672404,0.14441220342470043
kanpur_industrial,2022-11-01,2022,26.425,80.55,0.00017842658740082018,0.1447730784065548
kanpur_industrial,2022-11-01,2022,26.475,80.175,0.0003079207425932168,0.20478178309969855
kanpur_industrial,2022-11-01,2022,26.475,80.225,0.0002739429541019676,0.20182908553722537
kanpur_industrial,2022-11-01,2022,26.475,80.275,0.0002743410666059567,0.2018216928787656
kanpur_industrial,2022-11-01,2022,26.475,80.325,0.0001926253758660993,0.14544436378775413
kanpur_industrial,2022-11-01,2022,26.475,80.375,0.00020172214130123947,0.14410741977958563
kanpur_industrial,2022-11-01,2022,26.475,80.425,0.00019967388526561655,0.14535089450051275
kanpur_industrial,2022-11-01,2022,26.475,80.475,0.0002043197590023162,0.1467518630191941
kanpur_industrial,2022-11-01,2022,26.475,80.525,0.00024175728258605975,0.1450583755962486
kanpur_industrial,2022-11-01,2022,26.475,80.55,0.00024504937322188683,0.1450008460773095
kanpur_industrial,2022-11-01,2022,26.525,80.175,0.00030930265893326344,0.20866238233891474
kanpur_industrial,2022-11-01,2022,26.525,80.225,0.000292980318033672,0.20416533088255423
kanpur_industrial,2022-11-01,2022,26.525,80.275,0.00027913752305096386,0.19330661380806854
kanpur_industrial,2022-11-01,2022,26.525,80.325,0.00019940301752145408,0.14949885702218016
kanpur_industrial,2022-11-01,2022,26.525,80.375,0.00019328938045379965,0.1474677059264036
kanpur_industrial,2022-11-01,2022,26.525,80.425,0.00016815897892486173,0.1478512414301378
kanpur_industrial,2022-11-01,2022,26.525,80.475,0.00015024693151823314,0.1488873305627374
kanpur_industrial,2022-11-01,2022,26.525,80.525,0.0001790172447300501,0.14864915991516636
kanpur_industrial,2022-11-01,2022,26.525,80.55,0.00016421160636634284,0.15097710575783993
kanpur_industrial,2022-11-01,2022,26.575,80.175,0.0003539993844531578,0.215932844640176
kanpur_industrial,2022-11-01,2022,26.575,80.225,0.0003966992548879187,0.2044307039022805
kanpur_industrial,2022-11-01,2022,26.575,80.275,0.00034536178027709633,0.16494801749741655
kanpur_industrial,2022-11-01,2022,26.575,80.325,0.00022873810612380506,0.15659745707961648
kanpur_industrial,2022-11-01,2022,26.575,80.375,0.00018929554567184302,0.15482363330641633
kanpur_industrial,2022-11-01,2022,26.575,80.425,0.00018963587427446257,0.15339067810474905
kanpur_industrial,2022-11-01,2022,26.575,80.475,0.00018927955707164442,0.15327897261342313
kanpur_industrial,2022-11-01,2022,26.575,80.525,0.0001312269130843435,0.15617573622045247
kanpur_industrial,2022-11-01,2022,26.575,80.55,0.0001183115913290789,0.15868709212333648
kanpur_industrial,2022-11-02,2022,26.325,80.175,0.00012720820350051033,0.08210195211719601
kanpur_industrial,2022-11-02,2022,26.325,80.225,8.619283526458149e-05,0.07981366205880772
kanpur_industrial,2022-11-02,2022,26.325,80.275,0.00016513444356082164,0.08608422587212712
kanpur_industrial,2022-11-02,2022,26.325,80.325,0.0002250091642484643,0.10882535581829882
kanpur_industrial,2022-11-02,2022,26.325,80.375,0.0002995964962140306,0.12127911236363313
kanpur_industrial,2022-11-02,2022,26.325,80.425,0.0002674289032337585,0.12807600919996898
kanpur_industrial,2022-11-02,2022,26.325,80.475,0.00022301513955022076,0.12981461705243236
kanpur_industrial,2022-11-02,2022,26.325,80.525,0.0002985469473136778,0.12636813256042953
kanpur_industrial,2022-11-02,2022,26.325,80.55,0.00034200368166930527,0.12984773697106705
kanpur_industrial,2022-11-02,2022,26.375,80.175,0.0001875804794477975,0.06378663503817662
kanpur_industrial,2022-11-02,2022,26.375,80.225,0.00014514881861038036,0.060327688985354885
kanpur_industrial,2022-11-02,2022,26.375,80.275,0.00013538673473215422,0.06475444758024176
kanpur_industrial,2022-11-02,2022,26.375,80.325,7.383105774975939e-05,0.10540300945360705
kanpur_industrial,2022-11-02,2022,26.375,80.375,0.00015039070635727795,0.11697415403472754
kanpur_industrial,2022-11-02,2022,26.375,80.425,0.00017045146513058472,0.126163325797857
kanpur_industrial,2022-11-02,2022,26.375,80.475,0.0002112807606411121,0.13211715630974108
kanpur_industrial,2022-11-02,2022,26.375,80.525,0.0003895991526302306,0.13365873227795574
kanpur_industrial,2022-11-02,2022,26.425,80.175,6.913686802275072e-05,0.06501620068939452
kanpur_industrial,2022-11-02,2022,26.425,80.225,5.55135773647733e-05,0.0688950455846147
kanpur_industrial,2022-11-02,2022,26.425,80.275,7.610645332389422e-05,0.07423982715775466
kanpur_industrial,2022-11-02,2022,26.425,80.325,0.0002579031045736935,0.10027253741653613
kanpur_industrial,2022-11-02,2022,26.425,80.375,0.00027593422404367904,0.1059837045456035
kanpur_industrial,2022-11-02,2022,26.425,80.425,0.0002797931615950674,0.11590139780320349
kanpur_industrial,2022-11-02,2022,26.425,80.475,0.00024673997854413374,0.1273466758297033
kanpur_industrial,2022-11-02,2022,26.425,80.525,0.00013911227472399056,0.1375293776952771
kanpur_industrial,2022-11-02,2022,26.425,80.55,0.00023181214292551246,0.1360969341156385
kanpur_industrial,2022-11-02,2022,26.475,80.175,8.306399669221456e-05,0.06727092801695855
kanpur_industrial,2022-11-02,2022,26.475,80.225,5.5801625832715156e-05,0.07108515239481501
kanpur_industrial,2022-11-02,2022,26.475,80.275,5.740890170072109e-05,0.07488655359213932
kanpur_industrial,2022-11-02,2022,26.475,80.325,0.0003067401387412446,0.0915975317373371
kanpur_industrial,2022-11-02,2022,26.475,80.375,0.00028474955597238813,0.09624410625631663
kanpur_industrial,2022-11-02,2022,26.475,80.425,0.00031986875337465607,0.10830922353145815
kanpur_industrial,2022-11-02,2022,26.475,80.475,0.0002969450022756832,0.12393913052014514
kanpur_industrial,2022-11-02,2022,26.475,80.525,3.787255856252086e-05,0.13945537461795404
kanpur_industrial,2022-11-02,2022,26.475,80.55,4.0184641825549976e-05,0.13939652214521586
kanpur_industrial,2022-11-02,2022,26.525,80.175,0.00011642916359084609,0.07151202583234927
kanpur_industrial,2022-11-02,2022,26.525,80.225,7.238232289717785e-05,0.07327312060056537
kanpur_industrial,2022-11-02,2022,26.525,80.275,5.719943335447037e-05,0.07370895943142507
kanpur_industrial,2022-11-02,2022,26.525,80.325,0.0002654317318545811,0.08028951624499585
kanpur_industrial,2022-11-02,2022,26.525,80.375,0.0002343514313126242,0.08466573214946405
kanpur_industrial,2022-11-02,2022,26.525,80.425,0.0003188456564491894,0.09799059986202456
kanpur_industrial,2022-11-02,2022,26.525,80.475,0.0003504456456874264,0.1166779475352229
kanpur_industrial,2022-11-02,2022,26.525,80.525,7.71309461375757e-05,0.13653988652864707
kanpur_industrial,2022-11-02,2022,26.525,80.55,0.00013585181075837928,0.13345561843753537
kanpur_industrial,2022-11-02,2022,26.575,80.175,0.00010217308848432727,0.07849136067442182
kanpur_industrial,2022-11-02,2022,26.575,80.225,6.224174518885418e-05,0.07932273038995523
kanpur_industrial,2022-11-02,2022,26.575,80.275,6.529022063342759e-05,0.07488470263988911
kanpur_industrial,2022-11-02,2022,26.575,80.325,0.00015649831677242186,0.06761665719715655
kanpur_industrial,2022-11-02,2022,26.575,80.375,0.00015370371127157974,0.06976607284894608
kanpur_industrial,2022-11-02,2022,26.575,80.425,0.00028966822749825285,0.0821728834366302
kanpur_industrial,2022-11-02,2022,26.575,80.475,0.0004041795272623123,0.10168927750413094
kanpur_industrial,2022-11-02,2022,26.575,80.525,0.0002637211385601505,0.12651403991637608
kanpur_industrial,2022-11-02,2022,26.575,80.55,0.00019982617003435553,0.12108178367459518
kanpur_industrial,2022-11-03,2022,26.325,80.175,0.00022946507617476784,0.17446870860796762
kanpur_industrial,2022-11-03,2022,26.325,80.225,0.00015545703324165928,0.12367007574127098
kanpur_industrial,2022-11-03,2022,26.325,80.275,0.0001357174288835463,0.1211808210551515
kanpur_industrial,2022-11-03,2022,26.325,80.325,0.00027186593750313354,0.11663903827810156
kanpur_industrial,2022-11-03,2022,26.325,80.375,0.00019753908901141848,0.1321901228760601
kanpur_industrial,2022-11-03,2022,26.325,80.425,0.00023502731914964943,0.17459862741896534
kanpur_industrial,2022-11-03,2022,26.325,80.475,0.0003060566490775101,0.21413238253452702
kanpur_industrial,2022-11-03,2022,26.325,80.525,0.00027778170298419614,0.15715512811727653
kanpur_industrial,2022-11-03,2022,26.325,80.55,0.00027778170298419614,0.15715512811727653
kanpur_industrial,2022-11-03,2022,26.375,80.175,0.0002758881803360313,0.2307283051397355
kanpur_industrial,2022-11-03,2022,26.375,80.225,0.000244183626088478,0.23520102722857464
kanpur_industrial,2022-11-03,2022,26.375,80.275,0.00019053358275314904,0.2356529922754878
kanpur_industrial,2022-11-03,2022,26.375,80.325,0.00034896094493369004,0.16459673674477415
kanpur_industrial,2022-11-03,2022,26.375,80.375,0.00033045380347814207,0.14922866532359083
kanpur_industrial,2022-11-03,2022,26.375,80.425,0.00037370771597840415,0.13271087822959157
kanpur_industrial,2022-11-03,2022,26.375,80.475,0.00039584836499320896,0.1285657605249495
kanpur_industrial,2022-11-03,2022,26.375,80.525,0.00027778170298419614,0.15715512811727653
kanpur_industrial,2022-11-03,2022,26.425,80.175,0.0003540016523761569,0.25636961120727775
kanpur_industrial,2022-11-03,2022,26.425,80.225,0.0002446135788524977,0.23519740516959614
kanpur_industrial,2022-11-03,2022,26.425,80.275,0.00019053358275314904,0.2356529922754878
kanpur_industrial,2022-11-03,2022,26.425,80.325,0.0004536888605253388,0.1583474714007824
kanpur_industrial,2022-11-03,2022,26.425,80.375,0.0003244865132479443,0.13296368481142543
kanpur_industrial,2022-11-03,2022,26.425,80.425,0.0003706396857744171,0.12272329330920265
kanpur_industrial,2022-11-03,2022,26.425,80.475,0.00042802625492744783,0.13245573699334878
kanpur_industrial,2022-11-03,2022,26.425,80.525,0.0002675901899981036,0.17060126818966193
kanpur_industrial,2022-11-03,2022,26.425,80.55,0.00027136185228429535,0.1656251376116925
kanpur_industrial,2022-11-03,2022,26.475,80.175,0.00037779430645766874,0.2315336548115631
kanpur_industrial,2022-11-03,2022,26.475,80.325,0.00036926752427560047,0.13959567664670955
kanpur_industrial,2022-11-03,2022,26.475,80.375,0.000228136470647178,0.12755956125842116
kanpur_industrial,2022-11-03,2022,26.475,80.425,0.00030668199651529357,0.14221956897475307
kanpur_industrial,2022-11-03,2022,26.475,80.475,0.00040754089260574346,0.171349718412239
kanpur_industrial,2022-11-03,2022,26.475,80.525,0.00025597751200579714,0.20274130441701393
kanpur_industrial,2022-11-03,2022,26.475,80.55,0.0002565508223858237,0.20090928272852576
kanpur_industrial,2022-11-03,2022,26.525,80.175,0.00036263229267428687,0.1978458698711199
kanpur_industrial,2022-11-03,2022,26.525,80.325,0.00027211793403731044,0.1245942271213141
kanpur_industrial,2022-11-03,2022,26.525,80.375,0.0001696757157753893,0.16119286181479237
kanpur_industrial,2022-11-03,2022,26.525,80.425,0.0002513423749596718,0.1822059869861072
kanpur_industrial,2022-11-03,2022,26.525,80.475,0.00036817569337884977,0.20826560643167083
kanpur_industrial,2022-11-03,2022,26.525,80.525,0.0002384115264401653,0.23331779344526352
kanpur_industrial,2022-11-03,2022,26.525,80.55,0.00023032502050224048,0.2379585818757794
kanpur_industrial,2022-11-03,2022,26.575,80.175,0.00041921062912952185,0.20316558366113938
kanpur_industrial,2022-11-03,2022,26.575,80.225,0.0003797408261812624,0.21708280511210187
kanpur_industrial,2022-11-03,2022,26.575,80.275,0.00030108428899158963,0.2540467538483646
kanpur_industrial,2022-11-03,2022,26.575,80.375,0.00025761396906151735,0.28738521032545866
kanpur_industrial,2022-11-03,2022,26.575,80.425,0.00025925952460091996,0.2862698469905522
kanpur_industrial,2022-11-03,2022,26.575,80.475,0.00022355083825233228,0.24453073567147093
kanpur_industrial,2022-11-03,2022,26.575,80.525,0.00021178069381963576,0.24653579498593947
kanpur_industrial,2022-11-03,2022,26.575,80.55,0.00018410223791353269,0.18187572881356204
kanpur_industrial,2022-11-04,2022,26.325,80.175,0.0003614716583154642,0.1250507658287608
kanpur_industrial,2022-11-04,2022,26.325,80.225,0.0002962923420756346,0.12150239652961399
kanpur_industrial,2022-11-04,2022,26.325,80.275,0.00025991293666562505,0.1257334048263563
kanpur_industrial,2022-11-04,2022,26.325,80.325,0.00027255235342545553,0.14913514180443382
kanpur_industrial,2022-11-04,2022,26.325,80.375,0.00030799418931964364,0.16285806712402404
kanpur_industrial,2022-11-04,2022,26.325,80.425,0.0003066016445338503,0.17456506078214662
kanpur_industrial,2022-11-04,2022,26.325,80.475,0.00026366837968730546,0.17848812830665542
kanpur_industrial,2022-11-04,2022,26.325,80.525,0.0001638582075938474,0.16504350178401286
kanpur_industrial,2022-11-04,2022,26.325,80.55,0.00021147346505827482,0.16450282201173907
kanpur_industrial,2022-11-04,2022,26.375,80.175,0.00029569000988642223,0.1168832201607818
kanpur_industrial,2022-11-04,2022,26.375,80.225,0.00018652381813270526,0.1173382245366714
kanpur_industrial,2022-11-04,2022,26.375,80.275,8.36750585054371e-05,0.1282266960906536
kanpur_industrial,2022-11-04,2022,26.375,80.325,0.0004074187142387511,0.16156005905343934
kanpur_industrial,2022-11-04,2022,26.375,80.375,0.000392096115189369,0.16909497607545043
kanpur_industrial,2022-11-04,2022,26.375,80.425,0.0003437638857269755,0.17413473522757034
kanpur_industrial,2022-11-04,2022,26.375,80.475,0.00029047476900399713,0.17393542369824108
kanpur_industrial,2022-11-04,2022,26.375,80.525,0.00026362350894788584,0.16391064892782015
kanpur_industrial,2022-11-04,2022,26.425,80.175,0.00036629556349157625,0.13467536968004415
kanpur_industrial,2022-11-04,2022,26.425,80.225,0.0003940672731889903,0.1454433488156661
kanpur_industrial,2022-11-04,2022,26.425,80.275,0.00035089335407195466,0.15522186080121728
kanpur_industrial,2022-11-04,2022,26.425,80.325,0.00044144879192111234,0.16358499288935574
kanpur_industrial,2022-11-04,2022,26.425,80.375,0.000389291205878681,0.16382065029888518
kanpur_industrial,2022-11-04,2022,26.425,80.425,0.00036528496545938833,0.15960108923578417
kanpur_industrial,2022-11-04,2022,26.425,80.475,0.0003391382560147392,0.15146520100725733
kanpur_industrial,2022-11-04,2022,26.425,80.525,0.00026380085021447555,0.13962640986470176
kanpur_industrial,2022-11-04,2022,26.425,80.55,0.0002637352199819581,0.1486134904628637
kanpur_industrial,2022-11-04,2022,26.475,80.175,0.00034338289228673087,0.1480816445594784
kanpur_industrial,2022-11-04,2022,26.475,80.225,0.0003985997025564194,0.15960326570302433
kanpur_industrial,2022-11-04,2022,26.475,80.275,0.00036563072560233785,0.1660517853280936
kanpur_industrial,2022-11-04,2022,26.475,80.325,0.00040700257012915374,0.1562586879474219
kanpur_industrial,2022-11-04,2022,26.475,80.375,0.0004033496012135629,0.14949624083675317
kanpur_industrial,2022-11-04,2022,26.475,80.425,0.00040547639253423834,0.14210138712476314
kanpur_industrial,2022-11-04,2022,26.475,80.475,0.00040317946324719113,0.13441056998917425
kanpur_industrial,2022-11-04,2022,26.475,80.525,0.0003812645275953062,0.12551215287160214
kanpur_industrial,2022-11-04,2022,26.475,80.55,0.00037375526269779427,0.12601125735061003
kanpur_industrial,2022-11-04,2022,26.525,80.175,0.0003626833659033822,0.15924715474030407
kanpur_industrial,2022-11-04,2022,26.525,80.225,0.00040181758374374085,0.1642052897137026
kanpur_industrial,2022-11-04,2022,26.525,80.275,0.0003200955019977513,0.1643299326143883
kanpur_industrial,2022-11-04,2022,26.525,80.325,0.00034964435740226146,0.14246301158655542
kanpur_industrial,2022-11-04,2022,26.525,80.375,0.0003926722718316809,0.13225080371183762
kanpur_industrial,2022-11-04,2022,26.525,80.425,0.00039254374979863976,0.12443650214021443
kanpur_industrial,2022-11-04,2022,26.525,80.475,0.00039717855468451575,0.1197251114537396
kanpur_industrial,2022-11-04,2022,26.525,80.525,0.0004706312040552292,0.11833198176623937
kanpur_industrial,2022-11-04,2022,26.525,80.55,0.00045982024389981994,0.11802156507980342
kanpur_industrial,2022-11-04,2022,26.575,80.175,0.0005129174437551968,0.16849970879192586
kanpur_industrial,2022-11-04,2022,26.575,80.225,0.0005267534073646313,0.16055515898081488
kanpur_industrial,2022-11-04,2022,26.575,80.275,0.0003242419558317971,0.1508693312384036
kanpur_industrial,2022-11-04,2022,26.575,80.325,0.00029728886562912084,0.12419567421270089
kanpur_industrial,2022-11-04,2022,26.575,80.375,0.0003286953266179478,0.11623442801099176
kanpur_industrial,2022-11-04,2022,26.575,80.425,0.0002803993343024598,0.1091300889144023
kanpur_industrial,2022-11-04,2022,26.575,80.475,0.00026187322817263674,0.107079661871343
kanpur_industrial,2022-11-04,2022,26.575,80.525,0.00043420739528791957,0.11738480480825744
kanpur_industrial,2022-11-04,2022,26.575,80.55,0.00036519696813359394,0.1192512415348303
kanpur_industrial,2022-11-05,2022,26.325,80.175,0.00036668813308200944,0.1878189053890616
kanpur_industrial,2022-11-05,2022,26.325,80.225,0.0004153876598558802,0.18627281121434688
kanpur_industrial,2022-11-05,2022,26.325,80.275,0.0003903271176312103,0.18859674426752918
kanpur_industrial,2022-11-05,2022,26.325,80.325,0.00022611867834657136,0.20290164408560454
kanpur_industrial,2022-11-05,2022,26.325,80.375,0.00013770374681836272,0.20712738084755378
kanpur_industrial,2022-11-05,2022,26.325,80.425,0.00015532550862540953,0.21106861164996274
kanpur_industrial,2022-11-05,2022,26.325,80.475,0.00023425353706764561,0.2129030631846
kanpur_industrial,2022-11-05,2022,26.325,80.525,0.000328009502105544,0.20952925815536358
kanpur_industrial,2022-11-05,2022,26.325,80.55,0.0003396167649579858,0.2128691903706762
kanpur_industrial,2022-11-05,2022,26.375,80.175,0.0003381950332573375,0.16703600428420481
kanpur_industrial,2022-11-05,2022,26.375,80.225,0.00023115562430720083,0.16243737697587757
kanpur_industrial,2022-11-05,2022,26.375,80.275,0.00017144590101466058,0.1714991474525124
kanpur_industrial,2022-11-05,2022,26.375,80.325,0.00016846633383182236,0.18925772212299777
kanpur_industrial,2022-11-05,2022,26.375,80.375,0.00015215585002917634,0.19358586124061836
kanpur_industrial,2022-11-05,2022,26.375,80.425,0.0001885803977912904,0.20317260659012137
kanpur_industrial,2022-11-05,2022,26.375,80.475,0.0002603442899251884,0.2129484985849737
kanpur_industrial,2022-11-05,2022,26.375,80.525,0.00035232948141542203,0.21652721136839953
kanpur_industrial,2022-11-05,2022,26.425,80.175,0.00036844047885757543,0.16326254159278808
kanpur_industrial,2022-11-05,2022,26.425,80.225,0.00031174490816847687,0.15878862042101716
kanpur_industrial,2022-11-05,2022,26.425,80.275,0.0002506722029120966,0.1613423891789686
kanpur_industrial,2022-11-05,2022,26.425,80.325,0.00035292034829019194,0.17664625404022474
kanpur_industrial,2022-11-05,2022,26.425,80.375,0.0003345321787671822,0.18261214449768406
kanpur_industrial,2022-11-05,2022,26.425,80.425,0.00027879474453809943,0.192797864878245
kanpur_industrial,2022-11-05,2022,26.425,80.475,0.00024782781980705297,0.20072335018313794
kanpur_industrial,2022-11-05,2022,26.425,80.525,0.0003286909160522426,0.197900072863327
kanpur_industrial,2022-11-05,2022,26.425,80.55,0.0003374390465409783,0.20479358081402316
kanpur_industrial,2022-11-05,2022,26.475,80.175,0.0003629758282717395,0.16312428705308932
kanpur_industrial,2022-11-05,2022,26.475,80.225,0.0002757794231191676,0.16001225018648058
kanpur_industrial,2022-11-05,2022,26.475,80.275,0.00024327124416833628,0.159743768306507
kanpur_industrial,2022-11-05,2022,26.475,80.325,0.00036140880812235443,0.17070386515878255
kanpur_industrial,2022-11-05,2022,26.475,80.375,0.00034484390449835247,0.17682213577967573
kanpur_industrial,2022-11-05,2022,26.475,80.425,0.0003103278199036452,0.1851856456619804
kanpur_industrial,2022-11-05,2022,26.475,80.475,0.000288029387488069,0.1906362966267521
kanpur_industrial,2022-11-05,2022,26.475,80.525,0.0003196902106183851,0.18560465650050756
kanpur_industrial,2022-11-05,2022,26.475,80.55,0.00031987301533658067,0.18608144854324318
kanpur_industrial,2022-11-05,2022,26.525,80.175,0.000311096450451741,0.16803693202177872
kanpur_industrial,2022-11-05,2022,26.525,80.225,0.0002205221912987663,0.16679332262939756
kanpur_industrial,2022-11-05,2022,26.525,80.275,0.00022861132383445164,0.16552623704178224
kanpur_industrial,2022-11-05,2022,26.525,80.325,0.0003230722517475942,0.16750193003025754
kanpur_industrial,2022-11-05,2022,26.525,80.375,0.0003012465244525768,0.17095018982679083
kanpur_industrial,2022-11-05,2022,26.525,80.425,0.00030525615293201515,0.17456816877760317
kanpur_industrial,2022-11-05,2022,26.525,80.475,0.00031517371826847397,0.1761369007460732
kanpur_industrial,2022-11-05,2022,26.525,80.525,0.00030190615188318914,0.1712272560139655
kanpur_industrial,2022-11-05,2022,26.525,80.55,0.0002892213507467011,0.16469401249874038
kanpur_industrial,2022-11-05,2022,26.575,80.175,0.00020598882593533057,0.17940190936563544
kanpur_industrial,2022-11-05,2022,26.575,80.225,0.0002065219948614436,0.18002048147361766
kanpur_industrial,2022-11-05,2022,26.575,80.275,0.0002550565335456991,0.17855942976185257
kanpur_industrial,2022-11-05,2022,26.575,80.325,0.0003170538327064136,0.16538674934294725
kanpur_industrial,2022-11-05,2022,26.575,80.375,0.0002746805322673474,0.16218343248339673
kanpur_industrial,2022-11-05,2022,26.575,80.425,0.00027339124498083764,0.15789265177730968
kanpur_industrial,2022-11-05,2022,26.575,80.475,0.00028314885090022934,0.15348842795200668
kanpur_industrial,2022-11-05,2022,26.575,80.525,0.0002617375492919604,0.15010146102969113
kanpur_industrial,2022-11-05,2022,26.575,80.55,0.0002809359546941772,0.14294039253264096
kanpur_industrial,2022-11-06,2022,26.325,80.175,0.0002519338432426813,0.14360546208905325
kanpur_industrial,2022-11-06,2022,26.325,80.225,0.0002907678013508886,0.10186371999316962
kanpur_industrial,2022-11-06,2022,26.325,80.275,0.0002379162675133101,0.10626863538047258
kanpur_industrial,2022-11-06,2022,26.325,80.325,4.2613717442720006e-05,0.1299888490765353
kanpur_industrial,2022-11-06,2022,26.325,80.375,-9.097192850622486e-05,0.14224670570132383
kanpur_industrial,2022-11-06,2022,26.325,80.425,0.00011180173056123441,0.1649966886388288
kanpur_industrial,2022-11-06,2022,26.325,80.475,0.0003401217690684176,0.18361414509753185
kanpur_industrial,2022-11-06,2022,26.325,80.525,0.00016853615777482394,0.17708087228851604
kanpur_industrial,2022-11-06,2022,26.325,80.55,0.00020194180225523056,0.16589919611107135
kanpur_industrial,2022-11-06,2022,26.375,80.175,0.00023659914686537152,0.1691761447695317
kanpur_industrial,2022-11-06,2022,26.375,80.225,0.0002928952864230242,0.16546075363635604
kanpur_industrial,2022-11-06,2022,26.375,80.275,0.00013668369803035495,0.17007606948416265
kanpur_industrial,2022-11-06,2022,26.375,80.325,4.443577893485717e-05,0.19955678083391412
kanpur_industrial,2022-11-06,2022,26.375,80.375,-0.00012395004775712698,0.13810162434648646
kanpur_industrial,2022-11-06,2022,26.375,80.425,8.073534782094602e-07,0.1271151007779469
kanpur_industrial,2022-11-06,2022,26.375,80.475,0.0002112060365463899,0.1426812123728858
kanpur_industrial,2022-11-06,2022,26.375,80.525,0.0002385289366861521,0.15365259839291764
kanpur_industrial,2022-11-06,2022,26.425,80.175,0.0002207893621457997,0.1749215994783087
kanpur_industrial,2022-11-06,2022,26.425,80.225,0.0002077694918528089,0.17240971304374847
kanpur_industrial,2022-11-06,2022,26.425,80.275,0.00016706835501233776,0.1750182356072024
kanpur_industrial,2022-11-06,2022,26.425,80.325,0.00019501107232218338,0.19329833249126832
kanpur_industrial,2022-11-06,2022,26.425,80.375,0.00014778122961972307,0.18737578201658234
kanpur_industrial,2022-11-06,2022,26.425,80.425,9.851379313473715e-05,0.15853563995616107
kanpur_industrial,2022-11-06,2022,26.425,80.475,8.017864630106211e-05,0.1345138426322219
kanpur_industrial,2022-11-06,2022,26.425,80.525,0.00014229253621062904,0.15277479522942808
kanpur_industrial,2022-11-06,2022,26.425,80.55,0.00017790758205590135,0.15309965151827853
kanpur_industrial,2022-11-06,2022,26.475,80.175,0.00021120298775692545,0.17778624474372887
kanpur_industrial,2022-11-06,2022,26.475,80.225,0.0001509703046305632,0.1766826353299851
kanpur_industrial,2022-11-06,2022,26.475,80.275,0.0001957576756893018,0.1789386336076475
kanpur_industrial,2022-11-06,2022,26.475,80.325,0.00024885053153753903,0.19030092041700075
kanpur_industrial,2022-11-06,2022,26.475,80.375,0.00023290027179364423,0.19747120019520814
kanpur_industrial,2022-11-06,2022,26.475,80.425,0.00013979922651590683,0.16281342955663425
kanpur_industrial,2022-11-06,2022,26.475,80.475,6.136783197499675e-05,0.12966349218922313
kanpur_industrial,2022-11-06,2022,26.475,80.525,0.00012492544396950963,0.15717964628380351
kanpur_industrial,2022-11-06,2022,26.475,80.55,0.00012443688942310004,0.1568833535044907
kanpur_industrial,2022-11-06,2022,26.525,80.175,0.0002223611890662647,0.18078045980089147
kanpur_industrial,2022-11-06,2022,26.525,80.225,0.00017670766210033006,0.18095384632140188
kanpur_industrial,2022-11-06,2022,26.525,80.275,0.0002472739296612551,0.18197804135393936
kanpur_industrial,2022-11-06,2022,26.525,80.325,0.00021294813460195718,0.18571430270426426
kanpur_industrial,2022-11-06,2022,26.525,80.375,0.0002036737053986061,0.1904594669149431
kanpur_industrial,2022-11-06,2022,26.525,80.425,0.00012750989306379432,0.16686273870724724
kanpur_industrial,2022-11-06,2022,26.525,80.475,7.258113371646709e-05,0.14237662615011729
kanpur_industrial,2022-11-06,2022,26.525,80.525,0.00016204869188061463,0.1556825096496557
kanpur_industrial,2022-11-06,2022,26.525,80.55,0.00018731759248953237,0.15108890773777958
kanpur_industrial,2022-11-06,2022,26.575,80.175,0.00026410592525443724,0.18557907620435046
kanpur_industrial,2022-11-06,2022,26.575,80.225,0.00032210719735882153,0.18662041120895576
kanpur_industrial,2022-11-06,2022,26.575,80.275,0.00033420594535807553,0.18397417161213156
kanpur_industrial,2022-11-06,2022,26.575,80.325,9.285482391988727e-05,0.17704631863202216
kanpur_industrial,2022-11-06,2022,26.575,80.375,9.119237639067707e-05,0.1777804028128027
kanpur_industrial,2022-11-06,2022,26.575,80.425,5.753924889959551e-05,0.18530032888970027
kanpur_industrial,2022-11-06,2022,26.575,80.475,6.754896715962265e-05,0.18217477754181413
kanpur_industrial,2022-11-06,2022,26.575,80.525,0.00024204926779800384,0.1408205530554623
kanpur_industrial,2022-11-06,2022,26.575,80.55,0.00020311300313805925,0.13546741092002068
kanpur_industrial,2022-11-07,2022,26.325,80.175,0.00014924600209799023,0.15669766015413986
kanpur_industrial,2022-11-07,2022,26.325,80.225,0.0001474458656604784,0.1557633898635378
kanpur_industrial,2022-11-07,2022,26.325,80.275,0.00015815768693747944,0.16374278629499364
kanpur_industrial,2022-11-07,2022,26.325,80.325,0.0001638822206841162,0.1816382334790276
kanpur_industrial,2022-11-07,2022,26.325,80.375,0.00016337631292385354,0.18587009377546854
kanpur_industrial,2022-11-07,2022,26.325,80.425,0.00015962529177615097,0.190498963738631
kanpur_industrial,2022-11-07,2022,26.325,80.475,0.0001272627023234375,0.19389621428828852
kanpur_industrial,2022-11-07,2022,26.325,80.525,2.2666398214297613e-05,0.19347178995874365
kanpur_industrial,2022-11-07,2022,26.325,80.55,0.00012879342562775598,0.1993145639005674
kanpur_industrial,2022-11-07,2022,26.375,80.175,0.0001127479758716375,0.14148863052629898
kanpur_industrial,2022-11-07,2022,26.375,80.225,0.0002625666842613757,0.1382570721991452
kanpur_industrial,2022-11-07,2022,26.375,80.275,0.0003597989511061637,0.15341575274370078
kanpur_industrial,2022-11-07,2022,26.375,80.325,0.00013294550072126183,0.18596775789688397
kanpur_industrial,2022-11-07,2022,26.375,80.375,0.000140589959013892,0.18660030732178248
kanpur_industrial,2022-11-07,2022,26.375,80.425,0.0001825861791195349,0.19337564120797712
kanpur_industrial,2022-11-07,2022,26.375,80.475,0.00022919551571312356,0.20170882392520328
kanpur_industrial,2022-11-07,2022,26.375,80.525,0.0002450277889853532,0.2057137925035172
kanpur_industrial,2022-11-07,2022,26.425,80.175,0.00017278437548120474,0.15702430964362812
kanpur_industrial,2022-11-07,2022,26.425,80.225,0.000207788478015495,0.15730948275679354
kanpur_industrial,2022-11-07,2022,26.425,80.275,0.0002607822545649114,0.16432025435519043
kanpur_industrial,2022-11-07,2022,26.425,80.325,0.00014610064880941166,0.18212863345799793
kanpur_industrial,2022-11-07,2022,26.425,80.375,0.00014329506475429978,0.18464371810235997
kanpur_industrial,2022-11-07,2022,26.425,80.425,0.00019322134183113717,0.19087157313825057
kanpur_industrial,2022-11-07,2022,26.425,80.475,0.0002630631724170484,0.1982933195999504
kanpur_industrial,2022-11-07,2022,26.425,80.525,0.0003137758587615048,0.20402226810595586
kanpur_industrial,2022-11-07,2022,26.425,80.55,0.00028833365971048805,0.204648265323951
kanpur_industrial,2022-11-07,2022,26.475,80.175,0.0001845268705407793,0.16670003175267614
kanpur_industrial,2022-11-07,2022,26.475,80.225,0.0001632516348336314,0.1681123206921672
kanpur_industrial,2022-11-07,2022,26.475,80.275,0.00016093601659310884,0.17119696550795302
kanpur_industrial,2022-11-07,2022,26.475,80.325,0.00021031719113486403,0.1793355610337074
kanpur_industrial,2022-11-07,2022,26.475,80.375,0.0001542501269927546,0.18205345250295543
kanpur_industrial,2022-11-07,2022,26.475,80.425,0.00016876666560863208,0.1882182344182573
kanpur_industrial,2022-11-07,2022,26.475,80.475,0.00020741096870977152,0.19597984490719988
kanpur_industrial,2022-11-07,2022,26.475,80.525,0.00021161514980189296,0.20363908509338655
kanpur_industrial,2022-11-07,2022,26.475,80.55,0.00021929112763311985,0.20363548150943875
kanpur_industrial,2022-11-07,2022,26.525,80.175,0.00021416631082681043,0.17629327063429254
kanpur_industrial,2022-11-07,2022,26.525,80.225,0.0001715433038699617,0.17771187272482739
kanpur_industrial,2022-11-07,2022,26.525,80.275,0.0001397761910045464,0.17864833496123356
kanpur_industrial,2022-11-07,2022,26.525,80.325,0.00024646738372874116,0.17710278672667212
kanpur_industrial,2022-11-07,2022,26.525,80.375,0.0001509669810709888,0.17777917853413464
kanpur_industrial,2022-11-07,2022,26.525,80.425,0.00013036898945783086,0.18429424936169747
kanpur_industrial,2022-11-07,2022,26.525,80.475,0.0001435087749168953,0.19430043807086594
kanpur_industrial,2022-11-07,2022,26.525,80.525,0.00013567589167964237,0.20542055695153436
kanpur_industrial,2022-11-07,2022,26.525,80.55,0.00015951135963394766,0.20685760515180757
kanpur_industrial,2022-11-07,2022,26.575,80.175,0.00030252097634750835,0.18883021477719772
kanpur_industrial,2022-11-07,2022,26.575,80.225,0.00026463460238665925,0.18981046106763028
kanpur_industrial,2022-11-07,2022,26.575,80.275,0.0002554866033137342,0.18911744500484792
kanpur_industrial,2022-11-07,2022,26.575,80.325,0.0002013679311006032,0.175596715479155
kanpur_industrial,2022-11-07,2022,26.575,80.375,0.00011643005753488318,0.17126908891310338
kanpur_industrial,2022-11-07,2022,26.575,80.425,9.322193145510693e-05,0.17860861927997737
kanpur_industrial,2022-11-07,2022,26.575,80.475,0.0001249243670214567,0.19297571095777424
kanpur_industrial,2022-11-07,2022,26.575,80.525,0.00021084503358497056,0.21001900634211856
kanpur_industrial,2022-11-07,2022,26.575,80.55,0.0001626815603449593,0.20970782194896853
kanpur_industrial,2022-11-08,2022,26.325,80.175,0.00028968400517084906,0.04109734217861163
kanpur_industrial,2022-11-08,2022,26.325,80.225,0.00039307612040024735,0.042751274571974335
kanpur_industrial,2022-11-08,2022,26.325,80.275,0.0002854984334227172,0.06236496463844523
kanpur_industrial,2022-11-08,2022,26.325,80.325,4.741941946369056e-05,0.08345870788639934
kanpur_industrial,2022-11-08,2022,26.325,80.375,0.00014548720554480963,0.08561108480687524
kanpur_industrial,2022-11-08,2022,26.325,80.425,0.00016646421714651402,0.08981854468066267
kanpur_industrial,2022-11-08,2022,26.325,80.475,0.00017086272101556478,0.09599915931194652
kanpur_industrial,2022-11-08,2022,26.325,80.525,0.0002409833466402264,0.10473482267563008
kanpur_industrial,2022-11-08,2022,26.325,80.55,0.00021124510392942278,0.10983739989552371
kanpur_industrial,2022-11-08,2022,26.375,80.175,0.0002547763369065155,0.0024314104203690687
kanpur_industrial,2022-11-08,2022,26.375,80.225,0.00029357645702211865,0.0034004663082455675
kanpur_industrial,2022-11-08,2022,26.375,80.275,0.00020688044996269056,0.01368687689068841
kanpur_industrial,2022-11-08,2022,26.375,80.325,0.0003447213593922936,0.07668965332189526
kanpur_industrial,2022-11-08,2022,26.375,80.375,0.0003078281878044423,0.08698277052958185
kanpur_industrial,2022-11-08,2022,26.375,80.425,0.0003079881807089145,0.09491017633253129
kanpur_industrial,2022-11-08,2022,26.375,80.475,0.00029175914982356094,0.10305835893502925
kanpur_industrial,2022-11-08,2022,26.375,80.525,0.00017867464762711402,0.11542593685064531
kanpur_industrial,2022-11-08,2022,26.425,80.175,0.00019532013158874692,0.010278296819079056
kanpur_industrial,2022-11-08,2022,26.425,80.225,0.00023175978685120792,0.026264761346398467
kanpur_industrial,2022-11-08,2022,26.425,80.275,0.000316527503325576,0.047503342265305004
kanpur_industrial,2022-11-08,2022,26.425,80.325,0.00016066611817181533,0.06996897522806435
kanpur_industrial,2022-11-08,2022,26.425,80.375,0.00017938731714048267,0.07366609739732402
kanpur_industrial,2022-11-08,2022,26.425,80.425,0.0001976112376518788,0.07969340291245099
kanpur_industrial,2022-11-08,2022,26.425,80.475,0.00021692022708353544,0.08917834957162617
kanpur_industrial,2022-11-08,2022,26.425,80.525,0.00024333251326661253,0.10492646210169118
kanpur_industrial,2022-11-08,2022,26.425,80.55,0.00021940401180947527,0.1088120944890994
kanpur_industrial,2022-11-08,2022,26.475,80.175,0.00019217716420306114,0.02748258893553208
kanpur_industrial,2022-11-08,2022,26.475,80.225,0.00023914406713408909,0.04309260237822903
kanpur_industrial,2022-11-08,2022,26.475,80.275,0.0003148238039611017,0.05927537529816787
kanpur_industrial,2022-11-08,2022,26.475,80.325,7.395965336962686e-05,0.06626142028783835
kanpur_industrial,2022-11-08,2022,26.475,80.375,0.00015926127669106663,0.06692859238038747
kanpur_industrial,2022-11-08,2022,26.475,80.425,0.00020284686711358543,0.07170585404641074
kanpur_industrial,2022-11-08,2022,26.475,80.475,0.00021162147502867744,0.08159540778618499
kanpur_industrial,2022-11-08,2022,26.475,80.525,0.0001895927071190476,0.09973949033333954
kanpur_industrial,2022-11-08,2022,26.475,80.55,0.00019410402896556314,0.09989673672715554
kanpur_industrial,2022-11-08,2022,26.525,80.175,0.00024125036700958677,0.047632751485184525
kanpur_industrial,2022-11-08,2022,26.525,80.225,0.000269732465791781,0.05744736522342377
kanpur_industrial,2022-11-08,2022,26.525,80.275,0.00028208197016692076,0.06321764441637176
kanpur_industrial,2022-11-08,2022,26.525,80.325,9.177237999949754e-05,0.058977920948598946
kanpur_industrial,2022-11-08,2022,26.525,80.375,0.00017269603922039938,0.05459060944069512
kanpur_industrial,2022-11-08,2022,26.525,80.425,0.00022111175868106257,0.05845169907090337
kanpur_industrial,2022-11-08,2022,26.525,80.475,0.00022169933128413994,0.07074559659766917
kanpur_industrial,2022-11-08,2022,26.525,80.525,0.0001471569119511735,0.09245670771755812
kanpur_industrial,2022-11-08,2022,26.525,80.55,0.0001629864891201225,0.08819407710992674
kanpur_industrial,2022-11-08,2022,26.575,80.175,0.0003434962367698436,0.06595788178546565
kanpur_industrial,2022-11-08,2022,26.575,80.225,0.00029749974701901507,0.07050434609540163
kanpur_industrial,2022-11-08,2022,26.575,80.275,0.0002643391577113071,0.06681275258374209
kanpur_industrial,2022-11-08,2022,26.575,80.325,0.00022421350573276623,0.04432220009351671
kanpur_industrial,2022-11-08,2022,26.575,80.375,0.00018149850009627352,0.02892599139431789
kanpur_industrial,2022-11-08,2022,26.575,80.425,0.00019115810384412465,0.032654384137667386
kanpur_industrial,2022-11-08,2022,26.575,80.475,0.00021414611983628786,0.05038495117192396
kanpur_industrial,2022-11-08,2022,26.575,80.525,0.00019840206916569894,0.078425853343591
kanpur_industrial,2022-11-08,2022,26.575,80.55,0.00021804921089070139,0.06410975091290054
kanpur_industrial,2022-11-09,2022,26.325,80.175,0.0002723522400763362,0.11068092394152242
kanpur_industrial,2022-11-09,2022,26.325,80.225,0.000243957463984547,0.108044939606944
kanpur_industrial,2022-11-09,2022,26.325,80.275,0.0004231290519018568,0.11398395651739723
kanpur_industrial,2022-11-09,2022,26.325,80.325,0.00024088026382547103,0.12923214440005146
kanpur_industrial,2022-11-09,2022,26.325,80.375,0.00017408330337185407,0.1314691112830738
kanpur_industrial,2022-11-09,2022,26.325,80.425,0.00021656885505072626,0.1307880120148672
kanpur_industrial,2022-11-09,2022,26.325,80.475,0.000278237526766638,0.12588465978584884
kanpur_industrial,2022-11-09,2022,26.325,80.525,0.0002420905656698442,0.11388352595648213
kanpur_industrial,2022-11-09,2022,26.325,80.55,0.00022088426760906224,0.11963922897620519
kanpur_industrial,2022-11-09,2022,26.375,80.175,0.0003524761702348477,0.10872773511314411
kanpur_industrial,2022-11-09,2022,26.375,80.225,0.0002998746836485691,0.08901907870814056
kanpur_industrial,2022-11-09,2022,26.375,80.275,0.00027237077790252074,0.0948219323288929
kanpur_industrial,2022-11-09,2022,26.375,80.325,0.0002405739314583699,0.12705783498473144
kanpur_industrial,2022-11-09,2022,26.375,80.375,0.00030250222530712394,0.13356504798533783
kanpur_industrial,2022-11-09,2022,26.375,80.425,0.0002812120746748722,0.13295087652197674
kanpur_industrial,2022-11-09,2022,26.375,80.475,0.00022554305164148577,0.1289412895385145
kanpur_industrial,2022-11-09,2022,26.375,80.525,0.0001976583221139201,0.1259430941882828
kanpur_industrial,2022-11-09,2022,26.425,80.175,0.0003199213947429571,0.13251443149578737
kanpur_industrial,2022-11-09,2022,26.425,80.225,0.00026321050226425693,0.10303292774009996
kanpur_industrial,2022-11-09,2022,26.425,80.275,0.00029873043119976836,0.10248269576827908
kanpur_industrial,2022-11-09,2022,26.425,80.325,0.00028285984224469033,0.11421076960455301
kanpur_industrial,2022-11-09,2022,26.425,80.375,0.0003234863332017045,0.11881924563324418
kanpur_industrial,2022-11-09,2022,26.425,80.425,0.00030966323695080377,0.12162359054522008
kanpur_industrial,2022-11-09,2022,26.425,80.475,0.00024957648832055624,0.12514197626605253
kanpur_industrial,2022-11-09,2022,26.425,80.525,0.00014737577904902946,0.13324472433968743
kanpur_industrial,2022-11-09,2022,26.425,80.55,0.00016598427923839845,0.13054254625215972
kanpur_industrial,2022-11-09,2022,26.475,80.175,0.00032085726642725235,0.1503500525989127
kanpur_industrial,2022-11-09,2022,26.475,80.225,0.0002779962589097219,0.1189397450037986
kanpur_industrial,2022-11-09,2022,26.475,80.275,0.00032233675375268874,0.11360579595617205
kanpur_industrial,2022-11-09,2022,26.475,80.325,0.00028141468804482436,0.10946158382989435
kanpur_industrial,2022-11-09,2022,26.475,80.375,0.00034339280652795134,0.11070076646049075
kanpur_industrial,2022-11-09,2022,26.475,80.425,0.00032797289558250073,0.11690627955702831
kanpur_industrial,2022-11-09,2022,26.475,80.475,0.00026719926071387234,0.12718221772519758
kanpur_industrial,2022-11-09,2022,26.475,80.525,0.00019398008462875985,0.14191559163227893
kanpur_industrial,2022-11-09,2022,26.475,80.55,0.00019016398968152312,0.14148239671089136
kanpur_industrial,2022-11-09,2022,26.525,80.175,0.0003338097193301057,0.1691424428453144
kanpur_industrial,2022-11-09,2022,26.525,80.225,0.00030888676001779,0.13786677246027
kanpur_industrial,2022-11-09,2022,26.525,80.275,0.00032763670511909724,0.12666795731450126
kanpur_industrial,2022-11-09,2022,26.525,80.325,0.00026889048263207453,0.10910350538843773
kanpur_industrial,2022-11-09,2022,26.525,80.375,0.00030611289181609974,0.10629070212274214
kanpur_industrial,2022-11-09,2022,26.525,80.425,0.00029833116227135525,0.11382213399819248
kanpur_industrial,2022-11-09,2022,26.525,80.475,0.00026591204650662953,0.12899673634068246
kanpur_industrial,2022-11-09,2022,26.525,80.525,0.00022840064588242336,0.1500915173030676
kanpur_industrial,2022-11-09,2022,26.525,80.55,0.0002137864630461113,0.15197352548948206
kanpur_industrial,2022-11-09,2022,26.575,80.175,0.0003462898893854017,0.1924828039569243
kanpur_industrial,2022-11-09,2022,26.575,80.225,0.00033422155348691884,0.1601217651941915
kanpur_industrial,2022-11-09,2022,26.575,80.275,0.00030356655674999074,0.14032274212967813
kanpur_industrial,2022-11-09,2022,26.575,80.325,0.00026428854182043964,0.11162983679561168
kanpur_industrial,2022-11-09,2022,26.575,80.375,0.0001742355463037644,0.10469876128343318
kanpur_industrial,2022-11-09,2022,26.575,80.425,0.00019496278371415149,0.10984445750129485
kanpur_industrial,2022-11-09,2022,26.575,80.475,0.00023852589729721533,0.12622942006701537
kanpur_industrial,2022-11-09,2022,26.575,80.525,0.00018156819124119617,0.15595134989550882
kanpur_industrial,2022-11-09,2022,26.575,80.55,0.00018207550905777474,0.14920801676484594
kanpur_industrial,2022-11-10,2022,26.325,80.175,0.00029131530471756834,0.20525403602065956
kanpur_industrial,2022-11-10,2022,26.325,80.225,0.0002521858652606336,0.19949200261456984
kanpur_industrial,2022-11-10,2022,26.325,80.275,0.0002227681236490303,0.19917882855779354
kanpur_industrial,2022-11-10,2022,26.325,80.325,0.0003241907910480928,0.20497564600011395
kanpur_industrial,2022-11-10,2022,26.325,80.375,0.0002581235824430114,0.20335662089100454
kanpur_industrial,2022-11-10,2022,26.325,80.425,0.00029688785251542405,0.19249721694026
kanpur_industrial,2022-11-10,2022,26.325,80.475,0.00034917798429396187,0.17883081271834764
kanpur_industrial,2022-11-10,2022,26.325,80.525,0.00029099228543567895,0.17033210352915182
kanpur_industrial,2022-11-10,2022,26.325,80.55,0.00034260724826652386,0.16742935808347692
kanpur_industrial,2022-11-10,2022,26.375,80.175,0.00024387513602625653,0.1710126153345142
kanpur_industrial,2022-11-10,2022,26.375,80.225,0.0002273199149337719,0.16347529969012095
kanpur_industrial,2022-11-10,2022,26.375,80.275,0.00024242959304513178,0.16589709471075328
kanpur_industrial,2022-11-10,2022,26.375,80.325,0.00023339063860352413,0.17166261626870782
kanpur_industrial,2022-11-10,2022,26.375,80.375,0.0002004939827774941,0.16957118449237749
kanpur_industrial,2022-11-10,2022,26.375,80.425,0.00022769569161057543,0.1635529546256163
kanpur_industrial,2022-11-10,2022,26.375,80.475,0.00029840637215435207,0.1592283124129378
kanpur_industrial,2022-11-10,2022,26.375,80.525,0.00039913792184316353,0.16425016069059487
kanpur_industrial,2022-11-10,2022,26.425,80.175,0.0002637150309638496,0.1569677390416602
kanpur_industrial,2022-11-10,2022,26.425,80.225,0.00025797486461196775,0.14831151335442214
kanpur_industrial,2022-11-10,2022,26.425,80.275,0.0002670481797724739,0.14388739216618995
kanpur_industrial,2022-11-10,2022,26.425,80.325,0.00014544027334650322,0.14227481944890383
kanpur_industrial,2022-11-10,2022,26.425,80.375,0.0001811492878084084,0.14449599367942628
kanpur_industrial,2022-11-10,2022,26.425,80.425,0.00023752991003317262,0.14685541548611136
kanpur_industrial,2022-11-10,2022,26.425,80.475,0.0002753487560554701,0.14983121947049483
kanpur_industrial,2022-11-10,2022,26.425,80.525,0.00024364300914819927,0.15445722246929727
kanpur_industrial,2022-11-10,2022,26.425,80.55,0.000301188370539249,0.1580813807086751
kanpur_industrial,2022-11-10,2022,26.475,80.175,0.00023526611019027474,0.14813115520454173
kanpur_industrial,2022-11-10,2022,26.475,80.225,0.0002934522811297032,0.1408774694923114
kanpur_industrial,2022-11-10,2022,26.475,80.275,0.00034491093149657077,0.13484839155882708
kanpur_industrial,2022-11-10,2022,26.475,80.325,0.00013154187366913052,0.12870033011180168
kanpur_industrial,2022-11-10,2022,26.475,80.375,0.00019742807232275684,0.13116428708774297
kanpur_industrial,2022-11-10,2022,26.475,80.425,0.00023417270783355012,0.13534093298971903
kanpur_industrial,2022-11-10,2022,26.475,80.475,0.00023711563233953746,0.1409426853390388
kanpur_industrial,2022-11-10,2022,26.475,80.525,0.000194639155997506,0.14802168477443833
kanpur_industrial,2022-11-10,2022,26.475,80.55,0.00019518913446039038,0.14827052242255162
kanpur_industrial,2022-11-10,2022,26.525,80.175,0.0002187279574268364,0.14064875117132924
kanpur_industrial,2022-11-10,2022,26.525,80.225,0.00029731665307703765,0.13506374561631057
kanpur_industrial,2022-11-10,2022,26.525,80.275,0.0003638510654844148,0.12964978797302792
kanpur_industrial,2022-11-10,2022,26.525,80.325,0.00015461510633333795,0.11907270103150147
kanpur_industrial,2022-11-10,2022,26.525,80.375,0.00021341023231619485,0.12002103457014739
kanpur_industrial,2022-11-10,2022,26.525,80.425,0.0002272507884606943,0.12465908101994153
kanpur_industrial,2022-11-10,2022,26.525,80.475,0.00021549741966813706,0.1324654719705354
kanpur_industrial,2022-11-10,2022,26.525,80.525,0.00020255389798730546,0.14292999145622307
kanpur_industrial,2022-11-10,2022,26.525,80.55,0.00021534088351043865,0.14152104777059682
kanpur_industrial,2022-11-10,2022,26.575,80.175,0.0002533069986612901,0.13280004266932263
kanpur_industrial,2022-11-10,2022,26.575,80.225,0.0002441643381877678,0.12772163194757963
kanpur_industrial,2022-11-10,2022,26.575,80.275,0.00024816309088755776,0.12349218252790736
kanpur_industrial,2022-11-10,2022,26.575,80.325,0.0001913530402278004,0.10725501682393308
kanpur_industrial,2022-11-10,2022,26.575,80.375,0.00020647537415686287,0.10600213637762508
kanpur_industrial,2022-11-10,2022,26.575,80.425,0.00022206675216808456,0.11287908610012583
kanpur_industrial,2022-11-10,2022,26.575,80.475,0.000235337193351017,0.1245995413903816
kanpur_industrial,2022-11-10,2022,26.575,80.525,0.00024352597547547036,0.13830212276708664
kanpur_industrial,2022-11-10,2022,26.575,80.55,0.00024288864293700455,0.13395250519248036
kanpur_industrial,2022-11-11,2022,26.325,80.175,0.00018326866655887433,0.18632898377459223
kanpur_industrial,2022-11-11,2022,26.325,80.225,0.0002269085273588163,0.1918751208179695
kanpur_industrial,2022-11-11,2022,26.325,80.275,0.0002468999714252452,0.19509571515295485
kanpur_industrial,2022-11-11,2022,26.325,80.325,0.00016456032237060185,0.20665675862199648
kanpur_industrial,2022-11-11,2022,26.325,80.375,0.0001569218225749209,0.214322194375262
kanpur_industrial,2022-11-11,2022,26.325,80.425,0.00018729898394173022,0.2169907154393659
kanpur_industrial,2022-11-11,2022,26.325,80.475,0.00026031867498483457,0.2156594816546708
kanpur_industrial,2022-11-11,2022,26.325,80.525,0.00039226762485323455,0.21085256182672743
kanpur_industrial,2022-11-11,2022,26.325,80.55,0.0003975740221168671,0.21435498642890766
kanpur_industrial,2022-11-11,2022,26.375,80.175,0.0002166151269814388,0.18882558080440803
kanpur_industrial,2022-11-11,2022,26.375,80.225,0.00018044076346267942,0.18209123375244368
kanpur_industrial,2022-11-11,2022,26.375,80.275,0.00019404520428241767,0.1835830819573684
kanpur_industrial,2022-11-11,2022,26.375,80.325,0.0001218013783346509,0.19916827634491766
kanpur_industrial,2022-11-11,2022,26.375,80.375,0.00015633314964359085,0.2020499523300284
kanpur_industrial,2022-11-11,2022,26.375,80.425,0.0002650598694252585,0.20750111639088023
kanpur_industrial,2022-11-11,2022,26.375,80.475,0.00037707290003660216,0.21361273184444843
kanpur_industrial,2022-11-11,2022,26.375,80.525,0.0004033857905484646,0.21819097527891462
kanpur_industrial,2022-11-11,2022,26.425,80.175,0.00019390498096268443,0.22520755848381874
kanpur_industrial,2022-11-11,2022,26.425,80.225,0.00019576125322293375,0.21351966771487998
kanpur_industrial,2022-11-11,2022,26.425,80.275,0.00019210642634207703,0.2087645572742454
kanpur_industrial,2022-11-11,2022,26.425,80.325,0.00021835493468721882,0.20589309057652364
kanpur_industrial,2022-11-11,2022,26.425,80.375,0.00022099051495286018,0.20088708167657449
kanpur_industrial,2022-11-11,2022,26.425,80.425,0.000237099974285355,0.202824891624238
kanpur_industrial,2022-11-11,2022,26.425,80.475,0.00027269079191245897,0.20761074263453508
kanpur_industrial,2022-11-11,2022,26.425,80.525,0.00034269895257869334,0.2101934900534711
kanpur_industrial,2022-11-11,2022,26.425,80.55,0.0003651578611186874,0.21315318931013127
kanpur_industrial,2022-11-11,2022,26.475,80.175,0.0001941110188161204,0.24584442801333142
kanpur_industrial,2022-11-11,2022,26.475,80.225,0.00022088335171559781,0.23800464452973583
kanpur_industrial,2022-11-11,2022,26.475,80.275,0.00021320194933668602,0.23158042657597033
kanpur_industrial,2022-11-11,2022,26.475,80.325,0.00025579609055762355,0.22128017278244294
kanpur_industrial,2022-11-11,2022,26.475,80.375,0.000248051140552471,0.21556598923554676
kanpur_industrial,2022-11-11,2022,26.475,80.425,0.00024389272794435874,0.21066624387750982
kanpur_industrial,2022-11-11,2022,26.475,80.475,0.0002580947344314451,0.20809350411622496
kanpur_industrial,2022-11-11,2022,26.475,80.525,0.0003168789698780427,0.2107913568687259
kanpur_industrial,2022-11-11,2022,26.475,80.55,0.0003175217639473423,0.21062022030592842
kanpur_industrial,2022-11-11,2022,26.525,80.175,0.00019819597597246574,0.26002735413114386
kanpur_industrial,2022-11-11,2022,26.525,80.225,0.00022225876412684077,0.25640712397227305
kanpur_industrial,2022-11-11,2022,26.525,80.275,0.00022719791211204803,0.24997976999442215
kanpur_industrial,2022-11-11,2022,26.525,80.325,0.0002595869707931153,0.24023691045675372
kanpur_industrial,2022-11-11,2022,26.525,80.375,0.00026529039956889913,0.2353724701828502
kanpur_industrial,2022-11-11,2022,26.525,80.425,0.0002599457571618395,0.22675199958745432
kanpur_industrial,2022-11-11,2022,26.525,80.475,0.0002569296053918032,0.2202059671816907
kanpur_industrial,2022-11-11,2022,26.525,80.525,0.00027438200183921036,0.22583984793065193
kanpur_industrial,2022-11-11,2022,26.525,80.55,0.00024640011105785597,0.23638736131917967
kanpur_industrial,2022-11-11,2022,26.575,80.175,0.00019545102207819555,0.27148163634111927
kanpur_industrial,2022-11-11,2022,26.575,80.225,0.00017758853975272237,0.26766682374655515
kanpur_industrial,2022-11-11,2022,26.575,80.275,0.0002149251917235308,0.2611871019400845
kanpur_industrial,2022-11-11,2022,26.575,80.325,0.00024213726660078246,0.2587257927198689
kanpur_industrial,2022-11-11,2022,26.575,80.375,0.00028597002034136106,0.2531681182182962
kanpur_industrial,2022-11-11,2022,26.575,80.425,0.0002689559348198511,0.24822971824008289
kanpur_industrial,2022-11-11,2022,26.575,80.475,0.00022250092694790256,0.24806131769317227
kanpur_industrial,2022-11-11,2022,26.575,80.525,0.00018465193113909576,0.2596989074880303
kanpur_industrial,2022-11-11,2022,26.575,80.55,0.0001832988350762667,0.2616185701750441
kanpur_industrial,2022-11-13,2022,26.325,80.175,0.0003789763049841669,0.22594502345894715
kanpur_industrial,2022-11-13,2022,26.325,80.225,0.0004236494173497175,0.22259337979013724
kanpur_industrial,2022-11-13,2022,26.325,80.275,0.0003629906668134728,0.21636207650977882
kanpur_industrial,2022-11-13,2022,26.325,80.325,0.00031133320593349076,0.2200628027396356
kanpur_industrial,2022-11-13,2022,26.325,80.375,0.000259246349435625,0.22414644152042415
kanpur_industrial,2022-11-13,2022,26.325,80.425,0.00025139041292611625,0.22508391926008633
kanpur_industrial,2022-11-13,2022,26.325,80.475,0.00030972581632545803,0.22422793091220616
kanpur_industrial,2022-11-13,2022,26.325,80.525,0.0004848264036191081,0.22315760427760006
kanpur_industrial,2022-11-13,2022,26.325,80.55,0.0004987504109859142,0.23462567746816682
kanpur_industrial,2022-11-13,2022,26.375,80.175,0.00048483751616790546,0.2142818388003624
kanpur_industrial,2022-11-13,2022,26.375,80.225,0.0004916000276111748,0.22567555972257974
kanpur_industrial,2022-11-13,2022,26.375,80.275,0.0004046504101804323,0.2271690581633291
kanpur_industrial,2022-11-13,2022,26.375,80.325,0.0003041451076573304,0.2125224994823636
kanpur_industrial,2022-11-13,2022,26.375,80.375,0.00030924680650881633,0.21403324330441448
kanpur_industrial,2022-11-13,2022,26.375,80.425,0.00028550216962122536,0.22124088627646266
kanpur_industrial,2022-11-13,2022,26.375,80.475,0.0003131209825166848,0.23253618452765448
kanpur_industrial,2022-11-13,2022,26.375,80.525,0.0005140005142924162,0.24718594810545425
kanpur_industrial,2022-11-13,2022,26.425,80.175,0.000420997704733566,0.21792793637554667
kanpur_industrial,2022-11-13,2022,26.425,80.225,0.0005149224475715841,0.22989033068735232
kanpur_industrial,2022-11-13,2022,26.425,80.275,0.0006492029267156381,0.22417203866753588
kanpur_industrial,2022-11-13,2022,26.425,80.325,0.00030750215586124814,0.20603640610436422
kanpur_industrial,2022-11-13,2022,26.425,80.375,0.00039756773237424196,0.20575336901579094
kanpur_industrial,2022-11-13,2022,26.425,80.425,0.0004009456623153349,0.21422491075127312
kanpur_industrial,2022-11-13,2022,26.425,80.475,0.00037716683255993377,0.2272766620671894
kanpur_industrial,2022-11-13,2022,26.425,80.525,0.00041156251663823,0.2406718427883697
kanpur_industrial,2022-11-13,2022,26.425,80.55,0.0004494726417543461,0.2430825746773695
kanpur_industrial,2022-11-13,2022,26.475,80.175,0.00038118795250276276,0.2236409606943456
kanpur_industrial,2022-11-13,2022,26.475,80.225,0.00048590723925632595,0.23402754313536248
kanpur_industrial,2022-11-13,2022,26.475,80.275,0.000616236838864958,0.2270884827823506
kanpur_industrial,2022-11-13,2022,26.475,80.325,0.0004056515390243236,0.20811490831606938
kanpur_industrial,2022-11-13,2022,26.475,80.375,0.0004616726536226805,0.2077564452790996
kanpur_industrial,2022-11-13,2022,26.475,80.425,0.0004480817721453394,0.2166087651805298
kanpur_industrial,2022-11-13,2022,26.475,80.475,0.0004016676102980239,0.2297948586739068
kanpur_industrial,2022-11-13,2022,26.475,80.525,0.0003683231065791879,0.24258159646914873
kanpur_industrial,2022-11-13,2022,26.475,80.55,0.0003693861198873737,0.24235121072834348
kanpur_industrial,2022-11-13,2022,26.525,80.175,0.0003853564142645781,0.23282354308227593
kanpur_industrial,2022-11-13,2022,26.525,80.225,0.00045020498908882246,0.24129574952570054
kanpur_industrial,2022-11-13,2022,26.525,80.275,0.0005115710317383959,0.23532664509590073
kanpur_industrial,2022-11-13,2022,26.525,80.325,0.0004565748325058623,0.21184100419566804
kanpur_industrial,2022-11-13,2022,26.525,80.375,0.0004435585037758538,0.2110086416297577
kanpur_industrial,2022-11-13,2022,26.525,80.425,0.00044011350561623416,0.21867023178472447
kanpur_industrial,2022-11-13,2022,26.525,80.475,0.00043098466009173337,0.2307444036350044
kanpur_industrial,2022-11-13,2022,26.525,80.525,0.00038996153079728924,0.24255176180722476
kanpur_industrial,2022-11-13,2022,26.525,80.55,0.0004199363762226723,0.23992089290707758
kanpur_industrial,2022-11-13,2022,26.575,80.175,0.00045103946203460245,0.2459700933318924
kanpur_industrial,2022-11-13,2022,26.575,80.225,0.0004351822378225079,0.2535614742587643
kanpur_industrial,2022-11-13,2022,26.575,80.275,0.00045694307123459,0.24854515104690117
kanpur_industrial,2022-11-13,2022,26.575,80.325,0.00036208647686720215,0.21285135203902283
kanpur_industrial,2022-11-13,2022,26.575,80.375,0.0002971564600875258,0.20972481460056291
kanpur_industrial,2022-11-13,2022,26.575,80.425,0.0003787975686222595,0.21435832559838083
kanpur_industrial,2022-11-13,2022,26.575,80.475,0.000492377482099505,0.22340254719312883
kanpur_industrial,2022-11-13,2022,26.575,80.525,0.00048613847080180195,0.23380505902862408
kanpur_industrial,2022-11-13,2022,26.575,80.55,0.0004897728384840217,0.22157830248160088
kanpur_industrial,2022-11-14,2022,26.325,80.175,0.00039026821349954,0.06130927822222
kanpur_industrial,2022-11-14,2022,26.325,80.225,0.00029138920999105506,0.07188331235458753
kanpur_industrial,2022-11-14,2022,26.325,80.275,0.00024612430339938555,0.08378507324667323
kanpur_industrial,2022-11-14,2022,26.325,80.325,0.00027814972810970084,0.1071778042637314
kanpur_industrial,2022-11-14,2022,26.325,80.375,0.0001589788751496806,0.10446474686929631
kanpur_industrial,2022-11-14,2022,26.325,80.425,0.00018199736124036904,0.10123978300875125
kanpur_industrial,2022-11-14,2022,26.325,80.475,0.0002709301179083717,0.09465647981034704
kanpur_industrial,2022-11-14,2022,26.325,80.525,0.00033067533705132945,0.07994322811311518
kanpur_industrial,2022-11-14,2022,26.325,80.55,0.0002746530461888491,0.07964064504060597
kanpur_industrial,2022-11-14,2022,26.375,80.175,0.00021984842756989748,0.06454845087755888
kanpur_industrial,2022-11-14,2022,26.375,80.225,0.000352403599756145,0.07322621001512618
kanpur_industrial,2022-11-14,2022,26.375,80.275,0.0003760717102730913,0.08068464619305064
kanpur_industrial,2022-11-14,2022,26.375,80.325,0.0005539316153069718,0.12235317784573105
kanpur_industrial,2022-11-14,2022,26.375,80.375,0.0004778269218212395,0.12172014947391396
kanpur_industrial,2022-11-14,2022,26.375,80.425,0.0004423174006252099,0.10548264789835492
kanpur_industrial,2022-11-14,2022,26.375,80.475,0.0003862366424400265,0.08620789737173888
kanpur_industrial,2022-11-14,2022,26.375,80.525,0.00021329529905375163,0.07930924453261969
kanpur_industrial,2022-11-14,2022,26.425,80.175,0.0002857267971944121,0.0747010875232907
kanpur_industrial,2022-11-14,2022,26.425,80.225,0.0003584951513300054,0.07690724014111884
kanpur_industrial,2022-11-14,2022,26.425,80.275,0.0003912651154939646,0.06976561989325779
kanpur_industrial,2022-11-14,2022,26.425,80.325,0.0004900002609850429,0.0729645269317638
kanpur_industrial,2022-11-14,2022,26.425,80.375,0.0003757524182537199,0.07538768384168322
kanpur_industrial,2022-11-14,2022,26.425,80.425,0.00028871293956827436,0.059735468619754345
kanpur_industrial,2022-11-14,2022,26.425,80.475,0.0002496258650955036,0.04534665744034768
kanpur_industrial,2022-11-14,2022,26.425,80.525,0.0002861577145842189,0.05889148148265478
kanpur_industrial,2022-11-14,2022,26.425,80.55,0.0002591928836398727,0.06644766150901973
kanpur_industrial,2022-11-14,2022,26.475,80.175,0.000304697319726574,0.08080692998747661
kanpur_industrial,2022-11-14,2022,26.475,80.225,0.00035277883078757506,0.07606042676535692
kanpur_industrial,2022-11-14,2022,26.475,80.275,0.00038908874995867307,0.0642473584987
kanpur_industrial,2022-11-14,2022,26.475,80.325,0.00038060948471429546,0.02794055519860242
kanpur_industrial,2022-11-14,2022,26.475,80.375,0.0003182645399828198,0.030254610433461948
kanpur_industrial,2022-11-14,2022,26.475,80.425,0.0002726214376705892,0.025177739490982398
kanpur_industrial,2022-11-14,2022,26.475,80.475,0.0002667013981362779,0.02320354444288554
kanpur_industrial,2022-11-14,2022,26.475,80.525,0.000337349428500993,0.038158866742546184
kanpur_industrial,2022-11-14,2022,26.475,80.55,0.00033528635546015,0.039145490749357865
kanpur_industrial,2022-11-14,2022,26.525,80.175,0.0002941461377806867,0.08918668196372982
kanpur_industrial,2022-11-14,2022,26.525,80.225,0.0003209854472109966,0.08259277975352713
kanpur_industrial,2022-11-14,2022,26.525,80.275,0.0003513205439163652,0.07119612813351611
kanpur_industrial,2022-11-14,2022,26.525,80.325,0.00024218006914021256,0.0003097913024974476
kanpur_industrial,2022-11-14,2022,26.525,80.375,0.00026864679889728425,0.0008360871238106434
kanpur_industrial,2022-11-14,2022,26.525,80.425,0.00028288199530143775,0.004011615491466582
kanpur_industrial,2022-11-14,2022,26.525,80.475,0.00029868965012015404,0.009667971083773779
kanpur_industrial,2022-11-14,2022,26.525,80.525,0.0003311440104631811,0.017953252500345497
kanpur_industrial,2022-11-14,2022,26.525,80.55,0.00030265888599872504,0.01235245150664797
kanpur_industrial,2022-11-14,2022,26.575,80.175,0.00026194817675415853,0.10354110994366832
kanpur_industrial,2022-11-14,2022,26.575,80.225,0.00025605502571851763,0.10416295573969828
kanpur_industrial,2022-11-14,2022,26.575,80.275,0.0002652066834428929,0.09555795422431272
kanpur_industrial,2022-11-14,2022,26.575,80.325,9.283179692661543e-05,0.0016476537973385101
kanpur_industrial,2022-11-14,2022,26.575,80.375,0.00020665357225398227,0.00028044667230005835
kanpur_industrial,2022-11-14,2022,26.575,80.425,0.0002539612546456534,0
kanpur_industrial,2022-11-14,2022,26.575,80.475,0.00025655707294418317,0
kanpur_industrial,2022-11-14,2022,26.575,80.525,0.0002404654959517393,0
kanpur_industrial,2022-11-14,2022,26.575,80.55,0.0002650341952469623,0
kanpur_industrial,2022-11-15,2022,26.325,80.175,0.00026816502300863607,0
kanpur_industrial,2022-11-15,2022,26.325,80.225,0.0002697148465779642,0
kanpur_industrial,2022-11-15,2022,26.325,80.275,0.0002206511749454641,0
kanpur_industrial,2022-11-15,2022,26.325,80.325,0.00021331324104430352,0
kanpur_industrial,2022-11-15,2022,26.325,80.375,0.00031139502524257746,0
kanpur_industrial,2022-11-15,2022,26.325,80.425,0.00026943682899508895,0
kanpur_industrial,2022-11-15,2022,26.325,80.475,0.00018482396507230641,0
kanpur_industrial,2022-11-15,2022,26.325,80.525,0.00018475063240005267,0
kanpur_industrial,2022-11-15,2022,26.325,80.55,0.0002102405022088374,0
kanpur_industrial,2022-11-15,2022,26.375,80.175,0.00026628586890314654,0
kanpur_industrial,2022-11-15,2022,26.375,80.225,0.0003063865730823712,0
kanpur_industrial,2022-11-15,2022,26.375,80.275,0.00029199354227346956,0
kanpur_industrial,2022-11-15,2022,26.375,80.325,0.0003211565925374879,0
kanpur_industrial,2022-11-15,2022,26.375,80.375,0.0002566274161341166,0
kanpur_industrial,2022-11-15,2022,26.375,80.425,0.0001957970319602947,0
kanpur_industrial,2022-11-15,2022,26.375,80.475,0.00017320433476060627,0
kanpur_industrial,2022-11-15,2022,26.375,80.525,0.0002381579786660778,0
kanpur_industrial,2022-11-15,2022,26.425,80.175,0.0002213859588773173,0
kanpur_industrial,2022-11-15,2022,26.425,80.225,0.00020244942228522195,0
kanpur_industrial,2022-11-15,2022,26.425,80.275,0.0001796774905598675,0
kanpur_industrial,2022-11-15,2022,26.425,80.325,0.00019503298573660542,0
kanpur_industrial,2022-11-15,2022,26.425,80.375,0.0002161631459337122,0
kanpur_industrial,2022-11-15,2022,26.425,80.425,0.00015887535250074105,0
kanpur_industrial,2022-11-15,2022,26.425,80.475,0.00010228048090852004,0
kanpur_industrial,2022-11-15,2022,26.425,80.525,0.00015449917325421723,0
kanpur_industrial,2022-11-15,2022,26.425,80.55,0.00018545951856411836,0
kanpur_industrial,2022-11-15,2022,26.475,80.175,0.0001815650350064817,0
kanpur_industrial,2022-11-15,2022,26.475,80.225,0.00014968644971977298,0
kanpur_industrial,2022-11-15,2022,26.475,80.275,0.00014828362434064646,0
kanpur_industrial,2022-11-15,2022,26.475,80.325,0.0002182416002857128,0
kanpur_industrial,2022-11-15,2022,26.475,80.375,0.00020546034757539344,0
kanpur_industrial,2022-11-15,2022,26.475,80.425,0.00016528642532443672,0
kanpur_industrial,2022-11-15,2022,26.475,80.475,0.00013198941072768206,0
kanpur_industrial,2022-11-15,2022,26.475,80.525,0.0001544389370808511,0
kanpur_industrial,2022-11-15,2022,26.475,80.55,0.00015305256112267896,0
kanpur_industrial,2022-11-15,2022,26.525,80.175,0.00019499568873384765,0
kanpur_industrial,2022-11-15,2022,26.525,80.225,0.0001519124148562586,0
kanpur_industrial,2022-11-15,2022,26.525,80.275,0.00016109229352196178,0
kanpur_industrial,2022-11-15,2022,26.525,80.325,0.00022410959007018952,0
kanpur_industrial,2022-11-15,2022,26.525,80.375,0.00017911548080537542,0
kanpur_industrial,2022-11-15,2022,26.525,80.425,0.00017313681811653866,0
kanpur_industrial,2022-11-15,2022,26.525,80.475,0.0001817176502323875,0
kanpur_industrial,2022-11-15,2022,26.525,80.525,0.00016913858658391265,0
kanpur_industrial,2022-11-15,2022,26.525,80.55,0.0001656499520890502,0
kanpur_industrial,2022-11-15,2022,26.575,80.175,0.00029655324492481314,0
kanpur_industrial,2022-11-15,2022,26.575,80.225,0.0002158163408931658,0
kanpur_industrial,2022-11-15,2022,26.575,80.275,0.00019926886693304283,0
kanpur_industrial,2022-11-15,2022,26.575,80.325,0.00010976484390873577,0
kanpur_industrial,2022-11-15,2022,26.575,80.375,0.00010510599583459426,0
kanpur_industrial,2022-11-15,2022,26.575,80.425,0.00015562394431540666,0
kanpur_industrial,2022-11-15,2022,26.575,80.475,0.00020177566410137498,0
kanpur_industrial,2022-11-15,2022,26.575,80.525,0.00015791423122137494,0
kanpur_industrial,2022-11-15,2022,26.575,80.55,0.00015629147345384053,0
kanpur_industrial,2023-10-15,2023,26.325,80.175,0.00020992508517998816,0.029019840066508092
kanpur_industrial,2023-10-15,2023,26.325,80.225,0.00020881366951735892,0.025345692609958087
kanpur_industrial,2023-10-15,2023,26.325,80.275,0.0001198464583783581,0.04079414984730133
kanpur_industrial,2023-10-15,2023,26.325,80.325,0.00015280275052509604,0.08365046625057816
kanpur_industrial,2023-10-15,2023,26.325,80.375,0.00010083822625064672,0.10467261653243481
kanpur_industrial,2023-10-15,2023,26.325,80.425,7.48878125034145e-05,0.11647444181949175
kanpur_industrial,2023-10-15,2023,26.325,80.475,5.6350128010700985e-05,0.11902667220656957
kanpur_industrial,2023-10-15,2023,26.325,80.525,1.2836085822607417e-05,0.10944308191282034
kanpur_industrial,2023-10-15,2023,26.325,80.55,4.2617524146367736e-05,0.10493374117439197
kanpur_industrial,2023-10-15,2023,26.375,80.175,7.982311903242634e-05,0
kanpur_industrial,2023-10-15,2023,26.375,80.225,0.00011834457902705787,0.0007231094901829356
kanpur_industrial,2023-10-15,2023,26.375,80.275,0.00016230016918741645,0.0029105156979863157
kanpur_industrial,2023-10-15,2023,26.375,80.325,8.725758441024862e-06,0.0021001810916714977
kanpur_industrial,2023-10-15,2023,26.375,80.375,5.229223720077668e-05,0.02288770960628028
kanpur_industrial,2023-10-15,2023,26.375,80.425,0.00016546306889171717,0.0657204936079181
kanpur_industrial,2023-10-15,2023,26.375,80.475,0.0002286157259363249,0.10327129240013375
kanpur_industrial,2023-10-15,2023,26.375,80.525,7.52352899295338e-05,0.09999493941325613
kanpur_industrial,2023-10-15,2023,26.425,80.175,0.00015586794455367664,0.00021520159714071954
kanpur_industrial,2023-10-15,2023,26.425,80.225,0.00020618091235711134,0.003395939185430492
kanpur_industrial,2023-10-15,2023,26.425,80.275,0.0001864159024464283,0.012594055076004912
kanpur_industrial,2023-10-15,2023,26.425,80.325,3.5829653680896203e-06,0.041128311637181496
kanpur_industrial,2023-10-15,2023,26.425,80.375,0.00013043800825112038,0.04526044567830432
kanpur_industrial,2023-10-15,2023,26.425,80.425,0.00017224833262834385,0.05059696968256631
kanpur_industrial,2023-10-15,2023,26.425,80.475,0.00016883104712500256,0.06871109648508707
kanpur_industrial,2023-10-15,2023,26.425,80.525,0.00017763732049136461,0.11884387197185502
kanpur_industrial,2023-10-15,2023,26.425,80.55,0.00013974050603147444,0.11186828275725544
kanpur_industrial,2023-10-15,2023,26.475,80.175,0.0001676670096373931,0.0011160748527688589
kanpur_industrial,2023-10-15,2023,26.475,80.225,0.00020441994636597938,0.005459841581803669
kanpur_industrial,2023-10-15,2023,26.475,80.275,0.00013782823338978492,0.015449411936088555
kanpur_industrial,2023-10-15,2023,26.475,80.325,3.622190851172898e-05,0.06459914788684104
kanpur_industrial,2023-10-15,2023,26.475,80.375,0.00016621430883124877,0.06499934860993073
kanpur_industrial,2023-10-15,2023,26.475,80.425,0.00018714550518132388,0.053842264779323176
kanpur_industrial,2023-10-15,2023,26.475,80.475,0.00017228665729685126,0.05845092598728267
kanpur_industrial,2023-10-15,2023,26.475,80.525,0.00022102805211458583,0.1217676025533449
kanpur_industrial,2023-10-15,2023,26.475,80.55,0.00021995476356927835,0.12189384824536238
kanpur_industrial,2023-10-15,2023,26.525,80.175,0.00016859973563208063,0.001364566572789863
kanpur_industrial,2023-10-15,2023,26.525,80.225,0.00021763086943848382,0.004846093238022051
kanpur_industrial,2023-10-15,2023,26.525,80.275,0.0001613309762297969,0.01144215844584365
kanpur_industrial,2023-10-15,2023,26.525,80.325,9.928775054015882e-05,0.05506578433242599
kanpur_industrial,2023-10-15,2023,26.525,80.375,0.0001578193133495993,0.056481502517956216
kanpur_industrial,2023-10-15,2023,26.525,80.425,0.00021701732110556319,0.046995987032361124
kanpur_industrial,2023-10-15,2023,26.525,80.475,0.0002511936048286996,0.04973273731486473
kanpur_industrial,2023-10-15,2023,26.525,80.525,0.00022601584095649114,0.09713757758296088
kanpur_industrial,2023-10-15,2023,26.525,80.55,0.0002180124162343152,0.07813394150483399
kanpur_industrial,2023-10-15,2023,26.575,80.175,0.0001887730712280178,0
kanpur_industrial,2023-10-15,2023,26.575,80.225,0.00030957036149724957,0
kanpur_industrial,2023-10-15,2023,26.575,80.275,0.0003489335685126378,0
kanpur_industrial,2023-10-15,2023,26.575,80.325,0.00018644452689675278,0
kanpur_industrial,2023-10-15,2023,26.575,80.375,0.0001034410262020628,0
kanpur_industrial,2023-10-15,2023,26.575,80.425,0.00026312323738017626,0.011596998081843484
kanpur_industrial,2023-10-15,2023,26.575,80.475,0.0004142639677449333,0.026889498074820006
kanpur_industrial,2023-10-15,2023,26.575,80.525,0.00019942821086664376,0.036330386829617575
kanpur_industrial,2023-10-15,2023,26.575,80.55,0.0001630483635896885,0.040564780996983026
kanpur_industrial,2023-10-16,2023,26.325,80.175,0.00015184303072268395,0.025383252241089543
kanpur_industrial,2023-10-16,2023,26.325,80.225,0.00015026706246873783,0.0618973793423917
kanpur_industrial,2023-10-16,2023,26.325,80.275,0.00019604371864034482,0.12726012829809838
kanpur_industrial,2023-10-16,2023,26.325,80.325,0.00011192372536260451,0.1381276358443208
kanpur_industrial,2023-10-16,2023,26.325,80.375,0.00019551765544598574,0.12706488879031247
kanpur_industrial,2023-10-16,2023,26.325,80.425,0.00016601198498443883,0.13006823911664903
kanpur_industrial,2023-10-16,2023,26.325,80.475,0.0001315184202013,0.13761731987858125
kanpur_industrial,2023-10-16,2023,26.325,80.525,0.00024065110900955842,0.13742760686618216
kanpur_industrial,2023-10-16,2023,26.325,80.55,0.00022181104008825269,0.12127312927755945
kanpur_industrial,2023-10-16,2023,26.375,80.175,0.0002213200643385272,0.08866591010952266
kanpur_industrial,2023-10-16,2023,26.375,80.225,0.00022945953687906397,0.09145073775635996
kanpur_industrial,2023-10-16,2023,26.375,80.275,0.00012026468527591269,0.10719830282091435
kanpur_industrial,2023-10-16,2023,26.375,80.325,0.00023966477575196486,0.1321679188825247
kanpur_industrial,2023-10-16,2023,26.375,80.375,0.00020420860370297375,0.1463004816737813
kanpur_industrial,2023-10-16,2023,26.375,80.425,0.00021644615983953407,0.14195114366846032
kanpur_industrial,2023-10-16,2023,26.375,80.475,0.00023483766518826715,0.1255480632540774
kanpur_industrial,2023-10-16,2023,26.375,80.525,0.00020117667888872737,0.1035801300138298
kanpur_industrial,2023-10-16,2023,26.425,80.175,0.00020780570958780847,0.03227983739955615
kanpur_industrial,2023-10-16,2023,26.425,80.225,0.00017365932495650867,0.0304340638926185
kanpur_industrial,2023-10-16,2023,26.425,80.275,9.682412798054865e-05,0.04418258073683615
kanpur_industrial,2023-10-16,2023,26.425,80.325,0.00011997353341850629,0.10091007298037473
kanpur_industrial,2023-10-16,2023,26.425,80.375,0.00012348009221061897,0.10277314908072113
kanpur_industrial,2023-10-16,2023,26.425,80.425,0.0001472056860234082,0.10219914005660703
kanpur_industrial,2023-10-16,2023,26.425,80.475,0.00016691805221216512,0.11206043416207874
kanpur_industrial,2023-10-16,2023,26.425,80.525,0.0001502877339483188,0.15133220909003603
kanpur_industrial,2023-10-16,2023,26.425,80.55,0.0001691206505798086,0.13366017982561326
kanpur_industrial,2023-10-16,2023,26.475,80.175,0.00019775717022920363,0.04551833310258159
kanpur_industrial,2023-10-16,2023,26.475,80.225,0.00018376568432356213,0.05801867404315291
kanpur_industrial,2023-10-16,2023,26.475,80.275,0.00017163937767373995,0.07448168421009775
kanpur_industrial,2023-10-16,2023,26.475,80.325,0.00012728502093912062,0.11091689436578107
kanpur_industrial,2023-10-16,2023,26.475,80.375,0.00012773155392460157,0.10589116494234056
kanpur_industrial,2023-10-16,2023,26.475,80.425,0.00014388181199350702,0.11164072629931274
kanpur_industrial,2023-10-16,2023,26.475,80.475,0.0001704118983704764,0.13356312444616192
kanpur_industrial,2023-10-16,2023,26.475,80.525,0.00020614133066964283,0.18535197845722334
kanpur_industrial,2023-10-16,2023,26.475,80.55,0.0002017236342022807,0.18396983173037396
kanpur_industrial,2023-10-16,2023,26.525,80.175,0.00020050425820644757,0.08049863666012101
kanpur_industrial,2023-10-16,2023,26.525,80.225,0.00020926749304302916,0.11108688893380134
kanpur_industrial,2023-10-16,2023,26.525,80.275,0.0002366228808770116,0.12790846941267395
kanpur_industrial,2023-10-16,2023,26.525,80.325,0.00026254331660057996,0.13687577360258268
kanpur_industrial,2023-10-16,2023,26.525,80.375,0.00017922334091002867,0.12528085771882075
kanpur_industrial,2023-10-16,2023,26.525,80.425,0.00017536930631714635,0.13198119544266734
kanpur_industrial,2023-10-16,2023,26.525,80.475,0.00021545593158379527,0.16021857675277906
kanpur_industrial,2023-10-16,2023,26.525,80.525,0.000267143527456172,0.22155227675385292
kanpur_industrial,2023-10-16,2023,26.525,80.55,0.0002677747130987008,0.2359472487302918
kanpur_industrial,2023-10-16,2023,26.575,80.175,0.00022300443276520332,0.10800708751759011
kanpur_industrial,2023-10-16,2023,26.575,80.225,0.00021944994653792308,0.15203280161948102
kanpur_industrial,2023-10-16,2023,26.575,80.275,0.00022246907000449812,0.16223048067838552
kanpur_industrial,2023-10-16,2023,26.575,80.325,0.0005259294415292531,0.1651816724635897
kanpur_industrial,2023-10-16,2023,26.575,80.375,0.00026154279177677,0.14417952151752247
kanpur_industrial,2023-10-16,2023,26.575,80.425,0.0002243707572222764,0.14091584788656553
kanpur_industrial,2023-10-16,2023,26.575,80.475,0.00028497916927693317,0.17176448702613908
kanpur_industrial,2023-10-16,2023,26.575,80.525,0.00026916678006372996,0.2676950636372324
kanpur_industrial,2023-10-16,2023,26.575,80.55,0.00026916678006372996,0.2676950636372324
kanpur_industrial,2023-10-17,2023,26.325,80.175,0.00012037356731696692,0.1834338117328451
kanpur_industrial,2023-10-17,2023,26.325,80.225,0.00014833072095310671,0.19630717575389134
kanpur_industrial,2023-10-17,2023,26.325,80.275,0.00016825443659589505,0.1983038486774777
kanpur_industrial,2023-10-17,2023,26.325,80.325,0.00016162505100236578,0.17451188878240675
kanpur_industrial,2023-10-17,2023,26.325,80.375,0.00022001203400053034,0.22058654386191928
kanpur_industrial,2023-10-17,2023,26.325,80.425,0.00023647436109026706,0.23285866846579756
kanpur_industrial,2023-10-17,2023,26.325,80.475,0.0001354974939878216,0.13711856717879464
kanpur_industrial,2023-10-17,2023,26.375,80.175,0.00015548500105241422,0.2157485073151023
kanpur_industrial,2023-10-17,2023,26.375,80.225,0.00011173246737669599,0.17754273815389596
kanpur_industrial,2023-10-17,2023,26.375,80.275,0.00013799499594557328,0.14662616909647433
kanpur_industrial,2023-10-17,2023,26.375,80.325,0.00032187566863047375,0.10114020467718793
kanpur_industrial,2023-10-17,2023,26.375,80.375,0.00019370479323759998,0.08503227070019675
kanpur_industrial,2023-10-17,2023,26.375,80.425,0.0001412794943067437,0.10693463294498114
kanpur_industrial,2023-10-17,2023,26.375,80.475,0.0001354974939878216,0.13711856717879464
kanpur_industrial,2023-10-17,2023,26.425,80.175,0.00015486150078376995,0.21541573098661454
kanpur_industrial,2023-10-17,2023,26.425,80.225,0.00011152199882818507,0.17779050429710594
kanpur_industrial,2023-10-17,2023,26.425,80.275,0.00013799499594557328,0.14662616909647433
kanpur_industrial,2023-10-17,2023,26.425,80.325,0.00032302492283475435,0.10085591739956737
kanpur_industrial,2023-10-17,2023,26.425,80.375,0.00011654544601904391,0.2237212129036658
kanpur_industrial,2023-10-17,2023,26.425,80.425,0.00010627736037803914,0.21769868811272905
kanpur_industrial,2023-10-17,2023,26.425,80.475,0.0001354974939878216,0.13711856717879464
kanpur_industrial,2023-10-17,2023,26.475,80.375,8.881279594095277e-05,0.272890160556238
kanpur_industrial,2023-10-17,2023,26.475,80.425,8.881279594095277e-05,0.272890160556238
kanpur_industrial,2023-10-17,2023,26.525,80.375,0.00025199941588847707,0.09287085382861503
kanpur_industrial,2023-10-17,2023,26.525,80.425,0.00031491419800548664,0.18624245875957213
kanpur_industrial,2023-10-17,2023,26.525,80.475,0.0003624578172975842,0.26568411607262526
kanpur_industrial,2023-10-17,2023,26.525,80.525,0.00028175297369470713,0.17946585292718364
kanpur_industrial,2023-10-17,2023,26.525,80.55,0.00028175297369470713,0.17946585292718364
kanpur_industrial,2023-10-17,2023,26.575,80.325,0.00011660042344244216,0.10205146280465367
kanpur_industrial,2023-10-17,2023,26.575,80.375,0.0002497499473826554,0.09408309401904238
kanpur_industrial,2023-10-17,2023,26.575,80.425,0.0003121407217950261,0.18536015212860543
kanpur_industrial,2023-10-17,2023,26.575,80.475,0.00035884265641860356,0.2635660522510613
kanpur_industrial,2023-10-17,2023,26.575,80.525,0.00028175297369470713,0.17946585292718364
kanpur_industrial,2023-10-17,2023,26.575,80.55,0.00028175297369470713,0.17946585292718364
kanpur_industrial,2023-10-18,2023,26.325,80.175,-1.5384162779284267e-05,0
kanpur_industrial,2023-10-18,2023,26.325,80.225,1.1622819971968164e-05,0
kanpur_industrial,2023-10-18,2023,26.325,80.275,4.888477844026301e-06,0
kanpur_industrial,2023-10-18,2023,26.325,80.325,9.303208521409858e-05,0
kanpur_industrial,2023-10-18,2023,26.325,80.375,0.00011068256316827957,0
kanpur_industrial,2023-10-18,2023,26.325,80.425,0.0001576851677740955,0
kanpur_industrial,2023-10-18,2023,26.325,80.475,0.00021646572986820225,0
kanpur_industrial,2023-10-18,2023,26.325,80.525,0.0002641059416967956,0
kanpur_industrial,2023-10-18,2023,26.325,80.55,0.00019037815134290208,0
kanpur_industrial,2023-10-18,2023,26.375,80.175,0.00010302939902752602,0
kanpur_industrial,2023-10-18,2023,26.375,80.225,0.0001223455116160919,0
kanpur_industrial,2023-10-18,2023,26.375,80.275,0.00015320575349446589,0
kanpur_industrial,2023-10-18,2023,26.375,80.325,0.00017686864999685162,0
kanpur_industrial,2023-10-18,2023,26.375,80.375,0.00017555261140899287,0
kanpur_industrial,2023-10-18,2023,26.375,80.425,0.0002052361992626214,0
kanpur_industrial,2023-10-18,2023,26.375,80.475,0.00021024991260858866,0
kanpur_industrial,2023-10-18,2023,26.375,80.525,0.00010962866666959007,0
kanpur_industrial,2023-10-18,2023,26.425,80.175,0.00010916730088685061,0
kanpur_industrial,2023-10-18,2023,26.425,80.225,5.4413534253330346e-05,0
kanpur_industrial,2023-10-18,2023,26.425,80.275,-1.3607692425785973e-05,0
kanpur_industrial,2023-10-18,2023,26.425,80.325,0.00022818252331981186,0
kanpur_industrial,2023-10-18,2023,26.425,80.375,0.00024163487599776297,0
kanpur_industrial,2023-10-18,2023,26.425,80.425,0.0002216654146609546,0
kanpur_industrial,2023-10-18,2023,26.425,80.475,0.00019156823897549175,0
kanpur_industrial,2023-10-18,2023,26.425,80.525,0.00017890244228555826,0
kanpur_industrial,2023-10-18,2023,26.425,80.55,0.00015326569067964876,0
kanpur_industrial,2023-10-18,2023,26.475,80.175,0.00014953663912830527,0
kanpur_industrial,2023-10-18,2023,26.475,80.225,8.93406287648892e-05,0
kanpur_industrial,2023-10-18,2023,26.475,80.275,-3.6610129450592644e-05,0
kanpur_industrial,2023-10-18,2023,26.475,80.325,0.00019129672032121658,0
kanpur_industrial,2023-10-18,2023,26.475,80.375,0.00025246132791444586,0
kanpur_industrial,2023-10-18,2023,26.475,80.425,0.00020099636541834085,0
kanpur_industrial,2023-10-18,2023,26.475,80.475,0.00013284918509476562,0
kanpur_industrial,2023-10-18,2023,26.475,80.525,0.00017447382182410692,0
kanpur_industrial,2023-10-18,2023,26.475,80.55,0.000175908227763186,0
kanpur_industrial,2023-10-18,2023,26.525,80.175,0.00017893742468343737,0
kanpur_industrial,2023-10-18,2023,26.525,80.225,0.00013092452298556553,0
kanpur_industrial,2023-10-18,2023,26.525,80.275,1.526773850254743e-05,0
kanpur_industrial,2023-10-18,2023,26.525,80.325,0.00017398435497842195,0
kanpur_industrial,2023-10-18,2023,26.525,80.375,0.00024956237215427343,0
kanpur_industrial,2023-10-18,2023,26.525,80.425,0.0001846103277721452,0
kanpur_industrial,2023-10-18,2023,26.525,80.475,0.00010600590583472419,0
kanpur_industrial,2023-10-18,2023,26.525,80.525,0.00019414374274673234,0
kanpur_industrial,2023-10-18,2023,26.525,80.55,0.00022668681251303857,0
kanpur_industrial,2023-10-18,2023,26.575,80.175,0.00016651964165417403,0
kanpur_industrial,2023-10-18,2023,26.575,80.225,0.00012242415037443363,0
kanpur_industrial,2023-10-18,2023,26.575,80.275,0.0001074184179205838,0
kanpur_industrial,2023-10-18,2023,26.575,80.325,0.00024727073488307573,0
kanpur_industrial,2023-10-18,2023,26.575,80.375,0.00025822635963103065,0
kanpur_industrial,2023-10-18,2023,26.575,80.425,0.00019615546172297796,0
kanpur_industrial,2023-10-18,2023,26.575,80.475,0.00016064367981259616,0
kanpur_industrial,2023-10-18,2023,26.575,80.525,0.0002981114627414438,0
kanpur_industrial,2023-10-18,2023,26.575,80.55,0.0002845230262706597,0
kanpur_industrial,2023-10-19,2023,26.325,80.175,0.0003381244468164366,0.10774743953386424
kanpur_industrial,2023-10-19,2023,26.325,80.225,0.00034995820770792707,0.07087144041654617
kanpur_industrial,2023-10-19,2023,26.325,80.275,0.0003236273752698233,0.07512492960684619
kanpur_industrial,2023-10-19,2023,26.325,80.325,0.0001971127767929694,0.08535471348317383
kanpur_industrial,2023-10-19,2023,26.325,80.375,0.00018620009767375735,0.08621797817407649
kanpur_industrial,2023-10-19,2023,26.325,80.425,0.00021020482293767094,0.09298663174739118
kanpur_industrial,2023-10-19,2023,26.325,80.475,0.00020588262818712805,0.09965762199513101
kanpur_industrial,2023-10-19,2023,26.325,80.525,7.784941851003628e-05,0.09786638875082156
kanpur_industrial,2023-10-19,2023,26.325,80.55,0.00015262032079130786,0.09585950146309875
kanpur_industrial,2023-10-19,2023,26.375,80.175,0.0001518723703017242,0.08756718773418248
kanpur_industrial,2023-10-19,2023,26.375,80.225,0.00015316948504902241,0.06029760080786595
kanpur_industrial,2023-10-19,2023,26.375,80.275,0.00012604712161712575,0.06953714347465204
kanpur_industrial,2023-10-19,2023,26.375,80.325,0.00016899508065824112,0.07590117845772038
kanpur_industrial,2023-10-19,2023,26.375,80.375,0.00016181360160444193,0.08142097487973501
kanpur_industrial,2023-10-19,2023,26.375,80.425,0.00021261482047281292,0.08954543159486301
kanpur_industrial,2023-10-19,2023,26.375,80.475,0.0002630646953475931,0.09567160843179849
kanpur_industrial,2023-10-19,2023,26.375,80.525,0.00023451226138508147,0.09366148205273568
kanpur_industrial,2023-10-19,2023,26.425,80.175,0.00022351889461049134,0.06095595809350617
kanpur_industrial,2023-10-19,2023,26.425,80.225,0.00021630237905935718,0.05727161100372029
kanpur_industrial,2023-10-19,2023,26.425,80.275,0.00017135699589012357,0.06484171676192804
kanpur_industrial,2023-10-19,2023,26.425,80.325,0.00011156624432109394,0.06641118213975489
kanpur_industrial,2023-10-19,2023,26.425,80.375,8.701331788809392e-05,0.07529461133923449
kanpur_industrial,2023-10-19,2023,26.425,80.425,9.958849308034023e-05,0.08208506819428348
kanpur_industrial,2023-10-19,2023,26.425,80.475,0.00014044951382702567,0.08728611680543337
kanpur_industrial,2023-10-19,2023,26.425,80.525,0.00020440322572479658,0.0921765066493177
kanpur_industrial,2023-10-19,2023,26.425,80.55,0.00021554593970931146,0.09272606447577947
kanpur_industrial,2023-10-19,2023,26.475,80.175,0.00023999192420314967,0.05378783076435784
kanpur_industrial,2023-10-19,2023,26.475,80.225,0.0002306756314777205,0.055500659250269334
kanpur_industrial,2023-10-19,2023,26.475,80.275,0.0002077290888240907,0.060267971646124546
kanpur_industrial,2023-10-19,2023,26.475,80.325,0.00010189727091992601,0.06044640466304324
kanpur_industrial,2023-10-19,2023,26.475,80.375,0.00014641923121071418,0.0708973982372778
kanpur_industrial,2023-10-19,2023,26.475,80.425,0.00014595404232829097,0.07657081660699856
kanpur_industrial,2023-10-19,2023,26.475,80.475,0.00014000630169829002,0.08121915878204759
kanpur_industrial,2023-10-19,2023,26.475,80.525,0.00018565436710004483,0.0903740616339595
kanpur_industrial,2023-10-19,2023,26.475,80.55,0.0001863530750085824,0.09046465720322402
kanpur_industrial,2023-10-19,2023,26.525,80.175,0.00021505870190552766,0.05326321740840697
kanpur_industrial,2023-10-19,2023,26.525,80.225,0.0002277490402178631,0.053708954494157655
kanpur_industrial,2023-10-19,2023,26.525,80.275,0.0002250814798595718,0.05527825511527943
kanpur_industrial,2023-10-19,2023,26.525,80.325,0.00015274860531004216,0.05573340956264103
kanpur_industrial,2023-10-19,2023,26.525,80.375,0.00024292492164406832,0.06529102066536328
kanpur_industrial,2023-10-19,2023,26.525,80.425,0.00024605874007044374,0.06950258285070833
kanpur_industrial,2023-10-19,2023,26.525,80.475,0.00020184147689516243,0.07428939092343821
kanpur_industrial,2023-10-19,2023,26.525,80.525,0.00016323026732761433,0.08805857996223226
kanpur_industrial,2023-10-19,2023,26.525,80.55,0.00015253222960160686,0.08716259824844075
kanpur_industrial,2023-10-19,2023,26.575,80.175,0.00015233927406401384,0.05272300970100178
kanpur_industrial,2023-10-19,2023,26.575,80.225,0.00022467050505062068,0.05128151596662009
kanpur_industrial,2023-10-19,2023,26.575,80.275,0.00021458248963070135,0.04980958263337374
kanpur_industrial,2023-10-19,2023,26.575,80.325,0.00027165063132418994,0.051329833548039945
kanpur_industrial,2023-10-19,2023,26.575,80.375,0.000317644799711446,0.05698181764566368
kanpur_industrial,2023-10-19,2023,26.575,80.425,0.00033378497081294186,0.05902824263462409
kanpur_industrial,2023-10-19,2023,26.575,80.475,0.00029014679895328875,0.06459090236922999
kanpur_industrial,2023-10-19,2023,26.575,80.525,0.00012722343814405623,0.08516158059162114
kanpur_industrial,2023-10-19,2023,26.575,80.55,6.035836419822501e-05,0.08418859308383417
kanpur_industrial,2023-10-20,2023,26.325,80.175,0.0002705443878508542,0.012319440873956838
kanpur_industrial,2023-10-20,2023,26.325,80.225,0.00020366844450065802,0.021652295340571802
kanpur_industrial,2023-10-20,2023,26.325,80.275,0.0002059582293379161,0.041625772103475615
kanpur_industrial,2023-10-20,2023,26.325,80.325,0.0001639749078981059,0.08893256872234917
kanpur_industrial,2023-10-20,2023,26.325,80.375,0.00017667113697228545,0.09614368806863831
kanpur_industrial,2023-10-20,2023,26.325,80.425,0.00021261479322309132,0.1077197905442919
kanpur_industrial,2023-10-20,2023,26.325,80.475,0.00021495859926784106,0.11990468616694797
kanpur_industrial,2023-10-20,2023,26.325,80.525,9.959069069821698e-05,0.1276678317658194
kanpur_industrial,2023-10-20,2023,26.325,80.55,0.00028421824966211784,0.1273523910503478
kanpur_industrial,2023-10-20,2023,26.375,80.175,0.00017248798183353372,0.00017265866217492228
kanpur_industrial,2023-10-20,2023,26.375,80.225,0.00010358770973616495,0.004181902866254509
kanpur_industrial,2023-10-20,2023,26.375,80.275,3.7851474688984396e-05,0.01580668239099462
kanpur_industrial,2023-10-20,2023,26.375,80.325,0.00016880363928940944,0.06895992452961419
kanpur_industrial,2023-10-20,2023,26.375,80.375,0.00018594518098023592,0.0868257863488661
kanpur_industrial,2023-10-20,2023,26.375,80.425,0.00024402098375843836,0.10565800346875795
kanpur_industrial,2023-10-20,2023,26.375,80.475,0.00034122262251869883,0.1209222013597512
kanpur_industrial,2023-10-20,2023,26.375,80.525,0.0004864293856701997,0.12700690836197415
kanpur_industrial,2023-10-20,2023,26.425,80.175,0.0001401515651361966,3.6018807802802e-05
kanpur_industrial,2023-10-20,2023,26.425,80.225,0.00014484196227130565,0.0008433029545538517
kanpur_industrial,2023-10-20,2023,26.425,80.275,0.00012624415303367413,0.003260128243142641
kanpur_industrial,2023-10-20,2023,26.425,80.325,0.0001151047343912306,0.029798460956013212
kanpur_industrial,2023-10-20,2023,26.425,80.375,0.00013557991932565042,0.05285873934176049
kanpur_industrial,2023-10-20,2023,26.425,80.425,0.00015916787999645113,0.06688576684093378
kanpur_industrial,2023-10-20,2023,26.425,80.475,0.00020806306486713416,0.0777830277614815
kanpur_industrial,2023-10-20,2023,26.425,80.525,0.0003228049691651953,0.09538201288340756
kanpur_industrial,2023-10-20,2023,26.425,80.55,0.00038335888708437014,0.10708571435972747
kanpur_industrial,2023-10-20,2023,26.475,80.175,0.00010340911164496989,0
kanpur_industrial,2023-10-20,2023,26.475,80.225,0.0001336505989756587,0
kanpur_industrial,2023-10-20,2023,26.475,80.275,0.00012491832358142377,0
kanpur_industrial,2023-10-20,2023,26.475,80.325,9.236116318314616e-05,0.009989544506980055
kanpur_industrial,2023-10-20,2023,26.475,80.375,0.00015447496563725002,0.023338044513486117
kanpur_industrial,2023-10-20,2023,26.475,80.425,0.00017611490038236592,0.03533074808167218
kanpur_industrial,2023-10-20,2023,26.475,80.475,0.00019479018751192905,0.05125334702840219
kanpur_industrial,2023-10-20,2023,26.475,80.525,0.0002663225042269048,0.0802108492478241
kanpur_industrial,2023-10-20,2023,26.475,80.55,0.0002672156712442768,0.08065556077227888
kanpur_industrial,2023-10-20,2023,26.525,80.175,9.954948450068585e-05,0
kanpur_industrial,2023-10-20,2023,26.525,80.225,0.00013848860925664465,0
kanpur_industrial,2023-10-20,2023,26.525,80.275,0.0001368146799627296,0
kanpur_industrial,2023-10-20,2023,26.525,80.325,0.00014004395031188828,0.00111885195098019
kanpur_industrial,2023-10-20,2023,26.525,80.375,0.00021344088624010972,0.003647141476214398
kanpur_industrial,2023-10-20,2023,26.525,80.425,0.00021518839994198868,0.012995762866072616
kanpur_industrial,2023-10-20,2023,26.525,80.475,0.00020130139262694398,0.03245158892369152
kanpur_industrial,2023-10-20,2023,26.525,80.525,0.00025302684130081363,0.06906123714316245
kanpur_industrial,2023-10-20,2023,26.525,80.55,0.0002521009750927277,0.06484269651582429
kanpur_industrial,2023-10-20,2023,26.575,80.175,0.00015549277724692174,0
kanpur_industrial,2023-10-20,2023,26.575,80.225,0.00020066443319439778,0
kanpur_industrial,2023-10-20,2023,26.575,80.275,0.00022457327557032908,0
kanpur_industrial,2023-10-20,2023,26.575,80.325,0.0002840290323303182,0
kanpur_industrial,2023-10-20,2023,26.575,80.375,0.00029891321333982984,0
kanpur_industrial,2023-10-20,2023,26.575,80.425,0.00022846469060644052,0.0034301125568520718
kanpur_industrial,2023-10-20,2023,26.575,80.475,0.00016734218536915615,0.017494037998814577
kanpur_industrial,2023-10-20,2023,26.575,80.525,0.0002481018038879471,0.0555991045311218
kanpur_industrial,2023-10-20,2023,26.575,80.55,0.0001717713038956325,0.05795129930657901
kanpur_industrial,2023-10-21,2023,26.325,80.175,0.00014597873996784227,0
kanpur_industrial,2023-10-21,2023,26.325,80.225,7.7639341927096e-05,0
kanpur_industrial,2023-10-21,2023,26.325,80.275,0.00013911197931313932,0
kanpur_industrial,2023-10-21,2023,26.325,80.325,0.0002682698746036768,0
kanpur_industrial,2023-10-21,2023,26.325,80.375,0.0002519201647361254,0
kanpur_industrial,2023-10-21,2023,26.325,80.425,0.00023151366603405465,0
kanpur_industrial,2023-10-21,2023,26.325,80.475,0.00024192224385437944,0
kanpur_industrial,2023-10-21,2023,26.325,80.525,0.00033852968663882095,0
kanpur_industrial,2023-10-21,2023,26.325,80.55,0.0002265926796451142,0
kanpur_industrial,2023-10-21,2023,26.375,80.175,0.00014628688852339928,0
kanpur_industrial,2023-10-21,2023,26.375,80.225,0.00017480553784239472,0
kanpur_industrial,2023-10-21,2023,26.375,80.275,0.00021690636066020922,0
kanpur_industrial,2023-10-21,2023,26.375,80.325,0.0001729703591279225,0
kanpur_industrial,2023-10-21,2023,26.375,80.375,0.0002292546864153201,0
kanpur_industrial,2023-10-21,2023,26.375,80.425,0.00019791784692643004,0
kanpur_industrial,2023-10-21,2023,26.375,80.475,0.00013314957722516837,0
kanpur_industrial,2023-10-21,2023,26.375,80.525,0.0001039950053186735,0
kanpur_industrial,2023-10-21,2023,26.425,80.175,0.0001633637422566879,0
kanpur_industrial,2023-10-21,2023,26.425,80.225,0.00015548954405662842,0
kanpur_industrial,2023-10-21,2023,26.425,80.275,0.00020483781824364895,0
kanpur_industrial,2023-10-21,2023,26.425,80.325,0.0001990962570809814,0
kanpur_industrial,2023-10-21,2023,26.425,80.375,0.00027204058172064104,0
kanpur_industrial,2023-10-21,2023,26.425,80.425,0.00029518321899724,0
kanpur_industrial,2023-10-21,2023,26.425,80.475,0.0002448725176172123,0
kanpur_industrial,2023-10-21,2023,26.425,80.525,7.816210676459154e-05,0
kanpur_industrial,2023-10-21,2023,26.425,80.55,8.772231331610219e-05,0
kanpur_industrial,2023-10-21,2023,26.475,80.175,0.0001563931976137072,0
kanpur_industrial,2023-10-21,2023,26.475,80.225,0.00015219765964932731,0
kanpur_industrial,2023-10-21,2023,26.475,80.275,0.00019416154153103558,0
kanpur_industrial,2023-10-21,2023,26.475,80.325,0.0002425771504844804,0
kanpur_industrial,2023-10-21,2023,26.475,80.375,0.0002557030546016083,0
kanpur_industrial,2023-10-21,2023,26.475,80.425,0.00023499133474479868,0
kanpur_industrial,2023-10-21,2023,26.475,80.475,0.00018482667099287172,0
kanpur_industrial,2023-10-21,2023,26.475,80.525,0.00010155042976989131,0
kanpur_industrial,2023-10-21,2023,26.475,80.55,9.962537806628685e-05,0
kanpur_industrial,2023-10-21,2023,26.525,80.175,0.0001463784767993328,0
kanpur_industrial,2023-10-21,2023,26.525,80.225,0.00016718226782533435,0
kanpur_industrial,2023-10-21,2023,26.525,80.275,0.00018497025274225287,0
kanpur_industrial,2023-10-21,2023,26.525,80.325,0.0002535257420327833,0
kanpur_industrial,2023-10-21,2023,26.525,80.375,0.00021439746279723588,0
kanpur_industrial,2023-10-21,2023,26.525,80.425,0.00016424691452431354,0
kanpur_industrial,2023-10-21,2023,26.525,80.475,0.0001306918869719571,0
kanpur_industrial,2023-10-21,2023,26.525,80.525,0.00015481069491956223,0
kanpur_industrial,2023-10-21,2023,26.525,80.55,0.00017721635273022036,0
kanpur_industrial,2023-10-21,2023,26.575,80.175,0.00014624978256908624,0
kanpur_industrial,2023-10-21,2023,26.575,80.225,0.00020464503050587852,0
kanpur_industrial,2023-10-21,2023,26.575,80.275,0.0001797759968515634,0
kanpur_industrial,2023-10-21,2023,26.575,80.325,0.00019799049576193993,0
kanpur_industrial,2023-10-21,2023,26.575,80.375,0.00016771968728390043,0
kanpur_industrial,2023-10-21,2023,26.575,80.425,0.00017386960252466566,0
kanpur_industrial,2023-10-21,2023,26.575,80.475,0.0001997515807729708,0
kanpur_industrial,2023-10-21,2023,26.575,80.525,0.0002278597629654309,0
kanpur_industrial,2023-10-21,2023,26.575,80.55,0.00027575926360271777,0
kanpur_industrial,2023-10-22,2023,26.325,80.175,0.00019558673533822145,0
kanpur_industrial,2023-10-22,2023,26.325,80.225,0.00016088385803156096,0
kanpur_industrial,2023-10-22,2023,26.325,80.275,0.00016496979877179984,0
kanpur_industrial,2023-10-22,2023,26.325,80.325,0.00029111281361802717,0
kanpur_industrial,2023-10-22,2023,26.325,80.375,0.00023881612969037187,0
kanpur_industrial,2023-10-22,2023,26.325,80.425,0.00020494518320092662,0
kanpur_industrial,2023-10-22,2023,26.325,80.475,0.00022296232098733575,0
kanpur_industrial,2023-10-22,2023,26.325,80.525,0.0003485400989090768,0
kanpur_industrial,2023-10-22,2023,26.325,80.55,0.00026950465174180896,0
kanpur_industrial,2023-10-22,2023,26.375,80.175,0.00032102474214613897,0
kanpur_industrial,2023-10-22,2023,26.375,80.225,0.0002577861221495152,0
kanpur_industrial,2023-10-22,2023,26.375,80.275,0.00018239958029979964,0
kanpur_industrial,2023-10-22,2023,26.375,80.325,0.0004092450354467531,0
kanpur_industrial,2023-10-22,2023,26.375,80.375,0.00030065671979944737,0
kanpur_industrial,2023-10-22,2023,26.375,80.425,0.0002313311897357396,0
kanpur_industrial,2023-10-22,2023,26.375,80.475,0.00019584923846986837,0
kanpur_industrial,2023-10-22,2023,26.375,80.525,0.00018294201913003941,0
kanpur_industrial,2023-10-22,2023,26.425,80.175,0.0002535566568854918,0
kanpur_industrial,2023-10-22,2023,26.425,80.225,0.00023901884969161502,0
kanpur_industrial,2023-10-22,2023,26.425,80.275,0.00021729876611640476,0
kanpur_industrial,2023-10-22,2023,26.425,80.325,0.00036452000346528135,0
kanpur_industrial,2023-10-22,2023,26.425,80.375,0.0003280785328607362,0
kanpur_industrial,2023-10-22,2023,26.425,80.425,0.00025988218352049976,0
kanpur_industrial,2023-10-22,2023,26.425,80.475,0.00020353823045598683,0
kanpur_industrial,2023-10-22,2023,26.425,80.525,0.00021449618498185901,0
kanpur_industrial,2023-10-22,2023,26.425,80.55,0.0002028186590366974,0
kanpur_industrial,2023-10-22,2023,26.475,80.175,0.00023128934763518152,0
kanpur_industrial,2023-10-22,2023,26.475,80.225,0.00021536994090783554,0
kanpur_industrial,2023-10-22,2023,26.475,80.275,0.00019661159282258862,0
kanpur_industrial,2023-10-22,2023,26.475,80.325,0.000266772904080671,0
kanpur_industrial,2023-10-22,2023,26.475,80.375,0.0002690165693972664,0
kanpur_industrial,2023-10-22,2023,26.475,80.425,0.00021924378455723294,0
kanpur_industrial,2023-10-22,2023,26.475,80.475,0.00017672305924424283,0
kanpur_industrial,2023-10-22,2023,26.475,80.525,0.00022006340640446945,0
kanpur_industrial,2023-10-22,2023,26.475,80.55,0.00022023172511335173,0
kanpur_industrial,2023-10-22,2023,26.525,80.175,0.000251753983014669,0
kanpur_industrial,2023-10-22,2023,26.525,80.225,0.00023146909099377888,0
kanpur_industrial,2023-10-22,2023,26.525,80.275,0.00024070238406585619,0
kanpur_industrial,2023-10-22,2023,26.525,80.325,0.00016220190461862727,0
kanpur_industrial,2023-10-22,2023,26.525,80.375,0.00020882087593882809,0
kanpur_industrial,2023-10-22,2023,26.525,80.425,0.00019820382126722844,0
kanpur_industrial,2023-10-22,2023,26.525,80.475,0.0001823817895995253,0
kanpur_industrial,2023-10-22,2023,26.525,80.525,0.00023563359995542815,0
kanpur_industrial,2023-10-22,2023,26.525,80.55,0.0002504538016947673,0
kanpur_industrial,2023-10-22,2023,26.575,80.175,0.0003192018996125588,0
kanpur_industrial,2023-10-22,2023,26.575,80.225,0.0003158204484273583,0
kanpur_industrial,2023-10-22,2023,26.575,80.275,0.0004244270670662864,0
kanpur_industrial,2023-10-22,2023,26.575,80.325,8.847759599058578e-05,0
kanpur_industrial,2023-10-22,2023,26.575,80.375,0.00020362533650583402,0
kanpur_industrial,2023-10-22,2023,26.575,80.425,0.0002524029953172146,0
kanpur_industrial,2023-10-22,2023,26.575,80.475,0.00026518254363058015,0
kanpur_industrial,2023-10-22,2023,26.575,80.525,0.000281681162752591,0
kanpur_industrial,2023-10-22,2023,26.575,80.55,0.00022480787796236274,0
kanpur_industrial,2023-10-23,2023,26.325,80.175,0.00029409397007626627,0.008897670796235636
kanpur_industrial,2023-10-23,2023,26.325,80.225,0.0002990320701852732,0.022212169373911794
kanpur_industrial,2023-10-23,2023,26.325,80.275,0.0003595147465254728,0.03639604396898844
kanpur_industrial,2023-10-23,2023,26.325,80.325,0.0003063494516294624,0.0724280974032238
kanpur_industrial,2023-10-23,2023,26.325,80.375,0.00033441079370832106,0.0633888184022223
kanpur_industrial,2023-10-23,2023,26.325,80.425,0.00030344270256691893,0.07879194855280472
kanpur_industrial,2023-10-23,2023,26.325,80.475,0.00025441182050425993,0.11156816556613935
kanpur_industrial,2023-10-23,2023,26.325,80.525,0.00023863288674070773,0.15625833915430715
kanpur_industrial,2023-10-23,2023,26.325,80.55,0.0002632808183473355,0.1267124575503181
kanpur_industrial,2023-10-23,2023,26.375,80.175,0.00023808443846672097,0
kanpur_industrial,2023-10-23,2023,26.375,80.225,0.00023552764237104042,0
kanpur_industrial,2023-10-23,2023,26.375,80.275,0.0002553852721316852,0
kanpur_industrial,2023-10-23,2023,26.375,80.325,0.00023734987445237735,0
kanpur_industrial,2023-10-23,2023,26.375,80.375,0.0002482256346918148,0.0010761505562480991
kanpur_industrial,2023-10-23,2023,26.375,80.425,0.0002769119014797241,0.02349893517274111
kanpur_industrial,2023-10-23,2023,26.375,80.475,0.0003008895482843004,0.05771068126487538
kanpur_industrial,2023-10-23,2023,26.375,80.525,0.0002902761720117373,0.09435268246023487
kanpur_industrial,2023-10-23,2023,26.425,80.175,0.00022154181612437523,0
kanpur_industrial,2023-10-23,2023,26.425,80.225,0.00019847172098385753,0
kanpur_industrial,2023-10-23,2023,26.425,80.275,0.00026036323452653936,0
kanpur_industrial,2023-10-23,2023,26.425,80.325,0.00016785023129219274,0
kanpur_industrial,2023-10-23,2023,26.425,80.375,0.00023327217650462252,0.00022024606723213214
kanpur_industrial,2023-10-23,2023,26.425,80.425,0.00025405776183866726,0.00494011812921345
kanpur_industrial,2023-10-23,2023,26.425,80.475,0.00026215279311004165,0.01681478716870972
kanpur_industrial,2023-10-23,2023,26.425,80.525,0.0003049004657750448,0.04197031414748845
kanpur_industrial,2023-10-23,2023,26.425,80.55,0.0002994883255634271,0.06135591501913476
kanpur_industrial,2023-10-23,2023,26.475,80.175,0.00020111534619448,0
kanpur_industrial,2023-10-23,2023,26.475,80.225,0.00015571940399897177,0
kanpur_industrial,2023-10-23,2023,26.475,80.275,0.00019742785768042683,0
kanpur_industrial,2023-10-23,2023,26.475,80.325,0.00014448555053984765,0
kanpur_industrial,2023-10-23,2023,26.475,80.375,0.0001964490690719293,0
kanpur_industrial,2023-10-23,2023,26.475,80.425,0.0002166781492575576,0
kanpur_industrial,2023-10-23,2023,26.475,80.475,0.0002468368561078005,0.0030950724615004194
kanpur_industrial,2023-10-23,2023,26.475,80.525,0.00035115064619755965,0.014441290280613138
kanpur_industrial,2023-10-23,2023,26.475,80.55,0.00034843580993065924,0.015331385805448235
kanpur_industrial,2023-10-23,2023,26.525,80.175,0.00017780714129100102,0
kanpur_industrial,2023-10-23,2023,26.525,80.225,0.00011077490215434123,0
kanpur_industrial,2023-10-23,2023,26.525,80.275,0.00012907135312053728,0
kanpur_industrial,2023-10-23,2023,26.525,80.325,0.00017255326209062976,0
kanpur_industrial,2023-10-23,2023,26.525,80.375,0.000192400712065777,0
kanpur_industrial,2023-10-23,2023,26.525,80.425,0.00020019855095026096,0
kanpur_industrial,2023-10-23,2023,26.525,80.475,0.00023015529533390502,0.0003622050366134931
kanpur_industrial,2023-10-23,2023,26.525,80.525,0.0003386788146809748,0.0016740621853716306
kanpur_industrial,2023-10-23,2023,26.525,80.55,0.0002976226805586845,0.0011518120164309082
kanpur_industrial,2023-10-23,2023,26.575,80.175,0.00015472919310182754,0
kanpur_industrial,2023-10-23,2023,26.575,80.225,6.769296687509366e-05,0
kanpur_industrial,2023-10-23,2023,26.575,80.275,9.694691912551405e-05,0
kanpur_industrial,2023-10-23,2023,26.575,80.325,0.00025658482539472904,0
kanpur_industrial,2023-10-23,2023,26.575,80.375,0.00026311281229681886,0
kanpur_industrial,2023-10-23,2023,26.575,80.425,0.00023079532454163933,0
kanpur_industrial,2023-10-23,2023,26.575,80.475,0.00019663065817527849,0
kanpur_industrial,2023-10-23,2023,26.575,80.525,0.00020675419084284337,0
kanpur_industrial,2023-10-23,2023,26.575,80.55,0.0001942730392382056,0
kanpur_industrial,2023-10-24,2023,26.325,80.175,0.00019714104469711115,0.09495138608539398
kanpur_industrial,2023-10-24,2023,26.325,80.225,0.00020541915929407617,0.091707667202953
kanpur_industrial,2023-10-24,2023,26.325,80.275,0.00015118263775509117,0.08974832952621378
kanpur_industrial,2023-10-24,2023,26.325,80.325,0.0004125913970784188,0.1060441579989281
kanpur_industrial,2023-10-24,2023,26.325,80.375,0.0002127305793712864,0.10796689145025916
kanpur_industrial,2023-10-24,2023,26.325,80.425,0.00010975697973749686,0.1064943720810286
kanpur_industrial,2023-10-24,2023,26.325,80.475,6.743692620776109e-05,0.1043587208954786
kanpur_industrial,2023-10-24,2023,26.325,80.525,4.238088102853771e-05,0.10498670277577547
kanpur_industrial,2023-10-24,2023,26.325,80.55,7.213994802847473e-05,0.10352101492333701
kanpur_industrial,2023-10-24,2023,26.375,80.175,0.00020700622954461024,0.13081818729587094
kanpur_industrial,2023-10-24,2023,26.375,80.225,0.00021637510595126657,0.0856708263113367
kanpur_industrial,2023-10-24,2023,26.375,80.275,0.0002923013754190645,0.10331555003391983
kanpur_industrial,2023-10-24,2023,26.375,80.325,0.0004984703163163277,0.13981940379116017
kanpur_industrial,2023-10-24,2023,26.375,80.375,0.000503197842699008,0.1365822414118118
kanpur_industrial,2023-10-24,2023,26.375,80.425,0.00037086536943936783,0.12806566512512826
kanpur_industrial,2023-10-24,2023,26.375,80.475,0.00019896113754450472,0.11618793644022603
kanpur_industrial,2023-10-24,2023,26.375,80.525,0.0001047332118855486,0.10191573775161872
kanpur_industrial,2023-10-24,2023,26.425,80.175,0.0003515705581698396,0.07202751961569359
kanpur_industrial,2023-10-24,2023,26.425,80.225,0.00034617709078780287,0.06195793012236
kanpur_industrial,2023-10-24,2023,26.425,80.275,0.00030284394120961644,0.0713957041276746
kanpur_industrial,2023-10-24,2023,26.425,80.325,0.0002167701788756031,0.11464435634201695
kanpur_industrial,2023-10-24,2023,26.425,80.375,0.00026806559209600087,0.11703974712664984
kanpur_industrial,2023-10-24,2023,26.425,80.425,0.0002809255215155611,0.12301349948918879
kanpur_industrial,2023-10-24,2023,26.425,80.475,0.0002762213151210665,0.12445635215363952
kanpur_industrial,2023-10-24,2023,26.425,80.525,0.0002804156896193801,0.10901832263717386
kanpur_industrial,2023-10-24,2023,26.425,80.55,0.00021539933959189916,0.10638980697086603
kanpur_industrial,2023-10-24,2023,26.475,80.175,0.00029634815655416,0.05060135501860703
kanpur_industrial,2023-10-24,2023,26.475,80.225,0.00029707144299771787,0.04420772267114938
kanpur_industrial,2023-10-24,2023,26.475,80.275,0.0002581149955494803,0.048349054684363825
kanpur_industrial,2023-10-24,2023,26.475,80.325,0.00013809774885255034,0.14948074137543302
kanpur_industrial,2023-10-24,2023,26.475,80.375,0.00021321684151275606,0.15165676149310836
kanpur_industrial,2023-10-24,2023,26.475,80.425,0.00027467035626060416,0.13651626930995828
kanpur_industrial,2023-10-24,2023,26.475,80.475,0.0003119798146819696,0.11641618934204158
kanpur_industrial,2023-10-24,2023,26.475,80.525,0.0003098897557640107,0.10791533990373708
kanpur_industrial,2023-10-24,2023,26.475,80.55,0.00031092424894352597,0.10810390908484252
kanpur_industrial,2023-10-24,2023,26.525,80.175,0.00018141223364203691,0.047079579412309454
kanpur_industrial,2023-10-24,2023,26.525,80.225,0.00019167649457966002,0.04327056117541535
kanpur_industrial,2023-10-24,2023,26.525,80.275,0.00021741038356809416,0.0667331174975661
kanpur_industrial,2023-10-24,2023,26.525,80.325,0.00014539050282086092,0.17109329932121836
kanpur_industrial,2023-10-24,2023,26.525,80.375,0.0002061317000308342,0.17216325794609172
kanpur_industrial,2023-10-24,2023,26.525,80.425,0.00026309344294355726,0.1491342877695738
kanpur_industrial,2023-10-24,2023,26.525,80.475,0.00030332089597635354,0.1178224574570659
kanpur_industrial,2023-10-24,2023,26.525,80.525,0.0003060239678170059,0.09691515774514145
kanpur_industrial,2023-10-24,2023,26.525,80.55,0.0003145192907449476,0.08992309809612546
kanpur_industrial,2023-10-24,2023,26.575,80.175,9.475830206484908e-05,0.05302345901695422
kanpur_industrial,2023-10-24,2023,26.575,80.225,0.00010691508100809414,0.06723427779364409
kanpur_industrial,2023-10-24,2023,26.575,80.275,0.00022064315847672292,0.15004536215153294
kanpur_industrial,2023-10-24,2023,26.575,80.325,0.00017276728547963908,0.13388285691011248
kanpur_industrial,2023-10-24,2023,26.575,80.375,0.00017260232555570736,0.13270105596682666
kanpur_industrial,2023-10-24,2023,26.575,80.425,0.00019382584611862998,0.1477375878418544
kanpur_industrial,2023-10-24,2023,26.575,80.475,0.00024157805598524424,0.14554048106313286
kanpur_industrial,2023-10-24,2023,26.575,80.525,0.0003319408860272931,0.07573293017597427
kanpur_industrial,2023-10-24,2023,26.575,80.55,0.00028066895594909254,0.12372929274448025
kanpur_industrial,2023-10-25,2023,26.325,80.175,0.00025756964273414214,0.12585013469004802
kanpur_industrial,2023-10-25,2023,26.325,80.225,0.0002577316761135366,0.11884930983076783
kanpur_industrial,2023-10-25,2023,26.325,80.275,0.00020150327953474237,0.1319905150077554
kanpur_industrial,2023-10-25,2023,26.325,80.325,0.00011261305408740838,0.16838392627086415
kanpur_industrial,2023-10-25,2023,26.325,80.375,0.00022086860295640555,0.1914097872318692
kanpur_industrial,2023-10-25,2023,26.325,80.425,0.00023155761272412168,0.19985845771342195
kanpur_industrial,2023-10-25,2023,26.325,80.475,0.00020760225689309453,0.20576139341860974
kanpur_industrial,2023-10-25,2023,26.325,80.525,0.00023338785479778872,0.22639197479424183
kanpur_industrial,2023-10-25,2023,26.325,80.55,0.00025809420588952586,0.22568210437708985
kanpur_industrial,2023-10-25,2023,26.375,80.175,0.00018327587799318688,0.0835054384621314
kanpur_industrial,2023-10-25,2023,26.375,80.225,0.00025926571490750055,0.09296269380715677
kanpur_industrial,2023-10-25,2023,26.375,80.275,7.656757819486582e-05,0.1355516817690767
kanpur_industrial,2023-10-25,2023,26.375,80.325,0.00011281453647826136,0.17713167556897702
kanpur_industrial,2023-10-25,2023,26.375,80.375,0.00014944646029525267,0.18499403974966686
kanpur_industrial,2023-10-25,2023,26.375,80.425,0.00016480440502084675,0.18676310037098645
kanpur_industrial,2023-10-25,2023,26.375,80.475,0.00019275295552884206,0.1941998393913462
kanpur_industrial,2023-10-25,2023,26.375,80.525,0.0002851535427995237,0.22490462725354246
kanpur_industrial,2023-10-25,2023,26.425,80.175,0.00019852224944361382,0.06033828626997406
kanpur_industrial,2023-10-25,2023,26.425,80.225,0.0001782888577059813,0.08322289636801905
kanpur_industrial,2023-10-25,2023,26.425,80.275,0.00011656626334202212,0.12310661085056507
kanpur_industrial,2023-10-25,2023,26.425,80.325,0.00013803241827190475,0.13502218017384202
kanpur_industrial,2023-10-25,2023,26.425,80.375,0.0001407860075289106,0.13722827856499886
kanpur_industrial,2023-10-25,2023,26.425,80.425,0.00019192979230155566,0.1495079710834507
kanpur_industrial,2023-10-25,2023,26.425,80.475,0.00023031387875566044,0.1715112247837739
kanpur_industrial,2023-10-25,2023,26.425,80.525,0.0001717978978701886,0.20543727763030584
kanpur_industrial,2023-10-25,2023,26.425,80.55,0.00021374841213537562,0.21264172985307844
kanpur_industrial,2023-10-25,2023,26.475,80.175,0.00023061337273131655,0.05767132870768756
kanpur_industrial,2023-10-25,2023,26.475,80.225,0.0001766540758592779,0.07919527798820114
kanpur_industrial,2023-10-25,2023,26.475,80.275,0.00011333141167977494,0.11678057378091565
kanpur_industrial,2023-10-25,2023,26.475,80.325,0.00021274625701364044,0.11625462253081256
kanpur_industrial,2023-10-25,2023,26.475,80.375,0.00020651468549337334,0.11933255156321386
kanpur_industrial,2023-10-25,2023,26.475,80.425,0.00021758109301444877,0.13724741646762448
kanpur_industrial,2023-10-25,2023,26.475,80.475,0.00021283006854550375,0.16321902427607893
kanpur_industrial,2023-10-25,2023,26.475,80.525,0.0001442666597631494,0.1910950519436799
kanpur_industrial,2023-10-25,2023,26.475,80.55,0.00014414365301192183,0.1916887820925071
kanpur_industrial,2023-10-25,2023,26.525,80.175,0.00023422538520256634,0.07271184928462956
kanpur_industrial,2023-10-25,2023,26.525,80.225,0.00018416998356735547,0.08542027561601649
kanpur_industrial,2023-10-25,2023,26.525,80.275,0.00011568332399861156,0.10977271355964388
kanpur_industrial,2023-10-25,2023,26.525,80.325,0.00019663305992753517,0.09976877708855354
kanpur_industrial,2023-10-25,2023,26.525,80.375,0.00023213661665783295,0.10639951392208814
kanpur_industrial,2023-10-25,2023,26.525,80.425,0.000235483390594761,0.12552290629787713
kanpur_industrial,2023-10-25,2023,26.525,80.475,0.00021021072272279958,0.15041050532938857
kanpur_industrial,2023-10-25,2023,26.525,80.525,0.00015077368313006596,0.17182938166143508
kanpur_industrial,2023-10-25,2023,26.525,80.55,0.00015478010444999589,0.16256389807983937
kanpur_industrial,2023-10-25,2023,26.575,80.175,0.00017645065420051815,0.10572631639422383
kanpur_industrial,2023-10-25,2023,26.575,80.225,0.000159433182758427,0.1055336549638268
kanpur_industrial,2023-10-25,2023,26.575,80.275,0.00015432470338093442,0.09837467165302631
kanpur_industrial,2023-10-25,2023,26.575,80.325,-1.7275340168590866e-06,0.07435821138428525
kanpur_industrial,2023-10-25,2023,26.575,80.375,0.0001380456112960597,0.08425264529637697
kanpur_industrial,2023-10-25,2023,26.575,80.425,0.00024099152180579524,0.100536944539239
kanpur_industrial,2023-10-25,2023,26.575,80.475,0.000271027616103739,0.12028945115765965
kanpur_industrial,2023-10-25,2023,26.575,80.525,0.00016403584934978634,0.1418157694328179
kanpur_industrial,2023-10-25,2023,26.575,80.55,0.00018040278444380248,0.12959726464883506
kanpur_industrial,2023-10-26,2023,26.325,80.175,0.00025169446154429086,0
kanpur_industrial,2023-10-26,2023,26.325,80.225,0.00026668109371780273,0.0004076198108950465
kanpur_industrial,2023-10-26,2023,26.325,80.275,0.00021002843170539508,0.00163141201202617
kanpur_industrial,2023-10-26,2023,26.325,80.325,0.0002701798437304213,0.026621697686905702
kanpur_industrial,2023-10-26,2023,26.325,80.375,0.00027725046867123424,0.033695583604501124
kanpur_industrial,2023-10-26,2023,26.325,80.425,0.0002458828828818154,0.0365428350446236
kanpur_industrial,2023-10-26,2023,26.325,80.475,0.00021115494685340622,0.02904386876093907
kanpur_industrial,2023-10-26,2023,26.325,80.525,0.00022028747790864937,3.947110867218508e-07
kanpur_industrial,2023-10-26,2023,26.325,80.55,0.000255526485727815,4.539177497301284e-06
kanpur_industrial,2023-10-26,2023,26.375,80.175,0.00027631419814746366,0
kanpur_industrial,2023-10-26,2023,26.375,80.225,0.00024648099118602094,0
kanpur_industrial,2023-10-26,2023,26.375,80.275,0.00012836886055479243,0
kanpur_industrial,2023-10-26,2023,26.375,80.325,0.0004292230179862786,0.010945535085852191
kanpur_industrial,2023-10-26,2023,26.375,80.375,0.00036525961260947735,0.02758106277030417
kanpur_industrial,2023-10-26,2023,26.375,80.425,0.0003087034809914872,0.03071939777535987
kanpur_industrial,2023-10-26,2023,26.375,80.475,0.0002777333441492776,0.02156834655104262
kanpur_industrial,2023-10-26,2023,26.375,80.525,0.0002941215895297584,9.078354994602568e-06
kanpur_industrial,2023-10-26,2023,26.425,80.175,0.0002450925460047631,0
kanpur_industrial,2023-10-26,2023,26.425,80.225,0.00024026920030829132,0
kanpur_industrial,2023-10-26,2023,26.425,80.275,0.00021550510953050002,0
kanpur_industrial,2023-10-26,2023,26.425,80.325,0.0003979193058244155,0.002271626090278621
kanpur_industrial,2023-10-26,2023,26.425,80.375,0.0002670084777091705,0.005662269326528574
kanpur_industrial,2023-10-26,2023,26.425,80.425,0.00024344423131343227,0.006367436944953349
kanpur_industrial,2023-10-26,2023,26.425,80.475,0.0002722103977185505,0.004478414904202607
kanpur_industrial,2023-10-26,2023,26.425,80.525,0.00027762827886480997,1.87241071763678e-06
kanpur_industrial,2023-10-26,2023,26.425,80.55,0.00028373210249671996,4.539177497301284e-06
kanpur_industrial,2023-10-26,2023,26.475,80.175,0.0002401216855784341,0
kanpur_industrial,2023-10-26,2023,26.475,80.225,0.0002257764475795646,0
kanpur_industrial,2023-10-26,2023,26.475,80.275,0.00020382634378736394,0
kanpur_industrial,2023-10-26,2023,26.475,80.325,0.00032694680191001273,0
kanpur_industrial,2023-10-26,2023,26.475,80.375,0.00020525326106667462,0
kanpur_industrial,2023-10-26,2023,26.475,80.425,0.00023317647138836197,0
kanpur_industrial,2023-10-26,2023,26.475,80.475,0.0002871308381154402,0
kanpur_industrial,2023-10-26,2023,26.475,80.525,0.00019641145809556158,0
kanpur_industrial,2023-10-26,2023,26.475,80.55,0.00020133147397375528,0
kanpur_industrial,2023-10-26,2023,26.525,80.175,0.0002141358094025752,0
kanpur_industrial,2023-10-26,2023,26.525,80.225,0.0002151491050937051,0
kanpur_industrial,2023-10-26,2023,26.525,80.275,0.00022348034873386746,0
kanpur_industrial,2023-10-26,2023,26.525,80.325,0.00024077776096896714,0
kanpur_industrial,2023-10-26,2023,26.525,80.375,0.00019161066836914894,0
kanpur_industrial,2023-10-26,2023,26.525,80.425,0.00024803637911089793,0
kanpur_industrial,2023-10-26,2023,26.525,80.475,0.0002884377385438307,0
kanpur_industrial,2023-10-26,2023,26.525,80.525,0.0001349481341793802,0
kanpur_industrial,2023-10-26,2023,26.525,80.55,0.00013961665149500788,0
kanpur_industrial,2023-10-26,2023,26.575,80.175,0.00013526821827694228,0
kanpur_industrial,2023-10-26,2023,26.575,80.225,0.00021340536261070072,0
kanpur_industrial,2023-10-26,2023,26.575,80.275,0.0003537086541520965,0
kanpur_industrial,2023-10-26,2023,26.575,80.325,0.0001611578054232568,0
kanpur_industrial,2023-10-26,2023,26.575,80.375,0.00023840834408650092,0
kanpur_industrial,2023-10-26,2023,26.575,80.425,0.00027397566853699213,0
kanpur_industrial,2023-10-26,2023,26.575,80.475,0.00025425832787325355,0
kanpur_industrial,2023-10-26,2023,26.575,80.525,0.00014992803586837773,0
kanpur_industrial,2023-10-26,2023,26.575,80.55,0.00015051558499382545,0
kanpur_industrial,2023-10-27,2023,26.325,80.175,0.00019941294687788181,0
kanpur_industrial,2023-10-27,2023,26.325,80.225,0.00016575250210653947,0
kanpur_industrial,2023-10-27,2023,26.325,80.275,0.00024396638648775987,0
kanpur_industrial,2023-10-27,2023,26.325,80.325,0.000384453886343217,0
kanpur_industrial,2023-10-27,2023,26.325,80.375,0.0003325526405208865,0
kanpur_industrial,2023-10-27,2023,26.325,80.425,0.00024343122236578695,0
kanpur_industrial,2023-10-27,2023,26.325,80.475,0.00020501937023984957,0
kanpur_industrial,2023-10-27,2023,26.325,80.525,0.00034254697300002836,0
kanpur_industrial,2023-10-27,2023,26.325,80.55,0.0003190833687422112,0
kanpur_industrial,2023-10-27,2023,26.375,80.175,0.0002515605493896238,0
kanpur_industrial,2023-10-27,2023,26.375,80.225,0.0002711578702291568,0
kanpur_industrial,2023-10-27,2023,26.375,80.275,0.00017256283962634663,0
kanpur_industrial,2023-10-27,2023,26.375,80.325,0.00039906033386668524,0
kanpur_industrial,2023-10-27,2023,26.375,80.375,0.00027726686080123246,0
kanpur_industrial,2023-10-27,2023,26.375,80.425,0.0002860206628758758,0
kanpur_industrial,2023-10-27,2023,26.375,80.475,0.000333427318333438,0
kanpur_industrial,2023-10-27,2023,26.375,80.525,0.000293385135507459,0
kanpur_industrial,2023-10-27,2023,26.425,80.175,0.0002444840505433404,0
kanpur_industrial,2023-10-27,2023,26.425,80.225,0.00024253719897391864,0
kanpur_industrial,2023-10-27,2023,26.425,80.275,0.00017151201021540634,0
kanpur_industrial,2023-10-27,2023,26.425,80.325,0.00023650130235802796,0
kanpur_industrial,2023-10-27,2023,26.425,80.375,0.00025536954145784907,0
kanpur_industrial,2023-10-27,2023,26.425,80.425,0.00021021368953203447,0
kanpur_industrial,2023-10-27,2023,26.425,80.475,0.00017830411907481214,0
kanpur_industrial,2023-10-27,2023,26.425,80.525,0.00026882592273363986,0
kanpur_industrial,2023-10-27,2023,26.425,80.55,0.00027791476525623434,0
kanpur_industrial,2023-10-27,2023,26.475,80.175,0.0002806286236963829,0
kanpur_industrial,2023-10-27,2023,26.475,80.225,0.00028734705869828405,0
kanpur_industrial,2023-10-27,2023,26.475,80.275,0.00026862458646592337,0
kanpur_industrial,2023-10-27,2023,26.475,80.325,0.00015004615880157273,0
kanpur_industrial,2023-10-27,2023,26.475,80.375,0.00022544550709740888,0
kanpur_industrial,2023-10-27,2023,26.475,80.425,0.0002441810170231323,0
kanpur_industrial,2023-10-27,2023,26.475,80.475,0.00023881536264907507,0
kanpur_industrial,2023-10-27,2023,26.475,80.525,0.000250726358673813,0
kanpur_industrial,2023-10-27,2023,26.475,80.55,0.0002514757679740639,0
kanpur_industrial,2023-10-27,2023,26.525,80.175,0.0002973574463312086,0
kanpur_industrial,2023-10-27,2023,26.525,80.225,0.00030312361317491604,0
kanpur_industrial,2023-10-27,2023,26.525,80.275,0.00032504888149712305,0
kanpur_industrial,2023-10-27,2023,26.525,80.325,0.00016635126712816686,0
kanpur_industrial,2023-10-27,2023,26.525,80.375,0.00021556178000042202,0
kanpur_industrial,2023-10-27,2023,26.525,80.425,0.00027825440943419675,0
kanpur_industrial,2023-10-27,2023,26.525,80.475,0.0003097339728539233,0
kanpur_industrial,2023-10-27,2023,26.525,80.525,0.0002442155982516472,0
kanpur_industrial,2023-10-27,2023,26.525,80.55,0.0002472919321553134,0
kanpur_industrial,2023-10-27,2023,26.575,80.175,0.0002521114550549265,0
kanpur_industrial,2023-10-27,2023,26.575,80.225,0.0002232343101671195,0
kanpur_industrial,2023-10-27,2023,26.575,80.275,0.0002492552700597245,0
kanpur_industrial,2023-10-27,2023,26.575,80.325,0.00031024409125761317,0
kanpur_industrial,2023-10-27,2023,26.575,80.375,0.0002482738293258969,0
kanpur_industrial,2023-10-27,2023,26.575,80.425,0.00024258591288857904,0
kanpur_industrial,2023-10-27,2023,26.575,80.475,0.0002589790882744534,0
kanpur_industrial,2023-10-27,2023,26.575,80.525,0.0002540339415368809,0
kanpur_industrial,2023-10-27,2023,26.575,80.55,0.0002523654501423983,0
kanpur_industrial,2023-10-28,2023,26.325,80.175,0.00020055880874777102,0
kanpur_industrial,2023-10-28,2023,26.325,80.225,0.00014509435857830457,0
kanpur_industrial,2023-10-28,2023,26.325,80.275,0.00021098962750581648,0
kanpur_industrial,2023-10-28,2023,26.325,80.325,6.278349213056927e-05,0.006168508194448068
kanpur_industrial,2023-10-28,2023,26.325,80.375,3.735622569930871e-05,0.025989665480789452
kanpur_industrial,2023-10-28,2023,26.325,80.425,0.00016389568708395942,0.037255138244669625
kanpur_industrial,2023-10-28,2023,26.325,80.475,0.0003071184744900992,0.03552608719692195
kanpur_industrial,2023-10-28,2023,26.325,80.525,0.00029121485721688063,0.012233599066287163
kanpur_industrial,2023-10-28,2023,26.325,80.55,0.00024256406481062878,0.0063948358755591996
kanpur_industrial,2023-10-28,2023,26.375,80.175,0.00025058038374472613,0
kanpur_industrial,2023-10-28,2023,26.375,80.225,0.0001967964254817429,0
kanpur_industrial,2023-10-28,2023,26.375,80.275,0.00020899737562065965,0
kanpur_industrial,2023-10-28,2023,26.375,80.325,0.00028369147397839096,0
kanpur_industrial,2023-10-28,2023,26.375,80.375,0.00024292675543678504,0.00016996563861739868
kanpur_industrial,2023-10-28,2023,26.375,80.425,0.00018341779159131413,0.00048097522728609356
kanpur_industrial,2023-10-28,2023,26.375,80.475,0.00014671380134182173,0.0005890626634562064
kanpur_industrial,2023-10-28,2023,26.375,80.525,0.00018927986360378155,0
kanpur_industrial,2023-10-28,2023,26.425,80.175,0.0001810274133880784,0.05739029864595998
kanpur_industrial,2023-10-28,2023,26.425,80.225,0.0002372688270343337,0.028886127305897798
kanpur_industrial,2023-10-28,2023,26.425,80.275,0.0002900971426054127,0.0052538547609155325
kanpur_industrial,2023-10-28,2023,26.425,80.325,0.00024227735087587214,0.0007274263705708467
kanpur_industrial,2023-10-28,2023,26.425,80.375,0.0002630477279455114,0.034126735000206763
kanpur_industrial,2023-10-28,2023,26.425,80.425,0.0003030003667563114,0.03197172297790308
kanpur_industrial,2023-10-28,2023,26.425,80.475,0.0003148634605877528,0.012677301402437344
kanpur_industrial,2023-10-28,2023,26.425,80.525,0.00022909053936812147,0
kanpur_industrial,2023-10-28,2023,26.425,80.55,0.0002143574546364366,0
kanpur_industrial,2023-10-28,2023,26.475,80.175,0.0001865880226808266,0.14487639796655027
kanpur_industrial,2023-10-28,2023,26.475,80.225,0.00028808279437842464,0.06892631079258266
kanpur_industrial,2023-10-28,2023,26.475,80.275,0.0003599810521223483,0.01407913062001665
kanpur_industrial,2023-10-28,2023,26.475,80.325,0.0002382669519317595,0.008958276854389604
kanpur_industrial,2023-10-28,2023,26.475,80.375,0.0002904381111256802,0.04832784070873031
kanpur_industrial,2023-10-28,2023,26.475,80.425,0.000312985858557938,0.04226605313309568
kanpur_industrial,2023-10-28,2023,26.475,80.475,0.0003031087516118781,0.015976792690007843
kanpur_industrial,2023-10-28,2023,26.475,80.525,0.0002507363469185312,0
kanpur_industrial,2023-10-28,2023,26.475,80.55,0.0002500135892804856,0
kanpur_industrial,2023-10-28,2023,26.525,80.175,0.00023269465967223812,0.18007423673194242
kanpur_industrial,2023-10-28,2023,26.525,80.225,0.0003155196756175996,0.08352351617851368
kanpur_industrial,2023-10-28,2023,26.525,80.275,0.00035054283299066057,0.02300054272881861
kanpur_industrial,2023-10-28,2023,26.525,80.325,0.0002830232525571646,0.012405576326502054
kanpur_industrial,2023-10-28,2023,26.525,80.375,0.00031398264721353854,0.04326545522654798
kanpur_industrial,2023-10-28,2023,26.525,80.425,0.0002760549333904664,0.03684633002107082
kanpur_industrial,2023-10-28,2023,26.525,80.475,0.00023218592191253127,0.014027550267056087
kanpur_industrial,2023-10-28,2023,26.525,80.525,0.0002707553668173123,0
kanpur_industrial,2023-10-28,2023,26.525,80.55,0.00027918623132363706,0
kanpur_industrial,2023-10-28,2023,26.575,80.175,0.0002983808812767266,0.10297529962845205
kanpur_industrial,2023-10-28,2023,26.575,80.225,0.00029286676950715003,0.04737952347969786
kanpur_industrial,2023-10-28,2023,26.575,80.275,0.00021074155216444182,0.029832373891086984
kanpur_industrial,2023-10-28,2023,26.575,80.325,0.00037814715072387355,0.003751701305538228
kanpur_industrial,2023-10-28,2023,26.575,80.375,0.0003257793036811644,0.01826262579727855
kanpur_industrial,2023-10-28,2023,26.575,80.425,0.00022810663660431885,0.017738384932384096
kanpur_industrial,2023-10-28,2023,26.575,80.475,0.0001754276921156907,0.009088118108953307
kanpur_industrial,2023-10-28,2023,26.575,80.525,0.0002963163562928187,0
kanpur_industrial,2023-10-28,2023,26.575,80.55,0.00023922139125235855,0
kanpur_industrial,2023-10-29,2023,26.325,80.175,0.00023498379089591218,0.05943469389647991
kanpur_industrial,2023-10-29,2023,26.325,80.225,0.0003004755190843279,0.06467214615930965
kanpur_industrial,2023-10-29,2023,26.325,80.275,0.00028304150728082676,0.07065266445737385
kanpur_industrial,2023-10-29,2023,26.325,80.325,0.0002789124581901393,0.07880530481947381
kanpur_industrial,2023-10-29,2023,26.325,80.375,0.0002578627845963882,0.08251171887361695
kanpur_industrial,2023-10-29,2023,26.325,80.425,0.00020695318171704786,0.08182092983717938
kanpur_industrial,2023-10-29,2023,26.325,80.475,0.00017069575159767576,0.07727189389373465
kanpur_industrial,2023-10-29,2023,26.325,80.525,0.0002089399698275735,0.06866267049325402
kanpur_industrial,2023-10-29,2023,26.325,80.55,0.000287462761496148,0.07316183462546819
kanpur_industrial,2023-10-29,2023,26.375,80.175,0.0001439523462128452,0.05412484081577104
kanpur_industrial,2023-10-29,2023,26.375,80.225,0.00023851924753747543,0.05252753788341151
kanpur_industrial,2023-10-29,2023,26.375,80.275,0.00026253700088844304,0.05291117006912335
kanpur_industrial,2023-10-29,2023,26.375,80.325,0.00022589652113979997,0.07635586173832432
kanpur_industrial,2023-10-29,2023,26.375,80.375,0.0002259407747485747,0.08103702042152049
kanpur_industrial,2023-10-29,2023,26.375,80.425,0.00030715474514630395,0.08187413237409157
kanpur_industrial,2023-10-29,2023,26.375,80.475,0.000390821596415194,0.08035528554298144
kanpur_industrial,2023-10-29,2023,26.375,80.525,0.00037346391427601523,0.07808949057979797
kanpur_industrial,2023-10-29,2023,26.425,80.175,0.00024224640435059765,0.06599313698346125
kanpur_industrial,2023-10-29,2023,26.425,80.225,0.00021425724993814525,0.06165090517528966
kanpur_industrial,2023-10-29,2023,26.425,80.275,0.0002198171410672677,0.058487359414789795
kanpur_industrial,2023-10-29,2023,26.425,80.325,0.00023862994316321536,0.07157958057470053
kanpur_industrial,2023-10-29,2023,26.425,80.375,0.00023218397053285063,0.07324231327036541
kanpur_industrial,2023-10-29,2023,26.425,80.425,0.00022228544059455806,0.07617100683383571
kanpur_industrial,2023-10-29,2023,26.425,80.475,0.00024467181502675666,0.07848261692888625
kanpur_industrial,2023-10-29,2023,26.425,80.525,0.00035598088196470227,0.0775945879826623
kanpur_industrial,2023-10-29,2023,26.425,80.55,0.00036245098053660547,0.07777774091231093
kanpur_industrial,2023-10-29,2023,26.475,80.175,0.0003436343603581544,0.07415031448807546
kanpur_industrial,2023-10-29,2023,26.475,80.225,0.00029946241776731533,0.0703414691365813
kanpur_industrial,2023-10-29,2023,26.475,80.275,0.00024410822274624654,0.06526024234226867
kanpur_industrial,2023-10-29,2023,26.475,80.325,0.00028461158459064015,0.07276733862102504
kanpur_industrial,2023-10-29,2023,26.475,80.375,0.00026117811649306903,0.07206686485069826
kanpur_industrial,2023-10-29,2023,26.475,80.425,0.0002467648875897858,0.07496087849836972
kanpur_industrial,2023-10-29,2023,26.475,80.475,0.0002603884242453887,0.0781020791352115
kanpur_industrial,2023-10-29,2023,26.475,80.525,0.000337207929649175,0.07710647580617637
kanpur_industrial,2023-10-29,2023,26.475,80.55,0.00033811799528073443,0.07712946807260151
kanpur_industrial,2023-10-29,2023,26.525,80.175,0.00034476081763555854,0.08177047503918526
kanpur_industrial,2023-10-29,2023,26.525,80.225,0.0003268376684393402,0.07905828195441537
kanpur_industrial,2023-10-29,2023,26.525,80.275,0.00026391225628941665,0.07246489375416622
kanpur_industrial,2023-10-29,2023,26.525,80.325,0.0003123218653518143,0.07611882912384847
kanpur_industrial,2023-10-29,2023,26.525,80.375,0.00028843059826625116,0.07253695104056061
kanpur_industrial,2023-10-29,2023,26.525,80.425,0.00028260066860762015,0.07422427869546773
kanpur_industrial,2023-10-29,2023,26.525,80.475,0.00028941571047041655,0.07756558483939716
kanpur_industrial,2023-10-29,2023,26.525,80.525,0.00030142428379400257,0.07783910506659109
kanpur_industrial,2023-10-29,2023,26.525,80.55,0.0002820347704095735,0.07870694247719873
kanpur_industrial,2023-10-29,2023,26.575,80.175,0.00016493797503218337,0.0902769531235668
kanpur_industrial,2023-10-29,2023,26.575,80.225,0.00018724496093108322,0.08769828189562573
kanpur_industrial,2023-10-29,2023,26.575,80.275,0.00023413114728787715,0.07922776676698955
kanpur_industrial,2023-10-29,2023,26.575,80.325,0.00028718322130284643,0.07939842441406944
kanpur_industrial,2023-10-29,2023,26.575,80.375,0.00029560696882166874,0.0717072764860154
kanpur_industrial,2023-10-29,2023,26.575,80.425,0.0002691038372347346,0.07159012921626327
kanpur_industrial,2023-10-29,2023,26.575,80.475,0.00023743180970124558,0.07574783625083506
kanpur_industrial,2023-10-29,2023,26.575,80.525,0.00023767274741193998,0.08058762523568887
kanpur_industrial,2023-10-29,2023,26.575,80.55,0.00017531761133751729,0.07928834732083903
kanpur_industrial,2023-10-30,2023,26.325,80.175,0.0001548446318349302,0.18386761006352054
kanpur_industrial,2023-10-30,2023,26.325,80.225,0.00015397629452219445,0.18834743524327105
kanpur_industrial,2023-10-30,2023,26.325,80.275,0.00013240206886840232,0.2001658888900698
kanpur_industrial,2023-10-30,2023,26.325,80.325,0.0001356349785989952,0.21814243129748526
kanpur_industrial,2023-10-30,2023,26.325,80.375,0.00013659634755014646,0.2266190734811866
kanpur_industrial,2023-10-30,2023,26.325,80.425,8.427905427044987e-05,0.230851980753524
kanpur_industrial,2023-10-30,2023,26.325,80.475,3.3287545390251775e-05,0.23141367910913818
kanpur_industrial,2023-10-30,2023,26.325,80.525,5.524353120731706e-05,0.22812610755382967
kanpur_industrial,2023-10-30,2023,26.325,80.55,0.0001524593027019627,0.22755432379646628
kanpur_industrial,2023-10-30,2023,26.375,80.175,0.00029283168099583455,0.16658695101556206
kanpur_industrial,2023-10-30,2023,26.375,80.225,0.0002865031109618338,0.17421208451147902
kanpur_industrial,2023-10-30,2023,26.375,80.275,0.000272842626177648,0.18119017100535242
kanpur_industrial,2023-10-30,2023,26.375,80.325,0.0003080560854925634,0.21906611960045014
kanpur_industrial,2023-10-30,2023,26.375,80.375,0.00031097387700823587,0.22098294836701468
kanpur_industrial,2023-10-30,2023,26.375,80.425,0.0003371121824215232,0.22715714980158955
kanpur_industrial,2023-10-30,2023,26.375,80.475,0.0003415932769193604,0.2318559039122734
kanpur_industrial,2023-10-30,2023,26.375,80.525,0.0002589337191008603,0.2269280844431635
kanpur_industrial,2023-10-30,2023,26.425,80.175,0.0002960183855162584,0.17384282579196284
kanpur_industrial,2023-10-30,2023,26.425,80.225,0.00027493367011214697,0.1800792486435843
kanpur_industrial,2023-10-30,2023,26.425,80.275,0.00026895117301556023,0.18234778919785594
kanpur_industrial,2023-10-30,2023,26.425,80.325,0.00030491054386713674,0.2101824913410876
kanpur_industrial,2023-10-30,2023,26.425,80.375,0.0003035802979243095,0.21074304618828815
kanpur_industrial,2023-10-30,2023,26.425,80.425,0.0002828777285866746,0.21862557293242296
kanpur_industrial,2023-10-30,2023,26.425,80.475,0.00021861855013102574,0.22767603469873873
kanpur_industrial,2023-10-30,2023,26.425,80.525,7.027568017000678e-05,0.2298123364052167
kanpur_industrial,2023-10-30,2023,26.425,80.55,0.0001400940095381179,0.2287449360728033
kanpur_industrial,2023-10-30,2023,26.475,80.175,0.00021986796377132943,0.179224769078054
kanpur_industrial,2023-10-30,2023,26.475,80.225,0.00019951467508094804,0.18478757132410575
kanpur_industrial,2023-10-30,2023,26.475,80.275,0.00019890945435795088,0.18518115735500357
kanpur_industrial,2023-10-30,2023,26.475,80.325,0.000383461351352943,0.20582306423482832
kanpur_industrial,2023-10-30,2023,26.475,80.375,0.00038184858062428873,0.20587267560227587
kanpur_industrial,2023-10-30,2023,26.475,80.425,0.00038045575213244197,0.21450675010205247
kanpur_industrial,2023-10-30,2023,26.475,80.475,0.00031862136860945215,0.22593377559194222
kanpur_industrial,2023-10-30,2023,26.475,80.525,9.760209369645431e-05,0.23336971584399688
kanpur_industrial,2023-10-30,2023,26.475,80.55,9.271938595847834e-05,0.23319013904424635
kanpur_industrial,2023-10-30,2023,26.525,80.175,0.00019158907367710298,0.1859369508590686
kanpur_industrial,2023-10-30,2023,26.525,80.225,0.0001745602885953637,0.19097539036902478
kanpur_industrial,2023-10-30,2023,26.525,80.275,0.00017478839891847827,0.19085095195718563
kanpur_industrial,2023-10-30,2023,26.525,80.325,0.00045131848975145904,0.2004037818478832
kanpur_industrial,2023-10-30,2023,26.525,80.375,0.000443839042529737,0.20092345622830945
kanpur_industrial,2023-10-30,2023,26.525,80.425,0.00044376908669335416,0.2086275068689017
kanpur_industrial,2023-10-30,2023,26.525,80.475,0.0003900218804198411,0.2211503416855312
kanpur_industrial,2023-10-30,2023,26.525,80.525,0.00017839250793376816,0.2359672016765586
kanpur_industrial,2023-10-30,2023,26.525,80.55,0.0001901787196091051,0.23609056445164
kanpur_industrial,2023-10-30,2023,26.575,80.175,0.00029925494122297905,0.19560687209544528
kanpur_industrial,2023-10-30,2023,26.575,80.225,0.00027710731583794707,0.2000490648753259
kanpur_industrial,2023-10-30,2023,26.575,80.275,0.0002721072928079597,0.20001156999835462
kanpur_industrial,2023-10-30,2023,26.575,80.325,0.00044807978942890266,0.19113053167929342
kanpur_industrial,2023-10-30,2023,26.575,80.375,0.0004211939331846016,0.19269493730533416
kanpur_industrial,2023-10-30,2023,26.575,80.425,0.0003549123250761433,0.1975851755550767
kanpur_industrial,2023-10-30,2023,26.575,80.475,0.0002768668489329894,0.20955941701401445
kanpur_industrial,2023-10-30,2023,26.575,80.525,0.0002160006915792035,0.23624140315386213
kanpur_industrial,2023-10-30,2023,26.575,80.55,0.00020928193937960575,0.23151322398249846
kanpur_industrial,2023-10-31,2023,26.325,80.175,0.00019129959121944623,0.1382127264965047
kanpur_industrial,2023-10-31,2023,26.325,80.225,0.00022807663124997258,0.14121921822551745
kanpur_industrial,2023-10-31,2023,26.325,80.275,0.00022438240244165405,0.14631450814193164
kanpur_industrial,2023-10-31,2023,26.325,80.325,0.0001946320912653951,0.1520308339616231
kanpur_industrial,2023-10-31,2023,26.325,80.375,0.0001896646112529716,0.15168543072770038
kanpur_industrial,2023-10-31,2023,26.325,80.425,0.0001543586210810733,0.1476573875317448
kanpur_industrial,2023-10-31,2023,26.325,80.475,0.0001340247129507793,0.14531026709611444
kanpur_industrial,2023-10-31,2023,26.325,80.525,0.0001986711337951142,0.1522066497215263
kanpur_industrial,2023-10-31,2023,26.325,80.55,0.00022029786614074728,0.16550648041642504
kanpur_industrial,2023-10-31,2023,26.375,80.175,0.00017795225670891014,0.19799592295770005
kanpur_industrial,2023-10-31,2023,26.375,80.225,0.00017907148571805765,0.1558202740038511
kanpur_industrial,2023-10-31,2023,26.375,80.275,0.0001577337691084051,0.1676351674420248
kanpur_industrial,2023-10-31,2023,26.375,80.325,0.0002771319864072075,0.23248316509259745
kanpur_industrial,2023-10-31,2023,26.375,80.375,0.0002195244900653004,0.25102873305664747
kanpur_industrial,2023-10-31,2023,26.375,80.425,0.00013079122655431782,0.24365884286099293
kanpur_industrial,2023-10-31,2023,26.375,80.475,9.779662068198538e-05,0.21790005210167473
kanpur_industrial,2023-10-31,2023,26.375,80.525,0.0002439842872812025,0.18007296165369507
kanpur_industrial,2023-10-31,2023,26.425,80.175,0.00017804944259626772,0.19744796616277344
kanpur_industrial,2023-10-31,2023,26.425,80.225,0.0002997257549833512,0.19817015099270663
kanpur_industrial,2023-10-31,2023,26.425,80.275,0.0003722434113975278,0.227736253911552
kanpur_industrial,2023-10-31,2023,26.425,80.325,0.00022775889185135226,0.18687278496222764
kanpur_industrial,2023-10-31,2023,26.425,80.375,0.00025237049138170586,0.18918196068308166
kanpur_industrial,2023-10-31,2023,26.425,80.425,0.0002669527008367534,0.20144244644431908
kanpur_industrial,2023-10-31,2023,26.425,80.475,0.00026267741551906946,0.2103209909873927
kanpur_industrial,2023-10-31,2023,26.425,80.525,0.0002252376080587201,0.1978062816020566
kanpur_industrial,2023-10-31,2023,26.425,80.55,0.0002321753554875128,0.19124355689675743
kanpur_industrial,2023-10-31,2023,26.475,80.175,0.0003217171596592191,0.17398068956150856
kanpur_industrial,2023-10-31,2023,26.475,80.225,0.00030763407479879134,0.19501388575157116
kanpur_industrial,2023-10-31,2023,26.475,80.275,0.00036590842045714807,0.2079828726694112
kanpur_industrial,2023-10-31,2023,26.475,80.325,0.00027068997313981483,0.15346749383977804
kanpur_industrial,2023-10-31,2023,26.475,80.375,0.0003024044100251182,0.1505975387436372
kanpur_industrial,2023-10-31,2023,26.475,80.425,0.0003255136819956051,0.16779670983841133
kanpur_industrial,2023-10-31,2023,26.475,80.475,0.00031557379264177517,0.1950005598722176
kanpur_industrial,2023-10-31,2023,26.475,80.525,0.00023326814765110742,0.2212830750539928
kanpur_industrial,2023-10-31,2023,26.475,80.55,0.00023244303739802525,0.2200763416118073
kanpur_industrial,2023-10-31,2023,26.525,80.175,0.0003104901211917266,0.14086280331945455
kanpur_industrial,2023-10-31,2023,26.525,80.225,0.0002923295301695253,0.14386467581736984
kanpur_industrial,2023-10-31,2023,26.525,80.275,0.0003213894449406774,0.14172458018831868
kanpur_industrial,2023-10-31,2023,26.525,80.325,0.0003755969906506075,0.11622882393382644
kanpur_industrial,2023-10-31,2023,26.525,80.375,0.00037555443252872416,0.11322703705929961
kanpur_industrial,2023-10-31,2023,26.525,80.425,0.0003641246884739587,0.1272474813751867
kanpur_industrial,2023-10-31,2023,26.525,80.475,0.00032101394551973606,0.158130932769346
kanpur_industrial,2023-10-31,2023,26.525,80.525,0.00021321706108852747,0.20598712535824082
kanpur_industrial,2023-10-31,2023,26.525,80.55,0.00018725013982716268,0.17964789106317897
kanpur_industrial,2023-10-31,2023,26.575,80.175,0.0002792102010416029,0.0521605547071225
kanpur_industrial,2023-10-31,2023,26.575,80.225,0.0003165646169353734,0.035851667293551735
kanpur_industrial,2023-10-31,2023,26.575,80.275,0.0003463595595580727,0.04819806467650021
kanpur_industrial,2023-10-31,2023,26.575,80.325,0.0005141572621000838,0.06618815788599884
kanpur_industrial,2023-10-31,2023,26.575,80.375,0.0004748377701182592,0.06574557263455127
kanpur_industrial,2023-10-31,2023,26.575,80.425,0.000413112546059669,0.07290349660230423
kanpur_industrial,2023-10-31,2023,26.575,80.475,0.00031255071400059837,0.08957353805382222
kanpur_industrial,2023-10-31,2023,26.575,80.525,0.00012904770324164073,0.12152866657307863
kanpur_industrial,2023-10-31,2023,26.575,80.55,9.266361613381038e-05,0.1204138722631827
kanpur_industrial,2023-11-01,2023,26.325,80.175,0.00025021555894561503,0.01724589787410192
kanpur_industrial,2023-11-01,2023,26.325,80.225,0.00019762971570597918,0.03257327652939487
kanpur_industrial,2023-11-01,2023,26.325,80.275,0.00025178269338364475,0.055098200278646155
kanpur_industrial,2023-11-01,2023,26.325,80.325,0.00042404957348981707,0.09450109513883942
kanpur_industrial,2023-11-01,2023,26.325,80.375,0.00031909564563306636,0.10765667302824984
kanpur_industrial,2023-11-01,2023,26.325,80.425,0.00032124617413327705,0.10746009541925279
kanpur_industrial,2023-11-01,2023,26.325,80.475,0.0003355968899563129,0.11087166518213322
kanpur_industrial,2023-11-01,2023,26.325,80.525,0.00022689457360825906,0.14389503507659657
kanpur_industrial,2023-11-01,2023,26.325,80.55,0.00022689457360825906,0.14389503507659657
kanpur_industrial,2023-11-01,2023,26.375,80.175,0.00019366546997482084,0.026486836168901125
kanpur_industrial,2023-11-01,2023,26.375,80.225,0.00014427632639939583,0.008109707722369653
kanpur_industrial,2023-11-01,2023,26.375,80.275,0.00015051311882527423,2.1875499164918455e-05
kanpur_industrial,2023-11-01,2023,26.375,80.325,0.0002850815550696703,0.06990928265494191
kanpur_industrial,2023-11-01,2023,26.375,80.375,0.0002641388620305099,0.08442386720090433
kanpur_industrial,2023-11-01,2023,26.375,80.425,0.00024025130175217728,0.09350800889373216
kanpur_industrial,2023-11-01,2023,26.375,80.475,0.00022285193924137298,0.0978215727607622
kanpur_industrial,2023-11-01,2023,26.425,80.175,0.00037631273481299524,0.08634324593380441
kanpur_industrial,2023-11-01,2023,26.425,80.225,0.00026923698346289923,0.045497117629581287
kanpur_industrial,2023-11-01,2023,26.425,80.275,0.00030546163911909747,0.031876570006863385
kanpur_industrial,2023-11-01,2023,26.425,80.325,0.0003650573215562796,0.020886924110572733
kanpur_industrial,2023-11-01,2023,26.425,80.375,0.00037348917759840025,0.045074789521710124
kanpur_industrial,2023-11-01,2023,26.425,80.425,0.00030771199022656184,0.08625230923078077
kanpur_industrial,2023-11-01,2023,26.425,80.475,0.0002455189867173211,0.12888028029560153
kanpur_industrial,2023-11-01,2023,26.425,80.525,0.00030386302016891176,0.1613790479082102
kanpur_industrial,2023-11-01,2023,26.425,80.55,0.00030386302016891176,0.1613790479082102
kanpur_industrial,2023-11-01,2023,26.475,80.175,0.00035019625488626286,0.06368037596088294
kanpur_industrial,2023-11-01,2023,26.475,80.225,0.0003444333395815879,0.03599479956619483
kanpur_industrial,2023-11-01,2023,26.475,80.275,0.00035420841706985284,0.024212261497748886
kanpur_industrial,2023-11-01,2023,26.475,80.325,0.0002585624662333416,0.017438191395634985
kanpur_industrial,2023-11-01,2023,26.475,80.375,0.00031561214486436947,0.05623123778109669
kanpur_industrial,2023-11-01,2023,26.475,80.425,0.00028476994971988914,0.09881584809027198
kanpur_industrial,2023-11-01,2023,26.475,80.475,0.00024358763575696213,0.1379920953537166
kanpur_industrial,2023-11-01,2023,26.475,80.525,0.0002929341938193353,0.16753010185625775
kanpur_industrial,2023-11-01,2023,26.475,80.55,0.00029363313038820356,0.16713672049911515
kanpur_industrial,2023-11-01,2023,26.525,80.175,0.0002784213898730189,0.03172107381183711
kanpur_industrial,2023-11-01,2023,26.525,80.225,0.00034003597700313386,0.020216933771256287
kanpur_industrial,2023-11-01,2023,26.525,80.275,0.00035144463396552273,0.008302468116891889
kanpur_industrial,2023-11-01,2023,26.525,80.325,0.00018199568538598208,0.024990924989833588
kanpur_industrial,2023-11-01,2023,26.525,80.375,0.00023196507252765323,0.05978330684727038
kanpur_industrial,2023-11-01,2023,26.525,80.425,0.00023165588782533085,0.09258637715837102
kanpur_industrial,2023-11-01,2023,26.525,80.475,0.000217198726751191,0.1258960704692553
kanpur_industrial,2023-11-01,2023,26.525,80.525,0.0002367882901842985,0.16328336717546088
kanpur_industrial,2023-11-01,2023,26.525,80.55,0.00019811906994687375,0.15531058431451972
kanpur_industrial,2023-11-01,2023,26.575,80.175,0.0002569928687781252,0.035802050204682766
kanpur_industrial,2023-11-01,2023,26.575,80.225,0.0002271634396064738,0.02259345771140222
kanpur_industrial,2023-11-01,2023,26.575,80.275,0.0003219848150908635,0.002927783885987795
kanpur_industrial,2023-11-01,2023,26.575,80.325,0.000271967512775645,0.02246873428608574
kanpur_industrial,2023-11-01,2023,26.575,80.375,0.00021404473204065722,0.0192696879579934
kanpur_industrial,2023-11-01,2023,26.575,80.425,0.0001826958039242852,0.043428994276223855
kanpur_industrial,2023-11-01,2023,26.575,80.475,0.00015843788876734364,0.08543188426985948
kanpur_industrial,2023-11-01,2023,26.575,80.525,0.00011520307051409695,0.1378913682867108
kanpur_industrial,2023-11-01,2023,26.575,80.55,0.0002075617484000456,0.14431048544667663
kanpur_industrial,2023-11-02,2023,26.325,80.175,0.00013924196572239934,0.1904682104358754
kanpur_industrial,2023-11-02,2023,26.325,80.225,0.0002274016805058233,0.17880628314746677
kanpur_industrial,2023-11-02,2023,26.325,80.275,0.00025618727175212146,0.18939928041293883
kanpur_industrial,2023-11-02,2023,26.325,80.325,0.00025493537486964707,0.2321682618944855
kanpur_industrial,2023-11-02,2023,26.325,80.375,0.00017228968719100826,0.2296585746726735
kanpur_industrial,2023-11-02,2023,26.325,80.425,0.0001635888831174646,0.22442638621806482
kanpur_industrial,2023-11-02,2023,26.325,80.475,0.000231281155619667,0.2191057837272191
kanpur_industrial,2023-11-02,2023,26.325,80.525,0.00039293629345889865,0.2179140420743682
kanpur_industrial,2023-11-02,2023,26.325,80.55,0.0002943798229199052,0.2058796566427979
kanpur_industrial,2023-11-02,2023,26.375,80.175,0.0003152879724147082,0.16970210087581405
kanpur_industrial,2023-11-02,2023,26.375,80.225,0.00025910310690008736,0.14143390825996963
kanpur_industrial,2023-11-02,2023,26.375,80.275,0.0001340908849638173,0.14718366012154963
kanpur_industrial,2023-11-02,2023,26.375,80.325,0.00014836872550031606,0.19133378062906775
kanpur_industrial,2023-11-02,2023,26.375,80.375,0.00016464767295947398,0.20077731826086645
kanpur_industrial,2023-11-02,2023,26.375,80.425,0.00021728334940632446,0.18381432686807628
kanpur_industrial,2023-11-02,2023,26.375,80.475,0.00025047874768130456,0.16841140078816325
kanpur_industrial,2023-11-02,2023,26.375,80.525,0.00018643702185338845,0.19269913926536372
kanpur_industrial,2023-11-02,2023,26.425,80.175,0.0002793368814194534,0.18869481437133007
kanpur_industrial,2023-11-02,2023,26.425,80.225,0.00028485230124453793,0.16935941441099367
kanpur_industrial,2023-11-02,2023,26.425,80.275,0.00026907826236846003,0.1663231675988888
kanpur_industrial,2023-11-02,2023,26.425,80.325,0.00036272562605721073,0.19312682945142193
kanpur_industrial,2023-11-02,2023,26.425,80.375,0.0003461115718152539,0.20385294742615906
kanpur_industrial,2023-11-02,2023,26.425,80.425,0.000326555334655056,0.20757780496213732
kanpur_industrial,2023-11-02,2023,26.425,80.475,0.0003025613029073328,0.21311485085519544
kanpur_industrial,2023-11-02,2023,26.425,80.525,0.00026859569707334284,0.23271351547509073
kanpur_industrial,2023-11-02,2023,26.425,80.55,0.0002381905180549345,0.2179050455392075
kanpur_industrial,2023-11-02,2023,26.475,80.175,0.00025503209706899394,0.18297137046754966
kanpur_industrial,2023-11-02,2023,26.475,80.225,0.0002953319642467738,0.15924652027200623
kanpur_industrial,2023-11-02,2023,26.475,80.275,0.00032927607774954577,0.1568954501738431
kanpur_industrial,2023-11-02,2023,26.475,80.325,0.0003218094210630079,0.21997355591038922
kanpur_industrial,2023-11-02,2023,26.475,80.375,0.0003401296842217415,0.2405494206795838
kanpur_industrial,2023-11-02,2023,26.475,80.425,0.0003320872075219913,0.2373641655328967
kanpur_industrial,2023-11-02,2023,26.475,80.475,0.00031623197950351653,0.22622644875491843
kanpur_industrial,2023-11-02,2023,26.475,80.525,0.0003131758320738907,0.22864177037539624
kanpur_industrial,2023-11-02,2023,26.475,80.55,0.0003116900762832423,0.229567125002223
kanpur_industrial,2023-11-02,2023,26.525,80.175,0.0002500134548128412,0.1537219988924777
kanpur_industrial,2023-11-02,2023,26.525,80.225,0.0003117681812082188,0.1353847003976471
kanpur_industrial,2023-11-02,2023,26.525,80.275,0.00035174572316997734,0.13557525695815612
kanpur_industrial,2023-11-02,2023,26.525,80.325,0.0002361305992509856,0.21861054431719926
kanpur_industrial,2023-11-02,2023,26.525,80.375,0.00026363896601786955,0.2398885038497323
kanpur_industrial,2023-11-02,2023,26.525,80.425,0.0002718484723276888,0.2346376724837919
kanpur_industrial,2023-11-02,2023,26.525,80.475,0.0002815351905575053,0.21931966604561626
kanpur_industrial,2023-11-02,2023,26.525,80.525,0.0003191596416723281,0.21136327993533502
kanpur_industrial,2023-11-02,2023,26.525,80.55,0.0003073166387797106,0.2074975829729218
kanpur_industrial,2023-11-02,2023,26.575,80.175,0.0002702337038007398,0.10030025326140989
kanpur_industrial,2023-11-02,2023,26.575,80.225,0.00034482046413854137,0.11194838392300743
kanpur_industrial,2023-11-02,2023,26.575,80.275,0.00035222003575368353,0.11196495927043065
kanpur_industrial,2023-11-02,2023,26.575,80.325,0.0002344456770308878,0.15407958381752773
kanpur_industrial,2023-11-02,2023,26.575,80.375,0.00018626939060370268,0.15264369189623758
kanpur_industrial,2023-11-02,2023,26.575,80.425,0.00016621060361948122,0.17292054049275285
kanpur_industrial,2023-11-02,2023,26.575,80.475,0.00018859522072026193,0.1966848353868883
kanpur_industrial,2023-11-02,2023,26.575,80.525,0.0002815552824180523,0.1992087784722414
kanpur_industrial,2023-11-02,2023,26.575,80.55,0.00029552286599482315,0.20844829646614713
kanpur_industrial,2023-11-03,2023,26.325,80.175,0.00027437368549957796,0.10918751502103007
kanpur_industrial,2023-11-03,2023,26.325,80.225,0.00031226072098458656,0.1064851863857822
kanpur_industrial,2023-11-03,2023,26.325,80.275,0.0003282885373091372,0.11066127438203653
kanpur_industrial,2023-11-03,2023,26.325,80.325,0.00037636212428153,0.12011793901159223
kanpur_industrial,2023-11-03,2023,26.325,80.375,0.00034579960436309515,0.12341981614049824
kanpur_industrial,2023-11-03,2023,26.325,80.425,0.0002693887017971866,0.12603743408409349
kanpur_industrial,2023-11-03,2023,26.325,80.475,0.0001872666424881302,0.12588247715710865
kanpur_industrial,2023-11-03,2023,26.325,80.525,0.0001512969001789347,0.1194364653001273
kanpur_industrial,2023-11-03,2023,26.325,80.55,0.0002097491355465265,0.12611586357610954
kanpur_industrial,2023-11-03,2023,26.375,80.175,0.00016080033707676616,0.11188921843110096
kanpur_industrial,2023-11-03,2023,26.375,80.225,0.00014405255145946686,0.09841938046429327
kanpur_industrial,2023-11-03,2023,26.375,80.275,0.00018978884287230454,0.09972349990952892
kanpur_industrial,2023-11-03,2023,26.375,80.325,0.0002645609256789962,0.11116719995463206
kanpur_industrial,2023-11-03,2023,26.375,80.375,0.00030738736696669743,0.1191331366888928
kanpur_industrial,2023-11-03,2023,26.375,80.425,0.0002902135201240142,0.12590706498176374
kanpur_industrial,2023-11-03,2023,26.375,80.475,0.00025879768721602726,0.13087000035674382
kanpur_industrial,2023-11-03,2023,26.375,80.525,0.0002737682504729365,0.13343139502123297
kanpur_industrial,2023-11-03,2023,26.425,80.175,0.000234037560969634,0.1237174691248027
kanpur_industrial,2023-11-03,2023,26.425,80.225,0.00023029639377883566,0.11094782823638558
kanpur_industrial,2023-11-03,2023,26.425,80.275,0.00029259848507693997,0.10520111736422222
kanpur_industrial,2023-11-03,2023,26.425,80.325,0.00031443082421247733,0.10410570567683569
kanpur_industrial,2023-11-03,2023,26.425,80.375,0.0002925258751532764,0.10506852322759908
kanpur_industrial,2023-11-03,2023,26.425,80.425,0.0002755098429547633,0.10921312721908533
kanpur_industrial,2023-11-03,2023,26.425,80.475,0.00026938173382849684,0.1160118131430873
kanpur_industrial,2023-11-03,2023,26.425,80.525,0.00028241291093301793,0.1257349422308215
kanpur_industrial,2023-11-03,2023,26.425,80.55,0.00027921370588086184,0.12858323578317848
kanpur_industrial,2023-11-03,2023,26.475,80.175,0.0002563596792649901,0.13172953865811515
kanpur_industrial,2023-11-03,2023,26.475,80.225,0.00027659904630188766,0.1195864211743727
kanpur_industrial,2023-11-03,2023,26.475,80.275,0.00030638736245106133,0.11187159651165023
kanpur_industrial,2023-11-03,2023,26.475,80.325,0.0003553608800312071,0.1003941509855368
kanpur_industrial,2023-11-03,2023,26.475,80.375,0.0003522645607165206,0.0985174069879869
kanpur_industrial,2023-11-03,2023,26.475,80.425,0.0002987880172856523,0.1009434625287316
kanpur_industrial,2023-11-03,2023,26.475,80.475,0.0002624736203881777,0.10690672220927712
kanpur_industrial,2023-11-03,2023,26.475,80.525,0.0003418744316734047,0.11631013414820834
kanpur_industrial,2023-11-03,2023,26.475,80.55,0.0003382153155441559,0.11678498511545293
kanpur_industrial,2023-11-03,2023,26.525,80.175,0.0002774089499298734,0.14044325614947495
kanpur_industrial,2023-11-03,2023,26.525,80.225,0.0003098760087584597,0.1299543579500956
kanpur_industrial,2023-11-03,2023,26.525,80.275,0.00029832135816784065,0.12276687296552012
kanpur_industrial,2023-11-03,2023,26.525,80.325,0.0003689708188628817,0.10204264902496507
kanpur_industrial,2023-11-03,2023,26.525,80.375,0.0003804882920639855,0.09891247614395093
kanpur_industrial,2023-11-03,2023,26.525,80.425,0.00028134093343353347,0.09827710026109225
kanpur_industrial,2023-11-03,2023,26.525,80.475,0.00021056032890448206,0.10098115572735337
kanpur_industrial,2023-11-03,2023,26.525,80.525,0.0003641040100224361,0.10919945052027107
kanpur_industrial,2023-11-03,2023,26.525,80.55,0.00034115259452553303,0.10867232153069957
kanpur_industrial,2023-11-03,2023,26.575,80.175,0.0003265024848055863,0.15244262668811076
kanpur_industrial,2023-11-03,2023,26.575,80.225,0.000344034026106067,0.14523947792706077
kanpur_industrial,2023-11-03,2023,26.575,80.275,0.00030804236145847216,0.13972080466038442
kanpur_industrial,2023-11-03,2023,26.575,80.325,0.00034004660726591945,0.11080041488481447
kanpur_industrial,2023-11-03,2023,26.575,80.375,0.00030659842975526045,0.10690379472391696
kanpur_industrial,2023-11-03,2023,26.575,80.425,0.00017410048361044873,0.10026763655502789
kanpur_industrial,2023-11-03,2023,26.575,80.475,9.478900515926644e-05,0.0971466373623421
kanpur_industrial,2023-11-03,2023,26.575,80.525,0.00029067765677032946,0.10741270525681783
kanpur_industrial,2023-11-03,2023,26.575,80.55,0.00029629122000306125,0.10362798462364059
kanpur_industrial,2023-11-04,2023,26.325,80.175,0.0002597168175958018,0.16949773772505283
kanpur_industrial,2023-11-04,2023,26.325,80.225,0.0002685177610538834,0.16929898777279803
kanpur_industrial,2023-11-04,2023,26.325,80.275,0.00029321501382939227,0.16866155018213552
kanpur_industrial,2023-11-04,2023,26.325,80.325,0.0002231292405522181,0.18132299643591826
kanpur_industrial,2023-11-04,2023,26.325,80.375,0.00020690234468055492,0.18149927289458312
kanpur_industrial,2023-11-04,2023,26.325,80.425,0.0003665819377270503,0.18515148986383764
kanpur_industrial,2023-11-04,2023,26.325,80.475,0.0005346913405049624,0.18901674951989547
kanpur_industrial,2023-11-04,2023,26.325,80.525,0.0004839197169101628,0.18864587263407584
kanpur_industrial,2023-11-04,2023,26.325,80.55,0.00035825186389484685,0.19751237112405717
kanpur_industrial,2023-11-04,2023,26.375,80.175,0.00020440153073163922,0.18295269524707714
kanpur_industrial,2023-11-04,2023,26.375,80.225,0.00018382217111435542,0.18170882197039562
kanpur_industrial,2023-11-04,2023,26.375,80.275,0.00012156960827207198,0.17794610530843397
kanpur_industrial,2023-11-04,2023,26.375,80.325,0.00034272306128141334,0.18571799329122993
kanpur_industrial,2023-11-04,2023,26.375,80.375,0.0004957476439143076,0.1929068170377514
kanpur_industrial,2023-11-04,2023,26.375,80.425,0.0005506390480449347,0.19906216697670745
kanpur_industrial,2023-11-04,2023,26.375,80.475,0.0004785805584020194,0.20387005412735182
kanpur_industrial,2023-11-04,2023,26.375,80.525,0.00022061564392569124,0.20722329804165582
kanpur_industrial,2023-11-04,2023,26.425,80.175,0.0003918027596060884,0.21616679576463302
kanpur_industrial,2023-11-04,2023,26.425,80.225,0.00036737065073636665,0.20527101507787776
kanpur_industrial,2023-11-04,2023,26.425,80.275,0.0003079269429398219,0.20645024312346555
kanpur_industrial,2023-11-04,2023,26.425,80.325,0.00030130406154849657,0.2031197266780776
kanpur_industrial,2023-11-04,2023,26.425,80.375,0.0003022111939187837,0.20837489084928715
kanpur_industrial,2023-11-04,2023,26.425,80.425,0.00023478957029905815,0.21422992511310981
kanpur_industrial,2023-11-04,2023,26.425,80.475,0.00018511717549971588,0.21955627349351312
kanpur_industrial,2023-11-04,2023,26.425,80.525,0.00027598333743021944,0.22314657262394344
kanpur_industrial,2023-11-04,2023,26.425,80.55,0.00025549293117263814,0.2172537072273488
kanpur_industrial,2023-11-04,2023,26.475,80.175,0.0003559828372292079,0.23050320534438445
kanpur_industrial,2023-11-04,2023,26.475,80.225,0.0003811976966312327,0.22208876992579213
kanpur_industrial,2023-11-04,2023,26.475,80.275,0.0003330282262795781,0.22068110071235095
kanpur_industrial,2023-11-04,2023,26.475,80.325,0.0003054715874002221,0.21620564046558066
kanpur_industrial,2023-11-04,2023,26.475,80.375,0.00026687201333368217,0.2170526811045259
kanpur_industrial,2023-11-04,2023,26.475,80.425,0.00021233780959603618,0.22226749312767963
kanpur_industrial,2023-11-04,2023,26.475,80.475,0.00019705374422808374,0.2291479472389443
kanpur_industrial,2023-11-04,2023,26.475,80.525,0.00030670183900243024,0.23517249267359266
kanpur_industrial,2023-11-04,2023,26.475,80.55,0.00030565737489538777,0.2346680034941388
kanpur_industrial,2023-11-04,2023,26.525,80.175,0.00024662878562995273,0.2473684936328114
kanpur_industrial,2023-11-04,2023,26.525,80.225,0.0002847596737820699,0.23950586300864987
kanpur_industrial,2023-11-04,2023,26.525,80.275,0.00025509185451687825,0.23549455161722438
kanpur_industrial,2023-11-04,2023,26.525,80.325,0.0003100618766829024,0.22844875165078057
kanpur_industrial,2023-11-04,2023,26.525,80.375,0.00027233492292933696,0.2264163412496014
kanpur_industrial,2023-11-04,2023,26.525,80.425,0.00024728829343477807,0.2299920177821467
kanpur_industrial,2023-11-04,2023,26.525,80.475,0.0002471533379759559,0.23733172582408169
kanpur_industrial,2023-11-04,2023,26.525,80.525,0.0002902514102870939,0.24772377665049883
kanpur_industrial,2023-11-04,2023,26.525,80.55,0.0002647900712059684,0.2524288639629329
kanpur_industrial,2023-11-04,2023,26.575,80.175,9.64278684641924e-05,0.2694455338558812
kanpur_industrial,2023-11-04,2023,26.575,80.225,0.00010811170649536762,0.2612162197093129
kanpur_industrial,2023-11-04,2023,26.575,80.275,0.00010299616222500975,0.2591703831570925
kanpur_industrial,2023-11-04,2023,26.575,80.325,0.00028379093667997893,0.24122063283559544
kanpur_industrial,2023-11-04,2023,26.575,80.375,0.000251059545519569,0.24083353281443792
kanpur_industrial,2023-11-04,2023,26.575,80.425,0.00019890445340161117,0.2412675092433908
kanpur_industrial,2023-11-04,2023,26.575,80.475,0.00016612342813456942,0.24632052737403512
kanpur_industrial,2023-11-04,2023,26.575,80.525,0.0002074415840272061,0.26287247200747405
kanpur_industrial,2023-11-04,2023,26.575,80.55,0.0001608745304991391,0.26547122362439324
kanpur_industrial,2023-11-05,2023,26.325,80.175,0.0002403366411609495,0.241022435116808
kanpur_industrial,2023-11-05,2023,26.325,80.225,0.0003111500433228575,0.2456397749591247
kanpur_industrial,2023-11-05,2023,26.325,80.275,0.00026447532674350537,0.2544803690858
kanpur_industrial,2023-11-05,2023,26.325,80.325,0.0002027776033851852,0.28258945799615653
kanpur_industrial,2023-11-05,2023,26.325,80.375,0.00019851147069367873,0.28609076182663273
kanpur_industrial,2023-11-05,2023,26.325,80.425,0.00015869893691335818,0.2886339024688717
kanpur_industrial,2023-11-05,2023,26.325,80.475,0.00011612296807296639,0.28706377739262695
kanpur_industrial,2023-11-05,2023,26.325,80.525,0.00012190075581879191,0.2758731412393283
kanpur_industrial,2023-11-05,2023,26.325,80.55,0.00012190075581879191,0.2758731412393283
kanpur_industrial,2023-11-05,2023,26.375,80.175,0.0003014003761686804,0.2383314689084808
kanpur_industrial,2023-11-05,2023,26.375,80.225,0.00028767505796049197,0.24011511330771917
kanpur_industrial,2023-11-05,2023,26.375,80.275,0.00023040486020512897,0.2542182476058906
kanpur_industrial,2023-11-05,2023,26.375,80.325,0.0003885083431167537,0.2865661592260772
kanpur_industrial,2023-11-05,2023,26.375,80.375,0.00027456065366180104,0.29452691870227066
kanpur_industrial,2023-11-05,2023,26.375,80.425,0.00023267725571607674,0.29735419968725707
kanpur_industrial,2023-11-05,2023,26.425,80.175,0.00029253448836078877,0.2572608220118908
kanpur_industrial,2023-11-05,2023,26.425,80.225,0.00029907482374519557,0.26063360819321857
kanpur_industrial,2023-11-05,2023,26.425,80.275,0.00030071728276502747,0.26904896442016174
kanpur_industrial,2023-11-05,2023,26.425,80.325,0.00031058526541617574,0.2912982837725525
kanpur_industrial,2023-11-05,2023,26.425,80.375,0.0002827562485281396,0.29353521614104183
kanpur_industrial,2023-11-05,2023,26.425,80.425,0.00023267725571607674,0.29735419968725707
kanpur_industrial,2023-11-05,2023,26.475,80.175,0.0002592281748973541,0.2698832206482956
kanpur_industrial,2023-11-05,2023,26.475,80.225,0.0002784856680546226,0.27293361792615917
kanpur_industrial,2023-11-05,2023,26.475,80.275,0.0003011494297893488,0.2771814045159924
kanpur_industrial,2023-11-05,2023,26.475,80.325,0.0003081098566885661,0.2900945377745541
kanpur_industrial,2023-11-05,2023,26.475,80.375,0.0003262390916874247,0.293647962750188
kanpur_industrial,2023-11-05,2023,26.475,80.425,0.000338570740799075,0.295982813118894
kanpur_industrial,2023-11-05,2023,26.525,80.175,0.0002245866732203389,0.27977716965701366
kanpur_industrial,2023-11-05,2023,26.525,80.225,0.0002581321138261318,0.2789835216844193
kanpur_industrial,2023-11-05,2023,26.525,80.275,0.00028559302570318427,0.2809129067864066
kanpur_industrial,2023-11-05,2023,26.525,80.325,0.00031854689383757493,0.2874795705628788
kanpur_industrial,2023-11-05,2023,26.525,80.375,0.0003128771574138888,0.2910815845241591
kanpur_industrial,2023-11-05,2023,26.525,80.425,0.00030715788377032815,0.2917394341199273
kanpur_industrial,2023-11-05,2023,26.525,80.475,0.0002937987863599119,0.28941042959403757
kanpur_industrial,2023-11-05,2023,26.575,80.175,0.00018389893825917892,0.2969158770182699
kanpur_industrial,2023-11-05,2023,26.575,80.325,0.0003037587454963291,0.28637911418382356
kanpur_industrial,2023-11-05,2023,26.575,80.375,0.00025429554327034535,0.28359609614752856
kanpur_industrial,2023-11-05,2023,26.575,80.425,0.000263363863473439,0.2858043986285035
kanpur_industrial,2023-11-05,2023,26.575,80.475,0.00029303798973127746,0.2893321285929527
kanpur_industrial,2023-11-06,2023,26.325,80.175,0.0001361632480314783,0.10135285387578588
kanpur_industrial,2023-11-06,2023,26.325,80.225,0.00010622618322611593,0.09653426348188596
kanpur_industrial,2023-11-06,2023,26.325,80.275,0.00025375158759933196,0.10002876279534954
kanpur_industrial,2023-11-06,2023,26.325,80.325,0.0002616148996458995,0.0981273260956999
kanpur_industrial,2023-11-06,2023,26.325,80.375,0.00012211557133049968,0.09044995794895368
kanpur_industrial,2023-11-06,2023,26.325,80.425,0.0001724501021945178,0.0849828362943293
kanpur_industrial,2023-11-06,2023,26.325,80.475,0.00026204542172248476,0.08309196169605561
kanpur_industrial,2023-11-06,2023,26.325,80.525,0.00018855579320501298,0.08723315945303382
kanpur_industrial,2023-11-06,2023,26.325,80.55,0.00020993155747742298,0.10705786472353426
kanpur_industrial,2023-11-06,2023,26.375,80.175,0.0002799512996131357,0.04048383507606828
kanpur_industrial,2023-11-06,2023,26.375,80.225,0.0003208236922754572,0.02389539956539855
kanpur_industrial,2023-11-06,2023,26.375,80.275,0.0002196616953565256,0.03800548412135199
kanpur_industrial,2023-11-06,2023,26.375,80.325,0.000171313803934082,0.07167464545405466
kanpur_industrial,2023-11-06,2023,26.375,80.375,0.00020888104219769584,0.07623789764106366
kanpur_industrial,2023-11-06,2023,26.375,80.425,0.0002577402524381155,0.08934387000125228
kanpur_industrial,2023-11-06,2023,26.375,80.475,0.00028236860992651795,0.10774997139123044
kanpur_industrial,2023-11-06,2023,26.375,80.525,0.00023334310882339583,0.12877063716265377
kanpur_industrial,2023-11-06,2023,26.425,80.175,0.00017794107560495725,0.01847552459948558
kanpur_industrial,2023-11-06,2023,26.425,80.225,0.00016665871356834103,0.011960245337938819
kanpur_industrial,2023-11-06,2023,26.425,80.275,0.0002466221946700569,0.008812307883166342
kanpur_industrial,2023-11-06,2023,26.425,80.325,0.0001771814950226083,0.032985000942376025
kanpur_industrial,2023-11-06,2023,26.425,80.375,0.00017806321082932425,0.05710699434781353
kanpur_industrial,2023-11-06,2023,26.425,80.425,0.0002295811589074796,0.07910606645132037
kanpur_industrial,2023-11-06,2023,26.425,80.475,0.00027393173030755487,0.0997783090521048
kanpur_industrial,2023-11-06,2023,26.425,80.525,0.0002334130333482983,0.12210181683958682
kanpur_industrial,2023-11-06,2023,26.425,80.55,0.00023338715576821627,0.12456980546308405
kanpur_industrial,2023-11-06,2023,26.475,80.175,0.00020427745195030286,0.031108302117004556
kanpur_industrial,2023-11-06,2023,26.475,80.225,0.00018681750338101803,0.034420773753804236
kanpur_industrial,2023-11-06,2023,26.475,80.275,0.0002791954111339316,0.018839979236079545
kanpur_industrial,2023-11-06,2023,26.475,80.325,0.00013600854122770078,0.023409546350293617
kanpur_industrial,2023-11-06,2023,26.475,80.375,0.00018565107092083816,0.049822859675804555
kanpur_industrial,2023-11-06,2023,26.475,80.425,0.0002103681148201619,0.07140151158716869
kanpur_industrial,2023-11-06,2023,26.475,80.475,0.00019670718270905772,0.09168898035383809
kanpur_industrial,2023-11-06,2023,26.475,80.525,0.00011548657663346252,0.11754486927901062
kanpur_industrial,2023-11-06,2023,26.475,80.55,0.00012302954690599342,0.1177254806123219
kanpur_industrial,2023-11-06,2023,26.525,80.175,0.0002490437786936709,0.053753645727511117
kanpur_industrial,2023-11-06,2023,26.525,80.225,0.00023485120773643952,0.06057617127050355
kanpur_industrial,2023-11-06,2023,26.525,80.275,0.00027065911643246737,0.0428810470913658
kanpur_industrial,2023-11-06,2023,26.525,80.325,0.00016992180731482877,0.03171004045289696
kanpur_industrial,2023-11-06,2023,26.525,80.375,0.00022369605998827605,0.04953344892807545
kanpur_industrial,2023-11-06,2023,26.525,80.425,0.0002372239231489055,0.06641675587191795
kanpur_industrial,2023-11-06,2023,26.525,80.475,0.00019242458774375388,0.08540409320115651
kanpur_industrial,2023-11-06,2023,26.525,80.525,6.118755421580662e-05,0.1128041320391451
kanpur_industrial,2023-11-06,2023,26.525,80.55,0.00010147000202865348,0.11091454742772625
kanpur_industrial,2023-11-06,2023,26.575,80.175,0.00024213119547704533,0.07101203888076144
kanpur_industrial,2023-11-06,2023,26.575,80.225,0.00022224986314585876,0.07113919692175343
kanpur_industrial,2023-11-06,2023,26.575,80.275,0.0001883633921125035,0.06606805515499023
kanpur_industrial,2023-11-06,2023,26.575,80.325,0.00035412189281601463,0.0530229811189404
kanpur_industrial,2023-11-06,2023,26.575,80.375,0.0002913275837470175,0.05500959363874941
kanpur_industrial,2023-11-06,2023,26.575,80.425,0.0003337369925896875,0.06510008035791243
kanpur_industrial,2023-11-06,2023,26.575,80.475,0.00035951120925517733,0.08205318867498136
kanpur_industrial,2023-11-06,2023,26.575,80.525,0.00019077523911080482,0.10668741762092637
kanpur_industrial,2023-11-06,2023,26.575,80.55,0.00020883715905627615,0.10435951645845769
kanpur_industrial,2023-11-07,2023,26.325,80.175,0.0002861020462925259,0
kanpur_industrial,2023-11-07,2023,26.325,80.225,0.0002753101455115666,0
kanpur_industrial,2023-11-07,2023,26.325,80.275,0.00033580565175156846,0
kanpur_industrial,2023-11-07,2023,26.325,80.325,0.00042053384598368155,0
kanpur_industrial,2023-11-07,2023,26.325,80.375,0.00011756621594258625,0
kanpur_industrial,2023-11-07,2023,26.325,80.425,5.256765943668466e-05,0
kanpur_industrial,2023-11-07,2023,26.325,80.475,8.986239088217643e-05,0
kanpur_industrial,2023-11-07,2023,26.325,80.525,5.213898043018686e-05,0
kanpur_industrial,2023-11-07,2023,26.325,80.55,0.00010715612923928026,0
kanpur_industrial,2023-11-07,2023,26.375,80.175,0.0003375817482915899,0
kanpur_industrial,2023-11-07,2023,26.375,80.225,0.0003887046630834902,0
kanpur_industrial,2023-11-07,2023,26.375,80.275,0.00037913820346562515,0
kanpur_industrial,2023-11-07,2023,26.375,80.325,0.00017769070569063469,0
kanpur_industrial,2023-11-07,2023,26.375,80.375,0.00013940570766032647,0
kanpur_industrial,2023-11-07,2023,26.375,80.425,0.00019399848458279416,0
kanpur_industrial,2023-11-07,2023,26.375,80.475,0.00024634718090300623,0
kanpur_industrial,2023-11-07,2023,26.375,80.525,0.00016741300650638255,0
kanpur_industrial,2023-11-07,2023,26.425,80.175,0.0003322197525006144,0
kanpur_industrial,2023-11-07,2023,26.425,80.225,0.0003120539482674275,0
kanpur_industrial,2023-11-07,2023,26.425,80.275,0.00032545380067840494,0
kanpur_industrial,2023-11-07,2023,26.425,80.325,0.00028217200477164767,0
kanpur_industrial,2023-11-07,2023,26.425,80.375,0.00021791621425287,0
kanpur_industrial,2023-11-07,2023,26.425,80.425,0.00021620851712111366,0
kanpur_industrial,2023-11-07,2023,26.425,80.475,0.00023438758718967873,0
kanpur_industrial,2023-11-07,2023,26.425,80.525,0.00021452104582267477,0
kanpur_industrial,2023-11-07,2023,26.425,80.55,0.0001970873619812123,0
kanpur_industrial,2023-11-07,2023,26.475,80.175,0.00033955967783312526,0
kanpur_industrial,2023-11-07,2023,26.475,80.225,0.0003215310082968584,0
kanpur_industrial,2023-11-07,2023,26.475,80.275,0.00029816349660440674,0
kanpur_industrial,2023-11-07,2023,26.475,80.325,0.0002743999070517798,0
kanpur_industrial,2023-11-07,2023,26.475,80.375,0.0002536466157037442,0
kanpur_industrial,2023-11-07,2023,26.475,80.425,0.00024157357137369757,0
kanpur_industrial,2023-11-07,2023,26.475,80.475,0.00025065347948756726,0
kanpur_industrial,2023-11-07,2023,26.475,80.525,0.0003033939703637721,0
kanpur_industrial,2023-11-07,2023,26.475,80.55,0.00029849307046851025,0
kanpur_industrial,2023-11-07,2023,26.525,80.175,0.00033648504874532296,0
kanpur_industrial,2023-11-07,2023,26.525,80.225,0.0003264382723004317,0
kanpur_industrial,2023-11-07,2023,26.525,80.275,0.0003031466828488516,0
kanpur_industrial,2023-11-07,2023,26.525,80.325,0.00022645870601259275,0
kanpur_industrial,2023-11-07,2023,26.525,80.375,0.0002535482535768452,0
kanpur_industrial,2023-11-07,2023,26.525,80.425,0.0002356958989233001,0
kanpur_industrial,2023-11-07,2023,26.525,80.475,0.00024322361527379812,0
kanpur_industrial,2023-11-07,2023,26.525,80.525,0.0003792327262571057,0
kanpur_industrial,2023-11-07,2023,26.525,80.55,0.0003867055228782113,0
kanpur_industrial,2023-11-07,2023,26.575,80.175,0.00030595252882512894,0
kanpur_industrial,2023-11-07,2023,26.575,80.225,0.0002705527671609043,0
kanpur_industrial,2023-11-07,2023,26.575,80.275,0.00034558511449478386,0
kanpur_industrial,2023-11-07,2023,26.575,80.325,0.00018300628330624746,0
kanpur_industrial,2023-11-07,2023,26.575,80.375,0.00021509067614885452,0
kanpur_industrial,2023-11-07,2023,26.575,80.425,0.0001737693020985717,0
kanpur_industrial,2023-11-07,2023,26.575,80.475,0.0001753802494801973,0
kanpur_industrial,2023-11-07,2023,26.575,80.525,0.00040329064664885306,0
kanpur_industrial,2023-11-07,2023,26.575,80.55,0.00040734759721179474,0
kanpur_industrial,2023-11-08,2023,26.325,80.175,0.0002654365350490013,0.10131757929584548
kanpur_industrial,2023-11-08,2023,26.325,80.225,0.0003074086267425941,0.10010324687017
kanpur_industrial,2023-11-08,2023,26.325,80.275,0.00033116893441456906,0.10193337505720426
kanpur_industrial,2023-11-08,2023,26.325,80.325,0.00038916294407086307,0.11079333870966851
kanpur_industrial,2023-11-08,2023,26.325,80.375,0.00037768025627440776,0.11381321581211472
kanpur_industrial,2023-11-08,2023,26.325,80.425,0.00026877888922425077,0.11144469816859498
kanpur_industrial,2023-11-08,2023,26.325,80.475,0.0001748308194850745,0.104914469516643
kanpur_industrial,2023-11-08,2023,26.325,80.525,0.0002456766766839682,0.09474769070352781
kanpur_industrial,2023-11-08,2023,26.325,80.55,0.00018712616227642529,0.09833745503689817
kanpur_industrial,2023-11-08,2023,26.375,80.175,0.00027430419280273006,0.09064466148555167
kanpur_industrial,2023-11-08,2023,26.375,80.225,0.0001931457649181448,0.08896085110900308
kanpur_industrial,2023-11-08,2023,26.375,80.275,0.0002930994170356996,0.09211124154161554
kanpur_industrial,2023-11-08,2023,26.375,80.325,0.00027066809134344627,0.10459900342898125
kanpur_industrial,2023-11-08,2023,26.375,80.375,0.00022881885128706728,0.10950135147520601
kanpur_industrial,2023-11-08,2023,26.375,80.425,0.0002619286426054657,0.1104059398144985
kanpur_industrial,2023-11-08,2023,26.375,80.475,0.0002729705543870293,0.10790845117221946
kanpur_industrial,2023-11-08,2023,26.375,80.525,0.00012299940840149737,0.10226910168773236
kanpur_industrial,2023-11-08,2023,26.425,80.175,0.00018880463651231003,0.10007147468269394
kanpur_industrial,2023-11-08,2023,26.425,80.225,9.694028404045888e-05,0.09678218919533746
kanpur_industrial,2023-11-08,2023,26.425,80.275,0.00024861076556055746,0.09766868031188825
kanpur_industrial,2023-11-08,2023,26.425,80.325,0.0002827789699707108,0.10110052137389743
kanpur_industrial,2023-11-08,2023,26.425,80.375,0.0002661448165137575,0.10219123847467562
kanpur_industrial,2023-11-08,2023,26.425,80.425,0.0002526446855981227,0.10311208135618413
kanpur_industrial,2023-11-08,2023,26.425,80.475,0.00022917094494822023,0.10511241728646054
kanpur_industrial,2023-11-08,2023,26.425,80.525,0.00017424105692122715,0.11018969216261498
kanpur_industrial,2023-11-08,2023,26.425,80.55,0.00015527761219345313,0.10725845001836709
kanpur_industrial,2023-11-08,2023,26.475,80.175,0.0001726848252567123,0.10652614102690416
kanpur_industrial,2023-11-08,2023,26.475,80.225,7.651945779642245e-05,0.10224310999418798
kanpur_industrial,2023-11-08,2023,26.475,80.275,0.00012869766601560174,0.10078380726362174
kanpur_industrial,2023-11-08,2023,26.475,80.325,0.00025691631559518924,0.09830537667263614
kanpur_industrial,2023-11-08,2023,26.475,80.375,0.00026097423557334005,0.09894657729833245
kanpur_industrial,2023-11-08,2023,26.475,80.425,0.0002521461125636772,0.10210153044136902
kanpur_industrial,2023-11-08,2023,26.475,80.475,0.00022508441335247076,0.10792622878642867
kanpur_industrial,2023-11-08,2023,26.475,80.525,0.00016521663731989628,0.11767319930850888
kanpur_industrial,2023-11-08,2023,26.475,80.55,0.00016664530572292323,0.11732622599133109
kanpur_industrial,2023-11-08,2023,26.525,80.175,0.00020560702574863742,0.11652525346882175
kanpur_industrial,2023-11-08,2023,26.525,80.225,0.0001282624908688602,0.1105771274958456
kanpur_industrial,2023-11-08,2023,26.525,80.275,0.00010118605066377426,0.10689838555023261
kanpur_industrial,2023-11-08,2023,26.525,80.325,0.0002452507388394378,0.09790266229244694
kanpur_industrial,2023-11-08,2023,26.525,80.375,0.000259722970079332,0.09848820710636809
kanpur_industrial,2023-11-08,2023,26.525,80.425,0.0002631888146292052,0.10452010816628987
kanpur_industrial,2023-11-08,2023,26.525,80.475,0.00025111675727473306,0.11458083886324022
kanpur_industrial,2023-11-08,2023,26.525,80.525,0.00021761519537887654,0.12836315910326954
kanpur_industrial,2023-11-08,2023,26.525,80.55,0.00027724325440212696,0.13330601023146801
kanpur_industrial,2023-11-08,2023,26.575,80.175,0.0002804562381206475,0.13416287382381686
kanpur_industrial,2023-11-08,2023,26.575,80.225,0.0002548829389193949,0.12494498621011728
kanpur_industrial,2023-11-08,2023,26.575,80.275,0.00027817884876301464,0.11930312599745803
kanpur_industrial,2023-11-08,2023,26.575,80.325,0.00028123353825790817,0.10136922298270397
kanpur_industrial,2023-11-08,2023,26.575,80.375,0.0002914981206774441,0.10060490739928156
kanpur_industrial,2023-11-08,2023,26.575,80.425,0.00028671372672290035,0.10896091508339052
kanpur_industrial,2023-11-08,2023,26.575,80.475,0.00030532183706983716,0.12393332939157736
kanpur_industrial,2023-11-08,2023,26.575,80.525,0.00040710226206486303,0.14429784491999345
kanpur_industrial,2023-11-08,2023,26.575,80.55,0.00034277366218568226,0.14782649045798726
kanpur_industrial,2023-11-09,2023,26.325,80.175,5.081821948409084e-05,0.19852589583516034
kanpur_industrial,2023-11-09,2023,26.325,80.225,0.0001967285369061187,0.197695559465409
kanpur_industrial,2023-11-09,2023,26.325,80.275,0.00016895240725068854,0.1994210903774033
kanpur_industrial,2023-11-09,2023,26.325,80.325,0.00030244389913173186,0.20853322432947652
kanpur_industrial,2023-11-09,2023,26.325,80.375,0.00032188075974283714,0.21034331601315195
kanpur_industrial,2023-11-09,2023,26.325,80.425,0.0002702076321256271,0.2089294601290486
kanpur_industrial,2023-11-09,2023,26.325,80.475,0.0002185993782395985,0.20542530926738053
kanpur_industrial,2023-11-09,2023,26.325,80.525,0.0002581914974011261,0.20062801780182205
kanpur_industrial,2023-11-09,2023,26.325,80.55,0.00019913370839062968,0.2047612564539502
kanpur_industrial,2023-11-09,2023,26.375,80.175,0.00016488716744807,0.17924424418232138
kanpur_industrial,2023-11-09,2023,26.375,80.225,0.00018091199747821362,0.17704624947127492
kanpur_industrial,2023-11-09,2023,26.375,80.275,0.00022240912390270926,0.18257723315536692
kanpur_industrial,2023-11-09,2023,26.375,80.325,0.00021107749271112876,0.19619610920456598
kanpur_industrial,2023-11-09,2023,26.375,80.375,0.00014180107390838193,0.20208880422596903
kanpur_industrial,2023-11-09,2023,26.375,80.425,0.00018755753656787372,0.20855491144726376
kanpur_industrial,2023-11-09,2023,26.375,80.475,0.00023660835934559573,0.2124279602288918
kanpur_industrial,2023-11-09,2023,26.375,80.525,0.00013445136804580025,0.20928813688247153
kanpur_industrial,2023-11-09,2023,26.425,80.175,0.0002659294995784007,0.18671065118427974
kanpur_industrial,2023-11-09,2023,26.425,80.225,0.0002493425056605787,0.17970552679440863
kanpur_industrial,2023-11-09,2023,26.425,80.275,1.4319792061272962e-05,0.18122879059955418
kanpur_industrial,2023-11-09,2023,26.425,80.325,7.365299718586766e-05,0.188959329854266
kanpur_industrial,2023-11-09,2023,26.425,80.375,7.615972033754276e-05,0.19095077516645623
kanpur_industrial,2023-11-09,2023,26.425,80.425,0.00017941063493131655,0.19702288258825942
kanpur_industrial,2023-11-09,2023,26.425,80.475,0.0002735138953971409,0.20372696605774124
kanpur_industrial,2023-11-09,2023,26.425,80.525,0.00020807249177517306,0.20686443082885594
kanpur_industrial,2023-11-09,2023,26.425,80.55,0.0001808268790564288,0.20776139291169005
kanpur_industrial,2023-11-09,2023,26.475,80.175,0.0003663345379185636,0.19602722497928307
kanpur_industrial,2023-11-09,2023,26.475,80.225,0.00035978680423020377,0.18783932589268348
kanpur_industrial,2023-11-09,2023,26.475,80.275,0.0001326017689352428,0.18648810474600716
kanpur_industrial,2023-11-09,2023,26.475,80.325,0.0001093294497226494,0.18718106871997572
kanpur_industrial,2023-11-09,2023,26.475,80.375,0.00014830771254062085,0.18760321846167025
kanpur_industrial,2023-11-09,2023,26.475,80.425,0.00021435954833181947,0.19155779123864078
kanpur_industrial,2023-11-09,2023,26.475,80.475,0.0002525492868879561,0.19789268306332125
kanpur_industrial,2023-11-09,2023,26.475,80.525,0.00018599937904058392,0.20595749332238925
kanpur_industrial,2023-11-09,2023,26.475,80.55,0.0001886344553271607,0.20597521839101546
kanpur_industrial,2023-11-09,2023,26.525,80.175,0.00037179732214025554,0.2085719125508361
kanpur_industrial,2023-11-09,2023,26.525,80.225,0.0003748299916925432,0.19986406335220072
kanpur_industrial,2023-11-09,2023,26.525,80.275,0.00026323169517505413,0.19607074553873016
kanpur_industrial,2023-11-09,2023,26.525,80.325,0.00021630018469021795,0.1878419638734127
kanpur_industrial,2023-11-09,2023,26.525,80.375,0.00025454111685183024,0.18531173884743385
kanpur_industrial,2023-11-09,2023,26.525,80.425,0.0002683681198775394,0.18658753803394412
kanpur_industrial,2023-11-09,2023,26.525,80.475,0.00024970771457455713,0.1920086883641045
kanpur_industrial,2023-11-09,2023,26.525,80.525,0.00018663632921511628,0.20277335751147837
kanpur_industrial,2023-11-09,2023,26.525,80.55,0.0002169726477359482,0.2003324778062055
kanpur_industrial,2023-11-09,2023,26.575,80.175,0.00020956672306415562,0.22502316225179672
kanpur_industrial,2023-11-09,2023,26.575,80.225,0.0002013089117056755,0.2148002277138649
kanpur_industrial,2023-11-09,2023,26.575,80.275,0.00021020419112758644,0.20863188070522565
kanpur_industrial,2023-11-09,2023,26.575,80.325,0.0003351740358251043,0.1894713330095852
kanpur_industrial,2023-11-09,2023,26.575,80.375,0.000331111786393133,0.1803036697063743
kanpur_industrial,2023-11-09,2023,26.575,80.425,0.00032724212963234755,0.17918094896310344
kanpur_industrial,2023-11-09,2023,26.575,80.475,0.0003163682326341077,0.18437655803459252
kanpur_industrial,2023-11-09,2023,26.575,80.525,0.0002833325077603193,0.19487422153646286
kanpur_industrial,2023-11-09,2023,26.575,80.55,0.00026202808991211137,0.1919513183782542
kanpur_industrial,2023-11-10,2023,26.325,80.175,0.0002685825088413359,0.2982622853870366
kanpur_industrial,2023-11-10,2023,26.325,80.225,0.00044841715999565903,0.2764253946110383
kanpur_industrial,2023-11-10,2023,26.325,80.275,0.00034828801988362023,0.28299616185775883
kanpur_industrial,2023-11-10,2023,26.375,80.175,0.0003461060603330765,0.2780327371937779
kanpur_industrial,2023-11-10,2023,26.375,80.225,0.000438590822021931,0.27707022767003325
kanpur_industrial,2023-11-10,2023,26.375,80.275,0.00034828801988362023,0.28299616185775883
kanpur_industrial,2023-11-10,2023,26.375,80.325,0.00034828801988362023,0.28299616185775883
kanpur_industrial,2023-11-10,2023,26.425,80.175,0.00029062450692832285,0.28748241579432826
kanpur_industrial,2023-11-10,2023,26.425,80.225,0.0004448107908854996,0.2851452473686899
kanpur_industrial,2023-11-10,2023,26.425,80.275,0.0003890043396748232,0.2905574138540771
kanpur_industrial,2023-11-10,2023,26.425,80.325,0.0003995841708016712,0.29252214862477394
kanpur_industrial,2023-11-10,2023,26.475,80.175,0.00027685064376177586,0.28992270533047326
kanpur_industrial,2023-11-10,2023,26.475,80.225,0.00044629149730215483,0.28724989035695603
kanpur_industrial,2023-11-10,2023,26.475,80.275,0.0003995841708016712,0.29252214862477394
kanpur_industrial,2023-11-11,2023,26.325,80.175,0.00024889140871377566,0.1450868113141276
kanpur_industrial,2023-11-11,2023,26.325,80.225,0.0003137984221457926,0.14732097590260604
kanpur_industrial,2023-11-11,2023,26.325,80.275,0.0004719757555051194,0.15510713186432815
kanpur_industrial,2023-11-11,2023,26.325,80.325,0.00042831052217006944,0.18745146733700055
kanpur_industrial,2023-11-11,2023,26.325,80.375,0.00027632577735796295,0.20638679290049552
kanpur_industrial,2023-11-11,2023,26.325,80.425,0.00024281208821160292,0.22230698889000788
kanpur_industrial,2023-11-11,2023,26.325,80.475,0.00027227779367661577,0.2232944566710228
kanpur_industrial,2023-11-11,2023,26.325,80.525,0.0002968431574995917,0.18980946855242525
kanpur_industrial,2023-11-11,2023,26.325,80.55,0.00036510703037780654,0.1975202788017667
kanpur_industrial,2023-11-11,2023,26.375,80.175,0.00033132228432466835,0.1338959100205922
kanpur_industrial,2023-11-11,2023,26.375,80.225,0.0002607858380799872,0.13831167883534132
kanpur_industrial,2023-11-11,2023,26.375,80.275,0.0002094106537109999,0.1469817878112475
kanpur_industrial,2023-11-11,2023,26.375,80.325,0.0002534691239044044,0.17433444568306197
kanpur_industrial,2023-11-11,2023,26.375,80.375,0.00032061344911319854,0.18434097575968472
kanpur_industrial,2023-11-11,2023,26.375,80.425,0.00040750138119154757,0.194005295415848
kanpur_industrial,2023-11-11,2023,26.375,80.475,0.0004679156468653872,0.20179630384432956
kanpur_industrial,2023-11-11,2023,26.375,80.525,0.0004398722244825181,0.20596545193199778
kanpur_industrial,2023-11-11,2023,26.425,80.175,0.00039867757021583153,0.13894397038602735
kanpur_industrial,2023-11-11,2023,26.425,80.225,0.0004068637387807535,0.14536643054927967
kanpur_industrial,2023-11-11,2023,26.425,80.275,0.00025595893962255503,0.15413209920661253
kanpur_industrial,2023-11-11,2023,26.425,80.325,0.00029801536267062,0.1857280073562111
kanpur_industrial,2023-11-11,2023,26.425,80.375,0.000339383114338244,0.19712015299002225
kanpur_industrial,2023-11-11,2023,26.425,80.425,0.0003548118262088653,0.20126972609654906
kanpur_industrial,2023-11-11,2023,26.425,80.475,0.0003302255955885317,0.20089156795594207
kanpur_industrial,2023-11-11,2023,26.425,80.525,0.00024434295989680466,0.19951807750790976
kanpur_industrial,2023-11-11,2023,26.425,80.55,0.0003167041837986041,0.20190411371209982
kanpur_industrial,2023-11-11,2023,26.475,80.175,0.000369579704917053,0.14239344684022395
kanpur_industrial,2023-11-11,2023,26.475,80.225,0.0003661778907527938,0.14894021497269883
kanpur_industrial,2023-11-11,2023,26.475,80.275,0.00028555272094423845,0.1554884890329965
kanpur_industrial,2023-11-11,2023,26.475,80.325,0.0003079400460192606,0.18136341997415187
kanpur_industrial,2023-11-11,2023,26.475,80.375,0.0003714719388110379,0.19272469446311208
kanpur_industrial,2023-11-11,2023,26.475,80.425,0.0003523643245010894,0.19704366147139243
kanpur_industrial,2023-11-11,2023,26.475,80.475,0.00029975931563148723,0.19699777877050614
kanpur_industrial,2023-11-11,2023,26.475,80.525,0.0002745721262374533,0.19534460698236664
kanpur_industrial,2023-11-11,2023,26.475,80.55,0.0002693895924330905,0.1955043735731119
kanpur_industrial,2023-11-11,2023,26.525,80.175,0.00031700853364520373,0.1491115707778513
kanpur_industrial,2023-11-11,2023,26.525,80.225,0.0003155244035248964,0.15340878180810277
kanpur_industrial,2023-11-11,2023,26.525,80.275,0.00031609606109509755,0.15518979167558752
kanpur_industrial,2023-11-11,2023,26.525,80.325,0.0003034610941335357,0.16651030479384157
kanpur_industrial,2023-11-11,2023,26.525,80.375,0.00037984388417740267,0.1744259592411982
kanpur_industrial,2023-11-11,2023,26.525,80.425,0.0003672247454601269,0.1809971401411457
kanpur_industrial,2023-11-11,2023,26.525,80.475,0.0003168490549631577,0.1869618446527233
kanpur_industrial,2023-11-11,2023,26.525,80.525,0.0002925618598158388,0.19204871847838792
kanpur_industrial,2023-11-11,2023,26.525,80.55,0.0002488604248010364,0.1911219061849642
kanpur_industrial,2023-11-11,2023,26.575,80.175,0.00028830191539844257,0.1621913816715019
kanpur_industrial,2023-11-11,2023,26.575,80.225,0.000364364850685148,0.16136286397840585
kanpur_industrial,2023-11-11,2023,26.575,80.275,0.0003575596709734597,0.1556055694590829
kanpur_industrial,2023-11-11,2023,26.575,80.325,0.00029634939577141814,0.14467409369169626
kanpur_industrial,2023-11-11,2023,26.575,80.375,0.00034055071223094003,0.14342592044420205
kanpur_industrial,2023-11-11,2023,26.575,80.425,0.00037924360190539594,0.152617193645393
kanpur_industrial,2023-11-11,2023,26.575,80.475,0.00035143016299758143,0.16870783516608148
kanpur_industrial,2023-11-11,2023,26.575,80.525,0.00015382351008591302,0.18899458561084373
kanpur_industrial,2023-11-11,2023,26.575,80.55,0.0002063058972638278,0.18574763651339932
kanpur_industrial,2023-11-12,2023,26.325,80.175,0.00033087238301033223,0
kanpur_industrial,2023-11-12,2023,26.325,80.225,0.0002646620896861671,0
kanpur_industrial,2023-11-12,2023,26.325,80.275,0.00016949696841625863,0
kanpur_industrial,2023-11-12,2023,26.325,80.325,0.00039076247058444826,0.0021614667470776683
kanpur_industrial,2023-11-12,2023,26.325,80.375,0.00034201880579976326,0.0023656497189225747
kanpur_industrial,2023-11-12,2023,26.325,80.425,0.00031461547246016243,0.002302708189655609
kanpur_industrial,2023-11-12,2023,26.325,80.475,0.0002689810210005823,0.0018084759134134618
kanpur_industrial,2023-11-12,2023,26.325,80.525,0.00013814992273014794,0
kanpur_industrial,2023-11-12,2023,26.325,80.55,0.0001272081916502795,0
kanpur_industrial,2023-11-12,2023,26.375,80.175,0.00015790498490972962,0
kanpur_industrial,2023-11-12,2023,26.375,80.225,0.0001429804242507615,0
kanpur_industrial,2023-11-12,2023,26.375,80.275,0.00018167951773321952,0
kanpur_industrial,2023-11-12,2023,26.375,80.325,0.00039659765880130284,0.04909809114923541
kanpur_industrial,2023-11-12,2023,26.375,80.375,0.00028260495761392196,0.05419374242815023
kanpur_industrial,2023-11-12,2023,26.375,80.425,0.00025013762439104066,0.0522500860760903
kanpur_industrial,2023-11-12,2023,26.375,80.475,0.00022897215016513207,0.037742106019063554
kanpur_industrial,2023-11-12,2023,26.375,80.525,0.00011522439094375691,0
kanpur_industrial,2023-11-12,2023,26.425,80.175,0.000251652228704255,0
kanpur_industrial,2023-11-12,2023,26.425,80.225,0.00022594589468649293,0
kanpur_industrial,2023-11-12,2023,26.425,80.275,0.00022995372545555972,0
kanpur_industrial,2023-11-12,2023,26.425,80.325,0.00017017328832203627,0.010200484872191497
kanpur_industrial,2023-11-12,2023,26.425,80.375,0.0002665184177008033,0.015314577783956387
kanpur_industrial,2023-11-12,2023,26.425,80.425,0.0002493962278450943,0.01597225637999556
kanpur_industrial,2023-11-12,2023,26.425,80.475,0.00020187117916519947,0.011414991195272976
kanpur_industrial,2023-11-12,2023,26.425,80.525,0.0002368757838559987,1.2595750084574727e-05
kanpur_industrial,2023-11-12,2023,26.425,80.55,0.00019185518962863362,7.934330761936836e-06
kanpur_industrial,2023-11-12,2023,26.475,80.175,0.0002840726258670182,0
kanpur_industrial,2023-11-12,2023,26.475,80.225,0.00021618608795842428,0
kanpur_industrial,2023-11-12,2023,26.475,80.275,0.00024825130494093167,0
kanpur_industrial,2023-11-12,2023,26.475,80.325,0.0001572366186027798,6.331370876970048e-06
kanpur_industrial,2023-11-12,2023,26.475,80.375,0.00029132559992579783,0.0024511739127578078
kanpur_industrial,2023-11-12,2023,26.475,80.425,0.0002537895518265429,0.003067557392080363
kanpur_industrial,2023-11-12,2023,26.475,80.475,0.00019415259343900392,0.006531799724753016
kanpur_industrial,2023-11-12,2023,26.475,80.525,0.00031990320764354615,0.020510772644865553
kanpur_industrial,2023-11-12,2023,26.475,80.55,0.0003166148971049973,0.019200052041279742
kanpur_industrial,2023-11-12,2023,26.525,80.175,0.0002443783226353491,0.010856083061036081
kanpur_industrial,2023-11-12,2023,26.525,80.225,0.00018269260553308952,0.012838186855381163
kanpur_industrial,2023-11-12,2023,26.525,80.275,0.00027851529884688345,0.00865608457044734
kanpur_industrial,2023-11-12,2023,26.525,80.325,0.00023692710282636334,0
kanpur_industrial,2023-11-12,2023,26.525,80.375,0.00031639551273928476,0
kanpur_industrial,2023-11-12,2023,26.525,80.425,0.00025875366359617277,6.660881374943272e-05
kanpur_industrial,2023-11-12,2023,26.525,80.475,0.00019717401991148733,0.006725789403191242
kanpur_industrial,2023-11-12,2023,26.525,80.525,0.00032156919360921873,0.03069268746541329
kanpur_industrial,2023-11-12,2023,26.525,80.55,0.00028575389023455526,0.024312198820408415
kanpur_industrial,2023-11-12,2023,26.575,80.175,0.00012175046311033123,0.03985609143358214
kanpur_industrial,2023-11-12,2023,26.575,80.225,0.00016633447684199349,0.04699289187628839
kanpur_industrial,2023-11-12,2023,26.575,80.275,0.00034429987081112336,0.03163113818870835
kanpur_industrial,2023-11-12,2023,26.575,80.325,0.000338061329321608,0.00019795875225028719
kanpur_industrial,2023-11-12,2023,26.575,80.375,0.0003167614129559767,0
kanpur_industrial,2023-11-12,2023,26.575,80.425,0.00025891102499108154,0
kanpur_industrial,2023-11-12,2023,26.575,80.475,0.00020406262333822107,0.002176034471703508
kanpur_industrial,2023-11-12,2023,26.575,80.525,0.00020605371371373212,0.010112724317447638
kanpur_industrial,2023-11-12,2023,26.575,80.55,0.0001783535402168603,0.005142646126438088
kanpur_industrial,2023-11-13,2023,26.325,80.175,0.00042759462925069604,0.16996055615859154
kanpur_industrial,2023-11-13,2023,26.325,80.225,0.0004106970716735512,0.18886294757096828
kanpur_industrial,2023-11-13,2023,26.325,80.275,0.00033280429975041147,0.20957187494190344
kanpur_industrial,2023-11-13,2023,26.325,80.325,0.0004070173019692312,0.16547249844272321
kanpur_industrial,2023-11-13,2023,26.325,80.375,0.0001869385242189428,0.12988054067710444
kanpur_industrial,2023-11-13,2023,26.325,80.425,0.00011087764479334421,0.10592492684713893
kanpur_industrial,2023-11-13,2023,26.325,80.475,0.00011500804229766168,0.0916118126593201
kanpur_industrial,2023-11-13,2023,26.325,80.525,0.00011877208425760016,0.08218770293854363
kanpur_industrial,2023-11-13,2023,26.325,80.55,0.00019652260274676426,0.09199365146445007
kanpur_industrial,2023-11-13,2023,26.375,80.175,0.0003962253152791742,0.18538726589443486
kanpur_industrial,2023-11-13,2023,26.375,80.225,0.00037542311781063446,0.23715172966867937
kanpur_industrial,2023-11-13,2023,26.375,80.425,0.0003062886976599333,0.13795939500725107
kanpur_industrial,2023-11-13,2023,26.375,80.475,0.00030093853132529794,0.13030159171218925
kanpur_industrial,2023-11-13,2023,26.375,80.525,0.0002816779325206106,0.10273349984996663
kanpur_industrial,2023-11-13,2023,26.425,80.175,0.00035850677480381087,0.1836407201996634
kanpur_industrial,2023-11-13,2023,26.425,80.225,0.0003618777463998348,0.16025482858807566
kanpur_industrial,2023-11-13,2023,26.425,80.275,0.0002795638983852069,0.12890078851290693
kanpur_industrial,2023-11-13,2023,26.425,80.325,0.0005052910122660581,0.2087482571897218
kanpur_industrial,2023-11-13,2023,26.425,80.375,0.0005318038277080102,0.22845420347908293
kanpur_industrial,2023-11-13,2023,26.425,80.425,0.0003642123233331172,0.16972867312350876
kanpur_industrial,2023-11-13,2023,26.425,80.475,0.00021923618640063873,0.11453187680428863
kanpur_industrial,2023-11-13,2023,26.425,80.525,0.00025061665467353636,0.12130632266267323
kanpur_industrial,2023-11-13,2023,26.425,80.55,0.00026211177324686306,0.11443291579497865
kanpur_industrial,2023-11-13,2023,26.475,80.175,0.00036811580847718453,0.18278980556019575
kanpur_industrial,2023-11-13,2023,26.475,80.225,0.00037051164431998,0.15627652190909952
kanpur_industrial,2023-11-13,2023,26.475,80.275,0.0002987815068732757,0.12149499121305454
kanpur_industrial,2023-11-13,2023,26.475,80.325,0.00041131131699997806,0.13990243331999921
kanpur_industrial,2023-11-13,2023,26.475,80.375,0.00037728603955365154,0.13000361311982161
kanpur_industrial,2023-11-13,2023,26.475,80.425,0.00026021062750493704,0.1064129027621278
kanpur_industrial,2023-11-13,2023,26.475,80.475,0.00015303183716519432,0.09548343898880969
kanpur_industrial,2023-11-13,2023,26.475,80.525,0.00017418481948577633,0.13254113718141772
kanpur_industrial,2023-11-13,2023,26.475,80.55,0.00017855673076112939,0.1321312717171404
kanpur_industrial,2023-11-13,2023,26.525,80.175,0.0003907874728368569,0.19025719242273206
kanpur_industrial,2023-11-13,2023,26.525,80.225,0.00037417149898787784,0.173423829407648
kanpur_industrial,2023-11-13,2023,26.525,80.275,0.0003239894216841039,0.12236252538125285
kanpur_industrial,2023-11-13,2023,26.525,80.325,0.0003085032157382355,0.07881511242388678
kanpur_industrial,2023-11-13,2023,26.525,80.375,0.00022974938108364572,0.050472938053145545
kanpur_industrial,2023-11-13,2023,26.525,80.425,0.0001509174365353088,0.052949139100624626
kanpur_industrial,2023-11-13,2023,26.525,80.475,0.00010579788485574138,0.0798305190403586
kanpur_industrial,2023-11-13,2023,26.525,80.525,0.00014453926393260513,0.1275793857673135
kanpur_industrial,2023-11-13,2023,26.525,80.55,0.0001694019161597951,0.11882699607788971
kanpur_industrial,2023-11-13,2023,26.575,80.175,0.00035867716017806494,0.20982715266269567
kanpur_industrial,2023-11-13,2023,26.575,80.225,0.0003568854702490335,0.1930850807681768
kanpur_industrial,2023-11-13,2023,26.575,80.275,0.0003445002160566078,0.1415519485675058
kanpur_industrial,2023-11-13,2023,26.575,80.325,0.00025705437164713423,0.07754542363739629
kanpur_industrial,2023-11-13,2023,26.575,80.375,0.0001971689380499417,0.06986093966832672
kanpur_industrial,2023-11-13,2023,26.575,80.425,0.00011506942156691112,0.0661836282612736
kanpur_industrial,2023-11-13,2023,26.575,80.475,8.520333834988774e-05,0.0724436262024474
kanpur_industrial,2023-11-13,2023,26.575,80.525,0.00022548529488019943,0.09924973707544064
kanpur_industrial,2023-11-13,2023,26.575,80.55,0.0002742083891605496,0.08856204501954332
kanpur_industrial,2023-11-15,2023,26.325,80.175,0.0002921131164425977,0.293520541255692
kanpur_industrial,2023-11-15,2023,26.325,80.225,0.00026956739862000204,0.2944927613278118
kanpur_industrial,2023-11-15,2023,26.325,80.275,0.00020547211615295772,0.2965741339374191
kanpur_industrial,2023-11-15,2023,26.325,80.325,0.0001205853687788768,0.2985314045640444
kanpur_industrial,2023-11-15,2023,26.325,80.375,0.00012064752641276058,0.29853768621512095
kanpur_industrial,2023-11-15,2023,26.325,80.425,0.0002430737812707436,0.2969548541056859
kanpur_industrial,2023-11-15,2023,26.325,80.475,0.00025772583798932863,0.2946936638246653
kanpur_industrial,2023-11-15,2023,26.325,80.525,0.0003103309320150008,0.28638670307467173
kanpur_industrial,2023-11-15,2023,26.325,80.55,0.00028534664463919745,0.2908073250456093
kanpur_industrial,2023-11-15,2023,26.375,80.175,0.0003666083502647741,0.2817278343135413
kanpur_industrial,2023-11-15,2023,26.375,80.225,0.00036314783626226074,0.2825634556470518
kanpur_industrial,2023-11-15,2023,26.375,80.275,0.0002755722434836036,0.2925695423552912
kanpur_industrial,2023-11-15,2023,26.375,80.325,0.0002733007925436053,0.2972145528737952
kanpur_industrial,2023-11-15,2023,26.375,80.375,0.00027328659597523035,0.29724358418953584
kanpur_industrial,2023-11-15,2023,26.375,80.425,0.0002724721300600073,0.29897435031759223
kanpur_industrial,2023-11-15,2023,26.375,80.475,0.00026932229772584084,0.2982514390817736
kanpur_industrial,2023-11-15,2023,26.375,80.525,0.00025798290132284137,0.29564895863282664
kanpur_industrial,2023-11-15,2023,26.425,80.175,0.00023154171188874393,0.2889784249179985
kanpur_industrial,2023-11-15,2023,26.425,80.225,0.00029091693047029283,0.2870155503128563
kanpur_industrial,2023-11-15,2023,26.425,80.275,0.0004109368562411608,0.28634693424412955
kanpur_industrial,2023-11-15,2023,26.425,80.325,0.00025514709917149404,0.2855676218048753
kanpur_industrial,2023-11-15,2023,26.425,80.375,0.00019112634899658075,0.28294808663915216
kanpur_industrial,2023-11-15,2023,26.425,80.425,0.0002070518432409745,0.2882932074425673
kanpur_industrial,2023-11-15,2023,26.425,80.475,0.0002504966855428038,0.2940523571443587
kanpur_industrial,2023-11-15,2023,26.425,80.525,0.0002663523786820637,0.2943091333863553
kanpur_industrial,2023-11-15,2023,26.425,80.55,0.00026325501304518613,0.2948049742256006
kanpur_industrial,2023-11-15,2023,26.475,80.175,0.0002321239841018745,0.29282317833028326
kanpur_industrial,2023-11-15,2023,26.475,80.225,0.00030572349942625126,0.29179786070734764
kanpur_industrial,2023-11-15,2023,26.475,80.275,0.00045361977154857654,0.2880438697266179
kanpur_industrial,2023-11-15,2023,26.475,80.325,0.00019888098401401084,0.2821028809815614
kanpur_industrial,2023-11-15,2023,26.475,80.375,0.00014055101369300684,0.28124475933400167
kanpur_industrial,2023-11-15,2023,26.475,80.425,0.00016501024892457469,0.2853140515709945
kanpur_industrial,2023-11-15,2023,26.475,80.475,0.00021608952559537114,0.290676922145226
kanpur_industrial,2023-11-15,2023,26.475,80.525,0.00021997522600333076,0.2928191173268128
kanpur_industrial,2023-11-15,2023,26.475,80.55,0.00022308028929639005,0.29289214405592434
kanpur_industrial,2023-11-15,2023,26.525,80.175,0.0002943051397642463,0.2962447117048322
kanpur_industrial,2023-11-15,2023,26.525,80.225,0.00033541661948933846,0.29492834202701834
kanpur_industrial,2023-11-15,2023,26.525,80.275,0.00046016869589651473,0.2909338409357211
kanpur_industrial,2023-11-15,2023,26.525,80.325,0.00025544586144187425,0.27889517143685705
kanpur_industrial,2023-11-15,2023,26.525,80.375,0.000213859235263353,0.2781574332116775
kanpur_industrial,2023-11-15,2023,26.525,80.425,0.00020653322175955685,0.2812914580980575
kanpur_industrial,2023-11-15,2023,26.525,80.475,0.00020555431889685875,0.2867144357724043
kanpur_industrial,2023-11-15,2023,26.525,80.525,0.0001843760699511206,0.2924228856638211
kanpur_industrial,2023-11-15,2023,26.525,80.55,0.00018996937651008207,0.2929202706414953
kanpur_industrial,2023-11-15,2023,26.575,80.175,0.00025132041882837934,0.29682690967229053
kanpur_industrial,2023-11-15,2023,26.575,80.225,0.00025132041882837934,0.29682690967229053
kanpur_industrial,2023-11-15,2023,26.575,80.275,0.0002529977730719838,0.29625271138884046
kanpur_industrial,2023-11-15,2023,26.575,80.325,0.0005159743768112662,0.2713738648636772
kanpur_industrial,2023-11-15,2023,26.575,80.375,0.0005160684055837518,0.2713742415640352
kanpur_industrial,2023-11-15,2023,26.575,80.425,0.0003944354742137747,0.2745323555380927
kanpur_industrial,2023-11-15,2023,26.575,80.475,0.0002477650342999049,0.2814172234675785
kanpur_industrial,2023-11-15,2023,26.575,80.525,0.00020019114192477037,0.29396773479058774
kanpur_industrial,2023-11-15,2023,26.575,80.55,0.00011773900838913093,0.29203691503236395
kanpur_industrial,2024-10-15,2024,26.325,80.175,0.0002659098771744932,0.13561852684406844
kanpur_industrial,2024-10-15,2024,26.325,80.225,0.00024565735095600616,0.1328303956449428
kanpur_industrial,2024-10-15,2024,26.325,80.275,0.00027109974416484966,0.13314931143093536
kanpur_industrial,2024-10-15,2024,26.325,80.325,0.00043735400704499186,0.13044457422842154
kanpur_industrial,2024-10-15,2024,26.325,80.375,0.0003676269477650815,0.13248045043401738
kanpur_industrial,2024-10-15,2024,26.325,80.425,0.00031775612107246264,0.13811722483626987
kanpur_industrial,2024-10-15,2024,26.325,80.475,0.0002953261979541736,0.14386713643778828
kanpur_industrial,2024-10-15,2024,26.325,80.525,0.0003098509388349315,0.14528071179025764
kanpur_industrial,2024-10-15,2024,26.325,80.55,0.000246507059914114,0.15080738277190447
kanpur_industrial,2024-10-15,2024,26.375,80.175,0.0003075150254716581,0.1175612201934834
kanpur_industrial,2024-10-15,2024,26.375,80.225,0.00027036475378169623,0.12311556896641185
kanpur_industrial,2024-10-15,2024,26.375,80.275,0.00028345315151014023,0.1300996897736588
kanpur_industrial,2024-10-15,2024,26.375,80.325,0.0001756553107549772,0.134050738427318
kanpur_industrial,2024-10-15,2024,26.375,80.375,0.00010516772858846966,0.13933457303200814
kanpur_industrial,2024-10-15,2024,26.375,80.425,0.0001358606293902815,0.1443303600236632
kanpur_industrial,2024-10-15,2024,26.375,80.475,0.00019275661197631336,0.14968326759827755
kanpur_industrial,2024-10-15,2024,26.375,80.525,0.00017713043061988535,0.15686040337085097
kanpur_industrial,2024-10-15,2024,26.425,80.175,0.0002228624384246213,0.10206496680977824
kanpur_industrial,2024-10-15,2024,26.425,80.225,0.00026709062939162063,0.10933695121745103
kanpur_industrial,2024-10-15,2024,26.425,80.275,0.00024189732715944066,0.11380539348053166
kanpur_industrial,2024-10-15,2024,26.425,80.325,0.00027226610811731183,0.12210941066268312
kanpur_industrial,2024-10-15,2024,26.425,80.375,0.0002642755376175207,0.1263286044208574
kanpur_industrial,2024-10-15,2024,26.425,80.425,0.00023227765499312872,0.12901951897434882
kanpur_industrial,2024-10-15,2024,26.425,80.475,0.00019480495554125845,0.1310896878356684
kanpur_industrial,2024-10-15,2024,26.425,80.525,0.00017451913429420977,0.13424125429588793
kanpur_industrial,2024-10-15,2024,26.425,80.55,0.00017548551954859365,0.14261212048898447
kanpur_industrial,2024-10-15,2024,26.475,80.175,0.0002459815323006501,0.09577165532975246
kanpur_industrial,2024-10-15,2024,26.475,80.225,0.0002970113516425798,0.0998768491846457
kanpur_industrial,2024-10-15,2024,26.475,80.275,0.00027738230187751377,0.10242160570015062
kanpur_industrial,2024-10-15,2024,26.475,80.325,0.00029050297180859154,0.11245746431011684
kanpur_industrial,2024-10-15,2024,26.475,80.375,0.00029645947207923324,0.11499652776678904
kanpur_industrial,2024-10-15,2024,26.475,80.425,0.0002836003453329461,0.1176629268312929
kanpur_industrial,2024-10-15,2024,26.475,80.475,0.0002573761249166441,0.12049889767825234
kanpur_industrial,2024-10-15,2024,26.475,80.525,0.00022114945357867838,0.12349987670021023
kanpur_industrial,2024-10-15,2024,26.475,80.55,0.0002181238879035903,0.12381094396751247
kanpur_industrial,2024-10-15,2024,26.525,80.175,0.000292397624822576,0.09638206743587242
kanpur_industrial,2024-10-15,2024,26.525,80.225,0.00030972053192960766,0.09682422886148574
kanpur_industrial,2024-10-15,2024,26.525,80.275,0.0002921505671332805,0.09714174270612043
kanpur_industrial,2024-10-15,2024,26.525,80.325,0.00026603180765288827,0.10681869616664524
kanpur_industrial,2024-10-15,2024,26.525,80.375,0.0002742470886770346,0.10685462317836412
kanpur_industrial,2024-10-15,2024,26.525,80.425,0.00031020570516714557,0.11026583226897518
kanpur_industrial,2024-10-15,2024,26.525,80.475,0.0003354622352839638,0.11485191981588737
kanpur_industrial,2024-10-15,2024,26.525,80.525,0.000294600821926937,0.117784329198926
kanpur_industrial,2024-10-15,2024,26.525,80.55,0.0003213069217631331,0.11656181053511222
kanpur_industrial,2024-10-15,2024,26.575,80.175,0.00031101755525134243,0.10361453369687532
kanpur_industrial,2024-10-15,2024,26.575,80.225,0.0002734947330655299,0.10243479376861273
kanpur_industrial,2024-10-15,2024,26.575,80.275,0.00022557543027891205,0.09978917632785449
kanpur_industrial,2024-10-15,2024,26.575,80.325,0.00021883173690791255,0.1071628582729586
kanpur_industrial,2024-10-15,2024,26.575,80.375,0.00023494123545963525,0.10400757879572604
kanpur_industrial,2024-10-15,2024,26.575,80.425,0.00031850593253221075,0.1077430380694275
kanpur_industrial,2024-10-15,2024,26.575,80.475,0.0003991619538541092,0.1133161437130545
kanpur_industrial,2024-10-15,2024,26.575,80.525,0.0003796736754543018,0.11389829956384914
kanpur_industrial,2024-10-15,2024,26.575,80.55,0.0003588866465129596,0.11517472360358325
kanpur_industrial,2024-10-16,2024,26.325,80.175,0.0003480641329465386,0.00038750377298468156
kanpur_industrial,2024-10-16,2024,26.325,80.225,0.0003118712550787212,0.0007520147136410223
kanpur_industrial,2024-10-16,2024,26.325,80.275,0.00031269416029315383,0.001490229720811811
kanpur_industrial,2024-10-16,2024,26.325,80.325,0.00011299736470843784,0.015686098153827918
kanpur_industrial,2024-10-16,2024,26.325,80.375,0.00019778702513944347,0.027489679914964555
kanpur_industrial,2024-10-16,2024,26.325,80.425,0.00032846928369719504,0.04331807943104069
kanpur_industrial,2024-10-16,2024,26.325,80.475,0.00040871280580941614,0.05905383806061176
kanpur_industrial,2024-10-16,2024,26.325,80.525,0.00030223074160549686,0.06982992557857927
kanpur_industrial,2024-10-16,2024,26.325,80.55,0.00024998527064642187,0.07944443144988968
kanpur_industrial,2024-10-16,2024,26.375,80.175,0.00023565129270856517,0.010386871936575344
kanpur_industrial,2024-10-16,2024,26.375,80.225,0.00028424406196295583,0.020213977621220534
kanpur_industrial,2024-10-16,2024,26.375,80.275,0.0002668776219877765,0.03113810825446276
kanpur_industrial,2024-10-16,2024,26.375,80.325,0.00021551495732993588,0.06314918519844255
kanpur_industrial,2024-10-16,2024,26.375,80.375,0.0001558984283233428,0.07264547910978728
kanpur_industrial,2024-10-16,2024,26.375,80.425,0.00012458486887865797,0.07870104977759619
kanpur_industrial,2024-10-16,2024,26.375,80.475,0.0001311199911316313,0.08342960946148537
kanpur_industrial,2024-10-16,2024,26.375,80.525,0.00019276404054838737,0.08997460454703918
kanpur_industrial,2024-10-16,2024,26.425,80.175,0.0002739813038990856,0.03526440812978593
kanpur_industrial,2024-10-16,2024,26.425,80.225,0.0003163734639852145,0.04882636615281391
kanpur_industrial,2024-10-16,2024,26.425,80.275,0.0002788626534613053,0.05393227067654984
kanpur_industrial,2024-10-16,2024,26.425,80.325,0.00026024835149100365,0.0629745881705549
kanpur_industrial,2024-10-16,2024,26.425,80.375,0.00025415410830407836,0.06797676726230262
kanpur_industrial,2024-10-16,2024,26.425,80.425,0.0002224643952278192,0.07183142635165769
kanpur_industrial,2024-10-16,2024,26.425,80.475,0.00017834399349267156,0.07514278978605161
kanpur_industrial,2024-10-16,2024,26.425,80.525,0.00013573260049762,0.07923729141984377
kanpur_industrial,2024-10-16,2024,26.425,80.55,0.00015683872398097485,0.08321094273463261
kanpur_industrial,2024-10-16,2024,26.475,80.175,0.00029916392228591433,0.04414962552077979
kanpur_industrial,2024-10-16,2024,26.475,80.225,0.00030697907560113346,0.05414396354888448
kanpur_industrial,2024-10-16,2024,26.475,80.275,0.0002477869607187624,0.057111025101150834
kanpur_industrial,2024-10-16,2024,26.475,80.325,0.0002546788649271731,0.060509771221900016
kanpur_industrial,2024-10-16,2024,26.475,80.375,0.00028979454347936444,0.06507778649116051
kanpur_industrial,2024-10-16,2024,26.475,80.425,0.0002588512693401877,0.06947332112116653
kanpur_industrial,2024-10-16,2024,26.475,80.475,0.00019503447554606308,0.07339954873471759
kanpur_industrial,2024-10-16,2024,26.475,80.525,0.00013405899852480553,0.07666687402859569
kanpur_industrial,2024-10-16,2024,26.475,80.55,0.00013321829211652834,0.07665283028342088
kanpur_industrial,2024-10-16,2024,26.525,80.175,0.000306532496693361,0.04825481261011372
kanpur_industrial,2024-10-16,2024,26.525,80.225,0.000296511325144203,0.052793604280267914
kanpur_industrial,2024-10-16,2024,26.525,80.275,0.00024848327996241943,0.054845154934280056
kanpur_industrial,2024-10-16,2024,26.525,80.325,0.00024146936256748102,0.058149238144635344
kanpur_industrial,2024-10-16,2024,26.525,80.375,0.0002721439793371772,0.0622053346983016
kanpur_industrial,2024-10-16,2024,26.525,80.425,0.0002775167802883804,0.06764132318715659
kanpur_industrial,2024-10-16,2024,26.525,80.475,0.0002572816687479569,0.07310570217961862
kanpur_industrial,2024-10-16,2024,26.525,80.525,0.0002095291958115039,0.07683505013442887
kanpur_industrial,2024-10-16,2024,26.525,80.55,0.0002626250979298755,0.07681569724529663
kanpur_industrial,2024-10-16,2024,26.575,80.175,0.00029191649489739664,0.053761798558383714
kanpur_industrial,2024-10-16,2024,26.575,80.225,0.0003102618503279987,0.05428450869355575
kanpur_industrial,2024-10-16,2024,26.575,80.275,0.0003262644711878849,0.05533978535730861
kanpur_industrial,2024-10-16,2024,26.575,80.325,0.0002459331504273927,0.05750801418557621
kanpur_industrial,2024-10-16,2024,26.575,80.375,0.00020178941810615605,0.05868173910322474
kanpur_industrial,2024-10-16,2024,26.575,80.425,0.000298884060855158,0.06418607311025078
kanpur_industrial,2024-10-16,2024,26.575,80.475,0.00041394883175471727,0.07129123765756082
kanpur_industrial,2024-10-16,2024,26.575,80.525,0.0003772334530615034,0.07681412521719379
kanpur_industrial,2024-10-16,2024,26.575,80.55,0.0002799843798901188,0.07841742969462501
kanpur_industrial,2024-10-17,2024,26.325,80.175,0.00015034092172672088,0
kanpur_industrial,2024-10-17,2024,26.325,80.225,0.00015629712985180228,0
kanpur_industrial,2024-10-17,2024,26.325,80.275,0.0001618604771029611,0
kanpur_industrial,2024-10-17,2024,26.325,80.325,0.0002408624831313149,0
kanpur_industrial,2024-10-17,2024,26.325,80.375,0.00020270784797451317,0
kanpur_industrial,2024-10-17,2024,26.325,80.425,0.00016980232384818618,0
kanpur_industrial,2024-10-17,2024,26.325,80.475,0.00020589040178531324,0
kanpur_industrial,2024-10-17,2024,26.325,80.525,0.0004147154059611307,0
kanpur_industrial,2024-10-17,2024,26.325,80.55,0.0002728260724060755,0
kanpur_industrial,2024-10-17,2024,26.375,80.175,0.00013292155717717786,0
kanpur_industrial,2024-10-17,2024,26.375,80.225,0.00011233961153682005,0
kanpur_industrial,2024-10-17,2024,26.375,80.275,0.0001595468170261158,0
kanpur_industrial,2024-10-17,2024,26.375,80.325,0.0002793687264423731,0
kanpur_industrial,2024-10-17,2024,26.375,80.375,0.0002883877697727144,0
kanpur_industrial,2024-10-17,2024,26.375,80.425,0.000238991778603477,0
kanpur_industrial,2024-10-17,2024,26.375,80.475,0.00016781885152729128,0
kanpur_industrial,2024-10-17,2024,26.375,80.525,0.00011742346898863404,0
kanpur_industrial,2024-10-17,2024,26.425,80.175,0.00014998434177431383,0
kanpur_industrial,2024-10-17,2024,26.425,80.225,0.00019152764376327992,0
kanpur_industrial,2024-10-17,2024,26.425,80.275,0.0003299578815099301,0
kanpur_industrial,2024-10-17,2024,26.425,80.325,0.0002610329272156133,0
kanpur_industrial,2024-10-17,2024,26.425,80.375,0.00029343424172322295,0
kanpur_industrial,2024-10-17,2024,26.425,80.425,0.00023073870164017893,0
kanpur_industrial,2024-10-17,2024,26.425,80.475,0.00016296839619820284,0
kanpur_industrial,2024-10-17,2024,26.425,80.525,0.00021251977439988177,0
kanpur_industrial,2024-10-17,2024,26.425,80.55,0.00017732665349965625,0
kanpur_industrial,2024-10-17,2024,26.475,80.175,0.00016401554821373734,0
kanpur_industrial,2024-10-17,2024,26.475,80.225,0.0002301075435729722,0
kanpur_industrial,2024-10-17,2024,26.475,80.275,0.00035547308716602844,0
kanpur_industrial,2024-10-17,2024,26.475,80.325,0.00028797163591592564,0
kanpur_industrial,2024-10-17,2024,26.475,80.375,0.0002868507004248391,0
kanpur_industrial,2024-10-17,2024,26.475,80.425,0.00023247600032368318,0
kanpur_industrial,2024-10-17,2024,26.475,80.475,0.0001850918778397599,0
kanpur_industrial,2024-10-17,2024,26.475,80.525,0.00022843501906862797,0
kanpur_industrial,2024-10-17,2024,26.475,80.55,0.00022899747841957304,0
kanpur_industrial,2024-10-17,2024,26.525,80.175,0.00016249062222491767,0
kanpur_industrial,2024-10-17,2024,26.525,80.225,0.0002348607726722741,0
kanpur_industrial,2024-10-17,2024,26.525,80.275,0.00029740015525336064,0
kanpur_industrial,2024-10-17,2024,26.525,80.325,0.0002841670081823531,0
kanpur_industrial,2024-10-17,2024,26.525,80.375,0.0002683878695608602,0
kanpur_industrial,2024-10-17,2024,26.525,80.425,0.00024401112687547186,0
kanpur_industrial,2024-10-17,2024,26.525,80.475,0.00022363273606580732,0.00018186293622757634
kanpur_industrial,2024-10-17,2024,26.525,80.525,0.00022385077721640502,0.0008780628722209276
kanpur_industrial,2024-10-17,2024,26.525,80.55,0.00022641047110639854,0.0016064559366769243
kanpur_industrial,2024-10-17,2024,26.575,80.175,0.00013551736906326943,0
kanpur_industrial,2024-10-17,2024,26.575,80.225,0.00020600168852874556,0
kanpur_industrial,2024-10-17,2024,26.575,80.275,0.00018620593919802116,0
kanpur_industrial,2024-10-17,2024,26.575,80.325,0.0001982658552431637,0
kanpur_industrial,2024-10-17,2024,26.575,80.375,0.00023606037155005094,0
kanpur_industrial,2024-10-17,2024,26.575,80.425,0.0002634273194640311,0
kanpur_industrial,2024-10-17,2024,26.575,80.475,0.0002688573744291197,0.0006827437730876928
kanpur_industrial,2024-10-17,2024,26.575,80.525,0.00023166292717442222,0.003392352612740995
kanpur_industrial,2024-10-17,2024,26.575,80.55,0.0002163399749880417,0.010390541448839682
kanpur_industrial,2024-10-18,2024,26.325,80.175,0.0002156361554867281,0
kanpur_industrial,2024-10-18,2024,26.325,80.225,0.000206645164848245,0
kanpur_industrial,2024-10-18,2024,26.325,80.275,0.0001643313399689938,0
kanpur_industrial,2024-10-18,2024,26.325,80.325,-1.7862459251472408e-05,0
kanpur_industrial,2024-10-18,2024,26.325,80.375,0.00011318523643641838,0
kanpur_industrial,2024-10-18,2024,26.325,80.425,0.00012839157537821203,0
kanpur_industrial,2024-10-18,2024,26.325,80.475,0.00010206578855878983,0
kanpur_industrial,2024-10-18,2024,26.325,80.525,0.0001327993875976371,0
kanpur_industrial,2024-10-18,2024,26.325,80.55,0.00012029301235397697,0
kanpur_industrial,2024-10-18,2024,26.375,80.175,0.00023698266734883353,0
kanpur_industrial,2024-10-18,2024,26.375,80.225,0.0002799285739606084,0
kanpur_industrial,2024-10-18,2024,26.375,80.275,0.00020723243429654766,0
kanpur_industrial,2024-10-18,2024,26.375,80.325,0.00020607247844555885,0
kanpur_industrial,2024-10-18,2024,26.375,80.375,0.00014733083479731278,0
kanpur_industrial,2024-10-18,2024,26.375,80.425,0.00010665459530233734,0
kanpur_industrial,2024-10-18,2024,26.375,80.475,9.018731717778704e-05,0
kanpur_industrial,2024-10-18,2024,26.375,80.525,0.00010659555375377778,0
kanpur_industrial,2024-10-18,2024,26.425,80.175,0.00020578623969938535,0
kanpur_industrial,2024-10-18,2024,26.425,80.225,0.00024066895721239199,0
kanpur_industrial,2024-10-18,2024,26.425,80.275,0.00019401050963811046,0
kanpur_industrial,2024-10-18,2024,26.425,80.325,0.00020351633162635175,0
kanpur_industrial,2024-10-18,2024,26.425,80.375,0.0002473979398957501,0
kanpur_industrial,2024-10-18,2024,26.425,80.425,0.0002498432694331751,0
kanpur_industrial,2024-10-18,2024,26.425,80.475,0.00023340342577201565,0
kanpur_industrial,2024-10-18,2024,26.425,80.525,0.00022549713061732887,0
kanpur_industrial,2024-10-18,2024,26.425,80.55,0.00018149418484892808,0
kanpur_industrial,2024-10-18,2024,26.475,80.175,0.00020327056336282226,0
kanpur_industrial,2024-10-18,2024,26.475,80.225,0.00022713062780835413,0
kanpur_industrial,2024-10-18,2024,26.475,80.275,0.00013675570402384954,0
kanpur_industrial,2024-10-18,2024,26.475,80.325,0.00020979089253271487,0
kanpur_industrial,2024-10-18,2024,26.475,80.375,0.00022942960859467917,0
kanpur_industrial,2024-10-18,2024,26.475,80.425,0.00023017380285001902,0
kanpur_industrial,2024-10-18,2024,26.475,80.475,0.0002195963439786407,0
kanpur_industrial,2024-10-18,2024,26.475,80.525,0.00020426656258176146,0
kanpur_industrial,2024-10-18,2024,26.475,80.55,0.00020760021832004914,0
kanpur_industrial,2024-10-18,2024,26.525,80.175,0.0001755925202921183,0
kanpur_industrial,2024-10-18,2024,26.525,80.225,0.00017460422464906977,0
kanpur_industrial,2024-10-18,2024,26.525,80.275,0.00010784802267543689,0
kanpur_industrial,2024-10-18,2024,26.525,80.325,0.00017554969093669192,0
kanpur_industrial,2024-10-18,2024,26.525,80.375,0.00019765054723705147,0
kanpur_industrial,2024-10-18,2024,26.525,80.425,0.0001928643738720531,0
kanpur_industrial,2024-10-18,2024,26.525,80.475,0.00017231904917649484,0
kanpur_industrial,2024-10-18,2024,26.525,80.525,0.0001459717505302556,0
kanpur_industrial,2024-10-18,2024,26.525,80.55,0.00013532381277911023,0
kanpur_industrial,2024-10-18,2024,26.575,80.175,8.873232426528004e-05,0
kanpur_industrial,2024-10-18,2024,26.575,80.225,4.259758955534519e-05,0
kanpur_industrial,2024-10-18,2024,26.575,80.275,0.00015682583188022977,0
kanpur_industrial,2024-10-18,2024,26.575,80.325,7.044274054718578e-05,0
kanpur_industrial,2024-10-18,2024,26.575,80.375,0.00021503296601619896,0
kanpur_industrial,2024-10-18,2024,26.575,80.425,0.00022644615099066525,0
kanpur_industrial,2024-10-18,2024,26.575,80.475,0.00016713210231195636,0
kanpur_industrial,2024-10-18,2024,26.575,80.525,0.00011300220259109674,0
kanpur_industrial,2024-10-18,2024,26.575,80.55,0.00015832791401804608,0
kanpur_industrial,2024-10-19,2024,26.325,80.175,0.00013699133790942528,0
kanpur_industrial,2024-10-19,2024,26.325,80.225,0.0001338685134495959,0
kanpur_industrial,2024-10-19,2024,26.325,80.275,0.00014109814824535887,0
kanpur_industrial,2024-10-19,2024,26.325,80.325,0.00020826256195196507,0
kanpur_industrial,2024-10-19,2024,26.325,80.375,0.00021527987888356304,0
kanpur_industrial,2024-10-19,2024,26.325,80.425,0.000239483380461685,0
kanpur_industrial,2024-10-19,2024,26.325,80.475,0.00023794342969663993,0
kanpur_industrial,2024-10-19,2024,26.325,80.525,0.00014269930852811274,0
kanpur_industrial,2024-10-19,2024,26.325,80.55,0.00022901960733851543,0
kanpur_industrial,2024-10-19,2024,26.375,80.175,0.0003041900684793271,0
kanpur_industrial,2024-10-19,2024,26.375,80.225,0.00027088952851840955,0
kanpur_industrial,2024-10-19,2024,26.375,80.275,0.00016927191266330338,0
kanpur_industrial,2024-10-19,2024,26.375,80.325,0.00023653048029416697,0
kanpur_industrial,2024-10-19,2024,26.375,80.375,0.00021552791779979078,0
kanpur_industrial,2024-10-19,2024,26.375,80.425,0.00026931503915467154,0
kanpur_industrial,2024-10-19,2024,26.375,80.475,0.0003336936102617349,0
kanpur_industrial,2024-10-19,2024,26.375,80.525,0.0003235608869880041,0
kanpur_industrial,2024-10-19,2024,26.425,80.175,0.00029211021330395116,0
kanpur_industrial,2024-10-19,2024,26.425,80.225,0.0003493414729410659,0
kanpur_industrial,2024-10-19,2024,26.425,80.275,0.00021352809760125923,0
kanpur_industrial,2024-10-19,2024,26.425,80.325,0.000339048794538615,0
kanpur_industrial,2024-10-19,2024,26.425,80.375,0.0003820682277257566,0
kanpur_industrial,2024-10-19,2024,26.425,80.425,0.0003425792291217287,0
kanpur_industrial,2024-10-19,2024,26.425,80.475,0.0002633017504090317,0
kanpur_industrial,2024-10-19,2024,26.425,80.525,0.00019705899747849564,0
kanpur_industrial,2024-10-19,2024,26.425,80.55,0.00024387465737571532,0
kanpur_industrial,2024-10-19,2024,26.475,80.175,0.0002454359704900097,0
kanpur_industrial,2024-10-19,2024,26.475,80.225,0.00028118034663622083,0
kanpur_industrial,2024-10-19,2024,26.475,80.275,0.00021717765008371392,0
kanpur_industrial,2024-10-19,2024,26.475,80.325,0.00024713626964425106,0
kanpur_industrial,2024-10-19,2024,26.475,80.375,0.0003065426687513318,0
kanpur_industrial,2024-10-19,2024,26.475,80.425,0.0003165770365276359,0
kanpur_industrial,2024-10-19,2024,26.475,80.475,0.0002774475913982443,0
kanpur_industrial,2024-10-19,2024,26.475,80.525,0.00017250123749069777,0
kanpur_industrial,2024-10-19,2024,26.475,80.55,0.00017196960431046528,0
kanpur_industrial,2024-10-19,2024,26.525,80.175,0.00020595435398847327,0
kanpur_industrial,2024-10-19,2024,26.525,80.225,0.00019307067568745542,0
kanpur_industrial,2024-10-19,2024,26.525,80.275,0.0002790345334836314,0
kanpur_industrial,2024-10-19,2024,26.525,80.325,0.00015683987070124112,0
kanpur_industrial,2024-10-19,2024,26.525,80.375,0.00020612536628149877,0
kanpur_industrial,2024-10-19,2024,26.525,80.425,0.0002685245213728428,0
kanpur_industrial,2024-10-19,2024,26.525,80.475,0.0002883669377982306,0
kanpur_industrial,2024-10-19,2024,26.525,80.525,0.00017880397002358433,0
kanpur_industrial,2024-10-19,2024,26.525,80.55,0.0001780185473999918,0
kanpur_industrial,2024-10-19,2024,26.575,80.175,0.00020760438193054496,0
kanpur_industrial,2024-10-19,2024,26.575,80.225,0.00016281468874437742,0
kanpur_industrial,2024-10-19,2024,26.575,80.275,0.00045868046965336795,0
kanpur_industrial,2024-10-19,2024,26.575,80.325,0.00019529511837091938,0
kanpur_industrial,2024-10-19,2024,26.575,80.375,0.0002197552582080816,0
kanpur_industrial,2024-10-19,2024,26.575,80.425,0.00024433027623989144,0
kanpur_industrial,2024-10-19,2024,26.575,80.475,0.00024309347219807952,0
kanpur_industrial,2024-10-19,2024,26.575,80.525,0.0001776217246587174,0
kanpur_industrial,2024-10-19,2024,26.575,80.55,0.00022970274259199395,0
kanpur_industrial,2024-10-20,2024,26.325,80.175,0.00030146039145901,0.08813553017706215
kanpur_industrial,2024-10-20,2024,26.325,80.225,0.00028274224626692303,0.08860585634438572
kanpur_industrial,2024-10-20,2024,26.325,80.275,0.0002073666196050811,0.08732398617868666
kanpur_industrial,2024-10-20,2024,26.325,80.325,0.0002254270726274736,0.08422584048536702
kanpur_industrial,2024-10-20,2024,26.325,80.375,0.00021682969040571153,0.0834465303291962
kanpur_industrial,2024-10-20,2024,26.325,80.425,0.00024156916296837213,0.08225552963998302
kanpur_industrial,2024-10-20,2024,26.325,80.475,0.0002954058671695661,0.08109905677816592
kanpur_industrial,2024-10-20,2024,26.325,80.525,0.000382788166521862,0.08058364663908553
kanpur_industrial,2024-10-20,2024,26.325,80.55,0.00038980391679915025,0.08051827045124238
kanpur_industrial,2024-10-20,2024,26.375,80.175,0.00024137125928493737,0.07924923119888036
kanpur_industrial,2024-10-20,2024,26.375,80.225,0.0002057918691881312,0.08042544462345215
kanpur_industrial,2024-10-20,2024,26.375,80.275,0.00021765452575693214,0.08380513941256204
kanpur_industrial,2024-10-20,2024,26.375,80.325,0.0004935381805004708,0.08493238103266619
kanpur_industrial,2024-10-20,2024,26.375,80.375,0.00047549585965677636,0.08414725375548894
kanpur_industrial,2024-10-20,2024,26.375,80.425,0.0004128694500969051,0.08277080182195959
kanpur_industrial,2024-10-20,2024,26.375,80.475,0.0003622076796583485,0.08133685872821088
kanpur_industrial,2024-10-20,2024,26.375,80.525,0.0003974878337695136,0.0804466679597951
kanpur_industrial,2024-10-20,2024,26.425,80.175,0.00028602011025388236,0.08125322644695923
kanpur_industrial,2024-10-20,2024,26.425,80.225,0.00023684596607317563,0.08401001207400546
kanpur_industrial,2024-10-20,2024,26.425,80.275,0.0002517828027627154,0.08581275683210739
kanpur_industrial,2024-10-20,2024,26.425,80.325,0.0001546763766673766,0.08644516944743219
kanpur_industrial,2024-10-20,2024,26.425,80.375,0.00010764197393143251,0.08677777292025954
kanpur_industrial,2024-10-20,2024,26.425,80.425,0.0002196867509195179,0.08504140107415079
kanpur_industrial,2024-10-20,2024,26.425,80.475,0.000372262569485997,0.08398060619815201
kanpur_industrial,2024-10-20,2024,26.425,80.525,0.0004118234731095546,0.08737885869082887
kanpur_industrial,2024-10-20,2024,26.425,80.55,0.0004065181577632402,0.08481340227855652
kanpur_industrial,2024-10-20,2024,26.475,80.175,0.00028702538399694806,0.08159503648988221
kanpur_industrial,2024-10-20,2024,26.475,80.225,0.0002154637009597762,0.08262847239535469
kanpur_industrial,2024-10-20,2024,26.475,80.275,0.00022890963123515495,0.0834940620582431
kanpur_industrial,2024-10-20,2024,26.475,80.325,0.00020076338132383838,0.08466504604473414
kanpur_industrial,2024-10-20,2024,26.475,80.375,0.00017819438149112464,0.08278468197695332
kanpur_industrial,2024-10-20,2024,26.475,80.425,0.0002666305718346267,0.08149647499704346
kanpur_industrial,2024-10-20,2024,26.475,80.475,0.00037621436789692217,0.08134667845243257
kanpur_industrial,2024-10-20,2024,26.475,80.525,0.0003986011727597605,0.08308689268533007
kanpur_industrial,2024-10-20,2024,26.475,80.55,0.0003996850122886515,0.0834765768890037
kanpur_industrial,2024-10-20,2024,26.525,80.175,0.0002713698473678867,0.0820332217618477
kanpur_industrial,2024-10-20,2024,26.525,80.225,0.00020720892779872471,0.08165908059287146
kanpur_industrial,2024-10-20,2024,26.525,80.275,0.00023271787677473635,0.0816121268400674
kanpur_industrial,2024-10-20,2024,26.525,80.325,0.000326358549158418,0.0816960822391387
kanpur_industrial,2024-10-20,2024,26.525,80.375,0.00030600966206447187,0.07756684400375503
kanpur_industrial,2024-10-20,2024,26.525,80.425,0.0003021776186830051,0.07588429339093018
kanpur_industrial,2024-10-20,2024,26.525,80.475,0.0003119809426153101,0.07563318862627831
kanpur_industrial,2024-10-20,2024,26.525,80.525,0.00032777704551954437,0.07520538991954741
kanpur_industrial,2024-10-20,2024,26.525,80.55,0.00028128558753138746,0.07307542639610001
kanpur_industrial,2024-10-20,2024,26.575,80.175,0.00025573327575554444,0.08373265363446053
kanpur_industrial,2024-10-20,2024,26.575,80.225,0.0002538716103725611,0.0844844189628235
kanpur_industrial,2024-10-20,2024,26.575,80.275,0.00031737172162730673,0.08326685929281616
kanpur_industrial,2024-10-20,2024,26.575,80.325,0.00034458306858041037,0.07893800462739847
kanpur_industrial,2024-10-20,2024,26.575,80.375,0.00025570221669994516,0.07461626601616543
kanpur_industrial,2024-10-20,2024,26.575,80.425,0.0001754890337282741,0.07065412176974342
kanpur_industrial,2024-10-20,2024,26.575,80.475,0.0001339172058695747,0.06806932968641498
kanpur_industrial,2024-10-20,2024,26.575,80.525,0.0001781505780267625,0.0683570889398621
kanpur_industrial,2024-10-20,2024,26.575,80.55,0.00015478746361538632,0.06754796874557088
kanpur_industrial,2024-10-21,2024,26.325,80.175,0.0001870082550177779,0.14237403668449747
kanpur_industrial,2024-10-21,2024,26.325,80.225,0.0001946730848870517,0.1537819891649979
kanpur_industrial,2024-10-21,2024,26.325,80.275,0.0003089275531580502,0.17589271520778374
kanpur_industrial,2024-10-21,2024,26.325,80.325,0.00033419814330895977,0.17903327098002125
kanpur_industrial,2024-10-21,2024,26.325,80.375,0.0002328103529244153,0.1782450296084871
kanpur_industrial,2024-10-21,2024,26.325,80.425,0.00023990831370309821,0.17772279719173115
kanpur_industrial,2024-10-21,2024,26.325,80.475,0.00029513048723333175,0.17748655577722636
kanpur_industrial,2024-10-21,2024,26.325,80.525,0.00032362969105012465,0.17762032120390156
kanpur_industrial,2024-10-21,2024,26.325,80.55,0.00026885070176526136,0.177700075858795
kanpur_industrial,2024-10-21,2024,26.375,80.175,0.0001649941939173718,0.16598446083521406
kanpur_industrial,2024-10-21,2024,26.375,80.225,8.691611394461113e-05,0.18679658113670858
kanpur_industrial,2024-10-21,2024,26.375,80.275,0.00010760534001518393,0.1865610653583561
kanpur_industrial,2024-10-21,2024,26.375,80.325,0.00025823661839720076,0.1888088297670808
kanpur_industrial,2024-10-21,2024,26.375,80.375,0.00024586725379750215,0.18756751682825065
kanpur_industrial,2024-10-21,2024,26.375,80.425,0.00024536063851025625,0.1840298708421613
kanpur_industrial,2024-10-21,2024,26.375,80.475,0.00024113321274862732,0.18004309555734027
kanpur_industrial,2024-10-21,2024,26.375,80.525,0.00020885466588183965,0.17778742619510685
kanpur_industrial,2024-10-21,2024,26.425,80.175,0.00022918518239390735,0.1633357555207729
kanpur_industrial,2024-10-21,2024,26.425,80.225,0.00020717152457309102,0.18063178986902068
kanpur_industrial,2024-10-21,2024,26.425,80.275,0.00020563311575379418,0.18158302702059054
kanpur_industrial,2024-10-21,2024,26.425,80.325,0.0003443758891560516,0.18405765746009883
kanpur_industrial,2024-10-21,2024,26.425,80.375,0.0003037220390356545,0.1843797232086593
kanpur_industrial,2024-10-21,2024,26.425,80.425,0.0003416674009142056,0.18322593960782466
kanpur_industrial,2024-10-21,2024,26.425,80.475,0.00038746379654273536,0.18113159809010432
kanpur_industrial,2024-10-21,2024,26.425,80.525,0.00034131695971519987,0.17854122305566586
kanpur_industrial,2024-10-21,2024,26.425,80.55,0.00029229548089497996,0.1782622588631755
kanpur_industrial,2024-10-21,2024,26.475,80.175,0.00024973017789884326,0.1630041445832253
kanpur_industrial,2024-10-21,2024,26.475,80.225,0.00029197731538390065,0.17810355694209307
kanpur_industrial,2024-10-21,2024,26.475,80.275,0.0002812543136212242,0.17868538985321705
kanpur_industrial,2024-10-21,2024,26.475,80.325,0.00042144913620459227,0.18170091721197357
kanpur_industrial,2024-10-21,2024,26.475,80.375,0.00037748171112875325,0.18259899938142532
kanpur_industrial,2024-10-21,2024,26.475,80.425,0.00040597828445161757,0.18335732597579907
kanpur_industrial,2024-10-21,2024,26.475,80.475,0.0004441828500424429,0.1832057888896198
kanpur_industrial,2024-10-21,2024,26.475,80.525,0.00041007429127685666,0.1808526293465782
kanpur_industrial,2024-10-21,2024,26.475,80.55,0.0004078782566893212,0.1807173333235045
kanpur_industrial,2024-10-21,2024,26.525,80.175,0.00024165042299453544,0.1680315765850715
kanpur_industrial,2024-10-21,2024,26.525,80.225,0.0003107347236252643,0.17822494504538902
kanpur_industrial,2024-10-21,2024,26.525,80.275,0.0003114352428390472,0.17845024945671425
kanpur_industrial,2024-10-21,2024,26.525,80.325,0.0004281283822610594,0.18090581989470145
kanpur_industrial,2024-10-21,2024,26.525,80.375,0.0003779682776465374,0.18190896071072243
kanpur_industrial,2024-10-21,2024,26.525,80.425,0.00038386991449911636,0.18437129978890648
kanpur_industrial,2024-10-21,2024,26.525,80.475,0.00040712340913567484,0.18650408774495977
kanpur_industrial,2024-10-21,2024,26.525,80.525,0.0003862953521015521,0.18599162996983465
kanpur_industrial,2024-10-21,2024,26.525,80.55,0.00034172813423865645,0.18872419820105163
kanpur_industrial,2024-10-21,2024,26.575,80.175,0.00021007348301006867,0.18060056290779483
kanpur_industrial,2024-10-21,2024,26.575,80.225,0.00023632985170438865,0.18069280011447308
kanpur_industrial,2024-10-21,2024,26.575,80.275,0.00027389807556895145,0.18156719797952953
kanpur_industrial,2024-10-21,2024,26.575,80.325,0.0003210694180753784,0.18145675756829271
kanpur_industrial,2024-10-21,2024,26.575,80.375,0.00023844235102915418,0.18235814328207112
kanpur_industrial,2024-10-21,2024,26.575,80.425,0.00023765059616728788,0.18628893260498325
kanpur_industrial,2024-10-21,2024,26.575,80.475,0.0002643905182392576,0.19122887577031503
kanpur_industrial,2024-10-21,2024,26.575,80.525,0.0002433887336798876,0.19477414084241446
kanpur_industrial,2024-10-21,2024,26.575,80.55,0.00024154335793066171,0.1956836035293798
kanpur_industrial,2024-10-22,2024,26.325,80.175,0.00017742758023073558,0.047035353462910934
kanpur_industrial,2024-10-22,2024,26.325,80.225,0.0002223099718837308,0.07037686216175529
kanpur_industrial,2024-10-22,2024,26.325,80.275,0.00018720506878339258,0.0659106696334002
kanpur_industrial,2024-10-22,2024,26.325,80.325,0.00020896417092879883,0.03144418671367577
kanpur_industrial,2024-10-22,2024,26.325,80.375,0.0002146848264510947,0.03245934117509716
kanpur_industrial,2024-10-22,2024,26.325,80.425,0.0001916033988526751,0.07196206424710581
kanpur_industrial,2024-10-22,2024,26.325,80.475,0.0001461716327293664,0.12727314724299507
kanpur_industrial,2024-10-22,2024,26.325,80.525,8.282128946169563e-05,0.1715933550745376
kanpur_industrial,2024-10-22,2024,26.325,80.55,7.247815725777743e-05,0.14394985410755667
kanpur_industrial,2024-10-22,2024,26.375,80.175,0.0001513169234614481,0.03900113346986956
kanpur_industrial,2024-10-22,2024,26.375,80.225,0.00010019766049010254,0.04006542107606969
kanpur_industrial,2024-10-22,2024,26.375,80.275,0.00018150113237249966,0.06484266014453809
kanpur_industrial,2024-10-22,2024,26.375,80.325,1.3561837488488189e-05,0.13494326642600382
kanpur_industrial,2024-10-22,2024,26.375,80.375,0.00012015217930658599,0.16339978495311064
kanpur_industrial,2024-10-22,2024,26.375,80.425,0.00011798962548259355,0.18165866628562063
kanpur_industrial,2024-10-22,2024,26.375,80.475,7.029857770724873e-05,0.17375100683946848
kanpur_industrial,2024-10-22,2024,26.375,80.525,6.114996484396225e-05,0.11367363876276806
kanpur_industrial,2024-10-22,2024,26.425,80.175,0.00022418877913029116,0.043035349553316636
kanpur_industrial,2024-10-22,2024,26.425,80.225,0.00022889297810445747,0.06259216963398784
kanpur_industrial,2024-10-22,2024,26.425,80.275,0.00025089521601619094,0.07068464073628765
kanpur_industrial,2024-10-22,2024,26.425,80.325,0.00018915717584163397,0.11833223622900878
kanpur_industrial,2024-10-22,2024,26.425,80.375,0.00024435086000055585,0.13381729495318476
kanpur_industrial,2024-10-22,2024,26.425,80.425,0.0002177563744208805,0.15265613674831957
kanpur_industrial,2024-10-22,2024,26.425,80.475,0.00016855316486317376,0.17319638133874626
kanpur_industrial,2024-10-22,2024,26.425,80.525,0.00017514883954321815,0.1943827886999487
kanpur_industrial,2024-10-22,2024,26.425,80.55,0.00013296027961514706,0.1645140481720157
kanpur_industrial,2024-10-22,2024,26.475,80.175,0.00019346717245491665,0.046527271963647324
kanpur_industrial,2024-10-22,2024,26.475,80.225,0.0002127564338224853,0.06862613963455894
kanpur_industrial,2024-10-22,2024,26.475,80.275,0.00024344530534480327,0.07196356356237077
kanpur_industrial,2024-10-22,2024,26.475,80.325,0.0002586402174463803,0.10845197066163909
kanpur_industrial,2024-10-22,2024,26.475,80.375,0.0002709374340588184,0.12104119558157322
kanpur_industrial,2024-10-22,2024,26.475,80.425,0.0002307807004345511,0.145661870196343
kanpur_industrial,2024-10-22,2024,26.475,80.475,0.00019243150101519156,0.1787123684853119
kanpur_industrial,2024-10-22,2024,26.475,80.525,0.0002310043501740715,0.21960707832621698
kanpur_industrial,2024-10-22,2024,26.475,80.55,0.00022932660997834395,0.21933510839485365
kanpur_industrial,2024-10-22,2024,26.525,80.175,0.00015517477164058563,0.06574834092234519
kanpur_industrial,2024-10-22,2024,26.525,80.225,0.0001711379941892817,0.08887875528211131
kanpur_industrial,2024-10-22,2024,26.525,80.275,0.0002128248582140526,0.09775968514186262
kanpur_industrial,2024-10-22,2024,26.525,80.325,0.00029843215653215096,0.12283297630672986
kanpur_industrial,2024-10-22,2024,26.525,80.375,0.00028122603868931936,0.128703191687126
kanpur_industrial,2024-10-22,2024,26.525,80.425,0.00021693599725470982,0.1361238777035142
kanpur_industrial,2024-10-22,2024,26.525,80.475,0.0001690702904377263,0.1484381977934448
kanpur_industrial,2024-10-22,2024,26.525,80.525,0.0002292906891392023,0.1702727304396644
kanpur_industrial,2024-10-22,2024,26.525,80.55,0.00020889056005426798,0.12627112702919954
kanpur_industrial,2024-10-22,2024,26.575,80.175,0.00017137904831969803,0.11178888563203748
kanpur_industrial,2024-10-22,2024,26.575,80.225,0.00017584806748051473,0.14247883187013916
kanpur_industrial,2024-10-22,2024,26.575,80.275,0.00019078031445097886,0.16706593587038165
kanpur_industrial,2024-10-22,2024,26.575,80.325,0.0003468415101301875,0.1735565205330695
kanpur_industrial,2024-10-22,2024,26.575,80.375,0.00032300519765392254,0.1620507747010275
kanpur_industrial,2024-10-22,2024,26.575,80.425,0.0002106148421912302,0.11023383921525637
kanpur_industrial,2024-10-22,2024,26.575,80.475,0.00011094521299985341,0.05152062155908102
kanpur_industrial,2024-10-22,2024,26.575,80.525,0.00016454295482584027,0.030166353570493777
kanpur_industrial,2024-10-22,2024,26.575,80.55,0.00018967690604459504,0.0668208436714987
kanpur_industrial,2024-10-23,2024,26.325,80.175,0.0003172512227166203,0.06711532539496928
kanpur_industrial,2024-10-23,2024,26.325,80.225,0.00030477675836433464,0.07062412112120522
kanpur_industrial,2024-10-23,2024,26.325,80.275,0.0001975994777160429,0.0905785176767979
kanpur_industrial,2024-10-23,2024,26.325,80.325,0.00024272366732320828,0.14762594249776267
kanpur_industrial,2024-10-23,2024,26.325,80.375,0.00028149597519164986,0.12271186199454318
kanpur_industrial,2024-10-23,2024,26.325,80.425,0.0002645823234419563,0.08840941698388478
kanpur_industrial,2024-10-23,2024,26.325,80.475,0.00024027327264078107,0.05548628193956263
kanpur_industrial,2024-10-23,2024,26.325,80.525,0.00027330286745244316,0.0373882495195484
kanpur_industrial,2024-10-23,2024,26.325,80.55,0.00022851136009869666,0.041839750749053856
kanpur_industrial,2024-10-23,2024,26.375,80.175,0.0003162598393437446,0.008063384200679515
kanpur_industrial,2024-10-23,2024,26.375,80.225,0.0003676620035370934,0.03711995306066
kanpur_industrial,2024-10-23,2024,26.375,80.275,0.00030096298076826044,0.1493716988524067
kanpur_industrial,2024-10-23,2024,26.375,80.325,0.0002669486666549142,0.09787727723125647
kanpur_industrial,2024-10-23,2024,26.375,80.375,0.00030415572055839373,0.0782827165886871
kanpur_industrial,2024-10-23,2024,26.375,80.425,0.0002948173583757581,0.053707229120784114
kanpur_industrial,2024-10-23,2024,26.375,80.475,0.00025012391522417996,0.03720179479206631
kanpur_industrial,2024-10-23,2024,26.375,80.525,0.00017945399490173615,0.046715204476607444
kanpur_industrial,2024-10-23,2024,26.425,80.175,0.00023466347820218236,0.0798053946299689
kanpur_industrial,2024-10-23,2024,26.425,80.225,0.00021346422604661723,0.13791262343612662
kanpur_industrial,2024-10-23,2024,26.425,80.275,0.00019628091336482972,0.17203564342302086
kanpur_industrial,2024-10-23,2024,26.425,80.325,0.00025147383271834745,0.04363021641601975
kanpur_industrial,2024-10-23,2024,26.425,80.375,0.0003011606235222724,0.026709116658140665
kanpur_industrial,2024-10-23,2024,26.425,80.425,0.00029754527950333424,0.03783391851994657
kanpur_industrial,2024-10-23,2024,26.425,80.475,0.00027614444404480335,0.05170628835120724
kanpur_industrial,2024-10-23,2024,26.425,80.525,0.00028338576905082507,0.03441000239293437
kanpur_industrial,2024-10-23,2024,26.425,80.55,0.0002449228290113985,0.0389638960774433
kanpur_industrial,2024-10-23,2024,26.475,80.175,0.0001986062268301409,0.1093968768744536
kanpur_industrial,2024-10-23,2024,26.475,80.225,0.0001463269433636283,0.1683523979654119
kanpur_industrial,2024-10-23,2024,26.475,80.275,0.00013504773952997075,0.15945111735635425
kanpur_industrial,2024-10-23,2024,26.475,80.325,0.0002230404168803235,0.013244187053522078
kanpur_industrial,2024-10-23,2024,26.475,80.375,0.000275837072682187,0.012341459681599503
kanpur_industrial,2024-10-23,2024,26.475,80.425,0.00028194630319073536,0.035733257959704195
kanpur_industrial,2024-10-23,2024,26.475,80.475,0.0002843504601005375,0.0528675609163608
kanpur_industrial,2024-10-23,2024,26.475,80.525,0.00034372332035028557,0.020012062985676198
kanpur_industrial,2024-10-23,2024,26.475,80.55,0.00034159164459725375,0.02072837561136592
kanpur_industrial,2024-10-23,2024,26.525,80.175,0.00020431457995682604,0.11641845701668174
kanpur_industrial,2024-10-23,2024,26.525,80.225,0.00016655843062969138,0.13933427008463023
kanpur_industrial,2024-10-23,2024,26.525,80.275,0.0001308207447926555,0.10974327798814547
kanpur_industrial,2024-10-23,2024,26.525,80.325,0.00020876950194643023,0.0077392267509016665
kanpur_industrial,2024-10-23,2024,26.525,80.375,0.0002572049562755629,0.023563374605116247
kanpur_industrial,2024-10-23,2024,26.525,80.425,0.00025904937557885927,0.03659687271934226
kanpur_industrial,2024-10-23,2024,26.525,80.475,0.0002696844446488956,0.03678784627212153
kanpur_industrial,2024-10-23,2024,26.525,80.525,0.0003706870445431499,0.00744451636460226
kanpur_industrial,2024-10-23,2024,26.525,80.55,0.00036894119850097197,0.005122081772226342
kanpur_industrial,2024-10-23,2024,26.575,80.175,0.0002551140291975625,0.10953383315423167
kanpur_industrial,2024-10-23,2024,26.575,80.225,0.00028441045583644197,0.05271247046155423
kanpur_industrial,2024-10-23,2024,26.575,80.275,0.00019845280649609758,0.020183259942933796
kanpur_industrial,2024-10-23,2024,26.575,80.325,0.00022845975665544905,0.0282433127038915
kanpur_industrial,2024-10-23,2024,26.575,80.375,0.0002686210445227749,0.05616721427457006
kanpur_industrial,2024-10-23,2024,26.575,80.425,0.00023750822563706493,0.03517034999858527
kanpur_industrial,2024-10-23,2024,26.575,80.475,0.00022600795827270443,0.0006870364264628386
kanpur_industrial,2024-10-23,2024,26.575,80.525,0.00036316193661735776,0.0002728652260088125
kanpur_industrial,2024-10-23,2024,26.575,80.55,0.0002879373984829176,0.0109146090403525
kanpur_industrial,2024-10-24,2024,26.325,80.175,0.00017790405949404543,0.00011008862096445593
kanpur_industrial,2024-10-24,2024,26.325,80.225,0.00018385125668996866,0.004972459849943892
kanpur_industrial,2024-10-24,2024,26.325,80.275,0.00021653980328656313,0.019822519717846907
kanpur_industrial,2024-10-24,2024,26.325,80.325,0.00010857217029231496,0.04299431381726202
kanpur_industrial,2024-10-24,2024,26.325,80.375,5.811593844411555e-05,0.09035523060978252
kanpur_industrial,2024-10-24,2024,26.325,80.425,8.448243145342967e-05,0.12865414980322487
kanpur_industrial,2024-10-24,2024,26.325,80.475,0.0001702713184174063,0.1412773039423204
kanpur_industrial,2024-10-24,2024,26.325,80.525,0.00031032623652929326,0.09816002946567842
kanpur_industrial,2024-10-24,2024,26.325,80.55,0.0003167194010926579,0.08337108394783635
kanpur_industrial,2024-10-24,2024,26.375,80.175,0.0003441301900132495,0.002971708985785873
kanpur_industrial,2024-10-24,2024,26.375,80.225,0.00032301990171313533,0.013283131506448187
kanpur_industrial,2024-10-24,2024,26.375,80.275,0.00038369919343629323,0.03581464615732756
kanpur_industrial,2024-10-24,2024,26.375,80.325,0.0001359146002056884,0.023647043951737015
kanpur_industrial,2024-10-24,2024,26.375,80.375,0.00016534911214840498,0.023496607778206592
kanpur_industrial,2024-10-24,2024,26.375,80.425,0.00016072376865447559,0.07968559331377102
kanpur_industrial,2024-10-24,2024,26.375,80.475,0.00018256983549907787,0.12496037680025333
kanpur_industrial,2024-10-24,2024,26.375,80.525,0.00032372143847158116,0.06717366742829503
kanpur_industrial,2024-10-24,2024,26.425,80.175,0.000157477624654885,0.0006203214194330148
kanpur_industrial,2024-10-24,2024,26.425,80.225,0.00020840981632521815,0.004692246322430372
kanpur_industrial,2024-10-24,2024,26.425,80.275,0.00024272454369178987,0.015536341569440336
kanpur_industrial,2024-10-24,2024,26.425,80.325,0.0001314457348219119,0.03214786677346775
kanpur_industrial,2024-10-24,2024,26.425,80.375,0.00020634386609169904,0.04354196567524904
kanpur_industrial,2024-10-24,2024,26.425,80.425,0.00026519799195170356,0.08575728949393481
kanpur_industrial,2024-10-24,2024,26.425,80.475,0.0002861175929140391,0.12306439948921863
kanpur_industrial,2024-10-24,2024,26.425,80.525,0.00023828253163417874,0.10768610397266636
kanpur_industrial,2024-10-24,2024,26.425,80.55,0.00026990165463699697,0.09269331249561555
kanpur_industrial,2024-10-24,2024,26.475,80.175,0.00016120056240590482,2.2851812223506176e-07
kanpur_industrial,2024-10-24,2024,26.475,80.225,0.0001842733029361406,0.001162660671412978
kanpur_industrial,2024-10-24,2024,26.475,80.275,0.00013370307581159194,0.004782845874402029
kanpur_industrial,2024-10-24,2024,26.475,80.325,0.00017808277801529984,0.01612917061552357
kanpur_industrial,2024-10-24,2024,26.475,80.375,0.00017642593619562427,0.03867831708081126
kanpur_industrial,2024-10-24,2024,26.475,80.425,0.0002647993797407717,0.07333890952301932
kanpur_industrial,2024-10-24,2024,26.475,80.475,0.00034021813865606383,0.10643819925065263
kanpur_industrial,2024-10-24,2024,26.475,80.525,0.00026095047747006335,0.12070209716901152
kanpur_industrial,2024-10-24,2024,26.475,80.55,0.0002580809735552717,0.12054290800815785
kanpur_industrial,2024-10-24,2024,26.525,80.175,0.00019753974691668117,0
kanpur_industrial,2024-10-24,2024,26.525,80.225,0.0001915692992018929,0
kanpur_industrial,2024-10-24,2024,26.525,80.275,0.00012043879434727333,0
kanpur_industrial,2024-10-24,2024,26.525,80.325,0.00024687349343488664,5.5590497023019314e-05
kanpur_industrial,2024-10-24,2024,26.525,80.375,0.00019141288170451023,0.021591939192242362
kanpur_industrial,2024-10-24,2024,26.525,80.425,0.0002567905765542282,0.04419255059842305
kanpur_industrial,2024-10-24,2024,26.525,80.475,0.00033822315376460437,0.07135971682072378
kanpur_industrial,2024-10-24,2024,26.525,80.525,0.0002939887811916615,0.10833126734153722
kanpur_industrial,2024-10-24,2024,26.525,80.55,0.0002889357750154996,0.09626835653284975
kanpur_industrial,2024-10-24,2024,26.575,80.175,0.00017182599426800716,0
kanpur_industrial,2024-10-24,2024,26.575,80.225,0.00019770697481135148,0
kanpur_industrial,2024-10-24,2024,26.575,80.275,0.00025337283514068683,0
kanpur_industrial,2024-10-24,2024,26.575,80.325,0.0003180757507472205,0
kanpur_industrial,2024-10-24,2024,26.575,80.375,0.0003275975880596866,0
kanpur_industrial,2024-10-24,2024,26.575,80.425,0.0003022420801561053,6.061435621407661e-06
kanpur_industrial,2024-10-24,2024,26.575,80.475,0.00027186506387127783,0.0148135906786787
kanpur_industrial,2024-10-24,2024,26.575,80.525,0.00027715144781981135,0.069832627793232
kanpur_industrial,2024-10-24,2024,26.575,80.55,0.0002521904376005822,0.07641478184880574
kanpur_industrial,2024-10-25,2024,26.325,80.175,0.00017791157740471752,0
kanpur_industrial,2024-10-25,2024,26.325,80.225,0.0001673702585668632,0.000566114500297379
kanpur_industrial,2024-10-25,2024,26.325,80.275,9.73299930074157e-05,0.002327729365690923
kanpur_industrial,2024-10-25,2024,26.325,80.325,0.0001700852925029856,0.009957922985401041
kanpur_industrial,2024-10-25,2024,26.325,80.375,0.0002001189387555641,0.03830241972147698
kanpur_industrial,2024-10-25,2024,26.325,80.425,0.0001852047835475241,0.05275728543732892
kanpur_industrial,2024-10-25,2024,26.325,80.475,0.00015883769127944877,0.07499398096523117
kanpur_industrial,2024-10-25,2024,26.325,80.525,0.0001648988131571421,0.13894406597592507
kanpur_industrial,2024-10-25,2024,26.325,80.55,0.00019057791542072692,0.09894589087998126
kanpur_industrial,2024-10-25,2024,26.375,80.175,0.00016312335820111828,0
kanpur_industrial,2024-10-25,2024,26.375,80.225,0.00011852998200191514,0.000841101608286256
kanpur_industrial,2024-10-25,2024,26.375,80.275,5.329650377562087e-05,0.0033854339733521807
kanpur_industrial,2024-10-25,2024,26.375,80.325,0.00027947968807034334,0.09414725205327787
kanpur_industrial,2024-10-25,2024,26.375,80.375,0.0002807230426763696,0.10432574125818882
kanpur_industrial,2024-10-25,2024,26.375,80.425,0.00025508287671153926,0.08586134405901154
kanpur_industrial,2024-10-25,2024,26.375,80.475,0.0002253366923441821,0.060428177010301565
kanpur_industrial,2024-10-25,2024,26.375,80.525,0.00021870264647131982,0.05513836577489994
kanpur_industrial,2024-10-25,2024,26.425,80.175,0.000253444443254399,0.003347013130989838
kanpur_industrial,2024-10-25,2024,26.425,80.225,0.0002897063530821593,0.012913653090387205
kanpur_industrial,2024-10-25,2024,26.425,80.275,0.000333910055592943,0.03234116302457887
kanpur_industrial,2024-10-25,2024,26.425,80.325,0.0003813803149947363,0.090757309022892
kanpur_industrial,2024-10-25,2024,26.425,80.375,0.00035102928061509387,0.0965528199679759
kanpur_industrial,2024-10-25,2024,26.425,80.425,0.0002795702003113479,0.09833481710438242
kanpur_industrial,2024-10-25,2024,26.425,80.475,0.00023127483512466472,0.1035484922150216
kanpur_industrial,2024-10-25,2024,26.425,80.525,0.0002942007160537923,0.12210069173825959
kanpur_industrial,2024-10-25,2024,26.425,80.55,0.00026626048557838906,0.09731935850772491
kanpur_industrial,2024-10-25,2024,26.475,80.175,0.0002585386252647521,0.0019872890465252166
kanpur_industrial,2024-10-25,2024,26.475,80.225,0.0002961479207850027,0.007460084940306803
kanpur_industrial,2024-10-25,2024,26.475,80.275,0.00032212843060311233,0.018570695320139864
kanpur_industrial,2024-10-25,2024,26.475,80.325,0.0004020791381586135,0.06726361777052434
kanpur_industrial,2024-10-25,2024,26.475,80.375,0.0003443751294350505,0.0848738290333897
kanpur_industrial,2024-10-25,2024,26.475,80.425,0.00028605426672389725,0.09953063446375837
kanpur_industrial,2024-10-25,2024,26.475,80.475,0.00027082451002410885,0.11744626255687549
kanpur_industrial,2024-10-25,2024,26.475,80.525,0.0003671897619771765,0.14928337980261946
kanpur_industrial,2024-10-25,2024,26.475,80.55,0.00036377647238293865,0.1486577209992313
kanpur_industrial,2024-10-25,2024,26.525,80.175,0.00022909259730889394,0
kanpur_industrial,2024-10-25,2024,26.525,80.225,0.0002499305719992877,0
kanpur_industrial,2024-10-25,2024,26.525,80.275,0.00024275321176641526,0
kanpur_industrial,2024-10-25,2024,26.525,80.325,0.00030945503271159356,0.03433667952335045
kanpur_industrial,2024-10-25,2024,26.525,80.375,0.0002646536896001026,0.05563982799885254
kanpur_industrial,2024-10-25,2024,26.525,80.425,0.0002630839403381478,0.07072799863408714
kanpur_industrial,2024-10-25,2024,26.525,80.475,0.0003116517532015539,0.09392246842512961
kanpur_industrial,2024-10-25,2024,26.525,80.525,0.00042445172029188983,0.14472397323741534
kanpur_industrial,2024-10-25,2024,26.525,80.55,0.00043334204205822374,0.13386429620336643
kanpur_industrial,2024-10-25,2024,26.575,80.175,0.00019512968509814433,0.00013287696078826704
kanpur_industrial,2024-10-25,2024,26.575,80.225,0.00021491531991397843,0.0002529463396789865
kanpur_industrial,2024-10-25,2024,26.575,80.275,0.00022933537982004572,2.888946254501983e-05
kanpur_industrial,2024-10-25,2024,26.575,80.325,8.154526165822514e-05,0
kanpur_industrial,2024-10-25,2024,26.575,80.375,0.0001065843241539066,0
kanpur_industrial,2024-10-25,2024,26.575,80.425,0.00020156991630889442,1.3266352552249137e-05
kanpur_industrial,2024-10-25,2024,26.575,80.475,0.00032918883995935045,0.02338315180547878
kanpur_industrial,2024-10-25,2024,26.575,80.525,0.0004532981976052014,0.10943265007244994
kanpur_industrial,2024-10-25,2024,26.575,80.55,0.0004668988068029398,0.09067943859401165
kanpur_industrial,2024-10-26,2024,26.325,80.175,0.000396182063698149,0.17299424762953403
kanpur_industrial,2024-10-26,2024,26.325,80.225,0.0003546160787805598,0.17655728068104037
kanpur_industrial,2024-10-26,2024,26.325,80.275,0.0003276361541202964,0.17726738863226427
kanpur_industrial,2024-10-26,2024,26.325,80.325,0.0002764343744769781,0.19702057558728112
kanpur_industrial,2024-10-26,2024,26.325,80.375,0.0001972929102824126,0.20870259839074093
kanpur_industrial,2024-10-26,2024,26.325,80.425,0.00024846858207382724,0.21854219976898565
kanpur_industrial,2024-10-26,2024,26.325,80.475,0.0003167526138460561,0.22733526558849304
kanpur_industrial,2024-10-26,2024,26.325,80.525,0.0002473878177012212,0.23649259098491146
kanpur_industrial,2024-10-26,2024,26.325,80.55,0.0002545464562178164,0.23563863269535557
kanpur_industrial,2024-10-26,2024,26.375,80.175,0.0002501915273479062,0.17000918435236914
kanpur_industrial,2024-10-26,2024,26.375,80.225,0.00027241559004899174,0.1766641327356218
kanpur_industrial,2024-10-26,2024,26.375,80.275,0.00030174917293696046,0.17963891548094538
kanpur_industrial,2024-10-26,2024,26.375,80.325,0.0002377538068433386,0.18941150115711303
kanpur_industrial,2024-10-26,2024,26.375,80.375,0.00021293995822408828,0.20135086281748565
kanpur_industrial,2024-10-26,2024,26.375,80.425,0.00025359775979886417,0.21229125698025159
kanpur_industrial,2024-10-26,2024,26.375,80.475,0.0002978157361377737,0.22280836441835167
kanpur_industrial,2024-10-26,2024,26.375,80.525,0.00026238686983123024,0.23470334504488963
kanpur_industrial,2024-10-26,2024,26.425,80.175,0.00026612011721746274,0.169836011369898
kanpur_industrial,2024-10-26,2024,26.425,80.225,0.00020134122150845392,0.18063217686140476
kanpur_industrial,2024-10-26,2024,26.425,80.275,0.00031590443465735334,0.1841595208955154
kanpur_industrial,2024-10-26,2024,26.425,80.325,0.0002204945559429689,0.19445163688327463
kanpur_industrial,2024-10-26,2024,26.425,80.375,0.00024975035175602044,0.2002279162188498
kanpur_industrial,2024-10-26,2024,26.425,80.425,0.0002637184198789519,0.2095095598146198
kanpur_industrial,2024-10-26,2024,26.425,80.475,0.0002645596665851492,0.22282693143881
kanpur_industrial,2024-10-26,2024,26.425,80.525,0.0002564561619736899,0.24236028099008422
kanpur_industrial,2024-10-26,2024,26.425,80.55,0.0002586509908658505,0.23952661178202006
kanpur_industrial,2024-10-26,2024,26.475,80.175,0.0003301714117997807,0.1713073057690909
kanpur_industrial,2024-10-26,2024,26.475,80.225,0.00029925986935798335,0.18282621324510764
kanpur_industrial,2024-10-26,2024,26.475,80.275,0.0003650473113107085,0.1864379862640858
kanpur_industrial,2024-10-26,2024,26.475,80.325,0.0002518601171124641,0.19651176092908348
kanpur_industrial,2024-10-26,2024,26.475,80.375,0.00030222270521090513,0.20108926574826635
kanpur_industrial,2024-10-26,2024,26.475,80.425,0.000280253656223805,0.21018020927433037
kanpur_industrial,2024-10-26,2024,26.475,80.475,0.00024251265809939641,0.22415190551785855
kanpur_industrial,2024-10-26,2024,26.475,80.525,0.0002656109612093444,0.24582138188431912
kanpur_industrial,2024-10-26,2024,26.475,80.55,0.0002649269243349397,0.2457272741109653
kanpur_industrial,2024-10-26,2024,26.525,80.175,0.00037196835353237614,0.1738373072710234
kanpur_industrial,2024-10-26,2024,26.525,80.225,0.0003618630392370555,0.18658638134840153
kanpur_industrial,2024-10-26,2024,26.525,80.275,0.0003659112806888531,0.1893290078040125
kanpur_industrial,2024-10-26,2024,26.525,80.325,0.00027688083568383405,0.19875112859138788
kanpur_industrial,2024-10-26,2024,26.525,80.375,0.00032399329115738923,0.2029828594686369
kanpur_industrial,2024-10-26,2024,26.525,80.425,0.00029863140885156913,0.21320732929074834
kanpur_industrial,2024-10-26,2024,26.525,80.475,0.0002576511186719595,0.2276984162656268
kanpur_industrial,2024-10-26,2024,26.525,80.525,0.0002790190389668923,0.24582934467685744
kanpur_industrial,2024-10-26,2024,26.525,80.55,0.00028240383510798664,0.2447714045985353
kanpur_industrial,2024-10-26,2024,26.575,80.175,0.0003420268788153591,0.1768920043439979
kanpur_industrial,2024-10-26,2024,26.575,80.225,0.00026006726688884696,0.19398527990091113
kanpur_industrial,2024-10-26,2024,26.575,80.275,0.00026340028798665623,0.1944759312011956
kanpur_industrial,2024-10-26,2024,26.575,80.325,0.00025804924583047544,0.20304767790938089
kanpur_industrial,2024-10-26,2024,26.575,80.375,0.00028017727323948106,0.2055342642300705
kanpur_industrial,2024-10-26,2024,26.575,80.425,0.00031241034841836024,0.21810419719453777
kanpur_industrial,2024-10-26,2024,26.575,80.475,0.0003285121530320398,0.233458936090635
kanpur_industrial,2024-10-26,2024,26.575,80.525,0.0002899254456416492,0.2424609519894218
kanpur_industrial,2024-10-26,2024,26.575,80.55,0.00029212942124994505,0.24335063929953948
kanpur_industrial,2024-10-27,2024,26.325,80.175,0.00019705743447761382,0.24082759184683297
kanpur_industrial,2024-10-27,2024,26.325,80.225,0.00018767267682226075,0.27851764153880126
kanpur_industrial,2024-10-27,2024,26.325,80.275,0.00017306117922164131,0.28907097941399545
kanpur_industrial,2024-10-27,2024,26.325,80.325,0.0001092551947320475,0.209690020189846
kanpur_industrial,2024-10-27,2024,26.325,80.375,6.534096362526145e-05,0.18833193728453249
kanpur_industrial,2024-10-27,2024,26.325,80.425,0.0001622736909434931,0.21566740019275624
kanpur_industrial,2024-10-27,2024,26.325,80.475,0.00014462255921768495,0.21256992558684193
kanpur_industrial,2024-10-27,2024,26.325,80.525,6.208765304530269e-05,0.19590435366122766
kanpur_industrial,2024-10-27,2024,26.325,80.55,9.567975870581927e-05,0.21085670604221324
kanpur_industrial,2024-10-27,2024,26.375,80.175,0.00013797608576240818,0.21158918557740117
kanpur_industrial,2024-10-27,2024,26.375,80.225,0.00015450583021420252,0.19875730604501896
kanpur_industrial,2024-10-27,2024,26.375,80.275,0.00015278677041424786,0.20508007417674215
kanpur_industrial,2024-10-27,2024,26.375,80.325,0.00010033621803778703,0.19784967764757833
kanpur_industrial,2024-10-27,2024,26.375,80.375,6.443659566543087e-05,0.18808482727449585
kanpur_industrial,2024-10-27,2024,26.375,80.425,5.468718567479209e-05,0.19376988667999057
kanpur_industrial,2024-10-27,2024,26.375,80.475,7.434001817435885e-05,0.20892206736908928
kanpur_industrial,2024-10-27,2024,26.375,80.525,0.00013247111252448027,0.2272330919832927
kanpur_industrial,2024-10-27,2024,26.425,80.175,0.00015655972879084957,0.2246599829328205
kanpur_industrial,2024-10-27,2024,26.425,80.225,0.0001414367759059398,0.22130948136520814
kanpur_industrial,2024-10-27,2024,26.425,80.275,0.00013969483854206255,0.2024418442694185
kanpur_industrial,2024-10-27,2024,26.425,80.325,0.0001035849434800954,0.19556804695017657
kanpur_industrial,2024-10-27,2024,26.425,80.375,9.842052405725836e-05,0.1951142306691125
kanpur_industrial,2024-10-27,2024,26.425,80.425,7.825149932806194e-05,0.22211031806581938
kanpur_industrial,2024-10-27,2024,26.425,80.475,8.619194585235227e-05,0.2482324136416682
kanpur_industrial,2024-10-27,2024,26.425,80.525,0.00018576873294142907,0.23503543889830844
kanpur_industrial,2024-10-27,2024,26.425,80.55,0.00016604441672413305,0.2321479561817278
kanpur_industrial,2024-10-27,2024,26.475,80.175,0.00014498191800796348,0.2138207378212391
kanpur_industrial,2024-10-27,2024,26.475,80.225,0.00014065282304039388,0.19893509500026094
kanpur_industrial,2024-10-27,2024,26.475,80.275,0.00016126693099081815,0.1796158022710884
kanpur_industrial,2024-10-27,2024,26.475,80.325,8.205546825100346e-05,0.18779656136554201
kanpur_industrial,2024-10-27,2024,26.475,80.375,8.384317571290597e-05,0.18874852005595263
kanpur_industrial,2024-10-27,2024,26.475,80.425,6.851987814510419e-05,0.21688984020503582
kanpur_industrial,2024-10-27,2024,26.475,80.475,8.576475918939513e-05,0.24254671854995055
kanpur_industrial,2024-10-27,2024,26.475,80.525,0.00021330743260736772,0.22470681343376173
kanpur_industrial,2024-10-27,2024,26.475,80.55,0.00021243192779039444,0.22549702318033385
kanpur_industrial,2024-10-27,2024,26.525,80.175,0.00012475928275178916,0.2033255712653059
kanpur_industrial,2024-10-27,2024,26.525,80.225,0.0001230330298257648,0.18259446653037123
kanpur_industrial,2024-10-27,2024,26.525,80.275,0.00014505582992712564,0.17200048852142455
kanpur_industrial,2024-10-27,2024,26.525,80.325,7.063687833080504e-05,0.18803569907653225
kanpur_industrial,2024-10-27,2024,26.525,80.375,7.647656389016018e-05,0.1898276968843607
kanpur_industrial,2024-10-27,2024,26.525,80.425,7.802625347711973e-05,0.21083104104725217
kanpur_industrial,2024-10-27,2024,26.525,80.475,0.00010471717496518853,0.23119757502516336
kanpur_industrial,2024-10-27,2024,26.525,80.525,0.00020740165595959604,0.22450665634261022
kanpur_industrial,2024-10-27,2024,26.525,80.55,0.0001925988497674288,0.2332794565293568
kanpur_industrial,2024-10-27,2024,26.575,80.175,0.00010959047560327548,0.21018981854731958
kanpur_industrial,2024-10-27,2024,26.575,80.225,7.071544728753325e-05,0.20518271324822757
kanpur_industrial,2024-10-27,2024,26.575,80.275,4.4425895538258386e-05,0.2034525590883189
kanpur_industrial,2024-10-27,2024,26.575,80.325,9.044378568708023e-05,0.20543018296152032
kanpur_industrial,2024-10-27,2024,26.575,80.375,0.00011229148351185166,0.21272939279947756
kanpur_industrial,2024-10-27,2024,26.575,80.425,0.0001388035208242031,0.2251002783904373
kanpur_industrial,2024-10-27,2024,26.575,80.475,0.0001598750706648387,0.23953440888435915
kanpur_industrial,2024-10-27,2024,26.575,80.525,0.00015952416030686967,0.2528946889563646
kanpur_industrial,2024-10-27,2024,26.575,80.55,0.0001428553820384587,0.2633077622044393
kanpur_industrial,2024-10-28,2024,26.325,80.175,9.319293431201203e-05,0.2040059580520667
kanpur_industrial,2024-10-28,2024,26.325,80.225,0.00014469392025342622,0.1645315990004097
kanpur_industrial,2024-10-28,2024,26.325,80.275,0.00022852882205422073,0.1427507465358864
kanpur_industrial,2024-10-28,2024,26.325,80.325,0.00012610127158861365,0.260439096496076
kanpur_industrial,2024-10-28,2024,26.325,80.375,0.00016349063291422146,0.2448892892460763
kanpur_industrial,2024-10-28,2024,26.325,80.425,0.00014180745285654277,0.2342773515559242
kanpur_industrial,2024-10-28,2024,26.325,80.475,0.00010365980664313651,0.22861155432376465
kanpur_industrial,2024-10-28,2024,26.325,80.525,0.00014495533779630874,0.2837165914023875
kanpur_industrial,2024-10-28,2024,26.325,80.55,0.00014495533779630874,0.2837165914023875
kanpur_industrial,2024-10-28,2024,26.375,80.175,9.384015180731492e-05,0.20335158186774213
kanpur_industrial,2024-10-28,2024,26.375,80.225,0.00015292119633077128,0.16239409919333228
kanpur_industrial,2024-10-28,2024,26.375,80.275,0.00022852882205422073,0.1427507465358864
kanpur_industrial,2024-10-28,2024,26.375,80.325,0.00018062648456126145,0.19509134081822319
kanpur_industrial,2024-10-28,2024,26.375,80.375,0.00019440078394260767,0.20089852590657986
kanpur_industrial,2024-10-28,2024,26.375,80.425,0.00016789527460630543,0.18050782040782457
kanpur_industrial,2024-10-28,2024,26.375,80.475,0.00013590059934650913,0.18383092144620705
kanpur_industrial,2024-10-28,2024,26.375,80.525,0.00014495533779630874,0.2837165914023875
kanpur_industrial,2024-10-28,2024,26.425,80.175,0.00018324373890112104,0.22248913449951419
kanpur_industrial,2024-10-28,2024,26.425,80.225,0.00018312201048448904,0.22763956734070934
kanpur_industrial,2024-10-28,2024,26.425,80.275,0.0001878155420560971,0.209193542120719
kanpur_industrial,2024-10-28,2024,26.425,80.325,0.0002717901278005538,0.23048900991311502
kanpur_industrial,2024-10-28,2024,26.425,80.375,0.00021871814334875606,0.18623137040242663
kanpur_industrial,2024-10-28,2024,26.425,80.425,0.00011204730335709894,0.16869303258461185
kanpur_industrial,2024-10-28,2024,26.425,80.475,2.3442490799435612e-05,0.17350383437666425
kanpur_industrial,2024-10-28,2024,26.425,80.525,0.00014495533779630874,0.2837165914023875
kanpur_industrial,2024-10-28,2024,26.425,80.55,0.00014495533779630874,0.2837165914023875
kanpur_industrial,2024-10-28,2024,26.475,80.175,0.00021288266975981349,0.19902247555671806
kanpur_industrial,2024-10-28,2024,26.475,80.225,0.0001901845735696187,0.2117637416782563
kanpur_industrial,2024-10-28,2024,26.475,80.275,0.00018264927810845785,0.21535287424348765
kanpur_industrial,2024-10-28,2024,26.475,80.325,0.0001683605787040588,0.24906934024477936
kanpur_industrial,2024-10-28,2024,26.475,80.375,0.00018682446490802867,0.1993302982771645
kanpur_industrial,2024-10-28,2024,26.475,80.425,4.6923640578785136e-05,0.17005483732238308
kanpur_industrial,2024-10-28,2024,26.475,80.475,-3.0055350064819627e-05,0.17438631492536275
kanpur_industrial,2024-10-28,2024,26.525,80.175,0.00019093021394371413,0.18904305065123952
kanpur_industrial,2024-10-28,2024,26.525,80.225,0.00019316606512347333,0.20175429192803868
kanpur_industrial,2024-10-28,2024,26.525,80.275,0.00023925602300591683,0.1919016153206426
kanpur_industrial,2024-10-28,2024,26.525,80.325,0.00010752589401249214,0.2670887913551208
kanpur_industrial,2024-10-28,2024,26.525,80.375,0.00010511076201594392,0.26661888845835147
kanpur_industrial,2024-10-28,2024,26.525,80.425,-4.417319550863992e-05,0.17799731979376987
kanpur_industrial,2024-10-28,2024,26.525,80.475,-3.4546696683694605e-05,0.1862890184764321
kanpur_industrial,2024-10-28,2024,26.525,80.525,6.2787902546308e-05,0.2701273051566833
kanpur_industrial,2024-10-28,2024,26.525,80.55,6.2787902546308e-05,0.2701273051566833
kanpur_industrial,2024-10-28,2024,26.575,80.175,0.00011564189395774812,0.22934481025878056
kanpur_industrial,2024-10-28,2024,26.575,80.225,0.00020087740142833447,0.2510658448315495
kanpur_industrial,2024-10-28,2024,26.575,80.275,0.00037563981038179296,0.15483538717120415
kanpur_industrial,2024-10-28,2024,26.575,80.325,0.00024313315299411743,0.29182980720940876
kanpur_industrial,2024-10-28,2024,26.575,80.375,0.00024123638363957104,0.2931043244580776
kanpur_industrial,2024-10-28,2024,26.575,80.475,6.2787902546308e-05,0.2701273051566833
kanpur_industrial,2024-10-28,2024,26.575,80.525,6.2787902546308e-05,0.2701273051566833
kanpur_industrial,2024-10-28,2024,26.575,80.55,6.2787902546308e-05,0.2701273051566833
kanpur_industrial,2024-10-29,2024,26.325,80.175,0.00016301029293563397,0.09643330338632466
kanpur_industrial,2024-10-29,2024,26.325,80.225,0.00017304369867431174,0.03294377602463918
kanpur_industrial,2024-10-29,2024,26.325,80.275,0.0002845496658543028,0.018940163918256613
kanpur_industrial,2024-10-29,2024,26.325,80.325,0.0002763407710723207,0.06460113198381659
kanpur_industrial,2024-10-29,2024,26.325,80.375,0.00010432639042034067,0.0831297400046694
kanpur_industrial,2024-10-29,2024,26.325,80.425,9.413070748427067e-05,0.13209476113709218
kanpur_industrial,2024-10-29,2024,26.325,80.475,0.00013615229227296755,0.15210599191700877
kanpur_industrial,2024-10-29,2024,26.325,80.525,8.833015469150493e-05,0.05854620824900781
kanpur_industrial,2024-10-29,2024,26.325,80.55,0.0001947138686367328,0.04806447728249466
kanpur_industrial,2024-10-29,2024,26.375,80.175,0.00023975928788076215,0.018048477869075326
kanpur_industrial,2024-10-29,2024,26.375,80.225,0.000211187195773743,0.008173124678305393
kanpur_industrial,2024-10-29,2024,26.375,80.275,0.00014757130615277987,0.017532301322010474
kanpur_industrial,2024-10-29,2024,26.375,80.325,0.00014514733743482058,0.08859220166000051
kanpur_industrial,2024-10-29,2024,26.375,80.375,0.00013802528742900107,0.14038709758016454
kanpur_industrial,2024-10-29,2024,26.375,80.425,0.0001533677918084054,0.0902053240149066
kanpur_industrial,2024-10-29,2024,26.375,80.475,0.00020299532077648464,0.019729734546608264
kanpur_industrial,2024-10-29,2024,26.375,80.525,0.0003112293648624586,0.03658448622393265
kanpur_industrial,2024-10-29,2024,26.425,80.175,0.00022523990833440096,0.039769701815073215
kanpur_industrial,2024-10-29,2024,26.425,80.225,0.0002732572586991253,0.06381624299839385
kanpur_industrial,2024-10-29,2024,26.425,80.275,0.0002106906570481013,0.09632965307323839
kanpur_industrial,2024-10-29,2024,26.425,80.325,0.00020034534684201008,0.153002115586158
kanpur_industrial,2024-10-29,2024,26.425,80.375,0.00026320382335336313,0.14487965059442276
kanpur_industrial,2024-10-29,2024,26.425,80.425,0.0002320808503415563,0.07943205479536102
kanpur_industrial,2024-10-29,2024,26.425,80.475,0.00019487267777560893,0.04095934434451365
kanpur_industrial,2024-10-29,2024,26.425,80.525,0.0002744209147782058,0.14621512944180431
kanpur_industrial,2024-10-29,2024,26.425,80.55,0.0002880429396125356,0.10564315911708015
kanpur_industrial,2024-10-29,2024,26.475,80.175,0.00021770781416900718,0.03413156700483932
kanpur_industrial,2024-10-29,2024,26.475,80.225,0.0002446132741581561,0.049620730124766636
kanpur_industrial,2024-10-29,2024,26.475,80.275,0.0002422115425968457,0.07918193653834021
kanpur_industrial,2024-10-29,2024,26.475,80.325,0.00012673199463312423,0.08283281900289689
kanpur_industrial,2024-10-29,2024,26.475,80.375,0.0002218102560121907,0.07003338064972123
kanpur_industrial,2024-10-29,2024,26.475,80.425,0.00021171392899185497,0.0633467061099734
kanpur_industrial,2024-10-29,2024,26.475,80.475,0.00020424741630657858,0.09574449428175849
kanpur_industrial,2024-10-29,2024,26.475,80.525,0.00035142094109381965,0.22156959103937657
kanpur_industrial,2024-10-29,2024,26.475,80.55,0.00034588484403542843,0.21857223435727982
kanpur_industrial,2024-10-29,2024,26.525,80.175,0.00021209041481988852,0.051994760824262985
kanpur_industrial,2024-10-29,2024,26.525,80.225,0.0001783468982846498,0.029399662485165505
kanpur_industrial,2024-10-29,2024,26.525,80.275,0.0001883090113805931,0.03412587940213253
kanpur_industrial,2024-10-29,2024,26.525,80.325,9.301176188386952e-05,0.006368633940973148
kanpur_industrial,2024-10-29,2024,26.525,80.375,0.0001911987401031836,0.011950715415293564
kanpur_industrial,2024-10-29,2024,26.525,80.425,0.00019735937422675164,0.04865860953409653
kanpur_industrial,2024-10-29,2024,26.525,80.475,0.00020757183852896386,0.11203516563988845
kanpur_industrial,2024-10-29,2024,26.525,80.525,0.0003647725652570607,0.20130360580257137
kanpur_industrial,2024-10-29,2024,26.525,80.55,0.00031322410597369246,0.1505860006227017
kanpur_industrial,2024-10-29,2024,26.575,80.175,0.000208496984108064,0.12925324528014048
kanpur_industrial,2024-10-29,2024,26.575,80.225,0.00010590302648133936,0.042016271666092724
kanpur_industrial,2024-10-29,2024,26.575,80.275,9.914861088471616e-06,0.001563626351349899
kanpur_industrial,2024-10-29,2024,26.575,80.325,0.00020382187935977553,0.005568438424623111
kanpur_industrial,2024-10-29,2024,26.575,80.375,0.0002859251988751387,0.035909473391292954
kanpur_industrial,2024-10-29,2024,26.575,80.425,0.0002512054587438498,0.04069657622242771
kanpur_industrial,2024-10-29,2024,26.575,80.475,0.0001845517068443534,0.03481651298495648
kanpur_industrial,2024-10-29,2024,26.575,80.525,0.00019933479530872514,0.038647235882757654
kanpur_industrial,2024-10-29,2024,26.575,80.55,0.00019152532102252503,0.03544421820852068
kanpur_industrial,2024-10-30,2024,26.325,80.175,0.0001879070879625296,0
kanpur_industrial,2024-10-30,2024,26.325,80.225,0.00016730620828808962,0
kanpur_industrial,2024-10-30,2024,26.325,80.275,0.00019992598293617643,0
kanpur_industrial,2024-10-30,2024,26.325,80.325,0.00017174941397241417,0
kanpur_industrial,2024-10-30,2024,26.325,80.375,0.00021143374392024002,0
kanpur_industrial,2024-10-30,2024,26.325,80.425,0.00019240255312912976,0
kanpur_industrial,2024-10-30,2024,26.325,80.475,0.00014437819451228192,0
kanpur_industrial,2024-10-30,2024,26.325,80.525,0.00010466475894966909,0
kanpur_industrial,2024-10-30,2024,26.325,80.55,0.00017691844011924877,0
kanpur_industrial,2024-10-30,2024,26.375,80.175,0.00021559323620754583,0
kanpur_industrial,2024-10-30,2024,26.375,80.225,0.00026896056914430986,0
kanpur_industrial,2024-10-30,2024,26.375,80.275,0.00022910911430872903,0
kanpur_industrial,2024-10-30,2024,26.375,80.325,0.000247113138907459,0
kanpur_industrial,2024-10-30,2024,26.375,80.375,0.00024370599171194294,0
kanpur_industrial,2024-10-30,2024,26.375,80.425,0.00020071410241556483,0
kanpur_industrial,2024-10-30,2024,26.375,80.475,0.0001771348715301584,0
kanpur_industrial,2024-10-30,2024,26.375,80.525,0.00025605342425735983,0
kanpur_industrial,2024-10-30,2024,26.425,80.175,0.00018345745648899563,0
kanpur_industrial,2024-10-30,2024,26.425,80.225,0.000295645652151113,0
kanpur_industrial,2024-10-30,2024,26.425,80.275,0.00032064750750689607,0
kanpur_industrial,2024-10-30,2024,26.425,80.325,0.0003512775896101138,0
kanpur_industrial,2024-10-30,2024,26.425,80.375,0.0004279027247092834,0
kanpur_industrial,2024-10-30,2024,26.425,80.425,0.00032522983004185725,0
kanpur_industrial,2024-10-30,2024,26.425,80.475,0.000193504582219164,0
kanpur_industrial,2024-10-30,2024,26.425,80.525,0.0002338197338491121,0
kanpur_industrial,2024-10-30,2024,26.425,80.55,0.00024204794998444786,0
kanpur_industrial,2024-10-30,2024,26.475,80.175,0.00013818374306158094,0
kanpur_industrial,2024-10-30,2024,26.475,80.225,0.00020115941129069453,0
kanpur_industrial,2024-10-30,2024,26.475,80.275,0.0002471153198809703,0
kanpur_industrial,2024-10-30,2024,26.475,80.325,0.00042672666654376457,0
kanpur_industrial,2024-10-30,2024,26.475,80.375,0.0004598609569766059,0
kanpur_industrial,2024-10-30,2024,26.475,80.425,0.0003542864535650282,0
kanpur_industrial,2024-10-30,2024,26.475,80.475,0.00023528520415276466,0
kanpur_industrial,2024-10-30,2024,26.475,80.525,0.0002701896890062891,0
kanpur_industrial,2024-10-30,2024,26.475,80.55,0.00026749422769092694,0
kanpur_industrial,2024-10-30,2024,26.525,80.175,0.0001572609680757557,0
kanpur_industrial,2024-10-30,2024,26.525,80.225,0.00014611447005522546,0
kanpur_industrial,2024-10-30,2024,26.525,80.275,0.00014498387236485896,0
kanpur_industrial,2024-10-30,2024,26.525,80.325,0.0004328961696763334,0
kanpur_industrial,2024-10-30,2024,26.525,80.375,0.00041292361855902214,0
kanpur_industrial,2024-10-30,2024,26.525,80.425,0.0003442900526838611,0
kanpur_industrial,2024-10-30,2024,26.525,80.475,0.00028465660472081904,0
kanpur_industrial,2024-10-30,2024,26.525,80.525,0.0003129671782713229,0
kanpur_industrial,2024-10-30,2024,26.525,80.55,0.0003179620362017019,0
kanpur_industrial,2024-10-30,2024,26.575,80.175,0.0002971660249996409,0
kanpur_industrial,2024-10-30,2024,26.575,80.225,0.00023340440117047086,0
kanpur_industrial,2024-10-30,2024,26.575,80.275,0.00010036695322809578,0
kanpur_industrial,2024-10-30,2024,26.575,80.325,0.00033716211545344136,0
kanpur_industrial,2024-10-30,2024,26.575,80.375,0.0003216331269457781,0
kanpur_industrial,2024-10-30,2024,26.575,80.425,0.00032169064192356245,0
kanpur_industrial,2024-10-30,2024,26.575,80.475,0.0003280232773090073,0
kanpur_industrial,2024-10-30,2024,26.575,80.525,0.0003271883478582041,0
kanpur_industrial,2024-10-30,2024,26.575,80.55,0.00025738829773781975,0
kanpur_industrial,2024-10-31,2024,26.325,80.175,0.00029297926297251607,0.12175813222734035
kanpur_industrial,2024-10-31,2024,26.325,80.225,0.00029535191299834024,0.1187858507870959
kanpur_industrial,2024-10-31,2024,26.325,80.275,0.00025648288590033826,0.11673649183424833
kanpur_industrial,2024-10-31,2024,26.325,80.325,0.0003412104660028361,0.11514643819473407
kanpur_industrial,2024-10-31,2024,26.325,80.375,0.00036199830744901735,0.11450890128364456
kanpur_industrial,2024-10-31,2024,26.325,80.425,0.0003559050400926011,0.11285999935318816
kanpur_industrial,2024-10-31,2024,26.325,80.475,0.000320911630348954,0.1109312915303413
kanpur_industrial,2024-10-31,2024,26.325,80.525,0.00024810375213027354,0.10981095538194258
kanpur_industrial,2024-10-31,2024,26.325,80.55,0.0003294216157690965,0.10706626359000146
kanpur_industrial,2024-10-31,2024,26.375,80.175,0.00029906060677862027,0.1300585680646527
kanpur_industrial,2024-10-31,2024,26.375,80.225,0.00022075748940608868,0.12782439033260395
kanpur_industrial,2024-10-31,2024,26.375,80.275,0.0002760458080069375,0.12632259349322827
kanpur_industrial,2024-10-31,2024,26.375,80.325,0.00024147843360603345,0.12337843851563707
kanpur_industrial,2024-10-31,2024,26.375,80.375,0.000315224353697587,0.1213747249609717
kanpur_industrial,2024-10-31,2024,26.375,80.425,0.00034251739649830004,0.1134388755545959
kanpur_industrial,2024-10-31,2024,26.375,80.475,0.0003593228441897624,0.10524241515810041
kanpur_industrial,2024-10-31,2024,26.375,80.525,0.00041848403784971213,0.10406017257978026
kanpur_industrial,2024-10-31,2024,26.425,80.175,0.0003621994885551825,0.1343667354151781
kanpur_industrial,2024-10-31,2024,26.425,80.225,0.0003760302151705228,0.13373025514516199
kanpur_industrial,2024-10-31,2024,26.425,80.275,0.00040429987490470337,0.13321896783148668
kanpur_industrial,2024-10-31,2024,26.425,80.325,0.00038259929565044614,0.12577828555305348
kanpur_industrial,2024-10-31,2024,26.425,80.375,0.00038919032414646827,0.12515778343304362
kanpur_industrial,2024-10-31,2024,26.425,80.425,0.0003582514532986736,0.11784684097109477
kanpur_industrial,2024-10-31,2024,26.425,80.475,0.00030350508828794865,0.10890636175379009
kanpur_industrial,2024-10-31,2024,26.425,80.525,0.00024076610166770947,0.10464310927174948
kanpur_industrial,2024-10-31,2024,26.425,80.55,0.0003065357315933325,0.10442737679519393
kanpur_industrial,2024-10-31,2024,26.475,80.175,0.0003457777452877875,0.1344193402648381
kanpur_industrial,2024-10-31,2024,26.475,80.225,0.0003540870090019441,0.1343735451075144
kanpur_industrial,2024-10-31,2024,26.475,80.275,0.0003455654641927615,0.13265241820655807
kanpur_industrial,2024-10-31,2024,26.475,80.325,0.0004354317049413583,0.12642742135746984
kanpur_industrial,2024-10-31,2024,26.475,80.375,0.0004297451923752369,0.1251964825990614
kanpur_industrial,2024-10-31,2024,26.475,80.425,0.0003905779472594197,0.11914320988506517
kanpur_industrial,2024-10-31,2024,26.475,80.475,0.00031593622896289525,0.11140071072798328
kanpur_industrial,2024-10-31,2024,26.475,80.525,0.00019040853146669288,0.1054075155843089
kanpur_industrial,2024-10-31,2024,26.475,80.55,0.00019067578630723274,0.10536831628017682
kanpur_industrial,2024-10-31,2024,26.525,80.175,0.00032443062358034904,0.1328101996687617
kanpur_industrial,2024-10-31,2024,26.525,80.225,0.0003138154794430512,0.13222180438386752
kanpur_industrial,2024-10-31,2024,26.525,80.275,0.00030684314203640494,0.12856829046612192
kanpur_industrial,2024-10-31,2024,26.525,80.325,0.00039223777381176556,0.12536387440931981
kanpur_industrial,2024-10-31,2024,26.525,80.375,0.0004371577444473855,0.12213071009861995
kanpur_industrial,2024-10-31,2024,26.525,80.425,0.0004296664982801661,0.11794949186159406
kanpur_industrial,2024-10-31,2024,26.525,80.475,0.00035817049266587716,0.11313565440295123
kanpur_industrial,2024-10-31,2024,26.525,80.525,0.00018842913362713103,0.10762767831735454
kanpur_industrial,2024-10-31,2024,26.525,80.55,0.0001898103154853372,0.10902598234048433
kanpur_industrial,2024-10-31,2024,26.575,80.175,0.0003452985961885472,0.13107672827329525
kanpur_industrial,2024-10-31,2024,26.575,80.225,0.0003499063267910839,0.12864899043256076
kanpur_industrial,2024-10-31,2024,26.575,80.275,0.00041450235088858676,0.12330534410575834
kanpur_industrial,2024-10-31,2024,26.575,80.325,0.00024370247157587117,0.12234485031809687
kanpur_industrial,2024-10-31,2024,26.575,80.375,0.00040327492639573884,0.11606933922803947
kanpur_industrial,2024-10-31,2024,26.575,80.425,0.0004651763636208306,0.1143368106882045
kanpur_industrial,2024-10-31,2024,26.575,80.475,0.00041015000233980854,0.11430405048277484
kanpur_industrial,2024-10-31,2024,26.575,80.525,0.00019305194372329205,0.11210609704904057
kanpur_industrial,2024-10-31,2024,26.575,80.55,0.00020067488489837167,0.11195726984394055
kanpur_industrial,2024-11-01,2024,26.325,80.175,0.000329138263556397,0.12278413100944194
kanpur_industrial,2024-11-01,2024,26.325,80.225,0.00032939229648738273,0.12682304931763638
kanpur_industrial,2024-11-01,2024,26.325,80.275,0.0002608467441253234,0.13033500672312467
kanpur_industrial,2024-11-01,2024,26.325,80.325,0.00024063277802172326,0.1330524218648134
kanpur_industrial,2024-11-01,2024,26.325,80.375,0.00023758955206456184,0.13753198150177126
kanpur_industrial,2024-11-01,2024,26.325,80.425,0.000279577745067128,0.1381965971959967
kanpur_industrial,2024-11-01,2024,26.325,80.475,0.00033890163963697437,0.1369974648260528
kanpur_industrial,2024-11-01,2024,26.325,80.525,0.0003910128495844354,0.13640836724807692
kanpur_industrial,2024-11-01,2024,26.325,80.55,0.00033440297157250715,0.1331782659159859
kanpur_industrial,2024-11-01,2024,26.375,80.175,0.00028594775178294535,0.1395211115061189
kanpur_industrial,2024-11-01,2024,26.375,80.225,0.00026769725220311186,0.14077507413520562
kanpur_industrial,2024-11-01,2024,26.375,80.275,0.0002098190743709051,0.1435090154409455
kanpur_industrial,2024-11-01,2024,26.375,80.325,0.00036567511353441097,0.14199349051865603
kanpur_industrial,2024-11-01,2024,26.375,80.375,0.00044995776668043356,0.14117393638365852
kanpur_industrial,2024-11-01,2024,26.375,80.425,0.000323665043623516,0.13628944022654707
kanpur_industrial,2024-11-01,2024,26.375,80.475,0.00017877933261131268,0.13092589146788552
kanpur_industrial,2024-11-01,2024,26.375,80.525,0.0002724016766070619,0.12964053588560046
kanpur_industrial,2024-11-01,2024,26.425,80.175,0.0003581660589100289,0.14799729339162523
kanpur_industrial,2024-11-01,2024,26.425,80.225,0.00034148985282689623,0.14841639681829627
kanpur_industrial,2024-11-01,2024,26.425,80.275,0.0003110713535023648,0.1492499767495678
kanpur_industrial,2024-11-01,2024,26.425,80.325,0.0003029419517656607,0.14216017389906868
kanpur_industrial,2024-11-01,2024,26.425,80.375,0.0003166798391474947,0.14159146039662857
kanpur_industrial,2024-11-01,2024,26.425,80.425,0.00027298131398891716,0.1381914930562582
kanpur_industrial,2024-11-01,2024,26.425,80.475,0.00022790138416447294,0.13333847682629368
kanpur_industrial,2024-11-01,2024,26.425,80.525,0.00025626362265731065,0.12850083858588482
kanpur_industrial,2024-11-01,2024,26.425,80.55,0.00026223597333162806,0.12892261632672447
kanpur_industrial,2024-11-01,2024,26.475,80.175,0.0003839514818047549,0.15217146544393326
kanpur_industrial,2024-11-01,2024,26.475,80.225,0.0003890690070674718,0.151105237303992
kanpur_industrial,2024-11-01,2024,26.475,80.275,0.00038442483530464573,0.15071699529527652
kanpur_industrial,2024-11-01,2024,26.475,80.325,0.0003325179590526517,0.14156742317135
kanpur_industrial,2024-11-01,2024,26.475,80.375,0.00032997987522679847,0.14138574415181565
kanpur_industrial,2024-11-01,2024,26.475,80.425,0.00028132053672830877,0.13836704364986074
kanpur_industrial,2024-11-01,2024,26.475,80.475,0.00024089870004125825,0.1333287487368233
kanpur_industrial,2024-11-01,2024,26.475,80.525,0.0002864459910704744,0.12656352684143957
kanpur_industrial,2024-11-01,2024,26.475,80.55,0.00028424754379630535,0.12666848538324477
kanpur_industrial,2024-11-01,2024,26.525,80.175,0.00036179560195610577,0.15590835042835147
kanpur_industrial,2024-11-01,2024,26.525,80.225,0.0003750494022983696,0.15237558641631352
kanpur_industrial,2024-11-01,2024,26.525,80.275,0.00038298085232359305,0.15155044453504044
kanpur_industrial,2024-11-01,2024,26.525,80.325,0.0003761126778054241,0.14113491646522763
kanpur_industrial,2024-11-01,2024,26.525,80.375,0.00037538952248205595,0.1411624466032308
kanpur_industrial,2024-11-01,2024,26.525,80.425,0.0003208417861817051,0.13766101433732658
kanpur_industrial,2024-11-01,2024,26.525,80.475,0.00027593761409072496,0.13208732993961553
kanpur_industrial,2024-11-01,2024,26.525,80.525,0.00033466718496067424,0.12583561349553404
kanpur_industrial,2024-11-01,2024,26.525,80.55,0.0003498000579376153,0.12641906557818383
kanpur_industrial,2024-11-01,2024,26.575,80.175,0.0002858479402748275,0.16158922605470255
kanpur_industrial,2024-11-01,2024,26.575,80.225,0.00027288725455491884,0.1542911635733741
kanpur_industrial,2024-11-01,2024,26.575,80.275,0.0002711868753533958,0.15397716743307122
kanpur_industrial,2024-11-01,2024,26.575,80.325,0.00038100205630652235,0.14143301379095385
kanpur_industrial,2024-11-01,2024,26.575,80.375,0.0003819286454941018,0.14134895246850374
kanpur_industrial,2024-11-01,2024,26.575,80.425,0.00037434959531805354,0.13657147105593048
kanpur_industrial,2024-11-01,2024,26.575,80.475,0.0003696136113916569,0.1305456890090422
kanpur_industrial,2024-11-01,2024,26.575,80.525,0.0003817296735337554,0.12773806300851465
kanpur_industrial,2024-11-01,2024,26.575,80.55,0.0003253503061364641,0.12899409118924804
kanpur_industrial,2024-11-02,2024,26.325,80.175,0.00025060879197462985,0
kanpur_industrial,2024-11-02,2024,26.325,80.225,0.00039630984355923604,0
kanpur_industrial,2024-11-02,2024,26.325,80.275,0.0004200627919178701,0
kanpur_industrial,2024-11-02,2024,26.325,80.325,0.00020741760169179843,0
kanpur_industrial,2024-11-02,2024,26.325,80.375,0.0002622367282330623,0
kanpur_industrial,2024-11-02,2024,26.325,80.425,0.00022926678168091818,0
kanpur_industrial,2024-11-02,2024,26.325,80.475,0.00016315573918683414,0
kanpur_industrial,2024-11-02,2024,26.325,80.525,0.00013270710928893535,0
kanpur_industrial,2024-11-02,2024,26.325,80.55,0.00018252570348919746,0
kanpur_industrial,2024-11-02,2024,26.375,80.175,0.00030297747105052634,0
kanpur_industrial,2024-11-02,2024,26.375,80.225,0.0002197375253241119,0
kanpur_industrial,2024-11-02,2024,26.375,80.275,0.000128044858797688,0
kanpur_industrial,2024-11-02,2024,26.375,80.325,0.00011992500528740204,0
kanpur_industrial,2024-11-02,2024,26.375,80.375,0.00017723152774464152,0
kanpur_industrial,2024-11-02,2024,26.375,80.425,0.00022478804216055978,0
kanpur_industrial,2024-11-02,2024,26.375,80.475,0.0002502191011670633,0
kanpur_industrial,2024-11-02,2024,26.375,80.525,0.00023708892570853217,0
kanpur_industrial,2024-11-02,2024,26.425,80.175,0.00031147025093554247,0
kanpur_industrial,2024-11-02,2024,26.425,80.225,0.0002970682699134752,0
kanpur_industrial,2024-11-02,2024,26.425,80.275,0.00022614156142035803,0
kanpur_industrial,2024-11-02,2024,26.425,80.325,0.00037807384552277455,0
kanpur_industrial,2024-11-02,2024,26.425,80.375,0.00023796698835409243,0
kanpur_industrial,2024-11-02,2024,26.425,80.425,0.00019881052145212101,0
kanpur_industrial,2024-11-02,2024,26.425,80.475,0.00019362674067800598,0
kanpur_industrial,2024-11-02,2024,26.425,80.525,0.00012799669767108362,0
kanpur_industrial,2024-11-02,2024,26.425,80.55,0.0001683694119841551,0
kanpur_industrial,2024-11-02,2024,26.475,80.175,0.0003453768630586212,0
kanpur_industrial,2024-11-02,2024,26.475,80.225,0.00035086700442052643,0
kanpur_industrial,2024-11-02,2024,26.475,80.275,0.00027625487473702107,0
kanpur_industrial,2024-11-02,2024,26.475,80.325,0.00036949586959627196,0
kanpur_industrial,2024-11-02,2024,26.475,80.375,0.0001841018897662328,0
kanpur_industrial,2024-11-02,2024,26.475,80.425,0.00019020132851222852,0
kanpur_industrial,2024-11-02,2024,26.475,80.475,0.00026437936005197356,0
kanpur_industrial,2024-11-02,2024,26.475,80.525,0.0002463442968489899,0
kanpur_industrial,2024-11-02,2024,26.475,80.55,0.00023696267833456355,0
kanpur_industrial,2024-11-02,2024,26.525,80.175,0.0003448173214228793,0
kanpur_industrial,2024-11-02,2024,26.525,80.225,0.00035268807012565483,0
kanpur_industrial,2024-11-02,2024,26.525,80.275,0.0002990991611221822,0
kanpur_industrial,2024-11-02,2024,26.525,80.325,0.0002869642772513005,0
kanpur_industrial,2024-11-02,2024,26.525,80.375,0.00013801142638529917,0
kanpur_industrial,2024-11-02,2024,26.525,80.425,0.00020217957239364892,0
kanpur_industrial,2024-11-02,2024,26.525,80.475,0.0003303170155129191,0
kanpur_industrial,2024-11-02,2024,26.525,80.525,0.00032366945773608266,0
kanpur_industrial,2024-11-02,2024,26.525,80.55,0.00028168947990485035,0
kanpur_industrial,2024-11-02,2024,26.575,80.175,0.00026865813272804797,0
kanpur_industrial,2024-11-02,2024,26.575,80.225,0.000280270756125809,0
kanpur_industrial,2024-11-02,2024,26.575,80.275,0.0003029617513622552,0
kanpur_industrial,2024-11-02,2024,26.575,80.325,0.0002474459433721107,0
kanpur_industrial,2024-11-02,2024,26.575,80.375,0.00017596106257119923,0
kanpur_industrial,2024-11-02,2024,26.575,80.425,0.00023872966519088512,0
kanpur_industrial,2024-11-02,2024,26.575,80.475,0.00030449809937467483,0
kanpur_industrial,2024-11-02,2024,26.575,80.525,0.00019014174700927785,0
kanpur_industrial,2024-11-02,2024,26.575,80.55,0.00023063332575739662,0
kanpur_industrial,2024-11-03,2024,26.325,80.175,0.00039048794864581074,0
kanpur_industrial,2024-11-03,2024,26.325,80.225,0.00030007452409436665,0
kanpur_industrial,2024-11-03,2024,26.325,80.275,0.00029543802546353566,0
kanpur_industrial,2024-11-03,2024,26.325,80.325,5.9794056705564374e-05,0
kanpur_industrial,2024-11-03,2024,26.325,80.375,2.3252561468936235e-05,0
kanpur_industrial,2024-11-03,2024,26.325,80.425,5.3262246753082335e-05,0
kanpur_industrial,2024-11-03,2024,26.325,80.475,0.00014888567787085528,0
kanpur_industrial,2024-11-03,2024,26.325,80.525,0.000332219169356298,0
kanpur_industrial,2024-11-03,2024,26.325,80.55,0.00033719765214593135,0
kanpur_industrial,2024-11-03,2024,26.375,80.175,0.0003662720626415744,0
kanpur_industrial,2024-11-03,2024,26.375,80.225,0.00039886667690053,0
kanpur_industrial,2024-11-03,2024,26.375,80.275,0.00043327815620180555,0
kanpur_industrial,2024-11-03,2024,26.375,80.325,0.00016710301505496405,0
kanpur_industrial,2024-11-03,2024,26.375,80.375,0.00022180960366895475,0
kanpur_industrial,2024-11-03,2024,26.375,80.425,0.0001998563343699529,0
kanpur_industrial,2024-11-03,2024,26.375,80.475,0.00019461822531564703,0
kanpur_industrial,2024-11-03,2024,26.375,80.525,0.000342650276153625,0
kanpur_industrial,2024-11-03,2024,26.425,80.175,0.0002397357264246688,0
kanpur_industrial,2024-11-03,2024,26.425,80.225,0.00026876366024639525,0
kanpur_industrial,2024-11-03,2024,26.425,80.275,0.00036156694067195457,0
kanpur_industrial,2024-11-03,2024,26.425,80.325,0.00018090395420970306,0
kanpur_industrial,2024-11-03,2024,26.425,80.375,0.00019486026668550114,0
kanpur_industrial,2024-11-03,2024,26.425,80.425,0.0002038185950917138,0
kanpur_industrial,2024-11-03,2024,26.425,80.475,0.0002112010284913367,0
kanpur_industrial,2024-11-03,2024,26.425,80.525,0.00022438794097471467,0
kanpur_industrial,2024-11-03,2024,26.425,80.55,0.00026815431698580744,0
kanpur_industrial,2024-11-03,2024,26.475,80.175,0.000254394870364805,0
kanpur_industrial,2024-11-03,2024,26.475,80.225,0.0002883214458207441,0
kanpur_industrial,2024-11-03,2024,26.475,80.275,0.0003305164556752492,0
kanpur_industrial,2024-11-03,2024,26.475,80.325,0.00010866299251594685,0
kanpur_industrial,2024-11-03,2024,26.475,80.375,0.00020229839326586142,0
kanpur_industrial,2024-11-03,2024,26.475,80.425,0.00023767156231272788,0
kanpur_industrial,2024-11-03,2024,26.475,80.475,0.00025229946236789575,0
kanpur_industrial,2024-11-03,2024,26.475,80.525,0.0002977066128333876,0
kanpur_industrial,2024-11-03,2024,26.475,80.55,0.00029105236396612376,0
kanpur_industrial,2024-11-03,2024,26.525,80.175,0.00028056633586986664,0
kanpur_industrial,2024-11-03,2024,26.525,80.225,0.0003148067789727341,0
kanpur_industrial,2024-11-03,2024,26.525,80.275,0.00029934144103062983,0
kanpur_industrial,2024-11-03,2024,26.525,80.325,6.39839539520181e-05,0
kanpur_industrial,2024-11-03,2024,26.525,80.375,0.00020635661648864452,0
kanpur_industrial,2024-11-03,2024,26.525,80.425,0.00023610832149175274,0
kanpur_industrial,2024-11-03,2024,26.525,80.475,0.00023458602660607979,0
kanpur_industrial,2024-11-03,2024,26.525,80.525,0.00030976832816286465,0
kanpur_industrial,2024-11-03,2024,26.525,80.55,0.0002445013160895501,0
kanpur_industrial,2024-11-03,2024,26.575,80.175,0.0002372435973081641,0
kanpur_industrial,2024-11-03,2024,26.575,80.225,0.0002623242623652753,0
kanpur_industrial,2024-11-03,2024,26.575,80.275,0.00024362459590524034,0
kanpur_industrial,2024-11-03,2024,26.575,80.325,0.00012034969327138679,0
kanpur_industrial,2024-11-03,2024,26.575,80.375,0.00018783991856276256,0
kanpur_industrial,2024-11-03,2024,26.575,80.425,0.00015830841741356705,0
kanpur_industrial,2024-11-03,2024,26.575,80.475,9.943016583487937e-05,0
kanpur_industrial,2024-11-03,2024,26.575,80.525,0.00010127396108812498,0
kanpur_industrial,2024-11-03,2024,26.575,80.55,0.00012926422299613846,0
kanpur_industrial,2024-11-04,2024,26.325,80.175,0.00016336392250091905,0.0831854151211592
kanpur_industrial,2024-11-04,2024,26.325,80.225,0.00020073449025665967,0.08480097060189576
kanpur_industrial,2024-11-04,2024,26.325,80.275,0.00034292614580199197,0.08621150468892184
kanpur_industrial,2024-11-04,2024,26.325,80.325,0.00023382587979974763,0.0889716286721039
kanpur_industrial,2024-11-04,2024,26.325,80.375,0.0003256034522541371,0.08754586841562645
kanpur_industrial,2024-11-04,2024,26.325,80.425,0.00036096220390847034,0.09272130289875843
kanpur_industrial,2024-11-04,2024,26.325,80.475,0.00034523997568868003,0.10187265017475662
kanpur_industrial,2024-11-04,2024,26.325,80.525,0.000272605616095964,0.11270768294671536
kanpur_industrial,2024-11-04,2024,26.325,80.55,0.00024720661197959214,0.11032024482596232
kanpur_industrial,2024-11-04,2024,26.375,80.175,0.0002250222724645604,0.08040235176104521
kanpur_industrial,2024-11-04,2024,26.375,80.225,0.00023625642768416324,0.08544266188149184
kanpur_industrial,2024-11-04,2024,26.375,80.275,0.0002947302372169594,0.09016436087924663
kanpur_industrial,2024-11-04,2024,26.375,80.325,0.00018521258430779705,0.09878883347641763
kanpur_industrial,2024-11-04,2024,26.375,80.375,0.0002031237247671932,0.09626540230144569
kanpur_industrial,2024-11-04,2024,26.375,80.425,0.00029160370904865766,0.09453882757729572
kanpur_industrial,2024-11-04,2024,26.375,80.475,0.00034565964684049594,0.09672890606676934
kanpur_industrial,2024-11-04,2024,26.375,80.525,0.0002193886550902325,0.10770543164608994
kanpur_industrial,2024-11-04,2024,26.425,80.175,0.00019328604585491438,0.08820470279784554
kanpur_industrial,2024-11-04,2024,26.425,80.225,0.00016615899005547965,0.0993146504231916
kanpur_industrial,2024-11-04,2024,26.425,80.275,0.00024038395508989497,0.10411492211415344
kanpur_industrial,2024-11-04,2024,26.425,80.325,0.0003218699608171491,0.11029067677113491
kanpur_industrial,2024-11-04,2024,26.425,80.375,0.00019922662454162002,0.10500936633861936
kanpur_industrial,2024-11-04,2024,26.425,80.425,0.0002238013744421632,0.1004940005386537
kanpur_industrial,2024-11-04,2024,26.425,80.475,0.0003201716900140949,0.10097479131007472
kanpur_industrial,2024-11-04,2024,26.425,80.525,0.0003917516389055202,0.11267327805006348
kanpur_industrial,2024-11-04,2024,26.425,80.55,0.00032796376300537434,0.11083478371158509
kanpur_industrial,2024-11-04,2024,26.475,80.175,0.00017695820900697902,0.08785189399306799
kanpur_industrial,2024-11-04,2024,26.475,80.225,0.00016497440559669194,0.09731777035147285
kanpur_industrial,2024-11-04,2024,26.475,80.275,0.000254422163501124,0.10216547010290276
kanpur_industrial,2024-11-04,2024,26.475,80.325,0.0004133562239134493,0.11248014641454647
kanpur_industrial,2024-11-04,2024,26.475,80.375,0.00024013715233328064,0.10963683614209721
kanpur_industrial,2024-11-04,2024,26.475,80.425,0.0002113994841396931,0.10602338717472826
kanpur_industrial,2024-11-04,2024,26.475,80.475,0.0002821543425069955,0.1070347492948442
kanpur_industrial,2024-11-04,2024,26.475,80.525,0.0004130495155105847,0.12141297270868324
kanpur_industrial,2024-11-04,2024,26.475,80.55,0.00041455174172866165,0.12093659360259235
kanpur_industrial,2024-11-04,2024,26.525,80.175,0.0001859080840113546,0.08689288393104108
kanpur_industrial,2024-11-04,2024,26.525,80.225,0.00022429534367484708,0.09232246741000392
kanpur_industrial,2024-11-04,2024,26.525,80.275,0.0003045163921988951,0.09571384821717421
kanpur_industrial,2024-11-04,2024,26.525,80.325,0.00037992338881495305,0.10632834944880015
kanpur_industrial,2024-11-04,2024,26.525,80.375,0.00026087830667786575,0.10768214888044787
kanpur_industrial,2024-11-04,2024,26.525,80.425,0.0002231553799872661,0.10805602658341239
kanpur_industrial,2024-11-04,2024,26.525,80.475,0.0002639533599779022,0.11277707761591803
kanpur_industrial,2024-11-04,2024,26.525,80.525,0.00039017735475106816,0.13018446526679114
kanpur_industrial,2024-11-04,2024,26.525,80.55,0.0003881970159060801,0.13207202447388353
kanpur_industrial,2024-11-04,2024,26.575,80.175,0.0002275524005947352,0.09006968024645831
kanpur_industrial,2024-11-04,2024,26.575,80.225,0.0003422111636952142,0.0920734537590511
kanpur_industrial,2024-11-04,2024,26.575,80.275,0.00037168719279344245,0.0915656451641029
kanpur_industrial,2024-11-04,2024,26.575,80.325,0.00016775171095162738,0.09200470574022968
kanpur_industrial,2024-11-04,2024,26.575,80.375,0.00021147529601624104,0.09654844251285437
kanpur_industrial,2024-11-04,2024,26.575,80.425,0.00024249964112734327,0.10410073004356087
kanpur_industrial,2024-11-04,2024,26.575,80.475,0.0002855018019719933,0.11605564510882016
kanpur_industrial,2024-11-04,2024,26.575,80.525,0.00038200741743468097,0.1361475613204063
kanpur_industrial,2024-11-04,2024,26.575,80.55,0.00031094934564846117,0.13273754954941142
kanpur_industrial,2024-11-06,2024,26.325,80.175,0.00028091374906565834,0.1673741011574342
kanpur_industrial,2024-11-06,2024,26.325,80.225,0.0004188390024425893,0.16781979969470226
kanpur_industrial,2024-11-06,2024,26.325,80.275,0.0004200190773338203,0.16783639602821512
kanpur_industrial,2024-11-06,2024,26.325,80.325,0.0002005368257377601,0.23483965727476697
kanpur_industrial,2024-11-06,2024,26.325,80.375,0.00019961107802322878,0.23536538982237784
kanpur_industrial,2024-11-06,2024,26.325,80.425,0.00020674379716946416,0.2424572243744375
kanpur_industrial,2024-11-06,2024,26.325,80.475,0.00022470705192282158,0.24185319490522614
kanpur_industrial,2024-11-06,2024,26.325,80.525,0.0002623308689062982,0.21139155965383333
kanpur_industrial,2024-11-06,2024,26.325,80.55,0.00026465634631873296,0.2319230330006995
kanpur_industrial,2024-11-06,2024,26.375,80.175,0.000155718833010032,0.16303048759637565
kanpur_industrial,2024-11-06,2024,26.375,80.225,0.00022739904946186216,0.16106031118942188
kanpur_industrial,2024-11-06,2024,26.375,80.275,0.00023372019822076563,0.1619227739515979
kanpur_industrial,2024-11-06,2024,26.375,80.325,0.00022042249812001852,0.22841282407326124
kanpur_industrial,2024-11-06,2024,26.375,80.375,0.00023369579019587333,0.22879934273130142
kanpur_industrial,2024-11-06,2024,26.375,80.425,0.00024665794092734175,0.23677154056497615
kanpur_industrial,2024-11-06,2024,26.375,80.475,0.0002580354580260232,0.24742130255111433
kanpur_industrial,2024-11-06,2024,26.375,80.525,0.0002672032977704472,0.25440988476155285
kanpur_industrial,2024-11-06,2024,26.425,80.175,0.0002877172867046831,0.16447686600031144
kanpur_industrial,2024-11-06,2024,26.425,80.225,0.00031240413944532433,0.163751179376377
kanpur_industrial,2024-11-06,2024,26.425,80.275,0.0002802004222404932,0.16670373789430473
kanpur_industrial,2024-11-06,2024,26.425,80.325,0.00030028846118175826,0.22423115893761295
kanpur_industrial,2024-11-06,2024,26.425,80.375,0.00028864531018778634,0.2270594511713628
kanpur_industrial,2024-11-06,2024,26.425,80.425,0.0002731750102998376,0.23926409235734206
kanpur_industrial,2024-11-06,2024,26.425,80.475,0.0002696567947926827,0.2541596818244239
kanpur_industrial,2024-11-06,2024,26.425,80.525,0.0003006677313687892,0.2631488447720819
kanpur_industrial,2024-11-06,2024,26.425,80.55,0.0002882832559426312,0.2599147414610987
kanpur_industrial,2024-11-06,2024,26.475,80.175,0.00030194421171839386,0.16342221325508494
kanpur_industrial,2024-11-06,2024,26.475,80.225,0.0002879397088402773,0.1687835146888391
kanpur_industrial,2024-11-06,2024,26.475,80.275,0.00018618073775382267,0.1900589635072158
kanpur_industrial,2024-11-06,2024,26.475,80.325,0.00020604510519737988,0.22177667281140886
kanpur_industrial,2024-11-06,2024,26.475,80.375,0.0002366399832127411,0.22641141473267323
kanpur_industrial,2024-11-06,2024,26.475,80.425,0.0002358423755820339,0.2381508953221996
kanpur_industrial,2024-11-06,2024,26.475,80.475,0.00024074576079607222,0.24861208703731874
kanpur_industrial,2024-11-06,2024,26.475,80.525,0.0003018825046751925,0.24635394169215763
kanpur_industrial,2024-11-06,2024,26.475,80.55,0.00030236092213935435,0.2475732569314213
kanpur_industrial,2024-11-06,2024,26.525,80.175,0.0003092384202629978,0.16349451992654745
kanpur_industrial,2024-11-06,2024,26.525,80.225,0.00029011965635081726,0.1736032210219058
kanpur_industrial,2024-11-06,2024,26.525,80.275,0.00017525071052359764,0.2002762456345905
kanpur_industrial,2024-11-06,2024,26.525,80.325,0.0001399291233082355,0.21415261006541467
kanpur_industrial,2024-11-06,2024,26.525,80.375,0.00019258357007811497,0.22153720111927858
kanpur_industrial,2024-11-06,2024,26.525,80.425,0.0001967443923951717,0.2312523037538845
kanpur_industrial,2024-11-06,2024,26.525,80.475,0.00019892575069106435,0.23770115974664266
kanpur_industrial,2024-11-06,2024,26.525,80.525,0.00026738348319406543,0.23172124681630762
kanpur_industrial,2024-11-06,2024,26.525,80.55,0.00024417682718500336,0.23337563512687587
kanpur_industrial,2024-11-06,2024,26.575,80.175,0.0003756876476878027,0.16697608737938913
kanpur_industrial,2024-11-06,2024,26.575,80.225,0.0004037021569091892,0.17614320605551645
kanpur_industrial,2024-11-06,2024,26.575,80.275,0.000391510840792041,0.17600362137070819
kanpur_industrial,2024-11-06,2024,26.575,80.325,0.00023152406520317255,0.19757211830324584
kanpur_industrial,2024-11-06,2024,26.575,80.375,0.00023290519260990258,0.2086180922583104
kanpur_industrial,2024-11-06,2024,26.575,80.425,0.00019530359573754816,0.21723905459976617
kanpur_industrial,2024-11-06,2024,26.575,80.475,0.0001611624514461059,0.22556254936605047
kanpur_industrial,2024-11-06,2024,26.575,80.525,0.00019046298757774288,0.23700409049817542
kanpur_industrial,2024-11-06,2024,26.575,80.55,9.171355907130407e-05,0.23621379241641793
kanpur_industrial,2024-11-07,2024,26.325,80.175,0.0001567242377831716,0.26078881073557864
kanpur_industrial,2024-11-07,2024,26.325,80.225,0.00010439066710248565,0.26337667588512875
kanpur_industrial,2024-11-07,2024,26.325,80.275,8.967424352811806e-05,0.2657812938282462
kanpur_industrial,2024-11-07,2024,26.325,80.325,0.000158210550409561,0.24674502387041033
kanpur_industrial,2024-11-07,2024,26.325,80.375,0.00030742153579900325,0.22924660000817357
kanpur_industrial,2024-11-07,2024,26.325,80.425,0.00025673679085649225,0.22886685664163178
kanpur_industrial,2024-11-07,2024,26.325,80.475,0.00016649013560688167,0.23612317043013842
kanpur_industrial,2024-11-07,2024,26.325,80.525,0.0002506445700037003,0.2396761615676288
kanpur_industrial,2024-11-07,2024,26.325,80.55,0.0002094821294160854,0.24060034994064816
kanpur_industrial,2024-11-07,2024,26.375,80.175,0.00015580392189560994,0.2608280705162171
kanpur_industrial,2024-11-07,2024,26.375,80.225,0.00010294644665233032,0.2636126570248881
kanpur_industrial,2024-11-07,2024,26.375,80.275,8.967424352811806e-05,0.2657812938282462
kanpur_industrial,2024-11-07,2024,26.375,80.325,0.00014208702957883273,0.2616851931336751
kanpur_industrial,2024-11-07,2024,26.375,80.375,0.0001286615336416573,0.26523012116256356
kanpur_industrial,2024-11-07,2024,26.375,80.425,0.00013373458772794643,0.25615485364409185
kanpur_industrial,2024-11-07,2024,26.375,80.475,0.00014901078417307563,0.24413458839486474
kanpur_industrial,2024-11-07,2024,26.375,80.525,0.00016439945639155483,0.2416125562539551
kanpur_industrial,2024-11-07,2024,26.425,80.175,0.00011150468871288607,0.2695767198526663
kanpur_industrial,2024-11-07,2024,26.425,80.225,5.360583862091649e-05,0.2782093506283302
kanpur_industrial,2024-11-07,2024,26.425,80.275,0.00012860374676417326,0.289317317117468
kanpur_industrial,2024-11-07,2024,26.425,80.325,0.00027321768112368005,0.26358447908738236
kanpur_industrial,2024-11-07,2024,26.425,80.375,0.00024077476065531925,0.24747588699094633
kanpur_industrial,2024-11-07,2024,26.425,80.425,0.00019840116440962918,0.22380943276029863
kanpur_industrial,2024-11-07,2024,26.425,80.475,0.00016181361841988902,0.21732912358781578
kanpur_industrial,2024-11-07,2024,26.425,80.525,0.0001491600286914455,0.26394365176520274
kanpur_industrial,2024-11-07,2024,26.425,80.55,0.00015479981689542295,0.25567938807206386
kanpur_industrial,2024-11-07,2024,26.475,80.175,0.00013580952691141115,0.2663414505673094
kanpur_industrial,2024-11-07,2024,26.475,80.225,0.00012753263908019043,0.2619394175658924
kanpur_industrial,2024-11-07,2024,26.475,80.275,0.00018012115932403925,0.2483458203580086
kanpur_industrial,2024-11-07,2024,26.475,80.325,0.0002269194687921989,0.22220322435178125
kanpur_industrial,2024-11-07,2024,26.475,80.375,0.00021027368410929048,0.21885640914332827
kanpur_industrial,2024-11-07,2024,26.475,80.425,0.0002168920664245475,0.21554941144804635
kanpur_industrial,2024-11-07,2024,26.475,80.475,0.00020426883473025547,0.22505784490045297
kanpur_industrial,2024-11-07,2024,26.475,80.525,0.0001036304587595414,0.26747560746266624
kanpur_industrial,2024-11-07,2024,26.475,80.55,0.00010628898727719982,0.2676208210481463
kanpur_industrial,2024-11-07,2024,26.525,80.175,0.00019027934881791334,0.26165125615229584
kanpur_industrial,2024-11-07,2024,26.525,80.225,0.00018941714419379608,0.2485019202339494
kanpur_industrial,2024-11-07,2024,26.525,80.275,0.00022609294554240707,0.21174493000921643
kanpur_industrial,2024-11-07,2024,26.525,80.325,0.00016217661698009133,0.18866513213424416
kanpur_industrial,2024-11-07,2024,26.525,80.375,0.00017834128930400365,0.205265104077981
kanpur_industrial,2024-11-07,2024,26.525,80.425,0.00022400132486925206,0.22731135489635512
kanpur_industrial,2024-11-07,2024,26.525,80.475,0.00022356090404879593,0.2507924397837547
kanpur_industrial,2024-11-07,2024,26.525,80.525,6.003175077938186e-05,0.27313037633697557
kanpur_industrial,2024-11-07,2024,26.525,80.55,5.3937871399517684e-05,0.27946391783188984
kanpur_industrial,2024-11-07,2024,26.575,80.175,0.00017943737112133753,0.26855880418733274
kanpur_industrial,2024-11-07,2024,26.575,80.225,0.00015267686007251974,0.2596783241991105
kanpur_industrial,2024-11-07,2024,26.575,80.275,0.00025298817764688304,0.2240266260242122
kanpur_industrial,2024-11-07,2024,26.575,80.325,0.00017906885920868977,0.19613583916198452
kanpur_industrial,2024-11-07,2024,26.575,80.375,0.00023468939116514027,0.22563283742319024
kanpur_industrial,2024-11-07,2024,26.575,80.425,0.0002389237010777005,0.2575351017818695
kanpur_industrial,2024-11-07,2024,26.575,80.475,0.00018314811401256447,0.2836071827275198
kanpur_industrial,2024-11-07,2024,26.575,80.525,4.279629958286512e-05,0.2934281138173957
kanpur_industrial,2024-11-07,2024,26.575,80.55,0.00013243210320145875,0.29326042784709627
kanpur_industrial,2024-11-08,2024,26.325,80.175,0.00029152695294118886,0.2594030837077504
kanpur_industrial,2024-11-08,2024,26.325,80.225,0.00029670784815021586,0.2540869689904997
kanpur_industrial,2024-11-08,2024,26.325,80.275,0.0003007300129951656,0.24089970438727407
kanpur_industrial,2024-11-08,2024,26.325,80.325,0.00017459425989754736,0.21545630024994808
kanpur_industrial,2024-11-08,2024,26.325,80.375,0.00012923041870162178,0.21356005033983622
kanpur_industrial,2024-11-08,2024,26.325,80.425,0.0001387657495532587,0.2006464987004421
kanpur_industrial,2024-11-08,2024,26.325,80.475,0.00016925518169578544,0.20215038121423062
kanpur_industrial,2024-11-08,2024,26.325,80.525,0.0001805470050388452,0.25821695336152506
kanpur_industrial,2024-11-08,2024,26.325,80.55,0.00014255136125447204,0.25750244006483636
kanpur_industrial,2024-11-08,2024,26.375,80.175,0.00023676204820498157,0.2856234952318205
kanpur_industrial,2024-11-08,2024,26.375,80.225,0.0002682437321529751,0.2918552369653987
kanpur_industrial,2024-11-08,2024,26.375,80.275,0.00024037232933274172,0.2992164188228116
kanpur_industrial,2024-11-08,2024,26.375,80.325,0.00024037232933274172,0.2992164188228116
kanpur_industrial,2024-11-08,2024,26.375,80.375,0.00021659243349329184,0.28876386948345834
kanpur_industrial,2024-11-08,2024,26.375,80.425,0.00022193857390926893,0.2650642423946319
kanpur_industrial,2024-11-08,2024,26.375,80.475,0.00020019819614215987,0.24301657638933513
kanpur_industrial,2024-11-08,2024,26.375,80.525,0.00010093708472873001,0.25671987788274875
kanpur_industrial,2024-11-08,2024,26.425,80.175,0.00019743491390309726,0.273126646588257
kanpur_industrial,2024-11-08,2024,26.425,80.225,0.000268467094259223,0.29179624427332834
kanpur_industrial,2024-11-08,2024,26.425,80.275,0.00024037232933274172,0.2992164188228116
kanpur_industrial,2024-11-08,2024,26.425,80.325,0.00024238705388085922,0.23763073153193404
kanpur_industrial,2024-11-08,2024,26.425,80.375,0.00026166225801188043,0.23269895117907832
kanpur_industrial,2024-11-08,2024,26.425,80.425,0.00023030109203472582,0.2565442627234287
kanpur_industrial,2024-11-08,2024,26.425,80.475,0.00018388627161062485,0.2725526378363883
kanpur_industrial,2024-11-08,2024,26.425,80.525,0.00016231293140062724,0.23073340473867893
kanpur_industrial,2024-11-08,2024,26.425,80.55,0.00013959903538819283,0.24035044598097247
kanpur_industrial,2024-11-08,2024,26.475,80.175,0.00026273469386901637,0.2649999448516538
kanpur_industrial,2024-11-08,2024,26.475,80.225,0.00033521944234778567,0.24971963358850438
kanpur_industrial,2024-11-08,2024,26.475,80.275,0.00033019982587007576,0.2072342929108211
kanpur_industrial,2024-11-08,2024,26.475,80.325,0.0001765752902836958,0.1967212786561306
kanpur_industrial,2024-11-08,2024,26.475,80.375,0.00022902547212100933,0.21119980913274514
kanpur_industrial,2024-11-08,2024,26.475,80.425,0.00021912061113774344,0.24963320141581494
kanpur_industrial,2024-11-08,2024,26.475,80.475,0.00021596741441703976,0.2713943956775536
kanpur_industrial,2024-11-08,2024,26.475,80.525,0.0003187264381228527,0.21618364097417858
kanpur_industrial,2024-11-08,2024,26.475,80.55,0.00030974318246688076,0.21668231018438316
kanpur_industrial,2024-11-08,2024,26.525,80.175,0.0003428957560284443,0.23432326323717012
kanpur_industrial,2024-11-08,2024,26.525,80.225,0.00034664986429253086,0.22281709101900743
kanpur_industrial,2024-11-08,2024,26.525,80.275,0.0003577584348350626,0.1884947530924451
kanpur_industrial,2024-11-08,2024,26.525,80.325,0.00014189045518584392,0.18489659328430613
kanpur_industrial,2024-11-08,2024,26.525,80.375,0.00019009357076800156,0.21710671592936678
kanpur_industrial,2024-11-08,2024,26.525,80.425,0.00019980371964720115,0.2454034151998791
kanpur_industrial,2024-11-08,2024,26.525,80.475,0.00023145066459972626,0.25294329193329873
kanpur_industrial,2024-11-08,2024,26.525,80.525,0.00037688769806826455,0.21375067499139838
kanpur_industrial,2024-11-08,2024,26.525,80.55,0.0003235166673898279,0.21737335698268773
kanpur_industrial,2024-11-08,2024,26.575,80.175,0.00035797624027874485,0.15671688671082748
kanpur_industrial,2024-11-08,2024,26.575,80.225,0.00037599182994371667,0.15150058066125513
kanpur_industrial,2024-11-08,2024,26.575,80.275,0.0004303639312634643,0.13901883885405383
kanpur_industrial,2024-11-08,2024,26.575,80.325,0.00020372001758118524,0.24613860484857678
kanpur_industrial,2024-11-08,2024,26.575,80.375,0.0001860409660366931,0.2593758795671366
kanpur_industrial,2024-11-08,2024,26.575,80.425,0.00017898795517017543,0.24624866429177042
kanpur_industrial,2024-11-08,2024,26.575,80.475,0.00018370085306850312,0.22655284464294326
kanpur_industrial,2024-11-08,2024,26.575,80.525,0.00020589748647537373,0.22508082248719177
kanpur_industrial,2024-11-08,2024,26.575,80.55,0.00020938917916649976,0.21407170013126411
kanpur_industrial,2024-11-09,2024,26.325,80.175,0.00024225924867625357,0.11333427010117214
kanpur_industrial,2024-11-09,2024,26.325,80.225,0.0002485215751806213,0.1284692506742963
kanpur_industrial,2024-11-09,2024,26.325,80.275,0.00020603637467008878,0.1440447701665482
kanpur_industrial,2024-11-09,2024,26.325,80.325,0.0002125790067728224,0.13597449556531918
kanpur_industrial,2024-11-09,2024,26.325,80.375,0.00014423820760797978,0.12664493787118478
kanpur_industrial,2024-11-09,2024,26.325,80.425,0.00019019799402338294,0.13932584146409885
kanpur_industrial,2024-11-09,2024,26.325,80.475,0.00023825170507565718,0.1574946937393908
kanpur_industrial,2024-11-09,2024,26.325,80.525,0.00013358581323029,0.1613845819042964
kanpur_industrial,2024-11-09,2024,26.325,80.55,0.00017238396053058976,0.1741364015425048
kanpur_industrial,2024-11-09,2024,26.375,80.175,0.00019034162118985342,0.13915299712291804
kanpur_industrial,2024-11-09,2024,26.375,80.225,0.00016032229223745587,0.13961127928994185
kanpur_industrial,2024-11-09,2024,26.375,80.275,0.00017865556887487673,0.13510850367105254
kanpur_industrial,2024-11-09,2024,26.375,80.325,0.0002215417051361538,0.16247708054400017
kanpur_industrial,2024-11-09,2024,26.375,80.375,0.00022461988085805662,0.1688747132985719
kanpur_industrial,2024-11-09,2024,26.375,80.425,0.00022018616299542435,0.15355910022033534
kanpur_industrial,2024-11-09,2024,26.375,80.475,0.00021437245211237895,0.14605561729520625
kanpur_industrial,2024-11-09,2024,26.375,80.525,0.00021487716947853712,0.18810268019387588
kanpur_industrial,2024-11-09,2024,26.425,80.175,0.0002896849175462498,0.1323701934355601
kanpur_industrial,2024-11-09,2024,26.425,80.225,0.0002723515802225031,0.13689799496051452
kanpur_industrial,2024-11-09,2024,26.425,80.275,0.00025010454859771594,0.132289868761191
kanpur_industrial,2024-11-09,2024,26.425,80.325,0.0002855142170969766,0.11843527909276208
kanpur_industrial,2024-11-09,2024,26.425,80.375,0.00029020776676104887,0.12374624093807185
kanpur_industrial,2024-11-09,2024,26.425,80.425,0.00022226529263648378,0.13609979641774364
kanpur_industrial,2024-11-09,2024,26.425,80.475,0.00016846411343533361,0.15845028114892046
kanpur_industrial,2024-11-09,2024,26.425,80.525,0.0002487093609546474,0.1973888748108596
kanpur_industrial,2024-11-09,2024,26.425,80.55,0.00023618878615640183,0.1939522516061491
kanpur_industrial,2024-11-09,2024,26.475,80.175,0.00025934757826609174,0.12843090822530048
kanpur_industrial,2024-11-09,2024,26.475,80.225,0.00025997085563304813,0.12755308143613886
kanpur_industrial,2024-11-09,2024,26.475,80.275,0.00024523429081137416,0.1274631698205886
kanpur_industrial,2024-11-09,2024,26.475,80.325,0.00027516637906864255,0.10216503242034311
kanpur_industrial,2024-11-09,2024,26.475,80.375,0.00027390947184827407,0.11080244328013492
kanpur_industrial,2024-11-09,2024,26.475,80.425,0.00024495030522009704,0.13598509173441592
kanpur_industrial,2024-11-09,2024,26.475,80.475,0.00020989550696850543,0.17597327292156736
kanpur_industrial,2024-11-09,2024,26.475,80.525,0.00019383980928253564,0.2350100093698153
kanpur_industrial,2024-11-09,2024,26.475,80.55,0.0001979111263120068,0.232758323033389
kanpur_industrial,2024-11-09,2024,26.525,80.175,0.00019176980780326544,0.13204806414439776
kanpur_industrial,2024-11-09,2024,26.525,80.225,0.00021169279944357843,0.12112831191939076
kanpur_industrial,2024-11-09,2024,26.525,80.275,0.0002137684011636502,0.12044482764622662
kanpur_industrial,2024-11-09,2024,26.525,80.325,0.00023301948595535752,0.11346848621232994
kanpur_industrial,2024-11-09,2024,26.525,80.375,0.00024200416692042525,0.12062518243134246
kanpur_industrial,2024-11-09,2024,26.525,80.425,0.0002622451346477963,0.1502888727734968
kanpur_industrial,2024-11-09,2024,26.525,80.475,0.0002521176130710161,0.19877887781241368
kanpur_industrial,2024-11-09,2024,26.525,80.525,0.00014416495532198443,0.26907555992512183
kanpur_industrial,2024-11-09,2024,26.525,80.55,0.00014901207695668136,0.2718634439251665
kanpur_industrial,2024-11-09,2024,26.575,80.175,0.00014332455177835295,0.147719574877423
kanpur_industrial,2024-11-09,2024,26.575,80.225,0.00017975975230721282,0.12459181863917651
kanpur_industrial,2024-11-09,2024,26.575,80.275,0.0001843663137468435,0.11159965827877787
kanpur_industrial,2024-11-09,2024,26.575,80.325,0.0001857869691471925,0.15328920369211527
kanpur_industrial,2024-11-09,2024,26.575,80.375,0.00023456881121518,0.15064934903473784
kanpur_industrial,2024-11-09,2024,26.575,80.425,0.00025559106661021805,0.17882690842957968
kanpur_industrial,2024-11-09,2024,26.575,80.475,0.00023786980896033146,0.22553807263800374
kanpur_industrial,2024-11-09,2024,26.575,80.525,0.00016071973500573532,0.2775650138258461
kanpur_industrial,2024-11-09,2024,26.575,80.55,0.00020039953940840185,0.2601300257567319
kanpur_industrial,2024-11-10,2024,26.325,80.175,0.00023341811181341212,0.17788507604204556
kanpur_industrial,2024-11-10,2024,26.325,80.225,0.00029363262503151005,0.1820978558991443
kanpur_industrial,2024-11-10,2024,26.325,80.275,0.0003026365245054314,0.18826305092869872
kanpur_industrial,2024-11-10,2024,26.325,80.325,0.00023133891258105075,0.20151441683319293
kanpur_industrial,2024-11-10,2024,26.325,80.375,0.000217996951096443,0.20144841274849415
kanpur_industrial,2024-11-10,2024,26.325,80.425,0.0002762721180310595,0.2060331055108619
kanpur_industrial,2024-11-10,2024,26.325,80.475,0.00034423755195303916,0.21329882927170452
kanpur_industrial,2024-11-10,2024,26.325,80.525,0.0003395805937184786,0.22135581365295356
kanpur_industrial,2024-11-10,2024,26.325,80.55,0.0003037567316613455,0.22949399840188278
kanpur_industrial,2024-11-10,2024,26.375,80.175,0.00023711344939475855,0.1968969143316458
kanpur_industrial,2024-11-10,2024,26.375,80.225,0.00026936928591253333,0.1984215351551602
kanpur_industrial,2024-11-10,2024,26.375,80.275,0.00026613194273480127,0.19930150329319474
kanpur_industrial,2024-11-10,2024,26.375,80.325,0.00033371821905337477,0.20715888047793907
kanpur_industrial,2024-11-10,2024,26.375,80.375,0.00021693470867160562,0.21303930411994548
kanpur_industrial,2024-11-10,2024,26.375,80.425,0.0002032871043478737,0.21925512678110576
kanpur_industrial,2024-11-10,2024,26.375,80.475,0.00024141154149963994,0.22691121651868604
kanpur_industrial,2024-11-10,2024,26.375,80.525,0.00026452107321781884,0.23840724836499572
kanpur_industrial,2024-11-10,2024,26.425,80.175,0.00020941565344821005,0.2071004664415508
kanpur_industrial,2024-11-10,2024,26.425,80.225,0.0002611473808977014,0.21106988975931032
kanpur_industrial,2024-11-10,2024,26.425,80.275,0.0003328450984163519,0.21319257274020914
kanpur_industrial,2024-11-10,2024,26.425,80.325,0.00039501432740528193,0.21718856954498236
kanpur_industrial,2024-11-10,2024,26.425,80.375,0.00029694069298998694,0.21729953030126267
kanpur_industrial,2024-11-10,2024,26.425,80.425,0.0003089871054597371,0.22195119744873773
kanpur_industrial,2024-11-10,2024,26.425,80.475,0.0003258952531981928,0.22967484150896503
kanpur_industrial,2024-11-10,2024,26.425,80.525,0.0001977113846207923,0.23926262005235144
kanpur_industrial,2024-11-10,2024,26.425,80.55,0.00022243623000709346,0.23894606517592845
kanpur_industrial,2024-11-10,2024,26.475,80.175,0.00019426332183755812,0.21074709502174596
kanpur_industrial,2024-11-10,2024,26.475,80.225,0.0002606634200044526,0.21529926659992693
kanpur_industrial,2024-11-10,2024,26.475,80.275,0.00029867083505111545,0.21978776627388746
kanpur_industrial,2024-11-10,2024,26.475,80.325,0.00036083008611865986,0.22338797877986874
kanpur_industrial,2024-11-10,2024,26.475,80.375,0.00031349549618289003,0.22166623051085044
kanpur_industrial,2024-11-10,2024,26.475,80.425,0.00033322402289136233,0.22544608731605506
kanpur_industrial,2024-11-10,2024,26.475,80.475,0.00032962144651716525,0.23296878844061691
kanpur_industrial,2024-11-10,2024,26.475,80.525,0.0001668859466792641,0.24328147555859445
kanpur_industrial,2024-11-10,2024,26.475,80.55,0.0001677471085472184,0.243038670155751
kanpur_industrial,2024-11-10,2024,26.525,80.175,0.00021636441340571345,0.21414087704881682
kanpur_industrial,2024-11-10,2024,26.525,80.225,0.00028037784478457444,0.21786379973678371
kanpur_industrial,2024-11-10,2024,26.525,80.275,0.0002869724960691264,0.22247643769084366
kanpur_industrial,2024-11-10,2024,26.525,80.325,0.00031003277311811083,0.22722645589266
kanpur_industrial,2024-11-10,2024,26.525,80.375,0.0003004492897526402,0.22706739380644833
kanpur_industrial,2024-11-10,2024,26.525,80.425,0.00030546252300363736,0.23148950281268196
kanpur_industrial,2024-11-10,2024,26.525,80.475,0.0002896777303314031,0.23884539345152617
kanpur_industrial,2024-11-10,2024,26.525,80.525,0.00019552914190672425,0.248150520654754
kanpur_industrial,2024-11-10,2024,26.525,80.55,0.00022903142312754072,0.24944300417859785
kanpur_industrial,2024-11-10,2024,26.575,80.175,0.0002935786348907916,0.22098031210659466
kanpur_industrial,2024-11-10,2024,26.575,80.225,0.0003277075443113102,0.22253221173764717
kanpur_industrial,2024-11-10,2024,26.575,80.275,0.00037405350668651756,0.22273461086932048
kanpur_industrial,2024-11-10,2024,26.575,80.325,0.00029208352131998675,0.22908104355639392
kanpur_industrial,2024-11-10,2024,26.575,80.375,0.00027427894957929815,0.23389539205218624
kanpur_industrial,2024-11-10,2024,26.575,80.425,0.00024225588777522327,0.2411114401515973
kanpur_industrial,2024-11-10,2024,26.575,80.475,0.00023306368427053584,0.24829988134047037
kanpur_industrial,2024-11-10,2024,26.575,80.525,0.00030243710854135556,0.2523209285475004
kanpur_industrial,2024-11-10,2024,26.575,80.55,0.0002836037193307266,0.25338869063037484
kanpur_industrial,2024-11-11,2024,26.325,80.175,0.00012598473204902051,0.19928647097617838
kanpur_industrial,2024-11-11,2024,26.325,80.225,0.00015764285772635678,0.20472080858096156
kanpur_industrial,2024-11-11,2024,26.325,80.275,0.0002527602682684881,0.21029307522211677
kanpur_industrial,2024-11-11,2024,26.325,80.325,0.0002689450733748575,0.2197473416872299
kanpur_industrial,2024-11-11,2024,26.325,80.375,0.00027703303172560114,0.221413331255399
kanpur_industrial,2024-11-11,2024,26.325,80.425,0.00020020780543215035,0.22567574151300435
kanpur_industrial,2024-11-11,2024,26.325,80.475,0.00010883144410199192,0.2313799096821294
kanpur_industrial,2024-11-11,2024,26.325,80.525,9.529063286737804e-05,0.23740135084390268
kanpur_industrial,2024-11-11,2024,26.325,80.55,0.00019121178897838837,0.240063992672304
kanpur_industrial,2024-11-11,2024,26.375,80.175,0.00012575236363755358,0.20282871665423466
kanpur_industrial,2024-11-11,2024,26.375,80.225,0.0002008034439432949,0.20918275298987207
kanpur_industrial,2024-11-11,2024,26.375,80.275,0.00018395107999533714,0.21458182534892803
kanpur_industrial,2024-11-11,2024,26.375,80.325,0.00026011032571099325,0.22464246496142343
kanpur_industrial,2024-11-11,2024,26.375,80.375,0.00021698640099288336,0.22662929744148377
kanpur_industrial,2024-11-11,2024,26.375,80.425,0.00019667750642604715,0.2311331504030778
kanpur_industrial,2024-11-11,2024,26.375,80.475,0.00021455340778017175,0.23695521787706134
kanpur_industrial,2024-11-11,2024,26.375,80.525,0.0002962682932904473,0.2429802194367435
kanpur_industrial,2024-11-11,2024,26.425,80.175,0.00018923859280173708,0.20560220249955116
kanpur_industrial,2024-11-11,2024,26.425,80.225,0.00018127639530268256,0.21232258296522635
kanpur_industrial,2024-11-11,2024,26.425,80.275,0.0001541779777095562,0.21599905731643906
kanpur_industrial,2024-11-11,2024,26.425,80.325,0.00021671835370922694,0.22568783230247455
kanpur_industrial,2024-11-11,2024,26.425,80.375,0.00021571499469495855,0.22894766367016328
kanpur_industrial,2024-11-11,2024,26.425,80.425,0.00017588640432881,0.23455270887160415
kanpur_industrial,2024-11-11,2024,26.425,80.475,0.00013711114965390278,0.24138585208023183
kanpur_industrial,2024-11-11,2024,26.425,80.525,0.00015358224274286133,0.2484346716475312
kanpur_industrial,2024-11-11,2024,26.425,80.55,0.00020638731656755848,0.24641609484511368
kanpur_industrial,2024-11-11,2024,26.475,80.175,0.00021671020176165147,0.20616611287739994
kanpur_industrial,2024-11-11,2024,26.475,80.225,0.00022747699693606116,0.21264359597706015
kanpur_industrial,2024-11-11,2024,26.475,80.275,0.00020628509142512358,0.21681042732505415
kanpur_industrial,2024-11-11,2024,26.475,80.325,0.00018009768820768417,0.22675907451269248
kanpur_industrial,2024-11-11,2024,26.475,80.375,0.00020541523857972016,0.22996689167707243
kanpur_industrial,2024-11-11,2024,26.475,80.425,0.00014856456344953113,0.23597845769266332
kanpur_industrial,2024-11-11,2024,26.475,80.475,8.339585673184464e-05,0.2433905241463101
kanpur_industrial,2024-11-11,2024,26.475,80.525,0.00010705935706798729,0.25121251735585076
kanpur_industrial,2024-11-11,2024,26.475,80.55,0.00010766352457114721,0.25112550562255986
kanpur_industrial,2024-11-11,2024,26.525,80.175,0.0002090410008433898,0.20766090679702598
kanpur_industrial,2024-11-11,2024,26.525,80.225,0.0002582538119082946,0.2134930623539645
kanpur_industrial,2024-11-11,2024,26.525,80.275,0.0002607441099498707,0.21795068293922082
kanpur_industrial,2024-11-11,2024,26.525,80.325,0.00022165214603105191,0.2280749913383953
kanpur_industrial,2024-11-11,2024,26.525,80.375,0.00017507194834199494,0.23149533490503893
kanpur_industrial,2024-11-11,2024,26.525,80.425,0.00011037038180559834,0.23790171706857058
kanpur_industrial,2024-11-11,2024,26.525,80.475,6.707248631602163e-05,0.24320099562632314
kanpur_industrial,2024-11-11,2024,26.525,80.525,0.00010696078876533562,0.24144780140670952
kanpur_industrial,2024-11-11,2024,26.525,80.55,0.00011371335468741393,0.2323632503873957
kanpur_industrial,2024-11-11,2024,26.575,80.175,0.000160189379929787,0.2120847114511577
kanpur_industrial,2024-11-11,2024,26.575,80.225,0.00022031107858926883,0.21695888969297208
kanpur_industrial,2024-11-11,2024,26.575,80.275,0.0002652323017103903,0.22000042965690692
kanpur_industrial,2024-11-11,2024,26.575,80.325,0.00038738628193126266,0.22981029730174768
kanpur_industrial,2024-11-11,2024,26.575,80.375,0.0001202690582526053,0.23475520683098144
kanpur_industrial,2024-11-11,2024,26.575,80.425,5.8373451678406555e-05,0.24190524745192332
kanpur_industrial,2024-11-11,2024,26.575,80.475,0.00010335691090620625,0.24035075896210534
kanpur_industrial,2024-11-11,2024,26.575,80.525,0.0001300466452431983,0.2123776919355665
kanpur_industrial,2024-11-11,2024,26.575,80.55,0.00018623180671701095,0.21433674587959306
kanpur_industrial,2024-11-12,2024,26.325,80.175,0.00017463873922447996,0.080400303384317
kanpur_industrial,2024-11-12,2024,26.325,80.225,0.00020319181667577694,0.08450080223809536
kanpur_industrial,2024-11-12,2024,26.325,80.275,0.0001952004284539829,0.09098819739681087
kanpur_industrial,2024-11-12,2024,26.325,80.325,0.0002728321780234735,0.10138019589315618
kanpur_industrial,2024-11-12,2024,26.325,80.375,0.00026550884351151733,0.10199413458847977
kanpur_industrial,2024-11-12,2024,26.325,80.425,0.00017514675943322818,0.10792786930174922
kanpur_industrial,2024-11-12,2024,26.325,80.475,8.264785856021341e-05,0.11521331015042292
kanpur_industrial,2024-11-12,2024,26.325,80.525,9.646554513685838e-05,0.1188229086031353
kanpur_industrial,2024-11-12,2024,26.325,80.55,0.00014768434095015196,0.12028864689422608
kanpur_industrial,2024-11-12,2024,26.375,80.175,0.0001374192096482547,0.07906814379647444
kanpur_industrial,2024-11-12,2024,26.375,80.225,1.736734702889728e-05,0.08089240922392195
kanpur_industrial,2024-11-12,2024,26.375,80.275,-6.593473132006955e-05,0.08474580749457811
kanpur_industrial,2024-11-12,2024,26.375,80.325,0.00038948406429171605,0.09820307019394167
kanpur_industrial,2024-11-12,2024,26.375,80.375,0.00032577760476450385,0.10119284947404077
kanpur_industrial,2024-11-12,2024,26.375,80.425,0.00025611447709859327,0.10725256494442194
kanpur_industrial,2024-11-12,2024,26.375,80.475,0.0002059679424380233,0.11470499782700513
kanpur_industrial,2024-11-12,2024,26.375,80.525,0.00020378111731709256,0.12189397930827787
kanpur_industrial,2024-11-12,2024,26.425,80.175,0.00011719285830448048,0.08065769686143318
kanpur_industrial,2024-11-12,2024,26.425,80.225,4.247978595882837e-05,0.08184000015194305
kanpur_industrial,2024-11-12,2024,26.425,80.275,1.3337815148431213e-05,0.08292670624080799
kanpur_industrial,2024-11-12,2024,26.425,80.325,0.0003081710395372617,0.09100120478594828
kanpur_industrial,2024-11-12,2024,26.425,80.375,0.00026605363598655084,0.09583288693415451
kanpur_industrial,2024-11-12,2024,26.425,80.425,0.00022695604123924731,0.10313388425717124
kanpur_industrial,2024-11-12,2024,26.425,80.475,0.00017972631426853628,0.11220992048289445
kanpur_industrial,2024-11-12,2024,26.425,80.525,0.00010121799146059651,0.12299810435728784
kanpur_industrial,2024-11-12,2024,26.425,80.55,0.00013917442386418165,0.12258949115017391
kanpur_industrial,2024-11-12,2024,26.475,80.175,0.00011365978469819252,0.08095757320700059
kanpur_industrial,2024-11-12,2024,26.475,80.225,1.9751958142280476e-05,0.08135159509598387
kanpur_industrial,2024-11-12,2024,26.475,80.275,3.0816107850510955e-06,0.08162913204275703
kanpur_industrial,2024-11-12,2024,26.475,80.325,0.00024330363975812248,0.08649319083650468
kanpur_industrial,2024-11-12,2024,26.475,80.375,0.0002185611755038211,0.09302933905975617
kanpur_industrial,2024-11-12,2024,26.475,80.425,0.0001799982605436157,0.10181501851164888
kanpur_industrial,2024-11-12,2024,26.475,80.475,0.000108777872066385,0.11235045325514312
kanpur_industrial,2024-11-12,2024,26.475,80.525,-3.780118370648048e-05,0.1252086886750671
kanpur_industrial,2024-11-12,2024,26.475,80.55,-3.0614799664066154e-05,0.12508566226510795
kanpur_industrial,2024-11-12,2024,26.525,80.175,0.00014596692735278734,0.07967936526415681
kanpur_industrial,2024-11-12,2024,26.525,80.225,9.331918976919624e-05,0.07961334312306366
kanpur_industrial,2024-11-12,2024,26.525,80.275,5.223132173111783e-05,0.0799401774700058
kanpur_industrial,2024-11-12,2024,26.525,80.325,0.00019559119198834181,0.08329607654270635
kanpur_industrial,2024-11-12,2024,26.525,80.375,0.00022739026290342202,0.08973527678049605
kanpur_industrial,2024-11-12,2024,26.525,80.425,0.00017153914286620366,0.09997516709398618
kanpur_industrial,2024-11-12,2024,26.525,80.475,6.355433929637707e-05,0.11280683035251325
kanpur_industrial,2024-11-12,2024,26.525,80.525,-5.681437893300676e-05,0.1275139843652008
kanpur_industrial,2024-11-12,2024,26.525,80.55,8.705568895026538e-06,0.12803465921037127
kanpur_industrial,2024-11-12,2024,26.575,80.175,0.0002286749666714386,0.07655372568387676
kanpur_industrial,2024-11-12,2024,26.575,80.225,0.00035515613840775935,0.07674450631343088
kanpur_industrial,2024-11-12,2024,26.575,80.275,0.0002538091302285943,0.07741470142706522
kanpur_industrial,2024-11-12,2024,26.575,80.325,0.00017374639596601138,0.08100757931653314
kanpur_industrial,2024-11-12,2024,26.575,80.375,0.000324318746777953,0.08433319815804295
kanpur_industrial,2024-11-12,2024,26.575,80.425,0.00023950200726887707,0.0957749056016407
kanpur_industrial,2024-11-12,2024,26.575,80.475,0.00010007903498634795,0.11179100272876025
kanpur_industrial,2024-11-12,2024,26.575,80.525,0.0001530403947803149,0.12918586485720768
kanpur_industrial,2024-11-12,2024,26.575,80.55,0.00014648555756380604,0.129297715867039
kanpur_industrial,2024-11-13,2024,26.325,80.175,0.00020056555590148241,0
kanpur_industrial,2024-11-13,2024,26.325,80.225,0.00026950825627565614,0
kanpur_industrial,2024-11-13,2024,26.325,80.275,0.00036246149213785164,0
kanpur_industrial,2024-11-13,2024,26.325,80.325,0.0003151187875314311,0
kanpur_industrial,2024-11-13,2024,26.325,80.375,0.0003650209648657141,0
kanpur_industrial,2024-11-13,2024,26.325,80.425,0.0003479630327104438,0
kanpur_industrial,2024-11-13,2024,26.325,80.475,0.0002776365709733821,0
kanpur_industrial,2024-11-13,2024,26.325,80.525,0.0001585152984975438,0
kanpur_industrial,2024-11-13,2024,26.325,80.55,0.0002628459931468285,0
kanpur_industrial,2024-11-13,2024,26.375,80.175,0.00022160784059282912,0
kanpur_industrial,2024-11-13,2024,26.375,80.225,0.00017680173278270624,0
kanpur_industrial,2024-11-13,2024,26.375,80.275,0.00020613115675066615,0
kanpur_industrial,2024-11-13,2024,26.375,80.325,0.0003301802167122558,0
kanpur_industrial,2024-11-13,2024,26.375,80.375,0.0001419917652508401,0
kanpur_industrial,2024-11-13,2024,26.375,80.425,0.00015345672109413872,0
kanpur_industrial,2024-11-13,2024,26.375,80.475,0.0002706551892754244,0
kanpur_industrial,2024-11-13,2024,26.375,80.525,0.0003771129444293785,0
kanpur_industrial,2024-11-13,2024,26.425,80.175,0.0003009269480128983,0
kanpur_industrial,2024-11-13,2024,26.425,80.225,0.000377104946275319,0
kanpur_industrial,2024-11-13,2024,26.425,80.275,0.00043324084102009465,0
kanpur_industrial,2024-11-13,2024,26.425,80.325,0.000333964331514253,0
kanpur_industrial,2024-11-13,2024,26.425,80.375,0.00034606873343594375,0
kanpur_industrial,2024-11-13,2024,26.425,80.425,0.00030600532599125876,0
kanpur_industrial,2024-11-13,2024,26.425,80.475,0.0002560323794487534,0
kanpur_industrial,2024-11-13,2024,26.425,80.525,0.0002538161101340319,0
kanpur_industrial,2024-11-13,2024,26.425,80.55,0.00029944564723545936,0
kanpur_industrial,2024-11-13,2024,26.475,80.175,0.0003262747083387824,0
kanpur_industrial,2024-11-13,2024,26.475,80.225,0.00042132521500873316,0
kanpur_industrial,2024-11-13,2024,26.475,80.275,0.00046247803399698513,0
kanpur_industrial,2024-11-13,2024,26.475,80.325,0.00033467244867096003,0
kanpur_industrial,2024-11-13,2024,26.475,80.375,0.00038660155580637833,0
kanpur_industrial,2024-11-13,2024,26.475,80.425,0.0003373333313555117,0
kanpur_industrial,2024-11-13,2024,26.475,80.475,0.0002570661431245173,0
kanpur_industrial,2024-11-13,2024,26.475,80.525,0.00023341914860715632,0
kanpur_industrial,2024-11-13,2024,26.475,80.55,0.00023267467893144827,0
kanpur_industrial,2024-11-13,2024,26.525,80.175,0.00030141513177006245,0
kanpur_industrial,2024-11-13,2024,26.525,80.225,0.0003757338381996959,0
kanpur_industrial,2024-11-13,2024,26.525,80.275,0.0004120403353728553,0
kanpur_industrial,2024-11-13,2024,26.525,80.325,0.0002815753727320606,0
kanpur_industrial,2024-11-13,2024,26.525,80.375,0.0003551660138180171,0
kanpur_industrial,2024-11-13,2024,26.525,80.425,0.0003132619734535565,0
kanpur_industrial,2024-11-13,2024,26.525,80.475,0.0002399834503206718,0
kanpur_industrial,2024-11-13,2024,26.525,80.525,0.00024160992701492082,0
kanpur_industrial,2024-11-13,2024,26.525,80.55,0.00023998312134594597,0
kanpur_industrial,2024-11-13,2024,26.575,80.175,0.0002236183854676652,0
kanpur_industrial,2024-11-13,2024,26.575,80.225,0.0002736051196362053,0
kanpur_industrial,2024-11-13,2024,26.575,80.275,0.0003503525819767072,0
kanpur_industrial,2024-11-13,2024,26.575,80.325,0.00013966675235144307,0
kanpur_industrial,2024-11-13,2024,26.575,80.375,0.00029824758527339986,0
kanpur_industrial,2024-11-13,2024,26.575,80.425,0.00026677441337330624,0
kanpur_industrial,2024-11-13,2024,26.575,80.475,0.00018341016816876953,0
kanpur_industrial,2024-11-13,2024,26.575,80.525,0.00023741325962649154,0
kanpur_industrial,2024-11-13,2024,26.575,80.55,0.0002771162251087724,0
kanpur_industrial,2024-11-14,2024,26.325,80.175,0.00021911709824230495,0.05910516613467885
kanpur_industrial,2024-11-14,2024,26.325,80.225,0.00025211779820219645,0.06027867191491637
kanpur_industrial,2024-11-14,2024,26.325,80.275,0.00033033336041095215,0.06418407016105421
kanpur_industrial,2024-11-14,2024,26.325,80.325,0.00016360007241597534,0.06280677964216308
kanpur_industrial,2024-11-14,2024,26.325,80.375,0.00027681981782405016,0.057336550262666076
kanpur_industrial,2024-11-14,2024,26.325,80.425,0.00029430966707927065,0.043523284441888355
kanpur_industrial,2024-11-14,2024,26.325,80.475,0.0002634484879673402,0.03007819635822217
kanpur_industrial,2024-11-14,2024,26.325,80.525,0.00023976489485321364,0.028149641132970197
kanpur_industrial,2024-11-14,2024,26.325,80.55,0.00029489087732717723,0.04081382873828579
kanpur_industrial,2024-11-14,2024,26.375,80.175,0.0001849937051212432,0.03387005002843072
kanpur_industrial,2024-11-14,2024,26.375,80.225,0.00018552703337688394,0.048339308207951466
kanpur_industrial,2024-11-14,2024,26.375,80.275,0.0001386320483681291,0.054924070898737944
kanpur_industrial,2024-11-14,2024,26.375,80.325,0.0003023475034714098,0.07278955353306778
kanpur_industrial,2024-11-14,2024,26.375,80.375,0.00024968649748386535,0.07675887287727676
kanpur_industrial,2024-11-14,2024,26.375,80.425,0.00029940524631322447,0.07914169990255536
kanpur_industrial,2024-11-14,2024,26.375,80.475,0.00037069864266690643,0.07465901470706364
kanpur_industrial,2024-11-14,2024,26.375,80.525,0.0003552669533700897,0.05468412944886954
kanpur_industrial,2024-11-14,2024,26.425,80.175,0.00024815320794019586,0.007015845507514641
kanpur_industrial,2024-11-14,2024,26.425,80.225,0.00021034140965102264,0.009959098412615964
kanpur_industrial,2024-11-14,2024,26.425,80.275,0.000285013160934896,0.011328089622864702
kanpur_industrial,2024-11-14,2024,26.425,80.325,0.0001885615834961416,0.015035875139903546
kanpur_industrial,2024-11-14,2024,26.425,80.375,0.00020635778539680752,0.01582538777445886
kanpur_industrial,2024-11-14,2024,26.425,80.425,0.00024146886406294316,0.026323396935794562
kanpur_industrial,2024-11-14,2024,26.425,80.475,0.00027663332663769305,0.03358558783640634
kanpur_industrial,2024-11-14,2024,26.425,80.525,0.0002932642749143844,0.02005415657990182
kanpur_industrial,2024-11-14,2024,26.425,80.55,0.00031621014804366113,0.03286997331093712
kanpur_industrial,2024-11-14,2024,26.475,80.175,0.0002694965949623322,0
kanpur_industrial,2024-11-14,2024,26.475,80.225,0.00021204168283264066,0
kanpur_industrial,2024-11-14,2024,26.475,80.275,0.00026231056663986586,0
kanpur_industrial,2024-11-14,2024,26.475,80.325,0.00016565832871452154,0
kanpur_industrial,2024-11-14,2024,26.475,80.375,0.00016860986698503643,0
kanpur_industrial,2024-11-14,2024,26.475,80.425,0.00019191373104562846,0.005863229416729698
kanpur_industrial,2024-11-14,2024,26.475,80.475,0.00023504222570077803,0.010774820646035783
kanpur_industrial,2024-11-14,2024,26.475,80.525,0.0003047089067254591,0.005150225391151257
kanpur_industrial,2024-11-14,2024,26.475,80.55,0.0003029466322830725,0.005527908586502349
kanpur_industrial,2024-11-14,2024,26.525,80.175,0.0002467854382838053,0
kanpur_industrial,2024-11-14,2024,26.525,80.225,0.0001731757969188648,0
kanpur_industrial,2024-11-14,2024,26.525,80.275,0.0001628403905302177,0
kanpur_industrial,2024-11-14,2024,26.525,80.325,0.0001999357917798395,0
kanpur_industrial,2024-11-14,2024,26.525,80.375,0.00014423884052315342,0
kanpur_industrial,2024-11-14,2024,26.525,80.425,0.00017054794979261945,0
kanpur_industrial,2024-11-14,2024,26.525,80.475,0.00023699045318826932,0
kanpur_industrial,2024-11-14,2024,26.525,80.525,0.00029594865111103903,0
kanpur_industrial,2024-11-14,2024,26.525,80.55,0.00026874680152166674,0
kanpur_industrial,2024-11-14,2024,26.575,80.175,0.00017419181684915602,0
kanpur_industrial,2024-11-14,2024,26.575,80.225,8.084720928268169e-05,0
kanpur_industrial,2024-11-14,2024,26.575,80.275,4.027048949938399e-05,0
kanpur_industrial,2024-11-14,2024,26.575,80.325,0.00026807372102876487,0
kanpur_industrial,2024-11-14,2024,26.575,80.375,0.00014051659702793906,0
kanpur_industrial,2024-11-14,2024,26.575,80.425,0.0001912864411057167,0
kanpur_industrial,2024-11-14,2024,26.575,80.475,0.00027891880900375463,0
kanpur_industrial,2024-11-14,2024,26.575,80.525,0.00021003454171070773,0
kanpur_industrial,2024-11-14,2024,26.575,80.55,0.00025998810184588525,0
kanpur_industrial,2024-11-15,2024,26.325,80.175,0.00019433547536661745,0.0625218041013734
kanpur_industrial,2024-11-15,2024,26.325,80.225,0.0002561003296470084,0.06392710482696362
kanpur_industrial,2024-11-15,2024,26.325,80.275,0.00036036465091636894,0.07017640792412612
kanpur_industrial,2024-11-15,2024,26.325,80.325,0.00018032164559086974,0.0887788611327974
kanpur_industrial,2024-11-15,2024,26.325,80.375,0.00023493465798656826,0.0988499770932874
kanpur_industrial,2024-11-15,2024,26.325,80.425,0.0002860191726164011,0.10816800616703344
kanpur_industrial,2024-11-15,2024,26.325,80.475,0.0002949095885496184,0.11574820732246732
kanpur_industrial,2024-11-15,2024,26.325,80.525,0.00020147046047160915,0.12012752146909017
kanpur_industrial,2024-11-15,2024,26.325,80.55,0.00022900580188842286,0.12035191815503463
kanpur_industrial,2024-11-15,2024,26.375,80.175,0.00026603217223067924,0.07383355490574627
kanpur_industrial,2024-11-15,2024,26.375,80.225,0.0002623331811532255,0.08118125896420118
kanpur_industrial,2024-11-15,2024,26.375,80.275,0.0002271798668376224,0.0860502965973871
kanpur_industrial,2024-11-15,2024,26.375,80.325,0.00034864181777334314,0.10712858728725234
kanpur_industrial,2024-11-15,2024,26.375,80.375,0.00028187460225744546,0.11697406566433864
kanpur_industrial,2024-11-15,2024,26.375,80.425,0.0002640071868268174,0.12317015983487947
kanpur_industrial,2024-11-15,2024,26.375,80.475,0.0002687082292473181,0.12487879131942183
kanpur_industrial,2024-11-15,2024,26.375,80.525,0.0002591635567735045,0.12059768595392614
kanpur_industrial,2024-11-15,2024,26.425,80.175,0.0003116685590886961,0.08196175962217463
kanpur_industrial,2024-11-15,2024,26.425,80.225,0.0003091543661308536,0.09172987482523587
kanpur_industrial,2024-11-15,2024,26.425,80.275,0.00031567604208247995,0.09966603221670849
kanpur_industrial,2024-11-15,2024,26.425,80.325,0.0003350176394688621,0.11900470905052295
kanpur_industrial,2024-11-15,2024,26.425,80.375,0.00031963298532424763,0.12315321175854185
kanpur_industrial,2024-11-15,2024,26.425,80.425,0.0003497622357849927,0.1364685928408506
kanpur_industrial,2024-11-15,2024,26.425,80.475,0.0003690696744050281,0.14844149208938945
kanpur_industrial,2024-11-15,2024,26.425,80.525,0.0002968896347782012,0.1446592342470431
kanpur_industrial,2024-11-15,2024,26.425,80.55,0.0002829280153591402,0.13575456676848802
kanpur_industrial,2024-11-15,2024,26.475,80.175,0.0002510544787354281,0.08066050246622297
kanpur_industrial,2024-11-15,2024,26.475,80.225,0.00025940045754020946,0.0902675773881087
kanpur_industrial,2024-11-15,2024,26.475,80.275,0.0002547860719109079,0.09674733014551334
kanpur_industrial,2024-11-15,2024,26.475,80.325,0.0003359421045059507,0.1132451983001365
kanpur_industrial,2024-11-15,2024,26.475,80.375,0.00032690271781928313,0.1173079822779803
kanpur_industrial,2024-11-15,2024,26.475,80.425,0.0003298929177031416,0.1266276224841361
kanpur_industrial,2024-11-15,2024,26.475,80.475,0.00034398053994201056,0.1382712282361832
kanpur_industrial,2024-11-15,2024,26.475,80.525,0.0003713166994718754,0.1491154825756581
kanpur_industrial,2024-11-15,2024,26.475,80.55,0.0003671837548160725,0.149230340802875
kanpur_industrial,2024-11-15,2024,26.525,80.175,0.00019971377680728776,0.07519014527476382
kanpur_industrial,2024-11-15,2024,26.525,80.225,0.0002199616069202481,0.08286155041919993
kanpur_industrial,2024-11-15,2024,26.525,80.275,0.0002133717873221826,0.08764118157427875
kanpur_industrial,2024-11-15,2024,26.525,80.325,0.0003216097409192725,0.09950056168771097
kanpur_industrial,2024-11-15,2024,26.525,80.375,0.0003044964905680749,0.1028696335128151
kanpur_industrial,2024-11-15,2024,26.525,80.425,0.0002937147535786641,0.10520745975345588
kanpur_industrial,2024-11-15,2024,26.525,80.475,0.0003070794154657004,0.11145319733670832
kanpur_industrial,2024-11-15,2024,26.525,80.525,0.0003729245543089517,0.127798658392374
kanpur_industrial,2024-11-15,2024,26.525,80.55,0.00032750654134731006,0.11141465815358077
kanpur_industrial,2024-11-15,2024,26.575,80.175,0.00023299360793433124,0.06854737794886365
kanpur_industrial,2024-11-15,2024,26.575,80.225,0.000257637994981722,0.07289638381543023
kanpur_industrial,2024-11-15,2024,26.575,80.275,0.00029759286756125423,0.07835993028161131
kanpur_industrial,2024-11-15,2024,26.575,80.325,0.0002738815019380933,0.08372996524493174
kanpur_industrial,2024-11-15,2024,26.575,80.375,0.00024974727384976576,0.08164685894280634
kanpur_industrial,2024-11-15,2024,26.575,80.425,0.0002958280942063233,0.07967983850961442
kanpur_industrial,2024-11-15,2024,26.575,80.475,0.0003287119824129178,0.07771658963566432
kanpur_industrial,2024-11-15,2024,26.575,80.525,0.00022635849148735382,0.0752906390797433
kanpur_industrial,2024-11-15,2024,26.575,80.55,0.00018815582621136535,0.0757023540957362
kanpur_industrial,2025-10-15,2025,26.325,80.175,0.0002511379001175571,0.009107234923589568
kanpur_industrial,2025-10-15,2025,26.325,80.225,0.0002715954743465009,0
kanpur_industrial,2025-10-15,2025,26.325,80.275,0.00024297704717545654,0
kanpur_industrial,2025-10-15,2025,26.325,80.325,0.00021062672204448434,0.0007558240690316075
kanpur_industrial,2025-10-15,2025,26.325,80.375,0.0002170482722977114,0.004342325312333169
kanpur_industrial,2025-10-15,2025,26.325,80.425,0.0002575275276546965,0.025499475400542156
kanpur_industrial,2025-10-15,2025,26.325,80.475,0.00028785837700378,0.0390474122455357
kanpur_industrial,2025-10-15,2025,26.325,80.525,0.0002460575264821058,0.009211838956383254
kanpur_industrial,2025-10-15,2025,26.325,80.55,0.0002480292410070963,0.004815279454473065
kanpur_industrial,2025-10-15,2025,26.375,80.175,0.00017732497895872777,0
kanpur_industrial,2025-10-15,2025,26.375,80.225,0.0001721727662762317,0
kanpur_industrial,2025-10-15,2025,26.375,80.275,4.2610874062989894e-05,0
kanpur_industrial,2025-10-15,2025,26.375,80.325,0.0004074919921698459,0.002184781748062823
kanpur_industrial,2025-10-15,2025,26.375,80.375,0.0003083125094027171,0.006220283227869186
kanpur_industrial,2025-10-15,2025,26.375,80.425,0.000258720809375527,0.004010019857444858
kanpur_industrial,2025-10-15,2025,26.375,80.475,0.00024609248454364615,0
kanpur_industrial,2025-10-15,2025,26.375,80.525,0.0002501887378678002,0
kanpur_industrial,2025-10-15,2025,26.425,80.175,0.00026002852046471314,0
kanpur_industrial,2025-10-15,2025,26.425,80.225,0.00022004637878087177,0
kanpur_industrial,2025-10-15,2025,26.425,80.275,0.00019248752678081713,0
kanpur_industrial,2025-10-15,2025,26.425,80.325,0.00027163257079740473,0.0004534275557600695
kanpur_industrial,2025-10-15,2025,26.425,80.375,0.0002879524679308493,0.001276542769677234
kanpur_industrial,2025-10-15,2025,26.425,80.425,0.00025942017149572984,0.0008217598345183121
kanpur_industrial,2025-10-15,2025,26.425,80.475,0.0002522547229443286,0
kanpur_industrial,2025-10-15,2025,26.425,80.525,0.0003599771096987131,0
kanpur_industrial,2025-10-15,2025,26.425,80.55,0.00031934676736758785,0
kanpur_industrial,2025-10-15,2025,26.475,80.175,0.00028708049971849737,0
kanpur_industrial,2025-10-15,2025,26.475,80.225,0.0002373585224811664,0
kanpur_industrial,2025-10-15,2025,26.475,80.275,0.00025110181959862724,0
kanpur_industrial,2025-10-15,2025,26.475,80.325,0.00027673300816907515,0
kanpur_industrial,2025-10-15,2025,26.475,80.375,0.0003140920552196459,0
kanpur_industrial,2025-10-15,2025,26.475,80.425,0.0002969766709656273,0
kanpur_industrial,2025-10-15,2025,26.475,80.475,0.00026701198628585707,0
kanpur_industrial,2025-10-15,2025,26.475,80.525,0.00027976613807119774,0
kanpur_industrial,2025-10-15,2025,26.475,80.55,0.00028672035462211603,0
kanpur_industrial,2025-10-15,2025,26.525,80.175,0.00027072933512257443,0
kanpur_industrial,2025-10-15,2025,26.525,80.225,0.0002435174103616535,0
kanpur_industrial,2025-10-15,2025,26.525,80.275,0.00026028152253979633,0
kanpur_industrial,2025-10-15,2025,26.525,80.325,0.0002451623910608358,0
kanpur_industrial,2025-10-15,2025,26.525,80.375,0.0002745146788144083,0
kanpur_industrial,2025-10-15,2025,26.525,80.425,0.0002812646862634288,0
kanpur_industrial,2025-10-15,2025,26.525,80.475,0.0002663466398939842,0
kanpur_industrial,2025-10-15,2025,26.525,80.525,0.00021877541566782724,0
kanpur_industrial,2025-10-15,2025,26.525,80.55,0.0002468468218069279,0
kanpur_industrial,2025-10-15,2025,26.575,80.175,0.00021347842843278265,0
kanpur_industrial,2025-10-15,2025,26.575,80.225,0.00024810128021912793,0
kanpur_industrial,2025-10-15,2025,26.575,80.275,0.00023754764981983104,0
kanpur_industrial,2025-10-15,2025,26.575,80.325,6.840222600280339e-05,0
kanpur_industrial,2025-10-15,2025,26.575,80.375,9.218603472650021e-05,0
kanpur_industrial,2025-10-15,2025,26.575,80.425,0.00015311550299067426,0
kanpur_industrial,2025-10-15,2025,26.575,80.475,0.00023196723941074844,0
kanpur_industrial,2025-10-15,2025,26.575,80.525,0.0003091201532136821,0
kanpur_industrial,2025-10-15,2025,26.575,80.55,0.00032325461030431233,0
kanpur_industrial,2025-10-16,2025,26.325,80.175,0.00023314164461197003,0
kanpur_industrial,2025-10-16,2025,26.325,80.225,0.0002590663320099557,0
kanpur_industrial,2025-10-16,2025,26.325,80.275,0.00018679978624728868,0
kanpur_industrial,2025-10-16,2025,26.325,80.325,0.00023553429340048324,0
kanpur_industrial,2025-10-16,2025,26.325,80.375,0.00026655730325353985,0
kanpur_industrial,2025-10-16,2025,26.325,80.425,0.00026697316702169345,0
kanpur_industrial,2025-10-16,2025,26.325,80.475,0.00028852807934247424,0
kanpur_industrial,2025-10-16,2025,26.325,80.525,0.00041116227273717265,0
kanpur_industrial,2025-10-16,2025,26.325,80.55,0.0003824332668636214,0
kanpur_industrial,2025-10-16,2025,26.375,80.175,0.0002373315234633519,0
kanpur_industrial,2025-10-16,2025,26.375,80.225,0.00028240221363826285,0
kanpur_industrial,2025-10-16,2025,26.375,80.275,0.00030166427442970546,0
kanpur_industrial,2025-10-16,2025,26.375,80.325,0.0002613308676199391,0
kanpur_industrial,2025-10-16,2025,26.375,80.375,0.00024048603594975586,0
kanpur_industrial,2025-10-16,2025,26.375,80.425,0.0002172718255852908,0
kanpur_industrial,2025-10-16,2025,26.375,80.475,0.00023292369443265597,0
kanpur_industrial,2025-10-16,2025,26.375,80.525,0.0003509681651925891,0
kanpur_industrial,2025-10-16,2025,26.425,80.175,0.00023245198845336056,0
kanpur_industrial,2025-10-16,2025,26.425,80.225,0.00022689583882221645,0
kanpur_industrial,2025-10-16,2025,26.425,80.275,0.0002130529082834152,0
kanpur_industrial,2025-10-16,2025,26.425,80.325,0.0002859725791633523,0
kanpur_industrial,2025-10-16,2025,26.425,80.375,0.00022669640867020277,0
kanpur_industrial,2025-10-16,2025,26.425,80.425,0.0002288025058273841,0
kanpur_industrial,2025-10-16,2025,26.425,80.475,0.00024369426392839764,0
kanpur_industrial,2025-10-16,2025,26.425,80.525,0.0002034004106099088,0
kanpur_industrial,2025-10-16,2025,26.425,80.55,0.00025801209931373536,0
kanpur_industrial,2025-10-16,2025,26.475,80.175,0.00016427200111242022,0
kanpur_industrial,2025-10-16,2025,26.475,80.225,0.00017900387307154817,0
kanpur_industrial,2025-10-16,2025,26.475,80.275,0.00022512559337349578,0
kanpur_industrial,2025-10-16,2025,26.475,80.325,0.00023258518259682722,0
kanpur_industrial,2025-10-16,2025,26.475,80.375,0.0001556805772614268,0
kanpur_industrial,2025-10-16,2025,26.475,80.425,0.00018594113001054775,0
kanpur_industrial,2025-10-16,2025,26.475,80.475,0.0002427634386829709,0
kanpur_industrial,2025-10-16,2025,26.475,80.525,0.00021799324683778953,0
kanpur_industrial,2025-10-16,2025,26.475,80.55,0.0002146077273759756,0
kanpur_industrial,2025-10-16,2025,26.525,80.175,0.0001406553602771376,0
kanpur_industrial,2025-10-16,2025,26.525,80.225,0.00016518951811101594,0
kanpur_industrial,2025-10-16,2025,26.525,80.275,0.00024332508083730809,0
kanpur_industrial,2025-10-16,2025,26.525,80.325,0.00018414348184891865,0
kanpur_industrial,2025-10-16,2025,26.525,80.375,9.956653820528077e-05,0
kanpur_industrial,2025-10-16,2025,26.525,80.425,0.00014280291806559678,0
kanpur_industrial,2025-10-16,2025,26.525,80.475,0.0002277391856807881,0
kanpur_industrial,2025-10-16,2025,26.525,80.525,0.00024120321107300868,0
kanpur_industrial,2025-10-16,2025,26.525,80.55,0.0002221599912114581,0
kanpur_industrial,2025-10-16,2025,26.575,80.175,0.00023441712491963004,0
kanpur_industrial,2025-10-16,2025,26.575,80.225,0.0002052458776308525,0
kanpur_industrial,2025-10-16,2025,26.575,80.275,0.00021001869136054682,0
kanpur_industrial,2025-10-16,2025,26.575,80.325,0.00019627277670784078,0
kanpur_industrial,2025-10-16,2025,26.575,80.375,0.00010761528542156439,0
kanpur_industrial,2025-10-16,2025,26.575,80.425,0.0001363018407693589,0
kanpur_industrial,2025-10-16,2025,26.575,80.475,0.0001979641430798129,0
kanpur_industrial,2025-10-16,2025,26.575,80.525,0.00018143017182892457,0
kanpur_industrial,2025-10-16,2025,26.575,80.55,0.00023094499002896597,0
kanpur_industrial,2025-10-17,2025,26.325,80.175,0.0002611990658183989,0
kanpur_industrial,2025-10-17,2025,26.325,80.225,0.0001219786631792828,5.301834256767281e-05
kanpur_industrial,2025-10-17,2025,26.325,80.275,0.00014820762835397283,0.00036651810731565113
kanpur_industrial,2025-10-17,2025,26.325,80.325,0.00023977788884476,0.004000947899555632
kanpur_industrial,2025-10-17,2025,26.325,80.375,0.000217558254010402,0.033684946485151385
kanpur_industrial,2025-10-17,2025,26.325,80.425,0.0002207906498113366,0.04977441348357645
kanpur_industrial,2025-10-17,2025,26.325,80.475,0.0002368845931499076,0.04630831585975888
kanpur_industrial,2025-10-17,2025,26.325,80.525,0.0002513579842138038,0.012433242214597373
kanpur_industrial,2025-10-17,2025,26.325,80.55,0.0002681352774816651,0.024901029034706437
kanpur_industrial,2025-10-17,2025,26.375,80.175,0.00017232265876623504,0
kanpur_industrial,2025-10-17,2025,26.375,80.225,0.00011919185460894544,0.0020943891846608637
kanpur_industrial,2025-10-17,2025,26.375,80.275,0.0001290577017359627,0.008429916468259977
kanpur_industrial,2025-10-17,2025,26.375,80.325,0.00039611767478359085,0.047647339958147066
kanpur_industrial,2025-10-17,2025,26.375,80.375,0.0004088751908446023,0.05061717844832192
kanpur_industrial,2025-10-17,2025,26.375,80.425,0.0003711089451826431,0.033544044270083694
kanpur_industrial,2025-10-17,2025,26.375,80.475,0.000317025085325833,0.019209674163897374
kanpur_industrial,2025-10-17,2025,26.375,80.525,0.00028651040820360847,0.03855622412339731
kanpur_industrial,2025-10-17,2025,26.425,80.175,0.00021721308355515472,0
kanpur_industrial,2025-10-17,2025,26.425,80.225,0.00019299098180517075,0.00042149582341299884
kanpur_industrial,2025-10-17,2025,26.425,80.275,0.0001987306352156939,0.0017386702715786204
kanpur_industrial,2025-10-17,2025,26.425,80.325,0.00040252621084285874,0.013303520703485434
kanpur_industrial,2025-10-17,2025,26.425,80.375,0.00030598629451872636,0.012835268745241312
kanpur_industrial,2025-10-17,2025,26.425,80.425,0.00024958509205538244,0.027267215223679555
kanpur_industrial,2025-10-17,2025,26.425,80.475,0.0001917828683289789,0.04938693290884878
kanpur_industrial,2025-10-17,2025,26.425,80.525,6.791710074560711e-05,0.07054746130647241
kanpur_industrial,2025-10-17,2025,26.425,80.55,0.000148813836576521,0.058708184553680834
kanpur_industrial,2025-10-17,2025,26.475,80.175,0.00023536418495306616,0
kanpur_industrial,2025-10-17,2025,26.475,80.225,0.0002618220781332495,0
kanpur_industrial,2025-10-17,2025,26.475,80.275,0.0002387175570224519,0
kanpur_industrial,2025-10-17,2025,26.475,80.325,0.0004238639693145681,0.0020245744746659666
kanpur_industrial,2025-10-17,2025,26.475,80.375,0.0002590170431143686,0.0014163162039501375
kanpur_industrial,2025-10-17,2025,26.475,80.425,0.0002227133045791459,0.025216334038960626
kanpur_industrial,2025-10-17,2025,26.475,80.475,0.00021410023810772446,0.05720093984216623
kanpur_industrial,2025-10-17,2025,26.475,80.525,9.278937144903696e-05,0.07855117883727977
kanpur_industrial,2025-10-17,2025,26.475,80.55,8.756615533569021e-05,0.07857093830014913
kanpur_industrial,2025-10-17,2025,26.525,80.175,0.0002727091309884958,0.0033761366731403075
kanpur_industrial,2025-10-17,2025,26.525,80.225,0.00032426782493483945,0.005884997650514459
kanpur_industrial,2025-10-17,2025,26.525,80.275,0.0002879090876445853,0.004051597387587818
kanpur_industrial,2025-10-17,2025,26.525,80.325,0.00038277191642041477,0.008792824225064477
kanpur_industrial,2025-10-17,2025,26.525,80.375,0.00024170304613052495,0.009085758563436588
kanpur_industrial,2025-10-17,2025,26.525,80.425,0.00021334329465980904,0.031001240320751657
kanpur_industrial,2025-10-17,2025,26.525,80.475,0.00022851940998366976,0.059852408833521255
kanpur_industrial,2025-10-17,2025,26.525,80.525,0.00019031228329553071,0.07845281272992612
kanpur_industrial,2025-10-17,2025,26.525,80.55,0.00021212703719179906,0.07859473229006511
kanpur_industrial,2025-10-17,2025,26.575,80.175,0.0003560059921666743,0.012692678575859673
kanpur_industrial,2025-10-17,2025,26.575,80.225,0.00037537552914642134,0.021872857588087557
kanpur_industrial,2025-10-17,2025,26.575,80.275,0.00036750410158680656,0.01526488356453996
kanpur_industrial,2025-10-17,2025,26.575,80.325,0.0002338319292949779,0.03222434628635794
kanpur_industrial,2025-10-17,2025,26.575,80.375,0.00023860886407626496,0.03414596280014649
kanpur_industrial,2025-10-17,2025,26.575,80.425,0.00017846248705385222,0.04829665416815812
kanpur_industrial,2025-10-17,2025,26.575,80.475,0.0001414309888314659,0.06659238013328425
kanpur_industrial,2025-10-17,2025,26.575,80.525,0.00026108571713497004,0.07895866936260487
kanpur_industrial,2025-10-17,2025,26.575,80.55,0.0002941065675944028,0.08094518891613825
kanpur_industrial,2025-10-18,2025,26.325,80.175,0.00029026924942692704,0.26275816934447765
kanpur_industrial,2025-10-18,2025,26.325,80.225,0.0003223548150142784,0.25983587859224905
kanpur_industrial,2025-10-18,2025,26.325,80.275,0.00036202194248489327,0.2636440612204909
kanpur_industrial,2025-10-18,2025,26.325,80.325,0.00023990281274908362,0.2563948481208846
kanpur_industrial,2025-10-18,2025,26.325,80.375,0.00014492205718517328,0.2691979648875654
kanpur_industrial,2025-10-18,2025,26.325,80.425,0.0001884726833621279,0.2692978213023357
kanpur_industrial,2025-10-18,2025,26.325,80.475,0.00023354633998004976,0.2721351318286897
kanpur_industrial,2025-10-18,2025,26.325,80.525,9.78905506383882e-05,0.29972157033908553
kanpur_industrial,2025-10-18,2025,26.325,80.55,0.00016046672203640368,0.29864604805958783
kanpur_industrial,2025-10-18,2025,26.375,80.175,0.00021049877517713636,0.263751434620927
kanpur_industrial,2025-10-18,2025,26.375,80.225,0.00020463036273080546,0.26719849749708324
kanpur_industrial,2025-10-18,2025,26.375,80.275,0.00019650582854553454,0.270924178564807
kanpur_industrial,2025-10-18,2025,26.375,80.325,0.00017571246578754413,0.27687350438991176
kanpur_industrial,2025-10-18,2025,26.375,80.375,0.00017558250727030668,0.27691068767631866
kanpur_industrial,2025-10-18,2025,26.375,80.425,0.00022489757372371177,0.2968615635537208
kanpur_industrial,2025-10-18,2025,26.375,80.475,0.00022578995526326547,0.296993418234826
kanpur_industrial,2025-10-18,2025,26.375,80.525,0.00022900252880565873,0.29746809508680466
kanpur_industrial,2025-10-18,2025,26.425,80.175,0.00021182029150166242,0.22934604041677314
kanpur_industrial,2025-10-18,2025,26.425,80.225,0.00018745057886518634,0.2362285838203962
kanpur_industrial,2025-10-18,2025,26.425,80.275,0.000178904109832165,0.2403409019278996
kanpur_industrial,2025-10-18,2025,26.425,80.325,0.000303692020489176,0.2563318266786208
kanpur_industrial,2025-10-18,2025,26.425,80.375,0.0003014192529522912,0.2581265237561027
kanpur_industrial,2025-10-18,2025,26.425,80.425,0.0002854458748506417,0.26627960749203017
kanpur_industrial,2025-10-18,2025,26.425,80.475,0.0002257683217713975,0.2969902217577083
kanpur_industrial,2025-10-18,2025,26.425,80.525,0.00022900252880565873,0.29746809508680466
kanpur_industrial,2025-10-18,2025,26.425,80.55,0.00022900252880565873,0.29746809508680466
kanpur_industrial,2025-10-18,2025,26.475,80.175,0.0002210276713840612,0.20967236446612222
kanpur_industrial,2025-10-18,2025,26.475,80.225,0.00021172068664780262,0.21563179103117228
kanpur_industrial,2025-10-18,2025,26.475,80.275,0.00020039256884854124,0.22076075191285074
kanpur_industrial,2025-10-18,2025,26.475,80.325,0.00040450345494191315,0.237488617152821
kanpur_industrial,2025-10-18,2025,26.475,80.375,0.0003780732130668534,0.24300733170109443
kanpur_industrial,2025-10-18,2025,26.475,80.425,0.0003771200448020477,0.24962176578131137
kanpur_industrial,2025-10-18,2025,26.475,80.475,0.000377858065008881,0.26763107971253125
kanpur_industrial,2025-10-18,2025,26.475,80.525,0.0003215492078817576,0.2980938343702873
kanpur_industrial,2025-10-18,2025,26.475,80.55,0.0003215492078817576,0.2980938343702873
kanpur_industrial,2025-10-18,2025,26.525,80.175,0.00022638507042286343,0.1967868042541262
kanpur_industrial,2025-10-18,2025,26.525,80.225,0.00024911492990477963,0.20071942967684794
kanpur_industrial,2025-10-18,2025,26.525,80.275,0.00025263467227985994,0.20585357654567482
kanpur_industrial,2025-10-18,2025,26.525,80.325,0.0004047172928250425,0.2189030695512862
kanpur_industrial,2025-10-18,2025,26.525,80.375,0.00038353085480445973,0.2239053857121255
kanpur_industrial,2025-10-18,2025,26.525,80.425,0.00037566206308743645,0.236316869549728
kanpur_industrial,2025-10-18,2025,26.525,80.475,0.00036035760689265414,0.25545813586604454
kanpur_industrial,2025-10-18,2025,26.525,80.525,0.0002976586588678239,0.2807029441310711
kanpur_industrial,2025-10-18,2025,26.525,80.55,0.00027784036252671986,0.26627641018263043
kanpur_industrial,2025-10-18,2025,26.575,80.175,0.00022014850565728496,0.1876340513266713
kanpur_industrial,2025-10-18,2025,26.575,80.225,0.00028132595973425444,0.19005711432960185
kanpur_industrial,2025-10-18,2025,26.575,80.275,0.0003309275982658909,0.1931756738837202
kanpur_industrial,2025-10-18,2025,26.575,80.325,0.0002554213986709346,0.201110347479319
kanpur_industrial,2025-10-18,2025,26.575,80.375,0.0002364915676723801,0.20503785339830827
kanpur_industrial,2025-10-18,2025,26.575,80.425,0.0002800462469443014,0.2123426553220402
kanpur_industrial,2025-10-18,2025,26.575,80.475,0.00031387870535625693,0.22216398854909483
kanpur_industrial,2025-10-18,2025,26.575,80.525,0.0002349643046219312,0.23432718135769903
kanpur_industrial,2025-10-18,2025,26.575,80.55,0.00026744301518164714,0.22918680050399443
kanpur_industrial,2025-10-19,2025,26.325,80.175,0.0002815167368940608,0.22325877600708033
kanpur_industrial,2025-10-19,2025,26.325,80.225,0.00027038521826635084,0.21970149894051877
kanpur_industrial,2025-10-19,2025,26.325,80.275,0.00027066766318370504,0.21960608390930902
kanpur_industrial,2025-10-19,2025,26.325,80.325,0.00027023670073691194,0.2756536265532141
kanpur_industrial,2025-10-19,2025,26.325,80.375,0.00019180571055707861,0.26765560707573355
kanpur_industrial,2025-10-19,2025,26.325,80.425,0.00014481848618115933,0.2628391650871181
kanpur_industrial,2025-10-19,2025,26.325,80.475,0.000119185145606239,0.2524780456865258
kanpur_industrial,2025-10-19,2025,26.325,80.525,9.991896895689173e-05,0.2226267105286657
kanpur_industrial,2025-10-19,2025,26.325,80.55,0.0001222112808499885,0.24110092752848172
kanpur_industrial,2025-10-19,2025,26.375,80.175,0.0002585695786126116,0.18988124468047232
kanpur_industrial,2025-10-19,2025,26.375,80.225,0.00012145940121336868,0.20369411244299312
kanpur_industrial,2025-10-19,2025,26.375,80.275,0.0001382687332926983,0.2085919875443782
kanpur_industrial,2025-10-19,2025,26.375,80.325,0.0002352141007893756,0.24254748899184933
kanpur_industrial,2025-10-19,2025,26.375,80.375,0.0002696794169762955,0.23915958042834343
kanpur_industrial,2025-10-19,2025,26.375,80.425,0.0002968090239309551,0.2361102420496471
kanpur_industrial,2025-10-19,2025,26.375,80.475,0.00027678858336411025,0.2401104603668651
kanpur_industrial,2025-10-19,2025,26.375,80.525,0.00014662667006623732,0.26133459376637547
kanpur_industrial,2025-10-19,2025,26.425,80.175,0.00022800206802542358,0.15899265355800063
kanpur_industrial,2025-10-19,2025,26.425,80.225,0.00022956251342622693,0.18549138349234595
kanpur_industrial,2025-10-19,2025,26.425,80.275,0.00027534177565485585,0.19892211049509256
kanpur_industrial,2025-10-19,2025,26.425,80.325,0.00034050405054876287,0.22162843489069478
kanpur_industrial,2025-10-19,2025,26.425,80.375,0.0002705561193339881,0.2452254064271888
kanpur_industrial,2025-10-19,2025,26.425,80.425,0.00024320643238186758,0.2537893595712012
kanpur_industrial,2025-10-19,2025,26.425,80.475,0.00023616680341519923,0.2542080467429766
kanpur_industrial,2025-10-19,2025,26.425,80.525,0.00014662667006623732,0.26133459376637547
kanpur_industrial,2025-10-19,2025,26.425,80.55,0.00014662667006623732,0.26133459376637547
kanpur_industrial,2025-10-19,2025,26.475,80.175,0.00020914301703942801,0.1476661279737914
kanpur_industrial,2025-10-19,2025,26.475,80.225,0.00027555691960456274,0.1715766720820093
kanpur_industrial,2025-10-19,2025,26.475,80.275,0.00035308975032335294,0.19049189053332136
kanpur_industrial,2025-10-19,2025,26.475,80.325,0.0004088135118090337,0.21201774992798494
kanpur_industrial,2025-10-19,2025,26.475,80.375,0.0003202863370248685,0.2476360724026329
kanpur_industrial,2025-10-19,2025,26.475,80.425,0.0002832410644656854,0.25803670261812683
kanpur_industrial,2025-10-19,2025,26.475,80.475,0.00027535760750130176,0.24874509729218963
kanpur_industrial,2025-10-19,2025,26.475,80.525,0.00026658668311481447,0.20088672522826284
kanpur_industrial,2025-10-19,2025,26.475,80.55,0.00026658668311481447,0.20088672522826284
kanpur_industrial,2025-10-19,2025,26.525,80.175,0.00020207115548103827,0.14672723672233975
kanpur_industrial,2025-10-19,2025,26.525,80.225,0.0002746620973570837,0.1627555625325287
kanpur_industrial,2025-10-19,2025,26.525,80.275,0.00035961416174512285,0.1840690150489939
kanpur_industrial,2025-10-19,2025,26.525,80.325,0.000417308308023519,0.1997697016478662
kanpur_industrial,2025-10-19,2025,26.525,80.375,0.0003733894641451958,0.22867647762779172
kanpur_industrial,2025-10-19,2025,26.525,80.425,0.00033868991844244784,0.23581780974160227
kanpur_industrial,2025-10-19,2025,26.525,80.475,0.00030442743563996916,0.2253984574587827
kanpur_industrial,2025-10-19,2025,26.525,80.525,0.0002541611576425041,0.19711180756788177
kanpur_industrial,2025-10-19,2025,26.525,80.55,0.00024385361946661032,0.19398034178142926
kanpur_industrial,2025-10-19,2025,26.575,80.175,0.0002082757427248315,0.15220794712334768
kanpur_industrial,2025-10-19,2025,26.575,80.225,0.0002291703309185777,0.16044948003225631
kanpur_industrial,2025-10-19,2025,26.575,80.275,0.0002795478050805922,0.18075497948549046
kanpur_industrial,2025-10-19,2025,26.575,80.325,0.0003444014205820525,0.17717123357076586
kanpur_industrial,2025-10-19,2025,26.575,80.375,0.0003939158258061989,0.17586452334431726
kanpur_industrial,2025-10-19,2025,26.575,80.425,0.0003588493406763067,0.1778521651098324
kanpur_industrial,2025-10-19,2025,26.575,80.475,0.00028328983078538904,0.18187187043370248
kanpur_industrial,2025-10-19,2025,26.575,80.525,0.0002210376775704793,0.18693151509497644
kanpur_industrial,2025-10-19,2025,26.575,80.55,0.0002178054259013285,0.18137622874982606
kanpur_industrial,2025-10-20,2025,26.325,80.175,0.00019904961708366192,0.16260059987061454
kanpur_industrial,2025-10-20,2025,26.325,80.225,0.00018569689668601248,0.1807691752057057
kanpur_industrial,2025-10-20,2025,26.325,80.275,0.000235751939311533,0.19788462943153146
kanpur_industrial,2025-10-20,2025,26.325,80.325,0.0001576691726410164,0.2052343521755869
kanpur_industrial,2025-10-20,2025,26.325,80.375,0.00013098910227283576,0.20200311658361642
kanpur_industrial,2025-10-20,2025,26.325,80.425,0.00013237062424897031,0.17125436692598545
kanpur_industrial,2025-10-20,2025,26.325,80.475,0.00014028444297610676,0.15460982229994172
kanpur_industrial,2025-10-20,2025,26.325,80.525,0.00013014186238356263,0.21351767569971433
kanpur_industrial,2025-10-20,2025,26.325,80.55,0.00014130908974638675,0.21605183238154257
kanpur_industrial,2025-10-20,2025,26.375,80.175,8.363019074066603e-05,0.17047326315710984
kanpur_industrial,2025-10-20,2025,26.375,80.225,0.00011224931744888753,0.17055455313931944
kanpur_industrial,2025-10-20,2025,26.375,80.275,0.00017463058517918446,0.19970419318258192
kanpur_industrial,2025-10-20,2025,26.375,80.325,0.00012949219698139028,0.2098177810989393
kanpur_industrial,2025-10-20,2025,26.375,80.375,0.00017985880699305075,0.2090293210862448
kanpur_industrial,2025-10-20,2025,26.375,80.425,0.00013981379211361732,0.18741798031942253
kanpur_industrial,2025-10-20,2025,26.375,80.475,9.285155927402825e-05,0.17606027896742732
kanpur_industrial,2025-10-20,2025,26.375,80.525,0.00015353986257233702,0.218827337318783
kanpur_industrial,2025-10-20,2025,26.425,80.175,0.0001525858536018029,0.23124770013757476
kanpur_industrial,2025-10-20,2025,26.425,80.225,0.00025528821453018956,0.22717445843072773
kanpur_industrial,2025-10-20,2025,26.425,80.275,0.00026825745896596624,0.2332347516170364
kanpur_industrial,2025-10-20,2025,26.425,80.325,0.0001785685755938682,0.19574181527092163
kanpur_industrial,2025-10-20,2025,26.425,80.375,0.0002064325942491124,0.1775418499182922
kanpur_industrial,2025-10-20,2025,26.425,80.425,0.00018060942755016685,0.18468353585044162
kanpur_industrial,2025-10-20,2025,26.425,80.475,0.00014118564205557055,0.20324125498331636
kanpur_industrial,2025-10-20,2025,26.425,80.525,0.0001416116967179808,0.2155081273699357
kanpur_industrial,2025-10-20,2025,26.425,80.55,0.00014602605730975042,0.21673649640612325
kanpur_industrial,2025-10-20,2025,26.475,80.175,0.0002153373487537618,0.24489322222635973
kanpur_industrial,2025-10-20,2025,26.475,80.225,0.0002916633814272714,0.2407077148297399
kanpur_industrial,2025-10-20,2025,26.475,80.275,0.00028914618112649407,0.23823596076332607
kanpur_industrial,2025-10-20,2025,26.475,80.325,0.0002065333446688143,0.167158765891742
kanpur_industrial,2025-10-20,2025,26.475,80.375,0.00021565301512881522,0.15745354656568594
kanpur_industrial,2025-10-20,2025,26.475,80.425,0.00020075959505090903,0.1704102872779381
kanpur_industrial,2025-10-20,2025,26.475,80.475,0.00014022170703331484,0.2103681774638193
kanpur_industrial,2025-10-20,2025,26.475,80.525,0.00010877818877698381,0.21242398398478857
kanpur_industrial,2025-10-20,2025,26.475,80.55,0.00011067978584658833,0.2125660676277852
kanpur_industrial,2025-10-20,2025,26.525,80.175,0.00025831024638412115,0.2331620589811064
kanpur_industrial,2025-10-20,2025,26.525,80.225,0.0002629577205209757,0.22625709641428418
kanpur_industrial,2025-10-20,2025,26.525,80.275,0.00026211515800911924,0.22442889397088953
kanpur_industrial,2025-10-20,2025,26.525,80.325,0.0002204126474670983,0.14581784425403874
kanpur_industrial,2025-10-20,2025,26.525,80.375,0.00021039122964663926,0.1699767524851575
kanpur_industrial,2025-10-20,2025,26.525,80.425,0.00018646997608837192,0.19877009604698914
kanpur_industrial,2025-10-20,2025,26.525,80.475,0.00010130394005381084,0.25004479453411255
kanpur_industrial,2025-10-20,2025,26.525,80.525,0.00010153752351269543,0.21272347043000941
kanpur_industrial,2025-10-20,2025,26.525,80.55,0.00011704189717482984,0.21457915587042853
kanpur_industrial,2025-10-20,2025,26.575,80.175,0.00021141424279230185,0.22274277987060553
kanpur_industrial,2025-10-20,2025,26.575,80.225,0.00018810347186421636,0.1910660730731956
kanpur_industrial,2025-10-20,2025,26.575,80.275,0.0001975364181009046,0.19647568519394976
kanpur_industrial,2025-10-20,2025,26.575,80.325,0.00019821337126503505,0.1963214196602514
kanpur_industrial,2025-10-20,2025,26.575,80.375,0.00018403003828208308,0.2541027651967563
kanpur_industrial,2025-10-20,2025,26.575,80.425,0.00014464500524239137,0.2700068323591343
kanpur_industrial,2025-10-20,2025,26.575,80.475,0.00011216918239145188,0.2727663099735273
kanpur_industrial,2025-10-20,2025,26.575,80.525,0.00015124100264356002,0.2186655518456853
kanpur_industrial,2025-10-20,2025,26.575,80.55,0.00015141759230017493,0.2184206266561553
kanpur_industrial,2025-10-22,2025,26.525,80.475,0.00024054050552462064,0.28004359185767963
kanpur_industrial,2025-10-22,2025,26.525,80.525,0.00024054050552462064,0.28004359185767963
kanpur_industrial,2025-10-22,2025,26.525,80.55,0.00024054050552462064,0.28004359185767963
kanpur_industrial,2025-10-22,2025,26.575,80.325,0.0002455981108234842,0.25949243699854146
kanpur_industrial,2025-10-22,2025,26.575,80.375,0.0001770140937229529,0.2717351319810671
kanpur_industrial,2025-10-22,2025,26.575,80.425,0.00022474257733011673,0.2820518881691774
kanpur_industrial,2025-10-22,2025,26.575,80.475,0.0002423144252697684,0.28072831699654677
kanpur_industrial,2025-10-22,2025,26.575,80.525,0.00024045496888647647,0.28027064016701153
kanpur_industrial,2025-10-22,2025,26.575,80.55,0.00023711903999885199,0.28912552423095556
kanpur_industrial,2025-10-24,2025,26.325,80.175,0.00023590002822653603,0.2416282338703152
kanpur_industrial,2025-10-24,2025,26.325,80.225,0.00022746341422149845,0.2354190348592358
kanpur_industrial,2025-10-24,2025,26.325,80.275,0.0002270093265291856,0.23543562645519492
kanpur_industrial,2025-10-24,2025,26.325,80.325,0.00024487115553316325,0.23470337396397842
kanpur_industrial,2025-10-24,2025,26.325,80.375,0.00024812759162884564,0.2348560428137482
kanpur_industrial,2025-10-24,2025,26.325,80.425,0.00021911025271187308,0.23099882731640758
kanpur_industrial,2025-10-24,2025,26.325,80.475,0.0001772658943384845,0.22618384824328755
kanpur_industrial,2025-10-24,2025,26.325,80.525,0.00014369420071544615,0.22441113920753392
kanpur_industrial,2025-10-24,2025,26.325,80.55,0.00024754172508710293,0.21898585171955026
kanpur_industrial,2025-10-24,2025,26.375,80.175,0.00023520663355538002,0.24223697569472707
kanpur_industrial,2025-10-24,2025,26.375,80.225,0.00022847138175428213,0.23608831058233823
kanpur_industrial,2025-10-24,2025,26.375,80.275,0.00022864135182100464,0.23609061167431672
kanpur_industrial,2025-10-24,2025,26.375,80.325,0.00024952529586116576,0.23280757962172668
kanpur_industrial,2025-10-24,2025,26.375,80.375,0.0002904716367793559,0.2327894499839691
kanpur_industrial,2025-10-24,2025,26.375,80.425,0.00034498399642769826,0.22610607202700247
kanpur_industrial,2025-10-24,2025,26.375,80.475,0.0003823683159056249,0.2175597526307298
kanpur_industrial,2025-10-24,2025,26.375,80.525,0.0003612794898751079,0.213043870185092
kanpur_industrial,2025-10-24,2025,26.425,80.175,0.00019619131375521107,0.238430964682802
kanpur_industrial,2025-10-24,2025,26.425,80.225,0.00019523728954522055,0.23389563241589448
kanpur_industrial,2025-10-24,2025,26.425,80.275,0.00020587018169426261,0.2331649046360098
kanpur_industrial,2025-10-24,2025,26.425,80.325,0.00026039502949186215,0.23090068672833086
kanpur_industrial,2025-10-24,2025,26.425,80.375,0.00024727071090090293,0.2306191702973168
kanpur_industrial,2025-10-24,2025,26.425,80.425,0.0002512375692106031,0.22527245528903458
kanpur_industrial,2025-10-24,2025,26.425,80.475,0.00025215643029189214,0.2182302495562698
kanpur_industrial,2025-10-24,2025,26.425,80.525,0.00022308939137533022,0.21352214292736998
kanpur_industrial,2025-10-24,2025,26.425,80.55,0.0002742306089303661,0.21334514435345608
kanpur_industrial,2025-10-24,2025,26.475,80.175,0.0001891254665961161,0.23571797919565796
kanpur_industrial,2025-10-24,2025,26.475,80.225,0.00019734408512229055,0.2311123111228108
kanpur_industrial,2025-10-24,2025,26.475,80.275,0.00021893009240084324,0.23239712460106848
kanpur_industrial,2025-10-24,2025,26.475,80.325,0.00026516383184630604,0.2300420457010618
kanpur_industrial,2025-10-24,2025,26.475,80.375,0.00023315925991483933,0.22874037477163026
kanpur_industrial,2025-10-24,2025,26.475,80.425,0.00022475464179965362,0.22406559787255842
kanpur_industrial,2025-10-24,2025,26.475,80.475,0.00021438057864810148,0.21834676823257188
kanpur_industrial,2025-10-24,2025,26.475,80.525,0.0001636398418346942,0.21414966503212096
kanpur_industrial,2025-10-24,2025,26.475,80.55,0.00016514542757690482,0.21411748066227615
kanpur_industrial,2025-10-24,2025,26.525,80.175,0.00022211350599602684,0.23918037505172718
kanpur_industrial,2025-10-24,2025,26.525,80.225,0.0002490956734567562,0.23385942017300776
kanpur_industrial,2025-10-24,2025,26.525,80.275,0.00026545145908481795,0.23547335268817696
kanpur_industrial,2025-10-24,2025,26.525,80.325,0.0002615020863465161,0.2323399723005795
kanpur_industrial,2025-10-24,2025,26.525,80.375,0.00023314853139027076,0.2294243483794144
kanpur_industrial,2025-10-24,2025,26.525,80.425,0.00023427922037028373,0.22446662357197372
kanpur_industrial,2025-10-24,2025,26.525,80.475,0.00023496914631097044,0.21891713515142938
kanpur_industrial,2025-10-24,2025,26.525,80.525,0.00019439387123193767,0.21473715984939654
kanpur_industrial,2025-10-24,2025,26.525,80.55,0.00023693689755755035,0.21486044444492494
kanpur_industrial,2025-10-24,2025,26.575,80.175,0.00030203389084822944,0.2529176298743394
kanpur_industrial,2025-10-24,2025,26.575,80.225,0.0003604468244170717,0.2464231112794857
kanpur_industrial,2025-10-24,2025,26.575,80.275,0.0003438937258717359,0.24373312160708233
kanpur_industrial,2025-10-24,2025,26.575,80.325,0.00024834148283682105,0.23927284531971968
kanpur_industrial,2025-10-24,2025,26.575,80.375,0.00023897936682026929,0.23446969065403692
kanpur_industrial,2025-10-24,2025,26.575,80.425,0.0002628979053398501,0.22777183670875314
kanpur_industrial,2025-10-24,2025,26.575,80.475,0.0003008057182195593,0.22074278229218713
kanpur_industrial,2025-10-24,2025,26.575,80.525,0.00032870601358603606,0.2151178643361531
kanpur_industrial,2025-10-24,2025,26.575,80.55,0.0002484184935117499,0.21455307604853086
kanpur_industrial,2025-10-25,2025,26.325,80.175,0.00014993522539309004,0.14940045975153315
kanpur_industrial,2025-10-25,2025,26.325,80.225,0.00013088072177431444,0.14616769793952236
kanpur_industrial,2025-10-25,2025,26.325,80.275,0.00013703651669085698,0.1460340298278146
kanpur_industrial,2025-10-25,2025,26.325,80.325,0.00028363653592903984,0.1497670822152813
kanpur_industrial,2025-10-25,2025,26.325,80.375,0.00034080887930604514,0.15110330314714307
kanpur_industrial,2025-10-25,2025,26.325,80.425,0.00025421552573715034,0.15133079927017223
kanpur_industrial,2025-10-25,2025,26.325,80.475,0.00016028866276967323,0.14989179955140197
kanpur_industrial,2025-10-25,2025,26.325,80.525,0.0002406961237227735,0.145694444582449
kanpur_industrial,2025-10-25,2025,26.325,80.55,0.00021895863858055763,0.14745459533625216
kanpur_industrial,2025-10-25,2025,26.375,80.175,0.00014655624405907086,0.16193651576063048
kanpur_industrial,2025-10-25,2025,26.375,80.225,0.00014355195229433338,0.1568494955945096
kanpur_industrial,2025-10-25,2025,26.375,80.275,0.00013943199299207854,0.1560423637414391
kanpur_industrial,2025-10-25,2025,26.375,80.325,0.00014943615436114664,0.1537650318129686
kanpur_industrial,2025-10-25,2025,26.375,80.375,0.00015677202039366325,0.15281606652940197
kanpur_industrial,2025-10-25,2025,26.375,80.425,0.00020592346299190488,0.150210519014371
kanpur_industrial,2025-10-25,2025,26.375,80.475,0.00024328205352396916,0.14809679790137634
kanpur_industrial,2025-10-25,2025,26.375,80.525,0.00019515091675813073,0.14938237949517946
kanpur_industrial,2025-10-25,2025,26.425,80.175,0.00019259860325790477,0.16357444960910467
kanpur_industrial,2025-10-25,2025,26.425,80.225,0.00015932023314892612,0.1595999142258924
kanpur_industrial,2025-10-25,2025,26.425,80.275,0.00015478593907651585,0.15692814562747007
kanpur_industrial,2025-10-25,2025,26.425,80.325,0.0002496512338870051,0.14959892357463508
kanpur_industrial,2025-10-25,2025,26.425,80.375,0.0002568997001287189,0.147002961390395
kanpur_industrial,2025-10-25,2025,26.425,80.425,0.00025809430540883234,0.14387165238734875
kanpur_industrial,2025-10-25,2025,26.425,80.475,0.0002654868569083803,0.14205321510635432
kanpur_industrial,2025-10-25,2025,26.425,80.525,0.0002964749051150715,0.1442082058689534
kanpur_industrial,2025-10-25,2025,26.425,80.55,0.00025897705115620365,0.1461230575259032
kanpur_industrial,2025-10-25,2025,26.475,80.175,0.00019728361085321122,0.16538943190458422
kanpur_industrial,2025-10-25,2025,26.475,80.225,0.00017860363327157282,0.1611457984304106
kanpur_industrial,2025-10-25,2025,26.475,80.275,0.00021851675480349825,0.1569483006130597
kanpur_industrial,2025-10-25,2025,26.475,80.325,0.00019570348297092506,0.1487691059767093
kanpur_industrial,2025-10-25,2025,26.475,80.375,0.00022909671318199204,0.14563639316922272
kanpur_industrial,2025-10-25,2025,26.475,80.425,0.00025510856048297783,0.14327157571274338
kanpur_industrial,2025-10-25,2025,26.475,80.475,0.0002715010066525659,0.1423255355414254
kanpur_industrial,2025-10-25,2025,26.475,80.525,0.00027179676686925325,0.14390277873785257
kanpur_industrial,2025-10-25,2025,26.475,80.55,0.00027505880527352794,0.14383632830184395
kanpur_industrial,2025-10-25,2025,26.525,80.175,0.0001840813906758207,0.1708933571868519
kanpur_industrial,2025-10-25,2025,26.525,80.225,0.00020175873206787988,0.16446710466310582
kanpur_industrial,2025-10-25,2025,26.525,80.275,0.000313099507001743,0.15897158500480343
kanpur_industrial,2025-10-25,2025,26.525,80.325,0.00011116108390213101,0.14946035117267423
kanpur_industrial,2025-10-25,2025,26.525,80.375,0.00015349432595305592,0.14576641639809976
kanpur_industrial,2025-10-25,2025,26.525,80.425,0.00023652278097319835,0.14409377950223712
kanpur_industrial,2025-10-25,2025,26.525,80.475,0.00029927528014294383,0.144046715893052
kanpur_industrial,2025-10-25,2025,26.525,80.525,0.00025400624750293637,0.14536437391138723
kanpur_industrial,2025-10-25,2025,26.525,80.55,0.00027614832753977117,0.14582514731020335
kanpur_industrial,2025-10-25,2025,26.575,80.175,0.00016589489810406408,0.1827548215968108
kanpur_industrial,2025-10-25,2025,26.575,80.225,0.00022688968194757784,0.17160875084938018
kanpur_industrial,2025-10-25,2025,26.575,80.275,0.00042471940452059904,0.16502175176910117
kanpur_industrial,2025-10-25,2025,26.575,80.325,7.556455774722671e-05,0.15073226483733357
kanpur_industrial,2025-10-25,2025,26.575,80.375,7.826347314589396e-05,0.14579320493365963
kanpur_industrial,2025-10-25,2025,26.575,80.425,0.00022456835629478057,0.14382707774234518
kanpur_industrial,2025-10-25,2025,26.575,80.475,0.0003717488585561704,0.14425265460685918
kanpur_industrial,2025-10-25,2025,26.575,80.525,0.0003245452864298846,0.146836023565376
kanpur_industrial,2025-10-25,2025,26.575,80.55,0.0003075044838116287,0.1466273732545575
kanpur_industrial,2025-10-26,2025,26.325,80.175,0.00023117691009155584,0.11354016809626266
kanpur_industrial,2025-10-26,2025,26.325,80.225,0.00031171835272707845,0.10732919920173292
kanpur_industrial,2025-10-26,2025,26.325,80.275,0.0002717748175324963,0.1142792480860098
kanpur_industrial,2025-10-26,2025,26.325,80.325,0.00020105682281348355,0.14897811208281708
kanpur_industrial,2025-10-26,2025,26.325,80.375,0.00017849455557226158,0.14135440910735766
kanpur_industrial,2025-10-26,2025,26.325,80.425,0.0002105231569717305,0.13134323389966643
kanpur_industrial,2025-10-26,2025,26.325,80.475,0.00022584925887665023,0.13112730752002602
kanpur_industrial,2025-10-26,2025,26.325,80.525,0.00011795222220926432,0.15903683969709054
kanpur_industrial,2025-10-26,2025,26.325,80.55,0.00020878970481755853,0.12362215884237124
kanpur_industrial,2025-10-26,2025,26.375,80.175,0.00013836007414223927,0.11730243170528007
kanpur_industrial,2025-10-26,2025,26.375,80.225,0.0001548474197420243,0.1350291617985514
kanpur_industrial,2025-10-26,2025,26.375,80.275,0.0001057389310912555,0.1769381708240024
kanpur_industrial,2025-10-26,2025,26.375,80.325,4.287684461604519e-05,0.258853559026999
kanpur_industrial,2025-10-26,2025,26.375,80.375,-2.1989738378374667e-05,0.21200690970634906
kanpur_industrial,2025-10-26,2025,26.375,80.425,0.00010069312820793183,0.16670924972975204
kanpur_industrial,2025-10-26,2025,26.375,80.475,0.00027062013437290533,0.12497125701489588
kanpur_industrial,2025-10-26,2025,26.375,80.525,0.0003082783762456903,0.08483465123958342
kanpur_industrial,2025-10-26,2025,26.425,80.175,0.00020708783301969072,0.12317262168904501
kanpur_industrial,2025-10-26,2025,26.425,80.225,0.00021719627607134201,0.15009947260977918
kanpur_industrial,2025-10-26,2025,26.425,80.275,0.00020175731348184164,0.18745640832209398
kanpur_industrial,2025-10-26,2025,26.425,80.325,4.790228055565506e-05,0.2573309408930611
kanpur_industrial,2025-10-26,2025,26.425,80.375,-2.149302270076335e-05,0.21237176810771205
kanpur_industrial,2025-10-26,2025,26.425,80.425,0.0001294477363221538,0.23724453879211838
kanpur_industrial,2025-10-26,2025,26.425,80.475,0.00017468678940562977,0.21496117683114765
kanpur_industrial,2025-10-26,2025,26.425,80.525,0.00019841812232372297,0.10004521468054749
kanpur_industrial,2025-10-26,2025,26.425,80.55,0.00023907506668854552,0.09441610852523008
kanpur_industrial,2025-10-26,2025,26.475,80.175,0.00019831450202246112,0.12600965809745288
kanpur_industrial,2025-10-26,2025,26.475,80.225,0.0001762890830041877,0.1482070993562615
kanpur_industrial,2025-10-26,2025,26.475,80.275,0.0001681419725629802,0.17049295789023422
kanpur_industrial,2025-10-26,2025,26.475,80.325,0.00023163685247989553,0.25341926554313254
kanpur_industrial,2025-10-26,2025,26.475,80.375,0.0003115153444837436,0.24904625963566918
kanpur_industrial,2025-10-26,2025,26.475,80.425,0.00025262984074008295,0.2602890416442574
kanpur_industrial,2025-10-26,2025,26.475,80.475,0.00014703790388591746,0.21949325141514167
kanpur_industrial,2025-10-26,2025,26.475,80.525,0.00015187997440853943,0.1211537722421248
kanpur_industrial,2025-10-26,2025,26.475,80.55,0.00015303061167569915,0.12005657299361473
kanpur_industrial,2025-10-26,2025,26.525,80.175,0.00016782943870726375,0.1534788060667253
kanpur_industrial,2025-10-26,2025,26.525,80.225,0.00012703266064299152,0.16829916969627293
kanpur_industrial,2025-10-26,2025,26.525,80.275,0.00013450831003326827,0.17481288798769573
kanpur_industrial,2025-10-26,2025,26.525,80.325,0.00019115195720696397,0.23744410865595142
kanpur_industrial,2025-10-26,2025,26.525,80.375,0.00028902428476279356,0.2372381631176188
kanpur_industrial,2025-10-26,2025,26.525,80.425,0.00029724988654181427,0.22502860927158372
kanpur_industrial,2025-10-26,2025,26.525,80.475,0.00017807364514883597,0.15591931945249082
kanpur_industrial,2025-10-26,2025,26.525,80.525,0.00016280183901579438,0.13378774970012872
kanpur_industrial,2025-10-26,2025,26.525,80.55,0.00018487801190321672,0.13185670850962472
kanpur_industrial,2025-10-26,2025,26.575,80.175,0.00015005029351923682,0.22455338003255176
kanpur_industrial,2025-10-26,2025,26.575,80.225,0.0001268665934208001,0.23543439232046365
kanpur_industrial,2025-10-26,2025,26.575,80.275,0.00018085027950895177,0.2323650387997142
kanpur_industrial,2025-10-26,2025,26.575,80.325,8.580007424508702e-05,0.1956143435774321
kanpur_industrial,2025-10-26,2025,26.575,80.375,0.0002282412874187911,0.2049315263811033
kanpur_industrial,2025-10-26,2025,26.575,80.425,0.0002387971903486924,0.19402709026181725
kanpur_industrial,2025-10-26,2025,26.575,80.475,0.0002022348148958794,0.16748335794217314
kanpur_industrial,2025-10-26,2025,26.575,80.525,0.00023283530300610182,0.128062784450284
kanpur_industrial,2025-10-26,2025,26.575,80.55,0.00020431637437307246,0.14619574113838843
kanpur_industrial,2025-10-29,2025,26.425,80.325,7.352938713563745e-05,0.2987023299103066
kanpur_industrial,2025-10-29,2025,26.425,80.375,7.352938698785633e-05,0.29870232930996754
kanpur_industrial,2025-10-29,2025,26.425,80.425,0.00016526882591700944,0.294577731186143
kanpur_industrial,2025-10-29,2025,26.425,80.475,0.00026618220879850806,0.29004067349136264
kanpur_industrial,2025-10-29,2025,26.475,80.325,7.352938848592283e-05,0.29870233539564256
kanpur_industrial,2025-10-29,2025,26.475,80.375,8.790828693764888e-05,0.2965992317435403
kanpur_industrial,2025-10-29,2025,26.475,80.425,0.00017707539221012243,0.29318326674220624
kanpur_industrial,2025-10-29,2025,26.475,80.475,0.00027750051975259174,0.2911461027733411
kanpur_industrial,2025-10-29,2025,26.475,80.525,0.0003391764436904622,0.297183450614363
kanpur_industrial,2025-10-29,2025,26.475,80.55,0.0003391764436904622,0.297183450614363
kanpur_industrial,2025-10-29,2025,26.525,80.325,7.35293896614654e-05,0.29870234017111147
kanpur_industrial,2025-10-29,2025,26.525,80.375,0.0001003715608412822,0.2947763190201889
kanpur_industrial,2025-10-29,2025,26.525,80.425,0.00019634577193827822,0.2890341746995196
kanpur_industrial,2025-10-29,2025,26.525,80.475,0.00028140744092375146,0.28810709682845115
kanpur_industrial,2025-10-29,2025,26.525,80.525,0.0003391764446336318,0.29718345144076
kanpur_industrial,2025-10-29,2025,26.525,80.55,0.00033917644541603387,0.29718345212629393
kanpur_industrial,2025-10-29,2025,26.575,80.425,0.00025176734430158775,0.27263272060148086
kanpur_industrial,2025-10-29,2025,26.575,80.475,0.00027057689807728774,0.27791578973597003
kanpur_industrial,2025-10-29,2025,26.575,80.525,0.0003391764471416055,0.2971834536382248
kanpur_industrial,2025-10-29,2025,26.575,80.55,0.0003391764471416055,0.2971834536382248
kanpur_industrial,2025-11-01,2025,26.325,80.175,0.00017686898661596796,0.22221278330351027
kanpur_industrial,2025-11-01,2025,26.325,80.225,7.523482621267554e-05,0.2523219446179194
kanpur_industrial,2025-11-01,2025,26.325,80.275,0.0001055841602677208,0.28016045775947507
kanpur_industrial,2025-11-01,2025,26.325,80.325,0.00012228701130322835,0.274407560015266
kanpur_industrial,2025-11-01,2025,26.325,80.375,5.791547691298445e-05,0.2776322052536491
kanpur_industrial,2025-11-01,2025,26.325,80.425,4.257284747263393e-05,0.2765697281104517
kanpur_industrial,2025-11-01,2025,26.325,80.475,0.00023051556864948385,0.22052456753155583
kanpur_industrial,2025-11-01,2025,26.325,80.525,0.00022992991444084816,0.2193496984967551
kanpur_industrial,2025-11-01,2025,26.325,80.55,0.0002300947505038213,0.1950721923808002
kanpur_industrial,2025-11-01,2025,26.375,80.175,0.00012141288155639075,0.25665017853165034
kanpur_industrial,2025-11-01,2025,26.375,80.225,9.974256640166574e-05,0.27947128910212826
kanpur_industrial,2025-11-01,2025,26.375,80.275,0.00017658973270541785,0.28150355881922035
kanpur_industrial,2025-11-01,2025,26.375,80.325,0.000171039828902157,0.2916856278012259
kanpur_industrial,2025-11-01,2025,26.375,80.375,0.0001845789077903491,0.24417547312558155
kanpur_industrial,2025-11-01,2025,26.375,80.425,0.0002107303036900779,0.22497594116390965
kanpur_industrial,2025-11-01,2025,26.375,80.475,0.0002330831064072502,0.21110394946680608
kanpur_industrial,2025-11-01,2025,26.375,80.525,0.00023027528523945854,0.16848254282523056
kanpur_industrial,2025-11-01,2025,26.425,80.175,0.00010932817053951851,0.25543681390679907
kanpur_industrial,2025-11-01,2025,26.425,80.225,0.00014646800478492324,0.24977029311672733
kanpur_industrial,2025-11-01,2025,26.425,80.275,0.00018187257169950764,0.265045040260253
kanpur_industrial,2025-11-01,2025,26.425,80.325,0.0002049531531208432,0.22548747599162833
kanpur_industrial,2025-11-01,2025,26.425,80.375,0.00013826228825631763,0.1942875680345998
kanpur_industrial,2025-11-01,2025,26.425,80.425,0.0001823127459170642,0.17658133606297446
kanpur_industrial,2025-11-01,2025,26.425,80.475,0.00027237804419732184,0.16041193321252342
kanpur_industrial,2025-11-01,2025,26.425,80.525,0.0003254083324847144,0.12796802907346194
kanpur_industrial,2025-11-01,2025,26.425,80.55,0.0002902016142128481,0.14296158928080938
kanpur_industrial,2025-11-01,2025,26.475,80.175,0.00015226844497637457,0.24061333727274717
kanpur_industrial,2025-11-01,2025,26.475,80.225,0.000190201604591715,0.23473811142013842
kanpur_industrial,2025-11-01,2025,26.475,80.275,0.0002007730888288337,0.23428674193774063
kanpur_industrial,2025-11-01,2025,26.475,80.325,0.00028809251165024907,0.17184454044986766
kanpur_industrial,2025-11-01,2025,26.475,80.375,0.0002254159560096748,0.15402023727163425
kanpur_industrial,2025-11-01,2025,26.475,80.425,0.00022774826513992374,0.1475745207122217
kanpur_industrial,2025-11-01,2025,26.475,80.475,0.0002793041283558851,0.1497862737023266
kanpur_industrial,2025-11-01,2025,26.475,80.525,0.00037456928158225106,0.157332762343424
kanpur_industrial,2025-11-01,2025,26.475,80.55,0.00037300617273134317,0.15478152168832285
kanpur_industrial,2025-11-01,2025,26.525,80.175,0.00020580278951268515,0.202117443156639
kanpur_industrial,2025-11-01,2025,26.525,80.225,0.00022687887148447675,0.19227285069718125
kanpur_industrial,2025-11-01,2025,26.525,80.275,0.0002106895154888684,0.1813606808679015
kanpur_industrial,2025-11-01,2025,26.525,80.325,0.00036338139794283507,0.12100320129363573
kanpur_industrial,2025-11-01,2025,26.525,80.375,0.00031452122304156737,0.1131458576133982
kanpur_industrial,2025-11-01,2025,26.525,80.425,0.00027993882668560525,0.1261217959537634
kanpur_industrial,2025-11-01,2025,26.525,80.475,0.0002791786690979479,0.1553330536384981
kanpur_industrial,2025-11-01,2025,26.525,80.525,0.0003462555537457182,0.19697750173690576
kanpur_industrial,2025-11-01,2025,26.525,80.55,0.00030508616803272585,0.2010050229761708
kanpur_industrial,2025-11-01,2025,26.575,80.175,0.00024154953372265787,0.1327186556155637
kanpur_industrial,2025-11-01,2025,26.575,80.225,0.0002519669151958177,0.09655637032902895
kanpur_industrial,2025-11-01,2025,26.575,80.275,0.00019677867371383897,0.1018938018501988
kanpur_industrial,2025-11-01,2025,26.575,80.325,0.0003869983160790557,0.06934833801281447
kanpur_industrial,2025-11-01,2025,26.575,80.375,0.000315694191235179,0.06674016176048406
kanpur_industrial,2025-11-01,2025,26.575,80.425,0.00029508147106881643,0.10675703523509888
kanpur_industrial,2025-11-01,2025,26.575,80.475,0.00028247084273672675,0.1643076200450497
kanpur_industrial,2025-11-01,2025,26.575,80.525,0.0002151838836405449,0.20994808377888535
kanpur_industrial,2025-11-01,2025,26.575,80.55,0.0002501259278506811,0.21230545698413616
kanpur_industrial,2025-11-02,2025,26.325,80.175,0.0002914336962818158,0.24463707982189126
kanpur_industrial,2025-11-02,2025,26.325,80.225,0.00031149125059220405,0.2551633724458375
kanpur_industrial,2025-11-02,2025,26.325,80.275,0.00036314641623351256,0.29155735530341786
kanpur_industrial,2025-11-02,2025,26.325,80.325,0.00028973585726043143,0.2667213928821367
kanpur_industrial,2025-11-02,2025,26.325,80.375,0.00027803234296581346,0.2628827932270551
kanpur_industrial,2025-11-02,2025,26.325,80.475,0.0002875868520968132,0.2918211726150455
kanpur_industrial,2025-11-02,2025,26.325,80.525,0.0002875868520968132,0.2918211726150455
kanpur_industrial,2025-11-02,2025,26.325,80.55,0.0002875868520968132,0.2918211726150455
kanpur_industrial,2025-11-02,2025,26.375,80.175,0.0002152151249079662,0.27010777627133803
kanpur_industrial,2025-11-02,2025,26.375,80.225,0.00020004852080180336,0.2511143542555645
kanpur_industrial,2025-11-02,2025,26.375,80.275,0.00017583751227012978,0.24680418168904786
kanpur_industrial,2025-11-02,2025,26.375,80.325,0.000277397592464598,0.2627829260746451
kanpur_industrial,2025-11-02,2025,26.375,80.375,0.00027803234296581346,0.2628827932270551
kanpur_industrial,2025-11-02,2025,26.375,80.475,0.0002875868520968132,0.2918211726150455
kanpur_industrial,2025-11-02,2025,26.375,80.525,0.0002875868520968132,0.2918211726150455
kanpur_industrial,2025-11-02,2025,26.425,80.175,0.00027267355661169686,0.2834470894410095
kanpur_industrial,2025-11-02,2025,26.425,80.225,0.0002750904667835488,0.28187942724765536
kanpur_industrial,2025-11-02,2025,26.425,80.275,0.0002508708976334169,0.279586250609404
kanpur_industrial,2025-11-02,2025,26.425,80.325,0.00027780691410054576,0.2636246059556169
kanpur_industrial,2025-11-02,2025,26.425,80.375,0.00027803234296581346,0.2628827932270551
kanpur_industrial,2025-11-02,2025,26.425,80.425,0.00029470588269614575,0.26985355374607606
kanpur_industrial,2025-11-02,2025,26.425,80.475,0.0002891999146496082,0.27191851652483345
kanpur_industrial,2025-11-02,2025,26.425,80.525,0.0002737349607570938,0.2778692687526179
kanpur_industrial,2025-11-02,2025,26.425,80.55,0.0002788612512528955,0.2830325717568234
kanpur_industrial,2025-11-02,2025,26.475,80.175,0.00027468531462075896,0.2943709463923754
kanpur_industrial,2025-11-02,2025,26.475,80.225,0.00026958284797840503,0.2933108026953262
kanpur_industrial,2025-11-02,2025,26.475,80.275,0.0002544072717599081,0.28997738602577455
kanpur_industrial,2025-11-02,2025,26.475,80.325,0.0002427622462242238,0.2900337101995349
kanpur_industrial,2025-11-02,2025,26.475,80.375,0.00027983201627218324,0.2880571599504903
kanpur_industrial,2025-11-02,2025,26.475,80.425,0.00025701105844611147,0.2747267638664851
kanpur_industrial,2025-11-02,2025,26.475,80.475,0.00023572447761718051,0.2686186820479314
kanpur_industrial,2025-11-02,2025,26.475,80.525,0.00023368154963802855,0.27333794346504264
kanpur_industrial,2025-11-02,2025,26.475,80.55,0.0002360129165477985,0.2733958870799795
kanpur_industrial,2025-11-02,2025,26.525,80.175,0.000250242332186465,0.2978510879352966
kanpur_industrial,2025-11-02,2025,26.525,80.225,0.00024766438843165797,0.2960962040812976
kanpur_industrial,2025-11-02,2025,26.525,80.275,0.000241983566381008,0.29223157961365653
kanpur_industrial,2025-11-02,2025,26.525,80.325,0.0002577812047947516,0.28730982647628545
kanpur_industrial,2025-11-02,2025,26.525,80.375,0.0002946593728902012,0.2832509552382891
kanpur_industrial,2025-11-02,2025,26.525,80.425,0.0002574589388790248,0.27315395932133085
kanpur_industrial,2025-11-02,2025,26.525,80.475,0.00020119395078767096,0.26534369810980274
kanpur_industrial,2025-11-02,2025,26.525,80.525,0.0002014180131291174,0.27125723351095776
kanpur_industrial,2025-11-02,2025,26.525,80.55,0.00020102632701891692,0.2701866472407396
kanpur_industrial,2025-11-02,2025,26.575,80.175,0.00033961217558472557,0.2899703747718578
kanpur_industrial,2025-11-02,2025,26.575,80.225,0.0002505281850215322,0.2936915110043364
kanpur_industrial,2025-11-02,2025,26.575,80.275,0.00024689894391550853,0.2937965523362474
kanpur_industrial,2025-11-02,2025,26.575,80.325,0.0002979383725361964,0.280048929232386
kanpur_industrial,2025-11-02,2025,26.575,80.375,0.00033604583483463375,0.27011782915472415
kanpur_industrial,2025-11-02,2025,26.575,80.425,0.0003004581128080578,0.26338451886209624
kanpur_industrial,2025-11-02,2025,26.575,80.475,0.00023653800754201853,0.26151398656427477
kanpur_industrial,2025-11-02,2025,26.575,80.525,0.0002005250128122537,0.26764150934481185
kanpur_industrial,2025-11-02,2025,26.575,80.55,0.0002146641297927792,0.2604662162077349
kanpur_industrial,2025-11-03,2025,26.325,80.175,0.0002670468504753644,0.12809791888184718
kanpur_industrial,2025-11-03,2025,26.325,80.225,0.00032145012036879195,0.12914169020947025
kanpur_industrial,2025-11-03,2025,26.325,80.275,0.0003115352508637632,0.1297528994019002
kanpur_industrial,2025-11-03,2025,26.325,80.325,0.0003254642435324618,0.13707174731216049
kanpur_industrial,2025-11-03,2025,26.325,80.375,0.0003146604951339813,0.13736836348156792
kanpur_industrial,2025-11-03,2025,26.325,80.425,0.00028347773493161694,0.1449735303159362
kanpur_industrial,2025-11-03,2025,26.325,80.475,0.00027684829012599626,0.15350387962007384
kanpur_industrial,2025-11-03,2025,26.325,80.525,0.00036636276534748495,0.1546001646875566
kanpur_industrial,2025-11-03,2025,26.325,80.55,0.0004028699331925615,0.16539513654916344
kanpur_industrial,2025-11-03,2025,26.375,80.175,0.00033794712769596243,0.12749436876627307
kanpur_industrial,2025-11-03,2025,26.375,80.225,0.00024984669455156396,0.13014375776485812
kanpur_industrial,2025-11-03,2025,26.375,80.275,0.0002425628299533515,0.13010607184518397
kanpur_industrial,2025-11-03,2025,26.375,80.325,0.00031069662140213505,0.13872463408429203
kanpur_industrial,2025-11-03,2025,26.375,80.375,0.0002957485440675137,0.13844111580873644
kanpur_industrial,2025-11-03,2025,26.375,80.425,0.0002502267483186888,0.14659396503748368
kanpur_industrial,2025-11-03,2025,26.375,80.475,0.00025802081526378424,0.1603169079469535
kanpur_industrial,2025-11-03,2025,26.375,80.525,0.0004428539741657406,0.17721820096901855
kanpur_industrial,2025-11-03,2025,26.425,80.175,0.0003054302231476105,0.12848882238173387
kanpur_industrial,2025-11-03,2025,26.425,80.225,0.0003108407049194652,0.13227649748171277
kanpur_industrial,2025-11-03,2025,26.425,80.275,0.0003039812044023828,0.13937682615786776
kanpur_industrial,2025-11-03,2025,26.425,80.325,0.000294874405475632,0.14258157796970472
kanpur_industrial,2025-11-03,2025,26.425,80.375,0.0003156930440468271,0.15197896324470325
kanpur_industrial,2025-11-03,2025,26.425,80.425,0.00032286871234214504,0.15848101393710745
kanpur_industrial,2025-11-03,2025,26.425,80.475,0.00032701514253981995,0.16946052061262523
kanpur_industrial,2025-11-03,2025,26.425,80.525,0.00034336536945735527,0.19659118328771785
kanpur_industrial,2025-11-03,2025,26.425,80.55,0.00038018398694786006,0.18942165439812048
kanpur_industrial,2025-11-03,2025,26.475,80.175,0.0002624864798498736,0.12914093950098626
kanpur_industrial,2025-11-03,2025,26.475,80.225,0.00030354661519514144,0.13439271131119798
kanpur_industrial,2025-11-03,2025,26.475,80.275,0.00033937486375647057,0.14632769088548886
kanpur_industrial,2025-11-03,2025,26.475,80.325,0.00031471148947186475,0.14649500143678668
kanpur_industrial,2025-11-03,2025,26.475,80.375,0.0003320234923873726,0.16421702095268348
kanpur_industrial,2025-11-03,2025,26.475,80.425,0.00034297510979357335,0.16994345483171053
kanpur_industrial,2025-11-03,2025,26.475,80.475,0.0003322848725291436,0.17830422764017836
kanpur_industrial,2025-11-03,2025,26.475,80.525,0.0002736816801863331,0.21199159097523
kanpur_industrial,2025-11-03,2025,26.475,80.55,0.00027648490992458947,0.21132861821576437
kanpur_industrial,2025-11-03,2025,26.525,80.175,0.00023731317026124527,0.1411288792518538
kanpur_industrial,2025-11-03,2025,26.525,80.225,0.0002630366877455743,0.14950373307859186
kanpur_industrial,2025-11-03,2025,26.525,80.275,0.0003148157713340887,0.1601587826528396
kanpur_industrial,2025-11-03,2025,26.525,80.325,0.00034265539340468023,0.1673483551820738
kanpur_industrial,2025-11-03,2025,26.525,80.375,0.00035189586510578575,0.1863449667237442
kanpur_industrial,2025-11-03,2025,26.525,80.425,0.0003606703070974344,0.19561681181623966
kanpur_industrial,2025-11-03,2025,26.525,80.475,0.0003491784649382795,0.20511837922214388
kanpur_industrial,2025-11-03,2025,26.525,80.525,0.00028854225240724986,0.23338490723919594
kanpur_industrial,2025-11-03,2025,26.525,80.55,0.00033257986100983705,0.24363209860677482
kanpur_industrial,2025-11-03,2025,26.575,80.175,0.00025253278234145586,0.17278627485480913
kanpur_industrial,2025-11-03,2025,26.575,80.225,0.0002090228601600278,0.18662024986289727
kanpur_industrial,2025-11-03,2025,26.575,80.275,0.00020429780759296073,0.18673590729574754
kanpur_industrial,2025-11-03,2025,26.575,80.325,0.00035839666327644416,0.21617842550219146
kanpur_industrial,2025-11-03,2025,26.575,80.375,0.00037844070955064606,0.22638874093349234
kanpur_industrial,2025-11-03,2025,26.575,80.425,0.0004048095305034725,0.24418560947781143
kanpur_industrial,2025-11-03,2025,26.575,80.475,0.00042722574215479404,0.261164628031325
kanpur_industrial,2025-11-03,2025,26.575,80.525,0.00042976653820961294,0.2664933821411229
kanpur_industrial,2025-11-03,2025,26.575,80.55,0.0004322093542660047,0.27668460988442733
kanpur_industrial,2025-11-04,2025,26.325,80.325,0.00010707685054575431,0.17464413072424115
kanpur_industrial,2025-11-04,2025,26.325,80.375,0.00010818548368296392,0.17402550781767234
kanpur_industrial,2025-11-04,2025,26.325,80.425,0.00011612645148137815,0.13201626040360145
kanpur_industrial,2025-11-04,2025,26.325,80.475,0.00013023434865048924,0.0865603143783467
kanpur_industrial,2025-11-04,2025,26.325,80.525,0.00015349039323899122,0.08100870767142265
kanpur_industrial,2025-11-04,2025,26.325,80.55,0.0001681753970742415,0.08152455601499616
kanpur_industrial,2025-11-04,2025,26.375,80.425,0.00012510194202575996,0.09228931967305944
kanpur_industrial,2025-11-04,2025,26.375,80.475,0.00013796216608610024,0.09007197469462115
kanpur_industrial,2025-11-04,2025,26.375,80.525,0.0001842589727033251,0.08208953277224332
kanpur_industrial,2025-11-04,2025,26.425,80.375,0.00025708295389735445,0.21759440090514653
kanpur_industrial,2025-11-04,2025,26.425,80.425,0.00024221185364000673,0.20347551823504995
kanpur_industrial,2025-11-04,2025,26.425,80.475,0.00022481296664394172,0.18910325467871492
kanpur_industrial,2025-11-04,2025,26.425,80.525,0.00020742365269946355,0.17966462965231822
kanpur_industrial,2025-11-04,2025,26.425,80.55,0.00019885089711034145,0.143554160728196
kanpur_industrial,2025-11-04,2025,26.475,80.375,0.00025708295389735445,0.21759440090514653
kanpur_industrial,2025-11-04,2025,26.475,80.425,0.0002570829535245716,0.21759440058962395
kanpur_industrial,2025-11-04,2025,26.475,80.475,0.0002477730583786721,0.21491160311422725
kanpur_industrial,2025-11-04,2025,26.475,80.525,0.0002134428215173578,0.2050187886841487
kanpur_industrial,2025-11-04,2025,26.475,80.55,0.0002134428215173578,0.2050187886841487
kanpur_industrial,2025-11-05,2025,26.325,80.175,0.00038747646426532566,0.0690662605191684
kanpur_industrial,2025-11-05,2025,26.325,80.225,0.000385617603612609,0.05545388074614579
kanpur_industrial,2025-11-05,2025,26.325,80.275,0.000330432406860453,0.04598330347789312
kanpur_industrial,2025-11-05,2025,26.325,80.325,0.00018250873204198783,0.01659986975764859
kanpur_industrial,2025-11-05,2025,26.325,80.375,0.0001288790929777436,0.005365459969995879
kanpur_industrial,2025-11-05,2025,26.325,80.425,0.0002530291783248339,0.0008298052107322269
kanpur_industrial,2025-11-05,2025,26.325,80.475,0.00043935581930750514,0
kanpur_industrial,2025-11-05,2025,26.325,80.525,0.0005443246813898473,0
kanpur_industrial,2025-11-05,2025,26.325,80.55,0.0004685837966853356,0
kanpur_industrial,2025-11-05,2025,26.375,80.175,0.00033718297488455177,0.019854249320294354
kanpur_industrial,2025-11-05,2025,26.375,80.225,0.00024397062820854775,0.0010739062149788363
kanpur_industrial,2025-11-05,2025,26.375,80.275,0.00019773371936713545,0.004322472515289816
kanpur_industrial,2025-11-05,2025,26.375,80.325,0.00027297588787112906,0.038860003746114605
kanpur_industrial,2025-11-05,2025,26.375,80.375,0.00021170660985178022,0.03476361936184673
kanpur_industrial,2025-11-05,2025,26.375,80.425,0.00028270178091874113,0.017317673963107343
kanpur_industrial,2025-11-05,2025,26.375,80.475,0.00038489789007356155,0
kanpur_industrial,2025-11-05,2025,26.375,80.525,0.00038562949438991796,0
kanpur_industrial,2025-11-05,2025,26.425,80.175,0.00034493719988655617,0.00404624574755366
kanpur_industrial,2025-11-05,2025,26.425,80.225,0.0003306143365047764,0.00021612362576449082
kanpur_industrial,2025-11-05,2025,26.425,80.275,0.0002680889561518427,0.0008915099562785246
kanpur_industrial,2025-11-05,2025,26.425,80.325,0.00029961498337103317,0.008059396808988371
kanpur_industrial,2025-11-05,2025,26.425,80.375,0.0002962504684856728,0.007176848575935643
kanpur_industrial,2025-11-05,2025,26.425,80.425,0.0002631719945731551,0.003548852473571787
kanpur_industrial,2025-11-05,2025,26.425,80.475,0.00024328744414361088,0
kanpur_industrial,2025-11-05,2025,26.425,80.525,0.00029905936372800877,0
kanpur_industrial,2025-11-05,2025,26.425,80.55,0.0003310971286186366,0
kanpur_industrial,2025-11-05,2025,26.475,80.175,0.0003429552351643911,0
kanpur_industrial,2025-11-05,2025,26.475,80.225,0.00035867565232530443,0
kanpur_industrial,2025-11-05,2025,26.475,80.275,0.00030460425527895806,0
kanpur_industrial,2025-11-05,2025,26.475,80.325,0.00023415524040168608,0
kanpur_industrial,2025-11-05,2025,26.475,80.375,0.000353904525138473,0
kanpur_industrial,2025-11-05,2025,26.475,80.425,0.00033565001257254934,0
kanpur_industrial,2025-11-05,2025,26.475,80.475,0.0002715643839391954,0
kanpur_industrial,2025-11-05,2025,26.475,80.525,0.00027953781438921986,0
kanpur_industrial,2025-11-05,2025,26.475,80.55,0.00027934767737200755,0
kanpur_industrial,2025-11-05,2025,26.525,80.175,0.0003390759575998593,0.007623206713519409
kanpur_industrial,2025-11-05,2025,26.525,80.225,0.0003600255173225905,0.010547567476592527
kanpur_industrial,2025-11-05,2025,26.525,80.275,0.0003105848131935477,0.008057815626572234
kanpur_industrial,2025-11-05,2025,26.525,80.325,0.0002221265422911189,0
kanpur_industrial,2025-11-05,2025,26.525,80.375,0.0003663851187040244,0
kanpur_industrial,2025-11-05,2025,26.525,80.425,0.0003784131629125917,0
kanpur_industrial,2025-11-05,2025,26.525,80.475,0.0003243289463087456,0.0007292655923789833
kanpur_industrial,2025-11-05,2025,26.525,80.525,0.00028682837266129677,0.003521009029871199
kanpur_industrial,2025-11-05,2025,26.525,80.55,0.00029072539534105235,0.006441846066014353
kanpur_industrial,2025-11-05,2025,26.575,80.175,0.0003392738698255335,0.028130212534584212
kanpur_industrial,2025-11-05,2025,26.575,80.225,0.0003508765646230432,0.038612188008152
kanpur_industrial,2025-11-05,2025,26.575,80.275,0.00028338703902596704,0.029619678364801602
kanpur_industrial,2025-11-05,2025,26.575,80.325,0.0003545187313359506,0.00019243944553307336
kanpur_industrial,2025-11-05,2025,26.575,80.375,0.00031878901921364504,0
kanpur_industrial,2025-11-05,2025,26.575,80.425,0.00030958086698613805,2.097478921286218e-05
kanpur_industrial,2025-11-05,2025,26.575,80.475,0.0003108364905853944,0.0027797341564818243
kanpur_industrial,2025-11-05,2025,26.575,80.525,0.0002981336218951048,0.013216508695556276
kanpur_industrial,2025-11-05,2025,26.575,80.55,0.0002518571231718447,0.02619635467313141
kanpur_industrial,2025-11-06,2025,26.325,80.175,0.00017026257736311277,0
kanpur_industrial,2025-11-06,2025,26.325,80.225,0.00012595169114527481,0
kanpur_industrial,2025-11-06,2025,26.325,80.275,7.678730850385578e-05,0
kanpur_industrial,2025-11-06,2025,26.325,80.325,0.00016261565301245844,0
kanpur_industrial,2025-11-06,2025,26.325,80.375,0.00021118432955208785,0
kanpur_industrial,2025-11-06,2025,26.325,80.425,0.00021699460146616813,0
kanpur_industrial,2025-11-06,2025,26.325,80.475,0.00019883261800568577,0
kanpur_industrial,2025-11-06,2025,26.325,80.525,0.0001799443788269492,0
kanpur_industrial,2025-11-06,2025,26.325,80.55,0.0001105261174795224,0
kanpur_industrial,2025-11-06,2025,26.375,80.175,0.00014268738545022592,0
kanpur_industrial,2025-11-06,2025,26.375,80.225,0.00011414698127642692,0
kanpur_industrial,2025-11-06,2025,26.375,80.275,0.00016392434564202997,0
kanpur_industrial,2025-11-06,2025,26.375,80.325,0.00016980008260362477,0
kanpur_industrial,2025-11-06,2025,26.375,80.375,0.00021643654583398145,0
kanpur_industrial,2025-11-06,2025,26.375,80.425,0.00015427608975493104,0
kanpur_industrial,2025-11-06,2025,26.375,80.475,6.0669436660415527e-05,0
kanpur_industrial,2025-11-06,2025,26.375,80.525,3.449659314662639e-05,0
kanpur_industrial,2025-11-06,2025,26.425,80.175,0.0002397865918939121,0
kanpur_industrial,2025-11-06,2025,26.425,80.225,0.0001866882745231014,0
kanpur_industrial,2025-11-06,2025,26.425,80.275,0.00013654106314964923,0
kanpur_industrial,2025-11-06,2025,26.425,80.325,0.00012630354228287884,0
kanpur_industrial,2025-11-06,2025,26.425,80.375,0.000168622770725691,0
kanpur_industrial,2025-11-06,2025,26.425,80.425,0.00013118915717510527,0
kanpur_industrial,2025-11-06,2025,26.425,80.475,8.839031309991149e-05,0
kanpur_industrial,2025-11-06,2025,26.425,80.525,0.00014111940293452772,0
kanpur_industrial,2025-11-06,2025,26.425,80.55,0.00010166056781617053,0
kanpur_industrial,2025-11-06,2025,26.475,80.175,0.0001935815030924414,0
kanpur_industrial,2025-11-06,2025,26.475,80.225,0.00019327004766894857,0
kanpur_industrial,2025-11-06,2025,26.475,80.275,0.00015861776743251608,0
kanpur_industrial,2025-11-06,2025,26.475,80.325,8.149827062413811e-05,0
kanpur_industrial,2025-11-06,2025,26.475,80.375,0.00015846586044960246,0
kanpur_industrial,2025-11-06,2025,26.475,80.425,0.00014094662190272583,0
kanpur_industrial,2025-11-06,2025,26.475,80.475,0.00011763059052134769,0
kanpur_industrial,2025-11-06,2025,26.475,80.525,0.00021250539929180417,0
kanpur_industrial,2025-11-06,2025,26.475,80.55,0.00020971185612397283,0
kanpur_industrial,2025-11-06,2025,26.525,80.175,0.0001481642379180136,0
kanpur_industrial,2025-11-06,2025,26.525,80.225,0.00020988637787727868,0
kanpur_industrial,2025-11-06,2025,26.525,80.275,0.00022395855808061873,0
kanpur_industrial,2025-11-06,2025,26.525,80.325,0.00012656938402403622,0
kanpur_industrial,2025-11-06,2025,26.525,80.375,0.00018288260660955774,0
kanpur_industrial,2025-11-06,2025,26.525,80.425,0.00015774930983893651,0
kanpur_industrial,2025-11-06,2025,26.525,80.475,0.0001340718694917063,0
kanpur_industrial,2025-11-06,2025,26.525,80.525,0.0002354103220078833,0
kanpur_industrial,2025-11-06,2025,26.525,80.55,0.00022281048239348122,0
kanpur_industrial,2025-11-06,2025,26.575,80.175,0.00019370448434291793,0
kanpur_industrial,2025-11-06,2025,26.575,80.225,0.0002824191203629044,0
kanpur_industrial,2025-11-06,2025,26.575,80.275,0.00032929784951565594,0
kanpur_industrial,2025-11-06,2025,26.575,80.325,0.0003205565482238213,0
kanpur_industrial,2025-11-06,2025,26.575,80.375,0.0002479378313031937,0
kanpur_industrial,2025-11-06,2025,26.575,80.425,0.0001655215885647764,0
kanpur_industrial,2025-11-06,2025,26.575,80.475,0.0001232297252531135,0
kanpur_industrial,2025-11-06,2025,26.575,80.525,0.000195668337208919,0
kanpur_industrial,2025-11-06,2025,26.575,80.55,0.0002208834823922352,0
kanpur_industrial,2025-11-07,2025,26.325,80.175,0.00040457049250954875,0.03116599929287744
kanpur_industrial,2025-11-07,2025,26.325,80.225,0.0003374505185250762,0.0074074218021713935
kanpur_industrial,2025-11-07,2025,26.325,80.275,0.0002899653075811971,0
kanpur_industrial,2025-11-07,2025,26.325,80.325,0.0002940523008378041,0
kanpur_industrial,2025-11-07,2025,26.325,80.375,0.00026276351076369735,0
kanpur_industrial,2025-11-07,2025,26.325,80.425,0.00021233621550042605,0
kanpur_industrial,2025-11-07,2025,26.325,80.475,0.00016768580118702698,0
kanpur_industrial,2025-11-07,2025,26.325,80.525,0.00016205761277507565,0
kanpur_industrial,2025-11-07,2025,26.325,80.55,0.00021166601801680555,0
kanpur_industrial,2025-11-07,2025,26.375,80.175,0.0003662397933839403,0.00575514118630901
kanpur_industrial,2025-11-07,2025,26.375,80.225,0.0003485636569383998,0.00044357671701794404
kanpur_industrial,2025-11-07,2025,26.375,80.275,0.0003162496507374991,0
kanpur_industrial,2025-11-07,2025,26.375,80.325,0.0004367654082179032,0
kanpur_industrial,2025-11-07,2025,26.375,80.375,0.0002759606946374952,0
kanpur_industrial,2025-11-07,2025,26.375,80.425,0.00020971392161498077,0
kanpur_industrial,2025-11-07,2025,26.375,80.475,0.00021565425602158633,0
kanpur_industrial,2025-11-07,2025,26.375,80.525,0.00026599903328155736,0
kanpur_industrial,2025-11-07,2025,26.425,80.175,0.0004692075997996759,0.0011743307214421028
kanpur_industrial,2025-11-07,2025,26.425,80.225,0.0004549573675528614,9.222088254117897e-05
kanpur_industrial,2025-11-07,2025,26.425,80.275,0.00032705353982235685,0
kanpur_industrial,2025-11-07,2025,26.425,80.325,0.00034138993933265294,0
kanpur_industrial,2025-11-07,2025,26.425,80.375,0.0003826391863728762,0
kanpur_industrial,2025-11-07,2025,26.425,80.425,0.000341922635053393,0
kanpur_industrial,2025-11-07,2025,26.425,80.475,0.00026944734713453387,0
kanpur_industrial,2025-11-07,2025,26.425,80.525,0.00022780619151129987,0
kanpur_industrial,2025-11-07,2025,26.425,80.55,0.00024194055027667075,0
kanpur_industrial,2025-11-07,2025,26.475,80.175,0.0004113257038744294,0
kanpur_industrial,2025-11-07,2025,26.475,80.225,0.0003390093153157412,0
kanpur_industrial,2025-11-07,2025,26.475,80.275,0.00024987985019423565,0
kanpur_industrial,2025-11-07,2025,26.475,80.325,0.0003255426150643176,0
kanpur_industrial,2025-11-07,2025,26.475,80.375,0.00038096822140860133,0
kanpur_industrial,2025-11-07,2025,26.475,80.425,0.0003752912567121887,0
kanpur_industrial,2025-11-07,2025,26.475,80.475,0.00033264052706679053,0
kanpur_industrial,2025-11-07,2025,26.475,80.525,0.00027771802659465696,0
kanpur_industrial,2025-11-07,2025,26.475,80.55,0.00027389130826586857,0
kanpur_industrial,2025-11-07,2025,26.525,80.175,0.00033737224432884867,0
kanpur_industrial,2025-11-07,2025,26.525,80.225,0.00026563918124859244,0
kanpur_industrial,2025-11-07,2025,26.525,80.275,0.0002304084481939638,0
kanpur_industrial,2025-11-07,2025,26.525,80.325,0.0003455199056254285,0
kanpur_industrial,2025-11-07,2025,26.525,80.375,0.00037210557363119345,0
kanpur_industrial,2025-11-07,2025,26.525,80.425,0.00036934991437226133,0
kanpur_industrial,2025-11-07,2025,26.525,80.475,0.00035401810096318166,0
kanpur_industrial,2025-11-07,2025,26.525,80.525,0.0003475711965515437,0
kanpur_industrial,2025-11-07,2025,26.525,80.55,0.0003622298016911587,0
kanpur_industrial,2025-11-07,2025,26.575,80.175,0.00033982174552166645,6.032222093559713e-05
kanpur_industrial,2025-11-07,2025,26.575,80.225,0.00040179291912678487,0
kanpur_industrial,2025-11-07,2025,26.575,80.275,0.00036120417371499834,0
kanpur_industrial,2025-11-07,2025,26.575,80.325,0.00037770372345854336,0
kanpur_industrial,2025-11-07,2025,26.575,80.375,0.00041834822445211415,0
kanpur_industrial,2025-11-07,2025,26.575,80.425,0.00035668454343808535,0
kanpur_industrial,2025-11-07,2025,26.575,80.475,0.00029852862116948824,0
kanpur_industrial,2025-11-07,2025,26.575,80.525,0.0003935909222437619,0
kanpur_industrial,2025-11-07,2025,26.575,80.55,0.0003558337789782623,0
kanpur_industrial,2025-11-08,2025,26.325,80.175,0.00031558951843830245,0.2742763063491316
kanpur_industrial,2025-11-08,2025,26.325,80.225,0.00023419659867851447,0.2824544127583963
kanpur_industrial,2025-11-08,2025,26.325,80.275,0.0001406410719263435,0.2788548783038058
kanpur_industrial,2025-11-08,2025,26.325,80.325,0.00025949134013627964,0.26785166191319815
kanpur_industrial,2025-11-08,2025,26.325,80.375,0.0003081470712044197,0.2544206337548849
kanpur_industrial,2025-11-08,2025,26.325,80.425,0.00040336299864757717,0.22567481807089926
kanpur_industrial,2025-11-08,2025,26.325,80.475,0.0004817921967831596,0.18887396174655052
kanpur_industrial,2025-11-08,2025,26.325,80.525,0.00045531196017357977,0.15093407980301446
kanpur_industrial,2025-11-08,2025,26.325,80.55,0.0004468561726736237,0.1280579465604027
kanpur_industrial,2025-11-08,2025,26.375,80.175,0.0003670018439376554,0.2566967713057152
kanpur_industrial,2025-11-08,2025,26.375,80.225,0.0004050979070052871,0.25697561841921995
kanpur_industrial,2025-11-08,2025,26.375,80.275,0.0004144244194875393,0.258674783999564
kanpur_industrial,2025-11-08,2025,26.375,80.325,0.0004487456726376941,0.22948822706088695
kanpur_industrial,2025-11-08,2025,26.375,80.375,0.00029964558785214996,0.2346977905322332
kanpur_industrial,2025-11-08,2025,26.375,80.425,0.0002678356656642741,0.20418344264913812
kanpur_industrial,2025-11-08,2025,26.375,80.475,0.0003240358796100374,0.15445842732857087
kanpur_industrial,2025-11-08,2025,26.375,80.525,0.0004375950720784337,0.10300313396135174
kanpur_industrial,2025-11-08,2025,26.425,80.175,0.00027245851519378195,0.2326297589282949
kanpur_industrial,2025-11-08,2025,26.425,80.225,0.000325313290459429,0.2395614407218246
kanpur_industrial,2025-11-08,2025,26.425,80.275,0.0003460486649080143,0.24183004394161048
kanpur_industrial,2025-11-08,2025,26.425,80.325,0.0004089367311088292,0.2010278715975324
kanpur_industrial,2025-11-08,2025,26.425,80.375,0.00039059951552497985,0.1922989331300031
kanpur_industrial,2025-11-08,2025,26.425,80.425,0.0003703119760428484,0.17250711805931096
kanpur_industrial,2025-11-08,2025,26.425,80.475,0.00035779961246992835,0.1454240505772646
kanpur_industrial,2025-11-08,2025,26.425,80.525,0.0003651609687766401,0.11362844046158524
kanpur_industrial,2025-11-08,2025,26.425,80.55,0.0003919672904710047,0.10969624041819173
kanpur_industrial,2025-11-08,2025,26.475,80.175,0.00025968314117087845,0.21803441172270918
kanpur_industrial,2025-11-08,2025,26.475,80.225,0.0002936578217006666,0.22773934912800328
kanpur_industrial,2025-11-08,2025,26.475,80.275,0.0003077897770263,0.2293058277431131
kanpur_industrial,2025-11-08,2025,26.475,80.325,0.0003153980430049849,0.19118518456178454
kanpur_industrial,2025-11-08,2025,26.475,80.375,0.00036228706921297285,0.17201000000183794
kanpur_industrial,2025-11-08,2025,26.475,80.425,0.0003891932289771545,0.15334488442188104
kanpur_industrial,2025-11-08,2025,26.475,80.475,0.00039511841862582337,0.13529674832681673
kanpur_industrial,2025-11-08,2025,26.475,80.525,0.00037316158280705083,0.11600194064511425
kanpur_industrial,2025-11-08,2025,26.475,80.55,0.0003714462176129913,0.11602671662493455
kanpur_industrial,2025-11-08,2025,26.525,80.175,0.0003133382544229295,0.2038102246085215
kanpur_industrial,2025-11-08,2025,26.525,80.225,0.00034924267197345804,0.21415255219054283
kanpur_industrial,2025-11-08,2025,26.525,80.275,0.00034413263980470496,0.2118917139583287
kanpur_industrial,2025-11-08,2025,26.525,80.325,0.000267500351728944,0.1831871071143522
kanpur_industrial,2025-11-08,2025,26.525,80.375,0.00029772673517124116,0.15914422840526143
kanpur_industrial,2025-11-08,2025,26.525,80.425,0.00033460170794265823,0.1395078479404987
kanpur_industrial,2025-11-08,2025,26.525,80.475,0.0003664943548622626,0.12428010244240417
kanpur_industrial,2025-11-08,2025,26.525,80.525,0.00037368901503595666,0.1123682605131705
kanpur_industrial,2025-11-08,2025,26.525,80.55,0.00035472236132196933,0.10963422315065137
kanpur_industrial,2025-11-08,2025,26.575,80.175,0.00042766607594437036,0.18501498354995952
kanpur_industrial,2025-11-08,2025,26.575,80.225,0.0005195795737326547,0.19481176196192632
kanpur_industrial,2025-11-08,2025,26.575,80.275,0.0004892020179864291,0.18441378917967258
kanpur_industrial,2025-11-08,2025,26.575,80.325,0.0003348084200573992,0.1669493736967137
kanpur_industrial,2025-11-08,2025,26.575,80.375,0.0002496748174910999,0.14604056006202584
kanpur_industrial,2025-11-08,2025,26.575,80.425,0.00020973678333581657,0.12795655206459558
kanpur_industrial,2025-11-08,2025,26.575,80.475,0.0002232660510365225,0.11355714420313218
kanpur_industrial,2025-11-08,2025,26.575,80.525,0.00031324253753283024,0.10353897864296686
kanpur_industrial,2025-11-08,2025,26.575,80.55,0.0003269214463334753,0.10098910858652616
kanpur_industrial,2025-11-09,2025,26.325,80.175,0.0003194139782341201,0.1782104423175135
kanpur_industrial,2025-11-09,2025,26.325,80.225,0.00019890108882791388,0.1894577973287348
kanpur_industrial,2025-11-09,2025,26.325,80.275,0.0001803783115480177,0.18955570900717547
kanpur_industrial,2025-11-09,2025,26.325,80.325,0.00015932062795847036,0.19207541744803996
kanpur_industrial,2025-11-09,2025,26.325,80.375,0.0001589565755658342,0.19205575114752596
kanpur_industrial,2025-11-09,2025,26.325,80.425,0.00019847559185078183,0.19060121457265541
kanpur_industrial,2025-11-09,2025,26.325,80.475,0.0002615779253545615,0.18897017269582778
kanpur_industrial,2025-11-09,2025,26.325,80.525,0.00033863486072170104,0.18889188904203463
kanpur_industrial,2025-11-09,2025,26.325,80.55,0.000294822448536573,0.1847160866733269
kanpur_industrial,2025-11-09,2025,26.375,80.175,0.00046323517239973245,0.17291569930426956
kanpur_industrial,2025-11-09,2025,26.375,80.225,0.00043986481117476965,0.1853714583938592
kanpur_industrial,2025-11-09,2025,26.375,80.275,0.0003948138370949365,0.18529575719675162
kanpur_industrial,2025-11-09,2025,26.375,80.325,0.00038096833346186655,0.18316186962403896
kanpur_industrial,2025-11-09,2025,26.375,80.375,0.00031086684387825566,0.1836107422233413
kanpur_industrial,2025-11-09,2025,26.375,80.425,0.00018505813736087643,0.18136949094875565
kanpur_industrial,2025-11-09,2025,26.375,80.475,0.00011286125162226231,0.1790454938950166
kanpur_industrial,2025-11-09,2025,26.375,80.525,0.000246837425667147,0.18014258884093268
kanpur_industrial,2025-11-09,2025,26.425,80.175,0.00034133508333195376,0.16485789116717878
kanpur_industrial,2025-11-09,2025,26.425,80.225,0.00027870418315194506,0.18121395193495324
kanpur_industrial,2025-11-09,2025,26.425,80.275,0.0002602248660705904,0.18101035960211267
kanpur_industrial,2025-11-09,2025,26.425,80.325,0.00033030116124410956,0.1809107180843891
kanpur_industrial,2025-11-09,2025,26.425,80.375,0.0002345153741789129,0.1798104754128595
kanpur_industrial,2025-11-09,2025,26.425,80.425,0.00015983715310821677,0.1794217393134632
kanpur_industrial,2025-11-09,2025,26.425,80.475,0.00014768797399729379,0.17964817384233983
kanpur_industrial,2025-11-09,2025,26.425,80.525,0.0002564792028817438,0.18036326965220917
kanpur_industrial,2025-11-09,2025,26.425,80.55,0.0002529109861172867,0.18028160037559504
kanpur_industrial,2025-11-09,2025,26.475,80.175,0.00033177832535984076,0.1704000440081821
kanpur_industrial,2025-11-09,2025,26.475,80.225,0.0002794953364868586,0.17942126660252106
kanpur_industrial,2025-11-09,2025,26.475,80.275,0.0002863324501132961,0.17868503103426742
kanpur_industrial,2025-11-09,2025,26.475,80.325,0.00020900333866212192,0.18047431139651185
kanpur_industrial,2025-11-09,2025,26.475,80.375,0.00015148494807087887,0.17860792583086915
kanpur_industrial,2025-11-09,2025,26.475,80.425,0.00012141714950603206,0.17899477831172786
kanpur_industrial,2025-11-09,2025,26.475,80.475,0.0001301217462930689,0.18034936340686694
kanpur_industrial,2025-11-09,2025,26.475,80.525,0.00019673684798708892,0.18112813934710326
kanpur_industrial,2025-11-09,2025,26.475,80.55,0.00020071780545443605,0.181082890499398
kanpur_industrial,2025-11-09,2025,26.525,80.175,0.00033634147794787614,0.17675924255396439
kanpur_industrial,2025-11-09,2025,26.525,80.225,0.0003309107016374636,0.1779513965747672
kanpur_industrial,2025-11-09,2025,26.525,80.275,0.000367140191972162,0.17678274166782815
kanpur_industrial,2025-11-09,2025,26.525,80.325,0.00017449719603673637,0.17898386076184405
kanpur_industrial,2025-11-09,2025,26.525,80.375,0.00016543300360568814,0.17712079642572578
kanpur_industrial,2025-11-09,2025,26.525,80.425,0.00017280357361542905,0.17845888532313936
kanpur_industrial,2025-11-09,2025,26.525,80.475,0.00018077504059102443,0.1813313807375009
kanpur_industrial,2025-11-09,2025,26.525,80.525,0.00018012043400725895,0.18366839858165973
kanpur_industrial,2025-11-09,2025,26.525,80.55,0.00021136888838912672,0.18526380486572613
kanpur_industrial,2025-11-09,2025,26.575,80.175,0.00029420955119934385,0.1758373676263128
kanpur_industrial,2025-11-09,2025,26.575,80.225,0.00036570572740048037,0.1756994003857889
kanpur_industrial,2025-11-09,2025,26.575,80.275,0.0004377461799447282,0.1745592897569701
kanpur_industrial,2025-11-09,2025,26.575,80.325,0.00033372510009719425,0.17473811839199516
kanpur_industrial,2025-11-09,2025,26.575,80.375,0.00035327101105079103,0.17358006730601197
kanpur_industrial,2025-11-09,2025,26.575,80.425,0.00038079533704917423,0.17690977306331454
kanpur_industrial,2025-11-09,2025,26.575,80.475,0.0003768136785646896,0.18269958886076154
kanpur_industrial,2025-11-09,2025,26.575,80.525,0.0002801222872733313,0.1888141687744195
kanpur_industrial,2025-11-09,2025,26.575,80.55,0.0002737097058977526,0.190051565903147
kanpur_industrial,2025-11-10,2025,26.325,80.175,0.00030162090535031333,0.08381614300490582
kanpur_industrial,2025-11-10,2025,26.325,80.225,0.0003304375203836938,0.08291357239249432
kanpur_industrial,2025-11-10,2025,26.325,80.275,0.00038368655176958515,0.08387352201385487
kanpur_industrial,2025-11-10,2025,26.325,80.325,0.0005352654220003696,0.08031024980628601
kanpur_industrial,2025-11-10,2025,26.325,80.375,0.000514377158809021,0.07412879415297587
kanpur_industrial,2025-11-10,2025,26.325,80.425,0.0004452548377618656,0.06887820621042101
kanpur_industrial,2025-11-10,2025,26.325,80.475,0.00040847822932684667,0.06416841286741105
kanpur_industrial,2025-11-10,2025,26.325,80.525,0.0005219851512909318,0.05949710110038746
kanpur_industrial,2025-11-10,2025,26.325,80.55,0.00045483709268386664,0.03799989905384955
kanpur_industrial,2025-11-10,2025,26.375,80.175,0.00035570707027364126,0.0726844579462413
kanpur_industrial,2025-11-10,2025,26.375,80.225,0.00021991884545452759,0.06864954757362084
kanpur_industrial,2025-11-10,2025,26.375,80.275,0.00020139813539361154,0.06911151714657073
kanpur_industrial,2025-11-10,2025,26.375,80.325,0.00047744854604309003,0.06470205889308182
kanpur_industrial,2025-11-10,2025,26.375,80.375,0.0006156471272324339,0.0561034281020365
kanpur_industrial,2025-11-10,2025,26.375,80.425,0.0005783583319265018,0.03995487869186095
kanpur_industrial,2025-11-10,2025,26.375,80.475,0.0004612240065823959,0.023291178987265196
kanpur_industrial,2025-11-10,2025,26.375,80.525,0.0003812939808761286,0.014455344431450905
kanpur_industrial,2025-11-10,2025,26.425,80.175,0.0003582517610061923,0.07040420716396381
kanpur_industrial,2025-11-10,2025,26.425,80.225,0.0003496454006468652,0.06728076786236441
kanpur_industrial,2025-11-10,2025,26.425,80.275,0.000352665686590265,0.06599103478447177
kanpur_industrial,2025-11-10,2025,26.425,80.325,0.0003167474257540985,0.048108495017603545
kanpur_industrial,2025-11-10,2025,26.425,80.375,0.00032021033246210247,0.04060279566785397
kanpur_industrial,2025-11-10,2025,26.425,80.425,0.00030503656256741367,0.022356394281361318
kanpur_industrial,2025-11-10,2025,26.425,80.475,0.0002909424091549658,0.0048160776585620775
kanpur_industrial,2025-11-10,2025,26.425,80.525,0.00030721941018739443,0.0029814147889867496
kanpur_industrial,2025-11-10,2025,26.425,80.55,0.00033463283398558737,0.007227672215725452
kanpur_industrial,2025-11-10,2025,26.475,80.175,0.00032444925830158616,0.06668595836057913
kanpur_industrial,2025-11-10,2025,26.475,80.225,0.0003311525004025728,0.06226102480856451
kanpur_industrial,2025-11-10,2025,26.475,80.275,0.0003397881177317516,0.05909093141413603
kanpur_industrial,2025-11-10,2025,26.475,80.325,0.00027815093934811227,0.03954598873724023
kanpur_industrial,2025-11-10,2025,26.475,80.375,0.00029125750309409016,0.03193866694857639
kanpur_industrial,2025-11-10,2025,26.475,80.425,0.00031130594728558266,0.015227168644772698
kanpur_industrial,2025-11-10,2025,26.475,80.475,0.0003252005489712051,0.0015036864742354766
kanpur_industrial,2025-11-10,2025,26.475,80.525,0.0003162190529082492,0.007139656965314064
kanpur_industrial,2025-11-10,2025,26.475,80.55,0.00031441253532717226,0.006683050996602118
kanpur_industrial,2025-11-10,2025,26.525,80.175,0.00025833480836222816,0.06085997963700166
kanpur_industrial,2025-11-10,2025,26.525,80.225,0.0002814654094087551,0.05466022930261247
kanpur_industrial,2025-11-10,2025,26.525,80.275,0.0002619682322087255,0.04745688070937791
kanpur_industrial,2025-11-10,2025,26.525,80.325,0.00033895755413827696,0.02609040242643156
kanpur_industrial,2025-11-10,2025,26.525,80.375,0.00039302789115855787,0.020430371136791664
kanpur_industrial,2025-11-10,2025,26.525,80.425,0.00040113405756654776,0.011506182469163332
kanpur_industrial,2025-11-10,2025,26.525,80.475,0.00038717026476369,0.008294875204222025
kanpur_industrial,2025-11-10,2025,26.525,80.525,0.0003876402602933089,0.024194265455026127
kanpur_industrial,2025-11-10,2025,26.525,80.55,0.0004264521012203859,0.03317671923585565
kanpur_industrial,2025-11-10,2025,26.575,80.175,0.00016294205120012404,0.05264379949439526
kanpur_industrial,2025-11-10,2025,26.575,80.225,0.0002702717604541294,0.04535388129507817
kanpur_industrial,2025-11-10,2025,26.575,80.275,0.00017572460189590967,0.030681544488155965
kanpur_industrial,2025-11-10,2025,26.575,80.325,0.0004858778464846597,0.0001915112155287961
kanpur_industrial,2025-11-10,2025,26.575,80.375,0.000555869021676976,9.411037928278014e-05
kanpur_industrial,2025-11-10,2025,26.575,80.425,0.000460586384460712,0.007249990701670598
kanpur_industrial,2025-11-10,2025,26.575,80.475,0.0003677298769937725,0.023238472109803582
kanpur_industrial,2025-11-10,2025,26.575,80.525,0.0005109917979207491,0.0530763325169597
kanpur_industrial,2025-11-10,2025,26.575,80.55,0.00046968998045250285,0.056547178016612167
kanpur_industrial,2025-11-11,2025,26.325,80.175,0.00029181723394099314,0.09146760720680092
kanpur_industrial,2025-11-11,2025,26.325,80.225,0.00032642514532538224,0.08902379340831111
kanpur_industrial,2025-11-11,2025,26.325,80.275,0.0003821597038869674,0.08667504378604667
kanpur_industrial,2025-11-11,2025,26.325,80.325,0.00036197663275586183,0.08607053379469351
kanpur_industrial,2025-11-11,2025,26.325,80.375,0.0001862676521129892,0.08560469136597841
kanpur_industrial,2025-11-11,2025,26.325,80.425,0.00021415380167443828,0.0838638776590604
kanpur_industrial,2025-11-11,2025,26.325,80.475,0.0003019226656254045,0.07825417501946386
kanpur_industrial,2025-11-11,2025,26.325,80.525,0.00025962349899000405,0.0638423103448005
kanpur_industrial,2025-11-11,2025,26.325,80.55,0.0002858783678660906,0.038153577165932304
kanpur_industrial,2025-11-11,2025,26.375,80.175,0.00036354116840396004,0.08334946687546778
kanpur_industrial,2025-11-11,2025,26.375,80.225,0.0002877676550879598,0.0770904156407366
kanpur_industrial,2025-11-11,2025,26.375,80.275,0.0002467966088725975,0.07592672295032467
kanpur_industrial,2025-11-11,2025,26.375,80.325,0.0002901994132319549,0.07358765231215643
kanpur_industrial,2025-11-11,2025,26.375,80.375,0.00024491372095225875,0.07030315990621082
kanpur_industrial,2025-11-11,2025,26.375,80.425,0.000283563042019076,0.060066492430398764
kanpur_industrial,2025-11-11,2025,26.375,80.475,0.00033748799382519806,0.04146414834734727
kanpur_industrial,2025-11-11,2025,26.375,80.525,0.0003146337004446616,0.01001829797002904
kanpur_industrial,2025-11-11,2025,26.425,80.175,0.0001923007081033872,0.06476572773582166
kanpur_industrial,2025-11-11,2025,26.425,80.225,0.00018527040386014733,0.060216125058922945
kanpur_industrial,2025-11-11,2025,26.425,80.275,0.0003647490467539348,0.057336478453998696
kanpur_industrial,2025-11-11,2025,26.425,80.325,0.0002281314497431201,0.04754913013413058
kanpur_industrial,2025-11-11,2025,26.425,80.375,0.00033801260005673125,0.03710332052518309
kanpur_industrial,2025-11-11,2025,26.425,80.425,0.0002822861299759536,0.022409201595051158
kanpur_industrial,2025-11-11,2025,26.425,80.475,0.00019755027702056705,0.008605035860936734
kanpur_industrial,2025-11-11,2025,26.425,80.525,0.0002735540425899433,0.00206627395631849
kanpur_industrial,2025-11-11,2025,26.425,80.55,0.0002887567506149178,0.00500914898501452
kanpur_industrial,2025-11-11,2025,26.475,80.175,0.00018278111318568792,0.054649243900668366
kanpur_industrial,2025-11-11,2025,26.475,80.225,0.0001626055623109978,0.04763051849840004
kanpur_industrial,2025-11-11,2025,26.475,80.275,0.00035289608143612174,0.0438083827221952
kanpur_industrial,2025-11-11,2025,26.475,80.325,0.00017487789713811617,0.018939348815200614
kanpur_industrial,2025-11-11,2025,26.475,80.375,0.00024190831106716006,0.013841251566403145
kanpur_industrial,2025-11-11,2025,26.475,80.425,0.00022419533239489918,0.006175172050226307
kanpur_industrial,2025-11-11,2025,26.475,80.475,0.00019184153520295245,5.590382365987522e-06
kanpur_industrial,2025-11-11,2025,26.475,80.525,0.00023688834008845153,0
kanpur_industrial,2025-11-11,2025,26.475,80.55,0.00023855058466789312,0
kanpur_industrial,2025-11-11,2025,26.525,80.175,0.00020698483700367192,0.04051961755707493
kanpur_industrial,2025-11-11,2025,26.525,80.225,0.00017864489926756248,0.030276019597958104
kanpur_industrial,2025-11-11,2025,26.525,80.275,0.0003201325063066,0.029744264999131315
kanpur_industrial,2025-11-11,2025,26.525,80.325,0.00019857177383703333,0.0038758249752953223
kanpur_industrial,2025-11-11,2025,26.525,80.375,0.0001635083404209478,0.0023397008730066606
kanpur_industrial,2025-11-11,2025,26.525,80.425,0.00016363808524009143,0.0009787209854375133
kanpur_industrial,2025-11-11,2025,26.525,80.475,0.00018614666156940033,0
kanpur_industrial,2025-11-11,2025,26.525,80.525,0.00021977583715181894,0
kanpur_industrial,2025-11-11,2025,26.525,80.55,0.00022438352133236547,0
kanpur_industrial,2025-11-11,2025,26.575,80.175,0.0001916963845552658,0.015095793936726198
kanpur_industrial,2025-11-11,2025,26.575,80.225,0.0002113031090524253,0.003050754974625204
kanpur_industrial,2025-11-11,2025,26.575,80.275,0.00033015192191840966,0.012456484988563691
kanpur_industrial,2025-11-11,2025,26.575,80.325,0.00034211511180250013,0.013910329580724756
kanpur_industrial,2025-11-11,2025,26.575,80.375,0.00023866206658300723,0.006173941675356206
kanpur_industrial,2025-11-11,2025,26.575,80.425,0.00013416362932127014,0.0017703975577040307
kanpur_industrial,2025-11-11,2025,26.575,80.475,9.633217746227591e-05,0
kanpur_industrial,2025-11-11,2025,26.575,80.525,0.0002344040123006122,0
kanpur_industrial,2025-11-11,2025,26.575,80.55,0.00022887920157385578,0
kanpur_industrial,2025-11-12,2025,26.325,80.175,0.0003499532502163548,0.053696742005958094
kanpur_industrial,2025-11-12,2025,26.325,80.225,0.00037757452779219356,0.05101727588556578
kanpur_industrial,2025-11-12,2025,26.325,80.275,0.0004218460555785432,0.04980762742043566
kanpur_industrial,2025-11-12,2025,26.325,80.325,0.0004640637788445893,0.027919026673532108
kanpur_industrial,2025-11-12,2025,26.325,80.375,0.00034577837496111016,0.012768014683584902
kanpur_industrial,2025-11-12,2025,26.325,80.425,0.00024950891170369925,0.0038931202838380368
kanpur_industrial,2025-11-12,2025,26.325,80.475,0.00022348644533386268,0
kanpur_industrial,2025-11-12,2025,26.325,80.525,0.0003486767084109458,0
kanpur_industrial,2025-11-12,2025,26.325,80.55,0.00028547370383649945,0
kanpur_industrial,2025-11-12,2025,26.375,80.175,0.000363104692115344,0.05713247245910607
kanpur_industrial,2025-11-12,2025,26.375,80.225,0.0004430689399878921,0.05301070465777667
kanpur_industrial,2025-11-12,2025,26.375,80.275,0.00039120363436975986,0.04965505760091487
kanpur_industrial,2025-11-12,2025,26.375,80.325,0.0002536565251662802,0.0041370252134356215
kanpur_industrial,2025-11-12,2025,26.375,80.375,0.0003690029045966569,0.001028938589898116
kanpur_industrial,2025-11-12,2025,26.375,80.425,0.00032762478229790326,0
kanpur_industrial,2025-11-12,2025,26.375,80.475,0.0002319330546214553,0
kanpur_industrial,2025-11-12,2025,26.375,80.525,0.00021625136549305828,0
kanpur_industrial,2025-11-12,2025,26.425,80.175,0.00038197622668811713,0.059923325569692806
kanpur_industrial,2025-11-12,2025,26.425,80.225,0.00039793103194222775,0.054571052240847566
kanpur_industrial,2025-11-12,2025,26.425,80.275,0.00031310637606823727,0.05133883580750753
kanpur_industrial,2025-11-12,2025,26.425,80.325,0.00034099031829463387,0.005423691057425511
kanpur_industrial,2025-11-12,2025,26.425,80.375,0.0003176691399179699,0.0013785076290293039
kanpur_industrial,2025-11-12,2025,26.425,80.425,0.00031602898550519605,0
kanpur_industrial,2025-11-12,2025,26.425,80.475,0.0002878057106562315,0
kanpur_industrial,2025-11-12,2025,26.425,80.525,0.00015911790501407024,0
kanpur_industrial,2025-11-12,2025,26.425,80.55,0.00018026178408897132,0
kanpur_industrial,2025-11-12,2025,26.475,80.175,0.00039014667858764676,0.06230056774941605
kanpur_industrial,2025-11-12,2025,26.475,80.225,0.0004195742074257028,0.05654812587949237
kanpur_industrial,2025-11-12,2025,26.475,80.275,0.0003697061300941618,0.051263013493815686
kanpur_industrial,2025-11-12,2025,26.475,80.325,0.0003752339700529105,0.0028776335681451218
kanpur_industrial,2025-11-12,2025,26.475,80.375,0.0002834007391878906,0.0007690888388968775
kanpur_industrial,2025-11-12,2025,26.475,80.425,0.0002578704950867657,0
kanpur_industrial,2025-11-12,2025,26.475,80.475,0.00025005948553347097,0
kanpur_industrial,2025-11-12,2025,26.475,80.525,0.000192073029133171,0
kanpur_industrial,2025-11-12,2025,26.475,80.55,0.00018901599953473404,0
kanpur_industrial,2025-11-12,2025,26.525,80.175,0.0003881717075584025,0.06266534862714929
kanpur_industrial,2025-11-12,2025,26.525,80.225,0.00044778344643175234,0.05661661835480175
kanpur_industrial,2025-11-12,2025,26.525,80.275,0.0004459011356875046,0.04825409719102968
kanpur_industrial,2025-11-12,2025,26.525,80.325,0.00037497135403132106,0.0027693731998787263
kanpur_industrial,2025-11-12,2025,26.525,80.375,0.0002826783970697537,0.0007001319968728858
kanpur_industrial,2025-11-12,2025,26.525,80.425,0.0002494430229801936,0
kanpur_industrial,2025-11-12,2025,26.525,80.475,0.0002451407499173529,0
kanpur_industrial,2025-11-12,2025,26.525,80.525,0.00023442972045744774,0
kanpur_industrial,2025-11-12,2025,26.525,80.55,0.00023498545292698265,0
kanpur_industrial,2025-11-12,2025,26.575,80.175,0.0003729764866089078,0.059671017872951385
kanpur_industrial,2025-11-12,2025,26.575,80.225,0.00044544082820539003,0.05320696643447783
kanpur_industrial,2025-11-12,2025,26.575,80.275,0.00046945287051679556,0.041199000800931244
kanpur_industrial,2025-11-12,2025,26.575,80.325,0.0003522700713630924,0.00852889185313658
kanpur_industrial,2025-11-12,2025,26.575,80.375,0.0003284007844772489,0.002212282016788661
kanpur_industrial,2025-11-12,2025,26.575,80.425,0.0003545870988262689,0
kanpur_industrial,2025-11-12,2025,26.575,80.475,0.00035861891718316536,0
kanpur_industrial,2025-11-12,2025,26.575,80.525,0.00023823707928454028,0
kanpur_industrial,2025-11-12,2025,26.575,80.55,0.00031724990207572713,0
kanpur_industrial,2025-11-13,2025,26.325,80.175,0.000343395631836464,0.13993513011029307
kanpur_industrial,2025-11-13,2025,26.325,80.225,0.0003473076668977683,0.13688020858623462
kanpur_industrial,2025-11-13,2025,26.325,80.275,0.0002867942083111265,0.13528887466434197
kanpur_industrial,2025-11-13,2025,26.325,80.325,0.00023517358660303032,0.1299056872255838
kanpur_industrial,2025-11-13,2025,26.325,80.375,0.00013522680580404248,0.12672190669284897
kanpur_industrial,2025-11-13,2025,26.325,80.425,0.00010927231703375177,0.12250326021587543
kanpur_industrial,2025-11-13,2025,26.325,80.475,0.00015149498975215207,0.11773194583016391
kanpur_industrial,2025-11-13,2025,26.325,80.525,0.0002610185973819157,0.11271223939999646
kanpur_industrial,2025-11-13,2025,26.325,80.55,0.00020000128647215448,0.1063336630792471
kanpur_industrial,2025-11-13,2025,26.375,80.175,0.00015779655194640644,0.1361030281451148
kanpur_industrial,2025-11-13,2025,26.375,80.225,0.0002481835715844493,0.13288451993524378
kanpur_industrial,2025-11-13,2025,26.375,80.275,0.00032102436043632493,0.13182634774411778
kanpur_industrial,2025-11-13,2025,26.375,80.325,0.0003400026880547751,0.12123931266165903
kanpur_industrial,2025-11-13,2025,26.375,80.375,0.00016800124329699248,0.1172549535226648
kanpur_industrial,2025-11-13,2025,26.375,80.425,0.0001986408362335898,0.11220003489434002
kanpur_industrial,2025-11-13,2025,26.375,80.475,0.00026411633434190914,0.1063093704355205
kanpur_industrial,2025-11-13,2025,26.375,80.525,0.00013317280309479694,0.09934760329937875
kanpur_industrial,2025-11-13,2025,26.425,80.175,0.00026294368093547225,0.13396119137156645
kanpur_industrial,2025-11-13,2025,26.425,80.225,0.00026614179461855977,0.12805961153402648
kanpur_industrial,2025-11-13,2025,26.425,80.275,0.00031370077381539515,0.1216297878567978
kanpur_industrial,2025-11-13,2025,26.425,80.325,0.00023636506228760597,0.1088429945556883
kanpur_industrial,2025-11-13,2025,26.425,80.375,0.00024194170757190097,0.10768307743504171
kanpur_industrial,2025-11-13,2025,26.425,80.425,0.00025023186317216635,0.10277105665532077
kanpur_industrial,2025-11-13,2025,26.425,80.475,0.00025437657309299564,0.09718007105742431
kanpur_industrial,2025-11-13,2025,26.425,80.525,0.000245015520541449,0.09490102058925477
kanpur_industrial,2025-11-13,2025,26.425,80.55,0.00020362490857300293,0.09654660631662348
kanpur_industrial,2025-11-13,2025,26.475,80.175,0.0003139010193347896,0.13097922632233963
kanpur_industrial,2025-11-13,2025,26.475,80.225,0.0002968269829040911,0.12413239357075902
kanpur_industrial,2025-11-13,2025,26.475,80.275,0.00029881789847841325,0.1169546866794454
kanpur_industrial,2025-11-13,2025,26.475,80.325,0.00022169971805615393,0.10523906065082099
kanpur_industrial,2025-11-13,2025,26.475,80.375,0.00022094033637330403,0.10381388383221352
kanpur_industrial,2025-11-13,2025,26.475,80.425,0.00020586093015135225,0.09954975167783714
kanpur_industrial,2025-11-13,2025,26.475,80.475,0.00020509156836751244,0.095187438270932
kanpur_industrial,2025-11-13,2025,26.475,80.525,0.0002612854906550483,0.09418243027367466
kanpur_industrial,2025-11-13,2025,26.475,80.55,0.00026210355319782606,0.09415449405078007
kanpur_industrial,2025-11-13,2025,26.525,80.175,0.0003295704117096002,0.12797965726772975
kanpur_industrial,2025-11-13,2025,26.525,80.225,0.0003584459933461427,0.12148211374829686
kanpur_industrial,2025-11-13,2025,26.525,80.275,0.0003279374797386808,0.1161885628322907
kanpur_industrial,2025-11-13,2025,26.525,80.325,0.00022095503898423576,0.10512009220676197
kanpur_industrial,2025-11-13,2025,26.525,80.375,0.00020326527207697157,0.10147168181531178
kanpur_industrial,2025-11-13,2025,26.525,80.425,0.0001807522939581316,0.09710151463734121
kanpur_industrial,2025-11-13,2025,26.525,80.475,0.00017854253196287182,0.09388232005414007
kanpur_industrial,2025-11-13,2025,26.525,80.525,0.00023740436116531866,0.09434997500419323
kanpur_industrial,2025-11-13,2025,26.525,80.55,0.00022684778870990857,0.09417294688220001
kanpur_industrial,2025-11-13,2025,26.575,80.175,0.00031068939112977674,0.12577120768631195
kanpur_industrial,2025-11-13,2025,26.575,80.225,0.0004581897838380904,0.12069987624570533
kanpur_industrial,2025-11-13,2025,26.575,80.275,0.00043414563620280575,0.11887265500035547
kanpur_industrial,2025-11-13,2025,26.575,80.325,0.00019266536464659223,0.10565322306213705
kanpur_industrial,2025-11-13,2025,26.575,80.375,0.00024941320800273594,0.09851919015575512
kanpur_industrial,2025-11-13,2025,26.575,80.425,0.00024761612160108525,0.09240035707152423
kanpur_industrial,2025-11-13,2025,26.575,80.475,0.00021832546902631253,0.08958165018628593
kanpur_industrial,2025-11-13,2025,26.575,80.525,0.0002042038180336407,0.09384143194570904
kanpur_industrial,2025-11-13,2025,26.575,80.55,0.0002290988034060415,0.096139192956744
kanpur_industrial,2025-11-14,2025,26.325,80.175,0.00024200460596177537,0.1726985457223397
kanpur_industrial,2025-11-14,2025,26.325,80.225,0.00023943571840485131,0.17353474597032265
kanpur_industrial,2025-11-14,2025,26.325,80.275,0.00036012958460569355,0.17527687972687725
kanpur_industrial,2025-11-14,2025,26.325,80.325,0.0002508215487067702,0.17668881464191433
kanpur_industrial,2025-11-14,2025,26.325,80.375,0.00027550635378891593,0.17779195319729335
kanpur_industrial,2025-11-14,2025,26.325,80.425,0.00031453554498543613,0.1741870446479108
kanpur_industrial,2025-11-14,2025,26.325,80.475,0.00037570913242486047,0.1693979198761203
kanpur_industrial,2025-11-14,2025,26.325,80.525,0.0004788613504524634,0.16795276296461287
kanpur_industrial,2025-11-14,2025,26.325,80.55,0.00037326139483984946,0.16318370401302862
kanpur_industrial,2025-11-14,2025,26.375,80.175,0.0004168047297977871,0.160602327988522
kanpur_industrial,2025-11-14,2025,26.375,80.225,0.00036096795589856615,0.16096156559333236
kanpur_industrial,2025-11-14,2025,26.375,80.275,0.00023717740592904313,0.1604701352094392
kanpur_industrial,2025-11-14,2025,26.375,80.325,2.0407904169717426e-05,0.1610785051488026
kanpur_industrial,2025-11-14,2025,26.375,80.375,3.334408372789291e-05,0.15971200219891066
kanpur_industrial,2025-11-14,2025,26.375,80.425,8.367443511493827e-05,0.15786543519190238
kanpur_industrial,2025-11-14,2025,26.375,80.475,0.0001600089336016112,0.15673589592828974
kanpur_industrial,2025-11-14,2025,26.375,80.525,0.0002576043005974627,0.15796044897081735
kanpur_industrial,2025-11-14,2025,26.425,80.175,0.00023762987138762956,0.16129503493226843
kanpur_industrial,2025-11-14,2025,26.425,80.225,0.0002454157828391731,0.16040902903986487
kanpur_industrial,2025-11-14,2025,26.425,80.275,0.0002487658964361558,0.15901107078103532
kanpur_industrial,2025-11-14,2025,26.425,80.325,0.00011723388569583627,0.15582174182386294
kanpur_industrial,2025-11-14,2025,26.425,80.375,7.058410192617268e-05,0.15328471324962356
kanpur_industrial,2025-11-14,2025,26.425,80.425,0.00011388142850707673,0.15064654180439613
kanpur_industrial,2025-11-14,2025,26.425,80.475,0.00020065282652443595,0.1490797219257571
kanpur_industrial,2025-11-14,2025,26.425,80.525,0.00027567447243911187,0.15028266455797362
kanpur_industrial,2025-11-14,2025,26.425,80.55,0.0002689870860095252,0.15312404934067958
kanpur_industrial,2025-11-14,2025,26.475,80.175,0.00014911675275625896,0.1607329339069496
kanpur_industrial,2025-11-14,2025,26.475,80.225,0.0001455804375387273,0.15967730798126947
kanpur_industrial,2025-11-14,2025,26.475,80.275,0.00013197725343980156,0.1586195863384365
kanpur_industrial,2025-11-14,2025,26.475,80.325,0.00018660720100231496,0.15427178011661521
kanpur_industrial,2025-11-14,2025,26.475,80.375,0.00014188927966203005,0.14972701626369186
kanpur_industrial,2025-11-14,2025,26.475,80.425,0.00015882465139667836,0.14686085465708393
kanpur_industrial,2025-11-14,2025,26.475,80.475,0.0002166608879154906,0.14605738738739787
kanpur_industrial,2025-11-14,2025,26.475,80.525,0.000300613302751317,0.14808088696476596
kanpur_industrial,2025-11-14,2025,26.475,80.55,0.0002993186647011599,0.14809411016362367
kanpur_industrial,2025-11-14,2025,26.525,80.175,7.878716611223358e-05,0.15889699882338257
kanpur_industrial,2025-11-14,2025,26.525,80.225,6.47148797005264e-05,0.1573765751083328
kanpur_industrial,2025-11-14,2025,26.525,80.275,2.959207662066438e-05,0.15661860229699823
kanpur_industrial,2025-11-14,2025,26.525,80.325,0.0002130449851854641,0.15276787256859461
kanpur_industrial,2025-11-14,2025,26.525,80.375,0.000219267065512769,0.14796860389656127
kanpur_industrial,2025-11-14,2025,26.525,80.425,0.00022402946508242994,0.14572097145982793
kanpur_industrial,2025-11-14,2025,26.525,80.475,0.00024161542139435895,0.1458446354582801
kanpur_industrial,2025-11-14,2025,26.525,80.525,0.0002975512890699667,0.14846785918674218
kanpur_industrial,2025-11-14,2025,26.525,80.55,0.00028036628531444546,0.14893845084143165
kanpur_industrial,2025-11-14,2025,26.575,80.175,-7.68573776209663e-06,0.15573023236223982
kanpur_industrial,2025-11-14,2025,26.575,80.225,1.4184651257281107e-05,0.15262098686409928
kanpur_industrial,2025-11-14,2025,26.575,80.275,3.908793134419516e-05,0.1512828909162542
kanpur_industrial,2025-11-14,2025,26.575,80.325,0.0001813976613604112,0.1491678900402889
kanpur_industrial,2025-11-14,2025,26.575,80.375,0.0002784119758741297,0.1476108137429979
kanpur_industrial,2025-11-14,2025,26.575,80.425,0.00031059218683553635,0.1470674813569855
kanpur_industrial,2025-11-14,2025,26.575,80.475,0.000292980751969057,0.14770417472274838
kanpur_industrial,2025-11-14,2025,26.575,80.525,0.00024227426133209825,0.14998363762097908
kanpur_industrial,2025-11-14,2025,26.575,80.55,0.0002348310600057429,0.1502685932590119
kanpur_industrial,2025-11-15,2025,26.325,80.175,0.0002610981283408109,0.13764530326527738
kanpur_industrial,2025-11-15,2025,26.325,80.225,0.0002836896152528891,0.13364751120155433
kanpur_industrial,2025-11-15,2025,26.325,80.275,0.0002820542380585702,0.1329997927272271
kanpur_industrial,2025-11-15,2025,26.325,80.325,0.0002610465021726477,0.12309965421468816
kanpur_industrial,2025-11-15,2025,26.325,80.375,0.00023156727704168697,0.12045698026477816
kanpur_industrial,2025-11-15,2025,26.325,80.425,0.00017954968936309494,0.12131411862389511
kanpur_industrial,2025-11-15,2025,26.325,80.475,0.00018308556872955373,0.12397143888656774
kanpur_industrial,2025-11-15,2025,26.325,80.525,0.0003598711338626242,0.1267026843197682
kanpur_industrial,2025-11-15,2025,26.325,80.55,0.0003050440054915371,0.11468894644021804
kanpur_industrial,2025-11-15,2025,26.375,80.175,0.00030240694723736734,0.1326314075501755
kanpur_industrial,2025-11-15,2025,26.375,80.225,0.00040114688410397385,0.13091364120874693
kanpur_industrial,2025-11-15,2025,26.375,80.275,0.00039659702625563005,0.12981888540065067
kanpur_industrial,2025-11-15,2025,26.375,80.325,0.0003810386103721855,0.12216477264013693
kanpur_industrial,2025-11-15,2025,26.375,80.375,0.0004742473725993659,0.11336277079464338
kanpur_industrial,2025-11-15,2025,26.375,80.425,0.0004903731937472748,0.1053520468719772
kanpur_industrial,2025-11-15,2025,26.375,80.475,0.0004217688492017239,0.10040574238141685
kanpur_industrial,2025-11-15,2025,26.375,80.525,0.000244995245847013,0.10153104304832979
kanpur_industrial,2025-11-15,2025,26.425,80.175,0.0001929369283853936,0.13682119897576844
kanpur_industrial,2025-11-15,2025,26.425,80.225,0.00020267141796331868,0.13537712751014885
kanpur_industrial,2025-11-15,2025,26.425,80.275,0.0002662686328935034,0.13260479397040947
kanpur_industrial,2025-11-15,2025,26.425,80.325,0.00032997984142687007,0.12056057375925461
kanpur_industrial,2025-11-15,2025,26.425,80.375,0.00037525737624405104,0.11426071941017142
kanpur_industrial,2025-11-15,2025,26.425,80.425,0.0003610129907937802,0.10425899621976717
kanpur_industrial,2025-11-15,2025,26.425,80.475,0.0003230659377221172,0.0960877811610766
kanpur_industrial,2025-11-15,2025,26.425,80.525,0.0003079285211884357,0.09708105981203997
kanpur_industrial,2025-11-15,2025,26.425,80.55,0.00028463825393609815,0.09872790400184801
kanpur_industrial,2025-11-15,2025,26.475,80.175,0.00020394324155833423,0.1401160538642813
kanpur_industrial,2025-11-15,2025,26.475,80.225,0.00020098734736193578,0.13944086520463383
kanpur_industrial,2025-11-15,2025,26.475,80.275,0.00032492629763887916,0.13736143091502614
kanpur_industrial,2025-11-15,2025,26.475,80.325,0.0003396139528334292,0.12556126358853353
kanpur_industrial,2025-11-15,2025,26.475,80.375,0.00034620860288510526,0.12181318319497224
kanpur_industrial,2025-11-15,2025,26.475,80.425,0.00030026494128853416,0.11181566155645152
kanpur_industrial,2025-11-15,2025,26.475,80.475,0.0002676062193364776,0.10156233562203894
kanpur_industrial,2025-11-15,2025,26.475,80.525,0.00034222335889126415,0.09892500283756273
kanpur_industrial,2025-11-15,2025,26.475,80.55,0.00034107589920796827,0.09873312715905014
kanpur_industrial,2025-11-15,2025,26.525,80.175,0.000246877241015264,0.14344885139827115
kanpur_industrial,2025-11-15,2025,26.525,80.225,0.00025616361764689333,0.1439192349674797
kanpur_industrial,2025-11-15,2025,26.525,80.275,0.00038183573900993925,0.14267151503238065
kanpur_industrial,2025-11-15,2025,26.525,80.325,0.00030375948220268215,0.13193080270023766
kanpur_industrial,2025-11-15,2025,26.525,80.375,0.0002979555809778191,0.13011836036435565
kanpur_industrial,2025-11-15,2025,26.525,80.425,0.0002702300334107747,0.1209370098251197
kanpur_industrial,2025-11-15,2025,26.525,80.475,0.0002675742360148111,0.10945429388818023
kanpur_industrial,2025-11-15,2025,26.525,80.525,0.000358504344993039,0.10227542394377125
kanpur_industrial,2025-11-15,2025,26.525,80.55,0.000359030118038117,0.10288425603940439
kanpur_industrial,2025-11-15,2025,26.575,80.175,0.00026768964168573714,0.14696571185806268
kanpur_industrial,2025-11-15,2025,26.575,80.225,0.00028563623346728834,0.14899798753294907
kanpur_industrial,2025-11-15,2025,26.575,80.275,0.0003177078511428327,0.14741592527212125
kanpur_industrial,2025-11-15,2025,26.575,80.325,0.0001604056040967511,0.13615101008767758
kanpur_industrial,2025-11-15,2025,26.575,80.375,0.0001754164282078569,0.13502038083494874
kanpur_industrial,2025-11-15,2025,26.575,80.425,0.00025103958349703795,0.12675309132628107
kanpur_industrial,2025-11-15,2025,26.575,80.475,0.00033484096319385653,0.11509560434787308
kanpur_industrial,2025-11-15,2025,26.575,80.525,0.0003593608631063704,0.10432504426876205
kanpur_industrial,2025-11-15,2025,26.575,80.55,0.0003270362365210644,0.10814788482356663
