region_id,station_id,station_name,parameter,date,value,unit,lat,lon,source
delhi_ncr,5613,"ITO, New Delhi - CPCB",pm25,2025-10-15,104.0,µg/m³,,,OpenAQ
delhi_ncr,5613,"ITO, New Delhi - CPCB",pm25,2025-10-16,100.0,µg/m³,,,OpenAQ
delhi_ncr,5613,"ITO, New Delhi - CPCB",pm25,2025-10-17,113.0,µg/m³,,,OpenAQ
delhi_ncr,5613,"ITO, New Delhi - CPCB",pm25,2025-10-18,131.0,µg/m³,,,OpenAQ
delhi_ncr,5613,"ITO, New Delhi - CPCB",pm25,2025-10-19,163.0,µg/m³,,,OpenAQ
delhi_ncr,5613,"ITO, New Delhi - CPCB",pm25,2025-10-20,227.0,µg/m³,,,OpenAQ
delhi_ncr,5613,"ITO, New Delhi - CPCB",pm25,2025-10-21,234.0,µg/m³,,,OpenAQ
delhi_ncr,5613,"ITO, New Delhi - CPCB",pm25,2025-10-22,220.0,µg/m³,,,OpenAQ
delhi_ncr,5613,"ITO, New Delhi - CPCB",pm25,2025-10-23,153.0,µg/m³,,,OpenAQ
delhi_ncr,5613,"ITO, New Delhi - CPCB",pm25,2025-10-24,116.0,µg/m³,,,OpenAQ
delhi_ncr,5613,"ITO, New Delhi - CPCB",pm25,2025-10-25,144.0,µg/m³,,,OpenAQ
delhi_ncr,5613,"ITO, New Delhi - CPCB",pm25,2025-10-26,174.0,µg/m³,,,OpenAQ
delhi_ncr,5613,"ITO, New Delhi - CPCB",pm25,2025-10-27,157.0,µg/m³,,,OpenAQ
delhi_ncr,5613,"ITO, New Delhi - CPCB",pm25,2025-10-28,146.0,µg/m³,,,OpenAQ
delhi_ncr,5613,"ITO, New Delhi - CPCB",pm25,2025-10-29,157.0,µg/m³,,,OpenAQ
delhi_ncr,5613,"ITO, New Delhi - CPCB",pm25,2025-10-30,195.0,µg/m³,,,OpenAQ
delhi_ncr,5613,"ITO, New Delhi - CPCB",pm25,2025-10-31,107.0,µg/m³,,,OpenAQ
delhi_ncr,5613,"ITO, New Delhi - CPCB",pm25,2025-11-01,136.0,µg/m³,,,OpenAQ
delhi_ncr,5613,"ITO, New Delhi - CPCB",pm25,2025-11-02,91.8,µg/m³,,,OpenAQ
delhi_ncr,5613,"ITO, New Delhi - CPCB",pm25,2025-11-03,115.0,µg/m³,,,OpenAQ
delhi_ncr,5613,"ITO, New Delhi - CPCB",pm25,2025-11-04,117.0,µg/m³,,,OpenAQ
delhi_ncr,5613,"ITO, New Delhi - CPCB",pm25,2025-11-05,133.0,µg/m³,,,OpenAQ
delhi_ncr,5613,"ITO, New Delhi - CPCB",pm25,2025-11-06,199.0,µg/m³,,,OpenAQ
delhi_ncr,5613,"ITO, New Delhi - CPCB",pm25,2025-11-07,269.0,µg/m³,,,OpenAQ
delhi_ncr,5613,"ITO, New Delhi - CPCB",pm25,2025-11-08,311.0,µg/m³,,,OpenAQ
delhi_ncr,5613,"ITO, New Delhi - CPCB",pm25,2025-11-09,265.0,µg/m³,,,OpenAQ
delhi_ncr,5613,"ITO, New Delhi - CPCB",pm25,2025-11-10,323.0,µg/m³,,,OpenAQ
delhi_ncr,5613,"ITO, New Delhi - CPCB",pm25,2025-11-11,347.0,µg/m³,,,OpenAQ
delhi_ncr,5613,"ITO, New Delhi - CPCB",pm25,2025-11-12,381.0,µg/m³,,,OpenAQ
delhi_ncr,5613,"ITO, New Delhi - CPCB",pm25,2025-11-13,334.0,µg/m³,,,OpenAQ
delhi_ncr,5613,"ITO, New Delhi - CPCB",pm25,2025-11-14,262.0,µg/m³,,,OpenAQ
delhi_ncr,5613,"ITO, New Delhi - CPCB",pm25,2025-11-15,280.0,µg/m³,,,OpenAQ
delhi_ncr,5613,"ITO, New Delhi - CPCB",co,2025-10-15,2.48,ppb,,,OpenAQ
delhi_ncr,5613,"ITO, New Delhi - CPCB",co,2025-10-16,2.12,ppb,,,OpenAQ
delhi_ncr,5613,"ITO, New Delhi - CPCB",co,2025-10-17,1.91,ppb,,,OpenAQ
delhi_ncr,5613,"ITO, New Delhi - CPCB",co,2025-10-18,1.98,ppb,,,OpenAQ
delhi_ncr,5613,"ITO, New Delhi - CPCB",co,2025-10-19,2.31,ppb,,,OpenAQ
delhi_ncr,5613,"ITO, New Delhi - CPCB",co,2025-10-20,2.26,ppb,,,OpenAQ
delhi_ncr,5613,"ITO, New Delhi - CPCB",co,2025-10-21,2.11,ppb,,,OpenAQ
delhi_ncr,5613,"ITO, New Delhi - CPCB",co,2025-10-22,1.95,ppb,,,OpenAQ
delhi_ncr,5613,"ITO, New Delhi - CPCB",co,2025-10-23,1.84,ppb,,,OpenAQ
delhi_ncr,5613,"ITO, New Delhi - CPCB",co,2025-10-24,2.07,ppb,,,OpenAQ
delhi_ncr,5613,"ITO, New Delhi - CPCB",co,2025-10-25,2.61,ppb,,,OpenAQ
delhi_ncr,5613,"ITO, New Delhi - CPCB",co,2025-10-26,3.09,ppb,,,OpenAQ
delhi_ncr,5613,"ITO, New Delhi - CPCB",co,2025-10-27,1.74,ppb,,,OpenAQ
delhi_ncr,5613,"ITO, New Delhi - CPCB",co,2025-10-28,1.56,ppb,,,OpenAQ
delhi_ncr,5613,"ITO, New Delhi - CPCB",co,2025-10-29,1.95,ppb,,,OpenAQ
delhi_ncr,5613,"ITO, New Delhi - CPCB",co,2025-10-30,1.93,ppb,,,OpenAQ
delhi_ncr,5613,"ITO, New Delhi - CPCB",co,2025-10-31,1.49,ppb,,,OpenAQ
delhi_ncr,5613,"ITO, New Delhi - CPCB",co,2025-11-01,1.63,ppb,,,OpenAQ
delhi_ncr,5613,"ITO, New Delhi - CPCB",co,2025-11-02,1.59,ppb,,,OpenAQ
delhi_ncr,5613,"ITO, New Delhi - CPCB",co,2025-11-03,1.69,ppb,,,OpenAQ
delhi_ncr,5613,"ITO, New Delhi - CPCB",co,2025-11-04,1.66,ppb,,,OpenAQ
delhi_ncr,5613,"ITO, New Delhi - CPCB",co,2025-11-05,1.35,ppb,,,OpenAQ
delhi_ncr,5613,"ITO, New Delhi - CPCB",co,2025-11-06,1.4,ppb,,,OpenAQ
delhi_ncr,5613,"ITO, New Delhi - CPCB",co,2025-11-07,1.78,ppb,,,OpenAQ
delhi_ncr,5613,"ITO, New Delhi - CPCB",co,2025-11-08,1.9,ppb,,,OpenAQ
delhi_ncr,5613,"ITO, New Delhi - CPCB",co,2025-11-09,1.62,ppb,,,OpenAQ
delhi_ncr,5613,"ITO, New Delhi - CPCB",co,2025-11-10,2.27,ppb,,,OpenAQ
delhi_ncr,5613,"ITO, New Delhi - CPCB",co,2025-11-11,1.97,ppb,,,OpenAQ
delhi_ncr,5613,"ITO, New Delhi - CPCB",co,2025-11-12,2.25,ppb,,,OpenAQ
delhi_ncr,5613,"ITO, New Delhi - CPCB",co,2025-11-13,1.93,ppb,,,OpenAQ
delhi_ncr,5613,"ITO, New Delhi - CPCB",co,2025-11-14,1.71,ppb,,,OpenAQ
delhi_ncr,5613,"ITO, New Delhi - CPCB",co,2025-11-15,2.05,ppb,,,OpenAQ
delhi_ncr,5613,"ITO, New Delhi - CPCB",o3,2025-10-15,19.2,µg/m³,,,OpenAQ
delhi_ncr,5613,"ITO, New Delhi - CPCB",o3,2025-10-16,17.4,µg/m³,,,OpenAQ
delhi_ncr,5613,"ITO, New Delhi - CPCB",o3,2025-10-17,17.0,µg/m³,,,OpenAQ
delhi_ncr,5613,"ITO, New Delhi - CPCB",o3,2025-10-18,13.6,µg/m³,,,OpenAQ
delhi_ncr,5613,"ITO, New Delhi - CPCB",o3,2025-10-19,13.1,µg/m³,,,OpenAQ
delhi_ncr,5613,"ITO, New Delhi - CPCB",o3,2025-10-20,8.43,µg/m³,,,OpenAQ
delhi_ncr,5613,"ITO, New Delhi - CPCB",o3,2025-10-21,5.64,µg/m³,,,OpenAQ
delhi_ncr,5613,"ITO, New Delhi - CPCB",o3,2025-10-22,7.77,µg/m³,,,OpenAQ
delhi_ncr,5613,"ITO, New Delhi - CPCB",o3,2025-10-23,13.8,µg/m³,,,OpenAQ
delhi_ncr,5613,"ITO, New Delhi - CPCB",o3,2025-10-24,14.0,µg/m³,,,OpenAQ
delhi_ncr,5613,"ITO, New Delhi - CPCB",o3,2025-10-25,16.0,µg/m³,,,OpenAQ
delhi_ncr,5613,"ITO, New Delhi - CPCB",o3,2025-10-26,5.53,µg/m³,,,OpenAQ
delhi_ncr,5613,"ITO, New Delhi - CPCB",o3,2025-10-27,6.73,µg/m³,,,OpenAQ
delhi_ncr,5613,"ITO, New Delhi - CPCB",o3,2025-10-28,15.7,µg/m³,,,OpenAQ
delhi_ncr,5613,"ITO, New Delhi - CPCB",o3,2025-10-29,32.3,µg/m³,,,OpenAQ
delhi_ncr,5613,"ITO, New Delhi - CPCB",o3,2025-10-30,12.4,µg/m³,,,OpenAQ
delhi_ncr,5613,"ITO, New Delhi - CPCB",o3,2025-10-31,28.9,µg/m³,,,OpenAQ
delhi_ncr,5613,"ITO, New Delhi - CPCB",o3,2025-11-01,12.8,µg/m³,,,OpenAQ
delhi_ncr,5613,"ITO, New Delhi - CPCB",o3,2025-11-02,20.1,µg/m³,,,OpenAQ
delhi_ncr,5613,"ITO, New Delhi - CPCB",o3,2025-11-03,21.8,µg/m³,,,OpenAQ
delhi_ncr,5613,"ITO, New Delhi - CPCB",o3,2025-11-04,23.7,µg/m³,,,OpenAQ
delhi_ncr,5613,"ITO, New Delhi - CPCB",o3,2025-11-05,44.8,µg/m³,,,OpenAQ
delhi_ncr,5613,"ITO, New Delhi - CPCB",o3,2025-11-06,72.9,µg/m³,,,OpenAQ
delhi_ncr,5613,"ITO, New Delhi - CPCB",o3,2025-11-07,30.2,µg/m³,,,OpenAQ
delhi_ncr,5613,"ITO, New Delhi - CPCB",o3,2025-11-08,23.0,µg/m³,,,OpenAQ
delhi_ncr,5613,"ITO, New Delhi - CPCB",o3,2025-11-09,22.3,µg/m³,,,OpenAQ
delhi_ncr,5613,"ITO, New Delhi - CPCB",o3,2025-11-10,7.84,µg/m³,,,OpenAQ
delhi_ncr,5613,"ITO, New Delhi - CPCB",o3,2025-11-11,20.6,µg/m³,,,OpenAQ
delhi_ncr,5613,"ITO, New Delhi - CPCB",o3,2025-11-12,27.4,µg/m³,,,OpenAQ
delhi_ncr,5613,"ITO, New Delhi - CPCB",o3,2025-11-13,25.8,µg/m³,,,OpenAQ
delhi_ncr,5613,"ITO, New Delhi - CPCB",o3,2025-11-14,27.0,µg/m³,,,OpenAQ
delhi_ncr,5613,"ITO, New Delhi - CPCB",o3,2025-11-15,25.8,µg/m³,,,OpenAQ
delhi_ncr,5613,"ITO, New Delhi - CPCB",pm10,2025-10-15,166.0,µg/m³,,,OpenAQ
delhi_ncr,5613,"ITO, New Delhi - CPCB",pm10,2025-10-16,160.0,µg/m³,,,OpenAQ
delhi_ncr,5613,"ITO, New Delhi - CPCB",pm10,2025-10-17,190.0,µg/m³,,,OpenAQ
delhi_ncr,5613,"ITO, New Delhi - CPCB",pm10,2025-10-18,196.0,µg/m³,,,OpenAQ
delhi_ncr,5613,"ITO, New Delhi - CPCB",pm10,2025-10-19,240.0,µg/m³,,,OpenAQ
delhi_ncr,5613,"ITO, New Delhi - CPCB",pm10,2025-10-20,305.0,µg/m³,,,OpenAQ
delhi_ncr,5613,"ITO, New Delhi - CPCB",pm10,2025-10-21,491.0,µg/m³,,,OpenAQ
delhi_ncr,5613,"ITO, New Delhi - CPCB",pm10,2025-10-22,251.0,µg/m³,,,OpenAQ
delhi_ncr,5613,"ITO, New Delhi - CPCB",pm10,2025-10-23,187.0,µg/m³,,,OpenAQ
delhi_ncr,5613,"ITO, New Delhi - CPCB",pm10,2025-10-24,157.0,µg/m³,,,OpenAQ
delhi_ncr,5613,"ITO, New Delhi - CPCB",pm10,2025-10-25,199.0,µg/m³,,,OpenAQ
delhi_ncr,5613,"ITO, New Delhi - CPCB",pm10,2025-10-26,230.0,µg/m³,,,OpenAQ
delhi_ncr,5613,"ITO, New Delhi - CPCB",pm10,2025-10-27,211.0,µg/m³,,,OpenAQ
delhi_ncr,5613,"ITO, New Delhi - CPCB",pm10,2025-10-28,190.0,µg/m³,,,OpenAQ
delhi_ncr,5613,"ITO, New Delhi - CPCB",pm10,2025-10-29,194.0,µg/m³,,,OpenAQ
delhi_ncr,5613,"ITO, New Delhi - CPCB",pm10,2025-10-30,244.0,µg/m³,,,OpenAQ
delhi_ncr,5613,"ITO, New Delhi - CPCB",pm10,2025-10-31,137.0,µg/m³,,,OpenAQ
delhi_ncr,5613,"ITO, New Delhi - CPCB",pm10,2025-11-01,192.0,µg/m³,,,OpenAQ
delhi_ncr,5613,"ITO, New Delhi - CPCB",pm10,2025-11-02,146.0,µg/m³,,,OpenAQ
delhi_ncr,5613,"ITO, New Delhi - CPCB",pm10,2025-11-03,183.0,µg/m³,,,OpenAQ
delhi_ncr,5613,"ITO, New Delhi - CPCB",pm10,2025-11-04,219.0,µg/m³,,,OpenAQ
delhi_ncr,5613,"ITO, New Delhi - CPCB",pm10,2025-11-05,208.0,µg/m³,,,OpenAQ
delhi_ncr,5613,"ITO, New Delhi - CPCB",pm10,2025-11-06,286.0,µg/m³,,,OpenAQ
delhi_ncr,5613,"ITO, New Delhi - CPCB",pm10,2025-11-07,368.0,µg/m³,,,OpenAQ
delhi_ncr,5613,"ITO, New Delhi - CPCB",pm10,2025-11-08,427.0,µg/m³,,,OpenAQ
delhi_ncr,5613,"ITO, New Delhi - CPCB",pm10,2025-11-09,361.0,µg/m³,,,OpenAQ
delhi_ncr,5613,"ITO, New Delhi - CPCB",pm10,2025-11-10,442.0,µg/m³,,,OpenAQ
delhi_ncr,5613,"ITO, New Delhi - CPCB",pm10,2025-11-11,460.0,µg/m³,,,OpenAQ
delhi_ncr,5613,"ITO, New Delhi - CPCB",pm10,2025-11-12,507.0,µg/m³,,,OpenAQ
delhi_ncr,5613,"ITO, New Delhi - CPCB",pm10,2025-11-13,473.0,µg/m³,,,OpenAQ
delhi_ncr,5613,"ITO, New Delhi - CPCB",pm10,2025-11-14,386.0,µg/m³,,,OpenAQ
delhi_ncr,5613,"ITO, New Delhi - CPCB",pm10,2025-11-15,404.0,µg/m³,,,OpenAQ
delhi_ncr,5613,"ITO, New Delhi - CPCB",no2,2025-10-15,85.9,ppb,,,OpenAQ
delhi_ncr,5613,"ITO, New Delhi - CPCB",no2,2025-10-16,81.8,ppb,,,OpenAQ
delhi_ncr,5613,"ITO, New Delhi - CPCB",no2,2025-10-17,76.2,ppb,,,OpenAQ
delhi_ncr,5613,"ITO, New Delhi - CPCB",no2,2025-10-18,71.6,ppb,,,OpenAQ
delhi_ncr,5613,"ITO, New Delhi - CPCB",no2,2025-10-19,75.6,ppb,,,OpenAQ
delhi_ncr,5613,"ITO, New Delhi - CPCB",no2,2025-10-20,77.2,ppb,,,OpenAQ
delhi_ncr,5613,"ITO, New Delhi - CPCB",no2,2025-10-21,75.1,ppb,,,OpenAQ
delhi_ncr,5613,"ITO, New Delhi - CPCB",no2,2025-10-22,76.8,ppb,,,OpenAQ
delhi_ncr,5613,"ITO, New Delhi - CPCB",no2,2025-10-23,78.1,ppb,,,OpenAQ
delhi_ncr,5613,"ITO, New Delhi - CPCB",no2,2025-10-24,85.1,ppb,,,OpenAQ
delhi_ncr,5613,"ITO, New Delhi - CPCB",no2,2025-10-25,90.5,ppb,,,OpenAQ
delhi_ncr,5613,"ITO, New Delhi - CPCB",no2,2025-10-26,102.0,ppb,,,OpenAQ
delhi_ncr,5613,"ITO, New Delhi - CPCB",no2,2025-10-27,82.0,ppb,,,OpenAQ
delhi_ncr,5613,"ITO, New Delhi - CPCB",no2,2025-10-28,76.1,ppb,,,OpenAQ
delhi_ncr,5613,"ITO, New Delhi - CPCB",no2,2025-10-29,78.2,ppb,,,OpenAQ
delhi_ncr,5613,"ITO, New Delhi - CPCB",no2,2025-10-30,60.0,ppb,,,OpenAQ
delhi_ncr,5613,"ITO, New Delhi - CPCB",no2,2025-10-31,26.1,ppb,,,OpenAQ
delhi_ncr,5613,"ITO, New Delhi - CPCB",no2,2025-11-01,41.8,ppb,,,OpenAQ
delhi_ncr,5613,"ITO, New Delhi - CPCB",no2,2025-11-02,42.5,ppb,,,OpenAQ
delhi_ncr,5613,"ITO, New Delhi - CPCB",no2,2025-11-03,43.8,ppb,,,OpenAQ
delhi_ncr,5613,"ITO, New Delhi - CPCB",no2,2025-11-04,57.2,ppb,,,OpenAQ
delhi_ncr,5613,"ITO, New Delhi - CPCB",no2,2025-11-05,45.8,ppb,,,OpenAQ
delhi_ncr,5613,"ITO, New Delhi - CPCB",no2,2025-11-06,33.8,ppb,,,OpenAQ
delhi_ncr,5613,"ITO, New Delhi - CPCB",no2,2025-11-07,42.6,ppb,,,OpenAQ
delhi_ncr,5613,"ITO, New Delhi - CPCB",no2,2025-11-08,56.2,ppb,,,OpenAQ
delhi_ncr,5613,"ITO, New Delhi - CPCB",no2,2025-11-09,44.1,ppb,,,OpenAQ
delhi_ncr,5613,"ITO, New Delhi - CPCB",no2,2025-11-10,76.5,ppb,,,OpenAQ
delhi_ncr,5613,"ITO, New Delhi - CPCB",no2,2025-11-11,69.1,ppb,,,OpenAQ
delhi_ncr,5613,"ITO, New Delhi - CPCB",no2,2025-11-12,60.6,ppb,,,OpenAQ
delhi_ncr,5613,"ITO, New Delhi - CPCB",no2,2025-11-13,57.9,ppb,,,OpenAQ
delhi_ncr,5613,"ITO, New Delhi - CPCB",no2,2025-11-14,46.0,ppb,,,OpenAQ
delhi_ncr,5613,"ITO, New Delhi - CPCB",no2,2025-11-15,58.9,ppb,,,OpenAQ
delhi_ncr,5613,"ITO, New Delhi - CPCB",so2,2025-10-15,12.0,ppb,,,OpenAQ
delhi_ncr,5613,"ITO, New Delhi - CPCB",so2,2025-10-16,13.4,ppb,,,OpenAQ
delhi_ncr,5613,"ITO, New Delhi - CPCB",so2,2025-10-17,13.3,ppb,,,OpenAQ
delhi_ncr,5613,"ITO, New Delhi - CPCB",so2,2025-10-18,14.4,ppb,,,OpenAQ
delhi_ncr,5613,"ITO, New Delhi - CPCB",so2,2025-10-19,16.9,ppb,,,OpenAQ
delhi_ncr,5613,"ITO, New Delhi - CPCB",so2,2025-10-20,16.2,ppb,,,OpenAQ
delhi_ncr,5613,"ITO, New Delhi - CPCB",so2,2025-10-21,16.9,ppb,,,OpenAQ
delhi_ncr,5613,"ITO, New Delhi - CPCB",so2,2025-10-22,17.3,ppb,,,OpenAQ
delhi_ncr,5613,"ITO, New Delhi - CPCB",so2,2025-10-23,9.15,ppb,,,OpenAQ
delhi_ncr,5613,"ITO, New Delhi - CPCB",so2,2025-10-24,15.4,ppb,,,OpenAQ
delhi_ncr,5613,"ITO, New Delhi - CPCB",so2,2025-10-25,12.6,ppb,,,OpenAQ
delhi_ncr,5613,"ITO, New Delhi - CPCB",so2,2025-10-26,22.2,ppb,,,OpenAQ
delhi_ncr,5613,"ITO, New Delhi - CPCB",so2,2025-10-27,15.8,ppb,,,OpenAQ
delhi_ncr,5613,"ITO, New Delhi - CPCB",so2,2025-10-28,13.7,ppb,,,OpenAQ
delhi_ncr,5613,"ITO, New Delhi - CPCB",so2,2025-10-29,18.7,ppb,,,OpenAQ
delhi_ncr,5613,"ITO, New Delhi - CPCB",so2,2025-10-30,15.1,ppb,,,OpenAQ
delhi_ncr,5613,"ITO, New Delhi - CPCB",so2,2025-10-31,16.1,ppb,,,OpenAQ
delhi_ncr,5613,"ITO, New Delhi - CPCB",so2,2025-11-01,11.5,ppb,,,OpenAQ
delhi_ncr,5613,"ITO, New Delhi - CPCB",so2,2025-11-02,17.9,ppb,,,OpenAQ
delhi_ncr,5613,"ITO, New Delhi - CPCB",so2,2025-11-03,19.4,ppb,,,OpenAQ
delhi_ncr,5613,"ITO, New Delhi - CPCB",so2,2025-11-04,16.0,ppb,,,OpenAQ
delhi_ncr,5613,"ITO, New Delhi - CPCB",so2,2025-11-05,18.3,ppb,,,OpenAQ
delhi_ncr,5613,"ITO, New Delhi - CPCB",so2,2025-11-06,20.2,ppb,,,OpenAQ
delhi_ncr,5613,"ITO, New Delhi - CPCB",so2,2025-11-07,19.6,ppb,,,OpenAQ
delhi_ncr,5613,"ITO, New Delhi - CPCB",so2,2025-11-08,10.6,ppb,,,OpenAQ
delhi_ncr,5613,"ITO, New Delhi - CPCB",so2,2025-11-09,11.4,ppb,,,OpenAQ
delhi_ncr,5613,"ITO, New Delhi - CPCB",so2,2025-11-10,13.0,ppb,,,OpenAQ
delhi_ncr,5613,"ITO, New Delhi - CPCB",so2,2025-11-11,12.5,ppb,,,OpenAQ
delhi_ncr,5613,"ITO, New Delhi - CPCB",so2,2025-11-12,16.1,ppb,,,OpenAQ
delhi_ncr,5613,"ITO, New Delhi - CPCB",so2,2025-11-13,10.6,ppb,,,OpenAQ
delhi_ncr,5613,"ITO, New Delhi - CPCB",so2,2025-11-14,17.8,ppb,,,OpenAQ
delhi_ncr,5613,"ITO, New Delhi - CPCB",so2,2025-11-15,19.4,ppb,,,OpenAQ
delhi_ncr,5586,"Sirifort, Delhi - CPCB",pm10,2025-10-15,267.0,µg/m³,,,OpenAQ
delhi_ncr,5586,"Sirifort, Delhi - CPCB",pm10,2025-10-16,322.0,µg/m³,,,OpenAQ
delhi_ncr,5586,"Sirifort, Delhi - CPCB",pm10,2025-10-17,288.0,µg/m³,,,OpenAQ
delhi_ncr,5586,"Sirifort, Delhi - CPCB",pm10,2025-10-18,298.0,µg/m³,,,OpenAQ
delhi_ncr,5586,"Sirifort, Delhi - CPCB",pm10,2025-10-19,306.0,µg/m³,,,OpenAQ
delhi_ncr,5586,"Sirifort, Delhi - CPCB",pm10,2025-10-20,275.0,µg/m³,,,OpenAQ
delhi_ncr,5586,"Sirifort, Delhi - CPCB",pm10,2025-10-21,238.0,µg/m³,,,OpenAQ
delhi_ncr,5586,"Sirifort, Delhi - CPCB",pm10,2025-10-22,292.0,µg/m³,,,OpenAQ
delhi_ncr,5586,"Sirifort, Delhi - CPCB",pm10,2025-10-23,219.0,µg/m³,,,OpenAQ
delhi_ncr,5586,"Sirifort, Delhi - CPCB",pm10,2025-10-24,224.0,µg/m³,,,OpenAQ
delhi_ncr,5586,"Sirifort, Delhi - CPCB",pm10,2025-10-25,263.0,µg/m³,,,OpenAQ
delhi_ncr,5586,"Sirifort, Delhi - CPCB",pm10,2025-10-26,280.0,µg/m³,,,OpenAQ
delhi_ncr,5586,"Sirifort, Delhi - CPCB",pm10,2025-10-27,380.0,µg/m³,,,OpenAQ
delhi_ncr,5586,"Sirifort, Delhi - CPCB",pm10,2025-10-28,287.0,µg/m³,,,OpenAQ
delhi_ncr,5586,"Sirifort, Delhi - CPCB",pm10,2025-10-29,323.0,µg/m³,,,OpenAQ
delhi_ncr,5586,"Sirifort, Delhi - CPCB",pm10,2025-10-30,319.0,µg/m³,,,OpenAQ
delhi_ncr,5586,"Sirifort, Delhi - CPCB",pm10,2025-10-31,209.0,µg/m³,,,OpenAQ
delhi_ncr,5586,"Sirifort, Delhi - CPCB",pm10,2025-11-01,386.0,µg/m³,,,OpenAQ
delhi_ncr,5586,"Sirifort, Delhi - CPCB",pm10,2025-11-02,310.0,µg/m³,,,OpenAQ
delhi_ncr,5586,"Sirifort, Delhi - CPCB",pm10,2025-11-03,290.0,µg/m³,,,OpenAQ
delhi_ncr,5586,"Sirifort, Delhi - CPCB",pm10,2025-11-04,264.0,µg/m³,,,OpenAQ
delhi_ncr,5586,"Sirifort, Delhi - CPCB",pm10,2025-11-05,205.0,µg/m³,,,OpenAQ
delhi_ncr,5586,"Sirifort, Delhi - CPCB",pm10,2025-11-06,366.0,µg/m³,,,OpenAQ
delhi_ncr,5586,"Sirifort, Delhi - CPCB",pm10,2025-11-07,357.0,µg/m³,,,OpenAQ
delhi_ncr,5586,"Sirifort, Delhi - CPCB",pm10,2025-11-08,410.0,µg/m³,,,OpenAQ
delhi_ncr,5586,"Sirifort, Delhi - CPCB",pm10,2025-11-09,333.0,µg/m³,,,OpenAQ
delhi_ncr,5586,"Sirifort, Delhi - CPCB",pm10,2025-11-10,438.0,µg/m³,,,OpenAQ
delhi_ncr,5586,"Sirifort, Delhi - CPCB",pm10,2025-11-11,474.0,µg/m³,,,OpenAQ
delhi_ncr,5586,"Sirifort, Delhi - CPCB",pm10,2025-11-12,505.0,µg/m³,,,OpenAQ
delhi_ncr,5586,"Sirifort, Delhi - CPCB",pm10,2025-11-13,432.0,µg/m³,,,OpenAQ
delhi_ncr,5586,"Sirifort, Delhi - CPCB",pm10,2025-11-14,386.0,µg/m³,,,OpenAQ
delhi_ncr,5586,"Sirifort, Delhi - CPCB",pm10,2025-11-15,429.0,µg/m³,,,OpenAQ
delhi_ncr,5586,"Sirifort, Delhi - CPCB",no2,2025-10-15,41.8,ppb,,,OpenAQ
delhi_ncr,5586,"Sirifort, Delhi - CPCB",no2,2025-10-16,39.6,ppb,,,OpenAQ
delhi_ncr,5586,"Sirifort, Delhi - CPCB",no2,2025-10-17,41.1,ppb,,,OpenAQ
delhi_ncr,5586,"Sirifort, Delhi - CPCB",no2,2025-10-18,42.5,ppb,,,OpenAQ
delhi_ncr,5586,"Sirifort, Delhi - CPCB",no2,2025-10-19,45.5,ppb,,,OpenAQ
delhi_ncr,5586,"Sirifort, Delhi - CPCB",no2,2025-10-20,45.7,ppb,,,OpenAQ
delhi_ncr,5586,"Sirifort, Delhi - CPCB",no2,2025-10-21,36.0,ppb,,,OpenAQ
delhi_ncr,5586,"Sirifort, Delhi - CPCB",no2,2025-10-22,36.9,ppb,,,OpenAQ
delhi_ncr,5586,"Sirifort, Delhi - CPCB",no2,2025-10-23,39.0,ppb,,,OpenAQ
delhi_ncr,5586,"Sirifort, Delhi - CPCB",no2,2025-10-24,40.8,ppb,,,OpenAQ
delhi_ncr,5586,"Sirifort, Delhi - CPCB",no2,2025-10-25,39.5,ppb,,,OpenAQ
delhi_ncr,5586,"Sirifort, Delhi - CPCB",no2,2025-10-26,53.1,ppb,,,OpenAQ
delhi_ncr,5586,"Sirifort, Delhi - CPCB",no2,2025-10-27,34.5,ppb,,,OpenAQ
delhi_ncr,5586,"Sirifort, Delhi - CPCB",no2,2025-10-28,40.3,ppb,,,OpenAQ
delhi_ncr,5586,"Sirifort, Delhi - CPCB",no2,2025-10-29,40.8,ppb,,,OpenAQ
delhi_ncr,5586,"Sirifort, Delhi - CPCB",no2,2025-10-30,43.0,ppb,,,OpenAQ
delhi_ncr,5586,"Sirifort, Delhi - CPCB",no2,2025-10-31,40.7,ppb,,,OpenAQ
delhi_ncr,5586,"Sirifort, Delhi - CPCB",no2,2025-11-01,39.2,ppb,,,OpenAQ
delhi_ncr,5586,"Sirifort, Delhi - CPCB",no2,2025-11-02,43.5,ppb,,,OpenAQ
delhi_ncr,5586,"Sirifort, Delhi - CPCB",no2,2025-11-03,42.1,ppb,,,OpenAQ
delhi_ncr,5586,"Sirifort, Delhi - CPCB",no2,2025-11-04,42.6,ppb,,,OpenAQ
delhi_ncr,5586,"Sirifort, Delhi - CPCB",no2,2025-11-05,49.3,ppb,,,OpenAQ
delhi_ncr,5586,"Sirifort, Delhi - CPCB",no2,2025-11-06,43.6,ppb,,,OpenAQ
delhi_ncr,5586,"Sirifort, Delhi - CPCB",no2,2025-11-07,41.3,ppb,,,OpenAQ
delhi_ncr,5586,"Sirifort, Delhi - CPCB",no2,2025-11-08,44.6,ppb,,,OpenAQ
delhi_ncr,5586,"Sirifort, Delhi - CPCB",no2,2025-11-09,39.1,ppb,,,OpenAQ
delhi_ncr,5586,"Sirifort, Delhi - CPCB",no2,2025-11-10,38.4,ppb,,,OpenAQ
delhi_ncr,5586,"Sirifort, Delhi - CPCB",no2,2025-11-11,43.1,ppb,,,OpenAQ
delhi_ncr,5586,"Sirifort, Delhi - CPCB",no2,2025-11-12,39.4,ppb,,,OpenAQ
delhi_ncr,5586,"Sirifort, Delhi - CPCB",no2,2025-11-13,41.2,ppb,,,OpenAQ
delhi_ncr,5586,"Sirifort, Delhi - CPCB",no2,2025-11-14,40.7,ppb,,,OpenAQ
delhi_ncr,5586,"Sirifort, Delhi - CPCB",no2,2025-11-15,38.9,ppb,,,OpenAQ
delhi_ncr,5586,"Sirifort, Delhi - CPCB",o3,2025-10-15,18.7,µg/m³,,,OpenAQ
delhi_ncr,5586,"Sirifort, Delhi - CPCB",o3,2025-10-16,15.1,µg/m³,,,OpenAQ
delhi_ncr,5586,"Sirifort, Delhi - CPCB",o3,2025-10-17,18.4,µg/m³,,,OpenAQ
delhi_ncr,5586,"Sirifort, Delhi - CPCB",o3,2025-10-18,17.4,µg/m³,,,OpenAQ
delhi_ncr,5586,"Sirifort, Delhi - CPCB",o3,2025-10-19,15.0,µg/m³,,,OpenAQ
delhi_ncr,5586,"Sirifort, Delhi - CPCB",o3,2025-10-20,14.8,µg/m³,,,OpenAQ
delhi_ncr,5586,"Sirifort, Delhi - CPCB",o3,2025-10-21,13.5,µg/m³,,,OpenAQ
delhi_ncr,5586,"Sirifort, Delhi - CPCB",o3,2025-10-22,10.9,µg/m³,,,OpenAQ
delhi_ncr,5586,"Sirifort, Delhi - CPCB",o3,2025-10-23,12.4,µg/m³,,,OpenAQ
delhi_ncr,5586,"Sirifort, Delhi - CPCB",o3,2025-10-24,11.2,µg/m³,,,OpenAQ
delhi_ncr,5586,"Sirifort, Delhi - CPCB",o3,2025-10-25,11.7,µg/m³,,,OpenAQ
delhi_ncr,5586,"Sirifort, Delhi - CPCB",o3,2025-10-26,13.9,µg/m³,,,OpenAQ
delhi_ncr,5586,"Sirifort, Delhi - CPCB",o3,2025-10-27,13.0,µg/m³,,,OpenAQ
delhi_ncr,5586,"Sirifort, Delhi - CPCB",o3,2025-10-28,10.6,µg/m³,,,OpenAQ
delhi_ncr,5586,"Sirifort, Delhi - CPCB",o3,2025-10-29,12.2,µg/m³,,,OpenAQ
delhi_ncr,5586,"Sirifort, Delhi - CPCB",o3,2025-10-30,11.3,µg/m³,,,OpenAQ
delhi_ncr,5586,"Sirifort, Delhi - CPCB",o3,2025-10-31,8.94,µg/m³,,,OpenAQ
delhi_ncr,5586,"Sirifort, Delhi - CPCB",o3,2025-11-01,8.51,µg/m³,,,OpenAQ
delhi_ncr,5586,"Sirifort, Delhi - CPCB",o3,2025-11-02,10.4,µg/m³,,,OpenAQ
delhi_ncr,5586,"Sirifort, Delhi - CPCB",o3,2025-11-03,14.2,µg/m³,,,OpenAQ
delhi_ncr,5586,"Sirifort, Delhi - CPCB",o3,2025-11-04,11.1,µg/m³,,,OpenAQ
delhi_ncr,5586,"Sirifort, Delhi - CPCB",o3,2025-11-05,8.2,µg/m³,,,OpenAQ
delhi_ncr,5586,"Sirifort, Delhi - CPCB",o3,2025-11-06,7.89,µg/m³,,,OpenAQ
delhi_ncr,5586,"Sirifort, Delhi - CPCB",o3,2025-11-07,10.0,µg/m³,,,OpenAQ
delhi_ncr,5586,"Sirifort, Delhi - CPCB",o3,2025-11-08,11.1,µg/m³,,,OpenAQ
delhi_ncr,5586,"Sirifort, Delhi - CPCB",o3,2025-11-09,10.8,µg/m³,,,OpenAQ
delhi_ncr,5586,"Sirifort, Delhi - CPCB",o3,2025-11-10,8.45,µg/m³,,,OpenAQ
delhi_ncr,5586,"Sirifort, Delhi - CPCB",o3,2025-11-11,11.3,µg/m³,,,OpenAQ
delhi_ncr,5586,"Sirifort, Delhi - CPCB",o3,2025-11-12,10.5,µg/m³,,,OpenAQ
delhi_ncr,5586,"Sirifort, Delhi - CPCB",o3,2025-11-13,10.5,µg/m³,,,OpenAQ
delhi_ncr,5586,"Sirifort, Delhi - CPCB",o3,2025-11-14,11.6,µg/m³,,,OpenAQ
delhi_ncr,5586,"Sirifort, Delhi - CPCB",o3,2025-11-15,9.97,µg/m³,,,OpenAQ
delhi_ncr,5586,"Sirifort, Delhi - CPCB",pm25,2025-10-15,106.0,µg/m³,,,OpenAQ
delhi_ncr,5586,"Sirifort, Delhi - CPCB",pm25,2025-10-16,106.0,µg/m³,,,OpenAQ
delhi_ncr,5586,"Sirifort, Delhi - CPCB",pm25,2025-10-17,123.0,µg/m³,,,OpenAQ
delhi_ncr,5586,"Sirifort, Delhi - CPCB",pm25,2025-10-18,142.0,µg/m³,,,OpenAQ
delhi_ncr,5586,"Sirifort, Delhi - CPCB",pm25,2025-10-19,172.0,µg/m³,,,OpenAQ
delhi_ncr,5586,"Sirifort, Delhi - CPCB",pm25,2025-10-20,183.0,µg/m³,,,OpenAQ
delhi_ncr,5586,"Sirifort, Delhi - CPCB",pm25,2025-10-21,140.0,µg/m³,,,OpenAQ
delhi_ncr,5586,"Sirifort, Delhi - CPCB",pm25,2025-10-22,196.0,µg/m³,,,OpenAQ
delhi_ncr,5586,"Sirifort, Delhi - CPCB",pm25,2025-10-23,132.0,µg/m³,,,OpenAQ
delhi_ncr,5586,"Sirifort, Delhi - CPCB",pm25,2025-10-24,119.0,µg/m³,,,OpenAQ
delhi_ncr,5586,"Sirifort, Delhi - CPCB",pm25,2025-10-25,143.0,µg/m³,,,OpenAQ
delhi_ncr,5586,"Sirifort, Delhi - CPCB",pm25,2025-10-26,184.0,µg/m³,,,OpenAQ
delhi_ncr,5586,"Sirifort, Delhi - CPCB",pm25,2025-10-27,174.0,µg/m³,,,OpenAQ
delhi_ncr,5586,"Sirifort, Delhi - CPCB",pm25,2025-10-28,168.0,µg/m³,,,OpenAQ
delhi_ncr,5586,"Sirifort, Delhi - CPCB",pm25,2025-10-29,183.0,µg/m³,,,OpenAQ
delhi_ncr,5586,"Sirifort, Delhi - CPCB",pm25,2025-10-30,211.0,µg/m³,,,OpenAQ
delhi_ncr,5586,"Sirifort, Delhi - CPCB",pm25,2025-10-31,119.0,µg/m³,,,OpenAQ
delhi_ncr,5586,"Sirifort, Delhi - CPCB",pm25,2025-11-01,245.0,µg/m³,,,OpenAQ
delhi_ncr,5586,"Sirifort, Delhi - CPCB",pm25,2025-11-02,199.0,µg/m³,,,OpenAQ
delhi_ncr,5586,"Sirifort, Delhi - CPCB",pm25,2025-11-03,134.0,µg/m³,,,OpenAQ
delhi_ncr,5586,"Sirifort, Delhi - CPCB",pm25,2025-11-04,119.0,µg/m³,,,OpenAQ
delhi_ncr,5586,"Sirifort, Delhi - CPCB",pm25,2025-11-05,123.0,µg/m³,,,OpenAQ
delhi_ncr,5586,"Sirifort, Delhi - CPCB",pm25,2025-11-06,231.0,µg/m³,,,OpenAQ
delhi_ncr,5586,"Sirifort, Delhi - CPCB",pm25,2025-11-07,212.0,µg/m³,,,OpenAQ
delhi_ncr,5586,"Sirifort, Delhi - CPCB",pm25,2025-11-08,243.0,µg/m³,,,OpenAQ
delhi_ncr,5586,"Sirifort, Delhi - CPCB",pm25,2025-11-09,214.0,µg/m³,,,OpenAQ
delhi_ncr,5586,"Sirifort, Delhi - CPCB",pm25,2025-11-10,292.0,µg/m³,,,OpenAQ
delhi_ncr,5586,"Sirifort, Delhi - CPCB",pm25,2025-11-11,287.0,µg/m³,,,OpenAQ
delhi_ncr,5586,"Sirifort, Delhi - CPCB",pm25,2025-11-12,49.3,µg/m³,,,OpenAQ
delhi_ncr,5586,"Sirifort, Delhi - CPCB",pm25,2025-11-13,311.0,µg/m³,,,OpenAQ
delhi_ncr,5586,"Sirifort, Delhi - CPCB",pm25,2025-11-14,231.0,µg/m³,,,OpenAQ
delhi_ncr,5586,"Sirifort, Delhi - CPCB",pm25,2025-11-15,246.0,µg/m³,,,OpenAQ
delhi_ncr,5586,"Sirifort, Delhi - CPCB",co,2025-10-15,1.94,ppb,,,OpenAQ
delhi_ncr,5586,"Sirifort, Delhi - CPCB",co,2025-10-16,2.0,ppb,,,OpenAQ
delhi_ncr,5586,"Sirifort, Delhi - CPCB",co,2025-10-17,1.73,ppb,,,OpenAQ
delhi_ncr,5586,"Sirifort, Delhi - CPCB",co,2025-10-18,1.3,ppb,,,OpenAQ
delhi_ncr,5586,"Sirifort, Delhi - CPCB",co,2025-10-19,1.72,ppb,,,OpenAQ
delhi_ncr,5586,"Sirifort, Delhi - CPCB",co,2025-10-20,1.86,ppb,,,OpenAQ
delhi_ncr,5586,"Sirifort, Delhi - CPCB",co,2025-10-21,1.36,ppb,,,OpenAQ
delhi_ncr,5586,"Sirifort, Delhi - CPCB",co,2025-10-22,1.2,ppb,,,OpenAQ
delhi_ncr,5586,"Sirifort, Delhi - CPCB",co,2025-10-23,0.834,ppb,,,OpenAQ
delhi_ncr,5586,"Sirifort, Delhi - CPCB",co,2025-10-24,1.55,ppb,,,OpenAQ
delhi_ncr,5586,"Sirifort, Delhi - CPCB",co,2025-10-25,2.29,ppb,,,OpenAQ
delhi_ncr,5586,"Sirifort, Delhi - CPCB",co,2025-10-26,3.26,ppb,,,OpenAQ
delhi_ncr,5586,"Sirifort, Delhi - CPCB",co,2025-10-27,1.69,ppb,,,OpenAQ
delhi_ncr,5586,"Sirifort, Delhi - CPCB",co,2025-10-28,1.06,ppb,,,OpenAQ
delhi_ncr,5586,"Sirifort, Delhi - CPCB",co,2025-10-29,1.33,ppb,,,OpenAQ
delhi_ncr,5586,"Sirifort, Delhi - CPCB",co,2025-10-30,2.39,ppb,,,OpenAQ
delhi_ncr,5586,"Sirifort, Delhi - CPCB",co,2025-10-31,1.12,ppb,,,OpenAQ
delhi_ncr,5586,"Sirifort, Delhi - CPCB",co,2025-11-01,1.72,ppb,,,OpenAQ
delhi_ncr,5586,"Sirifort, Delhi - CPCB",co,2025-11-02,1.25,ppb,,,OpenAQ
delhi_ncr,5586,"Sirifort, Delhi - CPCB",co,2025-11-03,0.962,ppb,,,OpenAQ
delhi_ncr,5586,"Sirifort, Delhi - CPCB",co,2025-11-04,1.2,ppb,,,OpenAQ
delhi_ncr,5586,"Sirifort, Delhi - CPCB",co,2025-11-05,0.705,ppb,,,OpenAQ
delhi_ncr,5586,"Sirifort, Delhi - CPCB",co,2025-11-06,1.06,ppb,,,OpenAQ
delhi_ncr,5586,"Sirifort, Delhi - CPCB",co,2025-11-07,1.14,ppb,,,OpenAQ
delhi_ncr,5586,"Sirifort, Delhi - CPCB",co,2025-11-08,1.44,ppb,,,OpenAQ
delhi_ncr,5586,"Sirifort, Delhi - CPCB",co,2025-11-09,1.14,ppb,,,OpenAQ
delhi_ncr,5586,"Sirifort, Delhi - CPCB",co,2025-11-10,1.74,ppb,,,OpenAQ
delhi_ncr,5586,"Sirifort, Delhi - CPCB",co,2025-11-11,1.84,ppb,,,OpenAQ
delhi_ncr,5586,"Sirifort, Delhi - CPCB",co,2025-11-12,1.99,ppb,,,OpenAQ
delhi_ncr,5586,"Sirifort, Delhi - CPCB",co,2025-11-13,1.89,ppb,,,OpenAQ
delhi_ncr,5586,"Sirifort, Delhi - CPCB",co,2025-11-14,1.3,ppb,,,OpenAQ
delhi_ncr,5586,"Sirifort, Delhi - CPCB",co,2025-11-15,1.5,ppb,,,OpenAQ
delhi_ncr,5586,"Sirifort, Delhi - CPCB",so2,2025-10-15,22.2,ppb,,,OpenAQ
delhi_ncr,5586,"Sirifort, Delhi - CPCB",so2,2025-10-16,23.3,ppb,,,OpenAQ
delhi_ncr,5586,"Sirifort, Delhi - CPCB",so2,2025-10-17,21.3,ppb,,,OpenAQ
delhi_ncr,5586,"Sirifort, Delhi - CPCB",so2,2025-10-18,23.1,ppb,,,OpenAQ
delhi_ncr,5586,"Sirifort, Delhi - CPCB",so2,2025-10-19,22.3,ppb,,,OpenAQ
delhi_ncr,5586,"Sirifort, Delhi - CPCB",so2,2025-10-20,22.0,ppb,,,OpenAQ
delhi_ncr,5586,"Sirifort, Delhi - CPCB",so2,2025-10-21,29.4,ppb,,,OpenAQ
delhi_ncr,5586,"Sirifort, Delhi - CPCB",so2,2025-10-22,23.0,ppb,,,OpenAQ
delhi_ncr,5586,"Sirifort, Delhi - CPCB",so2,2025-10-23,22.4,ppb,,,OpenAQ
delhi_ncr,5586,"Sirifort, Delhi - CPCB",so2,2025-10-24,22.8,ppb,,,OpenAQ
delhi_ncr,5586,"Sirifort, Delhi - CPCB",so2,2025-10-25,22.4,ppb,,,OpenAQ
delhi_ncr,5586,"Sirifort, Delhi - CPCB",so2,2025-10-26,24.5,ppb,,,OpenAQ
delhi_ncr,5586,"Sirifort, Delhi - CPCB",so2,2025-10-27,23.5,ppb,,,OpenAQ
delhi_ncr,5586,"Sirifort, Delhi - CPCB",so2,2025-10-28,21.3,ppb,,,OpenAQ
delhi_ncr,5586,"Sirifort, Delhi - CPCB",so2,2025-10-29,21.4,ppb,,,OpenAQ
delhi_ncr,5586,"Sirifort, Delhi - CPCB",so2,2025-10-30,23.2,ppb,,,OpenAQ
delhi_ncr,5586,"Sirifort, Delhi - CPCB",so2,2025-10-31,23.1,ppb,,,OpenAQ
delhi_ncr,5586,"Sirifort, Delhi - CPCB",so2,2025-11-01,22.0,ppb,,,OpenAQ
delhi_ncr,5586,"Sirifort, Delhi - CPCB",so2,2025-11-02,21.4,ppb,,,OpenAQ
delhi_ncr,5586,"Sirifort, Delhi - CPCB",so2,2025-11-03,22.9,ppb,,,OpenAQ
delhi_ncr,5586,"Sirifort, Delhi - CPCB",so2,2025-11-04,24.2,ppb,,,OpenAQ
delhi_ncr,5586,"Sirifort, Delhi - CPCB",so2,2025-11-05,22.9,ppb,,,OpenAQ
delhi_ncr,5586,"Sirifort, Delhi - CPCB",so2,2025-11-06,22.1,ppb,,,OpenAQ
delhi_ncr,5586,"Sirifort, Delhi - CPCB",so2,2025-11-07,23.6,ppb,,,OpenAQ
delhi_ncr,5586,"Sirifort, Delhi - CPCB",so2,2025-11-08,23.6,ppb,,,OpenAQ
delhi_ncr,5586,"Sirifort, Delhi - CPCB",so2,2025-11-09,22.3,ppb,,,OpenAQ
delhi_ncr,5586,"Sirifort, Delhi - CPCB",so2,2025-11-10,24.9,ppb,,,OpenAQ
delhi_ncr,5586,"Sirifort, Delhi - CPCB",so2,2025-11-11,21.9,ppb,,,OpenAQ
delhi_ncr,5586,"Sirifort, Delhi - CPCB",so2,2025-11-12,24.0,ppb,,,OpenAQ
delhi_ncr,5586,"Sirifort, Delhi - CPCB",so2,2025-11-13,25.5,ppb,,,OpenAQ
delhi_ncr,5586,"Sirifort, Delhi - CPCB",so2,2025-11-14,20.9,ppb,,,OpenAQ
delhi_ncr,5586,"Sirifort, Delhi - CPCB",so2,2025-11-15,20.8,ppb,,,OpenAQ
delhi_ncr,5622,"NSIT Dwarka, Delhi - CPCB",o3,2025-10-15,30.6,µg/m³,,,OpenAQ
delhi_ncr,5622,"NSIT Dwarka, Delhi - CPCB",o3,2025-10-16,18.1,µg/m³,,,OpenAQ
delhi_ncr,5622,"NSIT Dwarka, Delhi - CPCB",o3,2025-10-17,28.6,µg/m³,,,OpenAQ
delhi_ncr,5622,"NSIT Dwarka, Delhi - CPCB",o3,2025-10-18,31.2,µg/m³,,,OpenAQ
delhi_ncr,5622,"NSIT Dwarka, Delhi - CPCB",o3,2025-10-19,23.3,µg/m³,,,OpenAQ
delhi_ncr,5622,"NSIT Dwarka, Delhi - CPCB",o3,2025-10-20,24.3,µg/m³,,,OpenAQ
delhi_ncr,5622,"NSIT Dwarka, Delhi - CPCB",o3,2025-10-21,19.4,µg/m³,,,OpenAQ
delhi_ncr,5622,"NSIT Dwarka, Delhi - CPCB",o3,2025-10-22,18.9,µg/m³,,,OpenAQ
delhi_ncr,5622,"NSIT Dwarka, Delhi - CPCB",o3,2025-10-23,20.9,µg/m³,,,OpenAQ
delhi_ncr,5622,"NSIT Dwarka, Delhi - CPCB",o3,2025-10-24,21.0,µg/m³,,,OpenAQ
delhi_ncr,5622,"NSIT Dwarka, Delhi - CPCB",o3,2025-10-25,20.5,µg/m³,,,OpenAQ
delhi_ncr,5622,"NSIT Dwarka, Delhi - CPCB",o3,2025-10-26,17.1,µg/m³,,,OpenAQ
delhi_ncr,5622,"NSIT Dwarka, Delhi - CPCB",o3,2025-10-27,27.4,µg/m³,,,OpenAQ
delhi_ncr,5622,"NSIT Dwarka, Delhi - CPCB",o3,2025-10-28,19.1,µg/m³,,,OpenAQ
delhi_ncr,5622,"NSIT Dwarka, Delhi - CPCB",o3,2025-10-29,33.4,µg/m³,,,OpenAQ
delhi_ncr,5622,"NSIT Dwarka, Delhi - CPCB",o3,2025-10-30,26.6,µg/m³,,,OpenAQ
delhi_ncr,5622,"NSIT Dwarka, Delhi - CPCB",o3,2025-10-31,29.8,µg/m³,,,OpenAQ
delhi_ncr,5622,"NSIT Dwarka, Delhi - CPCB",o3,2025-11-01,17.3,µg/m³,,,OpenAQ
delhi_ncr,5622,"NSIT Dwarka, Delhi - CPCB",o3,2025-11-02,20.8,µg/m³,,,OpenAQ
delhi_ncr,5622,"NSIT Dwarka, Delhi - CPCB",o3,2025-11-03,18.7,µg/m³,,,OpenAQ
delhi_ncr,5622,"NSIT Dwarka, Delhi - CPCB",o3,2025-11-04,38.9,µg/m³,,,OpenAQ
delhi_ncr,5622,"NSIT Dwarka, Delhi - CPCB",o3,2025-11-05,42.7,µg/m³,,,OpenAQ
delhi_ncr,5622,"NSIT Dwarka, Delhi - CPCB",o3,2025-11-06,40.0,µg/m³,,,OpenAQ
delhi_ncr,5622,"NSIT Dwarka, Delhi - CPCB",o3,2025-11-07,36.2,µg/m³,,,OpenAQ
delhi_ncr,5622,"NSIT Dwarka, Delhi - CPCB",o3,2025-11-08,32.4,µg/m³,,,OpenAQ
delhi_ncr,5622,"NSIT Dwarka, Delhi - CPCB",o3,2025-11-09,25.1,µg/m³,,,OpenAQ
delhi_ncr,5622,"NSIT Dwarka, Delhi - CPCB",o3,2025-11-10,16.6,µg/m³,,,OpenAQ
delhi_ncr,5622,"NSIT Dwarka, Delhi - CPCB",o3,2025-11-11,32.8,µg/m³,,,OpenAQ
delhi_ncr,5622,"NSIT Dwarka, Delhi - CPCB",o3,2025-11-12,30.8,µg/m³,,,OpenAQ
delhi_ncr,5622,"NSIT Dwarka, Delhi - CPCB",o3,2025-11-13,33.9,µg/m³,,,OpenAQ
delhi_ncr,5622,"NSIT Dwarka, Delhi - CPCB",o3,2025-11-14,32.9,µg/m³,,,OpenAQ
delhi_ncr,5622,"NSIT Dwarka, Delhi - CPCB",o3,2025-11-15,31.4,µg/m³,,,OpenAQ
delhi_ncr,5622,"NSIT Dwarka, Delhi - CPCB",pm10,2025-10-15,165.0,µg/m³,,,OpenAQ
delhi_ncr,5622,"NSIT Dwarka, Delhi - CPCB",pm10,2025-10-16,95.5,µg/m³,,,OpenAQ
delhi_ncr,5622,"NSIT Dwarka, Delhi - CPCB",pm10,2025-10-17,102.0,µg/m³,,,OpenAQ
delhi_ncr,5622,"NSIT Dwarka, Delhi - CPCB",pm10,2025-10-18,160.0,µg/m³,,,OpenAQ
delhi_ncr,5622,"NSIT Dwarka, Delhi - CPCB",pm10,2025-10-19,328.0,µg/m³,,,OpenAQ
delhi_ncr,5622,"NSIT Dwarka, Delhi - CPCB",pm10,2025-10-20,495.0,µg/m³,,,OpenAQ
delhi_ncr,5622,"NSIT Dwarka, Delhi - CPCB",pm10,2025-10-21,374.0,µg/m³,,,OpenAQ
delhi_ncr,5622,"NSIT Dwarka, Delhi - CPCB",pm10,2025-10-22,373.0,µg/m³,,,OpenAQ
delhi_ncr,5622,"NSIT Dwarka, Delhi - CPCB",pm10,2025-10-23,275.0,µg/m³,,,OpenAQ
delhi_ncr,5622,"NSIT Dwarka, Delhi - CPCB",pm10,2025-10-24,259.0,µg/m³,,,OpenAQ
delhi_ncr,5622,"NSIT Dwarka, Delhi - CPCB",pm10,2025-10-25,306.0,µg/m³,,,OpenAQ
delhi_ncr,5622,"NSIT Dwarka, Delhi - CPCB",pm10,2025-10-26,348.0,µg/m³,,,OpenAQ
delhi_ncr,5622,"NSIT Dwarka, Delhi - CPCB",pm10,2025-10-27,295.0,µg/m³,,,OpenAQ
delhi_ncr,5622,"NSIT Dwarka, Delhi - CPCB",pm10,2025-10-28,219.0,µg/m³,,,OpenAQ
delhi_ncr,5622,"NSIT Dwarka, Delhi - CPCB",pm10,2025-10-29,197.0,µg/m³,,,OpenAQ
delhi_ncr,5622,"NSIT Dwarka, Delhi - CPCB",pm10,2025-10-30,257.0,µg/m³,,,OpenAQ
delhi_ncr,5622,"NSIT Dwarka, Delhi - CPCB",pm10,2025-10-31,233.0,µg/m³,,,OpenAQ
delhi_ncr,5622,"NSIT Dwarka, Delhi - CPCB",pm10,2025-11-01,265.0,µg/m³,,,OpenAQ
delhi_ncr,5622,"NSIT Dwarka, Delhi - CPCB",pm10,2025-11-02,257.0,µg/m³,,,OpenAQ
delhi_ncr,5622,"NSIT Dwarka, Delhi - CPCB",pm10,2025-11-03,246.0,µg/m³,,,OpenAQ
delhi_ncr,5622,"NSIT Dwarka, Delhi - CPCB",pm10,2025-11-04,238.0,µg/m³,,,OpenAQ
delhi_ncr,5622,"NSIT Dwarka, Delhi - CPCB",pm10,2025-11-05,270.0,µg/m³,,,OpenAQ
delhi_ncr,5622,"NSIT Dwarka, Delhi - CPCB",pm10,2025-11-06,322.0,µg/m³,,,OpenAQ
delhi_ncr,5622,"NSIT Dwarka, Delhi - CPCB",pm10,2025-11-07,298.0,µg/m³,,,OpenAQ
delhi_ncr,5622,"NSIT Dwarka, Delhi - CPCB",pm10,2025-11-08,251.0,µg/m³,,,OpenAQ
delhi_ncr,5622,"NSIT Dwarka, Delhi - CPCB",pm10,2025-11-09,211.0,µg/m³,,,OpenAQ
delhi_ncr,5622,"NSIT Dwarka, Delhi - CPCB",pm10,2025-11-10,210.0,µg/m³,,,OpenAQ
delhi_ncr,5622,"NSIT Dwarka, Delhi - CPCB",pm10,2025-11-11,251.0,µg/m³,,,OpenAQ
delhi_ncr,5622,"NSIT Dwarka, Delhi - CPCB",pm10,2025-11-12,267.0,µg/m³,,,OpenAQ
delhi_ncr,5622,"NSIT Dwarka, Delhi - CPCB",pm10,2025-11-13,299.0,µg/m³,,,OpenAQ
delhi_ncr,5622,"NSIT Dwarka, Delhi - CPCB",pm10,2025-11-14,466.0,µg/m³,,,OpenAQ
delhi_ncr,5622,"NSIT Dwarka, Delhi - CPCB",pm10,2025-11-15,272.0,µg/m³,,,OpenAQ
delhi_ncr,5622,"NSIT Dwarka, Delhi - CPCB",no2,2025-10-15,42.3,ppb,,,OpenAQ
delhi_ncr,5622,"NSIT Dwarka, Delhi - CPCB",no2,2025-10-16,49.6,ppb,,,OpenAQ
delhi_ncr,5622,"NSIT Dwarka, Delhi - CPCB",no2,2025-10-17,61.4,ppb,,,OpenAQ
delhi_ncr,5622,"NSIT Dwarka, Delhi - CPCB",no2,2025-10-18,79.0,ppb,,,OpenAQ
delhi_ncr,5622,"NSIT Dwarka, Delhi - CPCB",no2,2025-10-19,61.1,ppb,,,OpenAQ
delhi_ncr,5622,"NSIT Dwarka, Delhi - CPCB",no2,2025-10-20,74.6,ppb,,,OpenAQ
delhi_ncr,5622,"NSIT Dwarka, Delhi - CPCB",no2,2025-10-21,80.2,ppb,,,OpenAQ
delhi_ncr,5622,"NSIT Dwarka, Delhi - CPCB",no2,2025-10-22,68.0,ppb,,,OpenAQ
delhi_ncr,5622,"NSIT Dwarka, Delhi - CPCB",no2,2025-10-23,69.7,ppb,,,OpenAQ
delhi_ncr,5622,"NSIT Dwarka, Delhi - CPCB",no2,2025-10-24,70.7,ppb,,,OpenAQ
delhi_ncr,5622,"NSIT Dwarka, Delhi - CPCB",no2,2025-10-25,76.7,ppb,,,OpenAQ
delhi_ncr,5622,"NSIT Dwarka, Delhi - CPCB",no2,2025-10-26,89.8,ppb,,,OpenAQ
delhi_ncr,5622,"NSIT Dwarka, Delhi - CPCB",no2,2025-10-27,73.7,ppb,,,OpenAQ
delhi_ncr,5622,"NSIT Dwarka, Delhi - CPCB",no2,2025-10-28,62.3,ppb,,,OpenAQ
delhi_ncr,5622,"NSIT Dwarka, Delhi - CPCB",no2,2025-10-29,64.8,ppb,,,OpenAQ
delhi_ncr,5622,"NSIT Dwarka, Delhi - CPCB",no2,2025-10-30,73.2,ppb,,,OpenAQ
delhi_ncr,5622,"NSIT Dwarka, Delhi - CPCB",no2,2025-10-31,66.7,ppb,,,OpenAQ
delhi_ncr,5622,"NSIT Dwarka, Delhi - CPCB",no2,2025-11-01,69.9,ppb,,,OpenAQ
delhi_ncr,5622,"NSIT Dwarka, Delhi - CPCB",no2,2025-11-02,65.3,ppb,,,OpenAQ
delhi_ncr,5622,"NSIT Dwarka, Delhi - CPCB",no2,2025-11-03,64.1,ppb,,,OpenAQ
delhi_ncr,5622,"NSIT Dwarka, Delhi - CPCB",no2,2025-11-04,72.5,ppb,,,OpenAQ
delhi_ncr,5622,"NSIT Dwarka, Delhi - CPCB",no2,2025-11-05,59.9,ppb,,,OpenAQ
delhi_ncr,5622,"NSIT Dwarka, Delhi - CPCB",no2,2025-11-06,57.2,ppb,,,OpenAQ
delhi_ncr,5622,"NSIT Dwarka, Delhi - CPCB",no2,2025-11-07,63.4,ppb,,,OpenAQ
delhi_ncr,5622,"NSIT Dwarka, Delhi - CPCB",no2,2025-11-08,65.6,ppb,,,OpenAQ
delhi_ncr,5622,"NSIT Dwarka, Delhi - CPCB",no2,2025-11-09,60.5,ppb,,,OpenAQ
delhi_ncr,5622,"NSIT Dwarka, Delhi - CPCB",no2,2025-11-10,72.0,ppb,,,OpenAQ
delhi_ncr,5622,"NSIT Dwarka, Delhi - CPCB",no2,2025-11-11,71.8,ppb,,,OpenAQ
delhi_ncr,5622,"NSIT Dwarka, Delhi - CPCB",no2,2025-11-12,74.9,ppb,,,OpenAQ
delhi_ncr,5622,"NSIT Dwarka, Delhi - CPCB",no2,2025-11-13,76.1,ppb,,,OpenAQ
delhi_ncr,5622,"NSIT Dwarka, Delhi - CPCB",no2,2025-11-14,73.3,ppb,,,OpenAQ
delhi_ncr,5622,"NSIT Dwarka, Delhi - CPCB",no2,2025-11-15,75.9,ppb,,,OpenAQ
delhi_ncr,5622,"NSIT Dwarka, Delhi - CPCB",pm25,2025-10-15,50.5,µg/m³,,,OpenAQ
delhi_ncr,5622,"NSIT Dwarka, Delhi - CPCB",pm25,2025-10-16,46.8,µg/m³,,,OpenAQ
delhi_ncr,5622,"NSIT Dwarka, Delhi - CPCB",pm25,2025-10-17,119.0,µg/m³,,,OpenAQ
delhi_ncr,5622,"NSIT Dwarka, Delhi - CPCB",pm25,2025-10-18,68.0,µg/m³,,,OpenAQ
delhi_ncr,5622,"NSIT Dwarka, Delhi - CPCB",pm25,2025-10-19,103.0,µg/m³,,,OpenAQ
delhi_ncr,5622,"NSIT Dwarka, Delhi - CPCB",pm25,2025-10-20,175.0,µg/m³,,,OpenAQ
delhi_ncr,5622,"NSIT Dwarka, Delhi - CPCB",pm25,2025-10-21,216.0,µg/m³,,,OpenAQ
delhi_ncr,5622,"NSIT Dwarka, Delhi - CPCB",pm25,2025-10-22,101.0,µg/m³,,,OpenAQ
delhi_ncr,5622,"NSIT Dwarka, Delhi - CPCB",pm25,2025-10-23,90.2,µg/m³,,,OpenAQ
delhi_ncr,5622,"NSIT Dwarka, Delhi - CPCB",pm25,2025-10-24,103.0,µg/m³,,,OpenAQ
delhi_ncr,5622,"NSIT Dwarka, Delhi - CPCB",pm25,2025-10-25,114.0,µg/m³,,,OpenAQ
delhi_ncr,5622,"NSIT Dwarka, Delhi - CPCB",pm25,2025-10-26,142.0,µg/m³,,,OpenAQ
delhi_ncr,5622,"NSIT Dwarka, Delhi - CPCB",pm25,2025-10-27,138.0,µg/m³,,,OpenAQ
delhi_ncr,5622,"NSIT Dwarka, Delhi - CPCB",pm25,2025-10-28,97.9,µg/m³,,,OpenAQ
delhi_ncr,5622,"NSIT Dwarka, Delhi - CPCB",pm25,2025-10-29,139.0,µg/m³,,,OpenAQ
delhi_ncr,5622,"NSIT Dwarka, Delhi - CPCB",pm25,2025-10-30,198.0,µg/m³,,,OpenAQ
delhi_ncr,5622,"NSIT Dwarka, Delhi - CPCB",pm25,2025-10-31,92.4,µg/m³,,,OpenAQ
delhi_ncr,5622,"NSIT Dwarka, Delhi - CPCB",pm25,2025-11-01,152.0,µg/m³,,,OpenAQ
delhi_ncr,5622,"NSIT Dwarka, Delhi - CPCB",pm25,2025-11-02,120.0,µg/m³,,,OpenAQ
delhi_ncr,5622,"NSIT Dwarka, Delhi - CPCB",pm25,2025-11-03,137.0,µg/m³,,,OpenAQ
delhi_ncr,5622,"NSIT Dwarka, Delhi - CPCB",pm25,2025-11-04,131.0,µg/m³,,,OpenAQ
delhi_ncr,5622,"NSIT Dwarka, Delhi - CPCB",pm25,2025-11-05,119.0,µg/m³,,,OpenAQ
delhi_ncr,5622,"NSIT Dwarka, Delhi - CPCB",pm25,2025-11-06,137.0,µg/m³,,,OpenAQ
delhi_ncr,5622,"NSIT Dwarka, Delhi - CPCB",pm25,2025-11-07,98.4,µg/m³,,,OpenAQ
delhi_ncr,5622,"NSIT Dwarka, Delhi - CPCB",pm25,2025-11-08,92.3,µg/m³,,,OpenAQ
delhi_ncr,5622,"NSIT Dwarka, Delhi - CPCB",pm25,2025-11-09,93.3,µg/m³,,,OpenAQ
delhi_ncr,5622,"NSIT Dwarka, Delhi - CPCB",pm25,2025-11-10,110.0,µg/m³,,,OpenAQ
delhi_ncr,5622,"NSIT Dwarka, Delhi - CPCB",pm25,2025-11-11,106.0,µg/m³,,,OpenAQ
delhi_ncr,5622,"NSIT Dwarka, Delhi - CPCB",pm25,2025-11-12,108.0,µg/m³,,,OpenAQ
delhi_ncr,5622,"NSIT Dwarka, Delhi - CPCB",pm25,2025-11-13,135.0,µg/m³,,,OpenAQ
delhi_ncr,5622,"NSIT Dwarka, Delhi - CPCB",pm25,2025-11-14,98.3,µg/m³,,,OpenAQ
delhi_ncr,5622,"NSIT Dwarka, Delhi - CPCB",pm25,2025-11-15,101.0,µg/m³,,,OpenAQ
delhi_ncr,5622,"NSIT Dwarka, Delhi - CPCB",so2,2025-10-15,25.0,ppb,,,OpenAQ
delhi_ncr,5622,"NSIT Dwarka, Delhi - CPCB",so2,2025-10-16,18.5,ppb,,,OpenAQ
delhi_ncr,5622,"NSIT Dwarka, Delhi - CPCB",so2,2025-10-17,14.4,ppb,,,OpenAQ
delhi_ncr,5622,"NSIT Dwarka, Delhi - CPCB",so2,2025-10-18,8.28,ppb,,,OpenAQ
delhi_ncr,5622,"NSIT Dwarka, Delhi - CPCB",so2,2025-10-19,9.48,ppb,,,OpenAQ
delhi_ncr,5622,"NSIT Dwarka, Delhi - CPCB",so2,2025-10-20,17.4,ppb,,,OpenAQ
delhi_ncr,5622,"NSIT Dwarka, Delhi - CPCB",so2,2025-10-21,17.9,ppb,,,OpenAQ
delhi_ncr,5622,"NSIT Dwarka, Delhi - CPCB",so2,2025-10-22,8.94,ppb,,,OpenAQ
delhi_ncr,5622,"NSIT Dwarka, Delhi - CPCB",so2,2025-10-23,9.53,ppb,,,OpenAQ
delhi_ncr,5622,"NSIT Dwarka, Delhi - CPCB",so2,2025-10-24,17.5,ppb,,,OpenAQ
delhi_ncr,5622,"NSIT Dwarka, Delhi - CPCB",so2,2025-10-25,11.9,ppb,,,OpenAQ
delhi_ncr,5622,"NSIT Dwarka, Delhi - CPCB",so2,2025-10-26,22.5,ppb,,,OpenAQ
delhi_ncr,5622,"NSIT Dwarka, Delhi - CPCB",so2,2025-10-27,6.2,ppb,,,OpenAQ
delhi_ncr,5622,"NSIT Dwarka, Delhi - CPCB",so2,2025-10-28,13.8,ppb,,,OpenAQ
delhi_ncr,5622,"NSIT Dwarka, Delhi - CPCB",so2,2025-10-29,12.5,ppb,,,OpenAQ
delhi_ncr,5622,"NSIT Dwarka, Delhi - CPCB",so2,2025-10-30,12.7,ppb,,,OpenAQ
delhi_ncr,5622,"NSIT Dwarka, Delhi - CPCB",so2,2025-10-31,5.03,ppb,,,OpenAQ
delhi_ncr,5622,"NSIT Dwarka, Delhi - CPCB",so2,2025-11-01,10.6,ppb,,,OpenAQ
delhi_ncr,5622,"NSIT Dwarka, Delhi - CPCB",so2,2025-11-02,5.46,ppb,,,OpenAQ
delhi_ncr,5622,"NSIT Dwarka, Delhi - CPCB",so2,2025-11-03,8.06,ppb,,,OpenAQ
delhi_ncr,5622,"NSIT Dwarka, Delhi - CPCB",so2,2025-11-04,8.07,ppb,,,OpenAQ
delhi_ncr,5622,"NSIT Dwarka, Delhi - CPCB",so2,2025-11-05,8.0,ppb,,,OpenAQ
delhi_ncr,5622,"NSIT Dwarka, Delhi - CPCB",so2,2025-11-06,7.97,ppb,,,OpenAQ
delhi_ncr,5622,"NSIT Dwarka, Delhi - CPCB",so2,2025-11-07,8.01,ppb,,,OpenAQ
delhi_ncr,5622,"NSIT Dwarka, Delhi - CPCB",so2,2025-11-08,8.01,ppb,,,OpenAQ
delhi_ncr,5622,"NSIT Dwarka, Delhi - CPCB",so2,2025-11-09,7.94,ppb,,,OpenAQ
delhi_ncr,5622,"NSIT Dwarka, Delhi - CPCB",so2,2025-11-10,8.01,ppb,,,OpenAQ
delhi_ncr,5622,"NSIT Dwarka, Delhi - CPCB",so2,2025-11-11,7.99,ppb,,,OpenAQ
delhi_ncr,5622,"NSIT Dwarka, Delhi - CPCB",so2,2025-11-12,7.91,ppb,,,OpenAQ
delhi_ncr,5622,"NSIT Dwarka, Delhi - CPCB",so2,2025-11-13,8.02,ppb,,,OpenAQ
delhi_ncr,5622,"NSIT Dwarka, Delhi - CPCB",so2,2025-11-14,8.97,ppb,,,OpenAQ
delhi_ncr,5622,"NSIT Dwarka, Delhi - CPCB",so2,2025-11-15,11.1,ppb,,,OpenAQ
delhi_ncr,5622,"NSIT Dwarka, Delhi - CPCB",co,2025-10-15,1.26,ppb,,,OpenAQ
delhi_ncr,5622,"NSIT Dwarka, Delhi - CPCB",co,2025-10-16,1.49,ppb,,,OpenAQ
delhi_ncr,5622,"NSIT Dwarka, Delhi - CPCB",co,2025-10-17,1.65,ppb,,,OpenAQ
delhi_ncr,5622,"NSIT Dwarka, Delhi - CPCB",co,2025-10-18,1.1,ppb,,,OpenAQ
delhi_ncr,5622,"NSIT Dwarka, Delhi - CPCB",co,2025-10-19,1.67,ppb,,,OpenAQ
delhi_ncr,5622,"NSIT Dwarka, Delhi - CPCB",co,2025-10-20,0.699,ppb,,,OpenAQ
delhi_ncr,5622,"NSIT Dwarka, Delhi - CPCB",co,2025-10-21,2.27,ppb,,,OpenAQ
delhi_ncr,5622,"NSIT Dwarka, Delhi - CPCB",co,2025-10-22,2.28,ppb,,,OpenAQ
delhi_ncr,5622,"NSIT Dwarka, Delhi - CPCB",co,2025-10-23,1.59,ppb,,,OpenAQ
delhi_ncr,5622,"NSIT Dwarka, Delhi - CPCB",co,2025-10-24,1.59,ppb,,,OpenAQ
delhi_ncr,5622,"NSIT Dwarka, Delhi - CPCB",co,2025-10-25,1.57,ppb,,,OpenAQ
delhi_ncr,5622,"NSIT Dwarka, Delhi - CPCB",co,2025-10-26,1.32,ppb,,,OpenAQ
delhi_ncr,5622,"NSIT Dwarka, Delhi - CPCB",co,2025-10-27,1.13,ppb,,,OpenAQ
delhi_ncr,5622,"NSIT Dwarka, Delhi - CPCB",co,2025-10-28,0.685,ppb,,,OpenAQ
delhi_ncr,5622,"NSIT Dwarka, Delhi - CPCB",co,2025-10-29,0.46,ppb,,,OpenAQ
delhi_ncr,5622,"NSIT Dwarka, Delhi - CPCB",co,2025-10-30,0.73,ppb,,,OpenAQ
delhi_ncr,5622,"NSIT Dwarka, Delhi - CPCB",co,2025-10-31,0.735,ppb,,,OpenAQ
delhi_ncr,5622,"NSIT Dwarka, Delhi - CPCB",co,2025-11-01,0.736,ppb,,,OpenAQ
delhi_ncr,5622,"NSIT Dwarka, Delhi - CPCB",co,2025-11-02,0.732,ppb,,,OpenAQ
delhi_ncr,5622,"NSIT Dwarka, Delhi - CPCB",co,2025-11-03,0.668,ppb,,,OpenAQ
delhi_ncr,5622,"NSIT Dwarka, Delhi - CPCB",co,2025-11-04,0.852,ppb,,,OpenAQ
delhi_ncr,5622,"NSIT Dwarka, Delhi - CPCB",co,2025-11-05,0.736,ppb,,,OpenAQ
delhi_ncr,5622,"NSIT Dwarka, Delhi - CPCB",co,2025-11-06,0.737,ppb,,,OpenAQ
delhi_ncr,5622,"NSIT Dwarka, Delhi - CPCB",co,2025-11-07,0.727,ppb,,,OpenAQ
delhi_ncr,5622,"NSIT Dwarka, Delhi - CPCB",co,2025-11-08,0.728,ppb,,,OpenAQ
delhi_ncr,5622,"NSIT Dwarka, Delhi - CPCB",co,2025-11-09,0.732,ppb,,,OpenAQ
delhi_ncr,5622,"NSIT Dwarka, Delhi - CPCB",co,2025-11-10,0.76,ppb,,,OpenAQ
delhi_ncr,5622,"NSIT Dwarka, Delhi - CPCB",co,2025-11-11,0.738,ppb,,,OpenAQ
delhi_ncr,5622,"NSIT Dwarka, Delhi - CPCB",co,2025-11-12,0.721,ppb,,,OpenAQ
delhi_ncr,5622,"NSIT Dwarka, Delhi - CPCB",co,2025-11-13,0.732,ppb,,,OpenAQ
delhi_ncr,5622,"NSIT Dwarka, Delhi - CPCB",co,2025-11-14,0.722,ppb,,,OpenAQ
delhi_ncr,5622,"NSIT Dwarka, Delhi - CPCB",co,2025-11-15,0.775,ppb,,,OpenAQ
delhi_ncr,6932,"Alipur, Delhi - DPCC",pm25,2025-10-15,111.0,µg/m³,,,OpenAQ
delhi_ncr,6932,"Alipur, Delhi - DPCC",pm25,2025-10-16,145.0,µg/m³,,,OpenAQ
delhi_ncr,6932,"Alipur, Delhi - DPCC",pm25,2025-10-17,114.0,µg/m³,,,OpenAQ
delhi_ncr,6932,"Alipur, Delhi - DPCC",pm25,2025-10-18,112.0,µg/m³,,,OpenAQ
delhi_ncr,6932,"Alipur, Delhi - DPCC",pm25,2025-10-19,143.0,µg/m³,,,OpenAQ
delhi_ncr,6932,"Alipur, Delhi - DPCC",pm25,2025-10-20,174.0,µg/m³,,,OpenAQ
delhi_ncr,6932,"Alipur, Delhi - DPCC",pm25,2025-10-21,189.0,µg/m³,,,OpenAQ
delhi_ncr,6932,"Alipur, Delhi - DPCC",pm25,2025-10-22,161.0,µg/m³,,,OpenAQ
delhi_ncr,6932,"Alipur, Delhi - DPCC",pm25,2025-10-23,130.0,µg/m³,,,OpenAQ
delhi_ncr,6932,"Alipur, Delhi - DPCC",pm25,2025-10-24,120.0,µg/m³,,,OpenAQ
delhi_ncr,6932,"Alipur, Delhi - DPCC",pm25,2025-10-25,157.0,µg/m³,,,OpenAQ
delhi_ncr,6932,"Alipur, Delhi - DPCC",pm25,2025-10-26,198.0,µg/m³,,,OpenAQ
delhi_ncr,6932,"Alipur, Delhi - DPCC",pm25,2025-10-27,141.0,µg/m³,,,OpenAQ
delhi_ncr,6932,"Alipur, Delhi - DPCC",pm25,2025-10-28,123.0,µg/m³,,,OpenAQ
delhi_ncr,6932,"Alipur, Delhi - DPCC",pm25,2025-10-29,178.0,µg/m³,,,OpenAQ
delhi_ncr,6932,"Alipur, Delhi - DPCC",pm25,2025-10-30,208.0,µg/m³,,,OpenAQ
delhi_ncr,6932,"Alipur, Delhi - DPCC",pm25,2025-10-31,101.0,µg/m³,,,OpenAQ
delhi_ncr,6932,"Alipur, Delhi - DPCC",pm25,2025-11-01,202.0,µg/m³,,,OpenAQ
delhi_ncr,6932,"Alipur, Delhi - DPCC",pm25,2025-11-02,209.0,µg/m³,,,OpenAQ
delhi_ncr,6932,"Alipur, Delhi - DPCC",pm25,2025-11-03,269.0,µg/m³,,,OpenAQ
delhi_ncr,6932,"Alipur, Delhi - DPCC",pm25,2025-11-04,109.0,µg/m³,,,OpenAQ
delhi_ncr,6932,"Alipur, Delhi - DPCC",pm25,2025-11-05,114.0,µg/m³,,,OpenAQ
delhi_ncr,6932,"Alipur, Delhi - DPCC",pm25,2025-11-06,203.0,µg/m³,,,OpenAQ
delhi_ncr,6932,"Alipur, Delhi - DPCC",pm25,2025-11-07,249.0,µg/m³,,,OpenAQ
delhi_ncr,6932,"Alipur, Delhi - DPCC",pm25,2025-11-08,293.0,µg/m³,,,OpenAQ
delhi_ncr,6932,"Alipur, Delhi - DPCC",pm25,2025-11-09,239.0,µg/m³,,,OpenAQ
delhi_ncr,6932,"Alipur, Delhi - DPCC",pm25,2025-11-10,336.0,µg/m³,,,OpenAQ
delhi_ncr,6932,"Alipur, Delhi - DPCC",pm25,2025-11-11,340.0,µg/m³,,,OpenAQ
delhi_ncr,6932,"Alipur, Delhi - DPCC",pm25,2025-11-12,354.0,µg/m³,,,OpenAQ
delhi_ncr,6932,"Alipur, Delhi - DPCC",pm25,2025-11-13,288.0,µg/m³,,,OpenAQ
delhi_ncr,6932,"Alipur, Delhi - DPCC",pm25,2025-11-14,234.0,µg/m³,,,OpenAQ
delhi_ncr,6932,"Alipur, Delhi - DPCC",pm25,2025-11-15,277.0,µg/m³,,,OpenAQ
delhi_ncr,6932,"Alipur, Delhi - DPCC",pm10,2025-10-15,283.0,µg/m³,,,OpenAQ
delhi_ncr,6932,"Alipur, Delhi - DPCC",pm10,2025-10-16,331.0,µg/m³,,,OpenAQ
delhi_ncr,6932,"Alipur, Delhi - DPCC",pm10,2025-10-17,304.0,µg/m³,,,OpenAQ
delhi_ncr,6932,"Alipur, Delhi - DPCC",pm10,2025-10-18,265.0,µg/m³,,,OpenAQ
delhi_ncr,6932,"Alipur, Delhi - DPCC",pm10,2025-10-19,303.0,µg/m³,,,OpenAQ
delhi_ncr,6932,"Alipur, Delhi - DPCC",pm10,2025-10-20,310.0,µg/m³,,,OpenAQ
delhi_ncr,6932,"Alipur, Delhi - DPCC",pm10,2025-10-21,293.0,µg/m³,,,OpenAQ
delhi_ncr,6932,"Alipur, Delhi - DPCC",pm10,2025-10-22,275.0,µg/m³,,,OpenAQ
delhi_ncr,6932,"Alipur, Delhi - DPCC",pm10,2025-10-23,283.0,µg/m³,,,OpenAQ
delhi_ncr,6932,"Alipur, Delhi - DPCC",pm10,2025-10-24,294.0,µg/m³,,,OpenAQ
delhi_ncr,6932,"Alipur, Delhi - DPCC",pm10,2025-10-25,373.0,µg/m³,,,OpenAQ
delhi_ncr,6932,"Alipur, Delhi - DPCC",pm10,2025-10-26,356.0,µg/m³,,,OpenAQ
delhi_ncr,6932,"Alipur, Delhi - DPCC",pm10,2025-10-27,257.0,µg/m³,,,OpenAQ
delhi_ncr,6932,"Alipur, Delhi - DPCC",pm10,2025-10-28,233.0,µg/m³,,,OpenAQ
delhi_ncr,6932,"Alipur, Delhi - DPCC",pm10,2025-10-29,362.0,µg/m³,,,OpenAQ
delhi_ncr,6932,"Alipur, Delhi - DPCC",pm10,2025-10-30,376.0,µg/m³,,,OpenAQ
delhi_ncr,6932,"Alipur, Delhi - DPCC",pm10,2025-10-31,228.0,µg/m³,,,OpenAQ
delhi_ncr,6932,"Alipur, Delhi - DPCC",pm10,2025-11-01,387.0,µg/m³,,,OpenAQ
delhi_ncr,6932,"Alipur, Delhi - DPCC",pm10,2025-11-02,384.0,µg/m³,,,OpenAQ
delhi_ncr,6932,"Alipur, Delhi - DPCC",pm10,2025-11-03,479.0,µg/m³,,,OpenAQ
delhi_ncr,6932,"Alipur, Delhi - DPCC",pm10,2025-11-04,275.0,µg/m³,,,OpenAQ
delhi_ncr,6932,"Alipur, Delhi - DPCC",pm10,2025-11-05,226.0,µg/m³,,,OpenAQ
delhi_ncr,6932,"Alipur, Delhi - DPCC",pm10,2025-11-06,349.0,µg/m³,,,OpenAQ
delhi_ncr,6932,"Alipur, Delhi - DPCC",pm10,2025-11-07,442.0,µg/m³,,,OpenAQ
delhi_ncr,6932,"Alipur, Delhi - DPCC",pm10,2025-11-08,512.0,µg/m³,,,OpenAQ
delhi_ncr,6932,"Alipur, Delhi - DPCC",pm10,2025-11-09,401.0,µg/m³,,,OpenAQ
delhi_ncr,6932,"Alipur, Delhi - DPCC",pm10,2025-11-10,574.0,µg/m³,,,OpenAQ
delhi_ncr,6932,"Alipur, Delhi - DPCC",pm10,2025-11-11,566.0,µg/m³,,,OpenAQ
delhi_ncr,6932,"Alipur, Delhi - DPCC",pm10,2025-11-12,581.0,µg/m³,,,OpenAQ
delhi_ncr,6932,"Alipur, Delhi - DPCC",pm10,2025-11-13,530.0,µg/m³,,,OpenAQ
delhi_ncr,6932,"Alipur, Delhi - DPCC",pm10,2025-11-14,428.0,µg/m³,,,OpenAQ
delhi_ncr,6932,"Alipur, Delhi - DPCC",pm10,2025-11-15,477.0,µg/m³,,,OpenAQ
delhi_ncr,6932,"Alipur, Delhi - DPCC",co,2025-10-15,1.88,ppb,,,OpenAQ
delhi_ncr,6932,"Alipur, Delhi - DPCC",co,2025-10-16,1.62,ppb,,,OpenAQ
delhi_ncr,6932,"Alipur, Delhi - DPCC",co,2025-10-17,1.64,ppb,,,OpenAQ
delhi_ncr,6932,"Alipur, Delhi - DPCC",co,2025-10-18,1.68,ppb,,,OpenAQ
delhi_ncr,6932,"Alipur, Delhi - DPCC",co,2025-10-19,1.86,ppb,,,OpenAQ
delhi_ncr,6932,"Alipur, Delhi - DPCC",co,2025-10-20,1.75,ppb,,,OpenAQ
delhi_ncr,6932,"Alipur, Delhi - DPCC",co,2025-10-21,1.41,ppb,,,OpenAQ
delhi_ncr,6932,"Alipur, Delhi - DPCC",co,2025-10-22,1.48,ppb,,,OpenAQ
delhi_ncr,6932,"Alipur, Delhi - DPCC",co,2025-10-23,1.41,ppb,,,OpenAQ
delhi_ncr,6932,"Alipur, Delhi - DPCC",co,2025-10-24,1.45,ppb,,,OpenAQ
delhi_ncr,6932,"Alipur, Delhi - DPCC",co,2025-10-25,2.01,ppb,,,OpenAQ
delhi_ncr,6932,"Alipur, Delhi - DPCC",co,2025-10-26,2.06,ppb,,,OpenAQ
delhi_ncr,6932,"Alipur, Delhi - DPCC",co,2025-10-27,2.31,ppb,,,OpenAQ
delhi_ncr,6932,"Alipur, Delhi - DPCC",co,2025-10-28,0.96,ppb,,,OpenAQ
delhi_ncr,6932,"Alipur, Delhi - DPCC",co,2025-10-29,1.75,ppb,,,OpenAQ
delhi_ncr,6932,"Alipur, Delhi - DPCC",co,2025-10-30,1.88,ppb,,,OpenAQ
delhi_ncr,6932,"Alipur, Delhi - DPCC",co,2025-10-31,1.66,ppb,,,OpenAQ
delhi_ncr,6932,"Alipur, Delhi - DPCC",co,2025-11-01,1.87,ppb,,,OpenAQ
delhi_ncr,6932,"Alipur, Delhi - DPCC",co,2025-11-02,1.65,ppb,,,OpenAQ
delhi_ncr,6932,"Alipur, Delhi - DPCC",co,2025-11-03,1.88,ppb,,,OpenAQ
delhi_ncr,6932,"Alipur, Delhi - DPCC",co,2025-11-04,1.63,ppb,,,OpenAQ
delhi_ncr,6932,"Alipur, Delhi - DPCC",co,2025-11-05,1.49,ppb,,,OpenAQ
delhi_ncr,6932,"Alipur, Delhi - DPCC",co,2025-11-06,1.45,ppb,,,OpenAQ
delhi_ncr,6932,"Alipur, Delhi - DPCC",co,2025-11-07,1.74,ppb,,,OpenAQ
delhi_ncr,6932,"Alipur, Delhi - DPCC",co,2025-11-08,1.83,ppb,,,OpenAQ
delhi_ncr,6932,"Alipur, Delhi - DPCC",co,2025-11-09,1.82,ppb,,,OpenAQ
delhi_ncr,6932,"Alipur, Delhi - DPCC",co,2025-11-10,2.47,ppb,,,OpenAQ
delhi_ncr,6932,"Alipur, Delhi - DPCC",co,2025-11-11,1.8,ppb,,,OpenAQ
delhi_ncr,6932,"Alipur, Delhi - DPCC",co,2025-11-12,1.92,ppb,,,OpenAQ
delhi_ncr,6932,"Alipur, Delhi - DPCC",co,2025-11-13,1.8,ppb,,,OpenAQ
delhi_ncr,6932,"Alipur, Delhi - DPCC",co,2025-11-14,1.47,ppb,,,OpenAQ
delhi_ncr,6932,"Alipur, Delhi - DPCC",co,2025-11-15,1.58,ppb,,,OpenAQ
delhi_ncr,6932,"Alipur, Delhi - DPCC",so2,2025-10-15,8.17,ppb,,,OpenAQ
delhi_ncr,6932,"Alipur, Delhi - DPCC",so2,2025-10-16,8.41,ppb,,,OpenAQ
delhi_ncr,6932,"Alipur, Delhi - DPCC",so2,2025-10-17,10.0,ppb,,,OpenAQ
delhi_ncr,6932,"Alipur, Delhi - DPCC",so2,2025-10-18,7.02,ppb,,,OpenAQ
delhi_ncr,6932,"Alipur, Delhi - DPCC",so2,2025-10-19,8.51,ppb,,,OpenAQ
delhi_ncr,6932,"Alipur, Delhi - DPCC",so2,2025-10-20,7.53,ppb,,,OpenAQ
delhi_ncr,6932,"Alipur, Delhi - DPCC",so2,2025-10-21,7.89,ppb,,,OpenAQ
delhi_ncr,6932,"Alipur, Delhi - DPCC",so2,2025-10-22,7.09,ppb,,,OpenAQ
delhi_ncr,6932,"Alipur, Delhi - DPCC",so2,2025-10-23,8.88,ppb,,,OpenAQ
delhi_ncr,6932,"Alipur, Delhi - DPCC",so2,2025-10-24,5.87,ppb,,,OpenAQ
delhi_ncr,6932,"Alipur, Delhi - DPCC",so2,2025-10-25,7.11,ppb,,,OpenAQ
delhi_ncr,6932,"Alipur, Delhi - DPCC",so2,2025-10-26,3.15,ppb,,,OpenAQ
delhi_ncr,6932,"Alipur, Delhi - DPCC",so2,2025-10-27,6.66,ppb,,,OpenAQ
delhi_ncr,6932,"Alipur, Delhi - DPCC",so2,2025-10-28,7.77,ppb,,,OpenAQ
delhi_ncr,6932,"Alipur, Delhi - DPCC",so2,2025-10-29,6.96,ppb,,,OpenAQ
delhi_ncr,6932,"Alipur, Delhi - DPCC",so2,2025-10-30,7.35,ppb,,,OpenAQ
delhi_ncr,6932,"Alipur, Delhi - DPCC",so2,2025-10-31,14.4,ppb,,,OpenAQ
delhi_ncr,6932,"Alipur, Delhi - DPCC",so2,2025-11-01,17.4,ppb,,,OpenAQ
delhi_ncr,6932,"Alipur, Delhi - DPCC",so2,2025-11-02,21.1,ppb,,,OpenAQ
delhi_ncr,6932,"Alipur, Delhi - DPCC",so2,2025-11-03,25.7,ppb,,,OpenAQ
delhi_ncr,6932,"Alipur, Delhi - DPCC",so2,2025-11-04,18.8,ppb,,,OpenAQ
delhi_ncr,6932,"Alipur, Delhi - DPCC",so2,2025-11-05,21.0,ppb,,,OpenAQ
delhi_ncr,6932,"Alipur, Delhi - DPCC",so2,2025-11-06,22.0,ppb,,,OpenAQ
delhi_ncr,6932,"Alipur, Delhi - DPCC",so2,2025-11-07,24.8,ppb,,,OpenAQ
delhi_ncr,6932,"Alipur, Delhi - DPCC",so2,2025-11-08,26.6,ppb,,,OpenAQ
delhi_ncr,6932,"Alipur, Delhi - DPCC",so2,2025-11-09,26.1,ppb,,,OpenAQ
delhi_ncr,6932,"Alipur, Delhi - DPCC",so2,2025-11-10,27.5,ppb,,,OpenAQ
delhi_ncr,6932,"Alipur, Delhi - DPCC",so2,2025-11-11,20.5,ppb,,,OpenAQ
delhi_ncr,6932,"Alipur, Delhi - DPCC",so2,2025-11-12,16.0,ppb,,,OpenAQ
delhi_ncr,6932,"Alipur, Delhi - DPCC",so2,2025-11-13,11.5,ppb,,,OpenAQ
delhi_ncr,6932,"Alipur, Delhi - DPCC",so2,2025-11-14,12.5,ppb,,,OpenAQ
delhi_ncr,6932,"Alipur, Delhi - DPCC",so2,2025-11-15,11.9,ppb,,,OpenAQ
delhi_ncr,6932,"Alipur, Delhi - DPCC",no2,2025-10-15,56.8,ppb,,,OpenAQ
delhi_ncr,6932,"Alipur, Delhi - DPCC",no2,2025-10-16,63.5,ppb,,,OpenAQ
delhi_ncr,6932,"Alipur, Delhi - DPCC",no2,2025-10-17,67.5,ppb,,,OpenAQ
delhi_ncr,6932,"Alipur, Delhi - DPCC",no2,2025-10-18,66.4,ppb,,,OpenAQ
delhi_ncr,6932,"Alipur, Delhi - DPCC",no2,2025-10-19,57.4,ppb,,,OpenAQ
delhi_ncr,6932,"Alipur, Delhi - DPCC",no2,2025-10-20,50.3,ppb,,,OpenAQ
delhi_ncr,6932,"Alipur, Delhi - DPCC",no2,2025-10-21,40.5,ppb,,,OpenAQ
delhi_ncr,6932,"Alipur, Delhi - DPCC",no2,2025-10-22,45.4,ppb,,,OpenAQ
delhi_ncr,6932,"Alipur, Delhi - DPCC",no2,2025-10-23,55.0,ppb,,,OpenAQ
delhi_ncr,6932,"Alipur, Delhi - DPCC",no2,2025-10-24,52.9,ppb,,,OpenAQ
delhi_ncr,6932,"Alipur, Delhi - DPCC",no2,2025-10-25,63.6,ppb,,,OpenAQ
delhi_ncr,6932,"Alipur, Delhi - DPCC",no2,2025-10-26,59.2,ppb,,,OpenAQ
delhi_ncr,6932,"Alipur, Delhi - DPCC",no2,2025-10-27,45.3,ppb,,,OpenAQ
delhi_ncr,6932,"Alipur, Delhi - DPCC",no2,2025-10-28,47.9,ppb,,,OpenAQ
delhi_ncr,6932,"Alipur, Delhi - DPCC",no2,2025-10-29,66.7,ppb,,,OpenAQ
delhi_ncr,6932,"Alipur, Delhi - DPCC",no2,2025-10-30,61.4,ppb,,,OpenAQ
delhi_ncr,6932,"Alipur, Delhi - DPCC",no2,2025-10-31,44.9,ppb,,,OpenAQ
delhi_ncr,6932,"Alipur, Delhi - DPCC",no2,2025-11-01,61.7,ppb,,,OpenAQ
delhi_ncr,6932,"Alipur, Delhi - DPCC",no2,2025-11-02,54.1,ppb,,,OpenAQ
delhi_ncr,6932,"Alipur, Delhi - DPCC",no2,2025-11-03,62.3,ppb,,,OpenAQ
delhi_ncr,6932,"Alipur, Delhi - DPCC",no2,2025-11-04,67.7,ppb,,,OpenAQ
delhi_ncr,6932,"Alipur, Delhi - DPCC",no2,2025-11-05,49.4,ppb,,,OpenAQ
delhi_ncr,6932,"Alipur, Delhi - DPCC",no2,2025-11-06,47.5,ppb,,,OpenAQ
delhi_ncr,6932,"Alipur, Delhi - DPCC",no2,2025-11-07,60.1,ppb,,,OpenAQ
delhi_ncr,6932,"Alipur, Delhi - DPCC",no2,2025-11-08,68.0,ppb,,,OpenAQ
delhi_ncr,6932,"Alipur, Delhi - DPCC",no2,2025-11-09,57.1,ppb,,,OpenAQ
delhi_ncr,6932,"Alipur, Delhi - DPCC",no2,2025-11-10,82.2,ppb,,,OpenAQ
delhi_ncr,6932,"Alipur, Delhi - DPCC",no2,2025-11-11,68.3,ppb,,,OpenAQ
delhi_ncr,6932,"Alipur, Delhi - DPCC",no2,2025-11-12,64.6,ppb,,,OpenAQ
delhi_ncr,6932,"Alipur, Delhi - DPCC",no2,2025-11-13,69.9,ppb,,,OpenAQ
delhi_ncr,6932,"Alipur, Delhi - DPCC",no2,2025-11-14,73.7,ppb,,,OpenAQ
delhi_ncr,6932,"Alipur, Delhi - DPCC",no2,2025-11-15,69.6,ppb,,,OpenAQ
delhi_ncr,6932,"Alipur, Delhi - DPCC",o3,2025-10-15,27.3,µg/m³,,,OpenAQ
delhi_ncr,6932,"Alipur, Delhi - DPCC",o3,2025-10-16,22.0,µg/m³,,,OpenAQ
delhi_ncr,6932,"Alipur, Delhi - DPCC",o3,2025-10-17,10.9,µg/m³,,,OpenAQ
delhi_ncr,6932,"Alipur, Delhi - DPCC",o3,2025-10-18,17.5,µg/m³,,,OpenAQ
delhi_ncr,6932,"Alipur, Delhi - DPCC",o3,2025-10-19,21.0,µg/m³,,,OpenAQ
delhi_ncr,6932,"Alipur, Delhi - DPCC",o3,2025-10-20,16.6,µg/m³,,,OpenAQ
delhi_ncr,6932,"Alipur, Delhi - DPCC",o3,2025-10-21,24.7,µg/m³,,,OpenAQ
delhi_ncr,6932,"Alipur, Delhi - DPCC",o3,2025-10-22,24.5,µg/m³,,,OpenAQ
delhi_ncr,6932,"Alipur, Delhi - DPCC",o3,2025-10-23,31.8,µg/m³,,,OpenAQ
delhi_ncr,6932,"Alipur, Delhi - DPCC",o3,2025-10-24,24.6,µg/m³,,,OpenAQ
delhi_ncr,6932,"Alipur, Delhi - DPCC",o3,2025-10-25,24.9,µg/m³,,,OpenAQ
delhi_ncr,6932,"Alipur, Delhi - DPCC",o3,2025-10-26,9.74,µg/m³,,,OpenAQ
delhi_ncr,6932,"Alipur, Delhi - DPCC",o3,2025-10-27,25.0,µg/m³,,,OpenAQ
delhi_ncr,6932,"Alipur, Delhi - DPCC",o3,2025-10-28,18.7,µg/m³,,,OpenAQ
delhi_ncr,6932,"Alipur, Delhi - DPCC",o3,2025-10-29,18.5,µg/m³,,,OpenAQ
delhi_ncr,6932,"Alipur, Delhi - DPCC",o3,2025-10-30,18.6,µg/m³,,,OpenAQ
delhi_ncr,6932,"Alipur, Delhi - DPCC",o3,2025-10-31,15.8,µg/m³,,,OpenAQ
delhi_ncr,6932,"Alipur, Delhi - DPCC",o3,2025-11-01,16.5,µg/m³,,,OpenAQ
delhi_ncr,6932,"Alipur, Delhi - DPCC",o3,2025-11-02,24.3,µg/m³,,,OpenAQ
delhi_ncr,6932,"Alipur, Delhi - DPCC",o3,2025-11-03,20.2,µg/m³,,,OpenAQ
delhi_ncr,6932,"Alipur, Delhi - DPCC",o3,2025-11-04,33.7,µg/m³,,,OpenAQ
delhi_ncr,6932,"Alipur, Delhi - DPCC",o3,2025-11-05,23.8,µg/m³,,,OpenAQ
delhi_ncr,6932,"Alipur, Delhi - DPCC",o3,2025-11-06,27.5,µg/m³,,,OpenAQ
delhi_ncr,6932,"Alipur, Delhi - DPCC",o3,2025-11-07,24.5,µg/m³,,,OpenAQ
delhi_ncr,6932,"Alipur, Delhi - DPCC",o3,2025-11-08,24.5,µg/m³,,,OpenAQ
delhi_ncr,6932,"Alipur, Delhi - DPCC",o3,2025-11-09,32.3,µg/m³,,,OpenAQ
delhi_ncr,6932,"Alipur, Delhi - DPCC",o3,2025-11-10,14.0,µg/m³,,,OpenAQ
delhi_ncr,6932,"Alipur, Delhi - DPCC",o3,2025-11-11,29.5,µg/m³,,,OpenAQ
delhi_ncr,6932,"Alipur, Delhi - DPCC",o3,2025-11-12,29.3,µg/m³,,,OpenAQ
delhi_ncr,6932,"Alipur, Delhi - DPCC",o3,2025-11-13,25.7,µg/m³,,,OpenAQ
delhi_ncr,6932,"Alipur, Delhi - DPCC",o3,2025-11-14,28.2,µg/m³,,,OpenAQ
delhi_ncr,6932,"Alipur, Delhi - DPCC",o3,2025-11-15,27.8,µg/m³,,,OpenAQ
punjab_stubble_belt,5551,"Golden Temple, Amritsar - PPCB",co,2025-10-15,0.934,ppb,,,OpenAQ
punjab_stubble_belt,5551,"Golden Temple, Amritsar - PPCB",co,2025-10-16,0.88,ppb,,,OpenAQ
punjab_stubble_belt,5551,"Golden Temple, Amritsar - PPCB",co,2025-10-17,0.935,ppb,,,OpenAQ
punjab_stubble_belt,5551,"Golden Temple, Amritsar - PPCB",co,2025-10-18,0.953,ppb,,,OpenAQ
punjab_stubble_belt,5551,"Golden Temple, Amritsar - PPCB",co,2025-10-19,0.768,ppb,,,OpenAQ
punjab_stubble_belt,5551,"Golden Temple, Amritsar - PPCB",co,2025-10-20,0.781,ppb,,,OpenAQ
punjab_stubble_belt,5551,"Golden Temple, Amritsar - PPCB",co,2025-10-21,0.966,ppb,,,OpenAQ
punjab_stubble_belt,5551,"Golden Temple, Amritsar - PPCB",co,2025-10-22,0.761,ppb,,,OpenAQ
punjab_stubble_belt,5551,"Golden Temple, Amritsar - PPCB",co,2025-10-23,0.808,ppb,,,OpenAQ
punjab_stubble_belt,5551,"Golden Temple, Amritsar - PPCB",co,2025-10-24,0.728,ppb,,,OpenAQ
punjab_stubble_belt,5551,"Golden Temple, Amritsar - PPCB",co,2025-10-25,0.766,ppb,,,OpenAQ
punjab_stubble_belt,5551,"Golden Temple, Amritsar - PPCB",co,2025-10-26,1.15,ppb,,,OpenAQ
punjab_stubble_belt,5551,"Golden Temple, Amritsar - PPCB",co,2025-10-27,1.12,ppb,,,OpenAQ
punjab_stubble_belt,5551,"Golden Temple, Amritsar - PPCB",co,2025-10-28,0.766,ppb,,,OpenAQ
punjab_stubble_belt,5551,"Golden Temple, Amritsar - PPCB",co,2025-10-29,0.507,ppb,,,OpenAQ
punjab_stubble_belt,5551,"Golden Temple, Amritsar - PPCB",co,2025-10-30,0.518,ppb,,,OpenAQ
punjab_stubble_belt,5551,"Golden Temple, Amritsar - PPCB",co,2025-10-31,0.477,ppb,,,OpenAQ
punjab_stubble_belt,5551,"Golden Temple, Amritsar - PPCB",co,2025-11-01,0.394,ppb,,,OpenAQ
punjab_stubble_belt,5551,"Golden Temple, Amritsar - PPCB",co,2025-11-02,0.51,ppb,,,OpenAQ
punjab_stubble_belt,5551,"Golden Temple, Amritsar - PPCB",co,2025-11-03,0.405,ppb,,,OpenAQ
punjab_stubble_belt,5551,"Golden Temple, Amritsar - PPCB",co,2025-11-04,0.424,ppb,,,OpenAQ
punjab_stubble_belt,5551,"Golden Temple, Amritsar - PPCB",co,2025-11-05,0.479,ppb,,,OpenAQ
punjab_stubble_belt,5551,"Golden Temple, Amritsar - PPCB",co,2025-11-06,0.509,ppb,,,OpenAQ
punjab_stubble_belt,5551,"Golden Temple, Amritsar - PPCB",co,2025-11-07,0.708,ppb,,,OpenAQ
punjab_stubble_belt,5551,"Golden Temple, Amritsar - PPCB",co,2025-11-08,1.39,ppb,,,OpenAQ
punjab_stubble_belt,5551,"Golden Temple, Amritsar - PPCB",co,2025-11-09,0.76,ppb,,,OpenAQ
punjab_stubble_belt,5551,"Golden Temple, Amritsar - PPCB",co,2025-11-10,0.734,ppb,,,OpenAQ
punjab_stubble_belt,5551,"Golden Temple, Amritsar - PPCB",co,2025-11-11,0.812,ppb,,,OpenAQ
punjab_stubble_belt,5551,"Golden Temple, Amritsar - PPCB",co,2025-11-12,0.831,ppb,,,OpenAQ
punjab_stubble_belt,5551,"Golden Temple, Amritsar - PPCB",co,2025-11-13,0.803,ppb,,,OpenAQ
punjab_stubble_belt,5551,"Golden Temple, Amritsar - PPCB",co,2025-11-14,1.06,ppb,,,OpenAQ
punjab_stubble_belt,5551,"Golden Temple, Amritsar - PPCB",co,2025-11-15,0.717,ppb,,,OpenAQ
punjab_stubble_belt,5551,"Golden Temple, Amritsar - PPCB",pm25,2025-10-15,15.8,µg/m³,,,OpenAQ
punjab_stubble_belt,5551,"Golden Temple, Amritsar - PPCB",pm25,2025-10-16,10.6,µg/m³,,,OpenAQ
punjab_stubble_belt,5551,"Golden Temple, Amritsar - PPCB",pm25,2025-10-17,19.8,µg/m³,,,OpenAQ
punjab_stubble_belt,5551,"Golden Temple, Amritsar - PPCB",pm25,2025-10-18,18.6,µg/m³,,,OpenAQ
punjab_stubble_belt,5551,"Golden Temple, Amritsar - PPCB",pm25,2025-10-19,60.8,µg/m³,,,OpenAQ
punjab_stubble_belt,5551,"Golden Temple, Amritsar - PPCB",pm25,2025-10-20,83.0,µg/m³,,,OpenAQ
punjab_stubble_belt,5551,"Golden Temple, Amritsar - PPCB",pm25,2025-10-21,160.0,µg/m³,,,OpenAQ
punjab_stubble_belt,5551,"Golden Temple, Amritsar - PPCB",pm25,2025-10-22,101.0,µg/m³,,,OpenAQ
punjab_stubble_belt,5551,"Golden Temple, Amritsar - PPCB",pm25,2025-10-23,87.4,µg/m³,,,OpenAQ
punjab_stubble_belt,5551,"Golden Temple, Amritsar - PPCB",pm25,2025-10-24,56.1,µg/m³,,,OpenAQ
punjab_stubble_belt,5551,"Golden Temple, Amritsar - PPCB",pm25,2025-10-25,70.4,µg/m³,,,OpenAQ
punjab_stubble_belt,5551,"Golden Temple, Amritsar - PPCB",pm25,2025-10-26,85.7,µg/m³,,,OpenAQ
punjab_stubble_belt,5551,"Golden Temple, Amritsar - PPCB",pm25,2025-10-27,94.2,µg/m³,,,OpenAQ
punjab_stubble_belt,5551,"Golden Temple, Amritsar - PPCB",pm25,2025-10-28,68.1,µg/m³,,,OpenAQ
punjab_stubble_belt,5551,"Golden Temple, Amritsar - PPCB",pm25,2025-10-29,31.2,µg/m³,,,OpenAQ
punjab_stubble_belt,5551,"Golden Temple, Amritsar - PPCB",pm25,2025-10-30,47.7,µg/m³,,,OpenAQ
punjab_stubble_belt,5551,"Golden Temple, Amritsar - PPCB",pm25,2025-10-31,58.5,µg/m³,,,OpenAQ
punjab_stubble_belt,5551,"Golden Temple, Amritsar - PPCB",pm25,2025-11-01,56.1,µg/m³,,,OpenAQ
punjab_stubble_belt,5551,"Golden Temple, Amritsar - PPCB",pm25,2025-11-02,73.7,µg/m³,,,OpenAQ
punjab_stubble_belt,5551,"Golden Temple, Amritsar - PPCB",pm25,2025-11-03,63.8,µg/m³,,,OpenAQ
punjab_stubble_belt,5551,"Golden Temple, Amritsar - PPCB",pm25,2025-11-04,69.5,µg/m³,,,OpenAQ
punjab_stubble_belt,5551,"Golden Temple, Amritsar - PPCB",pm25,2025-11-05,73.8,µg/m³,,,OpenAQ
punjab_stubble_belt,5551,"Golden Temple, Amritsar - PPCB",pm25,2025-11-06,73.2,µg/m³,,,OpenAQ
punjab_stubble_belt,5551,"Golden Temple, Amritsar - PPCB",pm25,2025-11-07,87.9,µg/m³,,,OpenAQ
punjab_stubble_belt,5551,"Golden Temple, Amritsar - PPCB",pm25,2025-11-08,77.1,µg/m³,,,OpenAQ
punjab_stubble_belt,5551,"Golden Temple, Amritsar - PPCB",pm25,2025-11-09,63.0,µg/m³,,,OpenAQ
punjab_stubble_belt,5551,"Golden Temple, Amritsar - PPCB",pm25,2025-11-10,67.1,µg/m³,,,OpenAQ
punjab_stubble_belt,5551,"Golden Temple, Amritsar - PPCB",pm25,2025-11-11,59.8,µg/m³,,,OpenAQ
punjab_stubble_belt,5551,"Golden Temple, Amritsar - PPCB",pm25,2025-11-12,76.7,µg/m³,,,OpenAQ
punjab_stubble_belt,5551,"Golden Temple, Amritsar - PPCB",pm25,2025-11-13,72.1,µg/m³,,,OpenAQ
punjab_stubble_belt,5551,"Golden Temple, Amritsar - PPCB",pm25,2025-11-14,70.4,µg/m³,,,OpenAQ
punjab_stubble_belt,5551,"Golden Temple, Amritsar - PPCB",pm25,2025-11-15,74.3,µg/m³,,,OpenAQ
punjab_stubble_belt,5551,"Golden Temple, Amritsar - PPCB",so2,2025-10-15,13.3,ppb,,,OpenAQ
punjab_stubble_belt,5551,"Golden Temple, Amritsar - PPCB",so2,2025-10-16,12.6,ppb,,,OpenAQ
punjab_stubble_belt,5551,"Golden Temple, Amritsar - PPCB",so2,2025-10-17,13.4,ppb,,,OpenAQ
punjab_stubble_belt,5551,"Golden Temple, Amritsar - PPCB",so2,2025-10-18,14.3,ppb,,,OpenAQ
punjab_stubble_belt,5551,"Golden Temple, Amritsar - PPCB",so2,2025-10-19,13.8,ppb,,,OpenAQ
punjab_stubble_belt,5551,"Golden Temple, Amritsar - PPCB",so2,2025-10-20,15.6,ppb,,,OpenAQ
punjab_stubble_belt,5551,"Golden Temple, Amritsar - PPCB",so2,2025-10-21,19.3,ppb,,,OpenAQ
punjab_stubble_belt,5551,"Golden Temple, Amritsar - PPCB",so2,2025-10-22,15.2,ppb,,,OpenAQ
punjab_stubble_belt,5551,"Golden Temple, Amritsar - PPCB",so2,2025-10-23,16.2,ppb,,,OpenAQ
punjab_stubble_belt,5551,"Golden Temple, Amritsar - PPCB",so2,2025-10-24,14.5,ppb,,,OpenAQ
punjab_stubble_belt,5551,"Golden Temple, Amritsar - PPCB",so2,2025-10-25,15.3,ppb,,,OpenAQ
punjab_stubble_belt,5551,"Golden Temple, Amritsar - PPCB",so2,2025-10-26,23.1,ppb,,,OpenAQ
punjab_stubble_belt,5551,"Golden Temple, Amritsar - PPCB",so2,2025-10-27,22.5,ppb,,,OpenAQ
punjab_stubble_belt,5551,"Golden Temple, Amritsar - PPCB",so2,2025-10-28,15.6,ppb,,,OpenAQ
punjab_stubble_belt,5551,"Golden Temple, Amritsar - PPCB",so2,2025-10-29,10.1,ppb,,,OpenAQ
punjab_stubble_belt,5551,"Golden Temple, Amritsar - PPCB",so2,2025-10-30,10.3,ppb,,,OpenAQ
punjab_stubble_belt,5551,"Golden Temple, Amritsar - PPCB",so2,2025-10-31,9.57,ppb,,,OpenAQ
punjab_stubble_belt,5551,"Golden Temple, Amritsar - PPCB",so2,2025-11-01,7.88,ppb,,,OpenAQ
punjab_stubble_belt,5551,"Golden Temple, Amritsar - PPCB",so2,2025-11-02,10.2,ppb,,,OpenAQ
punjab_stubble_belt,5551,"Golden Temple, Amritsar - PPCB",so2,2025-11-03,8.07,ppb,,,OpenAQ
punjab_stubble_belt,5551,"Golden Temple, Amritsar - PPCB",so2,2025-11-04,8.47,ppb,,,OpenAQ
punjab_stubble_belt,5551,"Golden Temple, Amritsar - PPCB",so2,2025-11-05,9.55,ppb,,,OpenAQ
punjab_stubble_belt,5551,"Golden Temple, Amritsar - PPCB",so2,2025-11-06,10.2,ppb,,,OpenAQ
punjab_stubble_belt,5551,"Golden Temple, Amritsar - PPCB",so2,2025-11-07,14.2,ppb,,,OpenAQ
punjab_stubble_belt,5551,"Golden Temple, Amritsar - PPCB",so2,2025-11-08,28.0,ppb,,,OpenAQ
punjab_stubble_belt,5551,"Golden Temple, Amritsar - PPCB",so2,2025-11-09,15.2,ppb,,,OpenAQ
punjab_stubble_belt,5551,"Golden Temple, Amritsar - PPCB",so2,2025-11-10,14.7,ppb,,,OpenAQ
punjab_stubble_belt,5551,"Golden Temple, Amritsar - PPCB",so2,2025-11-11,16.2,ppb,,,OpenAQ
punjab_stubble_belt,5551,"Golden Temple, Amritsar - PPCB",so2,2025-11-12,16.6,ppb,,,OpenAQ
punjab_stubble_belt,5551,"Golden Temple, Amritsar - PPCB",so2,2025-11-13,16.0,ppb,,,OpenAQ
punjab_stubble_belt,5551,"Golden Temple, Amritsar - PPCB",so2,2025-11-14,21.4,ppb,,,OpenAQ
punjab_stubble_belt,5551,"Golden Temple, Amritsar - PPCB",so2,2025-11-15,14.4,ppb,,,OpenAQ
punjab_stubble_belt,5551,"Golden Temple, Amritsar - PPCB",pm10,2025-10-15,39.6,µg/m³,,,OpenAQ
punjab_stubble_belt,5551,"Golden Temple, Amritsar - PPCB",pm10,2025-10-16,28.6,µg/m³,,,OpenAQ
punjab_stubble_belt,5551,"Golden Temple, Amritsar - PPCB",pm10,2025-10-17,42.8,µg/m³,,,OpenAQ
punjab_stubble_belt,5551,"Golden Temple, Amritsar - PPCB",pm10,2025-10-18,40.4,µg/m³,,,OpenAQ
punjab_stubble_belt,5551,"Golden Temple, Amritsar - PPCB",pm10,2025-10-19,102.0,µg/m³,,,OpenAQ
punjab_stubble_belt,5551,"Golden Temple, Amritsar - PPCB",pm10,2025-10-20,133.0,µg/m³,,,OpenAQ
punjab_stubble_belt,5551,"Golden Temple, Amritsar - PPCB",pm10,2025-10-21,344.0,µg/m³,,,OpenAQ
punjab_stubble_belt,5551,"Golden Temple, Amritsar - PPCB",pm10,2025-10-22,194.0,µg/m³,,,OpenAQ
punjab_stubble_belt,5551,"Golden Temple, Amritsar - PPCB",pm10,2025-10-23,166.0,µg/m³,,,OpenAQ
punjab_stubble_belt,5551,"Golden Temple, Amritsar - PPCB",pm10,2025-10-24,106.0,µg/m³,,,OpenAQ
punjab_stubble_belt,5551,"Golden Temple, Amritsar - PPCB",pm10,2025-10-25,134.0,µg/m³,,,OpenAQ
punjab_stubble_belt,5551,"Golden Temple, Amritsar - PPCB",pm10,2025-10-26,163.0,µg/m³,,,OpenAQ
punjab_stubble_belt,5551,"Golden Temple, Amritsar - PPCB",pm10,2025-10-27,179.0,µg/m³,,,OpenAQ
punjab_stubble_belt,5551,"Golden Temple, Amritsar - PPCB",pm10,2025-10-28,139.0,µg/m³,,,OpenAQ
punjab_stubble_belt,5551,"Golden Temple, Amritsar - PPCB",pm10,2025-10-29,71.4,µg/m³,,,OpenAQ
punjab_stubble_belt,5551,"Golden Temple, Amritsar - PPCB",pm10,2025-10-30,87.4,µg/m³,,,OpenAQ
punjab_stubble_belt,5551,"Golden Temple, Amritsar - PPCB",pm10,2025-10-31,92.0,µg/m³,,,OpenAQ
punjab_stubble_belt,5551,"Golden Temple, Amritsar - PPCB",pm10,2025-11-01,88.1,µg/m³,,,OpenAQ
punjab_stubble_belt,5551,"Golden Temple, Amritsar - PPCB",pm10,2025-11-02,116.0,µg/m³,,,OpenAQ
punjab_stubble_belt,5551,"Golden Temple, Amritsar - PPCB",pm10,2025-11-03,99.7,µg/m³,,,OpenAQ
punjab_stubble_belt,5551,"Golden Temple, Amritsar - PPCB",pm10,2025-11-04,110.0,µg/m³,,,OpenAQ
punjab_stubble_belt,5551,"Golden Temple, Amritsar - PPCB",pm10,2025-11-05,116.0,µg/m³,,,OpenAQ
punjab_stubble_belt,5551,"Golden Temple, Amritsar - PPCB",pm10,2025-11-06,115.0,µg/m³,,,OpenAQ
punjab_stubble_belt,5551,"Golden Temple, Amritsar - PPCB",pm10,2025-11-07,174.0,µg/m³,,,OpenAQ
punjab_stubble_belt,5551,"Golden Temple, Amritsar - PPCB",pm10,2025-11-08,180.0,µg/m³,,,OpenAQ
punjab_stubble_belt,5551,"Golden Temple, Amritsar - PPCB",pm10,2025-11-09,147.0,µg/m³,,,OpenAQ
punjab_stubble_belt,5551,"Golden Temple, Amritsar - PPCB",pm10,2025-11-10,149.0,µg/m³,,,OpenAQ
punjab_stubble_belt,5551,"Golden Temple, Amritsar - PPCB",pm10,2025-11-11,115.0,µg/m³,,,OpenAQ
punjab_stubble_belt,5551,"Golden Temple, Amritsar - PPCB",pm10,2025-11-12,136.0,µg/m³,,,OpenAQ
punjab_stubble_belt,5551,"Golden Temple, Amritsar - PPCB",pm10,2025-11-13,128.0,µg/m³,,,OpenAQ
punjab_stubble_belt,5551,"Golden Temple, Amritsar - PPCB",pm10,2025-11-14,128.0,µg/m³,,,OpenAQ
punjab_stubble_belt,5551,"Golden Temple, Amritsar - PPCB",pm10,2025-11-15,145.0,µg/m³,,,OpenAQ
punjab_stubble_belt,5551,"Golden Temple, Amritsar - PPCB",o3,2025-10-15,40.3,µg/m³,,,OpenAQ
punjab_stubble_belt,5551,"Golden Temple, Amritsar - PPCB",o3,2025-10-16,40.8,µg/m³,,,OpenAQ
punjab_stubble_belt,5551,"Golden Temple, Amritsar - PPCB",o3,2025-10-17,38.3,µg/m³,,,OpenAQ
punjab_stubble_belt,5551,"Golden Temple, Amritsar - PPCB",o3,2025-10-18,41.5,µg/m³,,,OpenAQ
punjab_stubble_belt,5551,"Golden Temple, Amritsar - PPCB",o3,2025-10-19,48.8,µg/m³,,,OpenAQ
punjab_stubble_belt,5551,"Golden Temple, Amritsar - PPCB",o3,2025-10-20,51.0,µg/m³,,,OpenAQ
punjab_stubble_belt,5551,"Golden Temple, Amritsar - PPCB",o3,2025-10-21,41.0,µg/m³,,,OpenAQ
punjab_stubble_belt,5551,"Golden Temple, Amritsar - PPCB",o3,2025-10-22,46.3,µg/m³,,,OpenAQ
punjab_stubble_belt,5551,"Golden Temple, Amritsar - PPCB",o3,2025-10-23,46.9,µg/m³,,,OpenAQ
punjab_stubble_belt,5551,"Golden Temple, Amritsar - PPCB",o3,2025-10-24,45.8,µg/m³,,,OpenAQ
punjab_stubble_belt,5551,"Golden Temple, Amritsar - PPCB",o3,2025-10-25,45.9,µg/m³,,,OpenAQ
punjab_stubble_belt,5551,"Golden Temple, Amritsar - PPCB",o3,2025-10-26,46.3,µg/m³,,,OpenAQ
punjab_stubble_belt,5551,"Golden Temple, Amritsar - PPCB",o3,2025-10-27,44.4,µg/m³,,,OpenAQ
punjab_stubble_belt,5551,"Golden Temple, Amritsar - PPCB",o3,2025-10-28,47.9,µg/m³,,,OpenAQ
punjab_stubble_belt,5551,"Golden Temple, Amritsar - PPCB",o3,2025-10-29,50.2,µg/m³,,,OpenAQ
punjab_stubble_belt,5551,"Golden Temple, Amritsar - PPCB",o3,2025-10-30,45.1,µg/m³,,,OpenAQ
punjab_stubble_belt,5551,"Golden Temple, Amritsar - PPCB",o3,2025-10-31,34.4,µg/m³,,,OpenAQ
punjab_stubble_belt,5551,"Golden Temple, Amritsar - PPCB",o3,2025-11-01,33.1,µg/m³,,,OpenAQ
punjab_stubble_belt,5551,"Golden Temple, Amritsar - PPCB",o3,2025-11-02,35.1,µg/m³,,,OpenAQ
punjab_stubble_belt,5551,"Golden Temple, Amritsar - PPCB",o3,2025-11-03,34.4,µg/m³,,,OpenAQ
punjab_stubble_belt,5551,"Golden Temple, Amritsar - PPCB",o3,2025-11-04,34.2,µg/m³,,,OpenAQ
punjab_stubble_belt,5551,"Golden Temple, Amritsar - PPCB",o3,2025-11-05,34.8,µg/m³,,,OpenAQ
punjab_stubble_belt,5551,"Golden Temple, Amritsar - PPCB",o3,2025-11-06,34.7,µg/m³,,,OpenAQ
punjab_stubble_belt,5551,"Golden Temple, Amritsar - PPCB",o3,2025-11-07,38.0,µg/m³,,,OpenAQ
punjab_stubble_belt,5551,"Golden Temple, Amritsar - PPCB",o3,2025-11-08,34.0,µg/m³,,,OpenAQ
punjab_stubble_belt,5551,"Golden Temple, Amritsar - PPCB",o3,2025-11-09,36.3,µg/m³,,,OpenAQ
punjab_stubble_belt,5551,"Golden Temple, Amritsar - PPCB",o3,2025-11-10,37.1,µg/m³,,,OpenAQ
punjab_stubble_belt,5551,"Golden Temple, Amritsar - PPCB",o3,2025-11-11,35.6,µg/m³,,,OpenAQ
punjab_stubble_belt,5551,"Golden Temple, Amritsar - PPCB",o3,2025-11-12,35.7,µg/m³,,,OpenAQ
punjab_stubble_belt,5551,"Golden Temple, Amritsar - PPCB",o3,2025-11-13,35.7,µg/m³,,,OpenAQ
punjab_stubble_belt,5551,"Golden Temple, Amritsar - PPCB",o3,2025-11-14,35.6,µg/m³,,,OpenAQ
punjab_stubble_belt,5551,"Golden Temple, Amritsar - PPCB",o3,2025-11-15,36.1,µg/m³,,,OpenAQ
punjab_stubble_belt,5551,"Golden Temple, Amritsar - PPCB",no2,2025-10-15,15.0,ppb,,,OpenAQ
punjab_stubble_belt,5551,"Golden Temple, Amritsar - PPCB",no2,2025-10-16,32.1,ppb,,,OpenAQ
punjab_stubble_belt,5551,"Golden Temple, Amritsar - PPCB",no2,2025-10-17,49.9,ppb,,,OpenAQ
punjab_stubble_belt,5551,"Golden Temple, Amritsar - PPCB",no2,2025-10-18,28.2,ppb,,,OpenAQ
punjab_stubble_belt,5551,"Golden Temple, Amritsar - PPCB",no2,2025-10-19,15.4,ppb,,,OpenAQ
punjab_stubble_belt,5551,"Golden Temple, Amritsar - PPCB",no2,2025-10-20,26.0,ppb,,,OpenAQ
punjab_stubble_belt,5551,"Golden Temple, Amritsar - PPCB",no2,2025-10-21,57.0,ppb,,,OpenAQ
punjab_stubble_belt,5551,"Golden Temple, Amritsar - PPCB",no2,2025-10-22,54.7,ppb,,,OpenAQ
punjab_stubble_belt,5551,"Golden Temple, Amritsar - PPCB",no2,2025-10-23,51.1,ppb,,,OpenAQ
punjab_stubble_belt,5551,"Golden Temple, Amritsar - PPCB",no2,2025-10-24,20.2,ppb,,,OpenAQ
punjab_stubble_belt,5551,"Golden Temple, Amritsar - PPCB",no2,2025-10-25,57.2,ppb,,,OpenAQ
punjab_stubble_belt,5551,"Golden Temple, Amritsar - PPCB",no2,2025-10-26,123.0,ppb,,,OpenAQ
punjab_stubble_belt,5551,"Golden Temple, Amritsar - PPCB",no2,2025-10-27,44.5,ppb,,,OpenAQ
punjab_stubble_belt,5551,"Golden Temple, Amritsar - PPCB",no2,2025-10-28,5.73,ppb,,,OpenAQ
punjab_stubble_belt,5551,"Golden Temple, Amritsar - PPCB",no2,2025-10-29,6.62,ppb,,,OpenAQ
punjab_stubble_belt,5551,"Golden Temple, Amritsar - PPCB",no2,2025-10-30,8.48,ppb,,,OpenAQ
punjab_stubble_belt,5551,"Golden Temple, Amritsar - PPCB",no2,2025-10-31,13.4,ppb,,,OpenAQ
punjab_stubble_belt,5551,"Golden Temple, Amritsar - PPCB",no2,2025-11-01,19.3,ppb,,,OpenAQ
punjab_stubble_belt,5551,"Golden Temple, Amritsar - PPCB",no2,2025-11-02,26.2,ppb,,,OpenAQ
punjab_stubble_belt,5551,"Golden Temple, Amritsar - PPCB",no2,2025-11-03,27.8,ppb,,,OpenAQ
punjab_stubble_belt,5551,"Golden Temple, Amritsar - PPCB",no2,2025-11-04,38.3,ppb,,,OpenAQ
punjab_stubble_belt,5551,"Golden Temple, Amritsar - PPCB",no2,2025-11-05,31.1,ppb,,,OpenAQ
punjab_stubble_belt,5551,"Golden Temple, Amritsar - PPCB",no2,2025-11-06,28.7,ppb,,,OpenAQ
punjab_stubble_belt,5551,"Golden Temple, Amritsar - PPCB",no2,2025-11-07,12.7,ppb,,,OpenAQ
punjab_stubble_belt,5551,"Golden Temple, Amritsar - PPCB",no2,2025-11-08,5.86,ppb,,,OpenAQ
punjab_stubble_belt,5551,"Golden Temple, Amritsar - PPCB",no2,2025-11-09,6.88,ppb,,,OpenAQ
punjab_stubble_belt,5551,"Golden Temple, Amritsar - PPCB",no2,2025-11-10,8.8,ppb,,,OpenAQ
punjab_stubble_belt,5551,"Golden Temple, Amritsar - PPCB",no2,2025-11-11,9.06,ppb,,,OpenAQ
punjab_stubble_belt,5551,"Golden Temple, Amritsar - PPCB",no2,2025-11-12,7.91,ppb,,,OpenAQ
punjab_stubble_belt,5551,"Golden Temple, Amritsar - PPCB",no2,2025-11-13,9.13,ppb,,,OpenAQ
punjab_stubble_belt,5551,"Golden Temple, Amritsar - PPCB",no2,2025-11-14,9.68,ppb,,,OpenAQ
punjab_stubble_belt,5551,"Golden Temple, Amritsar - PPCB",no2,2025-11-15,12.0,ppb,,,OpenAQ
kanpur_industrial,5662,"Nehru Nagar, Kanpur - UPPCB",o3,2025-10-15,22.5,µg/m³,,,OpenAQ
kanpur_industrial,5662,"Nehru Nagar, Kanpur - UPPCB",o3,2025-10-16,21.1,µg/m³,,,OpenAQ
kanpur_industrial,5662,"Nehru Nagar, Kanpur - UPPCB",o3,2025-10-17,21.3,µg/m³,,,OpenAQ
kanpur_industrial,5662,"Nehru Nagar, Kanpur - UPPCB",o3,2025-10-18,19.4,µg/m³,,,OpenAQ
kanpur_industrial,5662,"Nehru Nagar, Kanpur - UPPCB",o3,2025-10-19,14.6,µg/m³,,,OpenAQ
kanpur_industrial,5662,"Nehru Nagar, Kanpur - UPPCB",o3,2025-10-20,13.1,µg/m³,,,OpenAQ
kanpur_industrial,5662,"Nehru Nagar, Kanpur - UPPCB",o3,2025-10-21,17.2,µg/m³,,,OpenAQ
kanpur_industrial,5662,"Nehru Nagar, Kanpur - UPPCB",o3,2025-10-22,16.1,µg/m³,,,OpenAQ
kanpur_industrial,5662,"Nehru Nagar, Kanpur - UPPCB",o3,2025-10-23,20.5,µg/m³,,,OpenAQ
kanpur_industrial,5662,"Nehru Nagar, Kanpur - UPPCB",o3,2025-10-24,19.0,µg/m³,,,OpenAQ
kanpur_industrial,5662,"Nehru Nagar, Kanpur - UPPCB",o3,2025-10-25,18.6,µg/m³,,,OpenAQ
kanpur_industrial,5662,"Nehru Nagar, Kanpur - UPPCB",o3,2025-10-26,12.6,µg/m³,,,OpenAQ
kanpur_industrial,5662,"Nehru Nagar, Kanpur - UPPCB",o3,2025-10-27,11.2,µg/m³,,,OpenAQ
kanpur_industrial,5662,"Nehru Nagar, Kanpur - UPPCB",o3,2025-10-28,14.1,µg/m³,,,OpenAQ
kanpur_industrial,5662,"Nehru Nagar, Kanpur - UPPCB",o3,2025-10-29,11.9,µg/m³,,,OpenAQ
kanpur_industrial,5662,"Nehru Nagar, Kanpur - UPPCB",o3,2025-10-30,6.71,µg/m³,,,OpenAQ
kanpur_industrial,5662,"Nehru Nagar, Kanpur - UPPCB",o3,2025-10-31,11.7,µg/m³,,,OpenAQ
kanpur_industrial,5662,"Nehru Nagar, Kanpur - UPPCB",o3,2025-11-01,14.9,µg/m³,,,OpenAQ
kanpur_industrial,5662,"Nehru Nagar, Kanpur - UPPCB",o3,2025-11-02,17.8,µg/m³,,,OpenAQ
kanpur_industrial,5662,"Nehru Nagar, Kanpur - UPPCB",o3,2025-11-03,18.0,µg/m³,,,OpenAQ
kanpur_industrial,5662,"Nehru Nagar, Kanpur - UPPCB",o3,2025-11-04,37.7,µg/m³,,,OpenAQ
kanpur_industrial,5662,"Nehru Nagar, Kanpur - UPPCB",o3,2025-11-05,30.3,µg/m³,,,OpenAQ
kanpur_industrial,5662,"Nehru Nagar, Kanpur - UPPCB",o3,2025-11-06,23.7,µg/m³,,,OpenAQ
kanpur_industrial,5662,"Nehru Nagar, Kanpur - UPPCB",o3,2025-11-07,22.8,µg/m³,,,OpenAQ
kanpur_industrial,5662,"Nehru Nagar, Kanpur - UPPCB",o3,2025-11-08,23.2,µg/m³,,,OpenAQ
kanpur_industrial,5662,"Nehru Nagar, Kanpur - UPPCB",o3,2025-11-09,18.9,µg/m³,,,OpenAQ
kanpur_industrial,5662,"Nehru Nagar, Kanpur - UPPCB",o3,2025-11-10,12.2,µg/m³,,,OpenAQ
kanpur_industrial,5662,"Nehru Nagar, Kanpur - UPPCB",o3,2025-11-11,20.0,µg/m³,,,OpenAQ
kanpur_industrial,5662,"Nehru Nagar, Kanpur - UPPCB",o3,2025-11-12,25.5,µg/m³,,,OpenAQ
kanpur_industrial,5662,"Nehru Nagar, Kanpur - UPPCB",o3,2025-11-13,30.6,µg/m³,,,OpenAQ
kanpur_industrial,5662,"Nehru Nagar, Kanpur - UPPCB",o3,2025-11-14,8.0,µg/m³,,,OpenAQ
kanpur_industrial,5662,"Nehru Nagar, Kanpur - UPPCB",o3,2025-11-15,14.3,µg/m³,,,OpenAQ
kanpur_industrial,5662,"Nehru Nagar, Kanpur - UPPCB",pm10,2025-10-15,127.0,µg/m³,,,OpenAQ
kanpur_industrial,5662,"Nehru Nagar, Kanpur - UPPCB",pm10,2025-10-16,116.0,µg/m³,,,OpenAQ
kanpur_industrial,5662,"Nehru Nagar, Kanpur - UPPCB",pm10,2025-10-17,160.0,µg/m³,,,OpenAQ
kanpur_industrial,5662,"Nehru Nagar, Kanpur - UPPCB",pm10,2025-10-18,213.0,µg/m³,,,OpenAQ
kanpur_industrial,5662,"Nehru Nagar, Kanpur - UPPCB",pm10,2025-10-19,189.0,µg/m³,,,OpenAQ
kanpur_industrial,5662,"Nehru Nagar, Kanpur - UPPCB",pm10,2025-10-20,179.0,µg/m³,,,OpenAQ
kanpur_industrial,5662,"Nehru Nagar, Kanpur - UPPCB",pm10,2025-10-21,180.0,µg/m³,,,OpenAQ
kanpur_industrial,5662,"Nehru Nagar, Kanpur - UPPCB",pm10,2025-10-22,143.0,µg/m³,,,OpenAQ
kanpur_industrial,5662,"Nehru Nagar, Kanpur - UPPCB",pm10,2025-10-23,136.0,µg/m³,,,OpenAQ
kanpur_industrial,5662,"Nehru Nagar, Kanpur - UPPCB",pm10,2025-10-24,101.0,µg/m³,,,OpenAQ
kanpur_industrial,5662,"Nehru Nagar, Kanpur - UPPCB",pm10,2025-10-25,72.6,µg/m³,,,OpenAQ
kanpur_industrial,5662,"Nehru Nagar, Kanpur - UPPCB",pm10,2025-10-26,75.0,µg/m³,,,OpenAQ
kanpur_industrial,5662,"Nehru Nagar, Kanpur - UPPCB",pm10,2025-10-27,97.2,µg/m³,,,OpenAQ
kanpur_industrial,5662,"Nehru Nagar, Kanpur - UPPCB",pm10,2025-10-28,47.5,µg/m³,,,OpenAQ
kanpur_industrial,5662,"Nehru Nagar, Kanpur - UPPCB",pm10,2025-10-29,31.0,µg/m³,,,OpenAQ
kanpur_industrial,5662,"Nehru Nagar, Kanpur - UPPCB",pm10,2025-10-30,28.5,µg/m³,,,OpenAQ
kanpur_industrial,5662,"Nehru Nagar, Kanpur - UPPCB",pm10,2025-10-31,14.8,µg/m³,,,OpenAQ
kanpur_industrial,5662,"Nehru Nagar, Kanpur - UPPCB",pm10,2025-11-01,46.5,µg/m³,,,OpenAQ
kanpur_industrial,5662,"Nehru Nagar, Kanpur - UPPCB",pm10,2025-11-02,75.2,µg/m³,,,OpenAQ
kanpur_industrial,5662,"Nehru Nagar, Kanpur - UPPCB",pm10,2025-11-03,97.9,µg/m³,,,OpenAQ
kanpur_industrial,5662,"Nehru Nagar, Kanpur - UPPCB",pm10,2025-11-04,77.9,µg/m³,,,OpenAQ
kanpur_industrial,5662,"Nehru Nagar, Kanpur - UPPCB",pm10,2025-11-05,105.0,µg/m³,,,OpenAQ
kanpur_industrial,5662,"Nehru Nagar, Kanpur - UPPCB",pm10,2025-11-06,71.8,µg/m³,,,OpenAQ
kanpur_industrial,5662,"Nehru Nagar, Kanpur - UPPCB",pm10,2025-11-07,92.4,µg/m³,,,OpenAQ
kanpur_industrial,5662,"Nehru Nagar, Kanpur - UPPCB",pm10,2025-11-08,147.0,µg/m³,,,OpenAQ
kanpur_industrial,5662,"Nehru Nagar, Kanpur - UPPCB",pm10,2025-11-09,157.0,µg/m³,,,OpenAQ
kanpur_industrial,5662,"Nehru Nagar, Kanpur - UPPCB",pm10,2025-11-10,190.0,µg/m³,,,OpenAQ
kanpur_industrial,5662,"Nehru Nagar, Kanpur - UPPCB",pm10,2025-11-11,175.0,µg/m³,,,OpenAQ
kanpur_industrial,5662,"Nehru Nagar, Kanpur - UPPCB",pm10,2025-11-12,167.0,µg/m³,,,OpenAQ
kanpur_industrial,5662,"Nehru Nagar, Kanpur - UPPCB",pm10,2025-11-13,143.0,µg/m³,,,OpenAQ
kanpur_industrial,5662,"Nehru Nagar, Kanpur - UPPCB",pm10,2025-11-14,136.0,µg/m³,,,OpenAQ
kanpur_industrial,5662,"Nehru Nagar, Kanpur - UPPCB",pm10,2025-11-15,134.0,µg/m³,,,OpenAQ
kanpur_industrial,5662,"Nehru Nagar, Kanpur - UPPCB",pm25,2025-10-15,84.7,µg/m³,,,OpenAQ
kanpur_industrial,5662,"Nehru Nagar, Kanpur - UPPCB",pm25,2025-10-16,77.4,µg/m³,,,OpenAQ
kanpur_industrial,5662,"Nehru Nagar, Kanpur - UPPCB",pm25,2025-10-17,107.0,µg/m³,,,OpenAQ
kanpur_industrial,5662,"Nehru Nagar, Kanpur - UPPCB",pm25,2025-10-18,142.0,µg/m³,,,OpenAQ
kanpur_industrial,5662,"Nehru Nagar, Kanpur - UPPCB",pm25,2025-10-19,126.0,µg/m³,,,OpenAQ
kanpur_industrial,5662,"Nehru Nagar, Kanpur - UPPCB",pm25,2025-10-20,133.0,µg/m³,,,OpenAQ
kanpur_industrial,5662,"Nehru Nagar, Kanpur - UPPCB",pm25,2025-10-21,120.0,µg/m³,,,OpenAQ
kanpur_industrial,5662,"Nehru Nagar, Kanpur - UPPCB",pm25,2025-10-22,95.6,µg/m³,,,OpenAQ
kanpur_industrial,5662,"Nehru Nagar, Kanpur - UPPCB",pm25,2025-10-23,90.7,µg/m³,,,OpenAQ
kanpur_industrial,5662,"Nehru Nagar, Kanpur - UPPCB",pm25,2025-10-24,67.7,µg/m³,,,OpenAQ
kanpur_industrial,5662,"Nehru Nagar, Kanpur - UPPCB",pm25,2025-10-25,48.6,µg/m³,,,OpenAQ
kanpur_industrial,5662,"Nehru Nagar, Kanpur - UPPCB",pm25,2025-10-26,50.1,µg/m³,,,OpenAQ
kanpur_industrial,5662,"Nehru Nagar, Kanpur - UPPCB",pm25,2025-10-27,65.0,µg/m³,,,OpenAQ
kanpur_industrial,5662,"Nehru Nagar, Kanpur - UPPCB",pm25,2025-10-28,31.8,µg/m³,,,OpenAQ
kanpur_industrial,5662,"Nehru Nagar, Kanpur - UPPCB",pm25,2025-10-29,20.7,µg/m³,,,OpenAQ
kanpur_industrial,5662,"Nehru Nagar, Kanpur - UPPCB",pm25,2025-10-30,19.1,µg/m³,,,OpenAQ
kanpur_industrial,5662,"Nehru Nagar, Kanpur - UPPCB",pm25,2025-10-31,9.87,µg/m³,,,OpenAQ
kanpur_industrial,5662,"Nehru Nagar, Kanpur - UPPCB",pm25,2025-11-01,31.2,µg/m³,,,OpenAQ
kanpur_industrial,5662,"Nehru Nagar, Kanpur - UPPCB",pm25,2025-11-02,50.3,µg/m³,,,OpenAQ
kanpur_industrial,5662,"Nehru Nagar, Kanpur - UPPCB",pm25,2025-11-03,65.4,µg/m³,,,OpenAQ
kanpur_industrial,5662,"Nehru Nagar, Kanpur - UPPCB",pm25,2025-11-04,51.9,µg/m³,,,OpenAQ
kanpur_industrial,5662,"Nehru Nagar, Kanpur - UPPCB",pm25,2025-11-05,70.1,µg/m³,,,OpenAQ
kanpur_industrial,5662,"Nehru Nagar, Kanpur - UPPCB",pm25,2025-11-06,47.9,µg/m³,,,OpenAQ
kanpur_industrial,5662,"Nehru Nagar, Kanpur - UPPCB",pm25,2025-11-07,95.6,µg/m³,,,OpenAQ
kanpur_industrial,5662,"Nehru Nagar, Kanpur - UPPCB",pm25,2025-11-08,173.0,µg/m³,,,OpenAQ
kanpur_industrial,5662,"Nehru Nagar, Kanpur - UPPCB",pm25,2025-11-09,136.0,µg/m³,,,OpenAQ
kanpur_industrial,5662,"Nehru Nagar, Kanpur - UPPCB",pm25,2025-11-10,126.0,µg/m³,,,OpenAQ
kanpur_industrial,5662,"Nehru Nagar, Kanpur - UPPCB",pm25,2025-11-11,117.0,µg/m³,,,OpenAQ
kanpur_industrial,5662,"Nehru Nagar, Kanpur - UPPCB",pm25,2025-11-12,150.0,µg/m³,,,OpenAQ
kanpur_industrial,5662,"Nehru Nagar, Kanpur - UPPCB",pm25,2025-11-13,95.4,µg/m³,,,OpenAQ
kanpur_industrial,5662,"Nehru Nagar, Kanpur - UPPCB",pm25,2025-11-14,90.5,µg/m³,,,OpenAQ
kanpur_industrial,5662,"Nehru Nagar, Kanpur - UPPCB",pm25,2025-11-15,89.1,µg/m³,,,OpenAQ
kanpur_industrial,5662,"Nehru Nagar, Kanpur - UPPCB",so2,2025-10-15,8.36,ppb,,,OpenAQ
kanpur_industrial,5662,"Nehru Nagar, Kanpur - UPPCB",so2,2025-10-16,8.42,ppb,,,OpenAQ
kanpur_industrial,5662,"Nehru Nagar, Kanpur - UPPCB",so2,2025-10-17,8.64,ppb,,,OpenAQ
kanpur_industrial,5662,"Nehru Nagar, Kanpur - UPPCB",so2,2025-10-18,7.24,ppb,,,OpenAQ
kanpur_industrial,5662,"Nehru Nagar, Kanpur - UPPCB",so2,2025-10-19,8.13,ppb,,,OpenAQ
kanpur_industrial,5662,"Nehru Nagar, Kanpur - UPPCB",so2,2025-10-20,7.55,ppb,,,OpenAQ
kanpur_industrial,5662,"Nehru Nagar, Kanpur - UPPCB",so2,2025-10-21,10.0,ppb,,,OpenAQ
kanpur_industrial,5662,"Nehru Nagar, Kanpur - UPPCB",so2,2025-10-22,10.0,ppb,,,OpenAQ
kanpur_industrial,5662,"Nehru Nagar, Kanpur - UPPCB",so2,2025-10-23,9.73,ppb,,,OpenAQ
kanpur_industrial,5662,"Nehru Nagar, Kanpur - UPPCB",so2,2025-10-24,9.3,ppb,,,OpenAQ
kanpur_industrial,5662,"Nehru Nagar, Kanpur - UPPCB",so2,2025-10-25,10.4,ppb,,,OpenAQ
kanpur_industrial,5662,"Nehru Nagar, Kanpur - UPPCB",so2,2025-10-26,10.7,ppb,,,OpenAQ
kanpur_industrial,5662,"Nehru Nagar, Kanpur - UPPCB",so2,2025-10-27,10.4,ppb,,,OpenAQ
kanpur_industrial,5662,"Nehru Nagar, Kanpur - UPPCB",so2,2025-10-28,11.4,ppb,,,OpenAQ
kanpur_industrial,5662,"Nehru Nagar, Kanpur - UPPCB",so2,2025-10-29,11.4,ppb,,,OpenAQ
kanpur_industrial,5662,"Nehru Nagar, Kanpur - UPPCB",so2,2025-10-30,11.6,ppb,,,OpenAQ
kanpur_industrial,5662,"Nehru Nagar, Kanpur - UPPCB",so2,2025-10-31,11.3,ppb,,,OpenAQ
kanpur_industrial,5662,"Nehru Nagar, Kanpur - UPPCB",so2,2025-11-01,10.6,ppb,,,OpenAQ
kanpur_industrial,5662,"Nehru Nagar, Kanpur - UPPCB",so2,2025-11-02,10.8,ppb,,,OpenAQ
kanpur_industrial,5662,"Nehru Nagar, Kanpur - UPPCB",so2,2025-11-03,11.6,ppb,,,OpenAQ
kanpur_industrial,5662,"Nehru Nagar, Kanpur - UPPCB",so2,2025-11-04,9.18,ppb,,,OpenAQ
kanpur_industrial,5662,"Nehru Nagar, Kanpur - UPPCB",so2,2025-11-05,9.81,ppb,,,OpenAQ
kanpur_industrial,5662,"Nehru Nagar, Kanpur - UPPCB",so2,2025-11-06,11.0,ppb,,,OpenAQ
kanpur_industrial,5662,"Nehru Nagar, Kanpur - UPPCB",so2,2025-11-07,8.15,ppb,,,OpenAQ
kanpur_industrial,5662,"Nehru Nagar, Kanpur - UPPCB",so2,2025-11-08,9.67,ppb,,,OpenAQ
kanpur_industrial,5662,"Nehru Nagar, Kanpur - UPPCB",so2,2025-11-09,10.3,ppb,,,OpenAQ
kanpur_industrial,5662,"Nehru Nagar, Kanpur - UPPCB",so2,2025-11-10,7.77,ppb,,,OpenAQ
kanpur_industrial,5662,"Nehru Nagar, Kanpur - UPPCB",so2,2025-11-11,9.59,ppb,,,OpenAQ
kanpur_industrial,5662,"Nehru Nagar, Kanpur - UPPCB",so2,2025-11-12,10.6,ppb,,,OpenAQ
kanpur_industrial,5662,"Nehru Nagar, Kanpur - UPPCB",so2,2025-11-13,8.87,ppb,,,OpenAQ
kanpur_industrial,5662,"Nehru Nagar, Kanpur - UPPCB",so2,2025-11-14,7.35,ppb,,,OpenAQ
kanpur_industrial,5662,"Nehru Nagar, Kanpur - UPPCB",so2,2025-11-15,9.85,ppb,,,OpenAQ
kanpur_industrial,5662,"Nehru Nagar, Kanpur - UPPCB",no2,2025-10-15,40.4,ppb,,,OpenAQ
kanpur_industrial,5662,"Nehru Nagar, Kanpur - UPPCB",no2,2025-10-16,38.2,ppb,,,OpenAQ
kanpur_industrial,5662,"Nehru Nagar, Kanpur - UPPCB",no2,2025-10-17,37.9,ppb,,,OpenAQ
kanpur_industrial,5662,"Nehru Nagar, Kanpur - UPPCB",no2,2025-10-18,38.8,ppb,,,OpenAQ
kanpur_industrial,5662,"Nehru Nagar, Kanpur - UPPCB",no2,2025-10-19,39.3,ppb,,,OpenAQ
kanpur_industrial,5662,"Nehru Nagar, Kanpur - UPPCB",no2,2025-10-20,37.3,ppb,,,OpenAQ
kanpur_industrial,5662,"Nehru Nagar, Kanpur - UPPCB",no2,2025-10-21,39.2,ppb,,,OpenAQ
kanpur_industrial,5662,"Nehru Nagar, Kanpur - UPPCB",no2,2025-10-22,40.9,ppb,,,OpenAQ
kanpur_industrial,5662,"Nehru Nagar, Kanpur - UPPCB",no2,2025-10-23,40.9,ppb,,,OpenAQ
kanpur_industrial,5662,"Nehru Nagar, Kanpur - UPPCB",no2,2025-10-24,40.1,ppb,,,OpenAQ
kanpur_industrial,5662,"Nehru Nagar, Kanpur - UPPCB",no2,2025-10-25,39.4,ppb,,,OpenAQ
kanpur_industrial,5662,"Nehru Nagar, Kanpur - UPPCB",no2,2025-10-26,33.5,ppb,,,OpenAQ
kanpur_industrial,5662,"Nehru Nagar, Kanpur - UPPCB",no2,2025-10-27,32.3,ppb,,,OpenAQ
kanpur_industrial,5662,"Nehru Nagar, Kanpur - UPPCB",no2,2025-10-28,27.5,ppb,,,OpenAQ
kanpur_industrial,5662,"Nehru Nagar, Kanpur - UPPCB",no2,2025-10-29,32.3,ppb,,,OpenAQ
kanpur_industrial,5662,"Nehru Nagar, Kanpur - UPPCB",no2,2025-10-30,28.2,ppb,,,OpenAQ
kanpur_industrial,5662,"Nehru Nagar, Kanpur - UPPCB",no2,2025-10-31,29.5,ppb,,,OpenAQ
kanpur_industrial,5662,"Nehru Nagar, Kanpur - UPPCB",no2,2025-11-01,34.8,ppb,,,OpenAQ
kanpur_industrial,5662,"Nehru Nagar, Kanpur - UPPCB",no2,2025-11-02,34.7,ppb,,,OpenAQ
kanpur_industrial,5662,"Nehru Nagar, Kanpur - UPPCB",no2,2025-11-03,34.8,ppb,,,OpenAQ
kanpur_industrial,5662,"Nehru Nagar, Kanpur - UPPCB",no2,2025-11-04,37.6,ppb,,,OpenAQ
kanpur_industrial,5662,"Nehru Nagar, Kanpur - UPPCB",no2,2025-11-05,35.9,ppb,,,OpenAQ
kanpur_industrial,5662,"Nehru Nagar, Kanpur - UPPCB",no2,2025-11-06,32.6,ppb,,,OpenAQ
kanpur_industrial,5662,"Nehru Nagar, Kanpur - UPPCB",no2,2025-11-07,27.9,ppb,,,OpenAQ
kanpur_industrial,5662,"Nehru Nagar, Kanpur - UPPCB",no2,2025-11-08,33.4,ppb,,,OpenAQ
kanpur_industrial,5662,"Nehru Nagar, Kanpur - UPPCB",no2,2025-11-09,24.3,ppb,,,OpenAQ
kanpur_industrial,5662,"Nehru Nagar, Kanpur - UPPCB",no2,2025-11-10,21.7,ppb,,,OpenAQ
kanpur_industrial,5662,"Nehru Nagar, Kanpur - UPPCB",no2,2025-11-11,25.9,ppb,,,OpenAQ
kanpur_industrial,5662,"Nehru Nagar, Kanpur - UPPCB",no2,2025-11-12,24.8,ppb,,,OpenAQ
kanpur_industrial,5662,"Nehru Nagar, Kanpur - UPPCB",no2,2025-11-13,26.0,ppb,,,OpenAQ
kanpur_industrial,5662,"Nehru Nagar, Kanpur - UPPCB",no2,2025-11-14,21.4,ppb,,,OpenAQ
kanpur_industrial,5662,"Nehru Nagar, Kanpur - UPPCB",no2,2025-11-15,24.1,ppb,,,OpenAQ
kanpur_industrial,5662,"Nehru Nagar, Kanpur - UPPCB",co,2025-10-15,0.918,ppb,,,OpenAQ
kanpur_industrial,5662,"Nehru Nagar, Kanpur - UPPCB",co,2025-10-16,0.925,ppb,,,OpenAQ
kanpur_industrial,5662,"Nehru Nagar, Kanpur - UPPCB",co,2025-10-17,0.924,ppb,,,OpenAQ
kanpur_industrial,5662,"Nehru Nagar, Kanpur - UPPCB",co,2025-10-18,0.999,ppb,,,OpenAQ
kanpur_industrial,5662,"Nehru Nagar, Kanpur - UPPCB",co,2025-10-19,1.05,ppb,,,OpenAQ
kanpur_industrial,5662,"Nehru Nagar, Kanpur - UPPCB",co,2025-10-20,1.14,ppb,,,OpenAQ
kanpur_industrial,5662,"Nehru Nagar, Kanpur - UPPCB",co,2025-10-21,1.19,ppb,,,OpenAQ
kanpur_industrial,5662,"Nehru Nagar, Kanpur - UPPCB",co,2025-10-22,1.16,ppb,,,OpenAQ
kanpur_industrial,5662,"Nehru Nagar, Kanpur - UPPCB",co,2025-10-23,1.09,ppb,,,OpenAQ
kanpur_industrial,5662,"Nehru Nagar, Kanpur - UPPCB",co,2025-10-24,1.04,ppb,,,OpenAQ
kanpur_industrial,5662,"Nehru Nagar, Kanpur - UPPCB",co,2025-10-25,0.926,ppb,,,OpenAQ
kanpur_industrial,5662,"Nehru Nagar, Kanpur - UPPCB",co,2025-10-26,1.0,ppb,,,OpenAQ
kanpur_industrial,5662,"Nehru Nagar, Kanpur - UPPCB",co,2025-10-27,1.12,ppb,,,OpenAQ
kanpur_industrial,5662,"Nehru Nagar, Kanpur - UPPCB",co,2025-10-28,1.33,ppb,,,OpenAQ
kanpur_industrial,5662,"Nehru Nagar, Kanpur - UPPCB",co,2025-10-29,1.26,ppb,,,OpenAQ
kanpur_industrial,5662,"Nehru Nagar, Kanpur - UPPCB",co,2025-10-30,1.52,ppb,,,OpenAQ
kanpur_industrial,5662,"Nehru Nagar, Kanpur - UPPCB",co,2025-10-31,1.49,ppb,,,OpenAQ
kanpur_industrial,5662,"Nehru Nagar, Kanpur - UPPCB",co,2025-11-01,1.35,ppb,,,OpenAQ
kanpur_industrial,5662,"Nehru Nagar, Kanpur - UPPCB",co,2025-11-02,1.27,ppb,,,OpenAQ
kanpur_industrial,5662,"Nehru Nagar, Kanpur - UPPCB",co,2025-11-03,0.954,ppb,,,OpenAQ
kanpur_industrial,5662,"Nehru Nagar, Kanpur - UPPCB",co,2025-11-04,0.879,ppb,,,OpenAQ
kanpur_industrial,5662,"Nehru Nagar, Kanpur - UPPCB",co,2025-11-05,1.05,ppb,,,OpenAQ
kanpur_industrial,5662,"Nehru Nagar, Kanpur - UPPCB",co,2025-11-06,0.949,ppb,,,OpenAQ
kanpur_industrial,5662,"Nehru Nagar, Kanpur - UPPCB",co,2025-11-07,0.803,ppb,,,OpenAQ
kanpur_industrial,5662,"Nehru Nagar, Kanpur - UPPCB",co,2025-11-08,0.757,ppb,,,OpenAQ
kanpur_industrial,5662,"Nehru Nagar, Kanpur - UPPCB",co,2025-11-09,0.886,ppb,,,OpenAQ
kanpur_industrial,5662,"Nehru Nagar, Kanpur - UPPCB",co,2025-11-10,1.01,ppb,,,OpenAQ
kanpur_industrial,5662,"Nehru Nagar, Kanpur - UPPCB",co,2025-11-11,0.887,ppb,,,OpenAQ
kanpur_industrial,5662,"Nehru Nagar, Kanpur - UPPCB",co,2025-11-12,0.898,ppb,,,OpenAQ
kanpur_industrial,5662,"Nehru Nagar, Kanpur - UPPCB",co,2025-11-13,0.883,ppb,,,OpenAQ
kanpur_industrial,5662,"Nehru Nagar, Kanpur - UPPCB",co,2025-11-14,1.0,ppb,,,OpenAQ
kanpur_industrial,5662,"Nehru Nagar, Kanpur - UPPCB",co,2025-11-15,0.944,ppb,,,OpenAQ
kanpur_industrial,229252,"NSI Kalyanpur, Kanpur - UPPCB",co,2025-10-15,0.932,ppb,,,OpenAQ
kanpur_industrial,229252,"NSI Kalyanpur, Kanpur - UPPCB",co,2025-10-16,0.911,ppb,,,OpenAQ
kanpur_industrial,229252,"NSI Kalyanpur, Kanpur - UPPCB",co,2025-10-17,1.06,ppb,,,OpenAQ
kanpur_industrial,229252,"NSI Kalyanpur, Kanpur - UPPCB",co,2025-10-18,1.24,ppb,,,OpenAQ
kanpur_industrial,229252,"NSI Kalyanpur, Kanpur - UPPCB",co,2025-10-19,0.915,ppb,,,OpenAQ
kanpur_industrial,229252,"NSI Kalyanpur, Kanpur - UPPCB",co,2025-10-20,1.03,ppb,,,OpenAQ
kanpur_industrial,229252,"NSI Kalyanpur, Kanpur - UPPCB",co,2025-10-21,1.05,ppb,,,OpenAQ
kanpur_industrial,229252,"NSI Kalyanpur, Kanpur - UPPCB",co,2025-10-22,0.965,ppb,,,OpenAQ
kanpur_industrial,229252,"NSI Kalyanpur, Kanpur - UPPCB",co,2025-10-23,1.06,ppb,,,OpenAQ
kanpur_industrial,229252,"NSI Kalyanpur, Kanpur - UPPCB",co,2025-10-24,0.926,ppb,,,OpenAQ
kanpur_industrial,229252,"NSI Kalyanpur, Kanpur - UPPCB",co,2025-10-25,0.776,ppb,,,OpenAQ
kanpur_industrial,229252,"NSI Kalyanpur, Kanpur - UPPCB",co,2025-10-26,0.783,ppb,,,OpenAQ
kanpur_industrial,229252,"NSI Kalyanpur, Kanpur - UPPCB",co,2025-10-27,0.884,ppb,,,OpenAQ
kanpur_industrial,229252,"NSI Kalyanpur, Kanpur - UPPCB",co,2025-10-28,0.577,ppb,,,OpenAQ
kanpur_industrial,229252,"NSI Kalyanpur, Kanpur - UPPCB",co,2025-10-29,0.457,ppb,,,OpenAQ
kanpur_industrial,229252,"NSI Kalyanpur, Kanpur - UPPCB",co,2025-10-30,0.447,ppb,,,OpenAQ
kanpur_industrial,229252,"NSI Kalyanpur, Kanpur - UPPCB",co,2025-10-31,0.469,ppb,,,OpenAQ
kanpur_industrial,229252,"NSI Kalyanpur, Kanpur - UPPCB",co,2025-11-01,0.679,ppb,,,OpenAQ
kanpur_industrial,229252,"NSI Kalyanpur, Kanpur - UPPCB",co,2025-11-02,0.824,ppb,,,OpenAQ
kanpur_industrial,229252,"NSI Kalyanpur, Kanpur - UPPCB",co,2025-11-03,0.854,ppb,,,OpenAQ
kanpur_industrial,229252,"NSI Kalyanpur, Kanpur - UPPCB",co,2025-11-04,0.856,ppb,,,OpenAQ
kanpur_industrial,229252,"NSI Kalyanpur, Kanpur - UPPCB",co,2025-11-05,1.04,ppb,,,OpenAQ
kanpur_industrial,229252,"NSI Kalyanpur, Kanpur - UPPCB",co,2025-11-06,0.902,ppb,,,OpenAQ
kanpur_industrial,229252,"NSI Kalyanpur, Kanpur - UPPCB",co,2025-11-07,1.02,ppb,,,OpenAQ
kanpur_industrial,229252,"NSI Kalyanpur, Kanpur - UPPCB",co,2025-11-08,1.2,ppb,,,OpenAQ
kanpur_industrial,229252,"NSI Kalyanpur, Kanpur - UPPCB",co,2025-11-09,1.31,ppb,,,OpenAQ
kanpur_industrial,229252,"NSI Kalyanpur, Kanpur - UPPCB",co,2025-11-10,1.47,ppb,,,OpenAQ
kanpur_industrial,229252,"NSI Kalyanpur, Kanpur - UPPCB",co,2025-11-11,1.44,ppb,,,OpenAQ
kanpur_industrial,229252,"NSI Kalyanpur, Kanpur - UPPCB",co,2025-11-12,1.35,ppb,,,OpenAQ
kanpur_industrial,229252,"NSI Kalyanpur, Kanpur - UPPCB",co,2025-11-13,1.44,ppb,,,OpenAQ
kanpur_industrial,229252,"NSI Kalyanpur, Kanpur - UPPCB",co,2025-11-14,1.52,ppb,,,OpenAQ
kanpur_industrial,229252,"NSI Kalyanpur, Kanpur - UPPCB",co,2025-11-15,1.43,ppb,,,OpenAQ
kanpur_industrial,229252,"NSI Kalyanpur, Kanpur - UPPCB",pm10,2025-10-15,107.0,µg/m³,,,OpenAQ
kanpur_industrial,229252,"NSI Kalyanpur, Kanpur - UPPCB",pm10,2025-10-16,98.1,µg/m³,,,OpenAQ
kanpur_industrial,229252,"NSI Kalyanpur, Kanpur - UPPCB",pm10,2025-10-17,118.0,µg/m³,,,OpenAQ
kanpur_industrial,229252,"NSI Kalyanpur, Kanpur - UPPCB",pm10,2025-10-18,145.0,µg/m³,,,OpenAQ
kanpur_industrial,229252,"NSI Kalyanpur, Kanpur - UPPCB",pm10,2025-10-19,126.0,µg/m³,,,OpenAQ
kanpur_industrial,229252,"NSI Kalyanpur, Kanpur - UPPCB",pm10,2025-10-20,200.0,µg/m³,,,OpenAQ
kanpur_industrial,229252,"NSI Kalyanpur, Kanpur - UPPCB",pm10,2025-10-21,321.0,µg/m³,,,OpenAQ
kanpur_industrial,229252,"NSI Kalyanpur, Kanpur - UPPCB",pm10,2025-10-22,168.0,µg/m³,,,OpenAQ
kanpur_industrial,229252,"NSI Kalyanpur, Kanpur - UPPCB",pm10,2025-10-23,149.0,µg/m³,,,OpenAQ
kanpur_industrial,229252,"NSI Kalyanpur, Kanpur - UPPCB",pm10,2025-10-24,151.0,µg/m³,,,OpenAQ
kanpur_industrial,229252,"NSI Kalyanpur, Kanpur - UPPCB",pm10,2025-10-25,139.0,µg/m³,,,OpenAQ
kanpur_industrial,229252,"NSI Kalyanpur, Kanpur - UPPCB",pm10,2025-10-26,139.0,µg/m³,,,OpenAQ
kanpur_industrial,229252,"NSI Kalyanpur, Kanpur - UPPCB",pm10,2025-10-27,156.0,µg/m³,,,OpenAQ
kanpur_industrial,229252,"NSI Kalyanpur, Kanpur - UPPCB",pm10,2025-10-28,75.1,µg/m³,,,OpenAQ
kanpur_industrial,229252,"NSI Kalyanpur, Kanpur - UPPCB",pm10,2025-10-29,45.8,µg/m³,,,OpenAQ
kanpur_industrial,229252,"NSI Kalyanpur, Kanpur - UPPCB",pm10,2025-10-30,30.1,µg/m³,,,OpenAQ
kanpur_industrial,229252,"NSI Kalyanpur, Kanpur - UPPCB",pm10,2025-10-31,40.2,µg/m³,,,OpenAQ
kanpur_industrial,229252,"NSI Kalyanpur, Kanpur - UPPCB",pm10,2025-11-01,102.0,µg/m³,,,OpenAQ
kanpur_industrial,229252,"NSI Kalyanpur, Kanpur - UPPCB",pm10,2025-11-02,143.0,µg/m³,,,OpenAQ
kanpur_industrial,229252,"NSI Kalyanpur, Kanpur - UPPCB",pm10,2025-11-03,168.0,µg/m³,,,OpenAQ
kanpur_industrial,229252,"NSI Kalyanpur, Kanpur - UPPCB",pm10,2025-11-04,136.0,µg/m³,,,OpenAQ
kanpur_industrial,229252,"NSI Kalyanpur, Kanpur - UPPCB",pm10,2025-11-05,173.0,µg/m³,,,OpenAQ
kanpur_industrial,229252,"NSI Kalyanpur, Kanpur - UPPCB",pm10,2025-11-06,156.0,µg/m³,,,OpenAQ
kanpur_industrial,229252,"NSI Kalyanpur, Kanpur - UPPCB",pm10,2025-11-07,185.0,µg/m³,,,OpenAQ
kanpur_industrial,229252,"NSI Kalyanpur, Kanpur - UPPCB",pm10,2025-11-08,212.0,µg/m³,,,OpenAQ
kanpur_industrial,229252,"NSI Kalyanpur, Kanpur - UPPCB",pm10,2025-11-09,137.0,µg/m³,,,OpenAQ
kanpur_industrial,229252,"NSI Kalyanpur, Kanpur - UPPCB",pm10,2025-11-10,152.0,µg/m³,,,OpenAQ
kanpur_industrial,229252,"NSI Kalyanpur, Kanpur - UPPCB",pm10,2025-11-11,155.0,µg/m³,,,OpenAQ
kanpur_industrial,229252,"NSI Kalyanpur, Kanpur - UPPCB",pm10,2025-11-12,145.0,µg/m³,,,OpenAQ
kanpur_industrial,229252,"NSI Kalyanpur, Kanpur - UPPCB",pm10,2025-11-13,149.0,µg/m³,,,OpenAQ
kanpur_industrial,229252,"NSI Kalyanpur, Kanpur - UPPCB",pm10,2025-11-14,143.0,µg/m³,,,OpenAQ
kanpur_industrial,229252,"NSI Kalyanpur, Kanpur - UPPCB",pm10,2025-11-15,129.0,µg/m³,,,OpenAQ
kanpur_industrial,229252,"NSI Kalyanpur, Kanpur - UPPCB",so2,2025-10-15,11.0,ppb,,,OpenAQ
kanpur_industrial,229252,"NSI Kalyanpur, Kanpur - UPPCB",so2,2025-10-16,11.8,ppb,,,OpenAQ
kanpur_industrial,229252,"NSI Kalyanpur, Kanpur - UPPCB",so2,2025-10-17,13.5,ppb,,,OpenAQ
kanpur_industrial,229252,"NSI Kalyanpur, Kanpur - UPPCB",so2,2025-10-18,12.6,ppb,,,OpenAQ
kanpur_industrial,229252,"NSI Kalyanpur, Kanpur - UPPCB",so2,2025-10-19,13.0,ppb,,,OpenAQ
kanpur_industrial,229252,"NSI Kalyanpur, Kanpur - UPPCB",so2,2025-10-20,12.8,ppb,,,OpenAQ
kanpur_industrial,229252,"NSI Kalyanpur, Kanpur - UPPCB",so2,2025-10-21,14.4,ppb,,,OpenAQ
kanpur_industrial,229252,"NSI Kalyanpur, Kanpur - UPPCB",so2,2025-10-22,12.6,ppb,,,OpenAQ
kanpur_industrial,229252,"NSI Kalyanpur, Kanpur - UPPCB",so2,2025-10-23,16.1,ppb,,,OpenAQ
kanpur_industrial,229252,"NSI Kalyanpur, Kanpur - UPPCB",so2,2025-10-24,12.1,ppb,,,OpenAQ
kanpur_industrial,229252,"NSI Kalyanpur, Kanpur - UPPCB",so2,2025-10-25,12.5,ppb,,,OpenAQ
kanpur_industrial,229252,"NSI Kalyanpur, Kanpur - UPPCB",so2,2025-10-26,11.3,ppb,,,OpenAQ
kanpur_industrial,229252,"NSI Kalyanpur, Kanpur - UPPCB",so2,2025-10-27,13.2,ppb,,,OpenAQ
kanpur_industrial,229252,"NSI Kalyanpur, Kanpur - UPPCB",so2,2025-10-28,17.5,ppb,,,OpenAQ
kanpur_industrial,229252,"NSI Kalyanpur, Kanpur - UPPCB",so2,2025-10-29,12.8,ppb,,,OpenAQ
kanpur_industrial,229252,"NSI Kalyanpur, Kanpur - UPPCB",so2,2025-10-30,16.5,ppb,,,OpenAQ
kanpur_industrial,229252,"NSI Kalyanpur, Kanpur - UPPCB",so2,2025-10-31,13.9,ppb,,,OpenAQ
kanpur_industrial,229252,"NSI Kalyanpur, Kanpur - UPPCB",so2,2025-11-01,15.3,ppb,,,OpenAQ
kanpur_industrial,229252,"NSI Kalyanpur, Kanpur - UPPCB",so2,2025-11-02,16.7,ppb,,,OpenAQ
kanpur_industrial,229252,"NSI Kalyanpur, Kanpur - UPPCB",so2,2025-11-03,15.8,ppb,,,OpenAQ
kanpur_industrial,229252,"NSI Kalyanpur, Kanpur - UPPCB",so2,2025-11-04,15.8,ppb,,,OpenAQ
kanpur_industrial,229252,"NSI Kalyanpur, Kanpur - UPPCB",so2,2025-11-05,17.4,ppb,,,OpenAQ
kanpur_industrial,229252,"NSI Kalyanpur, Kanpur - UPPCB",so2,2025-11-06,15.5,ppb,,,OpenAQ
kanpur_industrial,229252,"NSI Kalyanpur, Kanpur - UPPCB",so2,2025-11-07,17.3,ppb,,,OpenAQ
kanpur_industrial,229252,"NSI Kalyanpur, Kanpur - UPPCB",so2,2025-11-08,16.1,ppb,,,OpenAQ
kanpur_industrial,229252,"NSI Kalyanpur, Kanpur - UPPCB",so2,2025-11-09,17.2,ppb,,,OpenAQ
kanpur_industrial,229252,"NSI Kalyanpur, Kanpur - UPPCB",so2,2025-11-10,14.6,ppb,,,OpenAQ
kanpur_industrial,229252,"NSI Kalyanpur, Kanpur - UPPCB",so2,2025-11-11,14.6,ppb,,,OpenAQ
kanpur_industrial,229252,"NSI Kalyanpur, Kanpur - UPPCB",so2,2025-11-12,18.2,ppb,,,OpenAQ
kanpur_industrial,229252,"NSI Kalyanpur, Kanpur - UPPCB",so2,2025-11-13,14.3,ppb,,,OpenAQ
kanpur_industrial,229252,"NSI Kalyanpur, Kanpur - UPPCB",so2,2025-11-14,15.5,ppb,,,OpenAQ
kanpur_industrial,229252,"NSI Kalyanpur, Kanpur - UPPCB",so2,2025-11-15,14.8,ppb,,,OpenAQ
kanpur_industrial,229252,"NSI Kalyanpur, Kanpur - UPPCB",pm25,2025-10-15,65.7,µg/m³,,,OpenAQ
kanpur_industrial,229252,"NSI Kalyanpur, Kanpur - UPPCB",pm25,2025-10-16,58.4,µg/m³,,,OpenAQ
kanpur_industrial,229252,"NSI Kalyanpur, Kanpur - UPPCB",pm25,2025-10-17,81.8,µg/m³,,,OpenAQ
kanpur_industrial,229252,"NSI Kalyanpur, Kanpur - UPPCB",pm25,2025-10-18,89.3,µg/m³,,,OpenAQ
kanpur_industrial,229252,"NSI Kalyanpur, Kanpur - UPPCB",pm25,2025-10-19,83.3,µg/m³,,,OpenAQ
kanpur_industrial,229252,"NSI Kalyanpur, Kanpur - UPPCB",pm25,2025-10-20,155.0,µg/m³,,,OpenAQ
kanpur_industrial,229252,"NSI Kalyanpur, Kanpur - UPPCB",pm25,2025-10-21,172.0,µg/m³,,,OpenAQ
kanpur_industrial,229252,"NSI Kalyanpur, Kanpur - UPPCB",pm25,2025-10-22,106.0,µg/m³,,,OpenAQ
kanpur_industrial,229252,"NSI Kalyanpur, Kanpur - UPPCB",pm25,2025-10-23,102.0,µg/m³,,,OpenAQ
kanpur_industrial,229252,"NSI Kalyanpur, Kanpur - UPPCB",pm25,2025-10-24,78.4,µg/m³,,,OpenAQ
kanpur_industrial,229252,"NSI Kalyanpur, Kanpur - UPPCB",pm25,2025-10-25,58.9,µg/m³,,,OpenAQ
kanpur_industrial,229252,"NSI Kalyanpur, Kanpur - UPPCB",pm25,2025-10-26,0.0,µg/m³,,,OpenAQ
kanpur_industrial,229252,"NSI Kalyanpur, Kanpur - UPPCB",pm25,2025-10-27,43.4,µg/m³,,,OpenAQ
kanpur_industrial,229252,"NSI Kalyanpur, Kanpur - UPPCB",pm25,2025-10-28,38.2,µg/m³,,,OpenAQ
kanpur_industrial,229252,"NSI Kalyanpur, Kanpur - UPPCB",pm25,2025-10-29,16.6,µg/m³,,,OpenAQ
kanpur_industrial,229252,"NSI Kalyanpur, Kanpur - UPPCB",pm25,2025-10-30,8.95,µg/m³,,,OpenAQ
kanpur_industrial,229252,"NSI Kalyanpur, Kanpur - UPPCB",pm25,2025-10-31,9.35,µg/m³,,,OpenAQ
kanpur_industrial,229252,"NSI Kalyanpur, Kanpur - UPPCB",pm25,2025-11-01,42.5,µg/m³,,,OpenAQ
kanpur_industrial,229252,"NSI Kalyanpur, Kanpur - UPPCB",pm25,2025-11-02,71.4,µg/m³,,,OpenAQ
kanpur_industrial,229252,"NSI Kalyanpur, Kanpur - UPPCB",pm25,2025-11-03,79.7,µg/m³,,,OpenAQ
kanpur_industrial,229252,"NSI Kalyanpur, Kanpur - UPPCB",pm25,2025-11-04,56.9,µg/m³,,,OpenAQ
kanpur_industrial,229252,"NSI Kalyanpur, Kanpur - UPPCB",pm25,2025-11-05,92.1,µg/m³,,,OpenAQ
kanpur_industrial,229252,"NSI Kalyanpur, Kanpur - UPPCB",pm25,2025-11-06,77.0,µg/m³,,,OpenAQ
kanpur_industrial,229252,"NSI Kalyanpur, Kanpur - UPPCB",pm25,2025-11-07,90.2,µg/m³,,,OpenAQ
kanpur_industrial,229252,"NSI Kalyanpur, Kanpur - UPPCB",pm25,2025-11-08,115.0,µg/m³,,,OpenAQ
kanpur_industrial,229252,"NSI Kalyanpur, Kanpur - UPPCB",pm25,2025-11-09,62.1,µg/m³,,,OpenAQ
kanpur_industrial,229252,"NSI Kalyanpur, Kanpur - UPPCB",pm25,2025-11-10,75.5,µg/m³,,,OpenAQ
kanpur_industrial,229252,"NSI Kalyanpur, Kanpur - UPPCB",pm25,2025-11-11,88.1,µg/m³,,,OpenAQ
kanpur_industrial,229252,"NSI Kalyanpur, Kanpur - UPPCB",pm25,2025-11-12,79.6,µg/m³,,,OpenAQ
kanpur_industrial,229252,"NSI Kalyanpur, Kanpur - UPPCB",pm25,2025-11-13,80.2,µg/m³,,,OpenAQ
kanpur_industrial,229252,"NSI Kalyanpur, Kanpur - UPPCB",pm25,2025-11-14,76.5,µg/m³,,,OpenAQ
kanpur_industrial,229252,"NSI Kalyanpur, Kanpur - UPPCB",pm25,2025-11-15,68.9,µg/m³,,,OpenAQ
kanpur_industrial,229252,"NSI Kalyanpur, Kanpur - UPPCB",o3,2025-10-15,20.3,µg/m³,,,OpenAQ
kanpur_industrial,229252,"NSI Kalyanpur, Kanpur - UPPCB",o3,2025-10-16,19.6,µg/m³,,,OpenAQ
kanpur_industrial,229252,"NSI Kalyanpur, Kanpur - UPPCB",o3,2025-10-17,19.4,µg/m³,,,OpenAQ
kanpur_industrial,229252,"NSI Kalyanpur, Kanpur - UPPCB",o3,2025-10-18,19.7,µg/m³,,,OpenAQ
kanpur_industrial,229252,"NSI Kalyanpur, Kanpur - UPPCB",o3,2025-10-19,20.4,µg/m³,,,OpenAQ
kanpur_industrial,229252,"NSI Kalyanpur, Kanpur - UPPCB",o3,2025-10-20,20.5,µg/m³,,,OpenAQ
kanpur_industrial,229252,"NSI Kalyanpur, Kanpur - UPPCB",o3,2025-10-21,20.3,µg/m³,,,OpenAQ
kanpur_industrial,229252,"NSI Kalyanpur, Kanpur - UPPCB",o3,2025-10-22,20.7,µg/m³,,,OpenAQ
kanpur_industrial,229252,"NSI Kalyanpur, Kanpur - UPPCB",o3,2025-10-23,20.6,µg/m³,,,OpenAQ
kanpur_industrial,229252,"NSI Kalyanpur, Kanpur - UPPCB",o3,2025-10-24,20.9,µg/m³,,,OpenAQ
kanpur_industrial,229252,"NSI Kalyanpur, Kanpur - UPPCB",o3,2025-10-25,20.4,µg/m³,,,OpenAQ
kanpur_industrial,229252,"NSI Kalyanpur, Kanpur - UPPCB",o3,2025-10-26,20.4,µg/m³,,,OpenAQ
kanpur_industrial,229252,"NSI Kalyanpur, Kanpur - UPPCB",o3,2025-10-27,20.5,µg/m³,,,OpenAQ
kanpur_industrial,229252,"NSI Kalyanpur, Kanpur - UPPCB",o3,2025-10-28,20.7,µg/m³,,,OpenAQ
kanpur_industrial,229252,"NSI Kalyanpur, Kanpur - UPPCB",o3,2025-10-29,21.7,µg/m³,,,OpenAQ
kanpur_industrial,229252,"NSI Kalyanpur, Kanpur - UPPCB",o3,2025-10-30,22.4,µg/m³,,,OpenAQ
kanpur_industrial,229252,"NSI Kalyanpur, Kanpur - UPPCB",o3,2025-10-31,23.2,µg/m³,,,OpenAQ
kanpur_industrial,229252,"NSI Kalyanpur, Kanpur - UPPCB",o3,2025-11-01,21.9,µg/m³,,,OpenAQ
kanpur_industrial,229252,"NSI Kalyanpur, Kanpur - UPPCB",o3,2025-11-02,21.4,µg/m³,,,OpenAQ
kanpur_industrial,229252,"NSI Kalyanpur, Kanpur - UPPCB",o3,2025-11-03,20.5,µg/m³,,,OpenAQ
kanpur_industrial,229252,"NSI Kalyanpur, Kanpur - UPPCB",o3,2025-11-04,19.5,µg/m³,,,OpenAQ
kanpur_industrial,229252,"NSI Kalyanpur, Kanpur - UPPCB",o3,2025-11-05,19.8,µg/m³,,,OpenAQ
kanpur_industrial,229252,"NSI Kalyanpur, Kanpur - UPPCB",o3,2025-11-06,19.0,µg/m³,,,OpenAQ
kanpur_industrial,229252,"NSI Kalyanpur, Kanpur - UPPCB",o3,2025-11-07,16.9,µg/m³,,,OpenAQ
kanpur_industrial,229252,"NSI Kalyanpur, Kanpur - UPPCB",o3,2025-11-08,17.0,µg/m³,,,OpenAQ
kanpur_industrial,229252,"NSI Kalyanpur, Kanpur - UPPCB",o3,2025-11-09,16.8,µg/m³,,,OpenAQ
kanpur_industrial,229252,"NSI Kalyanpur, Kanpur - UPPCB",o3,2025-11-10,16.9,µg/m³,,,OpenAQ
kanpur_industrial,229252,"NSI Kalyanpur, Kanpur - UPPCB",o3,2025-11-11,16.7,µg/m³,,,OpenAQ
kanpur_industrial,229252,"NSI Kalyanpur, Kanpur - UPPCB",o3,2025-11-12,16.2,µg/m³,,,OpenAQ
kanpur_industrial,229252,"NSI Kalyanpur, Kanpur - UPPCB",o3,2025-11-13,16.4,µg/m³,,,OpenAQ
kanpur_industrial,229252,"NSI Kalyanpur, Kanpur - UPPCB",o3,2025-11-14,16.6,µg/m³,,,OpenAQ
kanpur_industrial,229252,"NSI Kalyanpur, Kanpur - UPPCB",o3,2025-11-15,16.5,µg/m³,,,OpenAQ
kanpur_industrial,229252,"NSI Kalyanpur, Kanpur - UPPCB",no2,2025-10-15,9.71,ppb,,,OpenAQ
kanpur_industrial,229252,"NSI Kalyanpur, Kanpur - UPPCB",no2,2025-10-16,9.68,ppb,,,OpenAQ
kanpur_industrial,229252,"NSI Kalyanpur, Kanpur - UPPCB",no2,2025-10-17,9.68,ppb,,,OpenAQ
kanpur_industrial,229252,"NSI Kalyanpur, Kanpur - UPPCB",no2,2025-10-18,9.7,ppb,,,OpenAQ
kanpur_industrial,229252,"NSI Kalyanpur, Kanpur - UPPCB",no2,2025-10-19,9.68,ppb,,,OpenAQ
kanpur_industrial,229252,"NSI Kalyanpur, Kanpur - UPPCB",no2,2025-10-20,10.6,ppb,,,OpenAQ
kanpur_industrial,229252,"NSI Kalyanpur, Kanpur - UPPCB",no2,2025-10-21,17.8,ppb,,,OpenAQ
kanpur_industrial,229252,"NSI Kalyanpur, Kanpur - UPPCB",no2,2025-10-22,17.8,ppb,,,OpenAQ
kanpur_industrial,229252,"NSI Kalyanpur, Kanpur - UPPCB",no2,2025-10-23,17.9,ppb,,,OpenAQ
kanpur_industrial,229252,"NSI Kalyanpur, Kanpur - UPPCB",no2,2025-10-24,17.8,ppb,,,OpenAQ
kanpur_industrial,229252,"NSI Kalyanpur, Kanpur - UPPCB",no2,2025-10-25,17.8,ppb,,,OpenAQ
kanpur_industrial,229252,"NSI Kalyanpur, Kanpur - UPPCB",no2,2025-10-26,17.8,ppb,,,OpenAQ
kanpur_industrial,229252,"NSI Kalyanpur, Kanpur - UPPCB",no2,2025-10-27,17.9,ppb,,,OpenAQ
kanpur_industrial,229252,"NSI Kalyanpur, Kanpur - UPPCB",no2,2025-10-28,17.9,ppb,,,OpenAQ
kanpur_industrial,229252,"NSI Kalyanpur, Kanpur - UPPCB",no2,2025-10-29,17.9,ppb,,,OpenAQ
kanpur_industrial,229252,"NSI Kalyanpur, Kanpur - UPPCB",no2,2025-10-30,17.9,ppb,,,OpenAQ
kanpur_industrial,229252,"NSI Kalyanpur, Kanpur - UPPCB",no2,2025-10-31,17.8,ppb,,,OpenAQ
kanpur_industrial,229252,"NSI Kalyanpur, Kanpur - UPPCB",no2,2025-11-01,17.8,ppb,,,OpenAQ
kanpur_industrial,229252,"NSI Kalyanpur, Kanpur - UPPCB",no2,2025-11-02,17.8,ppb,,,OpenAQ
kanpur_industrial,229252,"NSI Kalyanpur, Kanpur - UPPCB",no2,2025-11-03,17.8,ppb,,,OpenAQ
kanpur_industrial,229252,"NSI Kalyanpur, Kanpur - UPPCB",no2,2025-11-04,17.8,ppb,,,OpenAQ
kanpur_industrial,229252,"NSI Kalyanpur, Kanpur - UPPCB",no2,2025-11-05,17.8,ppb,,,OpenAQ
kanpur_industrial,229252,"NSI Kalyanpur, Kanpur - UPPCB",no2,2025-11-06,17.8,ppb,,,OpenAQ
kanpur_industrial,229252,"NSI Kalyanpur, Kanpur - UPPCB",no2,2025-11-07,17.8,ppb,,,OpenAQ
kanpur_industrial,229252,"NSI Kalyanpur, Kanpur - UPPCB",no2,2025-11-08,17.8,ppb,,,OpenAQ
kanpur_industrial,229252,"NSI Kalyanpur, Kanpur - UPPCB",no2,2025-11-09,17.8,ppb,,,OpenAQ
kanpur_industrial,229252,"NSI Kalyanpur, Kanpur - UPPCB",no2,2025-11-10,17.8,ppb,,,OpenAQ
kanpur_industrial,229252,"NSI Kalyanpur, Kanpur - UPPCB",no2,2025-11-11,17.8,ppb,,,OpenAQ
kanpur_industrial,229252,"NSI Kalyanpur, Kanpur - UPPCB",no2,2025-11-12,17.8,ppb,,,OpenAQ
kanpur_industrial,229252,"NSI Kalyanpur, Kanpur - UPPCB",no2,2025-11-13,17.9,ppb,,,OpenAQ
kanpur_industrial,229252,"NSI Kalyanpur, Kanpur - UPPCB",no2,2025-11-14,17.8,ppb,,,OpenAQ
kanpur_industrial,229252,"NSI Kalyanpur, Kanpur - UPPCB",no2,2025-11-15,17.8,ppb,,,OpenAQ
kanpur_industrial,234568,"FTI Kidwai Nagar, Kanpur - UPPCB",co,2025-10-15,0.819,ppb,,,OpenAQ
kanpur_industrial,234568,"FTI Kidwai Nagar, Kanpur - UPPCB",co,2025-10-16,0.764,ppb,,,OpenAQ
kanpur_industrial,234568,"FTI Kidwai Nagar, Kanpur - UPPCB",co,2025-10-17,0.793,ppb,,,OpenAQ
kanpur_industrial,234568,"FTI Kidwai Nagar, Kanpur - UPPCB",co,2025-10-18,0.782,ppb,,,OpenAQ
kanpur_industrial,234568,"FTI Kidwai Nagar, Kanpur - UPPCB",co,2025-10-19,0.744,ppb,,,OpenAQ
kanpur_industrial,234568,"FTI Kidwai Nagar, Kanpur - UPPCB",co,2025-10-20,0.697,ppb,,,OpenAQ
kanpur_industrial,234568,"FTI Kidwai Nagar, Kanpur - UPPCB",co,2025-10-21,0.827,ppb,,,OpenAQ
kanpur_industrial,234568,"FTI Kidwai Nagar, Kanpur - UPPCB",co,2025-10-22,0.806,ppb,,,OpenAQ
kanpur_industrial,234568,"FTI Kidwai Nagar, Kanpur - UPPCB",co,2025-10-23,0.825,ppb,,,OpenAQ
kanpur_industrial,234568,"FTI Kidwai Nagar, Kanpur - UPPCB",co,2025-10-24,0.845,ppb,,,OpenAQ
kanpur_industrial,234568,"FTI Kidwai Nagar, Kanpur - UPPCB",co,2025-10-25,0.78,ppb,,,OpenAQ
kanpur_industrial,234568,"FTI Kidwai Nagar, Kanpur - UPPCB",co,2025-10-27,0.801,ppb,,,OpenAQ
kanpur_industrial,234568,"FTI Kidwai Nagar, Kanpur - UPPCB",co,2025-10-28,0.708,ppb,,,OpenAQ
kanpur_industrial,234568,"FTI Kidwai Nagar, Kanpur - UPPCB",co,2025-10-29,0.682,ppb,,,OpenAQ
kanpur_industrial,234568,"FTI Kidwai Nagar, Kanpur - UPPCB",co,2025-10-30,0.681,ppb,,,OpenAQ
kanpur_industrial,234568,"FTI Kidwai Nagar, Kanpur - UPPCB",co,2025-10-31,0.676,ppb,,,OpenAQ
kanpur_industrial,234568,"FTI Kidwai Nagar, Kanpur - UPPCB",co,2025-11-01,0.719,ppb,,,OpenAQ
kanpur_industrial,234568,"FTI Kidwai Nagar, Kanpur - UPPCB",co,2025-11-02,0.743,ppb,,,OpenAQ
kanpur_industrial,234568,"FTI Kidwai Nagar, Kanpur - UPPCB",co,2025-11-03,0.788,ppb,,,OpenAQ
kanpur_industrial,234568,"FTI Kidwai Nagar, Kanpur - UPPCB",co,2025-11-04,0.876,ppb,,,OpenAQ
kanpur_industrial,234568,"FTI Kidwai Nagar, Kanpur - UPPCB",co,2025-11-05,0.843,ppb,,,OpenAQ
kanpur_industrial,234568,"FTI Kidwai Nagar, Kanpur - UPPCB",co,2025-11-06,0.794,ppb,,,OpenAQ
kanpur_industrial,234568,"FTI Kidwai Nagar, Kanpur - UPPCB",co,2025-11-07,0.804,ppb,,,OpenAQ
kanpur_industrial,234568,"FTI Kidwai Nagar, Kanpur - UPPCB",co,2025-11-08,0.855,ppb,,,OpenAQ
kanpur_industrial,234568,"FTI Kidwai Nagar, Kanpur - UPPCB",co,2025-11-09,0.879,ppb,,,OpenAQ
kanpur_industrial,234568,"FTI Kidwai Nagar, Kanpur - UPPCB",co,2025-11-10,1.01,ppb,,,OpenAQ
kanpur_industrial,234568,"FTI Kidwai Nagar, Kanpur - UPPCB",co,2025-11-11,0.987,ppb,,,OpenAQ
kanpur_industrial,234568,"FTI Kidwai Nagar, Kanpur - UPPCB",co,2025-11-12,0.943,ppb,,,OpenAQ
kanpur_industrial,234568,"FTI Kidwai Nagar, Kanpur - UPPCB",co,2025-11-13,0.972,ppb,,,OpenAQ
kanpur_industrial,234568,"FTI Kidwai Nagar, Kanpur - UPPCB",co,2025-11-14,1.06,ppb,,,OpenAQ
kanpur_industrial,234568,"FTI Kidwai Nagar, Kanpur - UPPCB",co,2025-11-15,1.12,ppb,,,OpenAQ
kanpur_industrial,234568,"FTI Kidwai Nagar, Kanpur - UPPCB",no2,2025-10-15,18.0,ppb,,,OpenAQ
kanpur_industrial,234568,"FTI Kidwai Nagar, Kanpur - UPPCB",no2,2025-10-16,18.0,ppb,,,OpenAQ
kanpur_industrial,234568,"FTI Kidwai Nagar, Kanpur - UPPCB",no2,2025-10-17,18.0,ppb,,,OpenAQ
kanpur_industrial,234568,"FTI Kidwai Nagar, Kanpur - UPPCB",no2,2025-10-18,17.9,ppb,,,OpenAQ
kanpur_industrial,234568,"FTI Kidwai Nagar, Kanpur - UPPCB",no2,2025-10-19,17.9,ppb,,,OpenAQ
kanpur_industrial,234568,"FTI Kidwai Nagar, Kanpur - UPPCB",no2,2025-10-20,18.6,ppb,,,OpenAQ
kanpur_industrial,234568,"FTI Kidwai Nagar, Kanpur - UPPCB",no2,2025-10-21,23.9,ppb,,,OpenAQ
kanpur_industrial,234568,"FTI Kidwai Nagar, Kanpur - UPPCB",no2,2025-10-22,21.5,ppb,,,OpenAQ
kanpur_industrial,234568,"FTI Kidwai Nagar, Kanpur - UPPCB",no2,2025-10-23,19.9,ppb,,,OpenAQ
kanpur_industrial,234568,"FTI Kidwai Nagar, Kanpur - UPPCB",no2,2025-10-24,19.9,ppb,,,OpenAQ
kanpur_industrial,234568,"FTI Kidwai Nagar, Kanpur - UPPCB",no2,2025-10-25,20.0,ppb,,,OpenAQ
kanpur_industrial,234568,"FTI Kidwai Nagar, Kanpur - UPPCB",no2,2025-10-27,20.0,ppb,,,OpenAQ
kanpur_industrial,234568,"FTI Kidwai Nagar, Kanpur - UPPCB",no2,2025-10-28,20.0,ppb,,,OpenAQ
kanpur_industrial,234568,"FTI Kidwai Nagar, Kanpur - UPPCB",no2,2025-10-29,20.0,ppb,,,OpenAQ
kanpur_industrial,234568,"FTI Kidwai Nagar, Kanpur - UPPCB",no2,2025-10-30,20.0,ppb,,,OpenAQ
kanpur_industrial,234568,"FTI Kidwai Nagar, Kanpur - UPPCB",no2,2025-10-31,19.9,ppb,,,OpenAQ
kanpur_industrial,234568,"FTI Kidwai Nagar, Kanpur - UPPCB",no2,2025-11-01,19.9,ppb,,,OpenAQ
kanpur_industrial,234568,"FTI Kidwai Nagar, Kanpur - UPPCB",no2,2025-11-02,19.9,ppb,,,OpenAQ
kanpur_industrial,234568,"FTI Kidwai Nagar, Kanpur - UPPCB",no2,2025-11-03,19.9,ppb,,,OpenAQ
kanpur_industrial,234568,"FTI Kidwai Nagar, Kanpur - UPPCB",no2,2025-11-04,19.9,ppb,,,OpenAQ
kanpur_industrial,234568,"FTI Kidwai Nagar, Kanpur - UPPCB",no2,2025-11-05,20.0,ppb,,,OpenAQ
kanpur_industrial,234568,"FTI Kidwai Nagar, Kanpur - UPPCB",no2,2025-11-06,19.9,ppb,,,OpenAQ
kanpur_industrial,234568,"FTI Kidwai Nagar, Kanpur - UPPCB",no2,2025-11-07,20.0,ppb,,,OpenAQ
kanpur_industrial,234568,"FTI Kidwai Nagar, Kanpur - UPPCB",no2,2025-11-08,19.9,ppb,,,OpenAQ
kanpur_industrial,234568,"FTI Kidwai Nagar, Kanpur - UPPCB",no2,2025-11-09,19.9,ppb,,,OpenAQ
kanpur_industrial,234568,"FTI Kidwai Nagar, Kanpur - UPPCB",no2,2025-11-10,20.0,ppb,,,OpenAQ
kanpur_industrial,234568,"FTI Kidwai Nagar, Kanpur - UPPCB",no2,2025-11-11,19.9,ppb,,,OpenAQ
kanpur_industrial,234568,"FTI Kidwai Nagar, Kanpur - UPPCB",no2,2025-11-12,19.9,ppb,,,OpenAQ
kanpur_industrial,234568,"FTI Kidwai Nagar, Kanpur - UPPCB",no2,2025-11-13,20.0,ppb,,,OpenAQ
kanpur_industrial,234568,"FTI Kidwai Nagar, Kanpur - UPPCB",no2,2025-11-14,19.9,ppb,,,OpenAQ
kanpur_industrial,234568,"FTI Kidwai Nagar, Kanpur - UPPCB",no2,2025-11-15,20.0,ppb,,,OpenAQ
kanpur_industrial,234568,"FTI Kidwai Nagar, Kanpur - UPPCB",pm25,2025-10-15,63.5,µg/m³,,,OpenAQ
kanpur_industrial,234568,"FTI Kidwai Nagar, Kanpur - UPPCB",pm25,2025-10-16,64.9,µg/m³,,,OpenAQ
kanpur_industrial,234568,"FTI Kidwai Nagar, Kanpur - UPPCB",pm25,2025-10-17,78.1,µg/m³,,,OpenAQ
kanpur_industrial,234568,"FTI Kidwai Nagar, Kanpur - UPPCB",pm25,2025-10-18,80.3,µg/m³,,,OpenAQ
kanpur_industrial,234568,"FTI Kidwai Nagar, Kanpur - UPPCB",pm25,2025-10-19,76.6,µg/m³,,,OpenAQ
kanpur_industrial,234568,"FTI Kidwai Nagar, Kanpur - UPPCB",pm25,2025-10-20,83.4,µg/m³,,,OpenAQ
kanpur_industrial,234568,"FTI Kidwai Nagar, Kanpur - UPPCB",pm25,2025-10-21,167.0,µg/m³,,,OpenAQ
kanpur_industrial,234568,"FTI Kidwai Nagar, Kanpur - UPPCB",pm25,2025-10-22,125.0,µg/m³,,,OpenAQ
kanpur_industrial,234568,"FTI Kidwai Nagar, Kanpur - UPPCB",pm25,2025-10-23,120.0,µg/m³,,,OpenAQ
kanpur_industrial,234568,"FTI Kidwai Nagar, Kanpur - UPPCB",pm25,2025-10-24,76.8,µg/m³,,,OpenAQ
kanpur_industrial,234568,"FTI Kidwai Nagar, Kanpur - UPPCB",pm25,2025-10-25,56.0,µg/m³,,,OpenAQ
kanpur_industrial,234568,"FTI Kidwai Nagar, Kanpur - UPPCB",pm25,2025-10-27,77.9,µg/m³,,,OpenAQ
kanpur_industrial,234568,"FTI Kidwai Nagar, Kanpur - UPPCB",pm25,2025-10-28,38.1,µg/m³,,,OpenAQ
kanpur_industrial,234568,"FTI Kidwai Nagar, Kanpur - UPPCB",pm25,2025-10-29,27.8,µg/m³,,,OpenAQ
kanpur_industrial,234568,"FTI Kidwai Nagar, Kanpur - UPPCB",pm25,2025-10-30,23.7,µg/m³,,,OpenAQ
kanpur_industrial,234568,"FTI Kidwai Nagar, Kanpur - UPPCB",pm25,2025-10-31,10.8,µg/m³,,,OpenAQ
kanpur_industrial,234568,"FTI Kidwai Nagar, Kanpur - UPPCB",pm25,2025-11-01,51.0,µg/m³,,,OpenAQ
kanpur_industrial,234568,"FTI Kidwai Nagar, Kanpur - UPPCB",pm25,2025-11-02,92.4,µg/m³,,,OpenAQ
kanpur_industrial,234568,"FTI Kidwai Nagar, Kanpur - UPPCB",pm25,2025-11-03,89.5,µg/m³,,,OpenAQ
kanpur_industrial,234568,"FTI Kidwai Nagar, Kanpur - UPPCB",pm25,2025-11-04,50.7,µg/m³,,,OpenAQ
kanpur_industrial,234568,"FTI Kidwai Nagar, Kanpur - UPPCB",pm25,2025-11-05,94.4,µg/m³,,,OpenAQ
kanpur_industrial,234568,"FTI Kidwai Nagar, Kanpur - UPPCB",pm25,2025-11-06,67.4,µg/m³,,,OpenAQ
kanpur_industrial,234568,"FTI Kidwai Nagar, Kanpur - UPPCB",pm25,2025-11-07,74.1,µg/m³,,,OpenAQ
kanpur_industrial,234568,"FTI Kidwai Nagar, Kanpur - UPPCB",pm25,2025-11-08,106.0,µg/m³,,,OpenAQ
kanpur_industrial,234568,"FTI Kidwai Nagar, Kanpur - UPPCB",pm25,2025-11-09,61.6,µg/m³,,,OpenAQ
kanpur_industrial,234568,"FTI Kidwai Nagar, Kanpur - UPPCB",pm25,2025-11-10,90.9,µg/m³,,,OpenAQ
kanpur_industrial,234568,"FTI Kidwai Nagar, Kanpur - UPPCB",pm25,2025-11-11,91.0,µg/m³,,,OpenAQ
kanpur_industrial,234568,"FTI Kidwai Nagar, Kanpur - UPPCB",pm25,2025-11-12,70.1,µg/m³,,,OpenAQ
kanpur_industrial,234568,"FTI Kidwai Nagar, Kanpur - UPPCB",pm25,2025-11-13,82.2,µg/m³,,,OpenAQ
kanpur_industrial,234568,"FTI Kidwai Nagar, Kanpur - UPPCB",pm25,2025-11-14,76.1,µg/m³,,,OpenAQ
kanpur_industrial,234568,"FTI Kidwai Nagar, Kanpur - UPPCB",pm25,2025-11-15,78.9,µg/m³,,,OpenAQ
kanpur_industrial,234568,"FTI Kidwai Nagar, Kanpur - UPPCB",so2,2025-10-15,19.5,ppb,,,OpenAQ
kanpur_industrial,234568,"FTI Kidwai Nagar, Kanpur - UPPCB",so2,2025-10-16,18.9,ppb,,,OpenAQ
kanpur_industrial,234568,"FTI Kidwai Nagar, Kanpur - UPPCB",so2,2025-10-17,17.9,ppb,,,OpenAQ
kanpur_industrial,234568,"FTI Kidwai Nagar, Kanpur - UPPCB",so2,2025-10-18,18.4,ppb,,,OpenAQ
kanpur_industrial,234568,"FTI Kidwai Nagar, Kanpur - UPPCB",so2,2025-10-19,19.8,ppb,,,OpenAQ
kanpur_industrial,234568,"FTI Kidwai Nagar, Kanpur - UPPCB",so2,2025-10-20,20.9,ppb,,,OpenAQ
kanpur_industrial,234568,"FTI Kidwai Nagar, Kanpur - UPPCB",so2,2025-10-21,23.9,ppb,,,OpenAQ
kanpur_industrial,234568,"FTI Kidwai Nagar, Kanpur - UPPCB",so2,2025-10-22,21.6,ppb,,,OpenAQ
kanpur_industrial,234568,"FTI Kidwai Nagar, Kanpur - UPPCB",so2,2025-10-23,20.0,ppb,,,OpenAQ
kanpur_industrial,234568,"FTI Kidwai Nagar, Kanpur - UPPCB",so2,2025-10-24,20.1,ppb,,,OpenAQ
kanpur_industrial,234568,"FTI Kidwai Nagar, Kanpur - UPPCB",so2,2025-10-25,20.0,ppb,,,OpenAQ
kanpur_industrial,234568,"FTI Kidwai Nagar, Kanpur - UPPCB",so2,2025-10-27,21.6,ppb,,,OpenAQ
kanpur_industrial,234568,"FTI Kidwai Nagar, Kanpur - UPPCB",so2,2025-10-28,24.3,ppb,,,OpenAQ
kanpur_industrial,234568,"FTI Kidwai Nagar, Kanpur - UPPCB",so2,2025-10-29,22.8,ppb,,,OpenAQ
kanpur_industrial,234568,"FTI Kidwai Nagar, Kanpur - UPPCB",so2,2025-10-30,26.1,ppb,,,OpenAQ
kanpur_industrial,234568,"FTI Kidwai Nagar, Kanpur - UPPCB",so2,2025-10-31,26.2,ppb,,,OpenAQ
kanpur_industrial,234568,"FTI Kidwai Nagar, Kanpur - UPPCB",so2,2025-11-01,24.4,ppb,,,OpenAQ
kanpur_industrial,234568,"FTI Kidwai Nagar, Kanpur - UPPCB",so2,2025-11-02,25.4,ppb,,,OpenAQ
kanpur_industrial,234568,"FTI Kidwai Nagar, Kanpur - UPPCB",so2,2025-11-03,26.9,ppb,,,OpenAQ
kanpur_industrial,234568,"FTI Kidwai Nagar, Kanpur - UPPCB",so2,2025-11-04,20.0,ppb,,,OpenAQ
kanpur_industrial,234568,"FTI Kidwai Nagar, Kanpur - UPPCB",so2,2025-11-05,20.6,ppb,,,OpenAQ
kanpur_industrial,234568,"FTI Kidwai Nagar, Kanpur - UPPCB",so2,2025-11-06,21.9,ppb,,,OpenAQ
kanpur_industrial,234568,"FTI Kidwai Nagar, Kanpur - UPPCB",so2,2025-11-07,20.7,ppb,,,OpenAQ
kanpur_industrial,234568,"FTI Kidwai Nagar, Kanpur - UPPCB",so2,2025-11-08,20.3,ppb,,,OpenAQ
kanpur_industrial,234568,"FTI Kidwai Nagar, Kanpur - UPPCB",so2,2025-11-09,20.0,ppb,,,OpenAQ
kanpur_industrial,234568,"FTI Kidwai Nagar, Kanpur - UPPCB",so2,2025-11-10,19.7,ppb,,,OpenAQ
kanpur_industrial,234568,"FTI Kidwai Nagar, Kanpur - UPPCB",so2,2025-11-11,20.8,ppb,,,OpenAQ
kanpur_industrial,234568,"FTI Kidwai Nagar, Kanpur - UPPCB",so2,2025-11-12,20.1,ppb,,,OpenAQ
kanpur_industrial,234568,"FTI Kidwai Nagar, Kanpur - UPPCB",so2,2025-11-13,19.8,ppb,,,OpenAQ
kanpur_industrial,234568,"FTI Kidwai Nagar, Kanpur - UPPCB",so2,2025-11-14,22.3,ppb,,,OpenAQ
kanpur_industrial,234568,"FTI Kidwai Nagar, Kanpur - UPPCB",so2,2025-11-15,24.9,ppb,,,OpenAQ
kanpur_industrial,234568,"FTI Kidwai Nagar, Kanpur - UPPCB",o3,2025-10-15,21.6,µg/m³,,,OpenAQ
kanpur_industrial,234568,"FTI Kidwai Nagar, Kanpur - UPPCB",o3,2025-10-16,21.3,µg/m³,,,OpenAQ
kanpur_industrial,234568,"FTI Kidwai Nagar, Kanpur - UPPCB",o3,2025-10-17,21.3,µg/m³,,,OpenAQ
kanpur_industrial,234568,"FTI Kidwai Nagar, Kanpur - UPPCB",o3,2025-10-18,21.3,µg/m³,,,OpenAQ
kanpur_industrial,234568,"FTI Kidwai Nagar, Kanpur - UPPCB",o3,2025-10-19,21.0,µg/m³,,,OpenAQ
kanpur_industrial,234568,"FTI Kidwai Nagar, Kanpur - UPPCB",o3,2025-10-20,21.0,µg/m³,,,OpenAQ
kanpur_industrial,234568,"FTI Kidwai Nagar, Kanpur - UPPCB",o3,2025-10-21,21.1,µg/m³,,,OpenAQ
kanpur_industrial,234568,"FTI Kidwai Nagar, Kanpur - UPPCB",o3,2025-10-22,20.6,µg/m³,,,OpenAQ
kanpur_industrial,234568,"FTI Kidwai Nagar, Kanpur - UPPCB",o3,2025-10-23,21.0,µg/m³,,,OpenAQ
kanpur_industrial,234568,"FTI Kidwai Nagar, Kanpur - UPPCB",o3,2025-10-24,21.1,µg/m³,,,OpenAQ
kanpur_industrial,234568,"FTI Kidwai Nagar, Kanpur - UPPCB",o3,2025-10-25,21.0,µg/m³,,,OpenAQ
kanpur_industrial,234568,"FTI Kidwai Nagar, Kanpur - UPPCB",o3,2025-10-27,22.4,µg/m³,,,OpenAQ
kanpur_industrial,234568,"FTI Kidwai Nagar, Kanpur - UPPCB",o3,2025-10-28,22.0,µg/m³,,,OpenAQ
kanpur_industrial,234568,"FTI Kidwai Nagar, Kanpur - UPPCB",o3,2025-10-29,21.9,µg/m³,,,OpenAQ
kanpur_industrial,234568,"FTI Kidwai Nagar, Kanpur - UPPCB",o3,2025-10-30,21.6,µg/m³,,,OpenAQ
kanpur_industrial,234568,"FTI Kidwai Nagar, Kanpur - UPPCB",o3,2025-10-31,21.4,µg/m³,,,OpenAQ
kanpur_industrial,234568,"FTI Kidwai Nagar, Kanpur - UPPCB",o3,2025-11-01,21.8,µg/m³,,,OpenAQ
kanpur_industrial,234568,"FTI Kidwai Nagar, Kanpur - UPPCB",o3,2025-11-02,21.6,µg/m³,,,OpenAQ
kanpur_industrial,234568,"FTI Kidwai Nagar, Kanpur - UPPCB",o3,2025-11-03,21.5,µg/m³,,,OpenAQ
kanpur_industrial,234568,"FTI Kidwai Nagar, Kanpur - UPPCB",o3,2025-11-04,22.7,µg/m³,,,OpenAQ
kanpur_industrial,234568,"FTI Kidwai Nagar, Kanpur - UPPCB",o3,2025-11-05,22.1,µg/m³,,,OpenAQ
kanpur_industrial,234568,"FTI Kidwai Nagar, Kanpur - UPPCB",o3,2025-11-06,21.5,µg/m³,,,OpenAQ
kanpur_industrial,234568,"FTI Kidwai Nagar, Kanpur - UPPCB",o3,2025-11-07,21.7,µg/m³,,,OpenAQ
kanpur_industrial,234568,"FTI Kidwai Nagar, Kanpur - UPPCB",o3,2025-11-08,21.6,µg/m³,,,OpenAQ
kanpur_industrial,234568,"FTI Kidwai Nagar, Kanpur - UPPCB",o3,2025-11-09,21.5,µg/m³,,,OpenAQ
kanpur_industrial,234568,"FTI Kidwai Nagar, Kanpur - UPPCB",o3,2025-11-10,21.4,µg/m³,,,OpenAQ
kanpur_industrial,234568,"FTI Kidwai Nagar, Kanpur - UPPCB",o3,2025-11-11,20.9,µg/m³,,,OpenAQ
kanpur_industrial,234568,"FTI Kidwai Nagar, Kanpur - UPPCB",o3,2025-11-12,21.7,µg/m³,,,OpenAQ
kanpur_industrial,234568,"FTI Kidwai Nagar, Kanpur - UPPCB",o3,2025-11-13,22.2,µg/m³,,,OpenAQ
kanpur_industrial,234568,"FTI Kidwai Nagar, Kanpur - UPPCB",o3,2025-11-14,21.8,µg/m³,,,OpenAQ
kanpur_industrial,234568,"FTI Kidwai Nagar, Kanpur - UPPCB",o3,2025-11-15,21.7,µg/m³,,,OpenAQ
kanpur_industrial,234568,"FTI Kidwai Nagar, Kanpur - UPPCB",pm10,2025-10-15,144.0,µg/m³,,,OpenAQ
kanpur_industrial,234568,"FTI Kidwai Nagar, Kanpur - UPPCB",pm10,2025-10-16,146.0,µg/m³,,,OpenAQ
kanpur_industrial,234568,"FTI Kidwai Nagar, Kanpur - UPPCB",pm10,2025-10-17,178.0,µg/m³,,,OpenAQ
kanpur_industrial,234568,"FTI Kidwai Nagar, Kanpur - UPPCB",pm10,2025-10-18,181.0,µg/m³,,,OpenAQ
kanpur_industrial,234568,"FTI Kidwai Nagar, Kanpur - UPPCB",pm10,2025-10-19,140.0,µg/m³,,,OpenAQ
kanpur_industrial,234568,"FTI Kidwai Nagar, Kanpur - UPPCB",pm10,2025-10-20,205.0,µg/m³,,,OpenAQ
kanpur_industrial,234568,"FTI Kidwai Nagar, Kanpur - UPPCB",pm10,2025-10-21,246.0,µg/m³,,,OpenAQ
kanpur_industrial,234568,"FTI Kidwai Nagar, Kanpur - UPPCB",pm10,2025-10-22,194.0,µg/m³,,,OpenAQ
kanpur_industrial,234568,"FTI Kidwai Nagar, Kanpur - UPPCB",pm10,2025-10-23,207.0,µg/m³,,,OpenAQ
kanpur_industrial,234568,"FTI Kidwai Nagar, Kanpur - UPPCB",pm10,2025-10-24,165.0,µg/m³,,,OpenAQ
kanpur_industrial,234568,"FTI Kidwai Nagar, Kanpur - UPPCB",pm10,2025-10-25,124.0,µg/m³,,,OpenAQ
kanpur_industrial,234568,"FTI Kidwai Nagar, Kanpur - UPPCB",pm10,2025-10-27,135.0,µg/m³,,,OpenAQ
kanpur_industrial,234568,"FTI Kidwai Nagar, Kanpur - UPPCB",pm10,2025-10-28,66.7,µg/m³,,,OpenAQ
kanpur_industrial,234568,"FTI Kidwai Nagar, Kanpur - UPPCB",pm10,2025-10-29,54.9,µg/m³,,,OpenAQ
kanpur_industrial,234568,"FTI Kidwai Nagar, Kanpur - UPPCB",pm10,2025-10-30,38.3,µg/m³,,,OpenAQ
kanpur_industrial,234568,"FTI Kidwai Nagar, Kanpur - UPPCB",pm10,2025-10-31,27.2,µg/m³,,,OpenAQ
kanpur_industrial,234568,"FTI Kidwai Nagar, Kanpur - UPPCB",pm10,2025-11-01,88.3,µg/m³,,,OpenAQ
kanpur_industrial,234568,"FTI Kidwai Nagar, Kanpur - UPPCB",pm10,2025-11-02,139.0,µg/m³,,,OpenAQ
kanpur_industrial,234568,"FTI Kidwai Nagar, Kanpur - UPPCB",pm10,2025-11-03,155.0,µg/m³,,,OpenAQ
kanpur_industrial,234568,"FTI Kidwai Nagar, Kanpur - UPPCB",pm10,2025-11-04,142.0,µg/m³,,,OpenAQ
kanpur_industrial,234568,"FTI Kidwai Nagar, Kanpur - UPPCB",pm10,2025-11-05,189.0,µg/m³,,,OpenAQ
kanpur_industrial,234568,"FTI Kidwai Nagar, Kanpur - UPPCB",pm10,2025-11-06,154.0,µg/m³,,,OpenAQ
kanpur_industrial,234568,"FTI Kidwai Nagar, Kanpur - UPPCB",pm10,2025-11-07,172.0,µg/m³,,,OpenAQ
kanpur_industrial,234568,"FTI Kidwai Nagar, Kanpur - UPPCB",pm10,2025-11-08,214.0,µg/m³,,,OpenAQ
kanpur_industrial,234568,"FTI Kidwai Nagar, Kanpur - UPPCB",pm10,2025-11-09,137.0,µg/m³,,,OpenAQ
kanpur_industrial,234568,"FTI Kidwai Nagar, Kanpur - UPPCB",pm10,2025-11-10,187.0,µg/m³,,,OpenAQ
kanpur_industrial,234568,"FTI Kidwai Nagar, Kanpur - UPPCB",pm10,2025-11-11,181.0,µg/m³,,,OpenAQ
kanpur_industrial,234568,"FTI Kidwai Nagar, Kanpur - UPPCB",pm10,2025-11-12,156.0,µg/m³,,,OpenAQ
kanpur_industrial,234568,"FTI Kidwai Nagar, Kanpur - UPPCB",pm10,2025-11-13,183.0,µg/m³,,,OpenAQ
kanpur_industrial,234568,"FTI Kidwai Nagar, Kanpur - UPPCB",pm10,2025-11-14,167.0,µg/m³,,,OpenAQ
kanpur_industrial,234568,"FTI Kidwai Nagar, Kanpur - UPPCB",pm10,2025-11-15,178.0,µg/m³,,,OpenAQ
