region_id,station_id,station_name,parameter,date,value,unit,lat,lon,source
delhi_ncr,5613,"ITO, New Delhi - CPCB",pm25,2026-07-17,45.3,µg/m³,,,OpenAQ
delhi_ncr,5613,"ITO, New Delhi - CPCB",pm25,2026-07-18,42.8,µg/m³,,,OpenAQ
delhi_ncr,5613,"ITO, New Delhi - CPCB",pm25,2026-07-19,49.3,µg/m³,,,OpenAQ
delhi_ncr,5613,"ITO, New Delhi - CPCB",pm25,2026-07-20,45.4,µg/m³,,,OpenAQ
delhi_ncr,5613,"ITO, New Delhi - CPCB",pm25,2026-07-21,28.0,µg/m³,,,OpenAQ
delhi_ncr,5613,"ITO, New Delhi - CPCB",pm25,2026-07-22,28.1,µg/m³,,,OpenAQ
delhi_ncr,5613,"ITO, New Delhi - CPCB",pm25,2026-07-23,23.7,µg/m³,,,OpenAQ
delhi_ncr,5613,"ITO, New Delhi - CPCB",pm25,2026-07-24,29.7,µg/m³,,,OpenAQ
delhi_ncr,5613,"ITO, New Delhi - CPCB",pm25,2026-07-25,30.6,µg/m³,,,OpenAQ
delhi_ncr,5613,"ITO, New Delhi - CPCB",pm25,2026-07-26,35.0,µg/m³,,,OpenAQ
delhi_ncr,5613,"ITO, New Delhi - CPCB",pm25,2026-07-27,34.5,µg/m³,,,OpenAQ
delhi_ncr,5613,"ITO, New Delhi - CPCB",pm25,2026-07-28,30.0,µg/m³,,,OpenAQ
delhi_ncr,5613,"ITO, New Delhi - CPCB",pm25,2026-07-29,50.3,µg/m³,,,OpenAQ
delhi_ncr,5613,"ITO, New Delhi - CPCB",pm25,2026-07-30,47.2,µg/m³,,,OpenAQ
delhi_ncr,5613,"ITO, New Delhi - CPCB",pm25,2026-07-31,23.5,µg/m³,,,OpenAQ
delhi_ncr,5613,"ITO, New Delhi - CPCB",pm25,2026-08-01,36.7,µg/m³,,,OpenAQ
delhi_ncr,5613,"ITO, New Delhi - CPCB",pm25,2026-08-02,33.4,µg/m³,,,OpenAQ
delhi_ncr,5613,"ITO, New Delhi - CPCB",pm25,2026-08-03,30.5,µg/m³,,,OpenAQ
delhi_ncr,5613,"ITO, New Delhi - CPCB",pm25,2026-08-04,19.8,µg/m³,,,OpenAQ
delhi_ncr,5613,"ITO, New Delhi - CPCB",pm25,2026-08-05,41.2,µg/m³,,,OpenAQ
delhi_ncr,5613,"ITO, New Delhi - CPCB",pm25,2026-08-06,26.2,µg/m³,,,OpenAQ
delhi_ncr,5613,"ITO, New Delhi - CPCB",pm25,2026-08-07,27.1,µg/m³,,,OpenAQ
delhi_ncr,5613,"ITO, New Delhi - CPCB",pm25,2026-08-08,31.2,µg/m³,,,OpenAQ
delhi_ncr,5613,"ITO, New Delhi - CPCB",pm25,2026-08-09,37.6,µg/m³,,,OpenAQ
delhi_ncr,5613,"ITO, New Delhi - CPCB",pm25,2026-08-10,39.2,µg/m³,,,OpenAQ
delhi_ncr,5613,"ITO, New Delhi - CPCB",pm25,2026-08-11,38.6,µg/m³,,,OpenAQ
delhi_ncr,5613,"ITO, New Delhi - CPCB",pm25,2026-08-12,43.5,µg/m³,,,OpenAQ
delhi_ncr,5613,"ITO, New Delhi - CPCB",pm25,2026-08-13,35.6,µg/m³,,,OpenAQ
delhi_ncr,5613,"ITO, New Delhi - CPCB",pm25,2026-08-14,34.9,µg/m³,,,OpenAQ
delhi_ncr,5613,"ITO, New Delhi - CPCB",pm25,2026-08-15,37.0,µg/m³,,,OpenAQ
delhi_ncr,5613,"ITO, New Delhi - CPCB",co,2026-07-17,1.17,ppb,,,OpenAQ
delhi_ncr,5613,"ITO, New Delhi - CPCB",co,2026-07-18,1.12,ppb,,,OpenAQ
delhi_ncr,5613,"ITO, New Delhi - CPCB",co,2026-07-19,1.06,ppb,,,OpenAQ
delhi_ncr,5613,"ITO, New Delhi - CPCB",co,2026-07-20,1.12,ppb,,,OpenAQ
delhi_ncr,5613,"ITO, New Delhi - CPCB",co,2026-07-21,1.08,ppb,,,OpenAQ
delhi_ncr,5613,"ITO, New Delhi - CPCB",co,2026-07-22,1.08,ppb,,,OpenAQ
delhi_ncr,5613,"ITO, New Delhi - CPCB",co,2026-07-23,0.875,ppb,,,OpenAQ
delhi_ncr,5613,"ITO, New Delhi - CPCB",co,2026-07-24,0.852,ppb,,,OpenAQ
delhi_ncr,5613,"ITO, New Delhi - CPCB",co,2026-07-25,0.869,ppb,,,OpenAQ
delhi_ncr,5613,"ITO, New Delhi - CPCB",co,2026-07-26,0.868,ppb,,,OpenAQ
delhi_ncr,5613,"ITO, New Delhi - CPCB",co,2026-07-27,1.04,ppb,,,OpenAQ
delhi_ncr,5613,"ITO, New Delhi - CPCB",co,2026-07-28,1.04,ppb,,,OpenAQ
delhi_ncr,5613,"ITO, New Delhi - CPCB",co,2026-07-29,1.19,ppb,,,OpenAQ
delhi_ncr,5613,"ITO, New Delhi - CPCB",co,2026-07-30,1.01,ppb,,,OpenAQ
delhi_ncr,5613,"ITO, New Delhi - CPCB",co,2026-07-31,0.911,ppb,,,OpenAQ
delhi_ncr,5613,"ITO, New Delhi - CPCB",co,2026-08-01,0.951,ppb,,,OpenAQ
delhi_ncr,5613,"ITO, New Delhi - CPCB",co,2026-08-02,0.936,ppb,,,OpenAQ
delhi_ncr,5613,"ITO, New Delhi - CPCB",co,2026-08-03,0.972,ppb,,,OpenAQ
delhi_ncr,5613,"ITO, New Delhi - CPCB",co,2026-08-04,1.04,ppb,,,OpenAQ
delhi_ncr,5613,"ITO, New Delhi - CPCB",co,2026-08-05,1.13,ppb,,,OpenAQ
delhi_ncr,5613,"ITO, New Delhi - CPCB",co,2026-08-06,1.02,ppb,,,OpenAQ
delhi_ncr,5613,"ITO, New Delhi - CPCB",co,2026-08-07,1.06,ppb,,,OpenAQ
delhi_ncr,5613,"ITO, New Delhi - CPCB",co,2026-08-08,1.37,ppb,,,OpenAQ
delhi_ncr,5613,"ITO, New Delhi - CPCB",co,2026-08-09,1.26,ppb,,,OpenAQ
delhi_ncr,5613,"ITO, New Delhi - CPCB",co,2026-08-10,1.3,ppb,,,OpenAQ
delhi_ncr,5613,"ITO, New Delhi - CPCB",co,2026-08-11,1.1,ppb,,,OpenAQ
delhi_ncr,5613,"ITO, New Delhi - CPCB",co,2026-08-12,1.18,ppb,,,OpenAQ
delhi_ncr,5613,"ITO, New Delhi - CPCB",co,2026-08-13,1.3,ppb,,,OpenAQ
delhi_ncr,5613,"ITO, New Delhi - CPCB",co,2026-08-14,1.26,ppb,,,OpenAQ
delhi_ncr,5613,"ITO, New Delhi - CPCB",co,2026-08-15,1.1,ppb,,,OpenAQ
delhi_ncr,5613,"ITO, New Delhi - CPCB",o3,2026-07-17,35.3,µg/m³,,,OpenAQ
delhi_ncr,5613,"ITO, New Delhi - CPCB",o3,2026-07-18,41.7,µg/m³,,,OpenAQ
delhi_ncr,5613,"ITO, New Delhi - CPCB",o3,2026-07-19,42.5,µg/m³,,,OpenAQ
delhi_ncr,5613,"ITO, New Delhi - CPCB",o3,2026-07-20,45.2,µg/m³,,,OpenAQ
delhi_ncr,5613,"ITO, New Delhi - CPCB",o3,2026-07-21,37.9,µg/m³,,,OpenAQ
delhi_ncr,5613,"ITO, New Delhi - CPCB",o3,2026-07-22,23.7,µg/m³,,,OpenAQ
delhi_ncr,5613,"ITO, New Delhi - CPCB",o3,2026-07-23,16.3,µg/m³,,,OpenAQ
delhi_ncr,5613,"ITO, New Delhi - CPCB",o3,2026-07-24,16.1,µg/m³,,,OpenAQ
delhi_ncr,5613,"ITO, New Delhi - CPCB",o3,2026-07-25,16.6,µg/m³,,,OpenAQ
delhi_ncr,5613,"ITO, New Delhi - CPCB",o3,2026-07-26,15.9,µg/m³,,,OpenAQ
delhi_ncr,5613,"ITO, New Delhi - CPCB",o3,2026-07-27,18.3,µg/m³,,,OpenAQ
delhi_ncr,5613,"ITO, New Delhi - CPCB",o3,2026-07-28,27.3,µg/m³,,,OpenAQ
delhi_ncr,5613,"ITO, New Delhi - CPCB",o3,2026-07-29,18.6,µg/m³,,,OpenAQ
delhi_ncr,5613,"ITO, New Delhi - CPCB",o3,2026-07-30,16.8,µg/m³,,,OpenAQ
delhi_ncr,5613,"ITO, New Delhi - CPCB",o3,2026-07-31,15.7,µg/m³,,,OpenAQ
delhi_ncr,5613,"ITO, New Delhi - CPCB",o3,2026-08-01,16.8,µg/m³,,,OpenAQ
delhi_ncr,5613,"ITO, New Delhi - CPCB",o3,2026-08-02,18.4,µg/m³,,,OpenAQ
delhi_ncr,5613,"ITO, New Delhi - CPCB",o3,2026-08-03,19.9,µg/m³,,,OpenAQ
delhi_ncr,5613,"ITO, New Delhi - CPCB",o3,2026-08-04,18.3,µg/m³,,,OpenAQ
delhi_ncr,5613,"ITO, New Delhi - CPCB",o3,2026-08-05,14.5,µg/m³,,,OpenAQ
delhi_ncr,5613,"ITO, New Delhi - CPCB",o3,2026-08-06,12.3,µg/m³,,,OpenAQ
delhi_ncr,5613,"ITO, New Delhi - CPCB",o3,2026-08-07,28.4,µg/m³,,,OpenAQ
delhi_ncr,5613,"ITO, New Delhi - CPCB",o3,2026-08-08,36.9,µg/m³,,,OpenAQ
delhi_ncr,5613,"ITO, New Delhi - CPCB",o3,2026-08-09,35.6,µg/m³,,,OpenAQ
delhi_ncr,5613,"ITO, New Delhi - CPCB",o3,2026-08-10,37.7,µg/m³,,,OpenAQ
delhi_ncr,5613,"ITO, New Delhi - CPCB",o3,2026-08-11,24.2,µg/m³,,,OpenAQ
delhi_ncr,5613,"ITO, New Delhi - CPCB",o3,2026-08-12,18.1,µg/m³,,,OpenAQ
delhi_ncr,5613,"ITO, New Delhi - CPCB",o3,2026-08-13,18.2,µg/m³,,,OpenAQ
delhi_ncr,5613,"ITO, New Delhi - CPCB",o3,2026-08-14,18.3,µg/m³,,,OpenAQ
delhi_ncr,5613,"ITO, New Delhi - CPCB",o3,2026-08-15,17.1,µg/m³,,,OpenAQ
delhi_ncr,5613,"ITO, New Delhi - CPCB",pm10,2026-07-17,162.0,µg/m³,,,OpenAQ
delhi_ncr,5613,"ITO, New Delhi - CPCB",pm10,2026-07-18,150.0,µg/m³,,,OpenAQ
delhi_ncr,5613,"ITO, New Delhi - CPCB",pm10,2026-07-19,145.0,µg/m³,,,OpenAQ
delhi_ncr,5613,"ITO, New Delhi - CPCB",pm10,2026-07-20,96.9,µg/m³,,,OpenAQ
delhi_ncr,5613,"ITO, New Delhi - CPCB",pm10,2026-07-21,58.5,µg/m³,,,OpenAQ
delhi_ncr,5613,"ITO, New Delhi - CPCB",pm10,2026-07-22,68.4,µg/m³,,,OpenAQ
delhi_ncr,5613,"ITO, New Delhi - CPCB",pm10,2026-07-23,58.2,µg/m³,,,OpenAQ
delhi_ncr,5613,"ITO, New Delhi - CPCB",pm10,2026-07-24,61.2,µg/m³,,,OpenAQ
delhi_ncr,5613,"ITO, New Delhi - CPCB",pm10,2026-07-25,61.6,µg/m³,,,OpenAQ
delhi_ncr,5613,"ITO, New Delhi - CPCB",pm10,2026-07-26,71.2,µg/m³,,,OpenAQ
delhi_ncr,5613,"ITO, New Delhi - CPCB",pm10,2026-07-27,76.6,µg/m³,,,OpenAQ
delhi_ncr,5613,"ITO, New Delhi - CPCB",pm10,2026-07-28,55.9,µg/m³,,,OpenAQ
delhi_ncr,5613,"ITO, New Delhi - CPCB",pm10,2026-07-29,97.9,µg/m³,,,OpenAQ
delhi_ncr,5613,"ITO, New Delhi - CPCB",pm10,2026-07-30,99.8,µg/m³,,,OpenAQ
delhi_ncr,5613,"ITO, New Delhi - CPCB",pm10,2026-07-31,59.9,µg/m³,,,OpenAQ
delhi_ncr,5613,"ITO, New Delhi - CPCB",pm10,2026-08-01,70.3,µg/m³,,,OpenAQ
delhi_ncr,5613,"ITO, New Delhi - CPCB",pm10,2026-08-02,63.3,µg/m³,,,OpenAQ
delhi_ncr,5613,"ITO, New Delhi - CPCB",pm10,2026-08-03,63.0,µg/m³,,,OpenAQ
delhi_ncr,5613,"ITO, New Delhi - CPCB",pm10,2026-08-04,48.2,µg/m³,,,OpenAQ
delhi_ncr,5613,"ITO, New Delhi - CPCB",pm10,2026-08-05,83.4,µg/m³,,,OpenAQ
delhi_ncr,5613,"ITO, New Delhi - CPCB",pm10,2026-08-06,44.7,µg/m³,,,OpenAQ
delhi_ncr,5613,"ITO, New Delhi - CPCB",pm10,2026-08-07,41.6,µg/m³,,,OpenAQ
delhi_ncr,5613,"ITO, New Delhi - CPCB",pm10,2026-08-08,62.3,µg/m³,,,OpenAQ
delhi_ncr,5613,"ITO, New Delhi - CPCB",pm10,2026-08-09,92.3,µg/m³,,,OpenAQ
delhi_ncr,5613,"ITO, New Delhi - CPCB",pm10,2026-08-10,97.5,µg/m³,,,OpenAQ
delhi_ncr,5613,"ITO, New Delhi - CPCB",pm10,2026-08-11,79.2,µg/m³,,,OpenAQ
delhi_ncr,5613,"ITO, New Delhi - CPCB",pm10,2026-08-12,105.0,µg/m³,,,OpenAQ
delhi_ncr,5613,"ITO, New Delhi - CPCB",pm10,2026-08-13,85.2,µg/m³,,,OpenAQ
delhi_ncr,5613,"ITO, New Delhi - CPCB",pm10,2026-08-14,90.0,µg/m³,,,OpenAQ
delhi_ncr,5613,"ITO, New Delhi - CPCB",pm10,2026-08-15,101.0,µg/m³,,,OpenAQ
delhi_ncr,5613,"ITO, New Delhi - CPCB",no2,2026-07-17,49.4,ppb,,,OpenAQ
delhi_ncr,5613,"ITO, New Delhi - CPCB",no2,2026-07-18,44.8,ppb,,,OpenAQ
delhi_ncr,5613,"ITO, New Delhi - CPCB",no2,2026-07-19,49.7,ppb,,,OpenAQ
delhi_ncr,5613,"ITO, New Delhi - CPCB",no2,2026-07-20,49.5,ppb,,,OpenAQ
delhi_ncr,5613,"ITO, New Delhi - CPCB",no2,2026-07-21,46.8,ppb,,,OpenAQ
delhi_ncr,5613,"ITO, New Delhi - CPCB",no2,2026-07-22,47.9,ppb,,,OpenAQ
delhi_ncr,5613,"ITO, New Delhi - CPCB",no2,2026-07-23,47.6,ppb,,,OpenAQ
delhi_ncr,5613,"ITO, New Delhi - CPCB",no2,2026-07-24,43.9,ppb,,,OpenAQ
delhi_ncr,5613,"ITO, New Delhi - CPCB",no2,2026-07-25,47.4,ppb,,,OpenAQ
delhi_ncr,5613,"ITO, New Delhi - CPCB",no2,2026-07-26,44.6,ppb,,,OpenAQ
delhi_ncr,5613,"ITO, New Delhi - CPCB",no2,2026-07-27,48.4,ppb,,,OpenAQ
delhi_ncr,5613,"ITO, New Delhi - CPCB",no2,2026-07-28,48.7,ppb,,,OpenAQ
delhi_ncr,5613,"ITO, New Delhi - CPCB",no2,2026-07-29,48.8,ppb,,,OpenAQ
delhi_ncr,5613,"ITO, New Delhi - CPCB",no2,2026-07-30,45.1,ppb,,,OpenAQ
delhi_ncr,5613,"ITO, New Delhi - CPCB",no2,2026-07-31,48.2,ppb,,,OpenAQ
delhi_ncr,5613,"ITO, New Delhi - CPCB",no2,2026-08-01,46.6,ppb,,,OpenAQ
delhi_ncr,5613,"ITO, New Delhi - CPCB",no2,2026-08-02,52.2,ppb,,,OpenAQ
delhi_ncr,5613,"ITO, New Delhi - CPCB",no2,2026-08-03,45.4,ppb,,,OpenAQ
delhi_ncr,5613,"ITO, New Delhi - CPCB",no2,2026-08-04,46.5,ppb,,,OpenAQ
delhi_ncr,5613,"ITO, New Delhi - CPCB",no2,2026-08-05,45.9,ppb,,,OpenAQ
delhi_ncr,5613,"ITO, New Delhi - CPCB",no2,2026-08-06,47.5,ppb,,,OpenAQ
delhi_ncr,5613,"ITO, New Delhi - CPCB",no2,2026-08-07,48.5,ppb,,,OpenAQ
delhi_ncr,5613,"ITO, New Delhi - CPCB",no2,2026-08-08,46.0,ppb,,,OpenAQ
delhi_ncr,5613,"ITO, New Delhi - CPCB",no2,2026-08-09,50.8,ppb,,,OpenAQ
delhi_ncr,5613,"ITO, New Delhi - CPCB",no2,2026-08-10,46.9,ppb,,,OpenAQ
delhi_ncr,5613,"ITO, New Delhi - CPCB",no2,2026-08-11,45.1,ppb,,,OpenAQ
delhi_ncr,5613,"ITO, New Delhi - CPCB",no2,2026-08-12,44.0,ppb,,,OpenAQ
delhi_ncr,5613,"ITO, New Delhi - CPCB",no2,2026-08-13,42.7,ppb,,,OpenAQ
delhi_ncr,5613,"ITO, New Delhi - CPCB",no2,2026-08-14,46.0,ppb,,,OpenAQ
delhi_ncr,5613,"ITO, New Delhi - CPCB",no2,2026-08-15,46.5,ppb,,,OpenAQ
delhi_ncr,5613,"ITO, New Delhi - CPCB",so2,2026-07-17,13.8,ppb,,,OpenAQ
delhi_ncr,5613,"ITO, New Delhi - CPCB",so2,2026-07-18,14.2,ppb,,,OpenAQ
delhi_ncr,5613,"ITO, New Delhi - CPCB",so2,2026-07-19,22.2,ppb,,,OpenAQ
delhi_ncr,5613,"ITO, New Delhi - CPCB",so2,2026-07-20,20.8,ppb,,,OpenAQ
delhi_ncr,5613,"ITO, New Delhi - CPCB",so2,2026-07-21,15.1,ppb,,,OpenAQ
delhi_ncr,5613,"ITO, New Delhi - CPCB",so2,2026-07-22,13.8,ppb,,,OpenAQ
delhi_ncr,5613,"ITO, New Delhi - CPCB",so2,2026-07-23,12.1,ppb,,,OpenAQ
delhi_ncr,5613,"ITO, New Delhi - CPCB",so2,2026-07-24,1.23,ppb,,,OpenAQ
delhi_ncr,5613,"ITO, New Delhi - CPCB",so2,2026-07-25,10.4,ppb,,,OpenAQ
delhi_ncr,5613,"ITO, New Delhi - CPCB",so2,2026-07-26,7.15,ppb,,,OpenAQ
delhi_ncr,5613,"ITO, New Delhi - CPCB",so2,2026-07-27,13.4,ppb,,,OpenAQ
delhi_ncr,5613,"ITO, New Delhi - CPCB",so2,2026-07-28,13.2,ppb,,,OpenAQ
delhi_ncr,5613,"ITO, New Delhi - CPCB",so2,2026-07-29,4.53,ppb,,,OpenAQ
delhi_ncr,5613,"ITO, New Delhi - CPCB",so2,2026-07-30,5.67,ppb,,,OpenAQ
delhi_ncr,5613,"ITO, New Delhi - CPCB",so2,2026-07-31,12.6,ppb,,,OpenAQ
delhi_ncr,5613,"ITO, New Delhi - CPCB",so2,2026-08-01,11.8,ppb,,,OpenAQ
delhi_ncr,5613,"ITO, New Delhi - CPCB",so2,2026-08-02,13.2,ppb,,,OpenAQ
delhi_ncr,5613,"ITO, New Delhi - CPCB",so2,2026-08-03,15.9,ppb,,,OpenAQ
delhi_ncr,5613,"ITO, New Delhi - CPCB",so2,2026-08-04,13.6,ppb,,,OpenAQ
delhi_ncr,5613,"ITO, New Delhi - CPCB",so2,2026-08-05,30.4,ppb,,,OpenAQ
delhi_ncr,5613,"ITO, New Delhi - CPCB",so2,2026-08-06,12.3,ppb,,,OpenAQ
delhi_ncr,5613,"ITO, New Delhi - CPCB",so2,2026-08-07,36.7,ppb,,,OpenAQ
delhi_ncr,5613,"ITO, New Delhi - CPCB",so2,2026-08-08,22.7,ppb,,,OpenAQ
delhi_ncr,5613,"ITO, New Delhi - CPCB",so2,2026-08-09,50.4,ppb,,,OpenAQ
delhi_ncr,5613,"ITO, New Delhi - CPCB",so2,2026-08-10,40.2,ppb,,,OpenAQ
delhi_ncr,5613,"ITO, New Delhi - CPCB",so2,2026-08-11,25.9,ppb,,,OpenAQ
delhi_ncr,5613,"ITO, New Delhi - CPCB",so2,2026-08-12,28.3,ppb,,,OpenAQ
delhi_ncr,5613,"ITO, New Delhi - CPCB",so2,2026-08-13,20.3,ppb,,,OpenAQ
delhi_ncr,5613,"ITO, New Delhi - CPCB",so2,2026-08-14,16.7,ppb,,,OpenAQ
delhi_ncr,5613,"ITO, New Delhi - CPCB",so2,2026-08-15,17.0,ppb,,,OpenAQ
delhi_ncr,5586,"Sirifort, Delhi - CPCB",pm10,2026-07-17,206.0,µg/m³,,,OpenAQ
delhi_ncr,5586,"Sirifort, Delhi - CPCB",pm10,2026-07-18,191.0,µg/m³,,,OpenAQ
delhi_ncr,5586,"Sirifort, Delhi - CPCB",pm10,2026-07-19,164.0,µg/m³,,,OpenAQ
delhi_ncr,5586,"Sirifort, Delhi - CPCB",pm10,2026-07-20,99.9,µg/m³,,,OpenAQ
delhi_ncr,5586,"Sirifort, Delhi - CPCB",pm10,2026-07-21,54.1,µg/m³,,,OpenAQ
delhi_ncr,5586,"Sirifort, Delhi - CPCB",pm10,2026-07-22,67.2,µg/m³,,,OpenAQ
delhi_ncr,5586,"Sirifort, Delhi - CPCB",pm10,2026-07-23,58.7,µg/m³,,,OpenAQ
delhi_ncr,5586,"Sirifort, Delhi - CPCB",pm10,2026-07-24,67.3,µg/m³,,,OpenAQ
delhi_ncr,5586,"Sirifort, Delhi - CPCB",pm10,2026-07-25,76.5,µg/m³,,,OpenAQ
delhi_ncr,5586,"Sirifort, Delhi - CPCB",pm10,2026-07-26,116.0,µg/m³,,,OpenAQ
delhi_ncr,5586,"Sirifort, Delhi - CPCB",pm10,2026-07-27,139.0,µg/m³,,,OpenAQ
delhi_ncr,5586,"Sirifort, Delhi - CPCB",pm10,2026-07-28,51.5,µg/m³,,,OpenAQ
delhi_ncr,5586,"Sirifort, Delhi - CPCB",pm10,2026-07-29,94.1,µg/m³,,,OpenAQ
delhi_ncr,5586,"Sirifort, Delhi - CPCB",pm10,2026-07-30,105.0,µg/m³,,,OpenAQ
delhi_ncr,5586,"Sirifort, Delhi - CPCB",pm10,2026-07-31,74.4,µg/m³,,,OpenAQ
delhi_ncr,5586,"Sirifort, Delhi - CPCB",pm10,2026-08-01,92.6,µg/m³,,,OpenAQ
delhi_ncr,5586,"Sirifort, Delhi - CPCB",pm10,2026-08-02,64.7,µg/m³,,,OpenAQ
delhi_ncr,5586,"Sirifort, Delhi - CPCB",pm10,2026-08-03,90.5,µg/m³,,,OpenAQ
delhi_ncr,5586,"Sirifort, Delhi - CPCB",pm10,2026-08-04,44.2,µg/m³,,,OpenAQ
delhi_ncr,5586,"Sirifort, Delhi - CPCB",pm10,2026-08-05,67.4,µg/m³,,,OpenAQ
delhi_ncr,5586,"Sirifort, Delhi - CPCB",pm10,2026-08-06,52.3,µg/m³,,,OpenAQ
delhi_ncr,5586,"Sirifort, Delhi - CPCB",pm10,2026-08-07,41.9,µg/m³,,,OpenAQ
delhi_ncr,5586,"Sirifort, Delhi - CPCB",pm10,2026-08-08,48.6,µg/m³,,,OpenAQ
delhi_ncr,5586,"Sirifort, Delhi - CPCB",pm10,2026-08-09,70.1,µg/m³,,,OpenAQ
delhi_ncr,5586,"Sirifort, Delhi - CPCB",pm10,2026-08-10,76.1,µg/m³,,,OpenAQ
delhi_ncr,5586,"Sirifort, Delhi - CPCB",pm10,2026-08-11,76.1,µg/m³,,,OpenAQ
delhi_ncr,5586,"Sirifort, Delhi - CPCB",pm10,2026-08-12,119.0,µg/m³,,,OpenAQ
delhi_ncr,5586,"Sirifort, Delhi - CPCB",pm10,2026-08-13,92.5,µg/m³,,,OpenAQ
delhi_ncr,5586,"Sirifort, Delhi - CPCB",pm10,2026-08-14,81.2,µg/m³,,,OpenAQ
delhi_ncr,5586,"Sirifort, Delhi - CPCB",pm10,2026-08-15,93.5,µg/m³,,,OpenAQ
delhi_ncr,5586,"Sirifort, Delhi - CPCB",no2,2026-07-17,26.4,ppb,,,OpenAQ
delhi_ncr,5586,"Sirifort, Delhi - CPCB",no2,2026-07-18,32.4,ppb,,,OpenAQ
delhi_ncr,5586,"Sirifort, Delhi - CPCB",no2,2026-07-19,31.1,ppb,,,OpenAQ
delhi_ncr,5586,"Sirifort, Delhi - CPCB",no2,2026-07-20,27.4,ppb,,,OpenAQ
delhi_ncr,5586,"Sirifort, Delhi - CPCB",no2,2026-07-21,30.1,ppb,,,OpenAQ
delhi_ncr,5586,"Sirifort, Delhi - CPCB",no2,2026-07-22,26.1,ppb,,,OpenAQ
delhi_ncr,5586,"Sirifort, Delhi - CPCB",no2,2026-07-23,24.1,ppb,,,OpenAQ
delhi_ncr,5586,"Sirifort, Delhi - CPCB",no2,2026-07-24,25.7,ppb,,,OpenAQ
delhi_ncr,5586,"Sirifort, Delhi - CPCB",no2,2026-07-25,27.8,ppb,,,OpenAQ
delhi_ncr,5586,"Sirifort, Delhi - CPCB",no2,2026-07-26,28.4,ppb,,,OpenAQ
delhi_ncr,5586,"Sirifort, Delhi - CPCB",no2,2026-07-27,29.1,ppb,,,OpenAQ
delhi_ncr,5586,"Sirifort, Delhi - CPCB",no2,2026-07-28,31.1,ppb,,,OpenAQ
delhi_ncr,5586,"Sirifort, Delhi - CPCB",no2,2026-07-29,28.3,ppb,,,OpenAQ
delhi_ncr,5586,"Sirifort, Delhi - CPCB",no2,2026-07-30,21.2,ppb,,,OpenAQ
delhi_ncr,5586,"Sirifort, Delhi - CPCB",no2,2026-07-31,19.9,ppb,,,OpenAQ
delhi_ncr,5586,"Sirifort, Delhi - CPCB",no2,2026-08-01,18.4,ppb,,,OpenAQ
delhi_ncr,5586,"Sirifort, Delhi - CPCB",no2,2026-08-02,18.2,ppb,,,OpenAQ
delhi_ncr,5586,"Sirifort, Delhi - CPCB",no2,2026-08-03,15.8,ppb,,,OpenAQ
delhi_ncr,5586,"Sirifort, Delhi - CPCB",no2,2026-08-04,17.7,ppb,,,OpenAQ
delhi_ncr,5586,"Sirifort, Delhi - CPCB",no2,2026-08-05,19.1,ppb,,,OpenAQ
delhi_ncr,5586,"Sirifort, Delhi - CPCB",no2,2026-08-06,19.4,ppb,,,OpenAQ
delhi_ncr,5586,"Sirifort, Delhi - CPCB",no2,2026-08-07,25.3,ppb,,,OpenAQ
delhi_ncr,5586,"Sirifort, Delhi - CPCB",no2,2026-08-08,22.1,ppb,,,OpenAQ
delhi_ncr,5586,"Sirifort, Delhi - CPCB",no2,2026-08-09,12.5,ppb,,,OpenAQ
delhi_ncr,5586,"Sirifort, Delhi - CPCB",no2,2026-08-10,9.92,ppb,,,OpenAQ
delhi_ncr,5586,"Sirifort, Delhi - CPCB",no2,2026-08-11,17.1,ppb,,,OpenAQ
delhi_ncr,5586,"Sirifort, Delhi - CPCB",no2,2026-08-12,17.3,ppb,,,OpenAQ
delhi_ncr,5586,"Sirifort, Delhi - CPCB",no2,2026-08-13,24.3,ppb,,,OpenAQ
delhi_ncr,5586,"Sirifort, Delhi - CPCB",no2,2026-08-14,17.4,ppb,,,OpenAQ
delhi_ncr,5586,"Sirifort, Delhi - CPCB",no2,2026-08-15,18.2,ppb,,,OpenAQ
delhi_ncr,5586,"Sirifort, Delhi - CPCB",o3,2026-07-17,11.2,µg/m³,,,OpenAQ
delhi_ncr,5586,"Sirifort, Delhi - CPCB",o3,2026-07-18,9.35,µg/m³,,,OpenAQ
delhi_ncr,5586,"Sirifort, Delhi - CPCB",o3,2026-07-19,17.2,µg/m³,,,OpenAQ
delhi_ncr,5586,"Sirifort, Delhi - CPCB",o3,2026-07-20,18.2,µg/m³,,,OpenAQ
delhi_ncr,5586,"Sirifort, Delhi - CPCB",o3,2026-07-21,14.2,µg/m³,,,OpenAQ
delhi_ncr,5586,"Sirifort, Delhi - CPCB",o3,2026-07-22,30.6,µg/m³,,,OpenAQ
delhi_ncr,5586,"Sirifort, Delhi - CPCB",o3,2026-07-23,33.2,µg/m³,,,OpenAQ
delhi_ncr,5586,"Sirifort, Delhi - CPCB",o3,2026-07-24,26.3,µg/m³,,,OpenAQ
delhi_ncr,5586,"Sirifort, Delhi - CPCB",o3,2026-07-25,28.9,µg/m³,,,OpenAQ
delhi_ncr,5586,"Sirifort, Delhi - CPCB",o3,2026-07-26,25.0,µg/m³,,,OpenAQ
delhi_ncr,5586,"Sirifort, Delhi - CPCB",o3,2026-07-27,29.5,µg/m³,,,OpenAQ
delhi_ncr,5586,"Sirifort, Delhi - CPCB",o3,2026-07-28,23.3,µg/m³,,,OpenAQ
delhi_ncr,5586,"Sirifort, Delhi - CPCB",o3,2026-07-29,19.7,µg/m³,,,OpenAQ
delhi_ncr,5586,"Sirifort, Delhi - CPCB",o3,2026-07-30,17.7,µg/m³,,,OpenAQ
delhi_ncr,5586,"Sirifort, Delhi - CPCB",o3,2026-07-31,21.5,µg/m³,,,OpenAQ
delhi_ncr,5586,"Sirifort, Delhi - CPCB",o3,2026-08-01,33.5,µg/m³,,,OpenAQ
delhi_ncr,5586,"Sirifort, Delhi - CPCB",o3,2026-08-02,31.2,µg/m³,,,OpenAQ
delhi_ncr,5586,"Sirifort, Delhi - CPCB",o3,2026-08-03,18.4,µg/m³,,,OpenAQ
delhi_ncr,5586,"Sirifort, Delhi - CPCB",o3,2026-08-04,30.6,µg/m³,,,OpenAQ
delhi_ncr,5586,"Sirifort, Delhi - CPCB",o3,2026-08-05,9.66,µg/m³,,,OpenAQ
delhi_ncr,5586,"Sirifort, Delhi - CPCB",o3,2026-08-06,13.4,µg/m³,,,OpenAQ
delhi_ncr,5586,"Sirifort, Delhi - CPCB",o3,2026-08-07,11.9,µg/m³,,,OpenAQ
delhi_ncr,5586,"Sirifort, Delhi - CPCB",o3,2026-08-08,23.3,µg/m³,,,OpenAQ
delhi_ncr,5586,"Sirifort, Delhi - CPCB",o3,2026-08-09,28.8,µg/m³,,,OpenAQ
delhi_ncr,5586,"Sirifort, Delhi - CPCB",o3,2026-08-10,21.9,µg/m³,,,OpenAQ
delhi_ncr,5586,"Sirifort, Delhi - CPCB",o3,2026-08-11,8.96,µg/m³,,,OpenAQ
delhi_ncr,5586,"Sirifort, Delhi - CPCB",o3,2026-08-12,9.34,µg/m³,,,OpenAQ
delhi_ncr,5586,"Sirifort, Delhi - CPCB",o3,2026-08-13,11.7,µg/m³,,,OpenAQ
delhi_ncr,5586,"Sirifort, Delhi - CPCB",o3,2026-08-14,21.8,µg/m³,,,OpenAQ
delhi_ncr,5586,"Sirifort, Delhi - CPCB",o3,2026-08-15,17.7,µg/m³,,,OpenAQ
delhi_ncr,5586,"Sirifort, Delhi - CPCB",pm25,2026-07-17,61.9,µg/m³,,,OpenAQ
delhi_ncr,5586,"Sirifort, Delhi - CPCB",pm25,2026-07-18,61.8,µg/m³,,,OpenAQ
delhi_ncr,5586,"Sirifort, Delhi - CPCB",pm25,2026-07-19,60.7,µg/m³,,,OpenAQ
delhi_ncr,5586,"Sirifort, Delhi - CPCB",pm25,2026-07-20,57.2,µg/m³,,,OpenAQ
delhi_ncr,5586,"Sirifort, Delhi - CPCB",pm25,2026-07-21,34.8,µg/m³,,,OpenAQ
delhi_ncr,5586,"Sirifort, Delhi - CPCB",pm25,2026-07-22,35.6,µg/m³,,,OpenAQ
delhi_ncr,5586,"Sirifort, Delhi - CPCB",pm25,2026-07-23,34.3,µg/m³,,,OpenAQ
delhi_ncr,5586,"Sirifort, Delhi - CPCB",pm25,2026-07-24,34.1,µg/m³,,,OpenAQ
delhi_ncr,5586,"Sirifort, Delhi - CPCB",pm25,2026-07-25,39.4,µg/m³,,,OpenAQ
delhi_ncr,5586,"Sirifort, Delhi - CPCB",pm25,2026-07-26,43.2,µg/m³,,,OpenAQ
delhi_ncr,5586,"Sirifort, Delhi - CPCB",pm25,2026-07-27,44.3,µg/m³,,,OpenAQ
delhi_ncr,5586,"Sirifort, Delhi - CPCB",pm25,2026-07-28,36.1,µg/m³,,,OpenAQ
delhi_ncr,5586,"Sirifort, Delhi - CPCB",pm25,2026-07-29,45.8,µg/m³,,,OpenAQ
delhi_ncr,5586,"Sirifort, Delhi - CPCB",pm25,2026-07-30,46.7,µg/m³,,,OpenAQ
delhi_ncr,5586,"Sirifort, Delhi - CPCB",pm25,2026-07-31,33.6,µg/m³,,,OpenAQ
delhi_ncr,5586,"Sirifort, Delhi - CPCB",pm25,2026-08-01,45.3,µg/m³,,,OpenAQ
delhi_ncr,5586,"Sirifort, Delhi - CPCB",pm25,2026-08-02,38.9,µg/m³,,,OpenAQ
delhi_ncr,5586,"Sirifort, Delhi - CPCB",pm25,2026-08-03,37.7,µg/m³,,,OpenAQ
delhi_ncr,5586,"Sirifort, Delhi - CPCB",pm25,2026-08-04,29.1,µg/m³,,,OpenAQ
delhi_ncr,5586,"Sirifort, Delhi - CPCB",pm25,2026-08-05,43.7,µg/m³,,,OpenAQ
delhi_ncr,5586,"Sirifort, Delhi - CPCB",pm25,2026-08-06,37.2,µg/m³,,,OpenAQ
delhi_ncr,5586,"Sirifort, Delhi - CPCB",pm25,2026-08-07,35.2,µg/m³,,,OpenAQ
delhi_ncr,5586,"Sirifort, Delhi - CPCB",pm25,2026-08-08,38.5,µg/m³,,,OpenAQ
delhi_ncr,5586,"Sirifort, Delhi - CPCB",pm25,2026-08-09,47.5,µg/m³,,,OpenAQ
delhi_ncr,5586,"Sirifort, Delhi - CPCB",pm25,2026-08-10,48.3,µg/m³,,,OpenAQ
delhi_ncr,5586,"Sirifort, Delhi - CPCB",pm25,2026-08-11,54.6,µg/m³,,,OpenAQ
delhi_ncr,5586,"Sirifort, Delhi - CPCB",pm25,2026-08-12,59.1,µg/m³,,,OpenAQ
delhi_ncr,5586,"Sirifort, Delhi - CPCB",pm25,2026-08-13,44.3,µg/m³,,,OpenAQ
delhi_ncr,5586,"Sirifort, Delhi - CPCB",pm25,2026-08-14,43.9,µg/m³,,,OpenAQ
delhi_ncr,5586,"Sirifort, Delhi - CPCB",pm25,2026-08-15,52.6,µg/m³,,,OpenAQ
delhi_ncr,5586,"Sirifort, Delhi - CPCB",co,2026-07-17,0.672,ppb,,,OpenAQ
delhi_ncr,5586,"Sirifort, Delhi - CPCB",co,2026-07-18,0.585,ppb,,,OpenAQ
delhi_ncr,5586,"Sirifort, Delhi - CPCB",co,2026-07-19,0.458,ppb,,,OpenAQ
delhi_ncr,5586,"Sirifort, Delhi - CPCB",co,2026-07-20,0.461,ppb,,,OpenAQ
delhi_ncr,5586,"Sirifort, Delhi - CPCB",co,2026-07-21,0.384,ppb,,,OpenAQ
delhi_ncr,5586,"Sirifort, Delhi - CPCB",co,2026-07-22,0.366,ppb,,,OpenAQ
delhi_ncr,5586,"Sirifort, Delhi - CPCB",co,2026-07-23,0.275,ppb,,,OpenAQ
delhi_ncr,5586,"Sirifort, Delhi - CPCB",co,2026-07-24,0.183,ppb,,,OpenAQ
delhi_ncr,5586,"Sirifort, Delhi - CPCB",co,2026-07-25,0.161,ppb,,,OpenAQ
delhi_ncr,5586,"Sirifort, Delhi - CPCB",co,2026-07-26,0.274,ppb,,,OpenAQ
delhi_ncr,5586,"Sirifort, Delhi - CPCB",co,2026-07-27,0.458,ppb,,,OpenAQ
delhi_ncr,5586,"Sirifort, Delhi - CPCB",co,2026-07-28,0.63,ppb,,,OpenAQ
delhi_ncr,5586,"Sirifort, Delhi - CPCB",co,2026-07-29,0.76,ppb,,,OpenAQ
delhi_ncr,5586,"Sirifort, Delhi - CPCB",co,2026-07-30,0.623,ppb,,,OpenAQ
delhi_ncr,5586,"Sirifort, Delhi - CPCB",co,2026-07-31,0.227,ppb,,,OpenAQ
delhi_ncr,5586,"Sirifort, Delhi - CPCB",co,2026-08-01,0.287,ppb,,,OpenAQ
delhi_ncr,5586,"Sirifort, Delhi - CPCB",co,2026-08-02,0.276,ppb,,,OpenAQ
delhi_ncr,5586,"Sirifort, Delhi - CPCB",co,2026-08-03,0.37,ppb,,,OpenAQ
delhi_ncr,5586,"Sirifort, Delhi - CPCB",co,2026-08-04,0.46,ppb,,,OpenAQ
delhi_ncr,5586,"Sirifort, Delhi - CPCB",co,2026-08-05,0.645,ppb,,,OpenAQ
delhi_ncr,5586,"Sirifort, Delhi - CPCB",co,2026-08-06,0.477,ppb,,,OpenAQ
delhi_ncr,5586,"Sirifort, Delhi - CPCB",co,2026-08-07,0.494,ppb,,,OpenAQ
delhi_ncr,5586,"Sirifort, Delhi - CPCB",co,2026-08-08,0.588,ppb,,,OpenAQ
delhi_ncr,5586,"Sirifort, Delhi - CPCB",co,2026-08-09,0.871,ppb,,,OpenAQ
delhi_ncr,5586,"Sirifort, Delhi - CPCB",co,2026-08-10,0.759,ppb,,,OpenAQ
delhi_ncr,5586,"Sirifort, Delhi - CPCB",co,2026-08-11,0.841,ppb,,,OpenAQ
delhi_ncr,5586,"Sirifort, Delhi - CPCB",co,2026-08-12,0.879,ppb,,,OpenAQ
delhi_ncr,5586,"Sirifort, Delhi - CPCB",co,2026-08-13,0.943,ppb,,,OpenAQ
delhi_ncr,5586,"Sirifort, Delhi - CPCB",co,2026-08-14,1.04,ppb,,,OpenAQ
delhi_ncr,5586,"Sirifort, Delhi - CPCB",co,2026-08-15,0.653,ppb,,,OpenAQ
delhi_ncr,5586,"Sirifort, Delhi - CPCB",so2,2026-07-17,21.6,ppb,,,OpenAQ
delhi_ncr,5586,"Sirifort, Delhi - CPCB",so2,2026-07-18,18.1,ppb,,,OpenAQ
delhi_ncr,5586,"Sirifort, Delhi - CPCB",so2,2026-07-19,15.3,ppb,,,OpenAQ
delhi_ncr,5586,"Sirifort, Delhi - CPCB",so2,2026-07-20,15.6,ppb,,,OpenAQ
delhi_ncr,5586,"Sirifort, Delhi - CPCB",so2,2026-07-21,15.4,ppb,,,OpenAQ
delhi_ncr,5586,"Sirifort, Delhi - CPCB",so2,2026-07-22,17.2,ppb,,,OpenAQ
delhi_ncr,5586,"Sirifort, Delhi - CPCB",so2,2026-07-23,19.7,ppb,,,OpenAQ
delhi_ncr,5586,"Sirifort, Delhi - CPCB",so2,2026-07-24,22.3,ppb,,,OpenAQ
delhi_ncr,5586,"Sirifort, Delhi - CPCB",so2,2026-07-25,19.1,ppb,,,OpenAQ
delhi_ncr,5586,"Sirifort, Delhi - CPCB",so2,2026-07-26,20.9,ppb,,,OpenAQ
delhi_ncr,5586,"Sirifort, Delhi - CPCB",so2,2026-07-27,18.4,ppb,,,OpenAQ
delhi_ncr,5586,"Sirifort, Delhi - CPCB",so2,2026-07-28,19.8,ppb,,,OpenAQ
delhi_ncr,5586,"Sirifort, Delhi - CPCB",so2,2026-07-29,18.7,ppb,,,OpenAQ
delhi_ncr,5586,"Sirifort, Delhi - CPCB",so2,2026-07-30,22.9,ppb,,,OpenAQ
delhi_ncr,5586,"Sirifort, Delhi - CPCB",so2,2026-07-31,25.8,ppb,,,OpenAQ
delhi_ncr,5586,"Sirifort, Delhi - CPCB",so2,2026-08-01,22.4,ppb,,,OpenAQ
delhi_ncr,5586,"Sirifort, Delhi - CPCB",so2,2026-08-02,17.7,ppb,,,OpenAQ
delhi_ncr,5586,"Sirifort, Delhi - CPCB",so2,2026-08-03,20.8,ppb,,,OpenAQ
delhi_ncr,5586,"Sirifort, Delhi - CPCB",so2,2026-08-04,18.0,ppb,,,OpenAQ
delhi_ncr,5586,"Sirifort, Delhi - CPCB",so2,2026-08-05,19.9,ppb,,,OpenAQ
delhi_ncr,5586,"Sirifort, Delhi - CPCB",so2,2026-08-06,19.5,ppb,,,OpenAQ
delhi_ncr,5586,"Sirifort, Delhi - CPCB",so2,2026-08-07,17.8,ppb,,,OpenAQ
delhi_ncr,5586,"Sirifort, Delhi - CPCB",so2,2026-08-08,19.1,ppb,,,OpenAQ
delhi_ncr,5586,"Sirifort, Delhi - CPCB",so2,2026-08-09,20.0,ppb,,,OpenAQ
delhi_ncr,5586,"Sirifort, Delhi - CPCB",so2,2026-08-10,21.0,ppb,,,OpenAQ
delhi_ncr,5586,"Sirifort, Delhi - CPCB",so2,2026-08-11,18.9,ppb,,,OpenAQ
delhi_ncr,5586,"Sirifort, Delhi - CPCB",so2,2026-08-12,30.5,ppb,,,OpenAQ
delhi_ncr,5586,"Sirifort, Delhi - CPCB",so2,2026-08-13,17.5,ppb,,,OpenAQ
delhi_ncr,5586,"Sirifort, Delhi - CPCB",so2,2026-08-14,21.3,ppb,,,OpenAQ
delhi_ncr,5586,"Sirifort, Delhi - CPCB",so2,2026-08-15,19.2,ppb,,,OpenAQ
delhi_ncr,5622,"NSIT Dwarka, Delhi - CPCB",o3,2026-07-17,75.1,µg/m³,,,OpenAQ
delhi_ncr,5622,"NSIT Dwarka, Delhi - CPCB",o3,2026-07-18,66.4,µg/m³,,,OpenAQ
delhi_ncr,5622,"NSIT Dwarka, Delhi - CPCB",o3,2026-07-19,62.1,µg/m³,,,OpenAQ
delhi_ncr,5622,"NSIT Dwarka, Delhi - CPCB",o3,2026-07-20,65.8,µg/m³,,,OpenAQ
delhi_ncr,5622,"NSIT Dwarka, Delhi - CPCB",o3,2026-07-21,46.0,µg/m³,,,OpenAQ
delhi_ncr,5622,"NSIT Dwarka, Delhi - CPCB",o3,2026-07-22,39.4,µg/m³,,,OpenAQ
delhi_ncr,5622,"NSIT Dwarka, Delhi - CPCB",o3,2026-07-23,32.6,µg/m³,,,OpenAQ
delhi_ncr,5622,"NSIT Dwarka, Delhi - CPCB",o3,2026-07-24,39.3,µg/m³,,,OpenAQ
delhi_ncr,5622,"NSIT Dwarka, Delhi - CPCB",o3,2026-07-25,20.8,µg/m³,,,OpenAQ
delhi_ncr,5622,"NSIT Dwarka, Delhi - CPCB",o3,2026-08-08,15.6,µg/m³,,,OpenAQ
delhi_ncr,5622,"NSIT Dwarka, Delhi - CPCB",o3,2026-08-09,52.3,µg/m³,,,OpenAQ
delhi_ncr,5622,"NSIT Dwarka, Delhi - CPCB",o3,2026-08-10,17.5,µg/m³,,,OpenAQ
delhi_ncr,5622,"NSIT Dwarka, Delhi - CPCB",o3,2026-08-11,45.0,µg/m³,,,OpenAQ
delhi_ncr,5622,"NSIT Dwarka, Delhi - CPCB",o3,2026-08-12,28.3,µg/m³,,,OpenAQ
delhi_ncr,5622,"NSIT Dwarka, Delhi - CPCB",o3,2026-08-13,50.2,µg/m³,,,OpenAQ
delhi_ncr,5622,"NSIT Dwarka, Delhi - CPCB",o3,2026-08-14,32.0,µg/m³,,,OpenAQ
delhi_ncr,5622,"NSIT Dwarka, Delhi - CPCB",o3,2026-08-15,49.1,µg/m³,,,OpenAQ
delhi_ncr,5622,"NSIT Dwarka, Delhi - CPCB",pm10,2026-07-17,105.0,µg/m³,,,OpenAQ
delhi_ncr,5622,"NSIT Dwarka, Delhi - CPCB",pm10,2026-07-18,81.4,µg/m³,,,OpenAQ
delhi_ncr,5622,"NSIT Dwarka, Delhi - CPCB",pm10,2026-07-19,75.9,µg/m³,,,OpenAQ
delhi_ncr,5622,"NSIT Dwarka, Delhi - CPCB",pm10,2026-07-20,90.5,µg/m³,,,OpenAQ
delhi_ncr,5622,"NSIT Dwarka, Delhi - CPCB",pm10,2026-07-21,78.5,µg/m³,,,OpenAQ
delhi_ncr,5622,"NSIT Dwarka, Delhi - CPCB",pm10,2026-07-22,47.4,µg/m³,,,OpenAQ
delhi_ncr,5622,"NSIT Dwarka, Delhi - CPCB",pm10,2026-07-23,85.0,µg/m³,,,OpenAQ
delhi_ncr,5622,"NSIT Dwarka, Delhi - CPCB",pm10,2026-07-24,84.8,µg/m³,,,OpenAQ
delhi_ncr,5622,"NSIT Dwarka, Delhi - CPCB",pm10,2026-07-25,72.0,µg/m³,,,OpenAQ
delhi_ncr,5622,"NSIT Dwarka, Delhi - CPCB",pm10,2026-08-08,126.0,µg/m³,,,OpenAQ
delhi_ncr,5622,"NSIT Dwarka, Delhi - CPCB",pm10,2026-08-09,40.0,µg/m³,,,OpenAQ
delhi_ncr,5622,"NSIT Dwarka, Delhi - CPCB",pm10,2026-08-10,28.6,µg/m³,,,OpenAQ
delhi_ncr,5622,"NSIT Dwarka, Delhi - CPCB",pm10,2026-08-11,48.8,µg/m³,,,OpenAQ
delhi_ncr,5622,"NSIT Dwarka, Delhi - CPCB",pm10,2026-08-12,67.3,µg/m³,,,OpenAQ
delhi_ncr,5622,"NSIT Dwarka, Delhi - CPCB",pm10,2026-08-13,53.5,µg/m³,,,OpenAQ
delhi_ncr,5622,"NSIT Dwarka, Delhi - CPCB",pm10,2026-08-14,41.6,µg/m³,,,OpenAQ
delhi_ncr,5622,"NSIT Dwarka, Delhi - CPCB",pm10,2026-08-15,63.6,µg/m³,,,OpenAQ
delhi_ncr,5622,"NSIT Dwarka, Delhi - CPCB",no2,2026-07-17,35.5,ppb,,,OpenAQ
delhi_ncr,5622,"NSIT Dwarka, Delhi - CPCB",no2,2026-07-18,34.4,ppb,,,OpenAQ
delhi_ncr,5622,"NSIT Dwarka, Delhi - CPCB",no2,2026-07-19,47.6,ppb,,,OpenAQ
delhi_ncr,5622,"NSIT Dwarka, Delhi - CPCB",no2,2026-07-20,40.4,ppb,,,OpenAQ
delhi_ncr,5622,"NSIT Dwarka, Delhi - CPCB",no2,2026-07-21,38.2,ppb,,,OpenAQ
delhi_ncr,5622,"NSIT Dwarka, Delhi - CPCB",no2,2026-07-22,36.7,ppb,,,OpenAQ
delhi_ncr,5622,"NSIT Dwarka, Delhi - CPCB",no2,2026-07-23,36.0,ppb,,,OpenAQ
delhi_ncr,5622,"NSIT Dwarka, Delhi - CPCB",no2,2026-07-24,38.0,ppb,,,OpenAQ
delhi_ncr,5622,"NSIT Dwarka, Delhi - CPCB",no2,2026-07-25,27.0,ppb,,,OpenAQ
delhi_ncr,5622,"NSIT Dwarka, Delhi - CPCB",no2,2026-08-08,35.7,ppb,,,OpenAQ
delhi_ncr,5622,"NSIT Dwarka, Delhi - CPCB",no2,2026-08-09,33.2,ppb,,,OpenAQ
delhi_ncr,5622,"NSIT Dwarka, Delhi - CPCB",no2,2026-08-10,31.5,ppb,,,OpenAQ
delhi_ncr,5622,"NSIT Dwarka, Delhi - CPCB",no2,2026-08-11,29.8,ppb,,,OpenAQ
delhi_ncr,5622,"NSIT Dwarka, Delhi - CPCB",no2,2026-08-12,30.3,ppb,,,OpenAQ
delhi_ncr,5622,"NSIT Dwarka, Delhi - CPCB",no2,2026-08-13,32.8,ppb,,,OpenAQ
delhi_ncr,5622,"NSIT Dwarka, Delhi - CPCB",no2,2026-08-14,32.3,ppb,,,OpenAQ
delhi_ncr,5622,"NSIT Dwarka, Delhi - CPCB",no2,2026-08-15,27.6,ppb,,,OpenAQ
delhi_ncr,5622,"NSIT Dwarka, Delhi - CPCB",pm25,2026-07-17,75.2,µg/m³,,,OpenAQ
delhi_ncr,5622,"NSIT Dwarka, Delhi - CPCB",pm25,2026-07-18,61.5,µg/m³,,,OpenAQ
delhi_ncr,5622,"NSIT Dwarka, Delhi - CPCB",pm25,2026-07-19,57.8,µg/m³,,,OpenAQ
delhi_ncr,5622,"NSIT Dwarka, Delhi - CPCB",pm25,2026-07-20,67.7,µg/m³,,,OpenAQ
delhi_ncr,5622,"NSIT Dwarka, Delhi - CPCB",pm25,2026-07-21,52.3,µg/m³,,,OpenAQ
delhi_ncr,5622,"NSIT Dwarka, Delhi - CPCB",pm25,2026-07-22,25.1,µg/m³,,,OpenAQ
delhi_ncr,5622,"NSIT Dwarka, Delhi - CPCB",pm25,2026-07-23,75.1,µg/m³,,,OpenAQ
delhi_ncr,5622,"NSIT Dwarka, Delhi - CPCB",pm25,2026-07-24,45.0,µg/m³,,,OpenAQ
delhi_ncr,5622,"NSIT Dwarka, Delhi - CPCB",pm25,2026-07-25,38.2,µg/m³,,,OpenAQ
delhi_ncr,5622,"NSIT Dwarka, Delhi - CPCB",pm25,2026-08-08,8.36,µg/m³,,,OpenAQ
delhi_ncr,5622,"NSIT Dwarka, Delhi - CPCB",pm25,2026-08-09,9.89,µg/m³,,,OpenAQ
delhi_ncr,5622,"NSIT Dwarka, Delhi - CPCB",pm25,2026-08-10,12.7,µg/m³,,,OpenAQ
delhi_ncr,5622,"NSIT Dwarka, Delhi - CPCB",pm25,2026-08-11,11.1,µg/m³,,,OpenAQ
delhi_ncr,5622,"NSIT Dwarka, Delhi - CPCB",pm25,2026-08-12,14.5,µg/m³,,,OpenAQ
delhi_ncr,5622,"NSIT Dwarka, Delhi - CPCB",pm25,2026-08-13,18.9,µg/m³,,,OpenAQ
delhi_ncr,5622,"NSIT Dwarka, Delhi - CPCB",pm25,2026-08-14,23.3,µg/m³,,,OpenAQ
delhi_ncr,5622,"NSIT Dwarka, Delhi - CPCB",pm25,2026-08-15,19.2,µg/m³,,,OpenAQ
delhi_ncr,5622,"NSIT Dwarka, Delhi - CPCB",so2,2026-07-17,10.7,ppb,,,OpenAQ
delhi_ncr,5622,"NSIT Dwarka, Delhi - CPCB",so2,2026-07-18,10.6,ppb,,,OpenAQ
delhi_ncr,5622,"NSIT Dwarka, Delhi - CPCB",so2,2026-07-19,10.5,ppb,,,OpenAQ
delhi_ncr,5622,"NSIT Dwarka, Delhi - CPCB",so2,2026-07-20,10.5,ppb,,,OpenAQ
delhi_ncr,5622,"NSIT Dwarka, Delhi - CPCB",so2,2026-07-21,10.6,ppb,,,OpenAQ
delhi_ncr,5622,"NSIT Dwarka, Delhi - CPCB",so2,2026-07-22,11.0,ppb,,,OpenAQ
delhi_ncr,5622,"NSIT Dwarka, Delhi - CPCB",so2,2026-07-23,10.6,ppb,,,OpenAQ
delhi_ncr,5622,"NSIT Dwarka, Delhi - CPCB",so2,2026-07-24,10.4,ppb,,,OpenAQ
delhi_ncr,5622,"NSIT Dwarka, Delhi - CPCB",so2,2026-07-25,10.4,ppb,,,OpenAQ
delhi_ncr,5622,"NSIT Dwarka, Delhi - CPCB",so2,2026-08-08,11.8,ppb,,,OpenAQ
delhi_ncr,5622,"NSIT Dwarka, Delhi - CPCB",so2,2026-08-09,11.0,ppb,,,OpenAQ
delhi_ncr,5622,"NSIT Dwarka, Delhi - CPCB",so2,2026-08-10,10.7,ppb,,,OpenAQ
delhi_ncr,5622,"NSIT Dwarka, Delhi - CPCB",so2,2026-08-11,10.6,ppb,,,OpenAQ
delhi_ncr,5622,"NSIT Dwarka, Delhi - CPCB",so2,2026-08-12,10.9,ppb,,,OpenAQ
delhi_ncr,5622,"NSIT Dwarka, Delhi - CPCB",so2,2026-08-13,10.9,ppb,,,OpenAQ
delhi_ncr,5622,"NSIT Dwarka, Delhi - CPCB",so2,2026-08-14,10.6,ppb,,,OpenAQ
delhi_ncr,5622,"NSIT Dwarka, Delhi - CPCB",so2,2026-08-15,10.7,ppb,,,OpenAQ
delhi_ncr,5622,"NSIT Dwarka, Delhi - CPCB",co,2026-07-17,1.05,ppb,,,OpenAQ
delhi_ncr,5622,"NSIT Dwarka, Delhi - CPCB",co,2026-07-18,1.03,ppb,,,OpenAQ
delhi_ncr,5622,"NSIT Dwarka, Delhi - CPCB",co,2026-07-19,1.04,ppb,,,OpenAQ
delhi_ncr,5622,"NSIT Dwarka, Delhi - CPCB",co,2026-07-20,1.04,ppb,,,OpenAQ
delhi_ncr,5622,"NSIT Dwarka, Delhi - CPCB",co,2026-07-21,1.05,ppb,,,OpenAQ
delhi_ncr,5622,"NSIT Dwarka, Delhi - CPCB",co,2026-07-22,1.12,ppb,,,OpenAQ
delhi_ncr,5622,"NSIT Dwarka, Delhi - CPCB",co,2026-07-23,0.848,ppb,,,OpenAQ
delhi_ncr,5622,"NSIT Dwarka, Delhi - CPCB",co,2026-07-24,1.01,ppb,,,OpenAQ
delhi_ncr,5622,"NSIT Dwarka, Delhi - CPCB",co,2026-07-25,0.979,ppb,,,OpenAQ
delhi_ncr,5622,"NSIT Dwarka, Delhi - CPCB",co,2026-08-08,1.49,ppb,,,OpenAQ
delhi_ncr,5622,"NSIT Dwarka, Delhi - CPCB",co,2026-08-09,1.22,ppb,,,OpenAQ
delhi_ncr,5622,"NSIT Dwarka, Delhi - CPCB",co,2026-08-10,1.07,ppb,,,OpenAQ
delhi_ncr,5622,"NSIT Dwarka, Delhi - CPCB",co,2026-08-11,1.04,ppb,,,OpenAQ
delhi_ncr,5622,"NSIT Dwarka, Delhi - CPCB",co,2026-08-12,1.08,ppb,,,OpenAQ
delhi_ncr,5622,"NSIT Dwarka, Delhi - CPCB",co,2026-08-13,1.06,ppb,,,OpenAQ
delhi_ncr,5622,"NSIT Dwarka, Delhi - CPCB",co,2026-08-14,1.03,ppb,,,OpenAQ
delhi_ncr,5622,"NSIT Dwarka, Delhi - CPCB",co,2026-08-15,1.07,ppb,,,OpenAQ
delhi_ncr,6932,"Alipur, Delhi - DPCC",pm25,2026-07-17,58.5,µg/m³,,,OpenAQ
delhi_ncr,6932,"Alipur, Delhi - DPCC",pm25,2026-07-18,50.9,µg/m³,,,OpenAQ
delhi_ncr,6932,"Alipur, Delhi - DPCC",pm25,2026-07-19,58.9,µg/m³,,,OpenAQ
delhi_ncr,6932,"Alipur, Delhi - DPCC",pm25,2026-07-20,51.5,µg/m³,,,OpenAQ
delhi_ncr,6932,"Alipur, Delhi - DPCC",pm25,2026-07-21,17.8,µg/m³,,,OpenAQ
delhi_ncr,6932,"Alipur, Delhi - DPCC",pm25,2026-07-22,22.0,µg/m³,,,OpenAQ
delhi_ncr,6932,"Alipur, Delhi - DPCC",pm25,2026-07-23,23.1,µg/m³,,,OpenAQ
delhi_ncr,6932,"Alipur, Delhi - DPCC",pm25,2026-07-24,29.4,µg/m³,,,OpenAQ
delhi_ncr,6932,"Alipur, Delhi - DPCC",pm25,2026-07-25,32.6,µg/m³,,,OpenAQ
delhi_ncr,6932,"Alipur, Delhi - DPCC",pm25,2026-07-26,40.0,µg/m³,,,OpenAQ
delhi_ncr,6932,"Alipur, Delhi - DPCC",pm25,2026-07-27,34.3,µg/m³,,,OpenAQ
delhi_ncr,6932,"Alipur, Delhi - DPCC",pm25,2026-07-28,21.9,µg/m³,,,OpenAQ
delhi_ncr,6932,"Alipur, Delhi - DPCC",pm25,2026-07-29,49.7,µg/m³,,,OpenAQ
delhi_ncr,6932,"Alipur, Delhi - DPCC",pm25,2026-07-30,45.7,µg/m³,,,OpenAQ
delhi_ncr,6932,"Alipur, Delhi - DPCC",pm25,2026-07-31,22.1,µg/m³,,,OpenAQ
delhi_ncr,6932,"Alipur, Delhi - DPCC",pm25,2026-08-01,34.3,µg/m³,,,OpenAQ
delhi_ncr,6932,"Alipur, Delhi - DPCC",pm25,2026-08-02,32.4,µg/m³,,,OpenAQ
delhi_ncr,6932,"Alipur, Delhi - DPCC",pm25,2026-08-03,37.9,µg/m³,,,OpenAQ
delhi_ncr,6932,"Alipur, Delhi - DPCC",pm25,2026-08-04,20.6,µg/m³,,,OpenAQ
delhi_ncr,6932,"Alipur, Delhi - DPCC",pm25,2026-08-05,27.9,µg/m³,,,OpenAQ
delhi_ncr,6932,"Alipur, Delhi - DPCC",pm25,2026-08-06,17.1,µg/m³,,,OpenAQ
delhi_ncr,6932,"Alipur, Delhi - DPCC",pm25,2026-08-07,18.3,µg/m³,,,OpenAQ
delhi_ncr,6932,"Alipur, Delhi - DPCC",pm25,2026-08-08,23.1,µg/m³,,,OpenAQ
delhi_ncr,6932,"Alipur, Delhi - DPCC",pm25,2026-08-09,27.5,µg/m³,,,OpenAQ
delhi_ncr,6932,"Alipur, Delhi - DPCC",pm25,2026-08-10,35.1,µg/m³,,,OpenAQ
delhi_ncr,6932,"Alipur, Delhi - DPCC",pm25,2026-08-11,21.6,µg/m³,,,OpenAQ
delhi_ncr,6932,"Alipur, Delhi - DPCC",pm25,2026-08-12,38.9,µg/m³,,,OpenAQ
delhi_ncr,6932,"Alipur, Delhi - DPCC",pm25,2026-08-13,37.8,µg/m³,,,OpenAQ
delhi_ncr,6932,"Alipur, Delhi - DPCC",pm25,2026-08-14,30.4,µg/m³,,,OpenAQ
delhi_ncr,6932,"Alipur, Delhi - DPCC",pm25,2026-08-15,26.0,µg/m³,,,OpenAQ
delhi_ncr,6932,"Alipur, Delhi - DPCC",pm10,2026-07-17,285.0,µg/m³,,,OpenAQ
delhi_ncr,6932,"Alipur, Delhi - DPCC",pm10,2026-07-18,219.0,µg/m³,,,OpenAQ
delhi_ncr,6932,"Alipur, Delhi - DPCC",pm10,2026-07-19,205.0,µg/m³,,,OpenAQ
delhi_ncr,6932,"Alipur, Delhi - DPCC",pm10,2026-07-20,121.0,µg/m³,,,OpenAQ
delhi_ncr,6932,"Alipur, Delhi - DPCC",pm10,2026-07-21,75.7,µg/m³,,,OpenAQ
delhi_ncr,6932,"Alipur, Delhi - DPCC",pm10,2026-07-22,106.0,µg/m³,,,OpenAQ
delhi_ncr,6932,"Alipur, Delhi - DPCC",pm10,2026-07-23,119.0,µg/m³,,,OpenAQ
delhi_ncr,6932,"Alipur, Delhi - DPCC",pm10,2026-07-24,111.0,µg/m³,,,OpenAQ
delhi_ncr,6932,"Alipur, Delhi - DPCC",pm10,2026-07-25,119.0,µg/m³,,,OpenAQ
delhi_ncr,6932,"Alipur, Delhi - DPCC",pm10,2026-07-26,155.0,µg/m³,,,OpenAQ
delhi_ncr,6932,"Alipur, Delhi - DPCC",pm10,2026-07-27,161.0,µg/m³,,,OpenAQ
delhi_ncr,6932,"Alipur, Delhi - DPCC",pm10,2026-07-28,104.0,µg/m³,,,OpenAQ
delhi_ncr,6932,"Alipur, Delhi - DPCC",pm10,2026-07-29,163.0,µg/m³,,,OpenAQ
delhi_ncr,6932,"Alipur, Delhi - DPCC",pm10,2026-07-30,159.0,µg/m³,,,OpenAQ
delhi_ncr,6932,"Alipur, Delhi - DPCC",pm10,2026-07-31,119.0,µg/m³,,,OpenAQ
delhi_ncr,6932,"Alipur, Delhi - DPCC",pm10,2026-08-01,126.0,µg/m³,,,OpenAQ
delhi_ncr,6932,"Alipur, Delhi - DPCC",pm10,2026-08-02,119.0,µg/m³,,,OpenAQ
delhi_ncr,6932,"Alipur, Delhi - DPCC",pm10,2026-08-03,148.0,µg/m³,,,OpenAQ
delhi_ncr,6932,"Alipur, Delhi - DPCC",pm10,2026-08-04,106.0,µg/m³,,,OpenAQ
delhi_ncr,6932,"Alipur, Delhi - DPCC",pm10,2026-08-05,129.0,µg/m³,,,OpenAQ
delhi_ncr,6932,"Alipur, Delhi - DPCC",pm10,2026-08-06,90.5,µg/m³,,,OpenAQ
delhi_ncr,6932,"Alipur, Delhi - DPCC",pm10,2026-08-07,90.0,µg/m³,,,OpenAQ
delhi_ncr,6932,"Alipur, Delhi - DPCC",pm10,2026-08-08,94.9,µg/m³,,,OpenAQ
delhi_ncr,6932,"Alipur, Delhi - DPCC",pm10,2026-08-09,124.0,µg/m³,,,OpenAQ
delhi_ncr,6932,"Alipur, Delhi - DPCC",pm10,2026-08-10,129.0,µg/m³,,,OpenAQ
delhi_ncr,6932,"Alipur, Delhi - DPCC",pm10,2026-08-11,45.5,µg/m³,,,OpenAQ
delhi_ncr,6932,"Alipur, Delhi - DPCC",pm10,2026-08-12,89.8,µg/m³,,,OpenAQ
delhi_ncr,6932,"Alipur, Delhi - DPCC",pm10,2026-08-13,106.0,µg/m³,,,OpenAQ
delhi_ncr,6932,"Alipur, Delhi - DPCC",pm10,2026-08-14,101.0,µg/m³,,,OpenAQ
delhi_ncr,6932,"Alipur, Delhi - DPCC",pm10,2026-08-15,79.5,µg/m³,,,OpenAQ
delhi_ncr,6932,"Alipur, Delhi - DPCC",co,2026-07-17,0.747,ppb,,,OpenAQ
delhi_ncr,6932,"Alipur, Delhi - DPCC",co,2026-07-18,0.59,ppb,,,OpenAQ
delhi_ncr,6932,"Alipur, Delhi - DPCC",co,2026-07-19,0.658,ppb,,,OpenAQ
delhi_ncr,6932,"Alipur, Delhi - DPCC",co,2026-07-20,0.644,ppb,,,OpenAQ
delhi_ncr,6932,"Alipur, Delhi - DPCC",co,2026-07-21,0.526,ppb,,,OpenAQ
delhi_ncr,6932,"Alipur, Delhi - DPCC",co,2026-07-22,0.476,ppb,,,OpenAQ
delhi_ncr,6932,"Alipur, Delhi - DPCC",co,2026-07-23,0.447,ppb,,,OpenAQ
delhi_ncr,6932,"Alipur, Delhi - DPCC",co,2026-07-24,0.424,ppb,,,OpenAQ
delhi_ncr,6932,"Alipur, Delhi - DPCC",co,2026-07-25,0.421,ppb,,,OpenAQ
delhi_ncr,6932,"Alipur, Delhi - DPCC",co,2026-07-26,0.478,ppb,,,OpenAQ
delhi_ncr,6932,"Alipur, Delhi - DPCC",co,2026-07-27,0.54,ppb,,,OpenAQ
delhi_ncr,6932,"Alipur, Delhi - DPCC",co,2026-07-28,0.562,ppb,,,OpenAQ
delhi_ncr,6932,"Alipur, Delhi - DPCC",co,2026-07-29,0.662,ppb,,,OpenAQ
delhi_ncr,6932,"Alipur, Delhi - DPCC",co,2026-07-30,0.686,ppb,,,OpenAQ
delhi_ncr,6932,"Alipur, Delhi - DPCC",co,2026-07-31,0.548,ppb,,,OpenAQ
delhi_ncr,6932,"Alipur, Delhi - DPCC",co,2026-08-01,0.455,ppb,,,OpenAQ
delhi_ncr,6932,"Alipur, Delhi - DPCC",co,2026-08-02,0.517,ppb,,,OpenAQ
delhi_ncr,6932,"Alipur, Delhi - DPCC",co,2026-08-03,0.531,ppb,,,OpenAQ
delhi_ncr,6932,"Alipur, Delhi - DPCC",co,2026-08-04,0.458,ppb,,,OpenAQ
delhi_ncr,6932,"Alipur, Delhi - DPCC",co,2026-08-05,0.615,ppb,,,OpenAQ
delhi_ncr,6932,"Alipur, Delhi - DPCC",co,2026-08-06,0.499,ppb,,,OpenAQ
delhi_ncr,6932,"Alipur, Delhi - DPCC",co,2026-08-07,0.532,ppb,,,OpenAQ
delhi_ncr,6932,"Alipur, Delhi - DPCC",co,2026-08-08,0.576,ppb,,,OpenAQ
delhi_ncr,6932,"Alipur, Delhi - DPCC",co,2026-08-09,0.562,ppb,,,OpenAQ
delhi_ncr,6932,"Alipur, Delhi - DPCC",co,2026-08-10,0.583,ppb,,,OpenAQ
delhi_ncr,6932,"Alipur, Delhi - DPCC",co,2026-08-11,0.487,ppb,,,OpenAQ
delhi_ncr,6932,"Alipur, Delhi - DPCC",co,2026-08-12,0.576,ppb,,,OpenAQ
delhi_ncr,6932,"Alipur, Delhi - DPCC",co,2026-08-13,0.696,ppb,,,OpenAQ
delhi_ncr,6932,"Alipur, Delhi - DPCC",co,2026-08-14,0.699,ppb,,,OpenAQ
delhi_ncr,6932,"Alipur, Delhi - DPCC",co,2026-08-15,0.546,ppb,,,OpenAQ
delhi_ncr,6932,"Alipur, Delhi - DPCC",so2,2026-07-17,9.15,ppb,,,OpenAQ
delhi_ncr,6932,"Alipur, Delhi - DPCC",so2,2026-07-18,7.02,ppb,,,OpenAQ
delhi_ncr,6932,"Alipur, Delhi - DPCC",so2,2026-07-19,5.58,ppb,,,OpenAQ
delhi_ncr,6932,"Alipur, Delhi - DPCC",so2,2026-07-20,6.2,ppb,,,OpenAQ
delhi_ncr,6932,"Alipur, Delhi - DPCC",so2,2026-07-21,6.46,ppb,,,OpenAQ
delhi_ncr,6932,"Alipur, Delhi - DPCC",so2,2026-07-22,6.91,ppb,,,OpenAQ
delhi_ncr,6932,"Alipur, Delhi - DPCC",so2,2026-07-23,2.74,ppb,,,OpenAQ
delhi_ncr,6932,"Alipur, Delhi - DPCC",so2,2026-07-24,5.23,ppb,,,OpenAQ
delhi_ncr,6932,"Alipur, Delhi - DPCC",so2,2026-07-25,2.84,ppb,,,OpenAQ
delhi_ncr,6932,"Alipur, Delhi - DPCC",so2,2026-07-26,3.85,ppb,,,OpenAQ
delhi_ncr,6932,"Alipur, Delhi - DPCC",so2,2026-07-27,3.49,ppb,,,OpenAQ
delhi_ncr,6932,"Alipur, Delhi - DPCC",so2,2026-07-28,3.18,ppb,,,OpenAQ
delhi_ncr,6932,"Alipur, Delhi - DPCC",so2,2026-07-29,4.17,ppb,,,OpenAQ
delhi_ncr,6932,"Alipur, Delhi - DPCC",so2,2026-07-30,3.6,ppb,,,OpenAQ
delhi_ncr,6932,"Alipur, Delhi - DPCC",so2,2026-07-31,4.77,ppb,,,OpenAQ
delhi_ncr,6932,"Alipur, Delhi - DPCC",so2,2026-08-01,5.36,ppb,,,OpenAQ
delhi_ncr,6932,"Alipur, Delhi - DPCC",so2,2026-08-02,5.12,ppb,,,OpenAQ
delhi_ncr,6932,"Alipur, Delhi - DPCC",so2,2026-08-03,4.18,ppb,,,OpenAQ
delhi_ncr,6932,"Alipur, Delhi - DPCC",so2,2026-08-04,4.84,ppb,,,OpenAQ
delhi_ncr,6932,"Alipur, Delhi - DPCC",so2,2026-08-05,5.12,ppb,,,OpenAQ
delhi_ncr,6932,"Alipur, Delhi - DPCC",so2,2026-08-06,6.05,ppb,,,OpenAQ
delhi_ncr,6932,"Alipur, Delhi - DPCC",so2,2026-08-07,4.34,ppb,,,OpenAQ
delhi_ncr,6932,"Alipur, Delhi - DPCC",so2,2026-08-08,6.82,ppb,,,OpenAQ
delhi_ncr,6932,"Alipur, Delhi - DPCC",so2,2026-08-09,6.49,ppb,,,OpenAQ
delhi_ncr,6932,"Alipur, Delhi - DPCC",so2,2026-08-10,6.24,ppb,,,OpenAQ
delhi_ncr,6932,"Alipur, Delhi - DPCC",so2,2026-08-11,5.22,ppb,,,OpenAQ
delhi_ncr,6932,"Alipur, Delhi - DPCC",so2,2026-08-12,2.92,ppb,,,OpenAQ
delhi_ncr,6932,"Alipur, Delhi - DPCC",so2,2026-08-13,5.46,ppb,,,OpenAQ
delhi_ncr,6932,"Alipur, Delhi - DPCC",so2,2026-08-14,4.33,ppb,,,OpenAQ
delhi_ncr,6932,"Alipur, Delhi - DPCC",so2,2026-08-15,3.57,ppb,,,OpenAQ
delhi_ncr,6932,"Alipur, Delhi - DPCC",no2,2026-07-17,51.8,ppb,,,OpenAQ
delhi_ncr,6932,"Alipur, Delhi - DPCC",no2,2026-07-18,48.2,ppb,,,OpenAQ
delhi_ncr,6932,"Alipur, Delhi - DPCC",no2,2026-07-19,41.2,ppb,,,OpenAQ
delhi_ncr,6932,"Alipur, Delhi - DPCC",no2,2026-07-20,36.8,ppb,,,OpenAQ
delhi_ncr,6932,"Alipur, Delhi - DPCC",no2,2026-07-21,68.1,ppb,,,OpenAQ
delhi_ncr,6932,"Alipur, Delhi - DPCC",no2,2026-07-22,83.5,ppb,,,OpenAQ
delhi_ncr,6932,"Alipur, Delhi - DPCC",no2,2026-07-23,60.5,ppb,,,OpenAQ
delhi_ncr,6932,"Alipur, Delhi - DPCC",no2,2026-07-24,44.8,ppb,,,OpenAQ
delhi_ncr,6932,"Alipur, Delhi - DPCC",no2,2026-07-25,42.0,ppb,,,OpenAQ
delhi_ncr,6932,"Alipur, Delhi - DPCC",no2,2026-07-26,42.6,ppb,,,OpenAQ
delhi_ncr,6932,"Alipur, Delhi - DPCC",no2,2026-07-27,46.9,ppb,,,OpenAQ
delhi_ncr,6932,"Alipur, Delhi - DPCC",no2,2026-07-28,43.1,ppb,,,OpenAQ
delhi_ncr,6932,"Alipur, Delhi - DPCC",no2,2026-07-29,48.0,ppb,,,OpenAQ
delhi_ncr,6932,"Alipur, Delhi - DPCC",no2,2026-07-30,41.1,ppb,,,OpenAQ
delhi_ncr,6932,"Alipur, Delhi - DPCC",no2,2026-07-31,49.1,ppb,,,OpenAQ
delhi_ncr,6932,"Alipur, Delhi - DPCC",no2,2026-08-01,46.5,ppb,,,OpenAQ
delhi_ncr,6932,"Alipur, Delhi - DPCC",no2,2026-08-02,40.0,ppb,,,OpenAQ
delhi_ncr,6932,"Alipur, Delhi - DPCC",no2,2026-08-03,41.0,ppb,,,OpenAQ
delhi_ncr,6932,"Alipur, Delhi - DPCC",no2,2026-08-04,44.2,ppb,,,OpenAQ
delhi_ncr,6932,"Alipur, Delhi - DPCC",no2,2026-08-05,55.8,ppb,,,OpenAQ
delhi_ncr,6932,"Alipur, Delhi - DPCC",no2,2026-08-06,46.0,ppb,,,OpenAQ
delhi_ncr,6932,"Alipur, Delhi - DPCC",no2,2026-08-07,31.6,ppb,,,OpenAQ
delhi_ncr,6932,"Alipur, Delhi - DPCC",no2,2026-08-08,30.6,ppb,,,OpenAQ
delhi_ncr,6932,"Alipur, Delhi - DPCC",no2,2026-08-09,28.9,ppb,,,OpenAQ
delhi_ncr,6932,"Alipur, Delhi - DPCC",no2,2026-08-10,29.2,ppb,,,OpenAQ
delhi_ncr,6932,"Alipur, Delhi - DPCC",no2,2026-08-11,41.9,ppb,,,OpenAQ
delhi_ncr,6932,"Alipur, Delhi - DPCC",no2,2026-08-12,46.7,ppb,,,OpenAQ
delhi_ncr,6932,"Alipur, Delhi - DPCC",no2,2026-08-13,41.8,ppb,,,OpenAQ
delhi_ncr,6932,"Alipur, Delhi - DPCC",no2,2026-08-14,44.4,ppb,,,OpenAQ
delhi_ncr,6932,"Alipur, Delhi - DPCC",no2,2026-08-15,40.6,ppb,,,OpenAQ
delhi_ncr,6932,"Alipur, Delhi - DPCC",o3,2026-07-17,6.27,µg/m³,,,OpenAQ
delhi_ncr,6932,"Alipur, Delhi - DPCC",o3,2026-07-18,6.55,µg/m³,,,OpenAQ
delhi_ncr,6932,"Alipur, Delhi - DPCC",o3,2026-07-19,7.25,µg/m³,,,OpenAQ
delhi_ncr,6932,"Alipur, Delhi - DPCC",o3,2026-07-20,5.07,µg/m³,,,OpenAQ
delhi_ncr,6932,"Alipur, Delhi - DPCC",o3,2026-07-21,7.76,µg/m³,,,OpenAQ
delhi_ncr,6932,"Alipur, Delhi - DPCC",o3,2026-07-22,8.6,µg/m³,,,OpenAQ
delhi_ncr,6932,"Alipur, Delhi - DPCC",o3,2026-07-23,9.03,µg/m³,,,OpenAQ
delhi_ncr,6932,"Alipur, Delhi - DPCC",o3,2026-07-24,8.63,µg/m³,,,OpenAQ
delhi_ncr,6932,"Alipur, Delhi - DPCC",o3,2026-07-25,7.83,µg/m³,,,OpenAQ
delhi_ncr,6932,"Alipur, Delhi - DPCC",o3,2026-07-26,9.38,µg/m³,,,OpenAQ
delhi_ncr,6932,"Alipur, Delhi - DPCC",o3,2026-07-27,9.44,µg/m³,,,OpenAQ
delhi_ncr,6932,"Alipur, Delhi - DPCC",o3,2026-07-28,6.61,µg/m³,,,OpenAQ
delhi_ncr,6932,"Alipur, Delhi - DPCC",o3,2026-07-29,10.6,µg/m³,,,OpenAQ
delhi_ncr,6932,"Alipur, Delhi - DPCC",o3,2026-07-30,9.22,µg/m³,,,OpenAQ
delhi_ncr,6932,"Alipur, Delhi - DPCC",o3,2026-07-31,8.39,µg/m³,,,OpenAQ
delhi_ncr,6932,"Alipur, Delhi - DPCC",o3,2026-08-01,8.62,µg/m³,,,OpenAQ
delhi_ncr,6932,"Alipur, Delhi - DPCC",o3,2026-08-02,8.54,µg/m³,,,OpenAQ
delhi_ncr,6932,"Alipur, Delhi - DPCC",o3,2026-08-03,8.08,µg/m³,,,OpenAQ
delhi_ncr,6932,"Alipur, Delhi - DPCC",o3,2026-08-04,6.31,µg/m³,,,OpenAQ
delhi_ncr,6932,"Alipur, Delhi - DPCC",o3,2026-08-05,6.82,µg/m³,,,OpenAQ
delhi_ncr,6932,"Alipur, Delhi - DPCC",o3,2026-08-06,7.71,µg/m³,,,OpenAQ
delhi_ncr,6932,"Alipur, Delhi - DPCC",o3,2026-08-07,5.84,µg/m³,,,OpenAQ
delhi_ncr,6932,"Alipur, Delhi - DPCC",o3,2026-08-08,5.67,µg/m³,,,OpenAQ
delhi_ncr,6932,"Alipur, Delhi - DPCC",o3,2026-08-09,7.11,µg/m³,,,OpenAQ
delhi_ncr,6932,"Alipur, Delhi - DPCC",o3,2026-08-10,6.27,µg/m³,,,OpenAQ
delhi_ncr,6932,"Alipur, Delhi - DPCC",o3,2026-08-11,6.99,µg/m³,,,OpenAQ
delhi_ncr,6932,"Alipur, Delhi - DPCC",o3,2026-08-12,12.9,µg/m³,,,OpenAQ
delhi_ncr,6932,"Alipur, Delhi - DPCC",o3,2026-08-13,10.3,µg/m³,,,OpenAQ
delhi_ncr,6932,"Alipur, Delhi - DPCC",o3,2026-08-14,8.64,µg/m³,,,OpenAQ
delhi_ncr,6932,"Alipur, Delhi - DPCC",o3,2026-08-15,11.0,µg/m³,,,OpenAQ
punjab_stubble_belt,5551,"Golden Temple, Amritsar - PPCB",co,2026-07-17,0.511,ppb,,,OpenAQ
punjab_stubble_belt,5551,"Golden Temple, Amritsar - PPCB",co,2026-07-18,0.495,ppb,,,OpenAQ
punjab_stubble_belt,5551,"Golden Temple, Amritsar - PPCB",co,2026-07-19,0.553,ppb,,,OpenAQ
punjab_stubble_belt,5551,"Golden Temple, Amritsar - PPCB",co,2026-07-20,0.542,ppb,,,OpenAQ
punjab_stubble_belt,5551,"Golden Temple, Amritsar - PPCB",co,2026-07-21,0.567,ppb,,,OpenAQ
punjab_stubble_belt,5551,"Golden Temple, Amritsar - PPCB",co,2026-07-22,0.535,ppb,,,OpenAQ
punjab_stubble_belt,5551,"Golden Temple, Amritsar - PPCB",co,2026-07-23,0.606,ppb,,,OpenAQ
punjab_stubble_belt,5551,"Golden Temple, Amritsar - PPCB",co,2026-07-24,0.594,ppb,,,OpenAQ
punjab_stubble_belt,5551,"Golden Temple, Amritsar - PPCB",co,2026-07-25,0.587,ppb,,,OpenAQ
punjab_stubble_belt,5551,"Golden Temple, Amritsar - PPCB",co,2026-07-26,0.642,ppb,,,OpenAQ
punjab_stubble_belt,5551,"Golden Temple, Amritsar - PPCB",co,2026-07-27,0.674,ppb,,,OpenAQ
punjab_stubble_belt,5551,"Golden Temple, Amritsar - PPCB",co,2026-07-28,0.525,ppb,,,OpenAQ
punjab_stubble_belt,5551,"Golden Temple, Amritsar - PPCB",co,2026-07-29,0.53,ppb,,,OpenAQ
punjab_stubble_belt,5551,"Golden Temple, Amritsar - PPCB",co,2026-07-30,0.659,ppb,,,OpenAQ
punjab_stubble_belt,5551,"Golden Temple, Amritsar - PPCB",co,2026-07-31,0.709,ppb,,,OpenAQ
punjab_stubble_belt,5551,"Golden Temple, Amritsar - PPCB",co,2026-08-01,0.661,ppb,,,OpenAQ
punjab_stubble_belt,5551,"Golden Temple, Amritsar - PPCB",co,2026-08-02,0.67,ppb,,,OpenAQ
punjab_stubble_belt,5551,"Golden Temple, Amritsar - PPCB",co,2026-08-03,0.674,ppb,,,OpenAQ
punjab_stubble_belt,5551,"Golden Temple, Amritsar - PPCB",co,2026-08-04,0.684,ppb,,,OpenAQ
punjab_stubble_belt,5551,"Golden Temple, Amritsar - PPCB",co,2026-08-05,0.707,ppb,,,OpenAQ
punjab_stubble_belt,5551,"Golden Temple, Amritsar - PPCB",co,2026-08-06,0.665,ppb,,,OpenAQ
punjab_stubble_belt,5551,"Golden Temple, Amritsar - PPCB",co,2026-08-07,0.692,ppb,,,OpenAQ
punjab_stubble_belt,5551,"Golden Temple, Amritsar - PPCB",co,2026-08-08,0.678,ppb,,,OpenAQ
punjab_stubble_belt,5551,"Golden Temple, Amritsar - PPCB",co,2026-08-09,0.66,ppb,,,OpenAQ
punjab_stubble_belt,5551,"Golden Temple, Amritsar - PPCB",co,2026-08-10,0.692,ppb,,,OpenAQ
punjab_stubble_belt,5551,"Golden Temple, Amritsar - PPCB",co,2026-08-11,0.641,ppb,,,OpenAQ
punjab_stubble_belt,5551,"Golden Temple, Amritsar - PPCB",co,2026-08-12,0.691,ppb,,,OpenAQ
punjab_stubble_belt,5551,"Golden Temple, Amritsar - PPCB",co,2026-08-13,0.671,ppb,,,OpenAQ
punjab_stubble_belt,5551,"Golden Temple, Amritsar - PPCB",co,2026-08-14,0.654,ppb,,,OpenAQ
punjab_stubble_belt,5551,"Golden Temple, Amritsar - PPCB",co,2026-08-15,0.648,ppb,,,OpenAQ
punjab_stubble_belt,5551,"Golden Temple, Amritsar - PPCB",pm25,2026-07-17,49.3,µg/m³,,,OpenAQ
punjab_stubble_belt,5551,"Golden Temple, Amritsar - PPCB",pm25,2026-07-18,48.6,µg/m³,,,OpenAQ
punjab_stubble_belt,5551,"Golden Temple, Amritsar - PPCB",pm25,2026-07-19,45.4,µg/m³,,,OpenAQ
punjab_stubble_belt,5551,"Golden Temple, Amritsar - PPCB",pm25,2026-07-20,33.9,µg/m³,,,OpenAQ
punjab_stubble_belt,5551,"Golden Temple, Amritsar - PPCB",pm25,2026-07-21,45.2,µg/m³,,,OpenAQ
punjab_stubble_belt,5551,"Golden Temple, Amritsar - PPCB",pm25,2026-07-22,46.6,µg/m³,,,OpenAQ
punjab_stubble_belt,5551,"Golden Temple, Amritsar - PPCB",pm25,2026-07-23,35.1,µg/m³,,,OpenAQ
punjab_stubble_belt,5551,"Golden Temple, Amritsar - PPCB",pm25,2026-07-24,37.8,µg/m³,,,OpenAQ
punjab_stubble_belt,5551,"Golden Temple, Amritsar - PPCB",pm25,2026-07-25,41.2,µg/m³,,,OpenAQ
punjab_stubble_belt,5551,"Golden Temple, Amritsar - PPCB",pm25,2026-07-26,40.4,µg/m³,,,OpenAQ
punjab_stubble_belt,5551,"Golden Temple, Amritsar - PPCB",pm25,2026-07-27,35.0,µg/m³,,,OpenAQ
punjab_stubble_belt,5551,"Golden Temple, Amritsar - PPCB",pm25,2026-07-28,32.1,µg/m³,,,OpenAQ
punjab_stubble_belt,5551,"Golden Temple, Amritsar - PPCB",pm25,2026-07-29,30.4,µg/m³,,,OpenAQ
punjab_stubble_belt,5551,"Golden Temple, Amritsar - PPCB",pm25,2026-07-30,46.5,µg/m³,,,OpenAQ
punjab_stubble_belt,5551,"Golden Temple, Amritsar - PPCB",pm25,2026-07-31,41.7,µg/m³,,,OpenAQ
punjab_stubble_belt,5551,"Golden Temple, Amritsar - PPCB",pm25,2026-08-01,51.1,µg/m³,,,OpenAQ
punjab_stubble_belt,5551,"Golden Temple, Amritsar - PPCB",pm25,2026-08-02,41.2,µg/m³,,,OpenAQ
punjab_stubble_belt,5551,"Golden Temple, Amritsar - PPCB",pm25,2026-08-03,37.1,µg/m³,,,OpenAQ
punjab_stubble_belt,5551,"Golden Temple, Amritsar - PPCB",pm25,2026-08-04,35.8,µg/m³,,,OpenAQ
punjab_stubble_belt,5551,"Golden Temple, Amritsar - PPCB",pm25,2026-08-05,42.5,µg/m³,,,OpenAQ
punjab_stubble_belt,5551,"Golden Temple, Amritsar - PPCB",pm25,2026-08-06,40.8,µg/m³,,,OpenAQ
punjab_stubble_belt,5551,"Golden Temple, Amritsar - PPCB",pm25,2026-08-07,32.8,µg/m³,,,OpenAQ
punjab_stubble_belt,5551,"Golden Temple, Amritsar - PPCB",pm25,2026-08-08,34.4,µg/m³,,,OpenAQ
punjab_stubble_belt,5551,"Golden Temple, Amritsar - PPCB",pm25,2026-08-09,36.0,µg/m³,,,OpenAQ
punjab_stubble_belt,5551,"Golden Temple, Amritsar - PPCB",pm25,2026-08-10,38.2,µg/m³,,,OpenAQ
punjab_stubble_belt,5551,"Golden Temple, Amritsar - PPCB",pm25,2026-08-11,41.1,µg/m³,,,OpenAQ
punjab_stubble_belt,5551,"Golden Temple, Amritsar - PPCB",pm25,2026-08-12,44.8,µg/m³,,,OpenAQ
punjab_stubble_belt,5551,"Golden Temple, Amritsar - PPCB",pm25,2026-08-13,38.3,µg/m³,,,OpenAQ
punjab_stubble_belt,5551,"Golden Temple, Amritsar - PPCB",pm25,2026-08-14,33.6,µg/m³,,,OpenAQ
punjab_stubble_belt,5551,"Golden Temple, Amritsar - PPCB",pm25,2026-08-15,41.0,µg/m³,,,OpenAQ
punjab_stubble_belt,5551,"Golden Temple, Amritsar - PPCB",so2,2026-07-17,10.5,ppb,,,OpenAQ
punjab_stubble_belt,5551,"Golden Temple, Amritsar - PPCB",so2,2026-07-18,9.91,ppb,,,OpenAQ
punjab_stubble_belt,5551,"Golden Temple, Amritsar - PPCB",so2,2026-07-19,11.0,ppb,,,OpenAQ
punjab_stubble_belt,5551,"Golden Temple, Amritsar - PPCB",so2,2026-07-20,10.8,ppb,,,OpenAQ
punjab_stubble_belt,5551,"Golden Temple, Amritsar - PPCB",so2,2026-07-21,11.3,ppb,,,OpenAQ
punjab_stubble_belt,5551,"Golden Temple, Amritsar - PPCB",so2,2026-07-22,10.7,ppb,,,OpenAQ
punjab_stubble_belt,5551,"Golden Temple, Amritsar - PPCB",so2,2026-07-23,12.1,ppb,,,OpenAQ
punjab_stubble_belt,5551,"Golden Temple, Amritsar - PPCB",so2,2026-07-24,12.0,ppb,,,OpenAQ
punjab_stubble_belt,5551,"Golden Temple, Amritsar - PPCB",so2,2026-07-25,11.7,ppb,,,OpenAQ
punjab_stubble_belt,5551,"Golden Temple, Amritsar - PPCB",so2,2026-07-26,12.9,ppb,,,OpenAQ
punjab_stubble_belt,5551,"Golden Temple, Amritsar - PPCB",so2,2026-07-27,15.0,ppb,,,OpenAQ
punjab_stubble_belt,5551,"Golden Temple, Amritsar - PPCB",so2,2026-07-28,10.5,ppb,,,OpenAQ
punjab_stubble_belt,5551,"Golden Temple, Amritsar - PPCB",so2,2026-07-29,10.6,ppb,,,OpenAQ
punjab_stubble_belt,5551,"Golden Temple, Amritsar - PPCB",so2,2026-07-30,13.2,ppb,,,OpenAQ
punjab_stubble_belt,5551,"Golden Temple, Amritsar - PPCB",so2,2026-07-31,14.2,ppb,,,OpenAQ
punjab_stubble_belt,5551,"Golden Temple, Amritsar - PPCB",so2,2026-08-01,13.2,ppb,,,OpenAQ
punjab_stubble_belt,5551,"Golden Temple, Amritsar - PPCB",so2,2026-08-02,13.4,ppb,,,OpenAQ
punjab_stubble_belt,5551,"Golden Temple, Amritsar - PPCB",so2,2026-08-03,15.8,ppb,,,OpenAQ
punjab_stubble_belt,5551,"Golden Temple, Amritsar - PPCB",so2,2026-08-04,15.1,ppb,,,OpenAQ
punjab_stubble_belt,5551,"Golden Temple, Amritsar - PPCB",so2,2026-08-05,12.4,ppb,,,OpenAQ
punjab_stubble_belt,5551,"Golden Temple, Amritsar - PPCB",so2,2026-08-06,10.6,ppb,,,OpenAQ
punjab_stubble_belt,5551,"Golden Temple, Amritsar - PPCB",so2,2026-08-07,12.2,ppb,,,OpenAQ
punjab_stubble_belt,5551,"Golden Temple, Amritsar - PPCB",so2,2026-08-08,11.2,ppb,,,OpenAQ
punjab_stubble_belt,5551,"Golden Temple, Amritsar - PPCB",so2,2026-08-09,9.23,ppb,,,OpenAQ
punjab_stubble_belt,5551,"Golden Temple, Amritsar - PPCB",so2,2026-08-10,9.75,ppb,,,OpenAQ
punjab_stubble_belt,5551,"Golden Temple, Amritsar - PPCB",so2,2026-08-11,10.4,ppb,,,OpenAQ
punjab_stubble_belt,5551,"Golden Temple, Amritsar - PPCB",so2,2026-08-12,12.5,ppb,,,OpenAQ
punjab_stubble_belt,5551,"Golden Temple, Amritsar - PPCB",so2,2026-08-13,11.1,ppb,,,OpenAQ
punjab_stubble_belt,5551,"Golden Temple, Amritsar - PPCB",so2,2026-08-14,12.4,ppb,,,OpenAQ
punjab_stubble_belt,5551,"Golden Temple, Amritsar - PPCB",so2,2026-08-15,10.4,ppb,,,OpenAQ
punjab_stubble_belt,5551,"Golden Temple, Amritsar - PPCB",pm10,2026-07-17,95.9,µg/m³,,,OpenAQ
punjab_stubble_belt,5551,"Golden Temple, Amritsar - PPCB",pm10,2026-07-18,94.9,µg/m³,,,OpenAQ
punjab_stubble_belt,5551,"Golden Temple, Amritsar - PPCB",pm10,2026-07-19,88.5,µg/m³,,,OpenAQ
punjab_stubble_belt,5551,"Golden Temple, Amritsar - PPCB",pm10,2026-07-20,66.2,µg/m³,,,OpenAQ
punjab_stubble_belt,5551,"Golden Temple, Amritsar - PPCB",pm10,2026-07-21,88.1,µg/m³,,,OpenAQ
punjab_stubble_belt,5551,"Golden Temple, Amritsar - PPCB",pm10,2026-07-22,90.9,µg/m³,,,OpenAQ
punjab_stubble_belt,5551,"Golden Temple, Amritsar - PPCB",pm10,2026-07-23,68.5,µg/m³,,,OpenAQ
punjab_stubble_belt,5551,"Golden Temple, Amritsar - PPCB",pm10,2026-07-24,73.9,µg/m³,,,OpenAQ
punjab_stubble_belt,5551,"Golden Temple, Amritsar - PPCB",pm10,2026-07-25,80.4,µg/m³,,,OpenAQ
punjab_stubble_belt,5551,"Golden Temple, Amritsar - PPCB",pm10,2026-07-26,78.9,µg/m³,,,OpenAQ
punjab_stubble_belt,5551,"Golden Temple, Amritsar - PPCB",pm10,2026-07-27,68.8,µg/m³,,,OpenAQ
punjab_stubble_belt,5551,"Golden Temple, Amritsar - PPCB",pm10,2026-07-28,62.5,µg/m³,,,OpenAQ
punjab_stubble_belt,5551,"Golden Temple, Amritsar - PPCB",pm10,2026-07-29,59.4,µg/m³,,,OpenAQ
punjab_stubble_belt,5551,"Golden Temple, Amritsar - PPCB",pm10,2026-07-30,86.0,µg/m³,,,OpenAQ
punjab_stubble_belt,5551,"Golden Temple, Amritsar - PPCB",pm10,2026-07-31,74.4,µg/m³,,,OpenAQ
punjab_stubble_belt,5551,"Golden Temple, Amritsar - PPCB",pm10,2026-08-01,91.5,µg/m³,,,OpenAQ
punjab_stubble_belt,5551,"Golden Temple, Amritsar - PPCB",pm10,2026-08-02,73.7,µg/m³,,,OpenAQ
punjab_stubble_belt,5551,"Golden Temple, Amritsar - PPCB",pm10,2026-08-03,66.7,µg/m³,,,OpenAQ
punjab_stubble_belt,5551,"Golden Temple, Amritsar - PPCB",pm10,2026-08-04,66.0,µg/m³,,,OpenAQ
punjab_stubble_belt,5551,"Golden Temple, Amritsar - PPCB",pm10,2026-08-05,80.6,µg/m³,,,OpenAQ
punjab_stubble_belt,5551,"Golden Temple, Amritsar - PPCB",pm10,2026-08-06,79.1,µg/m³,,,OpenAQ
punjab_stubble_belt,5551,"Golden Temple, Amritsar - PPCB",pm10,2026-08-07,66.2,µg/m³,,,OpenAQ
punjab_stubble_belt,5551,"Golden Temple, Amritsar - PPCB",pm10,2026-08-08,58.6,µg/m³,,,OpenAQ
punjab_stubble_belt,5551,"Golden Temple, Amritsar - PPCB",pm10,2026-08-09,58.2,µg/m³,,,OpenAQ
punjab_stubble_belt,5551,"Golden Temple, Amritsar - PPCB",pm10,2026-08-10,62.1,µg/m³,,,OpenAQ
punjab_stubble_belt,5551,"Golden Temple, Amritsar - PPCB",pm10,2026-08-11,69.7,µg/m³,,,OpenAQ
punjab_stubble_belt,5551,"Golden Temple, Amritsar - PPCB",pm10,2026-08-12,77.3,µg/m³,,,OpenAQ
punjab_stubble_belt,5551,"Golden Temple, Amritsar - PPCB",pm10,2026-08-13,63.1,µg/m³,,,OpenAQ
punjab_stubble_belt,5551,"Golden Temple, Amritsar - PPCB",pm10,2026-08-14,56.7,µg/m³,,,OpenAQ
punjab_stubble_belt,5551,"Golden Temple, Amritsar - PPCB",pm10,2026-08-15,70.4,µg/m³,,,OpenAQ
punjab_stubble_belt,5551,"Golden Temple, Amritsar - PPCB",o3,2026-07-17,45.8,µg/m³,,,OpenAQ
punjab_stubble_belt,5551,"Golden Temple, Amritsar - PPCB",o3,2026-07-18,39.7,µg/m³,,,OpenAQ
punjab_stubble_belt,5551,"Golden Temple, Amritsar - PPCB",o3,2026-07-19,38.9,µg/m³,,,OpenAQ
punjab_stubble_belt,5551,"Golden Temple, Amritsar - PPCB",o3,2026-07-20,31.5,µg/m³,,,OpenAQ
punjab_stubble_belt,5551,"Golden Temple, Amritsar - PPCB",o3,2026-07-21,48.1,µg/m³,,,OpenAQ
punjab_stubble_belt,5551,"Golden Temple, Amritsar - PPCB",o3,2026-07-22,55.5,µg/m³,,,OpenAQ
punjab_stubble_belt,5551,"Golden Temple, Amritsar - PPCB",o3,2026-07-23,48.3,µg/m³,,,OpenAQ
punjab_stubble_belt,5551,"Golden Temple, Amritsar - PPCB",o3,2026-07-24,24.2,µg/m³,,,OpenAQ
punjab_stubble_belt,5551,"Golden Temple, Amritsar - PPCB",o3,2026-07-25,31.4,µg/m³,,,OpenAQ
punjab_stubble_belt,5551,"Golden Temple, Amritsar - PPCB",o3,2026-07-26,26.5,µg/m³,,,OpenAQ
punjab_stubble_belt,5551,"Golden Temple, Amritsar - PPCB",o3,2026-07-27,23.8,µg/m³,,,OpenAQ
punjab_stubble_belt,5551,"Golden Temple, Amritsar - PPCB",o3,2026-07-28,17.2,µg/m³,,,OpenAQ
punjab_stubble_belt,5551,"Golden Temple, Amritsar - PPCB",o3,2026-07-29,18.8,µg/m³,,,OpenAQ
punjab_stubble_belt,5551,"Golden Temple, Amritsar - PPCB",o3,2026-07-30,30.5,µg/m³,,,OpenAQ
punjab_stubble_belt,5551,"Golden Temple, Amritsar - PPCB",o3,2026-07-31,30.1,µg/m³,,,OpenAQ
punjab_stubble_belt,5551,"Golden Temple, Amritsar - PPCB",o3,2026-08-01,18.2,µg/m³,,,OpenAQ
punjab_stubble_belt,5551,"Golden Temple, Amritsar - PPCB",o3,2026-08-02,18.3,µg/m³,,,OpenAQ
punjab_stubble_belt,5551,"Golden Temple, Amritsar - PPCB",o3,2026-08-03,23.0,µg/m³,,,OpenAQ
punjab_stubble_belt,5551,"Golden Temple, Amritsar - PPCB",o3,2026-08-04,27.4,µg/m³,,,OpenAQ
punjab_stubble_belt,5551,"Golden Temple, Amritsar - PPCB",o3,2026-08-05,28.6,µg/m³,,,OpenAQ
punjab_stubble_belt,5551,"Golden Temple, Amritsar - PPCB",o3,2026-08-06,25.1,µg/m³,,,OpenAQ
punjab_stubble_belt,5551,"Golden Temple, Amritsar - PPCB",o3,2026-08-07,16.9,µg/m³,,,OpenAQ
punjab_stubble_belt,5551,"Golden Temple, Amritsar - PPCB",o3,2026-08-08,23.5,µg/m³,,,OpenAQ
punjab_stubble_belt,5551,"Golden Temple, Amritsar - PPCB",o3,2026-08-09,31.9,µg/m³,,,OpenAQ
punjab_stubble_belt,5551,"Golden Temple, Amritsar - PPCB",o3,2026-08-10,27.6,µg/m³,,,OpenAQ
punjab_stubble_belt,5551,"Golden Temple, Amritsar - PPCB",o3,2026-08-11,26.0,µg/m³,,,OpenAQ
punjab_stubble_belt,5551,"Golden Temple, Amritsar - PPCB",o3,2026-08-12,25.1,µg/m³,,,OpenAQ
punjab_stubble_belt,5551,"Golden Temple, Amritsar - PPCB",o3,2026-08-13,26.2,µg/m³,,,OpenAQ
punjab_stubble_belt,5551,"Golden Temple, Amritsar - PPCB",o3,2026-08-14,19.6,µg/m³,,,OpenAQ
punjab_stubble_belt,5551,"Golden Temple, Amritsar - PPCB",o3,2026-08-15,10.7,µg/m³,,,OpenAQ
punjab_stubble_belt,5551,"Golden Temple, Amritsar - PPCB",no2,2026-07-17,19.6,ppb,,,OpenAQ
punjab_stubble_belt,5551,"Golden Temple, Amritsar - PPCB",no2,2026-07-18,27.8,ppb,,,OpenAQ
punjab_stubble_belt,5551,"Golden Temple, Amritsar - PPCB",no2,2026-07-19,40.6,ppb,,,OpenAQ
punjab_stubble_belt,5551,"Golden Temple, Amritsar - PPCB",no2,2026-07-20,22.4,ppb,,,OpenAQ
punjab_stubble_belt,5551,"Golden Temple, Amritsar - PPCB",no2,2026-07-21,11.7,ppb,,,OpenAQ
punjab_stubble_belt,5551,"Golden Temple, Amritsar - PPCB",no2,2026-07-22,14.4,ppb,,,OpenAQ
punjab_stubble_belt,5551,"Golden Temple, Amritsar - PPCB",no2,2026-07-23,16.5,ppb,,,OpenAQ
punjab_stubble_belt,5551,"Golden Temple, Amritsar - PPCB",no2,2026-07-24,12.9,ppb,,,OpenAQ
punjab_stubble_belt,5551,"Golden Temple, Amritsar - PPCB",no2,2026-07-25,9.91,ppb,,,OpenAQ
punjab_stubble_belt,5551,"Golden Temple, Amritsar - PPCB",no2,2026-07-26,11.2,ppb,,,OpenAQ
punjab_stubble_belt,5551,"Golden Temple, Amritsar - PPCB",no2,2026-07-27,8.81,ppb,,,OpenAQ
punjab_stubble_belt,5551,"Golden Temple, Amritsar - PPCB",no2,2026-07-28,9.42,ppb,,,OpenAQ
punjab_stubble_belt,5551,"Golden Temple, Amritsar - PPCB",no2,2026-07-29,12.7,ppb,,,OpenAQ
punjab_stubble_belt,5551,"Golden Temple, Amritsar - PPCB",no2,2026-07-30,15.3,ppb,,,OpenAQ
punjab_stubble_belt,5551,"Golden Temple, Amritsar - PPCB",no2,2026-07-31,18.1,ppb,,,OpenAQ
punjab_stubble_belt,5551,"Golden Temple, Amritsar - PPCB",no2,2026-08-01,56.3,ppb,,,OpenAQ
punjab_stubble_belt,5551,"Golden Temple, Amritsar - PPCB",no2,2026-08-03,13.2,ppb,,,OpenAQ
punjab_stubble_belt,5551,"Golden Temple, Amritsar - PPCB",no2,2026-08-04,11.9,ppb,,,OpenAQ
punjab_stubble_belt,5551,"Golden Temple, Amritsar - PPCB",no2,2026-08-05,11.8,ppb,,,OpenAQ
punjab_stubble_belt,5551,"Golden Temple, Amritsar - PPCB",no2,2026-08-06,11.9,ppb,,,OpenAQ
punjab_stubble_belt,5551,"Golden Temple, Amritsar - PPCB",no2,2026-08-07,12.2,ppb,,,OpenAQ
punjab_stubble_belt,5551,"Golden Temple, Amritsar - PPCB",no2,2026-08-08,11.8,ppb,,,OpenAQ
punjab_stubble_belt,5551,"Golden Temple, Amritsar - PPCB",no2,2026-08-09,11.9,ppb,,,OpenAQ
punjab_stubble_belt,5551,"Golden Temple, Amritsar - PPCB",no2,2026-08-10,11.7,ppb,,,OpenAQ
punjab_stubble_belt,5551,"Golden Temple, Amritsar - PPCB",no2,2026-08-11,12.2,ppb,,,OpenAQ
punjab_stubble_belt,5551,"Golden Temple, Amritsar - PPCB",no2,2026-08-12,11.9,ppb,,,OpenAQ
punjab_stubble_belt,5551,"Golden Temple, Amritsar - PPCB",no2,2026-08-13,13.5,ppb,,,OpenAQ
punjab_stubble_belt,5551,"Golden Temple, Amritsar - PPCB",no2,2026-08-14,11.8,ppb,,,OpenAQ
punjab_stubble_belt,5551,"Golden Temple, Amritsar - PPCB",no2,2026-08-15,12.1,ppb,,,OpenAQ
kanpur_industrial,5662,"Nehru Nagar, Kanpur - UPPCB",o3,2026-07-17,9.99,µg/m³,,,OpenAQ
kanpur_industrial,5662,"Nehru Nagar, Kanpur - UPPCB",o3,2026-07-18,8.25,µg/m³,,,OpenAQ
kanpur_industrial,5662,"Nehru Nagar, Kanpur - UPPCB",o3,2026-07-19,3.66,µg/m³,,,OpenAQ
kanpur_industrial,5662,"Nehru Nagar, Kanpur - UPPCB",o3,2026-07-20,2.42,µg/m³,,,OpenAQ
kanpur_industrial,5662,"Nehru Nagar, Kanpur - UPPCB",o3,2026-07-21,9.74,µg/m³,,,OpenAQ
kanpur_industrial,5662,"Nehru Nagar, Kanpur - UPPCB",o3,2026-07-22,11.6,µg/m³,,,OpenAQ
kanpur_industrial,5662,"Nehru Nagar, Kanpur - UPPCB",o3,2026-07-23,6.6,µg/m³,,,OpenAQ
kanpur_industrial,5662,"Nehru Nagar, Kanpur - UPPCB",o3,2026-07-24,12.4,µg/m³,,,OpenAQ
kanpur_industrial,5662,"Nehru Nagar, Kanpur - UPPCB",o3,2026-07-25,7.25,µg/m³,,,OpenAQ
kanpur_industrial,5662,"Nehru Nagar, Kanpur - UPPCB",o3,2026-07-26,13.4,µg/m³,,,OpenAQ
kanpur_industrial,5662,"Nehru Nagar, Kanpur - UPPCB",o3,2026-07-27,7.85,µg/m³,,,OpenAQ
kanpur_industrial,5662,"Nehru Nagar, Kanpur - UPPCB",o3,2026-07-28,13.7,µg/m³,,,OpenAQ
kanpur_industrial,5662,"Nehru Nagar, Kanpur - UPPCB",o3,2026-07-29,14.1,µg/m³,,,OpenAQ
kanpur_industrial,5662,"Nehru Nagar, Kanpur - UPPCB",o3,2026-07-30,10.4,µg/m³,,,OpenAQ
kanpur_industrial,5662,"Nehru Nagar, Kanpur - UPPCB",o3,2026-07-31,3.41,µg/m³,,,OpenAQ
kanpur_industrial,5662,"Nehru Nagar, Kanpur - UPPCB",o3,2026-08-01,11.3,µg/m³,,,OpenAQ
kanpur_industrial,5662,"Nehru Nagar, Kanpur - UPPCB",o3,2026-08-02,11.3,µg/m³,,,OpenAQ
kanpur_industrial,5662,"Nehru Nagar, Kanpur - UPPCB",o3,2026-08-03,10.5,µg/m³,,,OpenAQ
kanpur_industrial,5662,"Nehru Nagar, Kanpur - UPPCB",o3,2026-08-04,5.58,µg/m³,,,OpenAQ
kanpur_industrial,5662,"Nehru Nagar, Kanpur - UPPCB",o3,2026-08-05,6.19,µg/m³,,,OpenAQ
kanpur_industrial,5662,"Nehru Nagar, Kanpur - UPPCB",o3,2026-08-06,3.99,µg/m³,,,OpenAQ
kanpur_industrial,5662,"Nehru Nagar, Kanpur - UPPCB",o3,2026-08-07,8.49,µg/m³,,,OpenAQ
kanpur_industrial,5662,"Nehru Nagar, Kanpur - UPPCB",o3,2026-08-08,13.2,µg/m³,,,OpenAQ
kanpur_industrial,5662,"Nehru Nagar, Kanpur - UPPCB",o3,2026-08-09,12.2,µg/m³,,,OpenAQ
kanpur_industrial,5662,"Nehru Nagar, Kanpur - UPPCB",o3,2026-08-10,9.58,µg/m³,,,OpenAQ
kanpur_industrial,5662,"Nehru Nagar, Kanpur - UPPCB",o3,2026-08-11,12.5,µg/m³,,,OpenAQ
kanpur_industrial,5662,"Nehru Nagar, Kanpur - UPPCB",o3,2026-08-12,11.4,µg/m³,,,OpenAQ
kanpur_industrial,5662,"Nehru Nagar, Kanpur - UPPCB",o3,2026-08-13,9.02,µg/m³,,,OpenAQ
kanpur_industrial,5662,"Nehru Nagar, Kanpur - UPPCB",o3,2026-08-14,10.5,µg/m³,,,OpenAQ
kanpur_industrial,5662,"Nehru Nagar, Kanpur - UPPCB",o3,2026-08-15,15.0,µg/m³,,,OpenAQ
kanpur_industrial,5662,"Nehru Nagar, Kanpur - UPPCB",pm10,2026-07-17,47.1,µg/m³,,,OpenAQ
kanpur_industrial,5662,"Nehru Nagar, Kanpur - UPPCB",pm10,2026-07-18,40.3,µg/m³,,,OpenAQ
kanpur_industrial,5662,"Nehru Nagar, Kanpur - UPPCB",pm10,2026-07-19,35.3,µg/m³,,,OpenAQ
kanpur_industrial,5662,"Nehru Nagar, Kanpur - UPPCB",pm10,2026-07-20,34.3,µg/m³,,,OpenAQ
kanpur_industrial,5662,"Nehru Nagar, Kanpur - UPPCB",pm10,2026-07-21,25.9,µg/m³,,,OpenAQ
kanpur_industrial,5662,"Nehru Nagar, Kanpur - UPPCB",pm10,2026-07-22,39.5,µg/m³,,,OpenAQ
kanpur_industrial,5662,"Nehru Nagar, Kanpur - UPPCB",pm10,2026-07-23,50.1,µg/m³,,,OpenAQ
kanpur_industrial,5662,"Nehru Nagar, Kanpur - UPPCB",pm10,2026-07-24,27.6,µg/m³,,,OpenAQ
kanpur_industrial,5662,"Nehru Nagar, Kanpur - UPPCB",pm10,2026-07-25,33.5,µg/m³,,,OpenAQ
kanpur_industrial,5662,"Nehru Nagar, Kanpur - UPPCB",pm10,2026-07-26,53.0,µg/m³,,,OpenAQ
kanpur_industrial,5662,"Nehru Nagar, Kanpur - UPPCB",pm10,2026-07-27,48.8,µg/m³,,,OpenAQ
kanpur_industrial,5662,"Nehru Nagar, Kanpur - UPPCB",pm10,2026-07-28,42.9,µg/m³,,,OpenAQ
kanpur_industrial,5662,"Nehru Nagar, Kanpur - UPPCB",pm10,2026-07-29,43.3,µg/m³,,,OpenAQ
kanpur_industrial,5662,"Nehru Nagar, Kanpur - UPPCB",pm10,2026-07-30,40.5,µg/m³,,,OpenAQ
kanpur_industrial,5662,"Nehru Nagar, Kanpur - UPPCB",pm10,2026-07-31,35.0,µg/m³,,,OpenAQ
kanpur_industrial,5662,"Nehru Nagar, Kanpur - UPPCB",pm10,2026-08-01,40.0,µg/m³,,,OpenAQ
kanpur_industrial,5662,"Nehru Nagar, Kanpur - UPPCB",pm10,2026-08-02,32.8,µg/m³,,,OpenAQ
kanpur_industrial,5662,"Nehru Nagar, Kanpur - UPPCB",pm10,2026-08-03,26.0,µg/m³,,,OpenAQ
kanpur_industrial,5662,"Nehru Nagar, Kanpur - UPPCB",pm10,2026-08-04,19.9,µg/m³,,,OpenAQ
kanpur_industrial,5662,"Nehru Nagar, Kanpur - UPPCB",pm10,2026-08-05,26.4,µg/m³,,,OpenAQ
kanpur_industrial,5662,"Nehru Nagar, Kanpur - UPPCB",pm10,2026-08-06,44.8,µg/m³,,,OpenAQ
kanpur_industrial,5662,"Nehru Nagar, Kanpur - UPPCB",pm10,2026-08-07,27.4,µg/m³,,,OpenAQ
kanpur_industrial,5662,"Nehru Nagar, Kanpur - UPPCB",pm10,2026-08-08,43.8,µg/m³,,,OpenAQ
kanpur_industrial,5662,"Nehru Nagar, Kanpur - UPPCB",pm10,2026-08-09,47.5,µg/m³,,,OpenAQ
kanpur_industrial,5662,"Nehru Nagar, Kanpur - UPPCB",pm10,2026-08-10,74.6,µg/m³,,,OpenAQ
kanpur_industrial,5662,"Nehru Nagar, Kanpur - UPPCB",pm10,2026-08-11,65.1,µg/m³,,,OpenAQ
kanpur_industrial,5662,"Nehru Nagar, Kanpur - UPPCB",pm10,2026-08-12,42.6,µg/m³,,,OpenAQ
kanpur_industrial,5662,"Nehru Nagar, Kanpur - UPPCB",pm10,2026-08-13,70.4,µg/m³,,,OpenAQ
kanpur_industrial,5662,"Nehru Nagar, Kanpur - UPPCB",pm10,2026-08-14,24.6,µg/m³,,,OpenAQ
kanpur_industrial,5662,"Nehru Nagar, Kanpur - UPPCB",pm10,2026-08-15,29.1,µg/m³,,,OpenAQ
kanpur_industrial,5662,"Nehru Nagar, Kanpur - UPPCB",pm25,2026-07-17,31.4,µg/m³,,,OpenAQ
kanpur_industrial,5662,"Nehru Nagar, Kanpur - UPPCB",pm25,2026-07-18,27.0,µg/m³,,,OpenAQ
kanpur_industrial,5662,"Nehru Nagar, Kanpur - UPPCB",pm25,2026-07-19,23.6,µg/m³,,,OpenAQ
kanpur_industrial,5662,"Nehru Nagar, Kanpur - UPPCB",pm25,2026-07-20,22.8,µg/m³,,,OpenAQ
kanpur_industrial,5662,"Nehru Nagar, Kanpur - UPPCB",pm25,2026-07-21,17.3,µg/m³,,,OpenAQ
kanpur_industrial,5662,"Nehru Nagar, Kanpur - UPPCB",pm25,2026-07-22,26.6,µg/m³,,,OpenAQ
kanpur_industrial,5662,"Nehru Nagar, Kanpur - UPPCB",pm25,2026-07-23,33.4,µg/m³,,,OpenAQ
kanpur_industrial,5662,"Nehru Nagar, Kanpur - UPPCB",pm25,2026-07-24,18.3,µg/m³,,,OpenAQ
kanpur_industrial,5662,"Nehru Nagar, Kanpur - UPPCB",pm25,2026-07-25,22.2,µg/m³,,,OpenAQ
kanpur_industrial,5662,"Nehru Nagar, Kanpur - UPPCB",pm25,2026-07-26,35.3,µg/m³,,,OpenAQ
kanpur_industrial,5662,"Nehru Nagar, Kanpur - UPPCB",pm25,2026-07-27,32.7,µg/m³,,,OpenAQ
kanpur_industrial,5662,"Nehru Nagar, Kanpur - UPPCB",pm25,2026-07-28,28.7,µg/m³,,,OpenAQ
kanpur_industrial,5662,"Nehru Nagar, Kanpur - UPPCB",pm25,2026-07-29,28.8,µg/m³,,,OpenAQ
kanpur_industrial,5662,"Nehru Nagar, Kanpur - UPPCB",pm25,2026-07-30,27.1,µg/m³,,,OpenAQ
kanpur_industrial,5662,"Nehru Nagar, Kanpur - UPPCB",pm25,2026-07-31,23.4,µg/m³,,,OpenAQ
kanpur_industrial,5662,"Nehru Nagar, Kanpur - UPPCB",pm25,2026-08-01,26.7,µg/m³,,,OpenAQ
kanpur_industrial,5662,"Nehru Nagar, Kanpur - UPPCB",pm25,2026-08-02,21.9,µg/m³,,,OpenAQ
kanpur_industrial,5662,"Nehru Nagar, Kanpur - UPPCB",pm25,2026-08-03,17.4,µg/m³,,,OpenAQ
kanpur_industrial,5662,"Nehru Nagar, Kanpur - UPPCB",pm25,2026-08-04,13.3,µg/m³,,,OpenAQ
kanpur_industrial,5662,"Nehru Nagar, Kanpur - UPPCB",pm25,2026-08-05,17.5,µg/m³,,,OpenAQ
kanpur_industrial,5662,"Nehru Nagar, Kanpur - UPPCB",pm25,2026-08-06,29.9,µg/m³,,,OpenAQ
kanpur_industrial,5662,"Nehru Nagar, Kanpur - UPPCB",pm25,2026-08-07,18.3,µg/m³,,,OpenAQ
kanpur_industrial,5662,"Nehru Nagar, Kanpur - UPPCB",pm25,2026-08-08,29.3,µg/m³,,,OpenAQ
kanpur_industrial,5662,"Nehru Nagar, Kanpur - UPPCB",pm25,2026-08-09,31.7,µg/m³,,,OpenAQ
kanpur_industrial,5662,"Nehru Nagar, Kanpur - UPPCB",pm25,2026-08-10,49.7,µg/m³,,,OpenAQ
kanpur_industrial,5662,"Nehru Nagar, Kanpur - UPPCB",pm25,2026-08-11,43.4,µg/m³,,,OpenAQ
kanpur_industrial,5662,"Nehru Nagar, Kanpur - UPPCB",pm25,2026-08-12,28.3,µg/m³,,,OpenAQ
kanpur_industrial,5662,"Nehru Nagar, Kanpur - UPPCB",pm25,2026-08-13,46.9,µg/m³,,,OpenAQ
kanpur_industrial,5662,"Nehru Nagar, Kanpur - UPPCB",pm25,2026-08-14,16.4,µg/m³,,,OpenAQ
kanpur_industrial,5662,"Nehru Nagar, Kanpur - UPPCB",pm25,2026-08-15,19.4,µg/m³,,,OpenAQ
kanpur_industrial,5662,"Nehru Nagar, Kanpur - UPPCB",so2,2026-07-17,9.17,ppb,,,OpenAQ
kanpur_industrial,5662,"Nehru Nagar, Kanpur - UPPCB",so2,2026-07-18,9.2,ppb,,,OpenAQ
kanpur_industrial,5662,"Nehru Nagar, Kanpur - UPPCB",so2,2026-07-19,9.37,ppb,,,OpenAQ
kanpur_industrial,5662,"Nehru Nagar, Kanpur - UPPCB",so2,2026-07-20,9.03,ppb,,,OpenAQ
kanpur_industrial,5662,"Nehru Nagar, Kanpur - UPPCB",so2,2026-07-21,8.94,ppb,,,OpenAQ
kanpur_industrial,5662,"Nehru Nagar, Kanpur - UPPCB",so2,2026-07-22,9.27,ppb,,,OpenAQ
kanpur_industrial,5662,"Nehru Nagar, Kanpur - UPPCB",so2,2026-07-23,9.68,ppb,,,OpenAQ
kanpur_industrial,5662,"Nehru Nagar, Kanpur - UPPCB",so2,2026-07-24,9.7,ppb,,,OpenAQ
kanpur_industrial,5662,"Nehru Nagar, Kanpur - UPPCB",so2,2026-07-25,9.19,ppb,,,OpenAQ
kanpur_industrial,5662,"Nehru Nagar, Kanpur - UPPCB",so2,2026-07-26,9.55,ppb,,,OpenAQ
kanpur_industrial,5662,"Nehru Nagar, Kanpur - UPPCB",so2,2026-07-27,8.89,ppb,,,OpenAQ
kanpur_industrial,5662,"Nehru Nagar, Kanpur - UPPCB",so2,2026-07-28,9.16,ppb,,,OpenAQ
kanpur_industrial,5662,"Nehru Nagar, Kanpur - UPPCB",so2,2026-07-29,8.97,ppb,,,OpenAQ
kanpur_industrial,5662,"Nehru Nagar, Kanpur - UPPCB",so2,2026-07-30,9.28,ppb,,,OpenAQ
kanpur_industrial,5662,"Nehru Nagar, Kanpur - UPPCB",so2,2026-07-31,9.47,ppb,,,OpenAQ
kanpur_industrial,5662,"Nehru Nagar, Kanpur - UPPCB",so2,2026-08-01,9.45,ppb,,,OpenAQ
kanpur_industrial,5662,"Nehru Nagar, Kanpur - UPPCB",so2,2026-08-02,9.48,ppb,,,OpenAQ
kanpur_industrial,5662,"Nehru Nagar, Kanpur - UPPCB",so2,2026-08-03,9.33,ppb,,,OpenAQ
kanpur_industrial,5662,"Nehru Nagar, Kanpur - UPPCB",so2,2026-08-04,9.1,ppb,,,OpenAQ
kanpur_industrial,5662,"Nehru Nagar, Kanpur - UPPCB",so2,2026-08-05,9.26,ppb,,,OpenAQ
kanpur_industrial,5662,"Nehru Nagar, Kanpur - UPPCB",so2,2026-08-06,8.77,ppb,,,OpenAQ
kanpur_industrial,5662,"Nehru Nagar, Kanpur - UPPCB",so2,2026-08-07,9.6,ppb,,,OpenAQ
kanpur_industrial,5662,"Nehru Nagar, Kanpur - UPPCB",so2,2026-08-08,9.27,ppb,,,OpenAQ
kanpur_industrial,5662,"Nehru Nagar, Kanpur - UPPCB",so2,2026-08-09,9.44,ppb,,,OpenAQ
kanpur_industrial,5662,"Nehru Nagar, Kanpur - UPPCB",so2,2026-08-10,9.38,ppb,,,OpenAQ
kanpur_industrial,5662,"Nehru Nagar, Kanpur - UPPCB",so2,2026-08-11,9.27,ppb,,,OpenAQ
kanpur_industrial,5662,"Nehru Nagar, Kanpur - UPPCB",so2,2026-08-12,8.93,ppb,,,OpenAQ
kanpur_industrial,5662,"Nehru Nagar, Kanpur - UPPCB",so2,2026-08-13,8.77,ppb,,,OpenAQ
kanpur_industrial,5662,"Nehru Nagar, Kanpur - UPPCB",so2,2026-08-14,9.37,ppb,,,OpenAQ
kanpur_industrial,5662,"Nehru Nagar, Kanpur - UPPCB",so2,2026-08-15,9.11,ppb,,,OpenAQ
kanpur_industrial,5662,"Nehru Nagar, Kanpur - UPPCB",no2,2026-07-17,36.6,ppb,,,OpenAQ
kanpur_industrial,5662,"Nehru Nagar, Kanpur - UPPCB",no2,2026-07-18,36.8,ppb,,,OpenAQ
kanpur_industrial,5662,"Nehru Nagar, Kanpur - UPPCB",no2,2026-07-19,37.8,ppb,,,OpenAQ
kanpur_industrial,5662,"Nehru Nagar, Kanpur - UPPCB",no2,2026-07-20,39.3,ppb,,,OpenAQ
kanpur_industrial,5662,"Nehru Nagar, Kanpur - UPPCB",no2,2026-07-21,38.4,ppb,,,OpenAQ
kanpur_industrial,5662,"Nehru Nagar, Kanpur - UPPCB",no2,2026-07-22,37.5,ppb,,,OpenAQ
kanpur_industrial,5662,"Nehru Nagar, Kanpur - UPPCB",no2,2026-07-23,38.0,ppb,,,OpenAQ
kanpur_industrial,5662,"Nehru Nagar, Kanpur - UPPCB",no2,2026-07-24,37.1,ppb,,,OpenAQ
kanpur_industrial,5662,"Nehru Nagar, Kanpur - UPPCB",no2,2026-07-25,37.8,ppb,,,OpenAQ
kanpur_industrial,5662,"Nehru Nagar, Kanpur - UPPCB",no2,2026-07-26,36.7,ppb,,,OpenAQ
kanpur_industrial,5662,"Nehru Nagar, Kanpur - UPPCB",no2,2026-07-27,37.4,ppb,,,OpenAQ
kanpur_industrial,5662,"Nehru Nagar, Kanpur - UPPCB",no2,2026-07-28,37.2,ppb,,,OpenAQ
kanpur_industrial,5662,"Nehru Nagar, Kanpur - UPPCB",no2,2026-07-29,36.7,ppb,,,OpenAQ
kanpur_industrial,5662,"Nehru Nagar, Kanpur - UPPCB",no2,2026-07-30,37.2,ppb,,,OpenAQ
kanpur_industrial,5662,"Nehru Nagar, Kanpur - UPPCB",no2,2026-07-31,37.6,ppb,,,OpenAQ
kanpur_industrial,5662,"Nehru Nagar, Kanpur - UPPCB",no2,2026-08-01,36.6,ppb,,,OpenAQ
kanpur_industrial,5662,"Nehru Nagar, Kanpur - UPPCB",no2,2026-08-02,36.5,ppb,,,OpenAQ
kanpur_industrial,5662,"Nehru Nagar, Kanpur - UPPCB",no2,2026-08-03,37.3,ppb,,,OpenAQ
kanpur_industrial,5662,"Nehru Nagar, Kanpur - UPPCB",no2,2026-08-04,38.5,ppb,,,OpenAQ
kanpur_industrial,5662,"Nehru Nagar, Kanpur - UPPCB",no2,2026-08-05,38.5,ppb,,,OpenAQ
kanpur_industrial,5662,"Nehru Nagar, Kanpur - UPPCB",no2,2026-08-06,38.4,ppb,,,OpenAQ
kanpur_industrial,5662,"Nehru Nagar, Kanpur - UPPCB",no2,2026-08-07,38.0,ppb,,,OpenAQ
kanpur_industrial,5662,"Nehru Nagar, Kanpur - UPPCB",no2,2026-08-08,37.1,ppb,,,OpenAQ
kanpur_industrial,5662,"Nehru Nagar, Kanpur - UPPCB",no2,2026-08-09,37.1,ppb,,,OpenAQ
kanpur_industrial,5662,"Nehru Nagar, Kanpur - UPPCB",no2,2026-08-10,37.0,ppb,,,OpenAQ
kanpur_industrial,5662,"Nehru Nagar, Kanpur - UPPCB",no2,2026-08-11,36.6,ppb,,,OpenAQ
kanpur_industrial,5662,"Nehru Nagar, Kanpur - UPPCB",no2,2026-08-12,36.2,ppb,,,OpenAQ
kanpur_industrial,5662,"Nehru Nagar, Kanpur - UPPCB",no2,2026-08-13,36.2,ppb,,,OpenAQ
kanpur_industrial,5662,"Nehru Nagar, Kanpur - UPPCB",no2,2026-08-14,37.3,ppb,,,OpenAQ
kanpur_industrial,5662,"Nehru Nagar, Kanpur - UPPCB",no2,2026-08-15,36.8,ppb,,,OpenAQ
kanpur_industrial,5662,"Nehru Nagar, Kanpur - UPPCB",co,2026-07-17,1.0,ppb,,,OpenAQ
kanpur_industrial,5662,"Nehru Nagar, Kanpur - UPPCB",co,2026-07-18,1.01,ppb,,,OpenAQ
kanpur_industrial,5662,"Nehru Nagar, Kanpur - UPPCB",co,2026-07-19,1.02,ppb,,,OpenAQ
kanpur_industrial,5662,"Nehru Nagar, Kanpur - UPPCB",co,2026-07-20,0.985,ppb,,,OpenAQ
kanpur_industrial,5662,"Nehru Nagar, Kanpur - UPPCB",co,2026-07-21,0.975,ppb,,,OpenAQ
kanpur_industrial,5662,"Nehru Nagar, Kanpur - UPPCB",co,2026-07-22,1.01,ppb,,,OpenAQ
kanpur_industrial,5662,"Nehru Nagar, Kanpur - UPPCB",co,2026-07-23,1.06,ppb,,,OpenAQ
kanpur_industrial,5662,"Nehru Nagar, Kanpur - UPPCB",co,2026-07-24,1.06,ppb,,,OpenAQ
kanpur_industrial,5662,"Nehru Nagar, Kanpur - UPPCB",co,2026-07-25,1.0,ppb,,,OpenAQ
kanpur_industrial,5662,"Nehru Nagar, Kanpur - UPPCB",co,2026-07-26,1.04,ppb,,,OpenAQ
kanpur_industrial,5662,"Nehru Nagar, Kanpur - UPPCB",co,2026-07-27,0.97,ppb,,,OpenAQ
kanpur_industrial,5662,"Nehru Nagar, Kanpur - UPPCB",co,2026-07-28,1.0,ppb,,,OpenAQ
kanpur_industrial,5662,"Nehru Nagar, Kanpur - UPPCB",co,2026-07-29,0.98,ppb,,,OpenAQ
kanpur_industrial,5662,"Nehru Nagar, Kanpur - UPPCB",co,2026-07-30,1.01,ppb,,,OpenAQ
kanpur_industrial,5662,"Nehru Nagar, Kanpur - UPPCB",co,2026-07-31,1.03,ppb,,,OpenAQ
kanpur_industrial,5662,"Nehru Nagar, Kanpur - UPPCB",co,2026-08-01,1.03,ppb,,,OpenAQ
kanpur_industrial,5662,"Nehru Nagar, Kanpur - UPPCB",co,2026-08-02,1.03,ppb,,,OpenAQ
kanpur_industrial,5662,"Nehru Nagar, Kanpur - UPPCB",co,2026-08-03,1.02,ppb,,,OpenAQ
kanpur_industrial,5662,"Nehru Nagar, Kanpur - UPPCB",co,2026-08-04,0.995,ppb,,,OpenAQ
kanpur_industrial,5662,"Nehru Nagar, Kanpur - UPPCB",co,2026-08-05,1.01,ppb,,,OpenAQ
kanpur_industrial,5662,"Nehru Nagar, Kanpur - UPPCB",co,2026-08-06,0.958,ppb,,,OpenAQ
kanpur_industrial,5662,"Nehru Nagar, Kanpur - UPPCB",co,2026-08-07,1.05,ppb,,,OpenAQ
kanpur_industrial,5662,"Nehru Nagar, Kanpur - UPPCB",co,2026-08-08,1.01,ppb,,,OpenAQ
kanpur_industrial,5662,"Nehru Nagar, Kanpur - UPPCB",co,2026-08-09,1.03,ppb,,,OpenAQ
kanpur_industrial,5662,"Nehru Nagar, Kanpur - UPPCB",co,2026-08-10,1.01,ppb,,,OpenAQ
kanpur_industrial,5662,"Nehru Nagar, Kanpur - UPPCB",co,2026-08-11,1.01,ppb,,,OpenAQ
kanpur_industrial,5662,"Nehru Nagar, Kanpur - UPPCB",co,2026-08-12,0.975,ppb,,,OpenAQ
kanpur_industrial,5662,"Nehru Nagar, Kanpur - UPPCB",co,2026-08-13,0.956,ppb,,,OpenAQ
kanpur_industrial,5662,"Nehru Nagar, Kanpur - UPPCB",co,2026-08-14,0.98,ppb,,,OpenAQ
kanpur_industrial,5662,"Nehru Nagar, Kanpur - UPPCB",co,2026-08-15,0.996,ppb,,,OpenAQ
kanpur_industrial,229252,"NSI Kalyanpur, Kanpur - UPPCB",co,2026-07-17,0.511,ppb,,,OpenAQ
kanpur_industrial,229252,"NSI Kalyanpur, Kanpur - UPPCB",co,2026-07-18,0.514,ppb,,,OpenAQ
kanpur_industrial,229252,"NSI Kalyanpur, Kanpur - UPPCB",co,2026-07-19,0.51,ppb,,,OpenAQ
kanpur_industrial,229252,"NSI Kalyanpur, Kanpur - UPPCB",co,2026-07-20,0.457,ppb,,,OpenAQ
kanpur_industrial,229252,"NSI Kalyanpur, Kanpur - UPPCB",co,2026-07-21,0.385,ppb,,,OpenAQ
kanpur_industrial,229252,"NSI Kalyanpur, Kanpur - UPPCB",co,2026-07-22,0.384,ppb,,,OpenAQ
kanpur_industrial,229252,"NSI Kalyanpur, Kanpur - UPPCB",co,2026-07-23,0.343,ppb,,,OpenAQ
kanpur_industrial,229252,"NSI Kalyanpur, Kanpur - UPPCB",co,2026-07-24,0.415,ppb,,,OpenAQ
kanpur_industrial,229252,"NSI Kalyanpur, Kanpur - UPPCB",co,2026-07-25,0.431,ppb,,,OpenAQ
kanpur_industrial,229252,"NSI Kalyanpur, Kanpur - UPPCB",co,2026-07-26,0.481,ppb,,,OpenAQ
kanpur_industrial,229252,"NSI Kalyanpur, Kanpur - UPPCB",co,2026-07-27,0.506,ppb,,,OpenAQ
kanpur_industrial,229252,"NSI Kalyanpur, Kanpur - UPPCB",co,2026-07-28,0.526,ppb,,,OpenAQ
kanpur_industrial,229252,"NSI Kalyanpur, Kanpur - UPPCB",co,2026-07-29,0.477,ppb,,,OpenAQ
kanpur_industrial,229252,"NSI Kalyanpur, Kanpur - UPPCB",co,2026-07-30,0.439,ppb,,,OpenAQ
kanpur_industrial,229252,"NSI Kalyanpur, Kanpur - UPPCB",co,2026-07-31,0.331,ppb,,,OpenAQ
kanpur_industrial,229252,"NSI Kalyanpur, Kanpur - UPPCB",co,2026-08-01,0.333,ppb,,,OpenAQ
kanpur_industrial,229252,"NSI Kalyanpur, Kanpur - UPPCB",co,2026-08-02,0.374,ppb,,,OpenAQ
kanpur_industrial,229252,"NSI Kalyanpur, Kanpur - UPPCB",co,2026-08-03,0.432,ppb,,,OpenAQ
kanpur_industrial,229252,"NSI Kalyanpur, Kanpur - UPPCB",co,2026-08-04,0.368,ppb,,,OpenAQ
kanpur_industrial,229252,"NSI Kalyanpur, Kanpur - UPPCB",co,2026-08-05,0.28,ppb,,,OpenAQ
kanpur_industrial,229252,"NSI Kalyanpur, Kanpur - UPPCB",co,2026-08-06,0.341,ppb,,,OpenAQ
kanpur_industrial,229252,"NSI Kalyanpur, Kanpur - UPPCB",co,2026-08-07,0.346,ppb,,,OpenAQ
kanpur_industrial,229252,"NSI Kalyanpur, Kanpur - UPPCB",co,2026-08-08,0.389,ppb,,,OpenAQ
kanpur_industrial,229252,"NSI Kalyanpur, Kanpur - UPPCB",co,2026-08-09,0.412,ppb,,,OpenAQ
kanpur_industrial,229252,"NSI Kalyanpur, Kanpur - UPPCB",co,2026-08-10,0.434,ppb,,,OpenAQ
kanpur_industrial,229252,"NSI Kalyanpur, Kanpur - UPPCB",co,2026-08-11,0.409,ppb,,,OpenAQ
kanpur_industrial,229252,"NSI Kalyanpur, Kanpur - UPPCB",co,2026-08-12,0.421,ppb,,,OpenAQ
kanpur_industrial,229252,"NSI Kalyanpur, Kanpur - UPPCB",co,2026-08-13,0.46,ppb,,,OpenAQ
kanpur_industrial,229252,"NSI Kalyanpur, Kanpur - UPPCB",co,2026-08-14,0.402,ppb,,,OpenAQ
kanpur_industrial,229252,"NSI Kalyanpur, Kanpur - UPPCB",co,2026-08-15,0.394,ppb,,,OpenAQ
kanpur_industrial,229252,"NSI Kalyanpur, Kanpur - UPPCB",pm10,2026-07-17,70.4,µg/m³,,,OpenAQ
kanpur_industrial,229252,"NSI Kalyanpur, Kanpur - UPPCB",pm10,2026-07-18,65.6,µg/m³,,,OpenAQ
kanpur_industrial,229252,"NSI Kalyanpur, Kanpur - UPPCB",pm10,2026-07-19,53.1,µg/m³,,,OpenAQ
kanpur_industrial,229252,"NSI Kalyanpur, Kanpur - UPPCB",pm10,2026-07-20,40.0,µg/m³,,,OpenAQ
kanpur_industrial,229252,"NSI Kalyanpur, Kanpur - UPPCB",pm10,2026-07-21,25.4,µg/m³,,,OpenAQ
kanpur_industrial,229252,"NSI Kalyanpur, Kanpur - UPPCB",pm10,2026-07-22,30.5,µg/m³,,,OpenAQ
kanpur_industrial,229252,"NSI Kalyanpur, Kanpur - UPPCB",pm10,2026-07-23,34.6,µg/m³,,,OpenAQ
kanpur_industrial,229252,"NSI Kalyanpur, Kanpur - UPPCB",pm10,2026-07-24,31.1,µg/m³,,,OpenAQ
kanpur_industrial,229252,"NSI Kalyanpur, Kanpur - UPPCB",pm10,2026-07-25,31.3,µg/m³,,,OpenAQ
kanpur_industrial,229252,"NSI Kalyanpur, Kanpur - UPPCB",pm10,2026-07-26,38.0,µg/m³,,,OpenAQ
kanpur_industrial,229252,"NSI Kalyanpur, Kanpur - UPPCB",pm10,2026-07-27,37.6,µg/m³,,,OpenAQ
kanpur_industrial,229252,"NSI Kalyanpur, Kanpur - UPPCB",pm10,2026-07-28,39.9,µg/m³,,,OpenAQ
kanpur_industrial,229252,"NSI Kalyanpur, Kanpur - UPPCB",pm10,2026-07-29,32.7,µg/m³,,,OpenAQ
kanpur_industrial,229252,"NSI Kalyanpur, Kanpur - UPPCB",pm10,2026-07-30,34.2,µg/m³,,,OpenAQ
kanpur_industrial,229252,"NSI Kalyanpur, Kanpur - UPPCB",pm10,2026-07-31,35.7,µg/m³,,,OpenAQ
kanpur_industrial,229252,"NSI Kalyanpur, Kanpur - UPPCB",pm10,2026-08-01,35.7,µg/m³,,,OpenAQ
kanpur_industrial,229252,"NSI Kalyanpur, Kanpur - UPPCB",pm10,2026-08-02,37.6,µg/m³,,,OpenAQ
kanpur_industrial,229252,"NSI Kalyanpur, Kanpur - UPPCB",pm10,2026-08-03,29.5,µg/m³,,,OpenAQ
kanpur_industrial,229252,"NSI Kalyanpur, Kanpur - UPPCB",pm10,2026-08-04,26.2,µg/m³,,,OpenAQ
kanpur_industrial,229252,"NSI Kalyanpur, Kanpur - UPPCB",pm10,2026-08-05,32.5,µg/m³,,,OpenAQ
kanpur_industrial,229252,"NSI Kalyanpur, Kanpur - UPPCB",pm10,2026-08-06,44.9,µg/m³,,,OpenAQ
kanpur_industrial,229252,"NSI Kalyanpur, Kanpur - UPPCB",pm10,2026-08-07,50.5,µg/m³,,,OpenAQ
kanpur_industrial,229252,"NSI Kalyanpur, Kanpur - UPPCB",pm10,2026-08-08,62.4,µg/m³,,,OpenAQ
kanpur_industrial,229252,"NSI Kalyanpur, Kanpur - UPPCB",pm10,2026-08-09,53.9,µg/m³,,,OpenAQ
kanpur_industrial,229252,"NSI Kalyanpur, Kanpur - UPPCB",pm10,2026-08-10,79.3,µg/m³,,,OpenAQ
kanpur_industrial,229252,"NSI Kalyanpur, Kanpur - UPPCB",pm10,2026-08-11,72.2,µg/m³,,,OpenAQ
kanpur_industrial,229252,"NSI Kalyanpur, Kanpur - UPPCB",pm10,2026-08-12,66.7,µg/m³,,,OpenAQ
kanpur_industrial,229252,"NSI Kalyanpur, Kanpur - UPPCB",pm10,2026-08-13,78.3,µg/m³,,,OpenAQ
kanpur_industrial,229252,"NSI Kalyanpur, Kanpur - UPPCB",pm10,2026-08-14,41.4,µg/m³,,,OpenAQ
kanpur_industrial,229252,"NSI Kalyanpur, Kanpur - UPPCB",pm10,2026-08-15,41.7,µg/m³,,,OpenAQ
kanpur_industrial,229252,"NSI Kalyanpur, Kanpur - UPPCB",so2,2026-07-17,18.6,ppb,,,OpenAQ
kanpur_industrial,229252,"NSI Kalyanpur, Kanpur - UPPCB",so2,2026-07-18,18.7,ppb,,,OpenAQ
kanpur_industrial,229252,"NSI Kalyanpur, Kanpur - UPPCB",so2,2026-07-19,20.0,ppb,,,OpenAQ
kanpur_industrial,229252,"NSI Kalyanpur, Kanpur - UPPCB",so2,2026-07-20,19.1,ppb,,,OpenAQ
kanpur_industrial,229252,"NSI Kalyanpur, Kanpur - UPPCB",so2,2026-07-21,17.6,ppb,,,OpenAQ
kanpur_industrial,229252,"NSI Kalyanpur, Kanpur - UPPCB",so2,2026-07-22,17.5,ppb,,,OpenAQ
kanpur_industrial,229252,"NSI Kalyanpur, Kanpur - UPPCB",so2,2026-07-23,18.0,ppb,,,OpenAQ
kanpur_industrial,229252,"NSI Kalyanpur, Kanpur - UPPCB",so2,2026-07-24,19.1,ppb,,,OpenAQ
kanpur_industrial,229252,"NSI Kalyanpur, Kanpur - UPPCB",so2,2026-07-25,18.3,ppb,,,OpenAQ
kanpur_industrial,229252,"NSI Kalyanpur, Kanpur - UPPCB",so2,2026-07-26,18.4,ppb,,,OpenAQ
kanpur_industrial,229252,"NSI Kalyanpur, Kanpur - UPPCB",so2,2026-07-27,19.1,ppb,,,OpenAQ
kanpur_industrial,229252,"NSI Kalyanpur, Kanpur - UPPCB",so2,2026-07-28,21.1,ppb,,,OpenAQ
kanpur_industrial,229252,"NSI Kalyanpur, Kanpur - UPPCB",so2,2026-07-29,20.6,ppb,,,OpenAQ
kanpur_industrial,229252,"NSI Kalyanpur, Kanpur - UPPCB",so2,2026-07-30,20.4,ppb,,,OpenAQ
kanpur_industrial,229252,"NSI Kalyanpur, Kanpur - UPPCB",so2,2026-07-31,22.0,ppb,,,OpenAQ
kanpur_industrial,229252,"NSI Kalyanpur, Kanpur - UPPCB",so2,2026-08-01,22.5,ppb,,,OpenAQ
kanpur_industrial,229252,"NSI Kalyanpur, Kanpur - UPPCB",so2,2026-08-02,25.6,ppb,,,OpenAQ
kanpur_industrial,229252,"NSI Kalyanpur, Kanpur - UPPCB",so2,2026-08-03,20.1,ppb,,,OpenAQ
kanpur_industrial,229252,"NSI Kalyanpur, Kanpur - UPPCB",so2,2026-08-04,19.3,ppb,,,OpenAQ
kanpur_industrial,229252,"NSI Kalyanpur, Kanpur - UPPCB",so2,2026-08-05,18.3,ppb,,,OpenAQ
kanpur_industrial,229252,"NSI Kalyanpur, Kanpur - UPPCB",so2,2026-08-06,18.7,ppb,,,OpenAQ
kanpur_industrial,229252,"NSI Kalyanpur, Kanpur - UPPCB",so2,2026-08-07,19.2,ppb,,,OpenAQ
kanpur_industrial,229252,"NSI Kalyanpur, Kanpur - UPPCB",so2,2026-08-08,19.5,ppb,,,OpenAQ
kanpur_industrial,229252,"NSI Kalyanpur, Kanpur - UPPCB",so2,2026-08-09,18.7,ppb,,,OpenAQ
kanpur_industrial,229252,"NSI Kalyanpur, Kanpur - UPPCB",so2,2026-08-10,19.2,ppb,,,OpenAQ
kanpur_industrial,229252,"NSI Kalyanpur, Kanpur - UPPCB",so2,2026-08-11,19.0,ppb,,,OpenAQ
kanpur_industrial,229252,"NSI Kalyanpur, Kanpur - UPPCB",so2,2026-08-12,19.5,ppb,,,OpenAQ
kanpur_industrial,229252,"NSI Kalyanpur, Kanpur - UPPCB",so2,2026-08-13,19.1,ppb,,,OpenAQ
kanpur_industrial,229252,"NSI Kalyanpur, Kanpur - UPPCB",so2,2026-08-14,19.1,ppb,,,OpenAQ
kanpur_industrial,229252,"NSI Kalyanpur, Kanpur - UPPCB",so2,2026-08-15,19.2,ppb,,,OpenAQ
kanpur_industrial,229252,"NSI Kalyanpur, Kanpur - UPPCB",pm25,2026-07-17,24.1,µg/m³,,,OpenAQ
kanpur_industrial,229252,"NSI Kalyanpur, Kanpur - UPPCB",pm25,2026-07-18,22.4,µg/m³,,,OpenAQ
kanpur_industrial,229252,"NSI Kalyanpur, Kanpur - UPPCB",pm25,2026-07-19,21.6,µg/m³,,,OpenAQ
kanpur_industrial,229252,"NSI Kalyanpur, Kanpur - UPPCB",pm25,2026-07-20,15.2,µg/m³,,,OpenAQ
kanpur_industrial,229252,"NSI Kalyanpur, Kanpur - UPPCB",pm25,2026-07-21,8.0,µg/m³,,,OpenAQ
kanpur_industrial,229252,"NSI Kalyanpur, Kanpur - UPPCB",pm25,2026-07-22,10.3,µg/m³,,,OpenAQ
kanpur_industrial,229252,"NSI Kalyanpur, Kanpur - UPPCB",pm25,2026-07-23,11.0,µg/m³,,,OpenAQ
kanpur_industrial,229252,"NSI Kalyanpur, Kanpur - UPPCB",pm25,2026-07-24,4.95,µg/m³,,,OpenAQ
kanpur_industrial,229252,"NSI Kalyanpur, Kanpur - UPPCB",pm25,2026-07-26,15.3,µg/m³,,,OpenAQ
kanpur_industrial,229252,"NSI Kalyanpur, Kanpur - UPPCB",pm25,2026-07-27,9.71,µg/m³,,,OpenAQ
kanpur_industrial,229252,"NSI Kalyanpur, Kanpur - UPPCB",pm25,2026-07-28,13.4,µg/m³,,,OpenAQ
kanpur_industrial,229252,"NSI Kalyanpur, Kanpur - UPPCB",pm25,2026-07-29,9.21,µg/m³,,,OpenAQ
kanpur_industrial,229252,"NSI Kalyanpur, Kanpur - UPPCB",pm25,2026-07-30,10.5,µg/m³,,,OpenAQ
kanpur_industrial,229252,"NSI Kalyanpur, Kanpur - UPPCB",pm25,2026-07-31,13.6,µg/m³,,,OpenAQ
kanpur_industrial,229252,"NSI Kalyanpur, Kanpur - UPPCB",pm25,2026-08-01,11.5,µg/m³,,,OpenAQ
kanpur_industrial,229252,"NSI Kalyanpur, Kanpur - UPPCB",pm25,2026-08-02,11.2,µg/m³,,,OpenAQ
kanpur_industrial,229252,"NSI Kalyanpur, Kanpur - UPPCB",pm25,2026-08-04,17.7,µg/m³,,,OpenAQ
kanpur_industrial,229252,"NSI Kalyanpur, Kanpur - UPPCB",pm25,2026-08-05,16.5,µg/m³,,,OpenAQ
kanpur_industrial,229252,"NSI Kalyanpur, Kanpur - UPPCB",pm25,2026-08-06,28.9,µg/m³,,,OpenAQ
kanpur_industrial,229252,"NSI Kalyanpur, Kanpur - UPPCB",pm25,2026-08-07,34.6,µg/m³,,,OpenAQ
kanpur_industrial,229252,"NSI Kalyanpur, Kanpur - UPPCB",pm25,2026-08-08,38.7,µg/m³,,,OpenAQ
kanpur_industrial,229252,"NSI Kalyanpur, Kanpur - UPPCB",pm25,2026-08-09,31.0,µg/m³,,,OpenAQ
kanpur_industrial,229252,"NSI Kalyanpur, Kanpur - UPPCB",pm25,2026-08-10,47.9,µg/m³,,,OpenAQ
kanpur_industrial,229252,"NSI Kalyanpur, Kanpur - UPPCB",pm25,2026-08-11,41.1,µg/m³,,,OpenAQ
kanpur_industrial,229252,"NSI Kalyanpur, Kanpur - UPPCB",pm25,2026-08-12,30.3,µg/m³,,,OpenAQ
kanpur_industrial,229252,"NSI Kalyanpur, Kanpur - UPPCB",pm25,2026-08-13,39.2,µg/m³,,,OpenAQ
kanpur_industrial,229252,"NSI Kalyanpur, Kanpur - UPPCB",pm25,2026-08-14,14.5,µg/m³,,,OpenAQ
kanpur_industrial,229252,"NSI Kalyanpur, Kanpur - UPPCB",pm25,2026-08-15,15.9,µg/m³,,,OpenAQ
kanpur_industrial,229252,"NSI Kalyanpur, Kanpur - UPPCB",o3,2026-07-17,20.9,µg/m³,,,OpenAQ
kanpur_industrial,229252,"NSI Kalyanpur, Kanpur - UPPCB",o3,2026-07-18,21.3,µg/m³,,,OpenAQ
kanpur_industrial,229252,"NSI Kalyanpur, Kanpur - UPPCB",o3,2026-07-19,21.4,µg/m³,,,OpenAQ
kanpur_industrial,229252,"NSI Kalyanpur, Kanpur - UPPCB",o3,2026-07-20,21.3,µg/m³,,,OpenAQ
kanpur_industrial,229252,"NSI Kalyanpur, Kanpur - UPPCB",o3,2026-07-21,20.6,µg/m³,,,OpenAQ
kanpur_industrial,229252,"NSI Kalyanpur, Kanpur - UPPCB",o3,2026-07-22,20.3,µg/m³,,,OpenAQ
kanpur_industrial,229252,"NSI Kalyanpur, Kanpur - UPPCB",o3,2026-07-23,20.5,µg/m³,,,OpenAQ
kanpur_industrial,229252,"NSI Kalyanpur, Kanpur - UPPCB",o3,2026-07-24,20.7,µg/m³,,,OpenAQ
kanpur_industrial,229252,"NSI Kalyanpur, Kanpur - UPPCB",o3,2026-07-25,21.0,µg/m³,,,OpenAQ
kanpur_industrial,229252,"NSI Kalyanpur, Kanpur - UPPCB",o3,2026-07-26,20.7,µg/m³,,,OpenAQ
kanpur_industrial,229252,"NSI Kalyanpur, Kanpur - UPPCB",o3,2026-07-27,20.2,µg/m³,,,OpenAQ
kanpur_industrial,229252,"NSI Kalyanpur, Kanpur - UPPCB",o3,2026-07-28,19.8,µg/m³,,,OpenAQ
kanpur_industrial,229252,"NSI Kalyanpur, Kanpur - UPPCB",o3,2026-07-29,19.9,µg/m³,,,OpenAQ
kanpur_industrial,229252,"NSI Kalyanpur, Kanpur - UPPCB",o3,2026-07-30,20.2,µg/m³,,,OpenAQ
kanpur_industrial,229252,"NSI Kalyanpur, Kanpur - UPPCB",o3,2026-07-31,19.9,µg/m³,,,OpenAQ
kanpur_industrial,229252,"NSI Kalyanpur, Kanpur - UPPCB",o3,2026-08-01,19.8,µg/m³,,,OpenAQ
kanpur_industrial,229252,"NSI Kalyanpur, Kanpur - UPPCB",o3,2026-08-02,19.7,µg/m³,,,OpenAQ
kanpur_industrial,229252,"NSI Kalyanpur, Kanpur - UPPCB",o3,2026-08-03,20.5,µg/m³,,,OpenAQ
kanpur_industrial,229252,"NSI Kalyanpur, Kanpur - UPPCB",o3,2026-08-04,20.3,µg/m³,,,OpenAQ
kanpur_industrial,229252,"NSI Kalyanpur, Kanpur - UPPCB",o3,2026-08-05,19.9,µg/m³,,,OpenAQ
kanpur_industrial,229252,"NSI Kalyanpur, Kanpur - UPPCB",o3,2026-08-06,20.4,µg/m³,,,OpenAQ
kanpur_industrial,229252,"NSI Kalyanpur, Kanpur - UPPCB",o3,2026-08-07,20.4,µg/m³,,,OpenAQ
kanpur_industrial,229252,"NSI Kalyanpur, Kanpur - UPPCB",o3,2026-08-08,20.6,µg/m³,,,OpenAQ
kanpur_industrial,229252,"NSI Kalyanpur, Kanpur - UPPCB",o3,2026-08-09,20.5,µg/m³,,,OpenAQ
kanpur_industrial,229252,"NSI Kalyanpur, Kanpur - UPPCB",o3,2026-08-10,20.5,µg/m³,,,OpenAQ
kanpur_industrial,229252,"NSI Kalyanpur, Kanpur - UPPCB",o3,2026-08-11,20.6,µg/m³,,,OpenAQ
kanpur_industrial,229252,"NSI Kalyanpur, Kanpur - UPPCB",o3,2026-08-12,21.0,µg/m³,,,OpenAQ
kanpur_industrial,229252,"NSI Kalyanpur, Kanpur - UPPCB",o3,2026-08-13,20.4,µg/m³,,,OpenAQ
kanpur_industrial,229252,"NSI Kalyanpur, Kanpur - UPPCB",o3,2026-08-14,20.6,µg/m³,,,OpenAQ
kanpur_industrial,229252,"NSI Kalyanpur, Kanpur - UPPCB",o3,2026-08-15,20.9,µg/m³,,,OpenAQ
kanpur_industrial,229252,"NSI Kalyanpur, Kanpur - UPPCB",no2,2026-07-17,24.9,ppb,,,OpenAQ
kanpur_industrial,229252,"NSI Kalyanpur, Kanpur - UPPCB",no2,2026-07-18,24.9,ppb,,,OpenAQ
kanpur_industrial,229252,"NSI Kalyanpur, Kanpur - UPPCB",no2,2026-07-19,25.0,ppb,,,OpenAQ
kanpur_industrial,229252,"NSI Kalyanpur, Kanpur - UPPCB",no2,2026-07-20,25.0,ppb,,,OpenAQ
kanpur_industrial,229252,"NSI Kalyanpur, Kanpur - UPPCB",no2,2026-07-21,24.9,ppb,,,OpenAQ
kanpur_industrial,229252,"NSI Kalyanpur, Kanpur - UPPCB",no2,2026-07-22,25.0,ppb,,,OpenAQ
kanpur_industrial,229252,"NSI Kalyanpur, Kanpur - UPPCB",no2,2026-07-23,24.9,ppb,,,OpenAQ
kanpur_industrial,229252,"NSI Kalyanpur, Kanpur - UPPCB",no2,2026-07-24,25.0,ppb,,,OpenAQ
kanpur_industrial,229252,"NSI Kalyanpur, Kanpur - UPPCB",no2,2026-07-25,25.0,ppb,,,OpenAQ
kanpur_industrial,229252,"NSI Kalyanpur, Kanpur - UPPCB",no2,2026-07-26,25.0,ppb,,,OpenAQ
kanpur_industrial,229252,"NSI Kalyanpur, Kanpur - UPPCB",no2,2026-07-27,24.9,ppb,,,OpenAQ
kanpur_industrial,229252,"NSI Kalyanpur, Kanpur - UPPCB",no2,2026-07-28,25.0,ppb,,,OpenAQ
kanpur_industrial,229252,"NSI Kalyanpur, Kanpur - UPPCB",no2,2026-07-29,25.0,ppb,,,OpenAQ
kanpur_industrial,229252,"NSI Kalyanpur, Kanpur - UPPCB",no2,2026-07-30,25.0,ppb,,,OpenAQ
kanpur_industrial,229252,"NSI Kalyanpur, Kanpur - UPPCB",no2,2026-07-31,25.0,ppb,,,OpenAQ
kanpur_industrial,229252,"NSI Kalyanpur, Kanpur - UPPCB",no2,2026-08-01,25.0,ppb,,,OpenAQ
kanpur_industrial,229252,"NSI Kalyanpur, Kanpur - UPPCB",no2,2026-08-02,25.0,ppb,,,OpenAQ
kanpur_industrial,229252,"NSI Kalyanpur, Kanpur - UPPCB",no2,2026-08-03,25.0,ppb,,,OpenAQ
kanpur_industrial,229252,"NSI Kalyanpur, Kanpur - UPPCB",no2,2026-08-04,25.2,ppb,,,OpenAQ
kanpur_industrial,229252,"NSI Kalyanpur, Kanpur - UPPCB",no2,2026-08-05,25.0,ppb,,,OpenAQ
kanpur_industrial,229252,"NSI Kalyanpur, Kanpur - UPPCB",no2,2026-08-06,25.0,ppb,,,OpenAQ
kanpur_industrial,229252,"NSI Kalyanpur, Kanpur - UPPCB",no2,2026-08-07,25.0,ppb,,,OpenAQ
kanpur_industrial,229252,"NSI Kalyanpur, Kanpur - UPPCB",no2,2026-08-08,25.0,ppb,,,OpenAQ
kanpur_industrial,229252,"NSI Kalyanpur, Kanpur - UPPCB",no2,2026-08-09,25.0,ppb,,,OpenAQ
kanpur_industrial,229252,"NSI Kalyanpur, Kanpur - UPPCB",no2,2026-08-10,25.0,ppb,,,OpenAQ
kanpur_industrial,229252,"NSI Kalyanpur, Kanpur - UPPCB",no2,2026-08-11,25.0,ppb,,,OpenAQ
kanpur_industrial,229252,"NSI Kalyanpur, Kanpur - UPPCB",no2,2026-08-12,25.0,ppb,,,OpenAQ
kanpur_industrial,229252,"NSI Kalyanpur, Kanpur - UPPCB",no2,2026-08-13,25.0,ppb,,,OpenAQ
kanpur_industrial,229252,"NSI Kalyanpur, Kanpur - UPPCB",no2,2026-08-14,25.1,ppb,,,OpenAQ
kanpur_industrial,229252,"NSI Kalyanpur, Kanpur - UPPCB",no2,2026-08-15,25.1,ppb,,,OpenAQ
kanpur_industrial,234568,"FTI Kidwai Nagar, Kanpur - UPPCB",co,2026-07-17,0.67,ppb,,,OpenAQ
kanpur_industrial,234568,"FTI Kidwai Nagar, Kanpur - UPPCB",co,2026-07-18,0.654,ppb,,,OpenAQ
kanpur_industrial,234568,"FTI Kidwai Nagar, Kanpur - UPPCB",co,2026-07-19,0.656,ppb,,,OpenAQ
kanpur_industrial,234568,"FTI Kidwai Nagar, Kanpur - UPPCB",co,2026-07-20,0.663,ppb,,,OpenAQ
kanpur_industrial,234568,"FTI Kidwai Nagar, Kanpur - UPPCB",co,2026-07-21,0.663,ppb,,,OpenAQ
kanpur_industrial,234568,"FTI Kidwai Nagar, Kanpur - UPPCB",co,2026-07-22,0.657,ppb,,,OpenAQ
kanpur_industrial,234568,"FTI Kidwai Nagar, Kanpur - UPPCB",co,2026-07-23,0.653,ppb,,,OpenAQ
kanpur_industrial,234568,"FTI Kidwai Nagar, Kanpur - UPPCB",co,2026-07-24,0.644,ppb,,,OpenAQ
kanpur_industrial,234568,"FTI Kidwai Nagar, Kanpur - UPPCB",co,2026-07-25,0.68,ppb,,,OpenAQ
kanpur_industrial,234568,"FTI Kidwai Nagar, Kanpur - UPPCB",co,2026-07-26,0.686,ppb,,,OpenAQ
kanpur_industrial,234568,"FTI Kidwai Nagar, Kanpur - UPPCB",co,2026-07-27,0.696,ppb,,,OpenAQ
kanpur_industrial,234568,"FTI Kidwai Nagar, Kanpur - UPPCB",co,2026-07-28,0.679,ppb,,,OpenAQ
kanpur_industrial,234568,"FTI Kidwai Nagar, Kanpur - UPPCB",co,2026-07-29,0.664,ppb,,,OpenAQ
kanpur_industrial,234568,"FTI Kidwai Nagar, Kanpur - UPPCB",co,2026-07-30,0.648,ppb,,,OpenAQ
kanpur_industrial,234568,"FTI Kidwai Nagar, Kanpur - UPPCB",co,2026-07-31,0.619,ppb,,,OpenAQ
kanpur_industrial,234568,"FTI Kidwai Nagar, Kanpur - UPPCB",co,2026-08-01,0.63,ppb,,,OpenAQ
kanpur_industrial,234568,"FTI Kidwai Nagar, Kanpur - UPPCB",co,2026-08-02,0.628,ppb,,,OpenAQ
kanpur_industrial,234568,"FTI Kidwai Nagar, Kanpur - UPPCB",co,2026-08-03,0.633,ppb,,,OpenAQ
kanpur_industrial,234568,"FTI Kidwai Nagar, Kanpur - UPPCB",co,2026-08-04,0.64,ppb,,,OpenAQ
kanpur_industrial,234568,"FTI Kidwai Nagar, Kanpur - UPPCB",co,2026-08-05,0.649,ppb,,,OpenAQ
kanpur_industrial,234568,"FTI Kidwai Nagar, Kanpur - UPPCB",co,2026-08-06,0.651,ppb,,,OpenAQ
kanpur_industrial,234568,"FTI Kidwai Nagar, Kanpur - UPPCB",co,2026-08-07,0.651,ppb,,,OpenAQ
kanpur_industrial,234568,"FTI Kidwai Nagar, Kanpur - UPPCB",co,2026-08-08,0.658,ppb,,,OpenAQ
kanpur_industrial,234568,"FTI Kidwai Nagar, Kanpur - UPPCB",co,2026-08-09,0.668,ppb,,,OpenAQ
kanpur_industrial,234568,"FTI Kidwai Nagar, Kanpur - UPPCB",co,2026-08-10,0.654,ppb,,,OpenAQ
kanpur_industrial,234568,"FTI Kidwai Nagar, Kanpur - UPPCB",co,2026-08-11,0.662,ppb,,,OpenAQ
kanpur_industrial,234568,"FTI Kidwai Nagar, Kanpur - UPPCB",co,2026-08-12,0.649,ppb,,,OpenAQ
kanpur_industrial,234568,"FTI Kidwai Nagar, Kanpur - UPPCB",co,2026-08-13,0.646,ppb,,,OpenAQ
kanpur_industrial,234568,"FTI Kidwai Nagar, Kanpur - UPPCB",co,2026-08-14,0.663,ppb,,,OpenAQ
kanpur_industrial,234568,"FTI Kidwai Nagar, Kanpur - UPPCB",co,2026-08-15,0.661,ppb,,,OpenAQ
kanpur_industrial,234568,"FTI Kidwai Nagar, Kanpur - UPPCB",no2,2026-07-17,21.3,ppb,,,OpenAQ
kanpur_industrial,234568,"FTI Kidwai Nagar, Kanpur - UPPCB",no2,2026-07-18,21.3,ppb,,,OpenAQ
kanpur_industrial,234568,"FTI Kidwai Nagar, Kanpur - UPPCB",no2,2026-07-19,21.4,ppb,,,OpenAQ
kanpur_industrial,234568,"FTI Kidwai Nagar, Kanpur - UPPCB",no2,2026-07-20,21.4,ppb,,,OpenAQ
kanpur_industrial,234568,"FTI Kidwai Nagar, Kanpur - UPPCB",no2,2026-07-21,21.4,ppb,,,OpenAQ
kanpur_industrial,234568,"FTI Kidwai Nagar, Kanpur - UPPCB",no2,2026-07-22,21.3,ppb,,,OpenAQ
kanpur_industrial,234568,"FTI Kidwai Nagar, Kanpur - UPPCB",no2,2026-07-23,21.3,ppb,,,OpenAQ
kanpur_industrial,234568,"FTI Kidwai Nagar, Kanpur - UPPCB",no2,2026-07-24,21.3,ppb,,,OpenAQ
kanpur_industrial,234568,"FTI Kidwai Nagar, Kanpur - UPPCB",no2,2026-07-25,21.4,ppb,,,OpenAQ
kanpur_industrial,234568,"FTI Kidwai Nagar, Kanpur - UPPCB",no2,2026-07-26,21.4,ppb,,,OpenAQ
kanpur_industrial,234568,"FTI Kidwai Nagar, Kanpur - UPPCB",no2,2026-07-27,21.4,ppb,,,OpenAQ
kanpur_industrial,234568,"FTI Kidwai Nagar, Kanpur - UPPCB",no2,2026-07-28,21.4,ppb,,,OpenAQ
kanpur_industrial,234568,"FTI Kidwai Nagar, Kanpur - UPPCB",no2,2026-07-29,21.4,ppb,,,OpenAQ
kanpur_industrial,234568,"FTI Kidwai Nagar, Kanpur - UPPCB",no2,2026-07-30,21.4,ppb,,,OpenAQ
kanpur_industrial,234568,"FTI Kidwai Nagar, Kanpur - UPPCB",no2,2026-07-31,21.3,ppb,,,OpenAQ
kanpur_industrial,234568,"FTI Kidwai Nagar, Kanpur - UPPCB",no2,2026-08-01,21.3,ppb,,,OpenAQ
kanpur_industrial,234568,"FTI Kidwai Nagar, Kanpur - UPPCB",no2,2026-08-02,21.4,ppb,,,OpenAQ
kanpur_industrial,234568,"FTI Kidwai Nagar, Kanpur - UPPCB",no2,2026-08-03,21.4,ppb,,,OpenAQ
kanpur_industrial,234568,"FTI Kidwai Nagar, Kanpur - UPPCB",no2,2026-08-04,21.4,ppb,,,OpenAQ
kanpur_industrial,234568,"FTI Kidwai Nagar, Kanpur - UPPCB",no2,2026-08-05,21.5,ppb,,,OpenAQ
kanpur_industrial,234568,"FTI Kidwai Nagar, Kanpur - UPPCB",no2,2026-08-06,21.3,ppb,,,OpenAQ
kanpur_industrial,234568,"FTI Kidwai Nagar, Kanpur - UPPCB",no2,2026-08-07,21.4,ppb,,,OpenAQ
kanpur_industrial,234568,"FTI Kidwai Nagar, Kanpur - UPPCB",no2,2026-08-08,21.4,ppb,,,OpenAQ
kanpur_industrial,234568,"FTI Kidwai Nagar, Kanpur - UPPCB",no2,2026-08-09,21.4,ppb,,,OpenAQ
kanpur_industrial,234568,"FTI Kidwai Nagar, Kanpur - UPPCB",no2,2026-08-10,21.4,ppb,,,OpenAQ
kanpur_industrial,234568,"FTI Kidwai Nagar, Kanpur - UPPCB",no2,2026-08-11,21.3,ppb,,,OpenAQ
kanpur_industrial,234568,"FTI Kidwai Nagar, Kanpur - UPPCB",no2,2026-08-12,21.3,ppb,,,OpenAQ
kanpur_industrial,234568,"FTI Kidwai Nagar, Kanpur - UPPCB",no2,2026-08-13,21.3,ppb,,,OpenAQ
kanpur_industrial,234568,"FTI Kidwai Nagar, Kanpur - UPPCB",no2,2026-08-14,21.4,ppb,,,OpenAQ
kanpur_industrial,234568,"FTI Kidwai Nagar, Kanpur - UPPCB",no2,2026-08-15,21.4,ppb,,,OpenAQ
kanpur_industrial,234568,"FTI Kidwai Nagar, Kanpur - UPPCB",pm25,2026-07-17,23.3,µg/m³,,,OpenAQ
kanpur_industrial,234568,"FTI Kidwai Nagar, Kanpur - UPPCB",pm25,2026-07-18,26.5,µg/m³,,,OpenAQ
kanpur_industrial,234568,"FTI Kidwai Nagar, Kanpur - UPPCB",pm25,2026-07-19,15.3,µg/m³,,,OpenAQ
kanpur_industrial,234568,"FTI Kidwai Nagar, Kanpur - UPPCB",pm25,2026-07-20,7.21,µg/m³,,,OpenAQ
kanpur_industrial,234568,"FTI Kidwai Nagar, Kanpur - UPPCB",pm25,2026-07-21,11.1,µg/m³,,,OpenAQ
kanpur_industrial,234568,"FTI Kidwai Nagar, Kanpur - UPPCB",pm25,2026-07-22,23.0,µg/m³,,,OpenAQ
kanpur_industrial,234568,"FTI Kidwai Nagar, Kanpur - UPPCB",pm25,2026-07-23,29.2,µg/m³,,,OpenAQ
kanpur_industrial,234568,"FTI Kidwai Nagar, Kanpur - UPPCB",pm25,2026-07-24,28.2,µg/m³,,,OpenAQ
kanpur_industrial,234568,"FTI Kidwai Nagar, Kanpur - UPPCB",pm25,2026-07-25,32.8,µg/m³,,,OpenAQ
kanpur_industrial,234568,"FTI Kidwai Nagar, Kanpur - UPPCB",pm25,2026-07-26,29.7,µg/m³,,,OpenAQ
kanpur_industrial,234568,"FTI Kidwai Nagar, Kanpur - UPPCB",pm25,2026-07-27,20.9,µg/m³,,,OpenAQ
kanpur_industrial,234568,"FTI Kidwai Nagar, Kanpur - UPPCB",pm25,2026-07-28,32.2,µg/m³,,,OpenAQ
kanpur_industrial,234568,"FTI Kidwai Nagar, Kanpur - UPPCB",pm25,2026-07-29,20.6,µg/m³,,,OpenAQ
kanpur_industrial,234568,"FTI Kidwai Nagar, Kanpur - UPPCB",pm25,2026-07-30,28.2,µg/m³,,,OpenAQ
kanpur_industrial,234568,"FTI Kidwai Nagar, Kanpur - UPPCB",pm25,2026-07-31,32.4,µg/m³,,,OpenAQ
kanpur_industrial,234568,"FTI Kidwai Nagar, Kanpur - UPPCB",pm25,2026-08-01,30.6,µg/m³,,,OpenAQ
kanpur_industrial,234568,"FTI Kidwai Nagar, Kanpur - UPPCB",pm25,2026-08-02,26.2,µg/m³,,,OpenAQ
kanpur_industrial,234568,"FTI Kidwai Nagar, Kanpur - UPPCB",pm25,2026-08-03,28.9,µg/m³,,,OpenAQ
kanpur_industrial,234568,"FTI Kidwai Nagar, Kanpur - UPPCB",pm25,2026-08-04,19.2,µg/m³,,,OpenAQ
kanpur_industrial,234568,"FTI Kidwai Nagar, Kanpur - UPPCB",pm25,2026-08-05,17.4,µg/m³,,,OpenAQ
kanpur_industrial,234568,"FTI Kidwai Nagar, Kanpur - UPPCB",pm25,2026-08-06,38.1,µg/m³,,,OpenAQ
kanpur_industrial,234568,"FTI Kidwai Nagar, Kanpur - UPPCB",pm25,2026-08-07,29.3,µg/m³,,,OpenAQ
kanpur_industrial,234568,"FTI Kidwai Nagar, Kanpur - UPPCB",pm25,2026-08-08,37.4,µg/m³,,,OpenAQ
kanpur_industrial,234568,"FTI Kidwai Nagar, Kanpur - UPPCB",pm25,2026-08-09,39.8,µg/m³,,,OpenAQ
kanpur_industrial,234568,"FTI Kidwai Nagar, Kanpur - UPPCB",pm25,2026-08-10,46.8,µg/m³,,,OpenAQ
kanpur_industrial,234568,"FTI Kidwai Nagar, Kanpur - UPPCB",pm25,2026-08-11,49.2,µg/m³,,,OpenAQ
kanpur_industrial,234568,"FTI Kidwai Nagar, Kanpur - UPPCB",pm25,2026-08-12,26.7,µg/m³,,,OpenAQ
kanpur_industrial,234568,"FTI Kidwai Nagar, Kanpur - UPPCB",pm25,2026-08-13,56.1,µg/m³,,,OpenAQ
kanpur_industrial,234568,"FTI Kidwai Nagar, Kanpur - UPPCB",pm25,2026-08-14,38.6,µg/m³,,,OpenAQ
kanpur_industrial,234568,"FTI Kidwai Nagar, Kanpur - UPPCB",pm25,2026-08-15,37.0,µg/m³,,,OpenAQ
kanpur_industrial,234568,"FTI Kidwai Nagar, Kanpur - UPPCB",so2,2026-07-17,15.0,ppb,,,OpenAQ
kanpur_industrial,234568,"FTI Kidwai Nagar, Kanpur - UPPCB",so2,2026-07-18,18.6,ppb,,,OpenAQ
kanpur_industrial,234568,"FTI Kidwai Nagar, Kanpur - UPPCB",so2,2026-07-19,18.7,ppb,,,OpenAQ
kanpur_industrial,234568,"FTI Kidwai Nagar, Kanpur - UPPCB",so2,2026-07-20,19.5,ppb,,,OpenAQ
kanpur_industrial,234568,"FTI Kidwai Nagar, Kanpur - UPPCB",so2,2026-07-21,20.7,ppb,,,OpenAQ
kanpur_industrial,234568,"FTI Kidwai Nagar, Kanpur - UPPCB",so2,2026-07-22,21.6,ppb,,,OpenAQ
kanpur_industrial,234568,"FTI Kidwai Nagar, Kanpur - UPPCB",so2,2026-07-23,21.5,ppb,,,OpenAQ
kanpur_industrial,234568,"FTI Kidwai Nagar, Kanpur - UPPCB",so2,2026-07-24,22.5,ppb,,,OpenAQ
kanpur_industrial,234568,"FTI Kidwai Nagar, Kanpur - UPPCB",so2,2026-07-25,23.6,ppb,,,OpenAQ
kanpur_industrial,234568,"FTI Kidwai Nagar, Kanpur - UPPCB",so2,2026-07-26,25.5,ppb,,,OpenAQ
kanpur_industrial,234568,"FTI Kidwai Nagar, Kanpur - UPPCB",so2,2026-07-27,21.8,ppb,,,OpenAQ
kanpur_industrial,234568,"FTI Kidwai Nagar, Kanpur - UPPCB",so2,2026-07-28,23.7,ppb,,,OpenAQ
kanpur_industrial,234568,"FTI Kidwai Nagar, Kanpur - UPPCB",so2,2026-07-29,25.7,ppb,,,OpenAQ
kanpur_industrial,234568,"FTI Kidwai Nagar, Kanpur - UPPCB",so2,2026-07-30,26.2,ppb,,,OpenAQ
kanpur_industrial,234568,"FTI Kidwai Nagar, Kanpur - UPPCB",so2,2026-07-31,27.8,ppb,,,OpenAQ
kanpur_industrial,234568,"FTI Kidwai Nagar, Kanpur - UPPCB",so2,2026-08-01,23.8,ppb,,,OpenAQ
kanpur_industrial,234568,"FTI Kidwai Nagar, Kanpur - UPPCB",so2,2026-08-02,24.6,ppb,,,OpenAQ
kanpur_industrial,234568,"FTI Kidwai Nagar, Kanpur - UPPCB",so2,2026-08-03,25.9,ppb,,,OpenAQ
kanpur_industrial,234568,"FTI Kidwai Nagar, Kanpur - UPPCB",so2,2026-08-04,26.1,ppb,,,OpenAQ
kanpur_industrial,234568,"FTI Kidwai Nagar, Kanpur - UPPCB",so2,2026-08-05,19.4,ppb,,,OpenAQ
kanpur_industrial,234568,"FTI Kidwai Nagar, Kanpur - UPPCB",so2,2026-08-06,12.4,ppb,,,OpenAQ
kanpur_industrial,234568,"FTI Kidwai Nagar, Kanpur - UPPCB",so2,2026-08-07,15.6,ppb,,,OpenAQ
kanpur_industrial,234568,"FTI Kidwai Nagar, Kanpur - UPPCB",so2,2026-08-08,16.4,ppb,,,OpenAQ
kanpur_industrial,234568,"FTI Kidwai Nagar, Kanpur - UPPCB",so2,2026-08-09,16.5,ppb,,,OpenAQ
kanpur_industrial,234568,"FTI Kidwai Nagar, Kanpur - UPPCB",so2,2026-08-10,17.5,ppb,,,OpenAQ
kanpur_industrial,234568,"FTI Kidwai Nagar, Kanpur - UPPCB",so2,2026-08-11,18.4,ppb,,,OpenAQ
kanpur_industrial,234568,"FTI Kidwai Nagar, Kanpur - UPPCB",so2,2026-08-12,26.4,ppb,,,OpenAQ
kanpur_industrial,234568,"FTI Kidwai Nagar, Kanpur - UPPCB",so2,2026-08-13,18.6,ppb,,,OpenAQ
kanpur_industrial,234568,"FTI Kidwai Nagar, Kanpur - UPPCB",so2,2026-08-14,18.0,ppb,,,OpenAQ
kanpur_industrial,234568,"FTI Kidwai Nagar, Kanpur - UPPCB",so2,2026-08-15,17.8,ppb,,,OpenAQ
kanpur_industrial,234568,"FTI Kidwai Nagar, Kanpur - UPPCB",o3,2026-07-17,11.1,µg/m³,,,OpenAQ
kanpur_industrial,234568,"FTI Kidwai Nagar, Kanpur - UPPCB",o3,2026-07-18,11.1,µg/m³,,,OpenAQ
kanpur_industrial,234568,"FTI Kidwai Nagar, Kanpur - UPPCB",o3,2026-07-19,11.1,µg/m³,,,OpenAQ
kanpur_industrial,234568,"FTI Kidwai Nagar, Kanpur - UPPCB",o3,2026-07-20,11.1,µg/m³,,,OpenAQ
kanpur_industrial,234568,"FTI Kidwai Nagar, Kanpur - UPPCB",o3,2026-07-21,11.1,µg/m³,,,OpenAQ
kanpur_industrial,234568,"FTI Kidwai Nagar, Kanpur - UPPCB",o3,2026-07-22,11.1,µg/m³,,,OpenAQ
kanpur_industrial,234568,"FTI Kidwai Nagar, Kanpur - UPPCB",o3,2026-07-23,11.1,µg/m³,,,OpenAQ
kanpur_industrial,234568,"FTI Kidwai Nagar, Kanpur - UPPCB",o3,2026-07-24,11.1,µg/m³,,,OpenAQ
kanpur_industrial,234568,"FTI Kidwai Nagar, Kanpur - UPPCB",o3,2026-07-25,11.1,µg/m³,,,OpenAQ
kanpur_industrial,234568,"FTI Kidwai Nagar, Kanpur - UPPCB",o3,2026-07-26,11.1,µg/m³,,,OpenAQ
kanpur_industrial,234568,"FTI Kidwai Nagar, Kanpur - UPPCB",o3,2026-07-27,11.1,µg/m³,,,OpenAQ
kanpur_industrial,234568,"FTI Kidwai Nagar, Kanpur - UPPCB",o3,2026-07-28,11.1,µg/m³,,,OpenAQ
kanpur_industrial,234568,"FTI Kidwai Nagar, Kanpur - UPPCB",o3,2026-07-29,11.1,µg/m³,,,OpenAQ
kanpur_industrial,234568,"FTI Kidwai Nagar, Kanpur - UPPCB",o3,2026-07-30,11.1,µg/m³,,,OpenAQ
kanpur_industrial,234568,"FTI Kidwai Nagar, Kanpur - UPPCB",o3,2026-07-31,11.1,µg/m³,,,OpenAQ
kanpur_industrial,234568,"FTI Kidwai Nagar, Kanpur - UPPCB",o3,2026-08-01,11.1,µg/m³,,,OpenAQ
kanpur_industrial,234568,"FTI Kidwai Nagar, Kanpur - UPPCB",o3,2026-08-02,11.1,µg/m³,,,OpenAQ
kanpur_industrial,234568,"FTI Kidwai Nagar, Kanpur - UPPCB",o3,2026-08-03,11.1,µg/m³,,,OpenAQ
kanpur_industrial,234568,"FTI Kidwai Nagar, Kanpur - UPPCB",o3,2026-08-04,11.1,µg/m³,,,OpenAQ
kanpur_industrial,234568,"FTI Kidwai Nagar, Kanpur - UPPCB",o3,2026-08-05,11.1,µg/m³,,,OpenAQ
kanpur_industrial,234568,"FTI Kidwai Nagar, Kanpur - UPPCB",o3,2026-08-06,11.1,µg/m³,,,OpenAQ
kanpur_industrial,234568,"FTI Kidwai Nagar, Kanpur - UPPCB",o3,2026-08-07,11.1,µg/m³,,,OpenAQ
kanpur_industrial,234568,"FTI Kidwai Nagar, Kanpur - UPPCB",o3,2026-08-08,11.1,µg/m³,,,OpenAQ
kanpur_industrial,234568,"FTI Kidwai Nagar, Kanpur - UPPCB",o3,2026-08-09,11.1,µg/m³,,,OpenAQ
kanpur_industrial,234568,"FTI Kidwai Nagar, Kanpur - UPPCB",o3,2026-08-10,11.1,µg/m³,,,OpenAQ
kanpur_industrial,234568,"FTI Kidwai Nagar, Kanpur - UPPCB",o3,2026-08-11,11.1,µg/m³,,,OpenAQ
kanpur_industrial,234568,"FTI Kidwai Nagar, Kanpur - UPPCB",o3,2026-08-12,11.1,µg/m³,,,OpenAQ
kanpur_industrial,234568,"FTI Kidwai Nagar, Kanpur - UPPCB",o3,2026-08-13,11.1,µg/m³,,,OpenAQ
kanpur_industrial,234568,"FTI Kidwai Nagar, Kanpur - UPPCB",o3,2026-08-14,11.1,µg/m³,,,OpenAQ
kanpur_industrial,234568,"FTI Kidwai Nagar, Kanpur - UPPCB",o3,2026-08-15,11.1,µg/m³,,,OpenAQ
kanpur_industrial,234568,"FTI Kidwai Nagar, Kanpur - UPPCB",pm10,2026-07-17,53.4,µg/m³,,,OpenAQ
kanpur_industrial,234568,"FTI Kidwai Nagar, Kanpur - UPPCB",pm10,2026-07-18,60.5,µg/m³,,,OpenAQ
kanpur_industrial,234568,"FTI Kidwai Nagar, Kanpur - UPPCB",pm10,2026-07-19,34.9,µg/m³,,,OpenAQ
kanpur_industrial,234568,"FTI Kidwai Nagar, Kanpur - UPPCB",pm10,2026-07-20,16.5,µg/m³,,,OpenAQ
kanpur_industrial,234568,"FTI Kidwai Nagar, Kanpur - UPPCB",pm10,2026-07-21,24.7,µg/m³,,,OpenAQ
kanpur_industrial,234568,"FTI Kidwai Nagar, Kanpur - UPPCB",pm10,2026-07-22,51.3,µg/m³,,,OpenAQ
kanpur_industrial,234568,"FTI Kidwai Nagar, Kanpur - UPPCB",pm10,2026-07-23,65.0,µg/m³,,,OpenAQ
kanpur_industrial,234568,"FTI Kidwai Nagar, Kanpur - UPPCB",pm10,2026-07-24,62.6,µg/m³,,,OpenAQ
kanpur_industrial,234568,"FTI Kidwai Nagar, Kanpur - UPPCB",pm10,2026-07-25,72.5,µg/m³,,,OpenAQ
kanpur_industrial,234568,"FTI Kidwai Nagar, Kanpur - UPPCB",pm10,2026-07-26,54.9,µg/m³,,,OpenAQ
kanpur_industrial,234568,"FTI Kidwai Nagar, Kanpur - UPPCB",pm10,2026-07-27,38.7,µg/m³,,,OpenAQ
kanpur_industrial,234568,"FTI Kidwai Nagar, Kanpur - UPPCB",pm10,2026-07-28,59.5,µg/m³,,,OpenAQ
kanpur_industrial,234568,"FTI Kidwai Nagar, Kanpur - UPPCB",pm10,2026-07-29,38.1,µg/m³,,,OpenAQ
kanpur_industrial,234568,"FTI Kidwai Nagar, Kanpur - UPPCB",pm10,2026-07-30,47.6,µg/m³,,,OpenAQ
kanpur_industrial,234568,"FTI Kidwai Nagar, Kanpur - UPPCB",pm10,2026-07-31,57.9,µg/m³,,,OpenAQ
kanpur_industrial,234568,"FTI Kidwai Nagar, Kanpur - UPPCB",pm10,2026-08-01,61.3,µg/m³,,,OpenAQ
kanpur_industrial,234568,"FTI Kidwai Nagar, Kanpur - UPPCB",pm10,2026-08-02,52.4,µg/m³,,,OpenAQ
kanpur_industrial,234568,"FTI Kidwai Nagar, Kanpur - UPPCB",pm10,2026-08-03,57.7,µg/m³,,,OpenAQ
kanpur_industrial,234568,"FTI Kidwai Nagar, Kanpur - UPPCB",pm10,2026-08-04,38.5,µg/m³,,,OpenAQ
kanpur_industrial,234568,"FTI Kidwai Nagar, Kanpur - UPPCB",pm10,2026-08-05,34.8,µg/m³,,,OpenAQ
kanpur_industrial,234568,"FTI Kidwai Nagar, Kanpur - UPPCB",pm10,2026-08-06,76.2,µg/m³,,,OpenAQ
kanpur_industrial,234568,"FTI Kidwai Nagar, Kanpur - UPPCB",pm10,2026-08-07,58.4,µg/m³,,,OpenAQ
kanpur_industrial,234568,"FTI Kidwai Nagar, Kanpur - UPPCB",pm10,2026-08-08,74.8,µg/m³,,,OpenAQ
kanpur_industrial,234568,"FTI Kidwai Nagar, Kanpur - UPPCB",pm10,2026-08-09,79.5,µg/m³,,,OpenAQ
kanpur_industrial,234568,"FTI Kidwai Nagar, Kanpur - UPPCB",pm10,2026-08-10,93.5,µg/m³,,,OpenAQ
kanpur_industrial,234568,"FTI Kidwai Nagar, Kanpur - UPPCB",pm10,2026-08-11,98.3,µg/m³,,,OpenAQ
kanpur_industrial,234568,"FTI Kidwai Nagar, Kanpur - UPPCB",pm10,2026-08-12,53.5,µg/m³,,,OpenAQ
kanpur_industrial,234568,"FTI Kidwai Nagar, Kanpur - UPPCB",pm10,2026-08-13,112.0,µg/m³,,,OpenAQ
kanpur_industrial,234568,"FTI Kidwai Nagar, Kanpur - UPPCB",pm10,2026-08-14,77.2,µg/m³,,,OpenAQ
kanpur_industrial,234568,"FTI Kidwai Nagar, Kanpur - UPPCB",pm10,2026-08-15,73.8,µg/m³,,,OpenAQ
