region_id,date,lat,lon,hcho_value,cloud_fraction,estimated_aqi
delhi_ncr,2025-10-15,28.375,76.825,0.0002416257715728,0.0,205.3
delhi_ncr,2025-10-15,28.375,76.875,0.0003951742487649,0.0,263.2
delhi_ncr,2025-10-15,28.375,76.925,0.00034740316813,0.0,245.2
delhi_ncr,2025-10-15,28.375,76.975,0.0003589249322115,0.0028269548515958,250.1
delhi_ncr,2025-10-15,28.375,77.025,0.0003292213447145,0.0119048495859962,240.5
delhi_ncr,2025-10-15,28.375,77.075,0.000293424630574,0.0207197675170757,228.6
delhi_ncr,2025-10-15,28.375,77.125,0.000457892007749,0.0,286.9
delhi_ncr,2025-10-15,28.375,77.175,0.0004510660848152,0.0,284.3
delhi_ncr,2025-10-15,28.375,77.225,0.0003273594327999,0.0049555489427243,238.6
delhi_ncr,2025-10-15,28.375,77.275,0.0002862849421494,0.0132512243572909,224.6
delhi_ncr,2025-10-15,28.375,77.325,0.0003720380514509,0.0217969508133417,258.5
delhi_ncr,2025-10-15,28.375,77.375,0.0005773857010324,0.0138692508113373,334.5
delhi_ncr,2025-10-15,28.375,77.425,0.0003379198080119,0.0171607576904362,244.8
delhi_ncr,2025-10-15,28.375,77.475,0.000341850253202,0.0092434906169863,244.8
delhi_ncr,2025-10-15,28.375,77.525,0.0003649199379711,0.0018853200698521,252.2
delhi_ncr,2025-10-15,28.375,77.55,0.0003578054036336,0.0,249.1
delhi_ncr,2025-10-15,28.425,76.825,0.0002899920740427,0.0,223.5
delhi_ncr,2025-10-15,28.425,76.875,0.0003269809744355,0.0,237.5
delhi_ncr,2025-10-15,28.425,76.925,0.000391678400041,3.514262132362295e-05,261.9
delhi_ncr,2025-10-15,28.425,76.975,0.0003203057428646,0.0095241729238448,236.7
delhi_ncr,2025-10-15,28.425,77.025,0.0002268498017317,0.0187544627979775,203.1
delhi_ncr,2025-10-15,28.425,77.075,0.0001835570662706,0.0220778655518863,187.4
delhi_ncr,2025-10-15,28.425,77.125,0.0004415093276836,0.0,280.7
delhi_ncr,2025-10-15,28.425,77.175,0.0004598896941913,0.0,287.7
delhi_ncr,2025-10-15,28.425,77.225,0.0004089191887148,0.0044125751676635,269.2
delhi_ncr,2025-10-15,28.425,77.275,0.0003709319983409,0.0128033015247195,256.4
delhi_ncr,2025-10-15,28.425,77.325,0.0003740393029234,0.0218468482718793,259.3
delhi_ncr,2025-10-15,28.425,77.375,0.0004811427097388,0.0104940506546404,297.6
delhi_ncr,2025-10-15,28.425,77.425,0.0003765305564752,0.0241328080461749,260.6
delhi_ncr,2025-10-15,28.425,77.475,0.0004011391458414,0.0240134474283258,269.9
delhi_ncr,2025-10-15,28.425,77.525,0.0004049419706217,0.0150604507587003,269.7
delhi_ncr,2025-10-15,28.425,77.55,0.0003483685438786,0.0,245.6
delhi_ncr,2025-10-15,28.475,76.825,0.0003118908610081,0.0,231.8
delhi_ncr,2025-10-15,28.475,76.875,0.0002505920015161,0.0,208.7
delhi_ncr,2025-10-15,28.475,76.925,0.0003719654801031,4.626370402097199e-05,254.5
delhi_ncr,2025-10-15,28.475,76.975,0.0002741171076709,0.0105185360849389,219.5
delhi_ncr,2025-10-15,28.475,77.025,0.0001716112547181,0.0172950507788454,182.0
delhi_ncr,2025-10-15,28.475,77.075,0.000141186010763,0.0165935715387876,170.4
delhi_ncr,2025-10-15,28.475,77.125,0.0003975921988941,0.0,264.2
delhi_ncr,2025-10-15,28.475,77.175,0.0004222450293927,0.0,273.5
delhi_ncr,2025-10-15,28.475,77.225,0.00042663767774,0.0030718469677123,275.7
delhi_ncr,2025-10-15,28.475,77.275,0.0004099069016089,0.0097459783967968,270.6
delhi_ncr,2025-10-15,28.475,77.325,0.0003812785980271,0.0184296184396395,261.4
delhi_ncr,2025-10-15,28.475,77.375,0.0003981531158597,0.020858376222404,268.2
delhi_ncr,2025-10-15,28.475,77.425,0.0004579347593322,0.0420145887042559,294.6
delhi_ncr,2025-10-15,28.475,77.475,0.0004677178106449,0.0366038502376755,297.3
delhi_ncr,2025-10-15,28.475,77.525,0.000414327691485,0.0203053780724854,274.2
delhi_ncr,2025-10-15,28.475,77.55,0.0002681738585704,0.0,215.3
delhi_ncr,2025-10-15,28.525,76.825,0.0003469493752366,0.0,245.0
delhi_ncr,2025-10-15,28.525,76.875,0.0002014449150205,0.0,190.1
delhi_ncr,2025-10-15,28.525,76.925,0.0002667191330067,0.0,214.8
delhi_ncr,2025-10-15,28.525,76.975,0.0003043744448974,0.0006983400372775,229.1
delhi_ncr,2025-10-15,28.525,77.025,0.0002955681299199,0.003360454981914,226.3
delhi_ncr,2025-10-15,28.525,77.075,0.0002765065558751,0.0060276994562482,219.6
delhi_ncr,2025-10-15,28.525,77.125,0.000430578757174,0.0,276.6
delhi_ncr,2025-10-15,28.525,77.175,0.0003906256249675,0.0,261.5
delhi_ncr,2025-10-15,28.525,77.225,0.0003898720469867,0.0008085905229594,261.4
delhi_ncr,2025-10-15,28.525,77.275,0.0004033723773532,0.0032530487059761,266.9
delhi_ncr,2025-10-15,28.525,77.325,0.0004211956382717,0.0086683776259478,274.6
delhi_ncr,2025-10-15,28.525,77.375,0.0004074957680868,0.0249902855777632,272.5
delhi_ncr,2025-10-15,28.525,77.425,0.0004586923016444,0.0377837684503389,294.1
delhi_ncr,2025-10-15,28.525,77.475,0.0004633309647346,0.0193628559933522,292.5
delhi_ncr,2025-10-15,28.525,77.525,0.0003694318970039,0.0031696995519511,254.1
delhi_ncr,2025-10-15,28.525,77.55,0.0001407809247734,0.0,167.2
delhi_ncr,2025-10-15,28.575,76.825,0.0002456880340955,0.0,206.8
delhi_ncr,2025-10-15,28.575,76.875,0.0002177116135898,0.0,196.3
delhi_ncr,2025-10-15,28.575,76.925,0.0003315325319729,0.0,239.2
delhi_ncr,2025-10-15,28.575,76.975,0.000252202407097,0.0,209.3
delhi_ncr,2025-10-15,28.575,77.025,0.0002169242784715,0.0,196.0
delhi_ncr,2025-10-15,28.575,77.075,0.0002665502888104,0.0,214.7
delhi_ncr,2025-10-15,28.575,77.125,0.0004458786733415,0.0,282.4
delhi_ncr,2025-10-15,28.575,77.175,0.0005022500740472,0.0,303.6
delhi_ncr,2025-10-15,28.575,77.225,0.0003467343873733,0.0018165403963454,245.3
delhi_ncr,2025-10-15,28.575,77.275,0.0003689340361196,0.0111997667067818,255.4
delhi_ncr,2025-10-15,28.575,77.325,0.0005626710618292,0.025329432080697,331.1
delhi_ncr,2025-10-15,28.575,77.375,0.0003131175800505,0.0206769807873935,236.0
delhi_ncr,2025-10-15,28.575,77.425,0.0002765805969877,0.0051755898590632,219.4
delhi_ncr,2025-10-15,28.575,77.475,0.0004224000093137,0.0009679916418903,273.7
delhi_ncr,2025-10-15,28.575,77.525,0.000389521233933,0.0,261.1
delhi_ncr,2025-10-15,28.625,76.825,0.0001869942106374,0.0,184.7
delhi_ncr,2025-10-15,28.625,76.875,0.0001325914723546,0.0,164.1
delhi_ncr,2025-10-15,28.625,76.925,0.0002302725390455,0.0,201.0
delhi_ncr,2025-10-15,28.625,76.975,0.0003051729654543,0.0,229.3
delhi_ncr,2025-10-15,28.625,77.025,0.0002730560499872,0.0,217.2
delhi_ncr,2025-10-15,28.625,77.075,0.0001932948003894,0.0,187.1
delhi_ncr,2025-10-15,28.625,77.125,0.0003931062621292,0.0,262.5
delhi_ncr,2025-10-15,28.625,77.175,0.0005861603329532,0.0,335.3
delhi_ncr,2025-10-15,28.625,77.225,0.000494716921297,0.0004611801353083,300.9
delhi_ncr,2025-10-15,28.625,77.275,0.0004916261821647,0.0042891117930899,300.4
delhi_ncr,2025-10-15,28.625,77.325,0.00058874723984,0.010329192265235,338.2
delhi_ncr,2025-10-15,28.625,77.375,0.0002899327354081,0.0074436102152528,224.9
delhi_ncr,2025-10-15,28.625,77.425,0.0003736779253439,0.0015231608697534,255.4
delhi_ncr,2025-10-15,28.625,77.475,0.0002829493016203,0.0002180690126086,220.9
delhi_ncr,2025-10-15,28.625,77.525,0.0001934592077295,0.0,187.1
delhi_ncr,2025-10-15,28.625,77.55,0.0001405628548737,0.0,167.2
delhi_ncr,2025-10-15,28.675,76.825,0.0001736306571793,0.0,179.6
delhi_ncr,2025-10-15,28.675,76.875,0.0001483041334934,0.0,170.1
delhi_ncr,2025-10-15,28.675,76.925,0.0002047695447367,0.0,191.4
delhi_ncr,2025-10-15,28.675,76.975,0.0002420691865277,0.0,205.5
delhi_ncr,2025-10-15,28.675,77.025,0.0002126535595701,0.0,194.4
delhi_ncr,2025-10-15,28.675,77.075,0.0001574496620305,0.0,173.5
delhi_ncr,2025-10-15,28.675,77.125,0.0002766203366691,0.0,218.5
delhi_ncr,2025-10-15,28.675,77.175,0.0005457366070624,0.0,320.1
delhi_ncr,2025-10-15,28.675,77.225,0.0004563742134092,3.584695585000963e-05,286.3
delhi_ncr,2025-10-15,28.675,77.275,0.0004197509317933,0.0011223215008243,272.7
delhi_ncr,2025-10-15,28.675,77.325,0.0004679949009619,0.0028707863356961,291.2
delhi_ncr,2025-10-15,28.675,77.375,0.0002214919948285,0.0017597960264419,198.0
delhi_ncr,2025-10-15,28.675,77.425,0.000429737563493,0.0002707378502218,276.3
delhi_ncr,2025-10-15,28.675,77.475,0.0003058561832018,0.0,229.5
delhi_ncr,2025-10-15,28.675,77.525,0.0001889945031146,0.0,185.4
delhi_ncr,2025-10-15,28.675,77.55,0.0001846194389944,0.0,183.8
delhi_ncr,2025-10-15,28.725,76.825,0.0001844608866327,0.0,183.7
delhi_ncr,2025-10-15,28.725,76.875,0.0001480576910292,0.0,170.0
delhi_ncr,2025-10-15,28.725,76.925,0.0001944008385748,0.0,187.5
delhi_ncr,2025-10-15,28.725,76.975,0.0001907522658728,0.0,186.1
delhi_ncr,2025-10-15,28.725,77.025,0.0001882363069358,0.0,185.1
delhi_ncr,2025-10-15,28.725,77.075,0.0001910163991158,0.0,186.2
delhi_ncr,2025-10-15,28.725,77.125,0.0001850870118684,0.0,184.0
delhi_ncr,2025-10-15,28.725,77.175,0.00043305475066,0.0,277.5
delhi_ncr,2025-10-15,28.725,77.225,0.0003555731860284,0.0,248.3
delhi_ncr,2025-10-15,28.725,77.275,0.000313459848496,0.0,232.4
delhi_ncr,2025-10-15,28.725,77.325,0.000347123279874,0.0,245.1
delhi_ncr,2025-10-15,28.725,77.375,0.0001888211566029,0.0,185.4
delhi_ncr,2025-10-15,28.725,77.425,0.0004046102519622,0.0,266.8
delhi_ncr,2025-10-15,28.725,77.475,0.0003301158476705,0.0,238.7
delhi_ncr,2025-10-15,28.725,77.525,0.0002296398709215,0.0,200.8
delhi_ncr,2025-10-15,28.725,77.55,0.0001817990463038,0.0,182.7
delhi_ncr,2025-10-15,28.775,76.825,0.0002060109663976,0.0,191.8
delhi_ncr,2025-10-15,28.775,76.875,3.669073906745769e-05,0.0,128.0
delhi_ncr,2025-10-15,28.775,76.925,0.0001493178009325,0.0,170.5
delhi_ncr,2025-10-15,28.775,76.975,0.0002560099938954,0.0,210.7
delhi_ncr,2025-10-15,28.775,77.025,0.0003246524575513,0.0,236.6
delhi_ncr,2025-10-15,28.775,77.075,0.0003305336763578,0.0,238.8
delhi_ncr,2025-10-15,28.775,77.125,0.0001957772304502,0.0,188.0
delhi_ncr,2025-10-15,28.775,77.175,0.0002887061672233,0.0,223.1
delhi_ncr,2025-10-15,28.775,77.225,0.0002841055183517,0.0,221.3
delhi_ncr,2025-10-15,28.775,77.275,0.0003026859169333,0.0,228.3
delhi_ncr,2025-10-15,28.775,77.325,0.000346278145977,0.0,244.8
delhi_ncr,2025-10-15,28.775,77.375,0.000263080592716,0.0,213.4
delhi_ncr,2025-10-15,28.775,77.425,0.0002484447930467,0.0,207.9
delhi_ncr,2025-10-15,28.775,77.475,0.0002335631889724,0.0,202.2
delhi_ncr,2025-10-15,28.775,77.525,0.0002082941215015,0.0,192.7
delhi_ncr,2025-10-15,28.775,77.55,0.0002345014604574,0.0,202.6
delhi_ncr,2025-10-15,28.825,76.825,3.734291470775376e-05,0.0,128.2
delhi_ncr,2025-10-15,28.825,76.875,2.4836964514456527e-05,0.0,123.5
delhi_ncr,2025-10-15,28.825,76.925,0.0002660586840682,0.0,214.5
delhi_ncr,2025-10-15,28.825,76.975,0.0002911142895194,0.0,224.0
delhi_ncr,2025-10-15,28.825,77.025,0.0002131360688892,0.0,194.5
delhi_ncr,2025-10-15,28.825,77.075,0.0001105638712005,0.0,155.8
delhi_ncr,2025-10-15,28.825,77.125,0.0002369613694543,0.0,203.5
delhi_ncr,2025-10-15,28.825,77.175,0.0002378961886832,0.0,203.9
delhi_ncr,2025-10-15,28.825,77.225,0.0002988413117612,0.0,226.9
delhi_ncr,2025-10-15,28.825,77.275,0.0004152910023149,0.0,270.8
delhi_ncr,2025-10-15,28.825,77.325,0.0005330138319588,0.0,315.3
delhi_ncr,2025-10-15,28.825,77.375,0.0003386889824845,0.0,241.9
delhi_ncr,2025-10-15,28.825,77.425,0.0003464803298902,0.0,244.9
delhi_ncr,2025-10-15,28.825,77.475,0.0003505388218139,0.0,246.4
delhi_ncr,2025-10-15,28.825,77.525,0.0003333448539197,0.0,239.9
delhi_ncr,2025-10-15,28.875,76.825,0.0002229309700229,0.0,198.2
delhi_ncr,2025-10-15,28.875,76.875,9.337885855599628e-05,0.0,149.3
delhi_ncr,2025-10-15,28.875,76.925,0.0002509951608349,0.0,208.8
delhi_ncr,2025-10-15,28.875,76.975,0.0002636923476907,0.0,213.6
delhi_ncr,2025-10-15,28.875,77.025,0.0002395832631395,0.0,204.5
delhi_ncr,2025-10-15,28.875,77.075,0.0002154215188584,0.0,195.4
delhi_ncr,2025-10-15,28.875,77.125,0.0003008460140133,0.0,227.6
delhi_ncr,2025-10-15,28.875,77.175,0.0003004053850971,0.0,227.5
delhi_ncr,2025-10-15,28.875,77.225,0.0002775176403386,0.0,218.8
delhi_ncr,2025-10-15,28.875,77.275,0.0002747041953666,0.0,217.8
delhi_ncr,2025-10-15,28.875,77.325,0.0003035480305553,0.0,228.7
delhi_ncr,2025-10-15,28.875,77.375,0.0003434500402741,0.0,243.7
delhi_ncr,2025-10-15,28.875,77.425,0.0002666538075114,0.0,214.7
delhi_ncr,2025-10-15,28.875,77.475,0.000270774674531,0.0,216.3
delhi_ncr,2025-10-15,28.875,77.525,0.0002598902796548,0.0,212.2
delhi_ncr,2025-10-15,28.875,77.55,0.0002398740437276,0.0,204.6
delhi_ncr,2025-10-16,28.375,76.825,0.0002687740534465,0.0,215.5
delhi_ncr,2025-10-16,28.375,76.875,0.0003668725099488,0.0,252.6
delhi_ncr,2025-10-16,28.375,76.925,0.0004267251019623,0.0,275.1
delhi_ncr,2025-10-16,28.375,76.975,0.0003625721910928,0.0,250.9
delhi_ncr,2025-10-16,28.375,77.025,0.0003033431517518,0.0,228.6
delhi_ncr,2025-10-16,28.375,77.075,0.0002958927012963,0.0,225.8
delhi_ncr,2025-10-16,28.375,77.125,0.0004662160004079,0.0,290.0
delhi_ncr,2025-10-16,28.375,77.175,0.0004474899939427,0.0,283.0
delhi_ncr,2025-10-16,28.375,77.225,0.0004061908981596,0.0,267.4
delhi_ncr,2025-10-16,28.375,77.275,0.0003018682368257,0.0,228.0
delhi_ncr,2025-10-16,28.375,77.325,0.0001944988003315,0.0,187.5
delhi_ncr,2025-10-16,28.375,77.375,0.0005408791858998,0.0,318.2
delhi_ncr,2025-10-16,28.375,77.425,0.0004569029326946,0.0071428092006163,287.8
delhi_ncr,2025-10-16,28.375,77.475,0.0003446018018281,0.0046294654876045,245.0
delhi_ncr,2025-10-16,28.375,77.525,0.0003139867873227,0.0068092763257853,233.8
delhi_ncr,2025-10-16,28.375,77.55,0.0003777105820177,0.0104013405659201,258.5
delhi_ncr,2025-10-16,28.425,76.825,0.0002681988464601,0.0,215.3
delhi_ncr,2025-10-16,28.425,76.875,0.0003658655175093,0.0,252.2
delhi_ncr,2025-10-16,28.425,76.925,0.0003463889638409,0.0,244.8
delhi_ncr,2025-10-16,28.425,76.975,0.0003362843254227,0.0,241.0
delhi_ncr,2025-10-16,28.425,77.025,0.0002983050249976,0.0,226.7
delhi_ncr,2025-10-16,28.425,77.075,0.0002651942216273,0.0,214.2
delhi_ncr,2025-10-16,28.425,77.125,0.0004093118934989,0.0,268.6
delhi_ncr,2025-10-16,28.425,77.175,0.0003753755106749,0.0,255.8
delhi_ncr,2025-10-16,28.425,77.225,0.0003545282976838,0.0,247.9
delhi_ncr,2025-10-16,28.425,77.275,0.0003194350650057,0.0026324429510444,235.1
delhi_ncr,2025-10-16,28.425,77.325,0.000298665823515,0.0086763110595279,228.4
delhi_ncr,2025-10-16,28.425,77.375,0.0005270259107775,0.0215116536755408,316.9
delhi_ncr,2025-10-16,28.425,77.425,0.0005292087559956,0.0335491114743793,319.9
delhi_ncr,2025-10-16,28.425,77.475,0.0004622218438289,0.0352892088296202,295.0
delhi_ncr,2025-10-16,28.425,77.525,0.0004466915500633,0.0346324196404698,289.0
delhi_ncr,2025-10-16,28.425,77.55,0.000499494572929,0.0322037649821242,308.5
delhi_ncr,2025-10-16,28.475,76.825,0.0002297393719334,0.0,200.8
delhi_ncr,2025-10-16,28.475,76.875,0.0003200930359688,0.0,234.9
delhi_ncr,2025-10-16,28.475,76.925,0.0002543003901136,0.0,210.1
delhi_ncr,2025-10-16,28.475,76.975,0.0003092040276494,0.0,230.8
delhi_ncr,2025-10-16,28.475,77.025,0.0003033681964395,0.0,228.6
delhi_ncr,2025-10-16,28.475,77.075,0.0002588058913881,0.0,211.8
delhi_ncr,2025-10-16,28.475,77.125,0.0003726999995285,0.0,254.8
delhi_ncr,2025-10-16,28.475,77.175,0.0003281027560991,8.220205810091027e-05,237.9
delhi_ncr,2025-10-16,28.475,77.225,0.0002919048647812,3.4935874692886863e-05,224.3
delhi_ncr,2025-10-16,28.475,77.275,0.0003309338839193,0.0063852576068214,240.2
delhi_ncr,2025-10-16,28.475,77.325,0.000448584370852,0.020332827961982,287.1
delhi_ncr,2025-10-16,28.475,77.375,0.0005941315732523,0.0442851772411005,346.4
delhi_ncr,2025-10-16,28.475,77.425,0.0005951586963465,0.055195480312933,348.8
delhi_ncr,2025-10-16,28.475,77.475,0.000543808833671,0.0578108299299251,329.9
delhi_ncr,2025-10-16,28.475,77.525,0.0005150631646702,0.0499727819225007,317.6
delhi_ncr,2025-10-16,28.475,77.55,0.000481944993387,0.0249256852060646,300.5
delhi_ncr,2025-10-16,28.525,76.825,0.0002300660865812,0.0,200.9
delhi_ncr,2025-10-16,28.525,76.875,0.0003785802012478,0.0,257.0
delhi_ncr,2025-10-16,28.525,76.925,0.0002009335042789,0.0,189.9
delhi_ncr,2025-10-16,28.525,76.975,0.0003164938821581,0.0,233.5
delhi_ncr,2025-10-16,28.525,77.025,0.0003801737503644,7.312643694640338e-05,257.6
delhi_ncr,2025-10-16,28.525,77.075,0.0003734239812911,0.0002925057477856,255.1
delhi_ncr,2025-10-16,28.525,77.125,0.0004136619722214,0.0,270.2
delhi_ncr,2025-10-16,28.525,77.175,0.0003400270315065,0.0004106141094479,242.5
delhi_ncr,2025-10-16,28.525,77.225,0.0001804005003982,0.0011035253731017,182.4
delhi_ncr,2025-10-16,28.525,77.275,0.0002361235473333,0.0113254880935614,205.3
delhi_ncr,2025-10-16,28.525,77.325,0.0005390336037331,0.0319600872133534,323.4
delhi_ncr,2025-10-16,28.525,77.375,0.0008376867101411,0.0557167431158857,440.4
delhi_ncr,2025-10-16,28.525,77.425,0.0005879619008907,0.0570783852452169,346.4
delhi_ncr,2025-10-16,28.525,77.475,0.0004945754333436,0.0508869631941851,310.0
delhi_ncr,2025-10-16,28.525,77.525,0.0004309500368234,0.0331570302462673,282.8
delhi_ncr,2025-10-16,28.525,77.55,0.0004234660048472,0.0031232607898605,274.5
delhi_ncr,2025-10-16,28.575,76.825,0.0002208254933847,0.0,197.4
delhi_ncr,2025-10-16,28.575,76.875,0.0001834671724318,0.0,183.3
delhi_ncr,2025-10-16,28.575,76.925,0.0002546280172718,0.0,210.2
delhi_ncr,2025-10-16,28.575,76.975,0.0001642403948575,0.0,176.1
delhi_ncr,2025-10-16,28.575,77.025,0.0002035683236204,0.0045783508349052,191.8
delhi_ncr,2025-10-16,28.575,77.075,0.0003448627085751,0.0101741129664561,246.1
delhi_ncr,2025-10-16,28.575,77.125,0.0003236842390703,0.0,236.3
delhi_ncr,2025-10-16,28.575,77.175,0.000272253511973,0.0045831725352674,217.7
delhi_ncr,2025-10-16,28.575,77.225,0.0004487704134922,0.0331143319358621,289.5
delhi_ncr,2025-10-16,28.575,77.275,0.0006028543053933,0.0527682378078844,351.3
delhi_ncr,2025-10-16,28.575,77.325,0.0006381119907618,0.0531192877896808,364.6
delhi_ncr,2025-10-16,28.575,77.375,0.0003304728996014,0.0210064809047743,242.7
delhi_ncr,2025-10-16,28.575,77.425,0.0004405070901066,0.0057916580275433,281.4
delhi_ncr,2025-10-16,28.575,77.475,0.0004445503767667,0.0012805562077942,282.1
delhi_ncr,2025-10-16,28.575,77.525,0.0004487310338785,3.93700115298518e-05,283.5
delhi_ncr,2025-10-16,28.625,76.825,0.0002041173415255,0.0,191.1
delhi_ncr,2025-10-16,28.625,76.875,0.0001608827115353,0.0,174.8
delhi_ncr,2025-10-16,28.625,76.925,0.0003222071204916,0.0,235.7
delhi_ncr,2025-10-16,28.625,76.975,0.0003152403041731,0.0,233.1
delhi_ncr,2025-10-16,28.625,77.025,0.000333419145401,0.0011032713400544,240.1
delhi_ncr,2025-10-16,28.625,77.075,0.0003817621632167,0.0024611796695841,258.6
delhi_ncr,2025-10-16,28.625,77.125,0.0003714697902114,0.0,254.3
delhi_ncr,2025-10-16,28.625,77.175,0.0003983188865057,0.0058949408644365,265.5
delhi_ncr,2025-10-16,28.625,77.225,0.0004697213226059,0.0354726816184753,297.9
delhi_ncr,2025-10-16,28.625,77.275,0.0004889340187017,0.0555408521408132,308.8
delhi_ncr,2025-10-16,28.625,77.325,0.0004505073921704,0.0549792736993892,294.2
delhi_ncr,2025-10-16,28.625,77.375,0.0004819553355439,0.0139812534314898,298.5
delhi_ncr,2025-10-16,28.625,77.425,0.0004283320067742,0.0026545826578279,276.2
delhi_ncr,2025-10-16,28.625,77.475,0.0003810772667518,0.0002884670867894,258.0
delhi_ncr,2025-10-16,28.625,77.525,0.0003173385445368,8.748891451078178e-06,233.9
delhi_ncr,2025-10-16,28.625,77.55,0.0003259891803294,0.0,237.1
delhi_ncr,2025-10-16,28.675,76.825,0.000258386716027,0.0,211.6
delhi_ncr,2025-10-16,28.675,76.875,0.0003044471225805,0.0,229.0
delhi_ncr,2025-10-16,28.675,76.925,0.000287785202716,0.0,222.7
delhi_ncr,2025-10-16,28.675,76.975,0.0003015967281167,0.0,227.9
delhi_ncr,2025-10-16,28.675,77.025,0.0003438461598978,5.000076905961087e-05,243.9
delhi_ncr,2025-10-16,28.675,77.075,0.0003905714688795,0.0001126267323067,261.5
delhi_ncr,2025-10-16,28.675,77.125,0.0003425910963054,0.0,243.4
delhi_ncr,2025-10-16,28.675,77.175,0.0003737663887335,0.0030768900084581,255.7
delhi_ncr,2025-10-16,28.675,77.225,0.0004576022424635,0.0321084477276366,292.7
delhi_ncr,2025-10-16,28.675,77.275,0.0004336871854977,0.053177734861224,287.5
delhi_ncr,2025-10-16,28.675,77.325,0.0003070203994299,0.0540665382895806,239.8
delhi_ncr,2025-10-16,28.675,77.375,0.0003897150425192,0.0081888985728213,262.7
delhi_ncr,2025-10-16,28.675,77.425,0.0003615061610114,0.0012664911270201,250.8
delhi_ncr,2025-10-16,28.675,77.475,0.0003047108568939,0.0,229.1
delhi_ncr,2025-10-16,28.675,77.525,0.0002815806385633,0.0,220.4
delhi_ncr,2025-10-16,28.675,77.55,0.0003053274898173,0.0,229.3
delhi_ncr,2025-10-16,28.725,76.825,0.000282883533782,0.0,220.9
delhi_ncr,2025-10-16,28.725,76.875,0.0004089170374557,0.0,268.4
delhi_ncr,2025-10-16,28.725,76.925,0.0002439301926687,0.0,206.2
delhi_ncr,2025-10-16,28.725,76.975,0.0002462254307495,0.0,207.0
delhi_ncr,2025-10-16,28.725,77.025,0.0002917441065151,0.0,224.2
delhi_ncr,2025-10-16,28.725,77.075,0.0003424821418872,0.0,243.4
delhi_ncr,2025-10-16,28.725,77.125,0.0003073713924197,0.0,230.1
delhi_ncr,2025-10-16,28.725,77.175,0.000296104678069,4.772424135594123e-05,225.9
delhi_ncr,2025-10-16,28.725,77.225,0.0003780114957244,0.0211608032343187,260.6
delhi_ncr,2025-10-16,28.725,77.275,0.0003576267503481,0.0380282256103405,256.0
delhi_ncr,2025-10-16,28.725,77.325,0.0002313954640188,0.039957089811469,208.7
delhi_ncr,2025-10-16,28.725,77.375,0.0002776723665414,0.0034635002247509,219.5
delhi_ncr,2025-10-16,28.725,77.425,0.0002652152140464,0.0005227720651733,214.3
delhi_ncr,2025-10-16,28.725,77.475,0.0002459954265766,0.0,206.9
delhi_ncr,2025-10-16,28.725,77.525,0.0002774062755709,0.0,218.8
delhi_ncr,2025-10-16,28.725,77.55,0.000293839526938,0.0,225.0
delhi_ncr,2025-10-16,28.775,76.825,0.0001921175496459,0.0,186.6
delhi_ncr,2025-10-16,28.775,76.875,0.0003019164453973,0.0,228.0
delhi_ncr,2025-10-16,28.775,76.925,0.0002586316688639,0.0,211.7
delhi_ncr,2025-10-16,28.775,76.975,0.0002403081383883,0.0,204.8
delhi_ncr,2025-10-16,28.775,77.025,0.0002171170648821,0.0,196.0
delhi_ncr,2025-10-16,28.775,77.075,0.0002093197145082,0.0,193.1
delhi_ncr,2025-10-16,28.775,77.125,0.0003215738252017,0.0,235.5
delhi_ncr,2025-10-16,28.775,77.175,0.0002390011920421,0.0,204.3
delhi_ncr,2025-10-16,28.775,77.225,0.0001942324130579,0.0,187.4
delhi_ncr,2025-10-16,28.775,77.275,0.0001960289359943,0.0015627487893874,188.4
delhi_ncr,2025-10-16,28.775,77.325,0.0002446752270923,0.0039068719734687,207.2
delhi_ncr,2025-10-16,28.775,77.375,0.0003234473482913,0.0,236.2
delhi_ncr,2025-10-16,28.775,77.425,0.0001585940435848,0.0,174.0
delhi_ncr,2025-10-16,28.775,77.475,0.0002349140742205,0.0,202.8
delhi_ncr,2025-10-16,28.775,77.525,0.0002573638309669,0.0,211.2
delhi_ncr,2025-10-16,28.775,77.55,0.0004309820875862,0.0,276.8
delhi_ncr,2025-10-16,28.825,76.825,0.0002110781722499,0.0,193.8
delhi_ncr,2025-10-16,28.825,76.875,0.0002021628250814,0.0,190.4
delhi_ncr,2025-10-16,28.825,76.925,0.000226371968932,0.0,199.5
delhi_ncr,2025-10-16,28.825,76.975,0.0002727165138677,0.0,217.0
delhi_ncr,2025-10-16,28.825,77.025,0.0002373491841699,0.0,203.7
delhi_ncr,2025-10-16,28.825,77.075,0.0001619705086864,0.0,175.2
delhi_ncr,2025-10-16,28.825,77.125,0.0002754927343446,0.0,218.1
delhi_ncr,2025-10-16,28.825,77.175,0.0003586589348052,0.0,249.5
delhi_ncr,2025-10-16,28.825,77.225,0.0002873921254313,0.0,222.6
delhi_ncr,2025-10-16,28.825,77.275,0.0002397981843005,0.0,204.6
delhi_ncr,2025-10-16,28.825,77.325,0.0002454833663923,0.0,206.7
delhi_ncr,2025-10-16,28.825,77.375,0.0002257811041046,0.0,199.3
delhi_ncr,2025-10-16,28.825,77.425,0.0001218053791847,0.0,160.1
delhi_ncr,2025-10-16,28.825,77.475,0.0001664437523438,0.0,176.9
delhi_ncr,2025-10-16,28.825,77.525,0.0003770835939659,0.0,256.4
delhi_ncr,2025-10-16,28.875,76.825,0.0001960245188454,0.0,188.1
delhi_ncr,2025-10-16,28.875,76.875,0.0001344056433913,0.0,164.8
delhi_ncr,2025-10-16,28.875,76.925,0.0001024560438718,0.0,152.8
delhi_ncr,2025-10-16,28.875,76.975,0.0002935870803536,0.0,224.9
delhi_ncr,2025-10-16,28.875,77.025,0.0003414909642265,0.0,243.0
delhi_ncr,2025-10-16,28.875,77.075,0.0002310502502647,0.0,201.3
delhi_ncr,2025-10-16,28.875,77.125,9.567107907970149e-05,0.0,150.2
delhi_ncr,2025-10-16,28.875,77.175,0.0003099348170078,0.0,231.1
delhi_ncr,2025-10-16,28.875,77.225,0.0002562438634998,0.0,210.8
delhi_ncr,2025-10-16,28.875,77.275,0.0001984513483838,0.0,189.0
delhi_ncr,2025-10-16,28.875,77.325,0.0001936154682499,0.0,187.2
delhi_ncr,2025-10-16,28.875,77.375,0.0002429053794469,0.0,205.8
delhi_ncr,2025-10-16,28.875,77.425,0.0001964035531928,0.0,188.2
delhi_ncr,2025-10-16,28.875,77.475,0.0002660053164401,0.0,214.5
delhi_ncr,2025-10-16,28.875,77.525,0.0003527353865021,0.0,247.2
delhi_ncr,2025-10-16,28.875,77.55,0.0005164552658893,0.0,309.0
delhi_ncr,2025-10-17,28.375,76.825,0.000324228356994,0.0884482753797174,252.6
delhi_ncr,2025-10-17,28.375,76.875,0.0003782847244734,0.0909135704856779,273.5
delhi_ncr,2025-10-17,28.375,76.925,0.0004390444648275,0.0975079363108269,297.6
delhi_ncr,2025-10-17,28.375,76.975,0.0003724833235878,0.0977594267429596,272.5
delhi_ncr,2025-10-17,28.375,77.025,0.0003355946169899,0.0981809304091894,258.7
delhi_ncr,2025-10-17,28.375,77.075,0.0003561925976821,0.0979644595445746,266.4
delhi_ncr,2025-10-17,28.375,77.125,0.0004715419709818,0.0897812891586821,308.5
delhi_ncr,2025-10-17,28.375,77.175,0.0003897986362372,0.1018640232810156,279.8
delhi_ncr,2025-10-17,28.375,77.225,0.0003589360579303,0.1256277391590379,272.5
delhi_ncr,2025-10-17,28.375,77.275,0.0003983671740854,0.1521239313044939,292.2
delhi_ncr,2025-10-17,28.375,77.325,0.0005095669892239,0.1780787662873238,338.9
delhi_ncr,2025-10-17,28.375,77.375,0.0006727908760663,0.2015089024534648,404.8
delhi_ncr,2025-10-17,28.375,77.425,0.0006813153122843,0.198037223028839,407.4
delhi_ncr,2025-10-17,28.375,77.475,0.0006123444493603,0.2144458122383217,384.4
delhi_ncr,2025-10-17,28.375,77.525,0.000563021143908,0.2291188292425212,368.4
delhi_ncr,2025-10-17,28.375,77.55,0.0005815755737206,0.2343353594770431,376.4
delhi_ncr,2025-10-17,28.425,76.825,0.0002795426485456,0.0787119371324081,234.0
delhi_ncr,2025-10-17,28.425,76.875,0.000304633875412,0.0830128177913622,244.2
delhi_ncr,2025-10-17,28.425,76.925,0.0003318842271101,0.0934810462449888,256.4
delhi_ncr,2025-10-17,28.425,76.975,0.0003170648712364,0.1018944018064491,252.4
delhi_ncr,2025-10-17,28.425,77.025,0.0003101084433745,0.1067118729100977,250.6
delhi_ncr,2025-10-17,28.425,77.075,0.0003164155347759,0.1073091660183245,253.1
delhi_ncr,2025-10-17,28.425,77.125,0.0003500330438861,0.1023934192499012,264.9
delhi_ncr,2025-10-17,28.425,77.175,0.0003925802675053,0.1127089991017032,282.8
delhi_ncr,2025-10-17,28.425,77.225,0.0004520327389677,0.1382405749452474,309.9
delhi_ncr,2025-10-17,28.425,77.275,0.0004954555207951,0.1596950866680148,330.3
delhi_ncr,2025-10-17,28.425,77.325,0.000524836268752,0.1741771151022004,344.0
delhi_ncr,2025-10-17,28.425,77.375,0.0006181353534917,0.1987826684414773,383.7
delhi_ncr,2025-10-17,28.425,77.425,0.0006206581616802,0.1937521807719476,383.7
delhi_ncr,2025-10-17,28.425,77.475,0.0005400524875505,0.2015596950277198,354.7
delhi_ncr,2025-10-17,28.425,77.525,0.0004735733453796,0.2077181324004233,330.8
delhi_ncr,2025-10-17,28.425,77.55,0.0004635955355847,0.2103781540049907,327.5
delhi_ncr,2025-10-17,28.475,76.825,0.0002512330052616,0.0676409042127156,221.3
delhi_ncr,2025-10-17,28.475,76.875,0.0002218727726545,0.0750745589408435,211.5
delhi_ncr,2025-10-17,28.475,76.925,0.0002193923705057,0.0899277556470653,213.3
delhi_ncr,2025-10-17,28.475,76.975,0.0002533385466767,0.105478223840079,229.0
delhi_ncr,2025-10-17,28.475,77.025,0.0002829807076609,0.1145599673930729,241.8
delhi_ncr,2025-10-17,28.475,77.075,0.0003008454899385,0.1169303664641065,249.0
delhi_ncr,2025-10-17,28.475,77.125,0.0003053749778468,0.1174394144959206,250.8
delhi_ncr,2025-10-17,28.475,77.175,0.0003893521724123,0.1232154837304336,283.5
delhi_ncr,2025-10-17,28.475,77.225,0.0005202437647441,0.1470793886076266,337.3
delhi_ncr,2025-10-17,28.475,77.275,0.0005798909824742,0.1629174567138185,362.7
delhi_ncr,2025-10-17,28.475,77.325,0.0005557202428906,0.1677629924246977,354.5
delhi_ncr,2025-10-17,28.475,77.375,0.0005614040199658,0.1889607923448154,360.5
delhi_ncr,2025-10-17,28.475,77.425,0.0005850308633887,0.1826637604759095,368.3
delhi_ncr,2025-10-17,28.475,77.475,0.000510416405592,0.1824050904905791,340.0
delhi_ncr,2025-10-17,28.475,77.525,0.0004280268605812,0.1823215667512868,308.9
delhi_ncr,2025-10-17,28.475,77.55,0.0003689903626415,0.1768203177319338,285.7
delhi_ncr,2025-10-17,28.525,76.825,0.000242571892752,0.0556274502566936,215.8
delhi_ncr,2025-10-17,28.525,76.875,0.0001385756280288,0.0689712823073955,179.0
delhi_ncr,2025-10-17,28.525,76.925,0.0002587390728367,0.0921057292220961,228.6
delhi_ncr,2025-10-17,28.525,76.975,0.0002822517618245,0.1087462796520112,240.5
delhi_ncr,2025-10-17,28.525,77.025,0.000327750906143,0.1201159334387986,259.7
delhi_ncr,2025-10-17,28.525,77.075,0.0003957767273052,0.1264475324964107,286.6
delhi_ncr,2025-10-17,28.525,77.125,0.0004494543437674,0.1305632075360207,307.6
delhi_ncr,2025-10-17,28.525,77.175,0.0003511316337883,0.1295347850855067,270.3
delhi_ncr,2025-10-17,28.525,77.225,0.0004802274283434,0.145860006609037,322.0
delhi_ncr,2025-10-17,28.525,77.275,0.0005727677435778,0.1583479451411232,359.2
delhi_ncr,2025-10-17,28.525,77.325,0.0005729851249014,0.1637084463128848,360.2
delhi_ncr,2025-10-17,28.525,77.375,0.0005268253779556,0.1771137165065924,345.3
delhi_ncr,2025-10-17,28.525,77.425,0.0006327726663361,0.1683143748146738,383.7
delhi_ncr,2025-10-17,28.525,77.475,0.0005717027284538,0.161184916414462,359.3
delhi_ncr,2025-10-17,28.525,77.525,0.0004649245050426,0.1602523824958653,318.8
delhi_ncr,2025-10-17,28.525,77.55,0.0003965195805582,0.1476906010563287,290.7
delhi_ncr,2025-10-17,28.575,76.825,0.0002159963237363,0.0291669715615829,200.9
delhi_ncr,2025-10-17,28.575,76.875,0.0001179675078281,0.0550008317334923,168.7
delhi_ncr,2025-10-17,28.575,76.925,0.0003608340561761,0.1079220873018871,270.0
delhi_ncr,2025-10-17,28.575,76.975,0.0003334252438754,0.1155217751108076,261.0
delhi_ncr,2025-10-17,28.575,77.025,0.0003513949815824,0.1304621747069042,270.5
delhi_ncr,2025-10-17,28.575,77.075,0.000455836372919,0.1528393741029356,314.0
delhi_ncr,2025-10-17,28.575,77.125,0.0006681529110103,0.1593747707296113,395.4
delhi_ncr,2025-10-17,28.575,77.175,0.0006365336159884,0.1565649613503676,382.9
delhi_ncr,2025-10-17,28.575,77.225,0.0004625680098162,0.1539663787865121,316.8
delhi_ncr,2025-10-17,28.575,77.275,0.0004211748086251,0.1535249681703776,301.1
delhi_ncr,2025-10-17,28.575,77.325,0.0005225461765071,0.1545671036626568,339.5
delhi_ncr,2025-10-17,28.575,77.375,0.000399215615727,0.1489415149210621,292.0
delhi_ncr,2025-10-17,28.575,77.425,0.0003207384975795,0.1456278889345179,261.7
delhi_ncr,2025-10-17,28.575,77.475,0.0002804677075151,0.1341062090722374,244.4
delhi_ncr,2025-10-17,28.575,77.525,0.0003178630602027,0.1268418556244012,257.2
delhi_ncr,2025-10-17,28.625,76.825,0.0001101559951267,0.0456774620181346,164.0
delhi_ncr,2025-10-17,28.625,76.875,0.0001420817610098,0.0519265130872241,177.2
delhi_ncr,2025-10-17,28.625,76.925,0.0001267922572314,0.1007872350468587,180.4
delhi_ncr,2025-10-17,28.625,76.975,0.0001981617150081,0.11415719080709,209.7
delhi_ncr,2025-10-17,28.625,77.025,0.0002601462630596,0.1297737493134175,236.0
delhi_ncr,2025-10-17,28.625,77.075,0.0003170387360235,0.1491485203358222,261.0
delhi_ncr,2025-10-17,28.625,77.125,0.0004998120524831,0.1647352311702448,332.8
delhi_ncr,2025-10-17,28.625,77.175,0.0003778521784716,0.1613142831637448,286.2
delhi_ncr,2025-10-17,28.625,77.225,0.0003905827936786,0.1583759101119956,290.4
delhi_ncr,2025-10-17,28.625,77.275,0.0004155523991631,0.1570129149090303,299.6
delhi_ncr,2025-10-17,28.625,77.325,0.0004259609421395,0.155890898757865,303.3
delhi_ncr,2025-10-17,28.625,77.375,0.0004087520812038,0.1419073767945738,294.3
delhi_ncr,2025-10-17,28.625,77.425,0.0003981774825688,0.1390972402916289,289.8
delhi_ncr,2025-10-17,28.625,77.475,0.0003002718005925,0.1307033304711697,251.3
delhi_ncr,2025-10-17,28.625,77.525,0.0002496382236797,0.1237721033093351,230.9
delhi_ncr,2025-10-17,28.625,77.55,0.0003355902225545,0.1234629479629429,263.3
delhi_ncr,2025-10-17,28.675,76.825,0.0001769261518042,0.0562962751415694,191.2
delhi_ncr,2025-10-17,28.675,76.875,0.0001445224382554,0.0555925366606022,178.8
delhi_ncr,2025-10-17,28.675,76.925,0.0001004322996627,0.0978935356958308,169.9
delhi_ncr,2025-10-17,28.675,76.975,0.0002076055905044,0.1157399554988464,213.6
delhi_ncr,2025-10-17,28.675,77.025,0.0002989051468164,0.1321833483552369,251.1
delhi_ncr,2025-10-17,28.675,77.075,0.0003536029234751,0.1484779197579626,274.7
delhi_ncr,2025-10-17,28.675,77.125,0.0004015774878371,0.1643622708498232,295.7
delhi_ncr,2025-10-17,28.675,77.175,0.0004356217615146,0.1611634009564588,307.9
delhi_ncr,2025-10-17,28.675,77.225,0.0004760724463485,0.1576254562566155,322.6
delhi_ncr,2025-10-17,28.675,77.275,0.0005100574230839,0.1560637335998825,335.1
delhi_ncr,2025-10-17,28.675,77.325,0.0005239597378499,0.1550423694972092,340.2
delhi_ncr,2025-10-17,28.675,77.375,0.0004250782319025,0.1387797637201907,299.9
delhi_ncr,2025-10-17,28.675,77.425,0.000418430180181,0.1330127456074396,296.3
delhi_ncr,2025-10-17,28.675,77.475,0.0003398369384746,0.1258688873994675,265.3
delhi_ncr,2025-10-17,28.675,77.525,0.0002705963071632,0.122120723231364,238.5
delhi_ncr,2025-10-17,28.675,77.55,0.0002401917685297,0.123171464834136,227.2
delhi_ncr,2025-10-17,28.725,76.825,0.0002933849857301,0.0665021948141632,237.0
delhi_ncr,2025-10-17,28.725,76.875,0.0001604446862026,0.0678297218168209,187.0
delhi_ncr,2025-10-17,28.725,76.925,0.0001866474499532,0.0995124060070725,202.7
delhi_ncr,2025-10-17,28.725,76.975,0.0002740071223156,0.11642095502525,238.8
delhi_ncr,2025-10-17,28.725,77.025,0.0003349527709479,0.1317517536775075,264.6
delhi_ncr,2025-10-17,28.725,77.075,0.0003668727302844,0.1458187700367296,279.2
delhi_ncr,2025-10-17,28.725,77.125,0.0004234047618627,0.1570366471478438,302.6
delhi_ncr,2025-10-17,28.725,77.175,0.0005838702078862,0.1559709188348033,362.9
delhi_ncr,2025-10-17,28.725,77.225,0.0005271044611597,0.1509716827076486,340.6
delhi_ncr,2025-10-17,28.725,77.275,0.000510618496786,0.1483303468239847,333.9
delhi_ncr,2025-10-17,28.725,77.325,0.000549868766137,0.1471146935816068,348.5
delhi_ncr,2025-10-17,28.725,77.375,0.0003951574273994,0.1326951029333548,287.5
delhi_ncr,2025-10-17,28.725,77.425,0.0003935237678171,0.1233885043558097,285.2
delhi_ncr,2025-10-17,28.725,77.475,0.0003866237757111,0.1180641763891005,281.6
delhi_ncr,2025-10-17,28.725,77.525,0.0003508054387701,0.1189893895884001,268.2
delhi_ncr,2025-10-17,28.725,77.55,0.0003282280311584,0.1253884026204292,260.9
delhi_ncr,2025-10-17,28.775,76.825,0.0003653998541598,0.08081058566755,266.8
delhi_ncr,2025-10-17,28.775,76.875,0.000219435329915,0.0911271077177161,213.6
delhi_ncr,2025-10-17,28.775,76.925,0.0003233468405754,0.1063968474780867,255.6
delhi_ncr,2025-10-17,28.775,76.975,0.0003391418125858,0.1130401816719789,262.7
delhi_ncr,2025-10-17,28.775,77.025,0.0002640481827685,0.1237920364815668,236.4
delhi_ncr,2025-10-17,28.775,77.075,0.0002039453394697,0.1369747408281764,216.1
delhi_ncr,2025-10-17,28.775,77.125,0.0006241341444275,0.1408679085430947,375.4
delhi_ncr,2025-10-17,28.775,77.175,0.0006532301926899,0.145008182586927,387.1
delhi_ncr,2025-10-17,28.775,77.225,0.0003810602242744,0.1370167911296061,282.9
delhi_ncr,2025-10-17,28.775,77.275,0.0002369851656422,0.1306693003874015,227.4
delhi_ncr,2025-10-17,28.775,77.325,0.0002866064927347,0.1278425870391829,245.6
delhi_ncr,2025-10-17,28.775,77.375,0.0002702333239217,0.1179168048065631,237.6
delhi_ncr,2025-10-17,28.775,77.425,0.0003262820046624,0.1073388269885858,256.8
delhi_ncr,2025-10-17,28.775,77.475,0.0004328895953346,0.1060999914225684,296.9
delhi_ncr,2025-10-17,28.775,77.525,0.0004732604924697,0.1121557996770669,313.2
delhi_ncr,2025-10-17,28.775,77.55,0.0003390471662867,0.1231426894072386,264.6
delhi_ncr,2025-10-17,28.825,76.825,0.0002614793486861,0.0811650981071736,227.6
delhi_ncr,2025-10-17,28.825,76.875,0.0002051945542918,0.0899196271928088,208.0
delhi_ncr,2025-10-17,28.825,76.925,0.0004021579271418,0.1028998604935389,284.7
delhi_ncr,2025-10-17,28.825,76.975,0.0004163676398904,0.1076604662919608,290.9
delhi_ncr,2025-10-17,28.825,77.025,0.0003208043479995,0.1187130201608969,256.9
delhi_ncr,2025-10-17,28.825,77.075,0.0002262863946339,0.1339433859898606,224.0
delhi_ncr,2025-10-17,28.825,77.125,0.0005529416722052,0.1403384436154669,348.4
delhi_ncr,2025-10-17,28.825,77.175,0.0006058441227499,0.1361064598522198,367.6
delhi_ncr,2025-10-17,28.825,77.225,0.0003744804692335,0.1279274984431841,278.8
delhi_ncr,2025-10-17,28.825,77.275,0.0002716169970063,0.1197974101516829,238.5
delhi_ncr,2025-10-17,28.825,77.325,0.0003501620561411,0.1124400776225495,266.8
delhi_ncr,2025-10-17,28.825,77.375,0.0003099101612005,0.1002229947496844,249.4
delhi_ncr,2025-10-17,28.825,77.425,0.0003377068643146,0.0968911898123159,259.2
delhi_ncr,2025-10-17,28.825,77.475,0.0004905864507267,0.0942912493250903,316.5
delhi_ncr,2025-10-17,28.825,77.525,0.0004861367129715,0.1027305691892995,316.3
delhi_ncr,2025-10-17,28.875,76.825,0.0001690679439236,0.0847290546915747,193.4
delhi_ncr,2025-10-17,28.875,76.875,0.0001470879582537,0.0882737982788604,185.7
delhi_ncr,2025-10-17,28.875,76.925,0.0002774707441466,0.100586364643154,237.2
delhi_ncr,2025-10-17,28.875,76.975,0.0003032480057548,0.1060562107765979,247.9
delhi_ncr,2025-10-17,28.875,77.025,0.0003072352122334,0.1157167334619695,251.2
delhi_ncr,2025-10-17,28.875,77.075,0.0003084598523292,0.1286668900463953,254.0
delhi_ncr,2025-10-17,28.875,77.125,0.0003601203863301,0.1383403637505885,275.3
delhi_ncr,2025-10-17,28.875,77.175,0.0004489823290628,0.1322642007452739,307.7
delhi_ncr,2025-10-17,28.875,77.225,0.0003984525343357,0.1211524178779677,286.6
delhi_ncr,2025-10-17,28.875,77.275,0.0003704831108807,0.1115207203359874,274.3
delhi_ncr,2025-10-17,28.875,77.325,0.0003925437615268,0.1041189591410949,281.3
delhi_ncr,2025-10-17,28.875,77.375,0.000434449578529,0.0909363076048079,294.7
delhi_ncr,2025-10-17,28.875,77.425,0.0004220736943573,0.0884081713307026,289.5
delhi_ncr,2025-10-17,28.875,77.475,0.0004446220834442,0.0834619898407636,297.1
delhi_ncr,2025-10-17,28.875,77.525,0.0003829368510505,0.0868824833396455,274.5
delhi_ncr,2025-10-17,28.875,77.55,0.0002349121999087,0.1079677046010059,222.5
delhi_ncr,2025-10-18,28.375,76.825,0.0003159808964073,0.2254351418837233,274.5
delhi_ncr,2025-10-18,28.375,76.875,0.0002840822892315,0.2227999158350667,262.0
delhi_ncr,2025-10-18,28.375,76.925,0.0003165973401646,0.2169076020993224,273.2
delhi_ncr,2025-10-18,28.375,76.975,0.0003172870946069,0.2136954624490842,272.9
delhi_ncr,2025-10-18,28.375,77.025,0.0003165974958572,0.2055833142804018,271.1
delhi_ncr,2025-10-18,28.375,77.075,0.0003090891262958,0.1943267555949193,266.2
delhi_ncr,2025-10-18,28.375,77.125,0.0002529753597444,0.1900246269149702,244.3
delhi_ncr,2025-10-18,28.375,77.175,0.0002837597436881,0.1924439870148289,256.3
delhi_ncr,2025-10-18,28.375,77.225,0.0002789861882733,0.1958531533805343,255.2
delhi_ncr,2025-10-18,28.375,77.275,0.0003095005505494,0.2001736535848012,267.5
delhi_ncr,2025-10-18,28.375,77.325,0.0003739962144206,0.2055024380531457,292.8
delhi_ncr,2025-10-18,28.375,77.375,0.0003654218347632,0.214215718640069,291.1
delhi_ncr,2025-10-18,28.375,77.425,0.0003604115212736,0.2155196678628592,289.5
delhi_ncr,2025-10-18,28.375,77.475,0.0003438900638551,0.2186979178087859,283.8
delhi_ncr,2025-10-18,28.375,77.525,0.0003977888425087,0.2224962015427297,304.9
delhi_ncr,2025-10-18,28.375,77.55,0.0004410608177352,0.2255041657283955,321.7
delhi_ncr,2025-10-18,28.425,76.825,0.000350595749599,0.2276426278733717,288.0
delhi_ncr,2025-10-18,28.425,76.875,0.0002986572916472,0.228625214171617,268.6
delhi_ncr,2025-10-18,28.425,76.925,0.000281732479296,0.2307040105484361,262.6
delhi_ncr,2025-10-18,28.425,76.975,0.0002479730397383,0.2329479532541551,250.2
delhi_ncr,2025-10-18,28.425,77.025,0.0002892493297615,0.2341306001634118,266.0
delhi_ncr,2025-10-18,28.425,77.075,0.0003794950323921,0.232766219199124,299.8
delhi_ncr,2025-10-18,28.425,77.125,0.0003774569573226,0.2210101842931967,296.9
delhi_ncr,2025-10-18,28.425,77.175,0.0003532216525266,0.216315801398144,286.9
delhi_ncr,2025-10-18,28.425,77.225,0.0003139402720576,0.2158127919976026,272.0
delhi_ncr,2025-10-18,28.425,77.275,0.0003201156913548,0.2167179358194801,274.5
delhi_ncr,2025-10-18,28.425,77.325,0.0003758653725295,0.2182880360911649,295.8
delhi_ncr,2025-10-18,28.425,77.375,0.0004271971902104,0.220660786242212,315.6
delhi_ncr,2025-10-18,28.425,77.425,0.0004472441626094,0.225050684636365,324.0
delhi_ncr,2025-10-18,28.425,77.475,0.0003854866558408,0.2303769756495179,301.7
delhi_ncr,2025-10-18,28.425,77.525,0.000377561982792,0.235133621670781,299.5
delhi_ncr,2025-10-18,28.425,77.55,0.0004668818524842,0.237097016503072,333.6
delhi_ncr,2025-10-18,28.475,76.825,0.0003585726612521,0.2245287023118735,290.4
delhi_ncr,2025-10-18,28.475,76.875,0.0002908186576305,0.2314076092201171,266.1
delhi_ncr,2025-10-18,28.475,76.925,0.0002370001963761,0.2430599798752647,247.9
delhi_ncr,2025-10-18,28.475,76.975,0.0001990565715219,0.2485489527344435,234.6
delhi_ncr,2025-10-18,28.475,77.025,0.0002707132278222,0.254235575082668,262.7
delhi_ncr,2025-10-18,28.475,77.075,0.0004169469131822,0.2577121608888627,318.5
delhi_ncr,2025-10-18,28.475,77.125,0.0004479913519712,0.2452213959595983,328.0
delhi_ncr,2025-10-18,28.475,77.175,0.0004016966409311,0.2422924758665717,310.0
delhi_ncr,2025-10-18,28.475,77.225,0.0003571396696436,0.2409068440608509,292.9
delhi_ncr,2025-10-18,28.475,77.275,0.0003641276328594,0.2391015457832841,295.2
delhi_ncr,2025-10-18,28.475,77.325,0.0004264076215473,0.2363731640660719,318.2
delhi_ncr,2025-10-18,28.475,77.375,0.000491978726444,0.2314839981233166,342.1
delhi_ncr,2025-10-18,28.475,77.425,0.0005097753095019,0.2361349100273666,349.6
delhi_ncr,2025-10-18,28.475,77.475,0.0004130434668508,0.2417141421167795,314.1
delhi_ncr,2025-10-18,28.475,77.525,0.0003397716561754,0.2461161351870857,287.3
delhi_ncr,2025-10-18,28.475,77.55,0.0003270748197758,0.2489603985398058,283.0
delhi_ncr,2025-10-18,28.525,76.825,0.0003037105022689,0.2145850813525499,267.9
delhi_ncr,2025-10-18,28.525,76.875,0.0002097473079724,0.229021977338593,235.1
delhi_ncr,2025-10-18,28.525,76.925,0.0002106776200709,0.2491720566524312,239.1
delhi_ncr,2025-10-18,28.525,76.975,0.000221349190449,0.2530928101472245,243.9
delhi_ncr,2025-10-18,28.525,77.025,0.0002936374053557,0.2515499282762456,270.9
delhi_ncr,2025-10-18,28.525,77.075,0.0003992761678082,0.2473912667268215,310.0
delhi_ncr,2025-10-18,28.525,77.125,0.0004067723467769,0.2470276658639465,312.7
delhi_ncr,2025-10-18,28.525,77.175,0.0004013257750565,0.2617417252764799,313.4
delhi_ncr,2025-10-18,28.525,77.225,0.0003987508980535,0.2626804963998062,312.6
delhi_ncr,2025-10-18,28.525,77.275,0.0004386502369266,0.2595567451033422,327.1
delhi_ncr,2025-10-18,28.525,77.325,0.0005175596697461,0.2541194150404108,355.8
delhi_ncr,2025-10-18,28.525,77.375,0.0005536028040073,0.2446372795862839,367.7
delhi_ncr,2025-10-18,28.525,77.425,0.0005144707034843,0.244402606635711,352.9
delhi_ncr,2025-10-18,28.525,77.475,0.000478621556725,0.2464122474413461,339.7
delhi_ncr,2025-10-18,28.525,77.525,0.0004102266594176,0.2485032280257074,314.3
delhi_ncr,2025-10-18,28.525,77.55,0.0002803381880391,0.2435638203292847,264.4
delhi_ncr,2025-10-18,28.575,76.825,0.0003267939025766,0.1972037997083824,273.5
delhi_ncr,2025-10-18,28.575,76.875,0.0003163776275691,0.2067449195113945,271.3
delhi_ncr,2025-10-18,28.575,76.925,0.0002847818610788,0.2409032493679466,265.6
delhi_ncr,2025-10-18,28.575,76.975,0.0002780203521701,0.2469617702472387,264.1
delhi_ncr,2025-10-18,28.575,77.025,0.0003117490039699,0.2476741500258208,277.0
delhi_ncr,2025-10-18,28.575,77.075,0.0003644578506333,0.24675041950994,296.7
delhi_ncr,2025-10-18,28.575,77.125,0.0003460910371054,0.2476930677669521,290.0
delhi_ncr,2025-10-18,28.575,77.175,0.0003254340994733,0.2487284118041326,282.4
delhi_ncr,2025-10-18,28.575,77.225,0.0003245276989385,0.2488584966206988,282.0
delhi_ncr,2025-10-18,28.575,77.275,0.0004060738916349,0.2483482862693946,312.7
delhi_ncr,2025-10-18,28.575,77.325,0.0005493517222343,0.2498843377789638,367.1
delhi_ncr,2025-10-18,28.575,77.375,0.0005558193342533,0.2718469539020783,373.5
delhi_ncr,2025-10-18,28.575,77.425,0.0005535279918387,0.2689862910609223,372.1
delhi_ncr,2025-10-18,28.575,77.475,0.0005185326817606,0.2581370925179994,356.9
delhi_ncr,2025-10-18,28.575,77.525,0.0004132856577839,0.2462014357060995,315.0
delhi_ncr,2025-10-18,28.625,76.825,0.0002740944875228,0.1829291134458845,251.0
delhi_ncr,2025-10-18,28.625,76.875,0.0003005727917523,0.1957284443645235,263.3
delhi_ncr,2025-10-18,28.625,76.925,0.0003148203086887,0.2198286359072558,273.1
delhi_ncr,2025-10-18,28.625,76.975,0.0002919396876063,0.2310752161835411,266.5
delhi_ncr,2025-10-18,28.625,77.025,0.0003345427856297,0.2436189714117423,284.9
delhi_ncr,2025-10-18,28.625,77.075,0.0004148856329702,0.2565378824483738,317.5
delhi_ncr,2025-10-18,28.625,77.125,0.000355459911555,0.2633448890378898,296.4
delhi_ncr,2025-10-18,28.625,77.175,0.000339765398522,0.2658494116406123,290.9
delhi_ncr,2025-10-18,28.625,77.225,0.0003741146689197,0.2640808404838788,303.5
delhi_ncr,2025-10-18,28.625,77.275,0.0004207762534825,0.2551479604942824,319.5
delhi_ncr,2025-10-18,28.625,77.325,0.0004749493065362,0.2438990541569582,337.9
delhi_ncr,2025-10-18,28.625,77.375,0.0005804703013565,0.2680813812077856,382.1
delhi_ncr,2025-10-18,28.625,77.425,0.0005088612207069,0.2603530218458645,353.7
delhi_ncr,2025-10-18,28.625,77.475,0.0004454081495615,0.2517176131270373,328.2
delhi_ncr,2025-10-18,28.625,77.525,0.0004230787756686,0.2416631593632559,317.9
delhi_ncr,2025-10-18,28.625,77.55,0.0003794556095974,0.233519404706348,300.0
delhi_ncr,2025-10-18,28.675,76.825,0.0002072633549831,0.1763665323802533,224.5
delhi_ncr,2025-10-18,28.675,76.875,0.0002559187797218,0.1907681780577748,245.5
delhi_ncr,2025-10-18,28.675,76.925,0.0002712601711755,0.2100153825325588,254.8
delhi_ncr,2025-10-18,28.675,76.975,0.0002751935138473,0.2212672007066431,258.4
delhi_ncr,2025-10-18,28.675,77.025,0.0003350217055521,0.2362376280504265,283.7
delhi_ncr,2025-10-18,28.675,77.075,0.0004144636189361,0.2529579070483223,316.7
delhi_ncr,2025-10-18,28.675,77.125,0.0003297863389288,0.2615713171908846,286.3
delhi_ncr,2025-10-18,28.675,77.175,0.0002626002826731,0.264589480004712,261.5
delhi_ncr,2025-10-18,28.675,77.225,0.0003625276212691,0.2636155024154647,299.1
delhi_ncr,2025-10-18,28.675,77.275,0.0004126433122227,0.2581239974984347,317.0
delhi_ncr,2025-10-18,28.675,77.325,0.0003926652070077,0.2511502732152672,308.2
delhi_ncr,2025-10-18,28.675,77.375,0.0005308682934567,0.2631574925177169,362.5
delhi_ncr,2025-10-18,28.675,77.425,0.0005053771626634,0.2556764888305213,351.5
delhi_ncr,2025-10-18,28.675,77.475,0.0004500132768071,0.2487621689126306,329.4
delhi_ncr,2025-10-18,28.675,77.525,0.000407231298625,0.2400576255030845,311.6
delhi_ncr,2025-10-18,28.675,77.55,0.0003972881790528,0.2301552862426143,306.1
delhi_ncr,2025-10-18,28.725,76.825,0.0001904751501524,0.1731728011561888,217.6
delhi_ncr,2025-10-18,28.725,76.875,0.0002327909408713,0.1865247397326017,236.0
delhi_ncr,2025-10-18,28.725,76.925,0.0002283770546709,0.2016551195677042,237.1
delhi_ncr,2025-10-18,28.725,76.975,0.0002869031494347,0.2106011513871797,260.8
delhi_ncr,2025-10-18,28.725,77.025,0.0003615200291636,0.2231266072154467,291.3
delhi_ncr,2025-10-18,28.725,77.075,0.0004189419041198,0.2380346585842627,315.7
delhi_ncr,2025-10-18,28.725,77.125,0.0003384093139999,0.248778967578735,287.3
delhi_ncr,2025-10-18,28.725,77.175,0.0002413798058812,0.2521229520838699,251.3
delhi_ncr,2025-10-18,28.725,77.225,0.0003438044205751,0.2539766520111621,290.2
delhi_ncr,2025-10-18,28.725,77.275,0.0003908607362397,0.2553570533387541,308.3
delhi_ncr,2025-10-18,28.725,77.325,0.0003549392473503,0.2561543130952846,294.8
delhi_ncr,2025-10-18,28.725,77.375,0.0004378175387846,0.2566554561283554,326.2
delhi_ncr,2025-10-18,28.725,77.425,0.0004537646233444,0.2526252680413896,331.5
delhi_ncr,2025-10-18,28.725,77.475,0.0004150402130833,0.2486613936923877,316.2
delhi_ncr,2025-10-18,28.725,77.525,0.0003484877780423,0.2421262253421518,289.8
delhi_ncr,2025-10-18,28.725,77.55,0.0002599506087228,0.2362874218541515,255.4
delhi_ncr,2025-10-18,28.775,76.825,0.0002844627407653,0.1707230450275972,252.6
delhi_ncr,2025-10-18,28.775,76.875,0.0002754014309801,0.1790215235082493,250.7
delhi_ncr,2025-10-18,28.775,76.925,0.0002475904355275,0.1869097292421912,241.7
delhi_ncr,2025-10-18,28.775,76.975,0.0003741203241912,0.1941623746655555,290.8
delhi_ncr,2025-10-18,28.775,77.025,0.0004578398969138,0.2023890307462244,323.9
delhi_ncr,2025-10-18,28.775,77.075,0.0004733334022559,0.2122640685945386,331.5
delhi_ncr,2025-10-18,28.775,77.125,0.0004416843533665,0.228614739519552,322.6
delhi_ncr,2025-10-18,28.775,77.175,0.0004000285269612,0.2329761493706429,307.6
delhi_ncr,2025-10-18,28.775,77.225,0.0003579645365374,0.2391588053579044,292.9
delhi_ncr,2025-10-18,28.775,77.275,0.0003635077710237,0.2439063565923657,295.8
delhi_ncr,2025-10-18,28.775,77.325,0.0004044064112361,0.2463516479279052,311.7
delhi_ncr,2025-10-18,28.775,77.375,0.0003214321131036,0.2481854404658373,280.7
delhi_ncr,2025-10-18,28.775,77.425,0.0002790635931604,0.250020146841217,265.1
delhi_ncr,2025-10-18,28.775,77.475,0.0002449347524042,0.2515295286853328,252.5
delhi_ncr,2025-10-18,28.775,77.525,0.0002291358675251,0.2490942723371477,246.1
delhi_ncr,2025-10-18,28.775,77.55,0.0001293128319337,0.2466557831985567,208.0
delhi_ncr,2025-10-18,28.825,76.825,0.0002195174527111,0.1700763178000693,228.0
delhi_ncr,2025-10-18,28.825,76.875,0.0001644466542399,0.176862035699417,208.5
delhi_ncr,2025-10-18,28.825,76.925,0.0001550287601393,0.1828538816952307,206.0
delhi_ncr,2025-10-18,28.825,76.975,0.000195830628208,0.1882874803871329,222.4
delhi_ncr,2025-10-18,28.825,77.025,0.0002705572674077,0.1948736389837999,251.8
delhi_ncr,2025-10-18,28.825,77.075,0.0003594824951005,0.2032530163211917,286.9
delhi_ncr,2025-10-18,28.825,77.125,0.0004147820354742,0.2181989759765676,310.5
delhi_ncr,2025-10-18,28.825,77.175,0.0004315748705996,0.2249324769350628,318.1
delhi_ncr,2025-10-18,28.825,77.225,0.0004375522509518,0.2328158775877086,321.8
delhi_ncr,2025-10-18,28.825,77.275,0.0004148426028272,0.2383696093986816,314.2
delhi_ncr,2025-10-18,28.825,77.325,0.0003541919571356,0.2406822611896868,291.7
delhi_ncr,2025-10-18,28.825,77.375,0.0002062667886104,0.2420899784329551,236.2
delhi_ncr,2025-10-18,28.825,77.425,0.0002387851880814,0.2441227021818524,248.8
delhi_ncr,2025-10-18,28.825,77.475,0.000256782477448,0.2463543920248208,256.0
delhi_ncr,2025-10-18,28.825,77.525,0.0001857102126761,0.2487332637248734,229.6
delhi_ncr,2025-10-18,28.875,76.825,0.0003607872711925,0.1583172456148946,279.2
delhi_ncr,2025-10-18,28.875,76.875,0.0003615802105196,0.1656258316237095,280.8
delhi_ncr,2025-10-18,28.875,76.925,0.0003757048396977,0.1724172133300538,287.4
delhi_ncr,2025-10-18,28.875,76.975,0.0003749268742076,0.1816245595667249,288.8
delhi_ncr,2025-10-18,28.875,77.025,0.0003977533517321,0.189693174197725,298.9
delhi_ncr,2025-10-18,28.875,77.075,0.0004207908330309,0.1972241024207915,308.9
delhi_ncr,2025-10-18,28.875,77.125,0.0003073328471559,0.2124589120764672,268.9
delhi_ncr,2025-10-18,28.875,77.175,0.0002803223427231,0.2156092973993204,259.3
delhi_ncr,2025-10-18,28.875,77.225,0.0003415315768235,0.2246892335897908,284.0
delhi_ncr,2025-10-18,28.875,77.275,0.0003876924060982,0.2310356476097203,302.6
delhi_ncr,2025-10-18,28.875,77.325,0.0003892123444785,0.233286862766033,303.6
delhi_ncr,2025-10-18,28.875,77.375,0.000324584917764,0.2371956621607224,279.9
delhi_ncr,2025-10-18,28.875,77.425,0.0003134301977727,0.2379409754035576,275.9
delhi_ncr,2025-10-18,28.875,77.475,0.0002994583055863,0.2405830788621796,271.1
delhi_ncr,2025-10-18,28.875,77.525,0.0002439727899246,0.2457131035969018,251.1
delhi_ncr,2025-10-18,28.875,77.55,0.000105617235022,0.2520917100772746,200.0
delhi_ncr,2025-10-19,28.375,76.825,0.0002680768049047,0.2300561560794171,257.3
delhi_ncr,2025-10-19,28.375,76.875,0.0002493335120005,0.2309764463978219,250.4
delhi_ncr,2025-10-19,28.375,76.925,0.0002640124028638,0.2216351849359474,254.2
delhi_ncr,2025-10-19,28.375,76.975,0.0003315675546295,0.2136306943724024,278.3
delhi_ncr,2025-10-19,28.375,77.025,0.0004063751067509,0.2108038812475106,306.0
delhi_ncr,2025-10-19,28.375,77.075,0.0004785350106717,0.2142373672379076,333.8
delhi_ncr,2025-10-19,28.375,77.125,0.0005432558180154,0.2269583188244961,360.6
delhi_ncr,2025-10-19,28.375,77.175,0.0005007050430605,0.2350704699103516,346.0
delhi_ncr,2025-10-19,28.375,77.225,0.0004998633705164,0.2370946695103468,346.1
delhi_ncr,2025-10-19,28.375,77.275,0.0004849925037602,0.2338024514353495,339.8
delhi_ncr,2025-10-19,28.375,77.325,0.000442301316359,0.2234183829960146,321.8
delhi_ncr,2025-10-19,28.375,77.375,0.0003484366190426,0.1923198846249121,280.7
delhi_ncr,2025-10-19,28.375,77.425,0.0003449799701562,0.1918850911769291,279.3
delhi_ncr,2025-10-19,28.375,77.475,0.0003483743108164,0.1934530527469517,280.9
delhi_ncr,2025-10-19,28.375,77.525,0.0003715366724502,0.2071975469401702,292.2
delhi_ncr,2025-10-19,28.375,77.55,0.0004100116828564,0.2324743544788372,311.3
delhi_ncr,2025-10-19,28.425,76.825,0.0003324247382706,0.1897995853395405,274.2
delhi_ncr,2025-10-19,28.425,76.875,0.0002897184053263,0.1940222835375387,258.9
delhi_ncr,2025-10-19,28.425,76.925,0.0002781166611313,0.2009044287677363,255.8
delhi_ncr,2025-10-19,28.425,76.975,0.0003311422262447,0.2007837555970336,275.7
delhi_ncr,2025-10-19,28.425,77.025,0.0004201891313232,0.2052497251667268,310.2
delhi_ncr,2025-10-19,28.425,77.075,0.0005200502837195,0.2134127195556726,349.3
delhi_ncr,2025-10-19,28.425,77.125,0.0005649640744699,0.2200911393782143,367.5
delhi_ncr,2025-10-19,28.425,77.175,0.0005594712434377,0.2234757652125372,366.1
delhi_ncr,2025-10-19,28.425,77.225,0.0005259731577159,0.2284293139643046,354.3
delhi_ncr,2025-10-19,28.425,77.275,0.000461883540294,0.232213067307094,330.8
delhi_ncr,2025-10-19,28.425,77.325,0.0003787246877834,0.2321015456814604,299.4
delhi_ncr,2025-10-19,28.425,77.375,0.0003522369022565,0.2127479865646304,285.9
delhi_ncr,2025-10-19,28.425,77.425,0.0003288889831507,0.2081338970758516,276.2
delhi_ncr,2025-10-19,28.425,77.475,0.0003485146028146,0.209036359941504,283.8
delhi_ncr,2025-10-19,28.425,77.525,0.0003907149920364,0.2164281845185511,301.1
delhi_ncr,2025-10-19,28.425,77.55,0.0004401868895455,0.2292524682756482,322.1
delhi_ncr,2025-10-19,28.475,76.825,0.0004017146439131,0.1502642999675739,293.2
delhi_ncr,2025-10-19,28.475,76.875,0.0003577332452631,0.1552145151176971,277.5
delhi_ncr,2025-10-19,28.475,76.925,0.0002794293298135,0.1737042938256416,251.3
delhi_ncr,2025-10-19,28.475,76.975,0.0002977280723024,0.1808785897224779,259.5
delhi_ncr,2025-10-19,28.475,77.025,0.0003835725244568,0.1927504779659607,294.1
delhi_ncr,2025-10-19,28.475,77.075,0.0005035021393502,0.2081693229102556,342.1
delhi_ncr,2025-10-19,28.475,77.125,0.0005425838217422,0.216296954366987,358.4
delhi_ncr,2025-10-19,28.475,77.175,0.0005729859220328,0.2177785771220615,370.1
delhi_ncr,2025-10-19,28.475,77.225,0.0005310664278444,0.2279609238166416,356.2
delhi_ncr,2025-10-19,28.475,77.275,0.0004593232020222,0.2384484160116693,331.0
delhi_ncr,2025-10-19,28.475,77.325,0.0003869266213286,0.2450068683390145,304.9
delhi_ncr,2025-10-19,28.475,77.375,0.0004169055315623,0.2340320214845254,314.2
delhi_ncr,2025-10-19,28.475,77.425,0.0003418038498212,0.2226782737767849,283.8
delhi_ncr,2025-10-19,28.475,77.475,0.0003807874724827,0.2178796751831963,297.6
delhi_ncr,2025-10-19,28.475,77.525,0.0004129715886333,0.2168717162544226,309.6
delhi_ncr,2025-10-19,28.475,77.55,0.0003584134487092,0.2148300951304361,288.6
delhi_ncr,2025-10-19,28.525,76.825,0.0004102088033123,0.1364128088190984,293.8
delhi_ncr,2025-10-19,28.525,76.875,0.0003985350653466,0.1414021223843849,290.3
delhi_ncr,2025-10-19,28.525,76.925,0.0002802068821041,0.1595580157102124,249.0
delhi_ncr,2025-10-19,28.525,76.975,0.000307510871147,0.1678878528997447,260.8
delhi_ncr,2025-10-19,28.525,77.025,0.0003802739734731,0.1807279512924656,290.6
delhi_ncr,2025-10-19,28.525,77.075,0.0004604615775915,0.1979862714879735,324.0
delhi_ncr,2025-10-19,28.525,77.125,0.0004577171707959,0.2148181568054653,326.1
delhi_ncr,2025-10-19,28.525,77.175,0.0004704912756038,0.2197923153320374,331.8
delhi_ncr,2025-10-19,28.525,77.225,0.0005040859520739,0.2356234245762633,347.4
delhi_ncr,2025-10-19,28.525,77.275,0.000546493136726,0.2482513038466501,365.7
delhi_ncr,2025-10-19,28.525,77.325,0.0005844387403375,0.2519254229160921,380.7
delhi_ncr,2025-10-19,28.525,77.375,0.0005581034118955,0.2345962050709327,367.6
delhi_ncr,2025-10-19,28.525,77.425,0.0004029016894594,0.2158604341264016,305.6
delhi_ncr,2025-10-19,28.525,77.475,0.0004445601246199,0.2063319608428561,319.6
delhi_ncr,2025-10-19,28.525,77.525,0.0004162507502722,0.2031371135791647,308.3
delhi_ncr,2025-10-19,28.525,77.55,0.0003242236705204,0.2015891582548469,273.3
delhi_ncr,2025-10-19,28.575,76.825,8.920575770064354e-05,0.1105106532010079,168.0
delhi_ncr,2025-10-19,28.575,76.875,1.686057884478434e-05,0.1190596612292725,142.2
delhi_ncr,2025-10-19,28.575,76.925,0.0002754813523959,0.1411210090477214,243.8
delhi_ncr,2025-10-19,28.575,76.975,0.0003313490519745,0.1580666548866774,268.0
delhi_ncr,2025-10-19,28.575,77.025,0.0003645908603095,0.1802254172071937,284.6
delhi_ncr,2025-10-19,28.575,77.075,0.000379991006198,0.2055469690300726,295.1
delhi_ncr,2025-10-19,28.575,77.125,0.0003044463281259,0.2279950576067195,270.6
delhi_ncr,2025-10-19,28.575,77.175,0.0003855932701704,0.2360475166412355,302.7
delhi_ncr,2025-10-19,28.575,77.225,0.0004508056513368,0.2289164616729491,326.0
delhi_ncr,2025-10-19,28.575,77.275,0.0004787271658001,0.2221059158402705,335.3
delhi_ncr,2025-10-19,28.575,77.325,0.0004624987760038,0.2166754974632943,328.2
delhi_ncr,2025-10-19,28.575,77.375,0.0004073267474528,0.1936841992831843,303.2
delhi_ncr,2025-10-19,28.575,77.425,0.0003837060549496,0.1891401108819661,293.5
delhi_ncr,2025-10-19,28.575,77.475,0.0004283983573023,0.1904839624946382,310.6
delhi_ncr,2025-10-19,28.575,77.525,0.0004412174637341,0.1938424258002536,316.0
delhi_ncr,2025-10-19,28.625,76.825,0.0001823095158187,0.050849600932116,192.2
delhi_ncr,2025-10-19,28.625,76.875,0.0001766542369037,0.0677380867067783,193.1
delhi_ncr,2025-10-19,28.625,76.925,0.0003717894173941,0.1336855879432458,278.8
delhi_ncr,2025-10-19,28.625,76.975,0.0003293597674042,0.1579846534663196,267.3
delhi_ncr,2025-10-19,28.625,77.025,0.0003656506545491,0.1820071542927239,285.3
delhi_ncr,2025-10-19,28.625,77.075,0.0004814656936248,0.2080890912743834,333.8
delhi_ncr,2025-10-19,28.625,77.125,0.0005081819291105,0.2325439516086498,348.4
delhi_ncr,2025-10-19,28.625,77.175,0.0004138044305505,0.2483369265599808,315.6
delhi_ncr,2025-10-19,28.625,77.225,0.0004580799378134,0.220553722119948,327.3
delhi_ncr,2025-10-19,28.625,77.275,0.000496001015835,0.1990969259054512,337.7
delhi_ncr,2025-10-19,28.625,77.325,0.000496296834792,0.1925733099422622,336.6
delhi_ncr,2025-10-19,28.625,77.375,0.0004631145059321,0.1781552024161174,321.4
delhi_ncr,2025-10-19,28.625,77.425,0.0004392744555004,0.1765018114417163,312.1
delhi_ncr,2025-10-19,28.625,77.475,0.0004508388362859,0.1863147458330632,318.3
delhi_ncr,2025-10-19,28.625,77.525,0.0004229489225771,0.1935846753683373,309.1
delhi_ncr,2025-10-19,28.625,77.55,0.0003616027996359,0.1953254142681729,286.2
delhi_ncr,2025-10-19,28.675,76.825,0.0002078561024864,0.0315257873326961,198.3
delhi_ncr,2025-10-19,28.675,76.875,0.0002232625686566,0.0479099672274174,207.1
delhi_ncr,2025-10-19,28.675,76.925,0.0003600079410834,0.131248147561058,273.9
delhi_ncr,2025-10-19,28.675,76.975,0.0003165711502137,0.1546773235257706,261.8
delhi_ncr,2025-10-19,28.675,77.025,0.0003550277135415,0.1772636493069944,280.5
delhi_ncr,2025-10-19,28.675,77.075,0.0004665572321158,0.202966947919631,327.3
delhi_ncr,2025-10-19,28.675,77.125,0.000485859859246,0.2267566196473419,338.9
delhi_ncr,2025-10-19,28.675,77.175,0.0004965298061269,0.2371726284889369,344.8
delhi_ncr,2025-10-19,28.675,77.225,0.0004671323039317,0.2072785997500075,328.3
delhi_ncr,2025-10-19,28.675,77.275,0.0004442894006784,0.1844261746081165,315.5
delhi_ncr,2025-10-19,28.675,77.325,0.0004362193336077,0.1772934086881566,311.1
delhi_ncr,2025-10-19,28.675,77.375,0.00042755495904,0.1671388527623984,306.0
delhi_ncr,2025-10-19,28.675,77.425,0.000416810048744,0.1667246482897952,301.9
delhi_ncr,2025-10-19,28.675,77.475,0.0004048933951846,0.1755131701420309,299.0
delhi_ncr,2025-10-19,28.675,77.525,0.0003978099159664,0.182656799285431,297.6
delhi_ncr,2025-10-19,28.675,77.55,0.0003958016021852,0.1848671385441509,297.2
delhi_ncr,2025-10-19,28.725,76.825,0.0001383906461391,0.0476456527880858,175.0
delhi_ncr,2025-10-19,28.725,76.875,0.0001614340773398,0.0593016836976045,185.9
delhi_ncr,2025-10-19,28.725,76.925,0.000371002952198,0.1293571865284256,277.7
delhi_ncr,2025-10-19,28.725,76.975,0.000387102968897,0.1463220636827309,286.9
delhi_ncr,2025-10-19,28.725,77.025,0.0004057857506804,0.1647352718255014,297.3
delhi_ncr,2025-10-19,28.725,77.075,0.0004364056672109,0.1880999562261847,313.2
delhi_ncr,2025-10-19,28.725,77.125,0.0004140328199917,0.2076543121335517,308.3
delhi_ncr,2025-10-19,28.725,77.175,0.0005198665610561,0.2097148134687326,348.6
delhi_ncr,2025-10-19,28.725,77.225,0.0004637880728196,0.1866506424620375,323.2
delhi_ncr,2025-10-19,28.725,77.275,0.0003925710336323,0.1692148802877134,293.2
delhi_ncr,2025-10-19,28.725,77.325,0.0003444960034543,0.1631962213494938,273.9
delhi_ncr,2025-10-19,28.725,77.375,0.0003572135155297,0.1582274086101604,277.8
delhi_ncr,2025-10-19,28.725,77.425,0.0003546640513166,0.1579719335938028,276.8
delhi_ncr,2025-10-19,28.725,77.475,0.0003430792492183,0.1630516611200449,273.4
delhi_ncr,2025-10-19,28.725,77.525,0.00036888211684,0.1696829486028048,284.3
delhi_ncr,2025-10-19,28.725,77.55,0.000412773676433,0.1755831036044578,302.0
delhi_ncr,2025-10-19,28.775,76.825,-6.718698133468012e-05,0.1023504040624114,107.4
delhi_ncr,2025-10-19,28.775,76.875,-2.1143998054508912e-05,0.1065265301157897,125.6
delhi_ncr,2025-10-19,28.775,76.925,0.0005030714232519,0.1254336860202972,326.9
delhi_ncr,2025-10-19,28.775,76.975,0.0006220255326404,0.1310489960302518,372.8
delhi_ncr,2025-10-19,28.775,77.025,0.0005864661430913,0.1433455555843843,361.6
delhi_ncr,2025-10-19,28.775,77.075,0.000467699474461,0.1611219603020862,320.0
delhi_ncr,2025-10-19,28.775,77.125,0.0004265932807087,0.171266656213368,306.4
delhi_ncr,2025-10-19,28.775,77.175,0.0003839054949298,0.1703507764062142,290.1
delhi_ncr,2025-10-19,28.775,77.225,0.0004366759391965,0.1563890556386714,307.5
delhi_ncr,2025-10-19,28.775,77.275,0.0003977145492078,0.146380872556287,290.9
delhi_ncr,2025-10-19,28.775,77.325,0.0002661060279627,0.1446023918597208,240.9
delhi_ncr,2025-10-19,28.775,77.375,0.0002933353275557,0.150144494336844,252.2
delhi_ncr,2025-10-19,28.775,77.425,0.0002787803221317,0.1495670009799923,246.6
delhi_ncr,2025-10-19,28.775,77.475,0.0003068313739641,0.1526904822172975,257.8
delhi_ncr,2025-10-19,28.775,77.525,0.0003393641722109,0.1614345230407007,271.7
delhi_ncr,2025-10-19,28.775,77.55,0.0003389469924911,0.1640406090384557,272.0
delhi_ncr,2025-10-19,28.825,76.825,0.00023188880897,0.1051114813197515,220.8
delhi_ncr,2025-10-19,28.825,76.875,0.0001715557752438,0.107713528757379,198.5
delhi_ncr,2025-10-19,28.825,76.925,0.000190276513751,0.1118281789808947,206.3
delhi_ncr,2025-10-19,28.825,76.975,0.0002553000039,0.1145578574363281,231.4
delhi_ncr,2025-10-19,28.825,77.025,0.0003331948729474,0.1243105457539538,262.6
delhi_ncr,2025-10-19,28.825,77.075,0.000409282650503,0.1398292279762928,294.1
delhi_ncr,2025-10-19,28.825,77.125,0.000467381877632,0.1552602167499778,318.8
delhi_ncr,2025-10-19,28.825,77.175,0.0004485394695404,0.1560222115558851,311.9
delhi_ncr,2025-10-19,28.825,77.225,0.0003391271600206,0.1468276806153917,268.9
delhi_ncr,2025-10-19,28.825,77.275,0.000248415597586,0.1408722147401619,233.6
delhi_ncr,2025-10-19,28.825,77.325,0.0002196640617036,0.1416431335872801,222.9
delhi_ncr,2025-10-19,28.825,77.375,0.0003431729344311,0.1507151035674059,271.1
delhi_ncr,2025-10-19,28.825,77.425,0.0002815348288211,0.1489930472411187,247.6
delhi_ncr,2025-10-19,28.825,77.475,0.0003217329972713,0.1481198671791689,262.6
delhi_ncr,2025-10-19,28.825,77.525,0.0003447677645191,0.1496312371076154,271.5
delhi_ncr,2025-10-19,28.875,76.825,0.00013455106794,0.072359523809454,178.1
delhi_ncr,2025-10-19,28.875,76.875,0.0001871860343369,0.0897521913401591,201.1
delhi_ncr,2025-10-19,28.875,76.925,0.0002625710664036,0.0928140185619751,230.1
delhi_ncr,2025-10-19,28.875,76.975,0.0002215546128409,0.0989635455896191,215.8
delhi_ncr,2025-10-19,28.875,77.025,0.000223355717626,0.1126962518050334,219.0
delhi_ncr,2025-10-19,28.875,77.075,0.0002704192112561,0.133110718276321,240.5
delhi_ncr,2025-10-19,28.875,77.125,0.0002926633335161,0.1600940913357369,253.8
delhi_ncr,2025-10-19,28.875,77.175,0.0002866885230353,0.1526065362275659,250.2
delhi_ncr,2025-10-19,28.875,77.225,0.0003392752790992,0.14299289850316,268.3
delhi_ncr,2025-10-19,28.875,77.275,0.0003866744287386,0.1381791620717339,285.3
delhi_ncr,2025-10-19,28.875,77.325,0.0003843270935803,0.1391029018492111,284.6
delhi_ncr,2025-10-19,28.875,77.375,0.0001696532778808,0.1405059973668695,203.8
delhi_ncr,2025-10-19,28.875,77.425,0.000269190096564,0.1369949700745666,240.7
delhi_ncr,2025-10-19,28.875,77.475,0.0003830916204645,0.1352821601846546,283.4
delhi_ncr,2025-10-19,28.875,77.525,0.0004275510250367,0.1371154034505262,300.5
delhi_ncr,2025-10-19,28.875,77.55,0.0003585293860479,0.1462382472062845,276.1
delhi_ncr,2025-10-20,28.375,76.825,0.0003143521705317,0.2814237860673031,284.1
delhi_ncr,2025-10-20,28.375,76.875,0.0003143521705286,0.281423786064528,284.1
delhi_ncr,2025-10-20,28.375,76.925,0.0003143521681904,0.2814237839712301,284.1
delhi_ncr,2025-10-20,28.375,76.975,0.0003143521669896,0.2814237828962028,284.1
delhi_ncr,2025-10-20,28.375,77.075,0.000157681863151,0.2546738951127593,220.1
delhi_ncr,2025-10-20,28.375,77.125,0.0001576851311007,0.254673600509311,220.1
delhi_ncr,2025-10-20,28.375,77.175,0.0001766071510563,0.2566045414845765,227.6
delhi_ncr,2025-10-20,28.375,77.225,0.0002786713230079,0.2750432871564612,269.5
delhi_ncr,2025-10-20,28.375,77.275,0.0003391356227718,0.286127576234835,294.4
delhi_ncr,2025-10-20,28.375,77.325,0.000273618029545,0.2795985938426804,268.4
delhi_ncr,2025-10-20,28.375,77.375,0.0002732521916124,0.2796115497010759,268.3
delhi_ncr,2025-10-20,28.375,77.425,0.0002250151788591,0.282850922696106,250.7
delhi_ncr,2025-10-20,28.375,77.475,0.0001787569283526,0.2859024426602541,233.8
delhi_ncr,2025-10-20,28.425,76.825,0.000434352785784,0.1582784952584622,306.9
delhi_ncr,2025-10-20,28.425,76.875,0.0003852170927654,0.2572641248607116,306.5
delhi_ncr,2025-10-20,28.425,76.925,0.0003922944694352,0.2421876332965348,306.4
delhi_ncr,2025-10-20,28.425,76.975,0.0003331087956623,0.2516060805084977,285.8
delhi_ncr,2025-10-20,28.425,77.025,0.0002978351478418,0.2362103052221933,269.7
delhi_ncr,2025-10-20,28.425,77.075,0.0003027054023343,0.2045089125177039,265.7
delhi_ncr,2025-10-20,28.425,77.125,0.0003330084716808,0.215409099355798,279.1
delhi_ncr,2025-10-20,28.425,77.175,0.0003359248451773,0.2091147594515767,279.1
delhi_ncr,2025-10-20,28.425,77.225,0.0003560825766588,0.2125641662370382,287.3
delhi_ncr,2025-10-20,28.425,77.275,0.0003930767486974,0.2077472470233378,300.4
delhi_ncr,2025-10-20,28.425,77.325,0.0004574924779114,0.1909085955401661,321.6
delhi_ncr,2025-10-20,28.425,77.375,0.0002872103158095,0.2791172338730668,273.5
delhi_ncr,2025-10-20,28.425,77.425,0.0002872103158095,0.2791172338730668,273.5
delhi_ncr,2025-10-20,28.475,76.825,0.0004356990758895,0.137134875763306,303.6
delhi_ncr,2025-10-20,28.475,76.875,0.0003628870160536,0.2007898251561247,287.7
delhi_ncr,2025-10-20,28.475,76.925,0.0003788265623063,0.2364413289587452,300.3
delhi_ncr,2025-10-20,28.475,76.975,0.0003363071693556,0.2548988113005424,287.6
delhi_ncr,2025-10-20,28.475,77.025,0.000302769593125,0.2409355649457016,272.4
delhi_ncr,2025-10-20,28.475,77.075,0.0003136096045825,0.202328896058116,269.4
delhi_ncr,2025-10-20,28.475,77.125,0.0004868352430427,0.1774490739084154,330.2
delhi_ncr,2025-10-20,28.475,77.175,0.0004002051267526,0.1809772867383142,298.2
delhi_ncr,2025-10-20,28.475,77.225,0.0003621825443089,0.1889973749800908,285.3
delhi_ncr,2025-10-20,28.475,77.275,0.0003800230954498,0.1964574910083119,293.4
delhi_ncr,2025-10-20,28.475,77.325,0.0004425640314026,0.2015675009541129,317.9
delhi_ncr,2025-10-20,28.525,76.825,0.0004006772709909,0.1239249104942669,288.0
delhi_ncr,2025-10-20,28.525,76.875,0.0001646184053417,0.111610258117465,196.6
delhi_ncr,2025-10-20,28.525,76.925,0.000329805032933,0.2295598063021498,280.5
delhi_ncr,2025-10-20,28.525,76.975,0.0003445737425672,0.2628364538316166,292.2
delhi_ncr,2025-10-20,28.525,77.025,0.0003149519367756,0.2519826758946994,279.0
delhi_ncr,2025-10-20,28.525,77.075,0.0003009171021998,0.2101663591565039,266.1
delhi_ncr,2025-10-20,28.525,77.125,0.0005057091604299,0.1650418881747983,335.1
delhi_ncr,2025-10-20,28.525,77.175,0.0002359577752024,0.2096563208544084,241.4
delhi_ncr,2025-10-20,28.525,77.225,0.000214011019316,0.2611813396235922,242.6
delhi_ncr,2025-10-20,28.525,77.275,0.0002755485095035,0.2744093357308578,268.2
delhi_ncr,2025-10-20,28.525,77.325,0.0003694217987808,0.2473445310560622,298.7
delhi_ncr,2025-10-20,28.525,77.375,0.000355727633978,0.2790717735935765,299.3
delhi_ncr,2025-10-20,28.525,77.425,0.0005220727066487,0.2561845032994225,357.9
delhi_ncr,2025-10-20,28.525,77.475,0.000406106756109,0.240699002664335,311.3
delhi_ncr,2025-10-20,28.525,77.525,0.0002901408055693,0.2252135020292475,264.7
delhi_ncr,2025-10-20,28.575,76.825,0.0004282856848275,0.1613013839729998,305.2
delhi_ncr,2025-10-20,28.575,76.875,0.0003409280924174,0.1858013132436024,276.7
delhi_ncr,2025-10-20,28.575,76.925,0.0003409280924174,0.1858013132436024,276.7
delhi_ncr,2025-10-20,28.575,77.075,0.0004485342570569,0.2043085224547291,320.7
delhi_ncr,2025-10-20,28.575,77.125,0.0004485342570569,0.2043085224547291,320.7
delhi_ncr,2025-10-20,28.575,77.175,0.0003690909391913,0.2256900008801624,294.6
delhi_ncr,2025-10-20,28.575,77.225,0.0003539489541795,0.2559883045222993,294.4
delhi_ncr,2025-10-20,28.575,77.275,0.0003867423630326,0.255729270608502,306.8
delhi_ncr,2025-10-20,28.575,77.325,0.0004399889872197,0.2303247833105446,322.2
delhi_ncr,2025-10-20,28.575,77.375,0.000355727633978,0.2790717735935765,299.3
delhi_ncr,2025-10-20,28.575,77.425,0.0004962427264203,0.259738427258142,348.8
delhi_ncr,2025-10-20,28.575,77.475,0.0003866590501179,0.2381020553528607,303.5
delhi_ncr,2025-10-20,28.575,77.525,0.0002901408055693,0.2252135020292475,264.7
delhi_ncr,2025-10-20,28.625,76.825,0.000414072596371,0.1450322782018817,296.9
delhi_ncr,2025-10-20,28.625,76.875,0.0004608972238034,0.177959225984014,320.5
delhi_ncr,2025-10-20,28.625,76.925,0.000384435782237,0.236945973389835,302.5
delhi_ncr,2025-10-20,28.625,76.975,0.0003747843220953,0.2442657250211722,300.2
delhi_ncr,2025-10-20,28.625,77.075,0.0006374554549549,0.2056507687973401,392.2
delhi_ncr,2025-10-20,28.625,77.125,0.0006318816929051,0.2056111683617661,390.1
delhi_ncr,2025-10-20,28.625,77.175,0.000582803588729,0.206955923918903,371.9
delhi_ncr,2025-10-20,28.625,77.225,0.0005172797705501,0.2243778401144969,350.3
delhi_ncr,2025-10-20,28.625,77.275,0.0003868267001802,0.25568776108108,306.8
delhi_ncr,2025-10-20,28.625,77.325,0.0004414901952373,0.2294563024491802,322.6
delhi_ncr,2025-10-20,28.625,77.375,0.000355727633978,0.2790717735935765,299.3
delhi_ncr,2025-10-20,28.625,77.425,0.0004983091248386,0.2594541133414444,349.6
delhi_ncr,2025-10-20,28.625,77.475,0.0003554423553443,0.2580583565724396,295.4
delhi_ncr,2025-10-20,28.625,77.525,0.0003289113274338,0.2584078230080712,285.4
delhi_ncr,2025-10-20,28.675,76.825,0.0003142944517607,0.1480956274885402,259.8
delhi_ncr,2025-10-20,28.675,76.875,0.0003920801480255,0.1969964086459255,298.1
delhi_ncr,2025-10-20,28.675,76.925,0.0003781858763448,0.2362805994817602,300.0
delhi_ncr,2025-10-20,28.675,76.975,0.0003747843220953,0.2442657250211722,300.2
delhi_ncr,2025-10-20,28.675,77.025,0.0006670277654226,0.2488702196479812,411.3
delhi_ncr,2025-10-20,28.675,77.075,0.0006690294919253,0.2383997512004811,410.1
delhi_ncr,2025-10-20,28.675,77.125,0.0006759732835123,0.2005420813859557,405.8
delhi_ncr,2025-10-20,28.675,77.175,0.0006314260236924,0.2019209717528242,389.3
delhi_ncr,2025-10-20,28.675,77.225,0.0006253536157683,0.202128325683689,387.0
delhi_ncr,2025-10-20,28.675,77.325,0.0005133014765505,0.2470011334509963,352.9
delhi_ncr,2025-10-20,28.675,77.375,0.0005133014765505,0.2470011334509963,352.9
delhi_ncr,2025-10-20,28.675,77.425,0.0004725197585195,0.2686620772384736,341.5
delhi_ncr,2025-10-20,28.675,77.475,0.0003856399286199,0.2674839336009711,308.5
delhi_ncr,2025-10-20,28.675,77.525,0.0003567234260713,0.2655718412483814,297.2
delhi_ncr,2025-10-20,28.725,76.825,0.0002809716861681,0.1524393049658096,248.0
delhi_ncr,2025-10-20,28.725,76.875,0.0003431755805204,0.2099693340571267,282.0
delhi_ncr,2025-10-20,28.725,76.925,0.0002624205429353,0.2646987551830098,261.5
delhi_ncr,2025-10-20,28.725,76.975,0.0002347581439592,0.2849848833321765,254.8
delhi_ncr,2025-10-20,28.725,77.025,0.0006661791697821,0.2175657381306204,405.3
delhi_ncr,2025-10-20,28.725,77.075,0.00065977535324,0.2132866881186334,402.1
delhi_ncr,2025-10-20,28.725,77.125,0.0006139424864483,0.1823108178005328,379.1
delhi_ncr,2025-10-20,28.725,77.175,0.0005734770237332,0.191166251678224,365.4
delhi_ncr,2025-10-20,28.725,77.225,0.0005354985731559,0.1988366752107403,352.5
delhi_ncr,2025-10-20,28.725,77.275,0.000416471451753,0.2056540949542442,308.8
delhi_ncr,2025-10-20,28.725,77.325,0.0003906211295492,0.1962665682620482,297.4
delhi_ncr,2025-10-20,28.725,77.375,0.0005020771729782,0.213675785402786,342.6
delhi_ncr,2025-10-20,28.725,77.425,0.0004485097269769,0.2329922411413806,325.9
delhi_ncr,2025-10-20,28.725,77.475,0.0004013815975886,0.2408386710170731,309.6
delhi_ncr,2025-10-20,28.725,77.525,0.0003733291730965,0.236412357897582,298.2
delhi_ncr,2025-10-20,28.725,77.55,0.0003593497524713,0.1754263096418738,281.8
delhi_ncr,2025-10-20,28.775,76.825,0.0004465209367456,0.1441419861151181,308.9
delhi_ncr,2025-10-20,28.775,76.875,0.0004843559287502,0.189364735055112,331.5
delhi_ncr,2025-10-20,28.775,76.925,0.0002580125959584,0.2760761738653692,261.9
delhi_ncr,2025-10-20,28.775,76.975,0.0002347581439592,0.2849848833321765,254.8
delhi_ncr,2025-10-20,28.775,77.025,0.0006637394573158,0.1275653537682083,387.9
delhi_ncr,2025-10-20,28.775,77.075,0.0006366890119478,0.1296992867200841,378.1
delhi_ncr,2025-10-20,28.775,77.125,0.0004563527094944,0.1439255063992563,312.6
delhi_ncr,2025-10-20,28.775,77.175,0.0004416814935813,0.1585957687944397,309.8
delhi_ncr,2025-10-20,28.775,77.225,0.0004499250864171,0.1940217706708464,319.3
delhi_ncr,2025-10-20,28.775,77.275,0.0004153025561461,0.2053832292521636,308.4
delhi_ncr,2025-10-20,28.775,77.325,0.0003549453614271,0.1812859263161689,281.2
delhi_ncr,2025-10-20,28.775,77.375,0.0004692255527667,0.1161381813592438,312.4
delhi_ncr,2025-10-20,28.775,77.425,0.0003805138503135,0.1289273830671127,281.3
delhi_ncr,2025-10-20,28.775,77.475,0.0003751009717326,0.1641441588736724,285.6
delhi_ncr,2025-10-20,28.775,77.525,0.0003751247226465,0.1835722509727224,289.2
delhi_ncr,2025-10-20,28.775,77.55,0.0003272301842961,0.1576126628382248,266.4
delhi_ncr,2025-10-20,28.825,76.825,0.0005691739500228,0.1394595366108965,354.4
delhi_ncr,2025-10-20,28.825,76.875,0.0004669546512404,0.1587452501148015,319.3
delhi_ncr,2025-10-20,28.825,76.925,0.0004228682919319,0.2230649796470999,314.4
delhi_ncr,2025-10-20,28.825,76.975,0.0006027810437972,0.2396165310231621,385.4
delhi_ncr,2025-10-20,28.825,77.025,0.0005598456130686,0.1958550675807979,361.2
delhi_ncr,2025-10-20,28.825,77.075,0.0003477486942504,0.1204316455109835,267.3
delhi_ncr,2025-10-20,28.825,77.125,0.0004273507217159,0.1279470941104889,298.8
delhi_ncr,2025-10-20,28.825,77.175,0.0004744937653991,0.1421423262230682,319.1
delhi_ncr,2025-10-20,28.825,77.225,0.0004607620238198,0.1479363885224666,315.0
delhi_ncr,2025-10-20,28.825,77.275,0.0003935760915679,0.1430567824538128,288.8
delhi_ncr,2025-10-20,28.825,77.325,0.0003028041316261,0.1273638940603405,251.6
delhi_ncr,2025-10-20,28.825,77.375,0.0003556585365015,0.1017821343337594,266.9
delhi_ncr,2025-10-20,28.825,77.425,0.0004527991760193,0.1130298637912494,305.6
delhi_ncr,2025-10-20,28.825,77.475,0.0004393621129965,0.1395552405331648,305.4
delhi_ncr,2025-10-20,28.825,77.525,0.0003769131318008,0.1513294562987394,284.0
delhi_ncr,2025-10-20,28.875,76.825,0.0004190165909231,0.1178559332318773,293.8
delhi_ncr,2025-10-20,28.875,76.875,0.0004265832978419,0.1286048920768282,298.6
delhi_ncr,2025-10-20,28.875,76.925,0.0003850199360588,0.1553764592225572,287.8
delhi_ncr,2025-10-20,28.875,76.975,0.0005079283450578,0.1566954529964995,334.4
delhi_ncr,2025-10-20,28.875,77.025,0.0005221950234852,0.137589040065465,336.3
delhi_ncr,2025-10-20,28.875,77.075,0.0004256700664108,0.1084094313819387,294.5
delhi_ncr,2025-10-20,28.875,77.125,0.000360518324518,0.1136900979237559,270.9
delhi_ncr,2025-10-20,28.875,77.175,0.0002350197729735,0.1321951779006383,226.9
delhi_ncr,2025-10-20,28.875,77.225,0.0003774003672005,0.1419048249907873,282.5
delhi_ncr,2025-10-20,28.875,77.275,0.0004532791973995,0.1411123090856302,310.9
delhi_ncr,2025-10-20,28.875,77.325,0.0003902499858944,0.1290570581113596,285.0
delhi_ncr,2025-10-20,28.875,77.375,0.0002393972568871,0.1054742309625196,223.7
delhi_ncr,2025-10-20,28.875,77.425,0.0002888207108525,0.1038530596217687,242.1
delhi_ncr,2025-10-20,28.875,77.475,0.0004770655795172,0.110645659126664,314.4
delhi_ncr,2025-10-20,28.875,77.525,0.0005042687337925,0.1220763992074404,326.7
delhi_ncr,2025-10-20,28.875,77.55,0.0002981062435286,0.1370732800439616,251.6
delhi_ncr,2025-10-21,28.375,76.925,0.0002600651930436,0.2932850703556842,265.8
delhi_ncr,2025-10-21,28.375,76.975,0.0002602255497782,0.2932637884926785,265.9
delhi_ncr,2025-10-21,28.375,77.075,0.0002855561541848,0.2923956122638639,275.3
delhi_ncr,2025-10-21,28.375,77.125,0.0002855561541848,0.2923956122638639,275.3
delhi_ncr,2025-10-21,28.375,77.175,0.0002855561541848,0.2923956122638639,275.3
delhi_ncr,2025-10-21,28.375,77.325,0.0002346110196928,0.2904569560977624,255.7
delhi_ncr,2025-10-21,28.375,77.375,0.0002346082848129,0.2904794981577412,255.7
delhi_ncr,2025-10-21,28.375,77.425,0.0002029280696848,0.2573960266660756,237.7
delhi_ncr,2025-10-21,28.375,77.475,0.0002250298309104,0.2514638075811651,245.0
delhi_ncr,2025-10-21,28.375,77.525,0.0002446554202969,0.2513156968115193,252.3
delhi_ncr,2025-10-21,28.425,76.825,0.0004424563577933,0.2970011394398553,335.3
delhi_ncr,2025-10-21,28.425,76.875,0.0004424563577933,0.2970011394398553,335.3
delhi_ncr,2025-10-21,28.425,76.925,0.0002714773521194,0.294789118584368,270.4
delhi_ncr,2025-10-21,28.425,76.975,0.000250752624159,0.294520994844309,262.5
delhi_ncr,2025-10-21,28.425,77.075,0.0002855561541848,0.2923956122638639,275.3
delhi_ncr,2025-10-21,28.425,77.125,0.0002855561541848,0.2923956122638639,275.3
delhi_ncr,2025-10-21,28.425,77.175,0.0001859357709016,0.2960636385103768,238.4
delhi_ncr,2025-10-21,28.425,77.225,0.0001742918299984,0.2964923688508783,234.0
delhi_ncr,2025-10-21,28.425,77.325,0.0002347126309989,0.2896194318693175,255.6
delhi_ncr,2025-10-21,28.425,77.375,0.0002347126309989,0.2896194318693175,255.6
delhi_ncr,2025-10-21,28.425,77.425,0.0002639440872244,0.2713527709643914,263.3
delhi_ncr,2025-10-21,28.425,77.475,0.0002476787267039,0.264944835697572,256.0
delhi_ncr,2025-10-21,28.425,77.525,0.0002196860500736,0.2575338492272749,244.1
delhi_ncr,2025-10-21,28.475,76.825,0.0004117988669444,0.2613014107563683,317.2
delhi_ncr,2025-10-21,28.475,76.875,0.0004540863885783,0.2806530709280144,336.7
delhi_ncr,2025-10-21,28.475,76.925,0.0004540863885783,0.2806530709280143,336.7
delhi_ncr,2025-10-21,28.475,77.175,0.000167311624885,0.2951826190516534,231.2
delhi_ncr,2025-10-21,28.475,77.225,0.000167483269273,0.2952148260139294,231.2
delhi_ncr,2025-10-21,28.475,77.425,0.0003141317435246,0.2778567954411082,283.4
delhi_ncr,2025-10-21,28.475,77.475,0.0003169656210719,0.2830055320634131,285.4
delhi_ncr,2025-10-21,28.475,77.525,0.000324091289556,0.2956606723548468,290.4
delhi_ncr,2025-10-21,28.525,76.825,0.0004005971357308,0.2472599850693328,310.5
delhi_ncr,2025-10-21,28.525,76.875,0.0004831614655406,0.2397828996484119,340.2
delhi_ncr,2025-10-21,28.525,76.925,0.0004831614655406,0.2397828996484119,340.2
delhi_ncr,2025-10-21,28.525,77.125,0.0002373396169746,0.2850557988610453,255.7
delhi_ncr,2025-10-21,28.525,77.175,0.0001533411235195,0.2918912506122126,225.3
delhi_ncr,2025-10-21,28.525,77.225,0.0001518721023061,0.291898424284188,224.7
delhi_ncr,2025-10-21,28.525,77.425,0.0002601908039545,0.2596156835537457,259.7
delhi_ncr,2025-10-21,28.525,77.475,0.000297203483261,0.2805069693536122,277.5
delhi_ncr,2025-10-21,28.525,77.525,0.000324091289556,0.2956606723548468,290.4
delhi_ncr,2025-10-21,28.575,77.075,0.0002373396169746,0.2850557988610453,255.7
delhi_ncr,2025-10-21,28.575,77.125,0.0002373396169746,0.2850557988610453,255.7
delhi_ncr,2025-10-21,28.575,77.175,0.0002681598502864,0.2905323870940383,268.4
delhi_ncr,2025-10-21,28.575,77.225,0.0002725315145859,0.2913092081199947,270.2
delhi_ncr,2025-10-21,28.575,77.425,0.0001949574167557,0.2569408632545888,234.6
delhi_ncr,2025-10-21,28.575,77.475,0.0001949574167557,0.2569408632545888,234.6
delhi_ncr,2025-10-21,28.625,76.825,0.0002257398648567,0.2653299141222606,247.8
delhi_ncr,2025-10-21,28.625,76.875,0.0002751078992714,0.2703245916273206,267.3
delhi_ncr,2025-10-21,28.625,76.925,0.0002676615125812,0.2700365535158283,264.4
delhi_ncr,2025-10-21,28.625,76.975,0.0002495745637371,0.2862807964756214,260.6
delhi_ncr,2025-10-21,28.625,77.025,0.0002400254200983,0.2952305516130167,258.6
delhi_ncr,2025-10-21,28.625,77.075,0.0002641684456577,0.2874898040414582,266.3
delhi_ncr,2025-10-21,28.625,77.125,0.0002633769118922,0.2874179933296137,266.0
delhi_ncr,2025-10-21,28.625,77.175,0.0002692843475897,0.2898743614771065,268.7
delhi_ncr,2025-10-21,28.625,77.225,0.0002725315145859,0.2913092081199947,270.2
delhi_ncr,2025-10-21,28.625,77.425,0.0001949574167557,0.2569408632545888,234.6
delhi_ncr,2025-10-21,28.625,77.475,0.0001949574167557,0.2569408632545888,234.6
delhi_ncr,2025-10-21,28.675,76.825,0.0002455881901553,0.2746095683166041,256.9
delhi_ncr,2025-10-21,28.675,76.875,0.0002751078992714,0.2703245916273206,267.3
delhi_ncr,2025-10-21,28.675,76.925,0.0002723305349129,0.2771018120041595,267.5
delhi_ncr,2025-10-21,28.675,76.975,0.0002375532660968,0.2832486667299974,255.5
delhi_ncr,2025-10-21,28.675,77.025,0.0002186774225383,0.2863925158096988,248.9
delhi_ncr,2025-10-21,28.675,77.075,0.0002708756528285,0.2880983053365615,269.0
delhi_ncr,2025-10-21,28.675,77.125,0.0002708756528285,0.2880983053365615,269.0
delhi_ncr,2025-10-21,28.675,77.175,0.0002708756528285,0.2880983053365615,269.0
delhi_ncr,2025-10-21,28.675,77.325,0.0003274839825856,0.2863650180489634,290.0
delhi_ncr,2025-10-21,28.675,77.375,0.0003274839825856,0.2863650180489634,290.0
delhi_ncr,2025-10-21,28.675,77.425,0.0003274839825856,0.2863650180489634,290.0
delhi_ncr,2025-10-21,28.725,76.825,0.0002375607216189,0.2839401328506729,255.6
delhi_ncr,2025-10-21,28.725,76.875,0.0001689707751082,0.2951231163662587,231.8
delhi_ncr,2025-10-21,28.725,76.925,0.0002741830500891,0.2846458002223127,269.6
delhi_ncr,2025-10-21,28.725,76.975,0.0002221677634464,0.279917184152416,249.1
delhi_ncr,2025-10-21,28.725,77.025,0.0001999574892874,0.2781243837375408,240.4
delhi_ncr,2025-10-21,28.725,77.325,0.0003274839825856,0.2863650180489634,290.0
delhi_ncr,2025-10-21,28.725,77.375,0.0003274839825856,0.2863650180489634,290.0
delhi_ncr,2025-10-21,28.725,77.425,0.0003079022465576,0.2915751605233577,283.6
delhi_ncr,2025-10-21,28.725,77.475,0.0002978316394575,0.2942546623673319,280.3
delhi_ncr,2025-10-21,28.775,76.825,0.0001613284785814,0.2814742111262009,226.4
delhi_ncr,2025-10-21,28.775,76.875,0.0001689707751082,0.2951231163662587,231.8
delhi_ncr,2025-10-21,28.775,76.925,0.0001689707751082,0.2951231163662587,231.8
delhi_ncr,2025-10-21,28.775,76.975,0.0002038912678975,0.2782400787597862,241.9
delhi_ncr,2025-10-21,28.775,77.025,0.0002038912678975,0.2782400787597862,241.9
delhi_ncr,2025-10-21,28.775,77.425,0.0002978316394575,0.2942546623673319,280.3
delhi_ncr,2025-10-21,28.775,77.475,0.0002978316394575,0.2942546623673319,280.3
delhi_ncr,2025-10-21,28.825,76.825,0.0002306107262738,0.2944793055045877,254.9
delhi_ncr,2025-10-21,28.825,76.875,0.0002433809918754,0.2935652958055747,259.6
delhi_ncr,2025-10-21,28.825,76.925,0.0002433809918754,0.2935652958055747,259.6
delhi_ncr,2025-10-21,28.825,76.975,0.0001736309492085,0.2896306210431098,232.5
delhi_ncr,2025-10-21,28.825,77.025,0.0001736309492085,0.2896306210431098,232.5
delhi_ncr,2025-10-21,28.825,77.225,0.0002704111639149,0.2791327058414767,267.1
delhi_ncr,2025-10-21,28.825,77.275,0.0002704111639149,0.2791327058414767,267.1
delhi_ncr,2025-10-21,28.875,76.825,0.0002304357263377,0.2944918308226852,254.9
delhi_ncr,2025-10-21,28.875,76.875,0.0002433809918754,0.2935652958055747,259.6
delhi_ncr,2025-10-21,28.875,76.925,0.0002433809918754,0.2935652958055747,259.6
delhi_ncr,2025-10-21,28.875,76.975,0.000185912393334,0.2575190553125862,231.3
delhi_ncr,2025-10-21,28.875,77.025,0.0001858684496563,0.2576339522480121,231.3
delhi_ncr,2025-10-21,28.875,77.225,0.0002704111639149,0.2791327058414767,267.1
delhi_ncr,2025-10-21,28.875,77.275,0.0002005663674721,0.2583201460677422,237.0
delhi_ncr,2025-10-21,28.875,77.325,0.0001583346300881,0.2457358075999026,218.7
delhi_ncr,2025-10-21,28.875,77.525,0.0002556152452582,0.2742882951363767,260.7
delhi_ncr,2025-10-21,28.875,77.55,0.0002556152452582,0.2742882951363767,260.7
delhi_ncr,2025-10-22,28.425,76.825,0.0002609353204705,0.2796899184226648,263.7
delhi_ncr,2025-10-22,28.425,76.875,0.0003620873775089,0.2848638086559049,302.8
delhi_ncr,2025-10-22,28.425,76.925,0.0003620873775089,0.2848638086559049,302.8
delhi_ncr,2025-10-22,28.475,76.825,0.0002460909247988,0.2760220999936302,257.4
delhi_ncr,2025-10-22,28.475,76.875,0.000345882789154,0.2810145841809778,296.0
delhi_ncr,2025-10-22,28.475,76.925,0.0002714968595207,0.2943349416489211,270.3
delhi_ncr,2025-10-22,28.475,76.975,0.0002467015496429,0.2987750608049023,261.8
delhi_ncr,2025-10-22,28.525,76.825,0.0002140322808119,0.2666992334350994,243.6
delhi_ncr,2025-10-22,28.525,76.875,0.0003056804730469,0.2710745086692741,279.0
delhi_ncr,2025-10-22,28.525,76.925,0.0002518956321436,0.2958346873063386,263.2
delhi_ncr,2025-10-22,28.525,76.975,0.0002467215601647,0.2983993918008209,261.7
delhi_ncr,2025-10-22,28.575,76.825,0.0003439481212063,0.2558068898931177,290.6
delhi_ncr,2025-10-22,28.575,76.875,0.0003177375094683,0.2587109500182205,281.3
delhi_ncr,2025-10-22,28.575,76.925,0.0002543359932651,0.2759649276423569,260.5
delhi_ncr,2025-10-22,28.575,76.975,0.0002478221388607,0.2777375965763436,258.4
delhi_ncr,2025-10-22,28.625,76.825,0.0003696673864084,0.2519103441679768,299.6
delhi_ncr,2025-10-22,28.625,76.875,0.0003025384548609,0.2546681841820182,274.8
delhi_ncr,2025-10-22,28.625,76.925,0.0002168088907937,0.2694197797661256,245.1
delhi_ncr,2025-10-22,28.625,76.975,0.0001924879508408,0.273819400317844,236.8
delhi_ncr,2025-10-22,28.625,77.025,0.0001816219579034,0.275978962514767,233.1
delhi_ncr,2025-10-22,28.675,76.825,0.0004474391765241,0.2510063580859021,328.8
delhi_ncr,2025-10-22,28.675,76.875,0.0002616663711437,0.2533331833982661,259.1
delhi_ncr,2025-10-22,28.675,76.925,0.0002135009708628,0.2632083171594522,242.8
delhi_ncr,2025-10-22,28.675,76.975,0.0001989124481621,0.2701702105605371,238.5
delhi_ncr,2025-10-22,28.675,77.025,0.0001935803248432,0.2734357746072707,237.1
delhi_ncr,2025-10-22,28.725,76.825,0.0004326375897723,0.2497328115089733,323.0
delhi_ncr,2025-10-22,28.725,76.875,0.0002142243033502,0.2508758123002185,240.8
delhi_ncr,2025-10-22,28.725,76.925,0.0002498940547258,0.2549752126738014,255.0
delhi_ncr,2025-10-22,28.725,76.975,0.0002241325677629,0.262201766492263,246.6
delhi_ncr,2025-10-22,28.725,77.025,0.0002155755585911,0.2687952516941758,244.6
delhi_ncr,2025-10-22,28.725,77.075,0.0002570099099587,0.2862819079818935,263.4
delhi_ncr,2025-10-22,28.775,76.825,0.0001934830526832,0.2453746107610593,231.9
delhi_ncr,2025-10-22,28.775,76.875,0.0001757488172631,0.2441529760351675,225.0
delhi_ncr,2025-10-22,28.775,76.925,0.0003347959740371,0.2424534111624749,284.7
delhi_ncr,2025-10-22,28.775,76.975,0.0002667245416521,0.24793433680711,260.1
delhi_ncr,2025-10-22,28.775,77.025,0.0002346232926525,0.2646925685890143,251.0
delhi_ncr,2025-10-22,28.775,77.075,0.0002570099099587,0.2862819079818935,263.4
delhi_ncr,2025-10-22,28.825,76.825,0.0002018206223724,0.2379556349605644,233.7
delhi_ncr,2025-10-22,28.825,76.875,0.000215689262212,0.2379649386912431,239.0
delhi_ncr,2025-10-22,28.825,76.925,0.0003420477603311,0.234283463704412,286.0
delhi_ncr,2025-10-22,28.825,76.975,0.0002472743659345,0.2379715420124086,250.9
delhi_ncr,2025-10-22,28.825,77.025,0.0002016292005291,0.2531187574026984,236.4
delhi_ncr,2025-10-22,28.825,77.075,0.000222494022971,0.273214300779541,248.0
delhi_ncr,2025-10-22,28.875,76.825,0.0002488613879352,0.2176176528534182,247.8
delhi_ncr,2025-10-22,28.875,76.875,0.0002864847182424,0.2176938728215549,262.0
delhi_ncr,2025-10-22,28.875,76.925,0.0002320591143175,0.2214050038891424,242.1
delhi_ncr,2025-10-22,28.875,76.975,0.0002038980914237,0.226855556006139,232.5
delhi_ncr,2025-10-22,28.875,77.025,0.0002019830303787,0.2437887684502323,234.9
delhi_ncr,2025-10-22,28.875,77.075,0.0002175714701433,0.2661286073700813,244.8
delhi_ncr,2025-10-23,28.375,76.825,0.0002259728072556,0.2265021626068119,240.8
delhi_ncr,2025-10-23,28.375,76.875,0.0002219825041409,0.2264132583240425,239.2
delhi_ncr,2025-10-23,28.375,76.925,0.0001842201614849,0.2290189443185419,225.5
delhi_ncr,2025-10-23,28.375,76.975,0.0001799882214661,0.2286199238820509,223.8
delhi_ncr,2025-10-23,28.375,77.025,0.0001884452645091,0.2268385825021824,226.7
delhi_ncr,2025-10-23,28.375,77.075,0.0002200337580457,0.2247308750630837,238.2
delhi_ncr,2025-10-23,28.375,77.125,0.0003390833493241,0.2256796485264385,283.3
delhi_ncr,2025-10-23,28.375,77.175,0.0001818449828136,0.2243474194248938,223.7
delhi_ncr,2025-10-23,28.375,77.225,0.0003010270966222,0.2368657795068003,271.0
delhi_ncr,2025-10-23,28.375,77.275,0.0003820892209627,0.2453751796519212,303.1
delhi_ncr,2025-10-23,28.375,77.325,0.0003764085363792,0.2472552296290156,301.3
delhi_ncr,2025-10-23,28.375,77.375,0.0004135611012147,0.2532761238297473,316.4
delhi_ncr,2025-10-23,28.375,77.425,0.0003567645592838,0.2531841668351902,295.0
delhi_ncr,2025-10-23,28.375,77.475,0.0003017732240007,0.2464098219879201,273.0
delhi_ncr,2025-10-23,28.375,77.525,0.0002688570790131,0.2362614830871202,258.7
delhi_ncr,2025-10-23,28.375,77.55,0.0003230303758012,0.2230783946505785,276.8
delhi_ncr,2025-10-23,28.425,76.825,0.0002265783243903,0.2226559965854443,240.3
delhi_ncr,2025-10-23,28.425,76.875,0.0002172178015717,0.2234497668541888,236.9
delhi_ncr,2025-10-23,28.425,76.925,0.0002852275910471,0.2285611443034298,263.5
delhi_ncr,2025-10-23,28.425,76.975,0.000300117851392,0.2296322820576418,269.3
delhi_ncr,2025-10-23,28.425,77.025,0.0003088781184879,0.2308051064999137,272.8
delhi_ncr,2025-10-23,28.425,77.075,0.0003162725729257,0.2319554458227159,275.8
delhi_ncr,2025-10-23,28.425,77.125,0.0003063314206553,0.2306615484924785,271.8
delhi_ncr,2025-10-23,28.425,77.175,0.0002218770545975,0.2312573074631496,240.1
delhi_ncr,2025-10-23,28.425,77.225,0.0003300060688609,0.2383168352117742,282.2
delhi_ncr,2025-10-23,28.425,77.275,0.0003980998315334,0.2430028808655605,308.7
delhi_ncr,2025-10-23,28.425,77.325,0.0003881384621052,0.2442443254428036,305.2
delhi_ncr,2025-10-23,28.425,77.375,0.0004014849675619,0.2502173491682499,311.3
delhi_ncr,2025-10-23,28.425,77.425,0.0003336970663254,0.2505038187685586,285.8
delhi_ncr,2025-10-23,28.425,77.475,0.0002866360255915,0.2450520263554893,267.0
delhi_ncr,2025-10-23,28.425,77.525,0.0002536864161952,0.2382634219949384,253.4
delhi_ncr,2025-10-23,28.425,77.55,0.0002358570431672,0.2318033586273283,245.5
delhi_ncr,2025-10-23,28.475,76.825,0.0002421302687507,0.2181386989345699,245.3
delhi_ncr,2025-10-23,28.475,76.875,0.0002569149720287,0.2197112920961157,251.2
delhi_ncr,2025-10-23,28.475,76.925,0.0003255866117901,0.226333773183427,278.3
delhi_ncr,2025-10-23,28.475,76.975,0.0003773782285832,0.228745969661036,298.3
delhi_ncr,2025-10-23,28.475,77.025,0.0003900811366805,0.2326228394873685,303.8
delhi_ncr,2025-10-23,28.475,77.075,0.0003595935307223,0.2369652948122308,293.1
delhi_ncr,2025-10-23,28.475,77.125,0.000273938577033,0.2351974865200707,260.4
delhi_ncr,2025-10-23,28.475,77.175,0.0002570606064806,0.2385197562807917,254.7
delhi_ncr,2025-10-23,28.475,77.225,0.0003349950211323,0.2411966003087551,284.6
delhi_ncr,2025-10-23,28.475,77.275,0.0003783620121509,0.2426204206741508,301.2
delhi_ncr,2025-10-23,28.475,77.325,0.0003640335341131,0.2430821459965432,295.9
delhi_ncr,2025-10-23,28.475,77.375,0.0003355771710892,0.2469972199929948,285.9
delhi_ncr,2025-10-23,28.475,77.425,0.0002965471079793,0.2471808000867878,271.2
delhi_ncr,2025-10-23,28.475,77.475,0.0002537610105753,0.2428916911963523,254.2
delhi_ncr,2025-10-23,28.475,77.525,0.000238437920286,0.2386416525323963,247.7
delhi_ncr,2025-10-23,28.475,77.55,0.0002663852854877,0.2352022559010797,257.6
delhi_ncr,2025-10-23,28.525,76.825,0.0002636658305285,0.2153519633448554,252.9
delhi_ncr,2025-10-23,28.525,76.875,0.0002915557603439,0.2182571121449261,264.0
delhi_ncr,2025-10-23,28.525,76.925,0.0002156736579464,0.2243136349769366,236.5
delhi_ncr,2025-10-23,28.525,76.975,0.00034631089625,0.2272621495284429,286.3
delhi_ncr,2025-10-23,28.525,77.025,0.0003824529658781,0.2322170922566572,300.9
delhi_ncr,2025-10-23,28.525,77.075,0.0003179537979606,0.2381205693958847,277.6
delhi_ncr,2025-10-23,28.525,77.125,0.0002940246122102,0.2383800081266728,268.6
delhi_ncr,2025-10-23,28.525,77.175,0.0002190900688405,0.2432519650762807,241.2
delhi_ncr,2025-10-23,28.525,77.225,0.0003069239995239,0.2444284875996499,274.6
delhi_ncr,2025-10-23,28.525,77.275,0.0003601368960818,0.2448298563631851,294.7
delhi_ncr,2025-10-23,28.525,77.325,0.000346360603245,0.2450134211372115,289.6
delhi_ncr,2025-10-23,28.525,77.375,0.0003594042741385,0.2454973657095528,294.6
delhi_ncr,2025-10-23,28.525,77.425,0.0003472387701997,0.2445707521546846,289.8
delhi_ncr,2025-10-23,28.525,77.475,0.0002452767974299,0.2406484224896269,250.6
delhi_ncr,2025-10-23,28.525,77.525,0.0002124624081813,0.2363008920543762,237.4
delhi_ncr,2025-10-23,28.525,77.55,0.0003363427080041,0.2288928579440033,282.8
delhi_ncr,2025-10-23,28.575,76.825,0.0003182663239546,0.2111157654645675,272.8
delhi_ncr,2025-10-23,28.575,76.875,0.0002284979268878,0.2186243127489928,240.3
delhi_ncr,2025-10-23,28.575,76.925,0.0002564819751791,0.2206495866148016,251.2
delhi_ncr,2025-10-23,28.575,76.975,0.0002886368160184,0.2262120377816848,264.4
delhi_ncr,2025-10-23,28.575,77.025,0.0003083029927464,0.2343244052694379,273.3
delhi_ncr,2025-10-23,28.575,77.075,0.0003273530146401,0.2433390458597814,282.1
delhi_ncr,2025-10-23,28.575,77.125,0.0004168268148511,0.2497413809598311,317.0
delhi_ncr,2025-10-23,28.575,77.175,0.0004296973753651,0.2520612640297783,322.3
delhi_ncr,2025-10-23,28.575,77.225,0.0004469900083781,0.2519283563404621,328.8
delhi_ncr,2025-10-23,28.575,77.275,0.000418805932858,0.2508267093085044,318.0
delhi_ncr,2025-10-23,28.575,77.325,0.0003496970309924,0.2490464850954007,291.6
delhi_ncr,2025-10-23,28.575,77.375,0.0003328758558913,0.2459866880116622,284.7
delhi_ncr,2025-10-23,28.575,77.425,0.0004052176385,0.2374394323026133,310.4
delhi_ncr,2025-10-23,28.575,77.475,0.000485284417115,0.2328693393034293,339.8
delhi_ncr,2025-10-23,28.575,77.525,0.0004852138351796,0.2287545778664607,339.0
delhi_ncr,2025-10-23,28.625,76.825,0.0002578783841189,0.2085914647334784,249.5
delhi_ncr,2025-10-23,28.625,76.875,0.0001974231736099,0.2125669003049469,227.4
delhi_ncr,2025-10-23,28.625,76.925,0.0001805372547917,0.2175413368455161,222.0
delhi_ncr,2025-10-23,28.625,76.975,0.0002225237274291,0.2262679053729995,239.4
delhi_ncr,2025-10-23,28.625,77.025,0.0002587192429104,0.2337802662096439,254.4
delhi_ncr,2025-10-23,28.625,77.075,0.0002688188249477,0.2398489780476226,259.4
delhi_ncr,2025-10-23,28.625,77.125,0.0002168671724781,0.2490756395173154,241.4
delhi_ncr,2025-10-23,28.625,77.175,0.0002315361048885,0.2496196670351902,247.1
delhi_ncr,2025-10-23,28.625,77.225,0.0004143754661688,0.2510273065793727,316.3
delhi_ncr,2025-10-23,28.625,77.275,0.0004655244842128,0.2509630175400335,335.6
delhi_ncr,2025-10-23,28.625,77.325,0.0003487959371408,0.2487888239981627,291.2
delhi_ncr,2025-10-23,28.625,77.375,0.0003029112149812,0.2435863776465165,272.9
delhi_ncr,2025-10-23,28.625,77.425,0.000306276771567,0.2376087036820812,273.1
delhi_ncr,2025-10-23,28.625,77.475,0.0003527060449425,0.2348347953999336,290.1
delhi_ncr,2025-10-23,28.625,77.525,0.0003679497380896,0.2324987142344602,295.4
delhi_ncr,2025-10-23,28.625,77.55,0.000353832884939,0.2282531308063735,289.3
delhi_ncr,2025-10-23,28.675,76.825,0.0002027204511317,0.2062746334715724,228.3
delhi_ncr,2025-10-23,28.675,76.875,0.0001793433653991,0.2083084164562265,219.8
delhi_ncr,2025-10-23,28.675,76.925,0.0001639118315532,0.2164718594592114,215.5
delhi_ncr,2025-10-23,28.675,76.975,0.0001852960065121,0.2240106171981101,225.0
delhi_ncr,2025-10-23,28.675,77.025,0.0002189031590508,0.2305963966051038,238.8
delhi_ncr,2025-10-23,28.675,77.075,0.0002386162389946,0.2366294118153819,247.4
delhi_ncr,2025-10-23,28.675,77.125,0.0001433984792873,0.2467856886660205,213.3
delhi_ncr,2025-10-23,28.675,77.175,0.0001747789942729,0.2469922070895094,225.2
delhi_ncr,2025-10-23,28.675,77.225,0.0003969107324943,0.2486750296811553,309.3
delhi_ncr,2025-10-23,28.675,77.275,0.0004563873229891,0.2493443869094709,331.9
delhi_ncr,2025-10-23,28.675,77.325,0.0003101022977324,0.2479895305411647,276.4
delhi_ncr,2025-10-23,28.675,77.375,0.0002477189027198,0.2415071487349954,251.7
delhi_ncr,2025-10-23,28.675,77.425,0.0002235561242691,0.2381047989926455,242.0
delhi_ncr,2025-10-23,28.675,77.475,0.0002722218155741,0.2359975592815763,259.9
delhi_ncr,2025-10-23,28.675,77.525,0.0002897794126731,0.234421345718321,266.3
delhi_ncr,2025-10-23,28.675,77.55,0.0002509497491639,0.2332739309138007,251.4
delhi_ncr,2025-10-23,28.725,76.825,0.0001956046396686,0.2038062273131052,225.2
delhi_ncr,2025-10-23,28.725,76.875,0.0002176967994914,0.204657045384928,233.6
delhi_ncr,2025-10-23,28.725,76.925,0.0002188349535421,0.2143629616800137,235.8
delhi_ncr,2025-10-23,28.725,76.975,0.0002241811803109,0.218816151708048,238.7
delhi_ncr,2025-10-23,28.725,77.025,0.0002470688228808,0.2244504150954565,248.3
delhi_ncr,2025-10-23,28.725,77.075,0.0002683150153638,0.231727665722953,257.7
delhi_ncr,2025-10-23,28.725,77.125,0.0001874105217036,0.2417223960732012,229.0
delhi_ncr,2025-10-23,28.725,77.175,0.000228098925589,0.2425516654394738,244.5
delhi_ncr,2025-10-23,28.725,77.225,0.0003854384932165,0.2439026131259926,304.1
delhi_ncr,2025-10-23,28.725,77.275,0.000407096321015,0.2451352826537198,312.5
delhi_ncr,2025-10-23,28.725,77.325,0.0002716561820733,0.2451168649588247,261.4
delhi_ncr,2025-10-23,28.725,77.375,0.0002440210320476,0.2384960983847118,249.8
delhi_ncr,2025-10-23,28.725,77.425,0.0002211276941195,0.2373116789233389,240.9
delhi_ncr,2025-10-23,28.725,77.475,0.0002675545367976,0.2341709558686219,257.9
delhi_ncr,2025-10-23,28.725,77.525,0.000270686323757,0.2321257462021637,258.7
delhi_ncr,2025-10-23,28.725,77.55,0.0002239189016816,0.2297305895785611,240.6
delhi_ncr,2025-10-23,28.775,76.825,0.0002812707905376,0.2010169804694698,257.0
delhi_ncr,2025-10-23,28.775,76.875,0.0003550637161815,0.2008847583960133,284.8
delhi_ncr,2025-10-23,28.775,76.925,0.000366763550231,0.2085834546502425,290.6
delhi_ncr,2025-10-23,28.775,76.975,0.0003877290586429,0.209996952510494,298.8
delhi_ncr,2025-10-23,28.775,77.025,0.0003991288461546,0.2149870502933675,304.0
delhi_ncr,2025-10-23,28.775,77.075,0.0003947932739803,0.2236838598986164,304.0
delhi_ncr,2025-10-23,28.775,77.125,0.0003599052916066,0.2326741797499217,292.4
delhi_ncr,2025-10-23,28.775,77.175,0.0003813631665388,0.2348646361374557,300.9
delhi_ncr,2025-10-23,28.775,77.225,0.0003712153774572,0.2356722204277271,297.2
delhi_ncr,2025-10-23,28.775,77.275,0.0003240246079511,0.2372404893683075,279.7
delhi_ncr,2025-10-23,28.775,77.325,0.0002654629517778,0.238879409210312,257.9
delhi_ncr,2025-10-23,28.775,77.375,0.0003612688039147,0.2335008155395453,293.1
delhi_ncr,2025-10-23,28.775,77.425,0.0003633103446276,0.2339212343576126,293.9
delhi_ncr,2025-10-23,28.775,77.475,0.0003667741781844,0.2273205851865753,294.0
delhi_ncr,2025-10-23,28.775,77.525,0.0003349157479864,0.2232630548517408,281.3
delhi_ncr,2025-10-23,28.775,77.55,0.0003263291047172,0.2191616715135923,277.3
delhi_ncr,2025-10-23,28.825,76.825,0.0003619940206808,0.1998315052592548,287.2
delhi_ncr,2025-10-23,28.825,76.875,0.0001975268099932,0.1994237913157662,225.1
delhi_ncr,2025-10-23,28.825,76.925,0.0001286321848566,0.2050664319856054,200.1
delhi_ncr,2025-10-23,28.825,76.975,0.0001086475126052,0.2059724661328212,192.7
delhi_ncr,2025-10-23,28.825,77.025,0.0001708781738108,0.2118625940596311,217.3
delhi_ncr,2025-10-23,28.825,77.075,0.0002835987335773,0.2215958167985064,261.6
delhi_ncr,2025-10-23,28.825,77.125,0.0003163569121296,0.2272558327041406,275.0
delhi_ncr,2025-10-23,28.825,77.175,0.0002947389646752,0.2313733388384857,267.6
delhi_ncr,2025-10-23,28.825,77.225,0.0002854745949614,0.2338572934281506,264.6
delhi_ncr,2025-10-23,28.825,77.275,0.0003047970118855,0.2354759136151118,272.1
delhi_ncr,2025-10-23,28.825,77.325,0.0003382607699694,0.2353560202503156,284.8
delhi_ncr,2025-10-23,28.825,77.375,0.0002680868789595,0.2273688595199366,256.8
delhi_ncr,2025-10-23,28.825,77.425,0.0002594500722555,0.2280796192171998,253.7
delhi_ncr,2025-10-23,28.825,77.475,0.0001636969416528,0.2199774855167005,216.1
delhi_ncr,2025-10-23,28.825,77.525,0.0001922319544205,0.2139513589256795,225.7
delhi_ncr,2025-10-23,28.875,76.825,0.0002114798653538,0.1950297348762722,229.5
delhi_ncr,2025-10-23,28.875,76.875,0.000137205742086,0.1963775624075617,201.8
delhi_ncr,2025-10-23,28.875,76.925,0.0001968745682692,0.1998158247210993,224.9
delhi_ncr,2025-10-23,28.875,76.975,0.0002323602909904,0.2014351952332553,238.6
delhi_ncr,2025-10-23,28.875,77.025,0.0002508702528557,0.2084644777389588,246.9
delhi_ncr,2025-10-23,28.875,77.075,0.000267123703537,0.2194171641916887,255.0
delhi_ncr,2025-10-23,28.875,77.125,0.0003438343957234,0.2263723276930254,285.2
delhi_ncr,2025-10-23,28.875,77.175,0.0004064581647783,0.2305960631271242,309.6
delhi_ncr,2025-10-23,28.875,77.225,0.0003253283421001,0.232879070057961,279.4
delhi_ncr,2025-10-23,28.875,77.275,0.0002460909290656,0.2312323474787936,249.2
delhi_ncr,2025-10-23,28.875,77.325,0.0001993826696133,0.2260071822931457,230.6
delhi_ncr,2025-10-23,28.875,77.375,0.0001344993817862,0.2216021733570395,205.3
delhi_ncr,2025-10-23,28.875,77.425,0.0001754979589396,0.2183146577209559,220.2
delhi_ncr,2025-10-23,28.875,77.475,0.0002319628018403,0.2122206336042063,240.4
delhi_ncr,2025-10-23,28.875,77.525,0.0002886061264055,0.2063432236575094,260.7
delhi_ncr,2025-10-23,28.875,77.55,0.0003509697789527,0.2060609603310573,284.2
delhi_ncr,2025-10-24,28.375,76.825,0.0001481409750396,0.1200462287221019,191.9
delhi_ncr,2025-10-24,28.375,76.875,0.0001863838363856,0.1204411265523609,206.4
delhi_ncr,2025-10-24,28.375,76.925,0.000177955988547,0.1196192738843828,203.1
delhi_ncr,2025-10-24,28.375,76.975,0.000130827257747,0.1161636624924023,184.7
delhi_ncr,2025-10-24,28.375,77.025,5.592377621517108e-05,0.110962577155843,155.5
delhi_ncr,2025-10-24,28.375,77.075,7.851612285002452e-06,0.1048832783587721,136.2
delhi_ncr,2025-10-24,28.375,77.125,0.000214322582197,0.0999906288370592,213.3
delhi_ncr,2025-10-24,28.375,77.175,0.0002235794419567,0.0998573405829131,216.7
delhi_ncr,2025-10-24,28.375,77.225,0.0003648941969845,0.1122435470924046,272.3
delhi_ncr,2025-10-24,28.375,77.275,0.0004735430873206,0.1264213125513435,315.9
delhi_ncr,2025-10-24,28.375,77.325,0.0005086359888835,0.1394623272323232,331.5
delhi_ncr,2025-10-24,28.375,77.375,0.0004472487044154,0.1505485120548365,310.4
delhi_ncr,2025-10-24,28.375,77.425,0.0003610090480349,0.1545797528671305,278.6
delhi_ncr,2025-10-24,28.375,77.475,0.000414294642114,0.1638406748040648,300.4
delhi_ncr,2025-10-24,28.375,77.525,0.0004014572734932,0.1724733354166521,297.1
delhi_ncr,2025-10-24,28.375,77.55,0.0003025255811468,0.1677899754907714,258.9
delhi_ncr,2025-10-24,28.425,76.825,0.0001778030030597,0.1061304917829488,200.6
delhi_ncr,2025-10-24,28.425,76.875,0.0002193382449076,0.1075008504887939,216.5
delhi_ncr,2025-10-24,28.425,76.925,0.0001741335008817,0.1153462543580916,200.9
delhi_ncr,2025-10-24,28.425,76.975,0.0001280189561193,0.1169754142175897,183.8
delhi_ncr,2025-10-24,28.425,77.025,0.0001196794293046,0.1182665427498135,180.9
delhi_ncr,2025-10-24,28.425,77.075,0.000142413993643,0.1186359419283298,189.5
delhi_ncr,2025-10-24,28.425,77.125,0.0001512468794777,0.1125025471859179,191.7
delhi_ncr,2025-10-24,28.425,77.175,0.0001602812819322,0.1124091302642062,195.1
delhi_ncr,2025-10-24,28.425,77.225,0.0002640372653532,0.1187785514569387,235.4
delhi_ncr,2025-10-24,28.425,77.275,0.0003473224102367,0.1295230341410227,268.8
delhi_ncr,2025-10-24,28.425,77.325,0.0003812632105642,0.1433021155938872,284.2
delhi_ncr,2025-10-24,28.425,77.375,0.0003659213433097,0.1588081947690201,281.2
delhi_ncr,2025-10-24,28.425,77.425,0.0003185538212185,0.1624426948901997,264.0
delhi_ncr,2025-10-24,28.425,77.475,0.0004215426811134,0.1755089555430973,305.2
delhi_ncr,2025-10-24,28.425,77.525,0.0004805399392343,0.1874604302387356,329.7
delhi_ncr,2025-10-24,28.425,77.55,0.0004250153936425,0.1930708370343756,309.8
delhi_ncr,2025-10-24,28.475,76.825,0.0001940426033534,0.0924439785984539,204.2
delhi_ncr,2025-10-24,28.475,76.875,0.0002359753844368,0.0944937795538075,220.4
delhi_ncr,2025-10-24,28.475,76.925,0.0001252459755727,0.1105465805479675,181.6
delhi_ncr,2025-10-24,28.475,76.975,9.269207445598196e-05,0.1150820521121037,170.1
delhi_ncr,2025-10-24,28.475,77.025,0.0001703190274531,0.1213235357588267,200.5
delhi_ncr,2025-10-24,28.475,77.075,0.0002915021643051,0.1279558947351367,247.5
delhi_ncr,2025-10-24,28.475,77.125,0.0001615286150163,0.1234985253218582,197.6
delhi_ncr,2025-10-24,28.475,77.175,0.0001688613204755,0.123981665453222,200.5
delhi_ncr,2025-10-24,28.475,77.225,0.0001949309736525,0.1257130125107377,210.6
delhi_ncr,2025-10-24,28.475,77.275,0.0002335830290241,0.1322041474113268,226.4
delhi_ncr,2025-10-24,28.475,77.325,0.0002808571841954,0.1438517167038892,246.4
delhi_ncr,2025-10-24,28.475,77.375,0.0003368025294866,0.1620689664731504,270.8
delhi_ncr,2025-10-24,28.475,77.425,0.0003366312857551,0.1641959716458902,271.1
delhi_ncr,2025-10-24,28.475,77.475,0.0004407741919118,0.1785787949771877,313.1
delhi_ncr,2025-10-24,28.475,77.525,0.0005306977971607,0.1915814974840101,349.4
delhi_ncr,2025-10-24,28.475,77.55,0.0005461045663913,0.1953338111689473,355.9
delhi_ncr,2025-10-24,28.525,76.825,0.0001433342623819,0.0856327157995859,183.8
delhi_ncr,2025-10-24,28.525,76.875,0.0001913231397965,0.0877779673811188,202.3
delhi_ncr,2025-10-24,28.525,76.925,6.23868232361586e-06,0.1060287771915044,135.8
delhi_ncr,2025-10-24,28.525,76.975,-1.5624397416892785e-05,0.1091681729911336,128.1
delhi_ncr,2025-10-24,28.525,77.025,0.0001322482894067,0.1161334518886506,185.2
delhi_ncr,2025-10-24,28.525,77.075,0.0003498842754485,0.126138154471475,269.2
delhi_ncr,2025-10-24,28.525,77.125,0.0002325940777238,0.1273338179451285,225.1
delhi_ncr,2025-10-24,28.525,77.175,0.0002174294896019,0.1294539015722517,219.8
delhi_ncr,2025-10-24,28.525,77.225,0.0002424165283522,0.132560134982514,229.8
delhi_ncr,2025-10-24,28.525,77.275,0.0003019046131714,0.1374223790985509,253.1
delhi_ncr,2025-10-24,28.525,77.325,0.0003881473870788,0.1447561449102674,287.0
delhi_ncr,2025-10-24,28.525,77.375,0.0004770910277797,0.1616742181748252,323.7
delhi_ncr,2025-10-24,28.525,77.425,0.000470867588152,0.1617047100742328,321.3
delhi_ncr,2025-10-24,28.525,77.475,0.0004744453750524,0.1727866988344958,324.7
delhi_ncr,2025-10-24,28.525,77.525,0.0004825455648729,0.1827559573149773,329.6
delhi_ncr,2025-10-24,28.525,77.55,0.000395242196835,0.1619051674424563,292.8
delhi_ncr,2025-10-24,28.575,76.825,0.0001079816852735,0.0818356994739715,169.8
delhi_ncr,2025-10-24,28.575,76.875,6.799302706423159e-05,0.0842960415272348,155.2
delhi_ncr,2025-10-24,28.575,76.925,0.0001281871557314,0.1003630619033658,180.8
delhi_ncr,2025-10-24,28.575,76.975,0.0001601149536901,0.1047131055976726,193.7
delhi_ncr,2025-10-24,28.575,77.025,0.0002345215091003,0.1135123324071852,223.3
delhi_ncr,2025-10-24,28.575,77.075,0.0003226922296412,0.1267016644343958,259.0
delhi_ncr,2025-10-24,28.575,77.125,0.0002851932164391,0.1387216062876893,247.1
delhi_ncr,2025-10-24,28.575,77.175,0.0002913534465375,0.1445511870158128,250.5
delhi_ncr,2025-10-24,28.575,77.225,0.0003391623504041,0.1461086509725737,268.8
delhi_ncr,2025-10-24,28.575,77.275,0.0003836453009427,0.1465421756355874,285.7
delhi_ncr,2025-10-24,28.575,77.325,0.0004197665347763,0.1463247776401627,299.2
delhi_ncr,2025-10-24,28.575,77.375,0.0005042726988903,0.1447409540414628,330.8
delhi_ncr,2025-10-24,28.575,77.425,0.0004795244640738,0.1435743999894177,321.3
delhi_ncr,2025-10-24,28.575,77.475,0.0003835533089386,0.1390506211932601,284.3
delhi_ncr,2025-10-24,28.575,77.525,0.0003096100904531,0.135719277537981,255.7
delhi_ncr,2025-10-24,28.625,76.825,0.0001409471122697,0.0847043022777226,182.8
delhi_ncr,2025-10-24,28.625,76.875,0.0001060291265368,0.0853649905950852,169.7
delhi_ncr,2025-10-24,28.625,76.925,0.0001373718152902,0.100792107157894,184.4
delhi_ncr,2025-10-24,28.625,76.975,0.000121049261081,0.1079962967019093,179.5
delhi_ncr,2025-10-24,28.625,77.025,0.000131023844836,0.1171846953199691,185.0
delhi_ncr,2025-10-24,28.625,77.075,0.0001688841810096,0.1282968526978398,201.3
delhi_ncr,2025-10-24,28.625,77.125,0.0002140777358756,0.1386367132565598,220.2
delhi_ncr,2025-10-24,28.625,77.175,0.0002329782030837,0.144253768488144,228.4
delhi_ncr,2025-10-24,28.625,77.225,0.0003477857135843,0.1433621859497042,271.5
delhi_ncr,2025-10-24,28.625,77.275,0.000420806941374,0.142321501057076,298.9
delhi_ncr,2025-10-24,28.625,77.325,0.000438367303815,0.1419172514427181,305.5
delhi_ncr,2025-10-24,28.625,77.375,0.000556921001416,0.1384768081991784,349.6
delhi_ncr,2025-10-24,28.625,77.425,0.0005048166604021,0.1394518690767355,330.1
delhi_ncr,2025-10-24,28.625,77.475,0.0004638372795277,0.1395269792831063,314.6
delhi_ncr,2025-10-24,28.625,77.525,0.0004738778518503,0.1397427672597098,318.5
delhi_ncr,2025-10-24,28.625,77.55,0.0004514690758431,0.1385432920472861,309.8
delhi_ncr,2025-10-24,28.675,76.825,0.0002941121652265,0.087181741059327,241.0
delhi_ncr,2025-10-24,28.675,76.875,0.000274473516058,0.0871464117228345,233.6
delhi_ncr,2025-10-24,28.675,76.925,7.670591640699623e-05,0.0983722360139758,161.0
delhi_ncr,2025-10-24,28.675,76.975,0.0001165224423648,0.1067206917853779,177.6
delhi_ncr,2025-10-24,28.675,77.025,0.0001778330206332,0.1168071633814459,202.6
delhi_ncr,2025-10-24,28.675,77.075,0.0002303065442098,0.1279066060762811,224.4
delhi_ncr,2025-10-24,28.675,77.125,0.0002812468965915,0.1383220110014737,245.5
delhi_ncr,2025-10-24,28.675,77.175,0.0002901916416627,0.1437822406625501,249.9
delhi_ncr,2025-10-24,28.675,77.225,0.0003671337998681,0.1423697652840784,278.7
delhi_ncr,2025-10-24,28.675,77.275,0.0004149308633121,0.1409974323838645,296.4
delhi_ncr,2025-10-24,28.675,77.325,0.0004253333981316,0.1404707502351574,300.3
delhi_ncr,2025-10-24,28.675,77.375,0.0005237265502734,0.1358453871548327,336.6
delhi_ncr,2025-10-24,28.675,77.425,0.0004644602099609,0.1373136093808991,314.5
delhi_ncr,2025-10-24,28.675,77.475,0.0004569076331645,0.1383971484895821,311.8
delhi_ncr,2025-10-24,28.675,77.525,0.0004919694442735,0.1393956333241567,325.2
delhi_ncr,2025-10-24,28.675,77.55,0.0005619843541665,0.140344386034102,351.8
delhi_ncr,2025-10-24,28.725,76.825,0.0003483212501711,0.0939203590314364,262.7
delhi_ncr,2025-10-24,28.725,76.875,0.0003406561628371,0.0933266407058764,259.7
delhi_ncr,2025-10-24,28.725,76.925,5.1160230673183054e-05,0.0974487048121806,151.2
delhi_ncr,2025-10-24,28.725,76.975,0.0001636957832138,0.1033528336891887,194.8
delhi_ncr,2025-10-24,28.725,77.025,0.0002644170145612,0.1123614882793643,234.4
delhi_ncr,2025-10-24,28.725,77.075,0.0003045666062827,0.1234546249481279,251.6
delhi_ncr,2025-10-24,28.725,77.125,0.0003117097927556,0.1342830767611142,256.3
delhi_ncr,2025-10-24,28.725,77.175,0.000300952710214,0.1388814407370793,253.0
delhi_ncr,2025-10-24,28.725,77.225,0.0003415789824788,0.1386313285823017,268.3
delhi_ncr,2025-10-24,28.725,77.275,0.0003633515457554,0.1380821335492369,276.5
delhi_ncr,2025-10-24,28.725,77.325,0.0003556955394006,0.1375351138713668,273.5
delhi_ncr,2025-10-24,28.725,77.375,0.0003835028510021,0.1337199439615135,283.3
delhi_ncr,2025-10-24,28.725,77.425,0.0004120066503411,0.1361455521757814,294.5
delhi_ncr,2025-10-24,28.725,77.475,0.0004212214362805,0.136823527674179,298.1
delhi_ncr,2025-10-24,28.725,77.525,0.0004456392973136,0.1375140911641574,307.4
delhi_ncr,2025-10-24,28.725,77.55,0.0004680341871455,0.1384025161128333,316.0
delhi_ncr,2025-10-24,28.775,76.825,0.0001075435232032,0.1093231624360023,174.7
delhi_ncr,2025-10-24,28.775,76.875,0.0001011830005178,0.1073620575552998,171.9
delhi_ncr,2025-10-24,28.775,76.925,0.0001412848155076,0.1018492819489226,186.0
delhi_ncr,2025-10-24,28.775,76.975,0.0002789258051271,0.0996665408715919,237.6
delhi_ncr,2025-10-24,28.775,77.025,0.0003083440682279,0.103673500112536,249.4
delhi_ncr,2025-10-24,28.775,77.075,0.0002288178750046,0.1129533744789947,221.1
delhi_ncr,2025-10-24,28.775,77.125,0.0001597857618562,0.1232601509978082,196.9
delhi_ncr,2025-10-24,28.775,77.175,0.0001302979116707,0.1257741849630792,186.3
delhi_ncr,2025-10-24,28.775,77.225,0.0002208097487159,0.1282926357509787,220.9
delhi_ncr,2025-10-24,28.775,77.275,0.0002553711686574,0.1296173606775577,234.2
delhi_ncr,2025-10-24,28.775,77.325,0.0002009645030264,0.129586363683344,213.6
delhi_ncr,2025-10-24,28.775,77.375,0.000106099087883,0.1297747644450538,177.8
delhi_ncr,2025-10-24,28.775,77.425,0.0003878128292452,0.1353403506320271,285.2
delhi_ncr,2025-10-24,28.775,77.475,0.000400095470512,0.1356815726691282,289.9
delhi_ncr,2025-10-24,28.775,77.525,0.0003888535554688,0.1361230286461161,285.7
delhi_ncr,2025-10-24,28.775,77.55,0.0003819156854772,0.1406053155334208,283.9
delhi_ncr,2025-10-24,28.825,76.825,0.0002966355884308,0.1102430747745536,246.2
delhi_ncr,2025-10-24,28.825,76.875,0.0002943779259534,0.1054162076234433,244.5
delhi_ncr,2025-10-24,28.825,76.925,0.0003012838727946,0.0959006309026765,245.3
delhi_ncr,2025-10-24,28.825,76.975,0.0003432731961383,0.0896813439803835,260.0
delhi_ncr,2025-10-24,28.825,77.025,0.0003801820357772,0.0900511909024505,274.0
delhi_ncr,2025-10-24,28.825,77.075,0.0004210820965632,0.0975557460572,290.8
delhi_ncr,2025-10-24,28.825,77.125,0.0005456153826796,0.1139583278453991,340.8
delhi_ncr,2025-10-24,28.825,77.175,0.0005498021202516,0.1145097732267136,342.5
delhi_ncr,2025-10-24,28.825,77.225,0.0003780439994601,0.1212123764782951,278.9
delhi_ncr,2025-10-24,28.825,77.275,0.0002933571824286,0.1261860579097765,247.9
delhi_ncr,2025-10-24,28.825,77.325,0.000341037144119,0.1281325628684147,266.2
delhi_ncr,2025-10-24,28.825,77.375,0.000398944406912,0.1324941765833408,288.9
delhi_ncr,2025-10-24,28.825,77.425,0.0004395149830168,0.1389714239323311,305.4
delhi_ncr,2025-10-24,28.825,77.475,0.0004375684244079,0.1418774461678703,305.2
delhi_ncr,2025-10-24,28.825,77.525,0.0004011212105184,0.1431322140628357,291.6
delhi_ncr,2025-10-24,28.875,76.825,0.0003307546911314,0.0951969696207026,256.3
delhi_ncr,2025-10-24,28.875,76.875,0.0001687508729602,0.0894739436378894,194.1
delhi_ncr,2025-10-24,28.875,76.925,0.0002139690933529,0.0836319805443057,210.1
delhi_ncr,2025-10-24,28.875,76.975,0.0002472002806903,0.080939089286894,222.2
delhi_ncr,2025-10-24,28.875,77.025,0.0002980295763596,0.0854612819234089,242.2
delhi_ncr,2025-10-24,28.875,77.075,0.0003359405185478,0.0968198138171194,258.6
delhi_ncr,2025-10-24,28.875,77.125,0.0002186267364675,0.1137629825933983,217.4
delhi_ncr,2025-10-24,28.875,77.175,0.00024922745388,0.1144373967342145,229.1
delhi_ncr,2025-10-24,28.875,77.225,0.0002913010490473,0.1186487105841265,245.7
delhi_ncr,2025-10-24,28.875,77.275,0.0003254565309033,0.1247181918549224,259.7
delhi_ncr,2025-10-24,28.875,77.325,0.000341538018688,0.1318268558011888,267.1
delhi_ncr,2025-10-24,28.875,77.375,0.0003447991981631,0.1387366627615186,269.6
delhi_ncr,2025-10-24,28.875,77.425,0.0003554443937421,0.1430229499753087,274.4
delhi_ncr,2025-10-24,28.875,77.475,0.000444930661995,0.1429782078126419,308.1
delhi_ncr,2025-10-24,28.875,77.525,0.0004664305459516,0.1432699907178079,316.3
delhi_ncr,2025-10-24,28.875,77.55,0.000369237589667,0.1444138496795191,279.8
delhi_ncr,2025-10-25,28.375,76.825,0.0004087971042745,0.115930006256073,289.6
delhi_ncr,2025-10-25,28.375,76.875,0.000498767908606,0.1211520245449572,324.5
delhi_ncr,2025-10-25,28.375,76.925,0.0006334190528754,0.1169574495393356,374.5
delhi_ncr,2025-10-25,28.375,76.975,0.0005778593862159,0.111486033871916,352.5
delhi_ncr,2025-10-25,28.375,77.025,0.0004650090315062,0.1039862075780484,308.6
delhi_ncr,2025-10-25,28.375,77.075,0.0003700460459721,0.0939784151014934,270.9
delhi_ncr,2025-10-25,28.375,77.125,0.000532545581911,0.0778949815619305,329.3
delhi_ncr,2025-10-25,28.375,77.175,0.0007296315964304,0.0903459678191441,406.0
delhi_ncr,2025-10-25,28.375,77.225,0.0006886035275495,0.1202909473794298,395.9
delhi_ncr,2025-10-25,28.375,77.275,0.0006763669728815,0.1365282801469943,394.3
delhi_ncr,2025-10-25,28.375,77.325,0.0007023263292534,0.1310113221993953,403.1
delhi_ncr,2025-10-25,28.375,77.375,0.0004496383275823,0.0989510662401541,301.9
delhi_ncr,2025-10-25,28.375,77.425,0.0004550620818178,0.091179356314932,302.5
delhi_ncr,2025-10-25,28.375,77.475,0.0004513633446703,0.0810767512090661,299.3
delhi_ncr,2025-10-25,28.375,77.525,0.0004549283123256,0.0745424311186447,299.4
delhi_ncr,2025-10-25,28.375,77.55,0.0004409438456034,0.0716258228033396,293.6
delhi_ncr,2025-10-25,28.425,76.825,0.0003969748698558,0.1061158044240678,283.3
delhi_ncr,2025-10-25,28.425,76.875,0.0004566429910136,0.1134776868937933,307.2
delhi_ncr,2025-10-25,28.425,76.925,0.0006249732022725,0.1263726235691312,373.0
delhi_ncr,2025-10-25,28.425,76.975,0.0005599539664588,0.1295579963919036,349.1
delhi_ncr,2025-10-25,28.425,77.025,0.000454076913134,0.1237603958366514,308.1
delhi_ncr,2025-10-25,28.425,77.075,0.0003813982624481,0.1091058443163442,278.0
delhi_ncr,2025-10-25,28.425,77.125,0.0005479290859397,0.0806166127283636,335.6
delhi_ncr,2025-10-25,28.425,77.175,0.0006000633807616,0.0862299755792629,356.3
delhi_ncr,2025-10-25,28.425,77.225,0.000562724187448,0.1062501625200317,345.9
delhi_ncr,2025-10-25,28.425,77.275,0.0005802727722284,0.1187503752646493,354.8
delhi_ncr,2025-10-25,28.425,77.325,0.0006463371668636,0.1177906497321211,379.5
delhi_ncr,2025-10-25,28.425,77.375,0.0004921136670265,0.0984430811718319,317.8
delhi_ncr,2025-10-25,28.425,77.425,0.0004633165633128,0.0933023842508828,306.0
delhi_ncr,2025-10-25,28.425,77.475,0.0004516352671434,0.0870823759643401,300.5
delhi_ncr,2025-10-25,28.425,77.525,0.000434356619162,0.0797414744012494,292.6
delhi_ncr,2025-10-25,28.425,77.55,0.0004153671669559,0.0724856810618769,284.1
delhi_ncr,2025-10-25,28.475,76.825,0.0003752395185942,0.0903892036839559,272.2
delhi_ncr,2025-10-25,28.475,76.875,0.0003966672887054,0.0981199460161982,281.7
delhi_ncr,2025-10-25,28.475,76.925,0.0006146625290964,0.1229336833612217,368.5
delhi_ncr,2025-10-25,28.475,76.975,0.000555546965986,0.1343965977377725,348.3
delhi_ncr,2025-10-25,28.475,77.025,0.0004539708502286,0.1343365385635077,310.0
delhi_ncr,2025-10-25,28.475,77.075,0.0003810155168142,0.1218390962191857,280.2
delhi_ncr,2025-10-25,28.475,77.125,0.0005095658413933,0.0909886475337338,323.0
delhi_ncr,2025-10-25,28.475,77.175,0.0004828276338565,0.0916431843447631,313.1
delhi_ncr,2025-10-25,28.475,77.225,0.0004471753647248,0.102877995861298,301.7
delhi_ncr,2025-10-25,28.475,77.275,0.0004635170105691,0.1096364996897899,309.1
delhi_ncr,2025-10-25,28.475,77.325,0.0005258106274141,0.1079800128538985,332.3
delhi_ncr,2025-10-25,28.475,77.375,0.0005053324292021,0.0945174087225186,322.1
delhi_ncr,2025-10-25,28.475,77.425,0.0004433672004635,0.0906175044231998,298.0
delhi_ncr,2025-10-25,28.475,77.475,0.000404206763309,0.0916581640266887,283.4
delhi_ncr,2025-10-25,28.475,77.525,0.0003783422261082,0.0870233333267322,272.8
delhi_ncr,2025-10-25,28.475,77.55,0.0003788760464166,0.0782747581372892,271.4
delhi_ncr,2025-10-25,28.525,76.825,0.0003523670953394,0.0805120617482158,261.8
delhi_ncr,2025-10-25,28.525,76.875,0.000343167228806,0.0870094679272524,259.5
delhi_ncr,2025-10-25,28.525,76.925,0.0006241678151786,0.1075429724106781,369.3
delhi_ncr,2025-10-25,28.525,76.975,0.0005754297672639,0.1217438569546792,353.5
delhi_ncr,2025-10-25,28.525,77.025,0.0004621090907054,0.1285657756335237,312.0
delhi_ncr,2025-10-25,28.525,77.075,0.0003518772303353,0.1258935676797282,269.9
delhi_ncr,2025-10-25,28.525,77.125,0.000361065596719,0.1047829754411621,269.5
delhi_ncr,2025-10-25,28.525,77.175,0.0004599480130662,0.1059606234526637,307.0
delhi_ncr,2025-10-25,28.525,77.225,0.0004353616841401,0.1219382401890428,300.7
delhi_ncr,2025-10-25,28.525,77.275,0.0004655020885444,0.1281299115208617,313.2
delhi_ncr,2025-10-25,28.525,77.325,0.000555910759267,0.1188806057590854,345.6
delhi_ncr,2025-10-25,28.525,77.375,0.0004690271672431,0.0900300298557692,307.6
delhi_ncr,2025-10-25,28.525,77.425,0.0004261862391082,0.0832583089891136,290.2
delhi_ncr,2025-10-25,28.525,77.475,0.0003123906338071,0.0933590919986259,249.1
delhi_ncr,2025-10-25,28.525,77.525,0.0002952891953133,0.0962475387729539,243.1
delhi_ncr,2025-10-25,28.525,77.55,0.0005100615607145,0.0802133409229148,321.2
delhi_ncr,2025-10-25,28.575,76.825,0.0002211454455686,0.0749036323290042,211.2
delhi_ncr,2025-10-25,28.575,76.875,0.0001619854157797,0.0827828957405586,190.4
delhi_ncr,2025-10-25,28.575,76.925,0.0004497139229073,0.1062836280567004,303.2
delhi_ncr,2025-10-25,28.575,76.975,0.0004059430197531,0.1154046591389836,288.4
delhi_ncr,2025-10-25,28.575,77.025,0.0004217620429197,0.1250648280310845,296.1
delhi_ncr,2025-10-25,28.575,77.075,0.000510305143996,0.1352545060822235,331.4
delhi_ncr,2025-10-25,28.575,77.125,0.0005197415262023,0.1411247157014933,336.0
delhi_ncr,2025-10-25,28.575,77.175,0.0003808669471275,0.1456441241282745,284.4
delhi_ncr,2025-10-25,28.575,77.225,0.0005490955617681,0.1644160069503554,351.4
delhi_ncr,2025-10-25,28.575,77.275,0.0006402365875936,0.1789398660065359,388.4
delhi_ncr,2025-10-25,28.575,77.325,0.0005913993290048,0.1816350617173717,370.5
delhi_ncr,2025-10-25,28.575,77.375,0.000576112262243,0.15505601501438,359.8
delhi_ncr,2025-10-25,28.575,77.425,0.0005092773570813,0.1361994126459557,331.2
delhi_ncr,2025-10-25,28.575,77.475,0.0004117599480559,0.1083366104702034,289.3
delhi_ncr,2025-10-25,28.575,77.525,0.0004356903470887,0.0853524833172444,294.1
delhi_ncr,2025-10-25,28.625,76.825,0.0004040805799246,0.0759358249928425,280.5
delhi_ncr,2025-10-25,28.625,76.875,0.0004067491050937,0.0846157067981996,283.1
delhi_ncr,2025-10-25,28.625,76.925,0.0003638884691824,0.100245765190977,269.7
delhi_ncr,2025-10-25,28.625,76.975,0.0004179920746694,0.1102325438820363,292.0
delhi_ncr,2025-10-25,28.625,77.025,0.000524252624447,0.1334363225993133,336.3
delhi_ncr,2025-10-25,28.625,77.075,0.0006597798642655,0.1665050811820645,393.5
delhi_ncr,2025-10-25,28.625,77.125,0.0007819052659989,0.1906241459078799,444.0
delhi_ncr,2025-10-25,28.625,77.175,0.0006170547407034,0.1784494605051848,379.6
delhi_ncr,2025-10-25,28.625,77.225,0.000631270987017,0.170519428223961,383.5
delhi_ncr,2025-10-25,28.625,77.275,0.000650222546139,0.1633049885665789,389.3
delhi_ncr,2025-10-25,28.625,77.325,0.0006447974960252,0.1557970127717776,385.9
delhi_ncr,2025-10-25,28.625,77.375,0.0006600252517318,0.141958949279658,389.1
delhi_ncr,2025-10-25,28.625,77.425,0.0005004264455533,0.1350465665781512,327.6
delhi_ncr,2025-10-25,28.625,77.475,0.0004197404223041,0.1163599921090122,293.8
delhi_ncr,2025-10-25,28.625,77.525,0.0004373145532438,0.0987148606076277,297.2
delhi_ncr,2025-10-25,28.625,77.55,0.0005691050917959,0.0828703329993698,344.0
delhi_ncr,2025-10-25,28.675,76.825,0.0004450007863031,0.0801385709444734,296.7
delhi_ncr,2025-10-25,28.675,76.875,0.0004808624947377,0.0894450541239717,311.9
delhi_ncr,2025-10-25,28.675,76.925,0.0003540097676429,0.1039517917135252,266.7
delhi_ncr,2025-10-25,28.675,76.975,0.0004432808946633,0.1104170926658259,301.6
delhi_ncr,2025-10-25,28.675,77.025,0.0005414374464713,0.1314514276159066,342.4
delhi_ncr,2025-10-25,28.675,77.075,0.0006283047655282,0.1635021448474207,381.1
delhi_ncr,2025-10-25,28.675,77.125,0.0007614868525353,0.1867084120733661,435.6
delhi_ncr,2025-10-25,28.675,77.175,0.000695930413633,0.1736826452257498,408.5
delhi_ncr,2025-10-25,28.675,77.225,0.0006065737669712,0.1609022041923631,372.4
delhi_ncr,2025-10-25,28.675,77.275,0.000568616983411,0.1496515732327682,356.0
delhi_ncr,2025-10-25,28.675,77.325,0.0005875466926073,0.1400349328996307,361.4
delhi_ncr,2025-10-25,28.675,77.375,0.0005660730834936,0.1249539173735192,350.6
delhi_ncr,2025-10-25,28.675,77.425,0.0003833390283941,0.120866668098893,280.8
delhi_ncr,2025-10-25,28.675,77.475,0.0003956021235743,0.1092233737148424,283.4
delhi_ncr,2025-10-25,28.675,77.525,0.0004450158380154,0.0976687281752557,299.9
delhi_ncr,2025-10-25,28.675,77.55,0.0004817019891921,0.089872866368225,312.3
delhi_ncr,2025-10-25,28.725,76.825,0.0004225210475544,0.0819542601296208,288.5
delhi_ncr,2025-10-25,28.725,76.875,0.0004164064727689,0.0892219780699009,287.5
delhi_ncr,2025-10-25,28.725,76.925,0.000367690191226,0.1064035437175771,272.3
delhi_ncr,2025-10-25,28.725,76.975,0.0004650023499009,0.112426695428426,310.1
delhi_ncr,2025-10-25,28.725,77.025,0.0005377940293504,0.1272709432959952,340.3
delhi_ncr,2025-10-25,28.725,77.075,0.0005747834975528,0.1483462093337998,358.1
delhi_ncr,2025-10-25,28.725,77.125,0.000642783575659,0.1569879368377262,385.4
delhi_ncr,2025-10-25,28.725,77.175,0.000682386784056,0.1498413297967638,399.0
delhi_ncr,2025-10-25,28.725,77.225,0.0005466172455194,0.1431957942992321,346.5
delhi_ncr,2025-10-25,28.725,77.275,0.0004694231467638,0.1367294807283544,316.2
delhi_ncr,2025-10-25,28.725,77.325,0.0004829300885089,0.1290773928392312,319.9
delhi_ncr,2025-10-25,28.725,77.375,0.000436311521106,0.1101272377774953,298.9
delhi_ncr,2025-10-25,28.725,77.425,0.0003128321728725,0.1052576534459364,251.4
delhi_ncr,2025-10-25,28.725,77.475,0.0003977534746218,0.0988807753986188,282.3
delhi_ncr,2025-10-25,28.725,77.525,0.0004442157577932,0.0924348163608387,298.6
delhi_ncr,2025-10-25,28.725,77.55,0.0003359958090947,0.0862336707303594,256.7
delhi_ncr,2025-10-25,28.775,76.825,0.0003817017535322,0.076372739298288,272.1
delhi_ncr,2025-10-25,28.775,76.875,0.0002177938592316,0.076737741703192,210.3
delhi_ncr,2025-10-25,28.775,76.925,0.0003592923473535,0.0980843811834903,267.6
delhi_ncr,2025-10-25,28.775,76.975,0.0004689012748838,0.1135849324669247,311.8
delhi_ncr,2025-10-25,28.775,77.025,0.0005630895480224,0.1279410226098181,350.0
delhi_ncr,2025-10-25,28.775,77.075,0.0006204216807748,0.1366103072017095,373.2
delhi_ncr,2025-10-25,28.775,77.125,0.0005591929974707,0.1199823415873084,347.1
delhi_ncr,2025-10-25,28.775,77.175,0.0006147911047068,0.1192012125655726,367.9
delhi_ncr,2025-10-25,28.775,77.225,0.0005056950276599,0.122910132076735,327.4
delhi_ncr,2025-10-25,28.775,77.275,0.0004116872622851,0.123891880682546,292.1
delhi_ncr,2025-10-25,28.775,77.325,0.0003754974519779,0.1195728120059834,277.7
delhi_ncr,2025-10-25,28.775,77.375,0.000381409875744,0.1031298448022631,276.9
delhi_ncr,2025-10-25,28.775,77.425,0.0004247333738744,0.0981039813656177,292.3
delhi_ncr,2025-10-25,28.775,77.475,0.0004749461424081,0.095052488355515,310.7
delhi_ncr,2025-10-25,28.775,77.525,0.0004173269805753,0.0905650887477707,288.1
delhi_ncr,2025-10-25,28.775,77.55,0.000221838335732,0.0894995287133258,214.2
delhi_ncr,2025-10-25,28.825,76.825,0.0003530671095952,0.0786272269177747,261.7
delhi_ncr,2025-10-25,28.825,76.875,0.0002787529379309,0.0809004937254455,234.1
delhi_ncr,2025-10-25,28.825,76.925,0.0004698741551956,0.105049169031851,310.6
delhi_ncr,2025-10-25,28.825,76.975,0.0005217828345119,0.1216556074965983,333.2
delhi_ncr,2025-10-25,28.825,77.025,0.0005580238749451,0.1281876014140391,348.1
delhi_ncr,2025-10-25,28.825,77.075,0.0005459043320433,0.1240313212967248,342.8
delhi_ncr,2025-10-25,28.825,77.125,0.0002727060225765,0.1088690420226115,236.9
delhi_ncr,2025-10-25,28.825,77.175,0.0003882770501898,0.1120211679282826,281.1
delhi_ncr,2025-10-25,28.825,77.225,0.0005205112729113,0.1143775355744255,331.4
delhi_ncr,2025-10-25,28.825,77.275,0.0005559294579278,0.114533785435081,344.8
delhi_ncr,2025-10-25,28.825,77.325,0.0004760079144068,0.111565907756948,314.1
delhi_ncr,2025-10-25,28.825,77.375,0.0003492607091377,0.1013981134132958,264.4
delhi_ncr,2025-10-25,28.825,77.425,0.0003616622093116,0.0957392403166385,268.1
delhi_ncr,2025-10-25,28.825,77.475,0.0004518507279495,0.0944903194140722,301.9
delhi_ncr,2025-10-25,28.825,77.525,0.000412662465472,0.0943897390821771,287.1
delhi_ncr,2025-10-25,28.875,76.825,0.0002672458318953,0.0722570588996194,228.2
delhi_ncr,2025-10-25,28.875,76.875,0.0002487096346027,0.0789091845121418,222.4
delhi_ncr,2025-10-25,28.875,76.925,0.0004124525206931,0.1009985303263453,288.2
delhi_ncr,2025-10-25,28.875,76.975,0.0004372433945262,0.1094618671813602,299.1
delhi_ncr,2025-10-25,28.875,77.025,0.0003900906212114,0.1146197536209868,282.3
delhi_ncr,2025-10-25,28.875,77.075,0.0003143315867547,0.116048249853371,253.9
delhi_ncr,2025-10-25,28.875,77.125,0.0003670673356527,0.1079189274731487,272.3
delhi_ncr,2025-10-25,28.875,77.175,0.0004419593067897,0.1100617078206463,301.0
delhi_ncr,2025-10-25,28.875,77.225,0.0004302302451767,0.1186573437935638,298.1
delhi_ncr,2025-10-25,28.875,77.275,0.0004167007680603,0.1230583467555671,293.8
delhi_ncr,2025-10-25,28.875,77.325,0.0004170891867005,0.1210276928216192,293.6
delhi_ncr,2025-10-25,28.875,77.375,0.0004023648277474,0.115449411886642,287.0
delhi_ncr,2025-10-25,28.875,77.425,0.0003921820955909,0.1128854900999426,282.7
delhi_ncr,2025-10-25,28.875,77.475,0.0003939469142961,0.1043218936822595,281.8
delhi_ncr,2025-10-25,28.875,77.525,0.0003825955181794,0.1037366995410016,277.4
delhi_ncr,2025-10-25,28.875,77.55,0.0003050209512521,0.1076197701201302,248.9
delhi_ncr,2025-10-26,28.375,76.825,0.0002644417567579,0.0,213.9
delhi_ncr,2025-10-26,28.375,76.875,0.0003698577809385,0.0,253.7
delhi_ncr,2025-10-26,28.375,76.925,0.000297287068683,0.0,226.3
delhi_ncr,2025-10-26,28.375,76.975,0.0003824554887002,0.0,258.4
delhi_ncr,2025-10-26,28.375,77.025,0.0003701039842124,0.0,253.8
delhi_ncr,2025-10-26,28.375,77.075,0.0002656016780812,0.0,214.3
delhi_ncr,2025-10-26,28.375,77.125,0.0002236886585809,0.0,198.5
delhi_ncr,2025-10-26,28.375,77.175,0.0002258607713118,0.0027942908586736,199.9
delhi_ncr,2025-10-26,28.375,77.225,0.0003984668346452,0.004575819020477,265.3
delhi_ncr,2025-10-26,28.375,77.275,0.0004630502350757,0.0035034419059457,289.5
delhi_ncr,2025-10-26,28.375,77.325,0.0003903492348231,9.490614506308478e-06,261.4
delhi_ncr,2025-10-26,28.375,77.375,0.0004077069755861,0.0,268.0
delhi_ncr,2025-10-26,28.375,77.425,0.0003692710620667,0.0,253.5
delhi_ncr,2025-10-26,28.375,77.475,0.0003108399557908,0.0,231.4
delhi_ncr,2025-10-26,28.375,77.525,0.0002706201254002,0.0,216.2
delhi_ncr,2025-10-26,28.375,77.55,0.0002399905039166,0.0,204.7
delhi_ncr,2025-10-26,28.425,76.825,0.0002586234696424,0.0,211.7
delhi_ncr,2025-10-26,28.425,76.875,0.0002884923217855,0.0,223.0
delhi_ncr,2025-10-26,28.425,76.925,0.0002670544548234,0.0,214.9
delhi_ncr,2025-10-26,28.425,76.975,0.0002851319870788,0.0,221.7
delhi_ncr,2025-10-26,28.425,77.025,0.0002223630193169,0.0,198.0
delhi_ncr,2025-10-26,28.425,77.075,0.0001216867892392,0.0,160.0
delhi_ncr,2025-10-26,28.425,77.125,0.0002276443396832,0.0,200.0
delhi_ncr,2025-10-26,28.425,77.175,0.0002251577958226,0.0,199.1
delhi_ncr,2025-10-26,28.425,77.225,0.0003497961535117,0.0003593815216882,246.2
delhi_ncr,2025-10-26,28.425,77.275,0.0004258887613345,0.0003753540337633,274.9
delhi_ncr,2025-10-26,28.425,77.325,0.0004080254673742,0.0,268.1
delhi_ncr,2025-10-26,28.425,77.375,0.0002547894757861,0.0,210.3
delhi_ncr,2025-10-26,28.425,77.425,0.0003712909803175,0.0,254.2
delhi_ncr,2025-10-26,28.425,77.475,0.0003156209426197,0.0,233.2
delhi_ncr,2025-10-26,28.425,77.525,0.0002877658243507,0.0,222.7
delhi_ncr,2025-10-26,28.425,77.55,0.0003342099917993,0.0,240.2
delhi_ncr,2025-10-26,28.475,76.825,0.0002307019479899,0.0,201.2
delhi_ncr,2025-10-26,28.475,76.875,0.0001780880980907,0.0,181.3
delhi_ncr,2025-10-26,28.475,76.925,0.0002817634469316,0.0,220.4
delhi_ncr,2025-10-26,28.475,76.975,0.0002334248922553,0.0,202.2
delhi_ncr,2025-10-26,28.475,77.025,0.0001460158363221,0.0,169.2
delhi_ncr,2025-10-26,28.475,77.075,8.082977661785096e-05,0.0,144.6
delhi_ncr,2025-10-26,28.475,77.125,0.0002430073535057,0.0,205.8
delhi_ncr,2025-10-26,28.475,77.175,0.0002256066351926,0.0,199.2
delhi_ncr,2025-10-26,28.475,77.225,0.0003127199029263,0.0,232.1
delhi_ncr,2025-10-26,28.475,77.275,0.0003825545480628,0.0,258.5
delhi_ncr,2025-10-26,28.475,77.325,0.0003871870253556,0.0,260.2
delhi_ncr,2025-10-26,28.475,77.375,0.0001923264533661,0.0,186.7
delhi_ncr,2025-10-26,28.475,77.425,0.0003607550516106,0.0,250.2
delhi_ncr,2025-10-26,28.475,77.475,0.0003283524514663,0.0,238.0
delhi_ncr,2025-10-26,28.475,77.525,0.0003212632700647,0.0,235.3
delhi_ncr,2025-10-26,28.475,77.55,0.000403477168053,0.0,266.4
delhi_ncr,2025-10-26,28.525,76.825,0.0001604899828738,0.0,174.7
delhi_ncr,2025-10-26,28.525,76.875,3.413757037589858e-05,0.0,127.0
delhi_ncr,2025-10-26,28.525,76.925,0.0003593404156613,0.0,249.7
delhi_ncr,2025-10-26,28.525,76.975,0.0003166207771084,0.0,233.6
delhi_ncr,2025-10-26,28.525,77.025,0.0002608203565739,0.0,212.5
delhi_ncr,2025-10-26,28.525,77.075,0.0002373608728533,0.0,203.7
delhi_ncr,2025-10-26,28.525,77.125,0.0002205906482734,0.0,197.4
delhi_ncr,2025-10-26,28.525,77.175,0.0001646256635309,0.0,176.2
delhi_ncr,2025-10-26,28.525,77.225,0.0002933501342483,0.0002687928159051,224.9
delhi_ncr,2025-10-26,28.525,77.275,0.0003528764241592,0.0003989813211344,247.3
delhi_ncr,2025-10-26,28.525,77.325,0.0003145933308862,0.0005207540209171,232.9
delhi_ncr,2025-10-26,28.525,77.375,0.0003631013888053,0.0,251.1
delhi_ncr,2025-10-26,28.525,77.425,0.0003540519822858,0.0,247.7
delhi_ncr,2025-10-26,28.525,77.475,0.0003446021019769,0.0,244.2
delhi_ncr,2025-10-26,28.525,77.525,0.0003638298330981,0.0,251.4
delhi_ncr,2025-10-26,28.525,77.55,0.0004762216121891,0.0,293.8
delhi_ncr,2025-10-26,28.575,76.825,0.0003440378554822,0.0,243.9
delhi_ncr,2025-10-26,28.575,76.875,0.0003935495091199,0.0,262.6
delhi_ncr,2025-10-26,28.575,76.925,0.0002802923839887,0.0,219.9
delhi_ncr,2025-10-26,28.575,76.975,0.0003180993755306,0.0,234.2
delhi_ncr,2025-10-26,28.575,77.025,0.0003770682761249,0.0,256.4
delhi_ncr,2025-10-26,28.575,77.075,0.0003978218787462,0.0,264.2
delhi_ncr,2025-10-26,28.575,77.125,0.0002056720556118,0.0,191.7
delhi_ncr,2025-10-26,28.575,77.175,0.0003321113312527,0.0,239.4
delhi_ncr,2025-10-26,28.575,77.225,0.0004833916134872,0.0088150687452117,298.1
delhi_ncr,2025-10-26,28.575,77.275,0.0005903322338884,0.016675266235404,339.9
delhi_ncr,2025-10-26,28.575,77.325,0.0006119511469088,0.0187600827411159,348.5
delhi_ncr,2025-10-26,28.575,77.375,0.000430776124805,0.0,276.7
delhi_ncr,2025-10-26,28.575,77.425,0.0003958116326945,0.0,263.5
delhi_ncr,2025-10-26,28.575,77.475,0.000357302125984,0.0,248.9
delhi_ncr,2025-10-26,28.575,77.525,0.0004017625120219,0.0,265.7
delhi_ncr,2025-10-26,28.625,76.825,0.000276343184212,0.0,218.4
delhi_ncr,2025-10-26,28.625,76.875,0.0002362324259866,0.0,203.3
delhi_ncr,2025-10-26,28.625,76.925,0.000392830491681,0.0129258998838653,264.7
delhi_ncr,2025-10-26,28.625,76.975,0.0004119900572337,0.0171755800852367,272.7
delhi_ncr,2025-10-26,28.625,77.025,0.0003859833607127,0.0269655773325788,264.7
delhi_ncr,2025-10-26,28.625,77.075,0.0003357580156137,0.0398877865905846,248.1
delhi_ncr,2025-10-26,28.625,77.125,0.0002820432969796,0.0364211834696652,227.2
delhi_ncr,2025-10-26,28.625,77.175,0.0004425330590285,0.0400731094000282,288.4
delhi_ncr,2025-10-26,28.625,77.225,0.0005054918318546,0.0523305954529479,314.4
delhi_ncr,2025-10-26,28.625,77.275,0.0005564371968884,0.054819843938357,334.1
delhi_ncr,2025-10-26,28.625,77.325,0.0005722164144814,0.0417847159252204,337.7
delhi_ncr,2025-10-26,28.625,77.375,0.0002923039688871,0.0,224.4
delhi_ncr,2025-10-26,28.625,77.425,0.0002469128214467,0.0,207.3
delhi_ncr,2025-10-26,28.625,77.475,0.000248366441796,0.0,207.8
delhi_ncr,2025-10-26,28.625,77.525,0.0002477224848091,0.0,207.6
delhi_ncr,2025-10-26,28.625,77.55,0.0003425757292873,0.0,243.4
delhi_ncr,2025-10-26,28.675,76.825,0.0004133214670235,0.0057988678457438,271.1
delhi_ncr,2025-10-26,28.675,76.875,0.0003194832058627,0.0141411192570026,237.3
delhi_ncr,2025-10-26,28.675,76.925,0.0004539488531708,0.0283483522807072,290.6
delhi_ncr,2025-10-26,28.675,76.975,0.0005034548867041,0.0382551999083274,311.1
delhi_ncr,2025-10-26,28.675,77.025,0.0004803422321006,0.0474012704009804,304.0
delhi_ncr,2025-10-26,28.675,77.075,0.0004080521134564,0.052692699876866,277.7
delhi_ncr,2025-10-26,28.675,77.125,0.0003765240851227,0.0402905528563613,263.6
delhi_ncr,2025-10-26,28.675,77.175,0.000561958867254,0.0495605199718377,335.2
delhi_ncr,2025-10-26,28.675,77.225,0.0005636251971457,0.043749906189046,334.8
delhi_ncr,2025-10-26,28.675,77.275,0.00055168349649,0.0358675512012397,328.9
delhi_ncr,2025-10-26,28.675,77.325,0.0005250979985611,0.0264356037060621,317.1
delhi_ncr,2025-10-26,28.675,77.375,0.0002245395087496,0.0,198.8
delhi_ncr,2025-10-26,28.675,77.425,0.0001499194598592,0.0,170.7
delhi_ncr,2025-10-26,28.675,77.475,0.0001850085037576,0.0,183.9
delhi_ncr,2025-10-26,28.675,77.525,0.000197467943175,0.0,188.6
delhi_ncr,2025-10-26,28.675,77.55,0.000151308050345,0.0,171.2
delhi_ncr,2025-10-26,28.725,76.825,0.0005562627338948,0.0093848051528163,325.7
delhi_ncr,2025-10-26,28.725,76.875,0.0004779347016651,0.0267479020352156,299.4
delhi_ncr,2025-10-26,28.725,76.925,0.0005092998249278,0.0417879468832662,313.9
delhi_ncr,2025-10-26,28.725,76.975,0.0005707265875098,0.0490997273105199,338.5
delhi_ncr,2025-10-26,28.725,77.025,0.000547859120641,0.0485154383749723,329.7
delhi_ncr,2025-10-26,28.725,77.075,0.0004520654855456,0.040269420976164,292.1
delhi_ncr,2025-10-26,28.725,77.125,0.0003815253658081,0.0253933508982508,262.7
delhi_ncr,2025-10-26,28.725,77.175,0.000557914160794,0.0352990869202831,331.1
delhi_ncr,2025-10-26,28.725,77.225,0.0005279223872989,0.0177495816095616,316.6
delhi_ncr,2025-10-26,28.725,77.275,0.0004790443850076,0.0055316143917774,295.9
delhi_ncr,2025-10-26,28.725,77.325,0.0004269499964957,0.0042875530203657,276.0
delhi_ncr,2025-10-26,28.725,77.375,0.0002257861495924,0.0,199.3
delhi_ncr,2025-10-26,28.725,77.425,0.0001546087572442,0.0,172.5
delhi_ncr,2025-10-26,28.725,77.475,0.0001944750793662,0.0,187.5
delhi_ncr,2025-10-26,28.725,77.525,0.0001965518169944,0.0,188.3
delhi_ncr,2025-10-26,28.725,77.55,9.140353986452776e-05,0.0,148.6
delhi_ncr,2025-10-26,28.775,76.825,0.0005485641756819,0.0040721249609325,321.9
delhi_ncr,2025-10-26,28.775,76.875,0.0005880942914068,0.0247504527920352,340.6
delhi_ncr,2025-10-26,28.775,76.925,0.0005947146813769,0.048848869418216,347.5
delhi_ncr,2025-10-26,28.775,76.975,0.0005879660972515,0.0366461590531542,342.7
delhi_ncr,2025-10-26,28.775,77.025,0.0004925833254264,0.0176179249218443,303.2
delhi_ncr,2025-10-26,28.775,77.075,0.000328496637358,0.0002237482556548,238.1
delhi_ncr,2025-10-26,28.775,77.125,0.000196789840253,0.0,188.4
delhi_ncr,2025-10-26,28.775,77.175,0.0003111135424256,0.0,231.5
delhi_ncr,2025-10-26,28.775,77.225,0.0002818921002925,0.0,220.5
delhi_ncr,2025-10-26,28.775,77.275,0.0002479887738841,0.0,207.7
delhi_ncr,2025-10-26,28.775,77.325,0.0002450543586409,0.0,206.6
delhi_ncr,2025-10-26,28.775,77.375,0.0003061315120425,0.0,229.6
delhi_ncr,2025-10-26,28.775,77.425,0.0003203339951084,0.0,235.0
delhi_ncr,2025-10-26,28.775,77.475,0.0003069703282821,0.0,230.0
delhi_ncr,2025-10-26,28.775,77.525,0.0002069656643659,0.0,192.2
delhi_ncr,2025-10-26,28.775,77.55,1.4601077320118932e-05,0.0,119.6
delhi_ncr,2025-10-26,28.825,76.825,0.0004706583519095,0.009129742022026,293.4
delhi_ncr,2025-10-26,28.825,76.875,0.0004648774628397,0.0309724964698917,295.2
delhi_ncr,2025-10-26,28.825,76.925,0.0004344367955306,0.0246498779176318,282.6
delhi_ncr,2025-10-26,28.825,76.975,0.0004561493484275,0.013870096562317,288.8
delhi_ncr,2025-10-26,28.825,77.025,0.0004251604208896,0.0050631116986892,275.5
delhi_ncr,2025-10-26,28.825,77.075,0.0003283413303264,0.0,238.0
delhi_ncr,2025-10-26,28.825,77.125,0.0001454321042844,0.0,169.0
delhi_ncr,2025-10-26,28.825,77.175,0.000303982869308,0.0,228.8
delhi_ncr,2025-10-26,28.825,77.225,0.000254723561393,0.0,210.2
delhi_ncr,2025-10-26,28.825,77.275,0.0002126216261943,0.0,194.3
delhi_ncr,2025-10-26,28.825,77.325,0.0002088579383153,0.0,192.9
delhi_ncr,2025-10-26,28.825,77.375,0.0001291777619785,0.0,162.9
delhi_ncr,2025-10-26,28.825,77.425,0.0002083315690844,0.0,192.7
delhi_ncr,2025-10-26,28.825,77.475,0.000234452561107,0.0,202.6
delhi_ncr,2025-10-26,28.825,77.525,0.0001637324139889,0.0,175.9
delhi_ncr,2025-10-26,28.875,76.825,0.0002948703963353,0.0062933665770923,226.5
delhi_ncr,2025-10-26,28.875,76.875,0.0004345966695588,0.0160911016730526,281.1
delhi_ncr,2025-10-26,28.875,76.925,0.0004928939441718,0.0069308253901527,301.4
delhi_ncr,2025-10-26,28.875,76.975,0.0004618510356971,0.0034734044853981,289.0
delhi_ncr,2025-10-26,28.875,77.025,0.000398426880417,0.0012996826905117,264.7
delhi_ncr,2025-10-26,28.875,77.075,0.0003154662159013,0.0,233.2
delhi_ncr,2025-10-26,28.875,77.125,0.000213045123126,0.0,194.5
delhi_ncr,2025-10-26,28.875,77.175,0.0002632821266841,0.0,213.5
delhi_ncr,2025-10-26,28.875,77.225,0.0002346028834867,0.0,202.6
delhi_ncr,2025-10-26,28.875,77.275,0.0001807919264232,0.0,182.3
delhi_ncr,2025-10-26,28.875,77.325,0.0001194471774899,0.0,159.2
delhi_ncr,2025-10-26,28.875,77.375,8.059792656734116e-05,0.0,144.5
delhi_ncr,2025-10-26,28.875,77.425,0.0001539850616771,0.0,172.2
delhi_ncr,2025-10-26,28.875,77.475,0.0002614003438921,0.0,212.8
delhi_ncr,2025-10-26,28.875,77.525,0.0003172532444949,0.0,233.8
delhi_ncr,2025-10-26,28.875,77.55,0.0001976750645829,0.0,188.7
delhi_ncr,2025-10-29,28.875,77.525,0.000295684439292,0.2701568894508931,275.0
delhi_ncr,2025-10-29,28.875,77.55,0.000295684439292,0.2701568894508931,275.0
delhi_ncr,2025-10-30,28.725,77.275,0.000223308860088,0.2045038203447366,235.7
delhi_ncr,2025-10-30,28.725,77.325,0.000223308860088,0.2045038203447366,235.7
delhi_ncr,2025-10-30,28.775,77.275,0.000223308860088,0.2045038203447366,235.7
delhi_ncr,2025-10-30,28.775,77.325,0.000223308860088,0.2045038203447366,235.7
delhi_ncr,2025-10-30,28.825,77.225,0.0004446476339413,0.2711754604016625,331.4
delhi_ncr,2025-10-30,28.825,77.275,0.0004743000355651,0.2434928317710416,337.6
delhi_ncr,2025-10-30,28.825,77.325,0.0005269586108624,0.1943323016166631,348.5
delhi_ncr,2025-10-30,28.875,77.225,0.0004446476339413,0.2711754604016625,331.4
delhi_ncr,2025-10-30,28.875,77.275,0.0004497294988232,0.2690376353201437,333.0
delhi_ncr,2025-10-30,28.875,77.325,0.0004339315211158,0.2677699682634638,326.8
delhi_ncr,2025-10-30,28.875,77.375,0.0002035606539747,0.2755235149554794,241.3
delhi_ncr,2025-10-30,28.875,77.425,0.000149573957453,0.2873000316686203,223.0
delhi_ncr,2025-10-30,28.875,77.475,0.0001399525659937,0.2893988168254177,219.8
delhi_ncr,2025-10-31,28.375,76.825,0.0001870201064841,0.2918537535300169,238.0
delhi_ncr,2025-10-31,28.375,76.875,0.0002427782085764,0.2558988871037549,252.5
delhi_ncr,2025-10-31,28.375,76.925,7.279252756282508e-06,0.2440510404787889,161.4
delhi_ncr,2025-10-31,28.375,76.975,0.0001132434792911,0.2145413962764513,196.0
delhi_ncr,2025-10-31,28.375,77.025,0.0001973974718801,0.1822455140901169,221.9
delhi_ncr,2025-10-31,28.375,77.075,0.0002207493472363,0.1513230304002347,225.1
delhi_ncr,2025-10-31,28.375,77.125,0.0002250083851437,0.1259719394489947,222.0
delhi_ncr,2025-10-31,28.375,77.175,0.0001833618651618,0.1590150951360631,212.3
delhi_ncr,2025-10-31,28.375,77.225,0.0002171437989232,0.1844733190820661,229.7
delhi_ncr,2025-10-31,28.375,77.275,0.0003411579904428,0.220088477681125,283.1
delhi_ncr,2025-10-31,28.375,77.325,0.0004681222483236,0.2433983957825548,335.2
delhi_ncr,2025-10-31,28.375,77.375,0.0003820562106914,0.1906823128514454,293.1
delhi_ncr,2025-10-31,28.375,77.425,0.0005005945623115,0.1894527327347612,337.6
delhi_ncr,2025-10-31,28.375,77.475,0.000504712039902,0.1794407753516624,337.4
delhi_ncr,2025-10-31,28.375,77.525,0.00048964354784,0.1709645644162656,330.1
delhi_ncr,2025-10-31,28.425,76.825,0.0001718026830635,0.2945309665526208,232.7
delhi_ncr,2025-10-31,28.425,76.875,0.0002449784276774,0.2523432862947863,252.7
delhi_ncr,2025-10-31,28.425,76.925,5.37804832624331e-05,0.237178184421815,177.7
delhi_ncr,2025-10-31,28.425,76.975,0.0001413358651031,0.2061827006573327,205.1
delhi_ncr,2025-10-31,28.425,77.025,0.0002322296386918,0.1837085372142996,235.3
delhi_ncr,2025-10-31,28.425,77.075,0.0002867790893915,0.1693706459802288,253.3
delhi_ncr,2025-10-31,28.425,77.125,0.0002363653309891,0.1389930839278459,228.7
delhi_ncr,2025-10-31,28.425,77.175,0.0002326891307447,0.1486892424911855,229.1
delhi_ncr,2025-10-31,28.425,77.225,0.0002641132383489,0.1665555492124226,244.2
delhi_ncr,2025-10-31,28.425,77.275,0.0003499714672778,0.1914821859157118,281.2
delhi_ncr,2025-10-31,28.425,77.325,0.0004665279780911,0.2145491140485445,329.4
delhi_ncr,2025-10-31,28.425,77.375,0.0004437929692353,0.1815411456442852,314.7
delhi_ncr,2025-10-31,28.425,77.425,0.0005757458503132,0.18583070964534,365.3
delhi_ncr,2025-10-31,28.425,77.475,0.0005559844687165,0.1845929546276418,357.6
delhi_ncr,2025-10-31,28.425,77.525,0.0004770150515845,0.1900625195137121,328.8
delhi_ncr,2025-10-31,28.425,77.55,0.0002942000314306,0.2153692914767866,264.5
delhi_ncr,2025-10-31,28.475,76.825,0.0001597727053372,0.2455109604869268,219.2
delhi_ncr,2025-10-31,28.475,76.875,0.0001071652311301,0.1926448701033327,189.7
delhi_ncr,2025-10-31,28.475,76.925,0.0001165621391497,0.2224883491148989,198.7
delhi_ncr,2025-10-31,28.475,76.975,0.000189199254893,0.1976033803247509,221.6
delhi_ncr,2025-10-31,28.475,77.025,0.0002840731996299,0.1827807785034136,254.7
delhi_ncr,2025-10-31,28.475,77.075,0.0003570882345087,0.1788043234448702,281.5
delhi_ncr,2025-10-31,28.475,77.125,0.0002529452498926,0.1617109680811551,239.1
delhi_ncr,2025-10-31,28.475,77.175,0.000283451597524,0.1563535915598431,249.6
delhi_ncr,2025-10-31,28.475,77.225,0.0002806409692351,0.1656453424140872,250.3
delhi_ncr,2025-10-31,28.475,77.275,0.0003267907496339,0.1794028877491176,270.2
delhi_ncr,2025-10-31,28.475,77.325,0.0004571713331345,0.1974357017973551,322.7
delhi_ncr,2025-10-31,28.475,77.375,0.000492926969419,0.1936115356842108,335.5
delhi_ncr,2025-10-31,28.475,77.425,0.0006314005573306,0.1956355900349732,388.1
delhi_ncr,2025-10-31,28.475,77.475,0.0005879284939032,0.1968938104317122,371.9
delhi_ncr,2025-10-31,28.475,77.525,0.0004577079621972,0.2053649652672083,324.4
delhi_ncr,2025-10-31,28.475,77.55,0.0002827865484926,0.226603940047239,262.2
delhi_ncr,2025-10-31,28.525,76.825,0.0001259040725731,0.1387921754530585,187.0
delhi_ncr,2025-10-31,28.525,76.875,0.0001078846525759,0.1935895138626117,190.2
delhi_ncr,2025-10-31,28.525,76.925,9.721657114615472e-05,0.2224526678952941,191.4
delhi_ncr,2025-10-31,28.525,76.975,0.0002316493095499,0.2091817683734748,239.7
delhi_ncr,2025-10-31,28.525,77.025,0.0003462928508422,0.1906386076798714,279.6
delhi_ncr,2025-10-31,28.525,77.075,0.0003921049042027,0.1739823041235302,293.9
delhi_ncr,2025-10-31,28.525,77.125,0.0002695375002995,0.1699578292982594,246.9
delhi_ncr,2025-10-31,28.525,77.175,0.0002922882801996,0.1679933133077442,255.1
delhi_ncr,2025-10-31,28.525,77.225,0.0002261651568033,0.1940236954286212,234.9
delhi_ncr,2025-10-31,28.525,77.275,0.0001859554804555,0.2111012665955812,222.8
delhi_ncr,2025-10-31,28.525,77.325,0.0004668873571115,0.2473791478079962,335.5
delhi_ncr,2025-10-31,28.525,77.375,0.0004656162926562,0.2429216720609346,334.2
delhi_ncr,2025-10-31,28.525,77.425,0.0005933007264828,0.2312886929647455,380.3
delhi_ncr,2025-10-31,28.525,77.475,0.0005454555528944,0.2160327560534928,359.4
delhi_ncr,2025-10-31,28.525,77.525,0.0004228406927905,0.216368352077496,313.2
delhi_ncr,2025-10-31,28.525,77.55,0.0002771232803608,0.2211126498711002,259.1
delhi_ncr,2025-10-31,28.575,76.825,0.0002182392967849,0.1924338241524787,231.6
delhi_ncr,2025-10-31,28.575,76.875,0.0001359420889614,0.2304306204744915,207.5
delhi_ncr,2025-10-31,28.575,76.925,0.0002070985591337,0.2913489393310328,245.5
delhi_ncr,2025-10-31,28.575,76.975,0.000222760312221,0.2876777283715001,250.7
delhi_ncr,2025-10-31,28.575,77.025,0.0002545274924697,0.2587429364130631,257.4
delhi_ncr,2025-10-31,28.575,77.075,0.0003082618301905,0.2251129712646863,271.6
delhi_ncr,2025-10-31,28.575,77.125,0.0003845193004207,0.24453829689274,303.9
delhi_ncr,2025-10-31,28.575,77.175,0.0003256380868305,0.2430032050693476,281.4
delhi_ncr,2025-10-31,28.575,77.225,0.0003040829583796,0.2640321786745814,277.1
delhi_ncr,2025-10-31,28.575,77.275,0.0003541757107235,0.2737816063426632,297.8
delhi_ncr,2025-10-31,28.575,77.325,0.00044429216742,0.2685103937363519,330.8
delhi_ncr,2025-10-31,28.575,77.375,0.0003217185727175,0.2779790156611785,286.3
delhi_ncr,2025-10-31,28.575,77.425,0.0003087699299699,0.2511891748264508,276.5
delhi_ncr,2025-10-31,28.575,77.475,0.000370714028327,0.204972904054556,291.4
delhi_ncr,2025-10-31,28.575,77.525,0.0003725529049343,0.1850372016301961,288.5
delhi_ncr,2025-10-31,28.625,76.825,0.0002328124725425,0.2211887476502571,242.4
delhi_ncr,2025-10-31,28.625,76.875,0.0002313939898271,0.2464023291945283,246.4
delhi_ncr,2025-10-31,28.625,76.925,0.0002629566988558,0.2864738722030746,265.7
delhi_ncr,2025-10-31,28.625,76.975,0.0002134799013655,0.2928572188615985,248.2
delhi_ncr,2025-10-31,28.625,77.025,0.0002775275719384,0.2758695546997315,269.2
delhi_ncr,2025-10-31,28.625,77.075,0.0004189251956921,0.2489978710741662,317.7
delhi_ncr,2025-10-31,28.625,77.125,0.0003781742269424,0.2634146197505018,304.9
delhi_ncr,2025-10-31,28.625,77.175,0.0002550260776835,0.2817302540392735,261.8
delhi_ncr,2025-10-31,28.625,77.225,0.0004529138841136,0.2512347510448733,330.9
delhi_ncr,2025-10-31,28.625,77.275,0.0005067044702616,0.2279083824604859,347.0
delhi_ncr,2025-10-31,28.625,77.325,0.0003620641631116,0.2272029704595236,292.2
delhi_ncr,2025-10-31,28.625,77.375,0.0003639428535226,0.2687246246687566,300.5
delhi_ncr,2025-10-31,28.625,77.425,0.0003212727898448,0.2508402657885211,281.2
delhi_ncr,2025-10-31,28.625,77.475,0.00036374375893,0.2162800317312484,290.9
delhi_ncr,2025-10-31,28.625,77.525,0.0003909938202829,0.1981354181055556,297.9
delhi_ncr,2025-10-31,28.625,77.55,0.0003422120073014,0.2054518327723466,280.8
delhi_ncr,2025-10-31,28.675,76.825,0.0001788504908035,0.1867223073844895,215.7
delhi_ncr,2025-10-31,28.675,76.875,0.0002328907509243,0.2106074721084738,240.5
delhi_ncr,2025-10-31,28.675,76.925,0.0003357953305582,0.2552982453464716,287.5
delhi_ncr,2025-10-31,28.675,76.975,0.0002944063199448,0.2614251094438566,273.0
delhi_ncr,2025-10-31,28.675,77.025,0.0003201490035947,0.2638850130236934,283.1
delhi_ncr,2025-10-31,28.675,77.075,0.0003962829538359,0.266465676922704,312.3
delhi_ncr,2025-10-31,28.675,77.125,0.0003409850353256,0.2689130886518137,291.9
delhi_ncr,2025-10-31,28.675,77.175,0.0002502166529189,0.2808201157002139,259.8
delhi_ncr,2025-10-31,28.675,77.225,0.0004912849374724,0.229948343891734,341.5
delhi_ncr,2025-10-31,28.675,77.275,0.0005270421098743,0.1955989140737801,348.7
delhi_ncr,2025-10-31,28.675,77.325,0.0003149236816738,0.1972068718118881,269.0
delhi_ncr,2025-10-31,28.675,77.375,0.000413456858334,0.2430487809670629,314.5
delhi_ncr,2025-10-31,28.675,77.425,0.0003163367443675,0.2426630678026442,277.8
delhi_ncr,2025-10-31,28.675,77.475,0.00030872073086,0.2307993952161117,272.8
delhi_ncr,2025-10-31,28.675,77.525,0.000316604730815,0.2285059539893992,275.3
delhi_ncr,2025-10-31,28.675,77.55,0.0003216050766342,0.2396770244512166,279.3
delhi_ncr,2025-10-31,28.725,76.825,0.0001435373614774,0.1527413130291255,196.2
delhi_ncr,2025-10-31,28.725,76.875,0.0002129560884167,0.1831208533344962,227.9
delhi_ncr,2025-10-31,28.725,76.925,0.0003576114120761,0.2308271964203062,291.2
delhi_ncr,2025-10-31,28.725,76.975,0.0003577019655766,0.2341067586718192,291.9
delhi_ncr,2025-10-31,28.725,77.025,0.0003459783540029,0.2498576834359571,290.3
delhi_ncr,2025-10-31,28.725,77.075,0.0003366921828879,0.2754008966810921,291.5
delhi_ncr,2025-10-31,28.725,77.125,0.0003077534544161,0.2689714363340493,279.4
delhi_ncr,2025-10-31,28.725,77.175,0.0002709644523223,0.2680685323056394,265.3
delhi_ncr,2025-10-31,28.725,77.225,0.0004374760849573,0.2130137889160796,318.1
delhi_ncr,2025-10-31,28.725,77.275,0.0004584094261953,0.1776875227486854,319.6
delhi_ncr,2025-10-31,28.725,77.325,0.0003181114563537,0.1805808767317867,267.1
delhi_ncr,2025-10-31,28.725,77.375,0.0004405387158498,0.2216012900811386,320.8
delhi_ncr,2025-10-31,28.725,77.425,0.0003120122643579,0.227101118629243,273.3
delhi_ncr,2025-10-31,28.725,77.475,0.0002731882042872,0.23257827072762,259.7
delhi_ncr,2025-10-31,28.725,77.525,0.0002579323437186,0.2468495713348892,256.5
delhi_ncr,2025-10-31,28.725,77.55,0.0002566465797264,0.2674922638192026,259.8
delhi_ncr,2025-10-31,28.775,76.825,0.0001989100793341,0.1713610923672051,220.5
delhi_ncr,2025-10-31,28.775,76.875,0.0002261059143584,0.2137784363785993,238.5
delhi_ncr,2025-10-31,28.775,76.925,0.0002669145584508,0.2411164052487252,258.9
delhi_ncr,2025-10-31,28.775,76.975,0.0003116769949278,0.2447026421481669,276.4
delhi_ncr,2025-10-31,28.775,77.025,0.0003250985839174,0.2553900231908986,283.4
delhi_ncr,2025-10-31,28.775,77.075,0.0003111671498871,0.2716093843803561,281.1
delhi_ncr,2025-10-31,28.775,77.175,0.0002889410343285,0.2640155691238697,271.4
delhi_ncr,2025-10-31,28.775,77.225,0.0002891110734747,0.2122538589469053,262.0
delhi_ncr,2025-10-31,28.775,77.275,0.0003226439903917,0.1780415882571848,268.4
delhi_ncr,2025-10-31,28.775,77.325,0.0003854886292435,0.1795497209075471,292.4
delhi_ncr,2025-10-31,28.775,77.375,0.0004170615971615,0.2221190717777582,312.1
delhi_ncr,2025-10-31,28.775,77.425,0.0003263491042677,0.2042419280391143,274.6
delhi_ncr,2025-10-31,28.775,77.475,0.0003139486457225,0.2075850949646248,270.5
delhi_ncr,2025-10-31,28.775,77.525,0.0003020626479188,0.2287163196842843,269.9
delhi_ncr,2025-10-31,28.775,77.55,0.0002539614200568,0.2489462547392759,255.4
delhi_ncr,2025-10-31,28.825,76.825,0.0001877023814685,0.1447246440690003,211.4
delhi_ncr,2025-10-31,28.825,76.875,0.0001688685929898,0.1774274545590581,210.2
delhi_ncr,2025-10-31,28.825,76.925,0.0002270334382627,0.2158628670911679,239.2
delhi_ncr,2025-10-31,28.825,76.975,0.0002898608961098,0.230228463706622,265.5
delhi_ncr,2025-10-31,28.825,77.025,0.0003425125011934,0.2399517350989643,287.2
delhi_ncr,2025-10-31,28.825,77.075,0.0003510031462157,0.2489204605876719,292.0
delhi_ncr,2025-10-31,28.825,77.125,0.000184721789859,0.2670843686658762,232.6
delhi_ncr,2025-10-31,28.825,77.175,0.0002980961711427,0.2845332577704777,278.6
delhi_ncr,2025-10-31,28.825,77.225,0.000358288024596,0.2317790847314364,291.7
delhi_ncr,2025-10-31,28.825,77.275,0.0003662869890878,0.2036721122614345,289.5
delhi_ncr,2025-10-31,28.825,77.325,0.0003205817404922,0.220853465666893,275.4
delhi_ncr,2025-10-31,28.825,77.375,0.0002222293324515,0.2722557770625942,247.7
delhi_ncr,2025-10-31,28.825,77.425,0.0002792545128351,0.2518784576814151,265.5
delhi_ncr,2025-10-31,28.825,77.475,0.0002676236074269,0.2359622461447903,258.2
delhi_ncr,2025-10-31,28.825,77.525,0.0002467355041564,0.2300717469183726,249.2
delhi_ncr,2025-10-31,28.875,76.825,0.000171491648313,0.1189254016486641,200.5
delhi_ncr,2025-10-31,28.875,76.875,0.0001341411472959,0.1397042352654664,190.2
delhi_ncr,2025-10-31,28.875,76.925,0.0002846417671281,0.1647894066957415,251.6
delhi_ncr,2025-10-31,28.875,76.975,0.0003968532007529,0.1728137765178205,295.4
delhi_ncr,2025-10-31,28.875,77.025,0.0003919140674327,0.1816872303298771,295.2
delhi_ncr,2025-10-31,28.875,77.075,0.0003062831330492,0.1947110950198516,265.3
delhi_ncr,2025-10-31,28.875,77.125,0.0003398506096112,0.2255215375677398,283.6
delhi_ncr,2025-10-31,28.875,77.175,0.0005050557892551,0.2336245944358123,347.4
delhi_ncr,2025-10-31,28.875,77.225,0.0004549787147893,0.2186187668167061,325.7
delhi_ncr,2025-10-31,28.875,77.275,0.0004218550293329,0.2170776516922099,313.0
delhi_ncr,2025-10-31,28.875,77.325,0.0004226331679749,0.2362698963266361,316.8
delhi_ncr,2025-10-31,28.875,77.375,0.0002177472558823,0.2805717057183217,247.5
delhi_ncr,2025-10-31,28.875,77.425,0.0002604416902753,0.2613493265845193,260.1
delhi_ncr,2025-10-31,28.875,77.475,0.0003435410915479,0.2495062492862621,289.3
delhi_ncr,2025-10-31,28.875,77.525,0.0003067172495049,0.2531739954886876,276.1
delhi_ncr,2025-10-31,28.875,77.55,0.0002188210504073,0.2519315230817949,242.7
delhi_ncr,2025-11-01,28.375,76.975,0.0004386325263878,0.2935941508693494,333.3
delhi_ncr,2025-11-01,28.375,77.025,0.0003545546469499,0.262941681350876,295.9
delhi_ncr,2025-11-01,28.375,77.075,0.0003280721114712,0.2546283046049838,284.4
delhi_ncr,2025-11-01,28.375,77.125,0.0003024717110833,0.2923473488126319,281.7
delhi_ncr,2025-11-01,28.375,77.175,0.0003713574778305,0.2761750953138577,304.7
delhi_ncr,2025-11-01,28.375,77.225,0.0003815627766078,0.2737792059066319,308.1
delhi_ncr,2025-11-01,28.375,77.325,0.0004410048387027,0.2984858088743551,335.1
delhi_ncr,2025-11-01,28.375,77.375,0.0004410048387027,0.2984858088743551,335.1
delhi_ncr,2025-11-01,28.375,77.425,0.0004410048387027,0.2984858088743551,335.1
delhi_ncr,2025-11-01,28.375,77.475,0.0004715684318928,0.2958524977904146,346.1
delhi_ncr,2025-11-01,28.375,77.525,0.0004783560988414,0.2950412290515085,348.5
delhi_ncr,2025-11-01,28.375,77.55,0.0005550359900915,0.2868305164741834,376.0
delhi_ncr,2025-11-01,28.425,77.025,0.000323237614985,0.2550266265405909,282.7
delhi_ncr,2025-11-01,28.425,77.075,0.000323237614985,0.2550266265405909,282.7
delhi_ncr,2025-11-01,28.425,77.475,0.0004918069611212,0.2991584366075852,354.4
delhi_ncr,2025-11-01,28.425,77.525,0.0005022484484611,0.2966231748282787,357.8
delhi_ncr,2025-11-01,28.425,77.55,0.0005198909615527,0.2923394566494507,363.7
delhi_ncr,2025-11-01,28.475,77.425,0.0005409070668268,0.2988434409032325,372.8
delhi_ncr,2025-11-01,28.475,77.475,0.0005530022677319,0.2902533972501213,375.8
delhi_ncr,2025-11-01,28.475,77.525,0.0005398624294301,0.2836465904534985,369.7
delhi_ncr,2025-11-01,28.475,77.55,0.0005321351873653,0.2766911286047498,365.5
delhi_ncr,2025-11-01,28.525,77.375,0.0005179619691876,0.2345093952644021,352.4
delhi_ncr,2025-11-01,28.525,77.425,0.0005411006681234,0.2966641407502881,372.5
delhi_ncr,2025-11-01,28.525,77.475,0.0005529239302542,0.2882670628678853,375.4
delhi_ncr,2025-11-01,28.525,77.525,0.0005564421466037,0.2744254682983106,374.2
delhi_ncr,2025-11-01,28.525,77.55,0.0005983220502363,0.2100109093122447,378.3
delhi_ncr,2025-11-01,28.575,77.325,0.0005179619691876,0.2345093952644021,352.4
delhi_ncr,2025-11-01,28.575,77.375,0.0005179619691876,0.2345093952644021,352.4
delhi_ncr,2025-11-01,28.575,77.425,0.0005429044889048,0.2262630989890362,360.3
delhi_ncr,2025-11-01,28.575,77.475,0.0005501598693083,0.2091337858356541,359.9
delhi_ncr,2025-11-01,28.575,77.525,0.0005850487893933,0.1851579713598253,368.7
delhi_ncr,2025-11-01,28.625,77.075,0.0005380818649783,0.2996494166801267,371.9
delhi_ncr,2025-11-01,28.625,77.125,0.0005380818649783,0.2996494166801267,371.9
delhi_ncr,2025-11-01,28.625,77.175,0.0005069031132952,0.2859679174049832,357.6
delhi_ncr,2025-11-01,28.625,77.225,0.0005961792316531,0.2502989394045742,384.8
delhi_ncr,2025-11-01,28.625,77.275,0.0006343653502299,0.2266658320043948,394.9
delhi_ncr,2025-11-01,28.625,77.325,0.0005814342678891,0.2184197447337647,373.4
delhi_ncr,2025-11-01,28.625,77.375,0.0004613682873243,0.193021321329228,323.5
delhi_ncr,2025-11-01,28.625,77.425,0.0005659849115563,0.2016509309393231,364.5
delhi_ncr,2025-11-01,28.625,77.475,0.0004983605373102,0.2136432609050984,341.2
delhi_ncr,2025-11-01,28.625,77.525,0.0004796062231187,0.2204424896375086,335.4
delhi_ncr,2025-11-01,28.625,77.55,0.0005958904765399,0.1982063311982895,375.2
delhi_ncr,2025-11-01,28.675,77.075,0.000478167236358,0.2891529900119935,347.4
delhi_ncr,2025-11-01,28.675,77.125,0.0004763065336059,0.2888270140285112,346.6
delhi_ncr,2025-11-01,28.675,77.175,0.0004531660925181,0.2746457630329426,335.3
delhi_ncr,2025-11-01,28.675,77.225,0.0005258835148917,0.2594288766105933,360.0
delhi_ncr,2025-11-01,28.675,77.275,0.0005608985800123,0.247999774378422,371.1
delhi_ncr,2025-11-01,28.675,77.325,0.0005243885447712,0.2426341441612077,356.3
delhi_ncr,2025-11-01,28.675,77.375,0.0004024808062679,0.2393679145892291,309.7
delhi_ncr,2025-11-01,28.675,77.425,0.000542324897921,0.208931473139446,356.9
delhi_ncr,2025-11-01,28.675,77.475,0.0004841404723236,0.2148190662811856,336.1
delhi_ncr,2025-11-01,28.675,77.525,0.0004486720359707,0.2306174144388051,325.6
delhi_ncr,2025-11-01,28.675,77.55,0.000539516265785,0.2374336443321385,361.1
delhi_ncr,2025-11-01,28.725,77.075,0.0004182526077378,0.2786565633438604,322.8
delhi_ncr,2025-11-01,28.725,77.125,0.0004182526077378,0.2786565633438604,322.8
delhi_ncr,2025-11-01,28.725,77.175,0.0004029137105201,0.2641417623555594,314.4
delhi_ncr,2025-11-01,28.725,77.225,0.0004601231648806,0.2679984111699046,336.7
delhi_ncr,2025-11-01,28.725,77.275,0.0004911618898509,0.2682769264525027,348.5
delhi_ncr,2025-11-01,28.725,77.325,0.0004686849797912,0.2653791430085493,339.5
delhi_ncr,2025-11-01,28.725,77.375,0.0003624578779182,0.294151316603203,304.6
delhi_ncr,2025-11-01,28.725,77.425,0.0003624578779182,0.294151316603203,304.6
delhi_ncr,2025-11-01,28.725,77.475,0.0005149970531619,0.2979054154133166,362.9
delhi_ncr,2025-11-01,28.725,77.525,0.0004850633843304,0.2984783662936972,351.7
delhi_ncr,2025-11-01,28.725,77.55,0.0004205908668472,0.2997124143437474,327.6
delhi_ncr,2025-11-01,28.775,77.475,0.0005149970531619,0.2979054154133166,362.9
delhi_ncr,2025-11-01,28.775,77.525,0.0004839192402757,0.2985002659928994,351.3
delhi_ncr,2025-11-01,28.775,77.55,0.0004047583212862,0.2669284269943145,315.6
delhi_ncr,2025-11-01,28.825,76.975,0.0002676863698463,0.2988138137060363,269.7
delhi_ncr,2025-11-01,28.825,77.025,0.0002676863698463,0.2988138137060363,269.7
delhi_ncr,2025-11-01,28.825,77.475,0.0004066238890329,0.2730610982119529,317.4
delhi_ncr,2025-11-01,28.825,77.525,0.0004007978020434,0.2602500242737245,312.9
delhi_ncr,2025-11-01,28.875,76.825,0.0002737998809713,0.2770332423258284,268.0
delhi_ncr,2025-11-01,28.875,76.875,0.0004131136838686,0.2673033437301719,318.8
delhi_ncr,2025-11-01,28.875,76.925,0.0003208569685714,0.25935978712862,282.6
delhi_ncr,2025-11-01,28.875,76.975,0.0002798143555056,0.2622187344945062,267.6
delhi_ncr,2025-11-01,28.875,77.025,0.0002839405959069,0.2657077355399309,269.8
delhi_ncr,2025-11-01,28.875,77.075,0.0003299131529019,0.2707832275142862,288.1
delhi_ncr,2025-11-01,28.875,77.125,0.0003971398678206,0.2783852040173881,314.8
delhi_ncr,2025-11-01,28.875,77.175,0.0004157013115717,0.2673059409330564,319.8
delhi_ncr,2025-11-01,28.875,77.225,0.0003985391185182,0.2795485625541359,315.6
delhi_ncr,2025-11-01,28.875,77.275,0.0004038166716684,0.2853400774147693,318.6
delhi_ncr,2025-11-01,28.875,77.325,0.0004334683935024,0.2771312409246307,328.3
delhi_ncr,2025-11-01,28.875,77.375,0.0004167799347449,0.2484197800934633,316.8
delhi_ncr,2025-11-01,28.875,77.425,0.0003593943362971,0.2441254786683584,294.3
delhi_ncr,2025-11-01,28.875,77.475,0.0003862839349597,0.2244908684385097,300.9
delhi_ncr,2025-11-01,28.875,77.525,0.0003982988612444,0.2002321495485371,301.0
delhi_ncr,2025-11-01,28.875,77.55,0.0003851203593345,0.1920723114502064,294.5
delhi_ncr,2025-11-02,28.375,76.825,0.0002444222493999,0.2701436362925346,255.7
delhi_ncr,2025-11-02,28.375,76.875,0.0003034938307165,0.2672097587603788,277.4
delhi_ncr,2025-11-02,28.375,76.925,0.0003160072869191,0.2727990968376079,283.2
delhi_ncr,2025-11-02,28.375,76.975,0.0002026641217723,0.27016607419825,239.9
delhi_ncr,2025-11-02,28.375,77.025,0.0002235364242578,0.2603157845781632,246.0
delhi_ncr,2025-11-02,28.375,77.075,0.0003417661115699,0.2432458320149904,287.5
delhi_ncr,2025-11-02,28.375,77.125,0.0002619569264563,0.2151257066077606,252.3
delhi_ncr,2025-11-02,28.375,77.175,0.000283820780418,0.2028194027553062,258.3
delhi_ncr,2025-11-02,28.375,77.225,0.0003209395805992,0.1869299341995129,269.4
delhi_ncr,2025-11-02,28.375,77.275,0.0003481237152217,0.1775209524615985,277.9
delhi_ncr,2025-11-02,28.375,77.325,0.0003349199035512,0.1733707268444003,272.2
delhi_ncr,2025-11-02,28.375,77.375,0.0001101771418859,0.1474967316141914,182.6
delhi_ncr,2025-11-02,28.375,77.425,0.000396277959636,0.1438897284262444,289.9
delhi_ncr,2025-11-02,28.375,77.475,0.0003899082231757,0.1501352213209154,288.7
delhi_ncr,2025-11-02,28.375,77.525,0.0003344929735146,0.158015560523986,269.2
delhi_ncr,2025-11-02,28.375,77.55,0.0002904153325673,0.1609957448349716,253.1
delhi_ncr,2025-11-02,28.425,76.825,0.0003168619841811,0.2501446002708896,279.4
delhi_ncr,2025-11-02,28.425,76.875,0.0003545559889287,0.2458132191138508,292.8
delhi_ncr,2025-11-02,28.425,76.925,0.0002885545212221,0.2510804557297245,268.9
delhi_ncr,2025-11-02,28.425,76.975,0.0002002751255262,0.2531110940245992,235.9
delhi_ncr,2025-11-02,28.425,77.025,0.0002155771991047,0.2503798669599342,241.2
delhi_ncr,2025-11-02,28.425,77.075,0.0003042982931584,0.2399924696842101,272.8
delhi_ncr,2025-11-02,28.425,77.125,0.0002764696897093,0.2087184776730379,256.6
delhi_ncr,2025-11-02,28.425,77.175,0.0002784514353185,0.2039124910556355,256.4
delhi_ncr,2025-11-02,28.425,77.225,0.0002916528241072,0.1802539285803532,257.1
delhi_ncr,2025-11-02,28.425,77.275,0.0003102341205873,0.1634788867220911,261.0
delhi_ncr,2025-11-02,28.425,77.325,0.0003162949868687,0.1573205814660045,262.2
delhi_ncr,2025-11-02,28.425,77.375,0.0001981610215532,0.144767408146358,215.3
delhi_ncr,2025-11-02,28.425,77.425,0.0003012690121526,0.1428558954671204,253.9
delhi_ncr,2025-11-02,28.425,77.475,0.0004132026201733,0.1506833008408017,297.6
delhi_ncr,2025-11-02,28.425,77.525,0.0003832017662975,0.1632659563505507,288.5
delhi_ncr,2025-11-02,28.425,77.55,0.0001982812447428,0.1762769185323671,221.1
delhi_ncr,2025-11-02,28.475,76.825,0.0003928252972767,0.2320374034168785,304.7
delhi_ncr,2025-11-02,28.475,76.875,0.0004273199371425,0.2289402892387431,317.2
delhi_ncr,2025-11-02,28.475,76.925,0.0002646176393612,0.2321774185969145,256.4
delhi_ncr,2025-11-02,28.475,76.975,0.0002223095196941,0.2368061036799372,241.3
delhi_ncr,2025-11-02,28.475,77.025,0.0002359029967213,0.2386917776425867,246.7
delhi_ncr,2025-11-02,28.475,77.075,0.0002852302109394,0.233648259317642,264.4
delhi_ncr,2025-11-02,28.475,77.125,0.0003182282051058,0.2043782242666655,271.5
delhi_ncr,2025-11-02,28.475,77.175,0.0003165313045263,0.2002119141437447,270.1
delhi_ncr,2025-11-02,28.475,77.225,0.0002902980676594,0.1738440909697917,255.4
delhi_ncr,2025-11-02,28.475,77.275,0.0002757507265539,0.1535546101198219,246.2
delhi_ncr,2025-11-02,28.475,77.325,0.0002799712492887,0.1458959939716584,246.4
delhi_ncr,2025-11-02,28.475,77.375,0.000299785952278,0.1433193950084233,253.4
delhi_ncr,2025-11-02,28.475,77.425,0.0002566455122967,0.1431545108019326,237.1
delhi_ncr,2025-11-02,28.475,77.475,0.0004435232917379,0.1508869957559925,309.0
delhi_ncr,2025-11-02,28.475,77.525,0.0004465705877401,0.1647609912949395,312.7
delhi_ncr,2025-11-02,28.475,77.55,0.0002308965903308,0.1795518913193916,234.0
delhi_ncr,2025-11-02,28.525,76.825,0.000408755804294,0.2232373476168767,309.1
delhi_ncr,2025-11-02,28.525,76.875,0.0004700580872091,0.2233568045516268,332.3
delhi_ncr,2025-11-02,28.525,76.925,0.0002510364587308,0.224984100220927,249.9
delhi_ncr,2025-11-02,28.525,76.975,0.0002460733259826,0.2285350348805231,248.7
delhi_ncr,2025-11-02,28.525,77.025,0.0002767679123422,0.228645516992184,260.3
delhi_ncr,2025-11-02,28.525,77.075,0.0003087474724527,0.2221910240028417,271.2
delhi_ncr,2025-11-02,28.525,77.125,0.0003192584892565,0.1968321733610534,270.5
delhi_ncr,2025-11-02,28.525,77.175,0.0003277449454176,0.183663605025748,271.3
delhi_ncr,2025-11-02,28.525,77.225,0.0002849246354464,0.1678901507715532,252.3
delhi_ncr,2025-11-02,28.525,77.275,0.0002302962095674,0.1553814672673297,229.4
delhi_ncr,2025-11-02,28.525,77.325,0.0001944073725503,0.1479401200678556,214.5
delhi_ncr,2025-11-02,28.525,77.375,0.0003051676896466,0.1422709643094248,255.3
delhi_ncr,2025-11-02,28.525,77.425,0.000346714134266,0.1422729306143605,270.9
delhi_ncr,2025-11-02,28.525,77.475,0.0004746540290999,0.1483756375545898,320.3
delhi_ncr,2025-11-02,28.525,77.525,0.0005009634676633,0.1591675634406541,332.2
delhi_ncr,2025-11-02,28.525,77.55,0.0004069046732879,0.1626761405008106,297.4
delhi_ncr,2025-11-02,28.575,76.825,0.0003719382746262,0.2083466389713573,292.5
delhi_ncr,2025-11-02,28.575,76.875,0.0003977115033338,0.2098126630642054,302.5
delhi_ncr,2025-11-02,28.575,76.925,0.0005330785885185,0.2161101155412492,354.8
delhi_ncr,2025-11-02,28.575,76.975,0.0003832593767183,0.2150676989545502,298.0
delhi_ncr,2025-11-02,28.575,77.025,0.0002488183366678,0.2121411143509186,246.8
delhi_ncr,2025-11-02,28.575,77.075,0.0001857747267846,0.2071580144176476,222.1
delhi_ncr,2025-11-02,28.575,77.125,0.0002291034860788,0.194684883167755,236.1
delhi_ncr,2025-11-02,28.575,77.175,0.000286126080291,0.1815481351083224,255.2
delhi_ncr,2025-11-02,28.575,77.225,0.0002598304334041,0.1740595414245651,244.0
delhi_ncr,2025-11-02,28.575,77.275,0.0002890231059263,0.1679548835785081,253.9
delhi_ncr,2025-11-02,28.575,77.325,0.0003602651951023,0.1626843410852708,279.8
delhi_ncr,2025-11-02,28.575,77.375,0.0001895240930929,0.1564707254892691,214.2
delhi_ncr,2025-11-02,28.575,77.425,0.0002772357655535,0.1513232663689934,246.4
delhi_ncr,2025-11-02,28.575,77.475,0.0003967611721323,0.1481394870873876,290.9
delhi_ncr,2025-11-02,28.575,77.525,0.0004593724517569,0.1483979131609903,314.6
delhi_ncr,2025-11-02,28.625,76.825,0.0004368418466603,0.1980807256051615,315.1
delhi_ncr,2025-11-02,28.625,76.875,0.0003870812395808,0.1976951056955375,296.3
delhi_ncr,2025-11-02,28.625,76.925,0.0004314344810223,0.2015354898776145,313.7
delhi_ncr,2025-11-02,28.625,76.975,0.0003490777907473,0.2029522896628639,282.9
delhi_ncr,2025-11-02,28.625,77.025,0.0002697644781667,0.2037490535192933,253.1
delhi_ncr,2025-11-02,28.625,77.075,0.0002342230665553,0.2023215808629268,239.5
delhi_ncr,2025-11-02,28.625,77.125,0.0003465416228403,0.191571249477448,279.9
delhi_ncr,2025-11-02,28.625,77.175,0.0003230140730822,0.1863111280651521,270.0
delhi_ncr,2025-11-02,28.625,77.225,0.0003107197595744,0.1807377373747086,264.4
delhi_ncr,2025-11-02,28.625,77.275,0.0002958995102616,0.1757408721677048,257.9
delhi_ncr,2025-11-02,28.625,77.325,0.0002717113570432,0.171862401605686,248.0
delhi_ncr,2025-11-02,28.625,77.375,0.0001981860685917,0.1676976650526215,219.5
delhi_ncr,2025-11-02,28.625,77.425,0.000477346457582,0.1634856700224497,324.1
delhi_ncr,2025-11-02,28.625,77.475,0.0004291196621952,0.1651354960433139,306.2
delhi_ncr,2025-11-02,28.625,77.525,0.000326562221092,0.1705819396488598,268.5
delhi_ncr,2025-11-02,28.625,77.55,0.0003197436316485,0.1688760907125687,265.6
delhi_ncr,2025-11-02,28.675,76.825,0.000378935011086,0.1898703538790504,291.8
delhi_ncr,2025-11-02,28.675,76.875,0.0003263512352401,0.1862205653800475,271.3
delhi_ncr,2025-11-02,28.675,76.925,0.00037102394414,0.1909554187974207,289.0
delhi_ncr,2025-11-02,28.675,76.975,0.0003457549222048,0.1928116606963951,279.8
delhi_ncr,2025-11-02,28.675,77.025,0.0002663269962046,0.1960928595811612,250.4
delhi_ncr,2025-11-02,28.675,77.075,0.0001809188526027,0.1984019816672267,218.6
delhi_ncr,2025-11-02,28.675,77.125,0.0002736942358457,0.1868343266728918,251.5
delhi_ncr,2025-11-02,28.675,77.175,0.0003071108210308,0.1864148347936099,264.1
delhi_ncr,2025-11-02,28.675,77.225,0.0003540038723392,0.1793517422790473,280.5
delhi_ncr,2025-11-02,28.675,77.275,0.0003596876501656,0.1727873861072122,281.4
delhi_ncr,2025-11-02,28.675,77.325,0.0003098861430411,0.1683657632814622,261.8
delhi_ncr,2025-11-02,28.675,77.375,0.0001778342170039,0.1648388832343521,211.3
delhi_ncr,2025-11-02,28.675,77.425,0.0003892083454841,0.1622243550612476,290.6
delhi_ncr,2025-11-02,28.675,77.475,0.000363712638875,0.1672381097652431,281.9
delhi_ncr,2025-11-02,28.675,77.525,0.0002870944804695,0.1762846107685269,254.7
delhi_ncr,2025-11-02,28.675,77.55,0.0002220298412458,0.186946713746591,232.0
delhi_ncr,2025-11-02,28.725,76.825,0.0003222255331769,0.1796667141523419,268.5
delhi_ncr,2025-11-02,28.725,76.875,0.0003211656045467,0.1741260368518948,267.1
delhi_ncr,2025-11-02,28.725,76.925,0.0003145444737192,0.1782209640422493,265.4
delhi_ncr,2025-11-02,28.725,76.975,0.0003232932900256,0.1790744200714608,268.8
delhi_ncr,2025-11-02,28.725,77.025,0.0002518167758455,0.1822445349268154,242.4
delhi_ncr,2025-11-02,28.725,77.075,0.0001402513952186,0.1856699386677028,200.9
delhi_ncr,2025-11-02,28.725,77.125,0.0002033754369287,0.1779703932937369,223.4
delhi_ncr,2025-11-02,28.725,77.175,0.0003065596680256,0.1786912224341134,262.4
delhi_ncr,2025-11-02,28.725,77.225,0.0003677574385183,0.1714932318613815,284.2
delhi_ncr,2025-11-02,28.725,77.275,0.0003687961156958,0.1646796552378193,283.4
delhi_ncr,2025-11-02,28.725,77.325,0.0003041338747162,0.160090990447246,258.1
delhi_ncr,2025-11-02,28.725,77.375,0.0002087838757432,0.1566205836146757,221.5
delhi_ncr,2025-11-02,28.725,77.425,0.0002752293130401,0.1551037930428078,246.3
delhi_ncr,2025-11-02,28.725,77.475,0.0002949920772747,0.1608357564293629,254.8
delhi_ncr,2025-11-02,28.725,77.525,0.0003152065271094,0.171716631228487,264.4
delhi_ncr,2025-11-02,28.725,77.55,0.0004505317871195,0.1830784750358012,317.6
delhi_ncr,2025-11-02,28.775,76.825,0.0003696450429378,0.164172896963207,283.6
delhi_ncr,2025-11-02,28.775,76.875,0.000464606148046,0.1606894033417609,318.8
delhi_ncr,2025-11-02,28.775,76.925,0.0002376970360726,0.1581906217308625,232.7
delhi_ncr,2025-11-02,28.775,76.975,0.0002413930944486,0.1575817893381231,234.0
delhi_ncr,2025-11-02,28.775,77.025,0.0002324607964368,0.1564025254365349,230.4
delhi_ncr,2025-11-02,28.775,77.075,0.000207467899417,0.155853928359328,220.9
delhi_ncr,2025-11-02,28.775,77.125,0.0002909604917516,0.1625896883063662,253.6
delhi_ncr,2025-11-02,28.775,77.175,0.0003774763458756,0.1599119829463616,285.8
delhi_ncr,2025-11-02,28.775,77.225,0.0003277110986776,0.1576615252768216,266.6
delhi_ncr,2025-11-02,28.775,77.275,0.0002173475383109,0.1552523139185188,224.5
delhi_ncr,2025-11-02,28.775,77.325,0.0001173686436287,0.1526835702348799,186.3
delhi_ncr,2025-11-02,28.775,77.375,0.0003622078681081,0.1493235427828106,278.1
delhi_ncr,2025-11-02,28.775,77.425,0.0003357010896585,0.1473523600237436,267.7
delhi_ncr,2025-11-02,28.775,77.475,0.0003023435180198,0.1497851752765888,255.6
delhi_ncr,2025-11-02,28.775,77.525,0.000406368838895,0.1603574902030461,296.8
delhi_ncr,2025-11-02,28.775,77.55,0.0006077983138858,0.1712984556366296,374.8
delhi_ncr,2025-11-02,28.825,76.825,0.0002041389544645,0.1662127498420704,221.5
delhi_ncr,2025-11-02,28.825,76.875,0.0002128216830435,0.1664868168531461,224.8
delhi_ncr,2025-11-02,28.825,76.925,0.0002437069328301,0.1605047638402408,235.4
delhi_ncr,2025-11-02,28.825,76.975,0.0002636696408605,0.1600468692580429,242.8
delhi_ncr,2025-11-02,28.825,77.025,0.0002777743277946,0.1591593297390043,248.0
delhi_ncr,2025-11-02,28.825,77.075,0.000300487722462,0.1573096981407286,256.2
delhi_ncr,2025-11-02,28.825,77.125,0.0004010674008386,0.1550735791112894,293.8
delhi_ncr,2025-11-02,28.825,77.175,0.0003168349644148,0.1591914332038289,262.8
delhi_ncr,2025-11-02,28.825,77.225,0.0001593789532154,0.1606142732342997,203.6
delhi_ncr,2025-11-02,28.825,77.275,5.729491901360334e-05,0.1605020439208611,165.0
delhi_ncr,2025-11-02,28.825,77.325,6.769639317688121e-05,0.1589588784934142,168.7
delhi_ncr,2025-11-02,28.825,77.375,0.0003383105488885,0.1552337938534053,270.1
delhi_ncr,2025-11-02,28.825,77.425,0.000304785471554,0.1495549513688979,256.4
delhi_ncr,2025-11-02,28.825,77.475,0.0003197070032433,0.1481630741550424,261.8
delhi_ncr,2025-11-02,28.825,77.525,0.0004075341149013,0.1534588390173248,295.9
delhi_ncr,2025-11-02,28.875,76.825,0.0001743675093116,0.1667017057614644,210.4
delhi_ncr,2025-11-02,28.875,76.875,0.0002825519097607,0.1694390737534376,251.7
delhi_ncr,2025-11-02,28.875,76.925,0.0003493571769996,0.1701484372307195,277.0
delhi_ncr,2025-11-02,28.875,76.975,0.000354046341511,0.1719865550222344,279.1
delhi_ncr,2025-11-02,28.875,77.025,0.0003812397520953,0.1728993397825363,289.6
delhi_ncr,2025-11-02,28.875,77.075,0.0004252074396291,0.1726150982152031,306.1
delhi_ncr,2025-11-02,28.875,77.125,0.0004146846618084,0.1701003839169589,301.7
delhi_ncr,2025-11-02,28.875,77.175,0.00041469289854,0.1714378485478697,301.9
delhi_ncr,2025-11-02,28.875,77.225,0.0002988410934001,0.1674788131591535,257.5
delhi_ncr,2025-11-02,28.875,77.275,0.0002311598173212,0.1635165558775809,231.2
delhi_ncr,2025-11-02,28.875,77.325,0.0002443181228373,0.1603399290350196,235.6
delhi_ncr,2025-11-02,28.875,77.375,0.0003126768870704,0.1534206264691208,260.1
delhi_ncr,2025-11-02,28.875,77.425,0.0003224388349538,0.1427789339899021,261.9
delhi_ncr,2025-11-02,28.875,77.475,0.0003019985383196,0.1285753246508286,251.6
delhi_ncr,2025-11-02,28.875,77.525,0.0002602749681216,0.1225050469114966,234.7
delhi_ncr,2025-11-02,28.875,77.55,0.0003232056805486,0.1402911199544272,261.7
delhi_ncr,2025-11-03,28.375,76.825,0.0001565010976153,0.117064638871982,194.5
delhi_ncr,2025-11-03,28.375,76.875,0.0002036766649175,0.124685885374206,213.7
delhi_ncr,2025-11-03,28.375,76.925,0.0002110524644902,0.1265975054548043,216.9
delhi_ncr,2025-11-03,28.375,76.975,0.0001927673869351,0.1262726613586764,209.9
delhi_ncr,2025-11-03,28.375,77.025,0.0001600282903731,0.1244007067546828,197.2
delhi_ncr,2025-11-03,28.375,77.075,0.0001387666755746,0.1215329123569858,188.7
delhi_ncr,2025-11-03,28.375,77.125,0.0002316256218019,0.119242899518847,223.3
delhi_ncr,2025-11-03,28.375,77.175,0.0002382276363912,0.1186587397885926,225.7
delhi_ncr,2025-11-03,28.375,77.225,0.0001627379531321,0.1280913130195025,198.9
delhi_ncr,2025-11-03,28.375,77.275,0.0001363680689838,0.1393974137375771,191.0
delhi_ncr,2025-11-03,28.375,77.325,0.0001819386033121,0.1507932521276648,210.3
delhi_ncr,2025-11-03,28.375,77.375,0.0002572707935584,0.1647975144225167,241.3
delhi_ncr,2025-11-03,28.375,77.425,0.0001638857400963,0.1787642601877133,208.6
delhi_ncr,2025-11-03,28.375,77.475,0.0002101955228284,0.1954535586213515,229.1
delhi_ncr,2025-11-03,28.375,77.525,0.0002285156896422,0.1961297343563247,236.2
delhi_ncr,2025-11-03,28.375,77.55,0.0001768295418988,0.1868113672619368,215.0
delhi_ncr,2025-11-03,28.425,76.825,0.0001920693479226,0.1192481800875718,208.4
delhi_ncr,2025-11-03,28.425,76.875,0.0002109249311947,0.1261444076970172,216.7
delhi_ncr,2025-11-03,28.425,76.925,9.10798296262043e-05,0.1314221034088483,172.5
delhi_ncr,2025-11-03,28.425,76.975,7.85850899943827e-05,0.1337824255954776,168.2
delhi_ncr,2025-11-03,28.425,77.025,0.000103951803756,0.1343974493105859,177.9
delhi_ncr,2025-11-03,28.425,77.075,0.0001597894137257,0.1335137286415953,198.8
delhi_ncr,2025-11-03,28.425,77.125,0.0002888426414478,0.1309552856618445,247.0
delhi_ncr,2025-11-03,28.425,77.175,0.0002314193871322,0.1351245567598143,226.1
delhi_ncr,2025-11-03,28.425,77.225,0.000213663548149,0.1458761439957089,221.4
delhi_ncr,2025-11-03,28.425,77.275,0.0002243574279746,0.1563896257314775,227.3
delhi_ncr,2025-11-03,28.425,77.325,0.0002489867189364,0.1663088596942553,238.4
delhi_ncr,2025-11-03,28.425,77.375,0.0001860122588852,0.1890203477377356,218.8
delhi_ncr,2025-11-03,28.425,77.425,0.0001900757607331,0.1966934409996689,221.8
delhi_ncr,2025-11-03,28.425,77.475,0.0002438412998079,0.19406400761256,241.6
delhi_ncr,2025-11-03,28.425,77.525,0.0002864559666287,0.1907714085636235,257.1
delhi_ncr,2025-11-03,28.425,77.55,0.0002861998212462,0.1882525552233744,256.5
delhi_ncr,2025-11-03,28.475,76.825,0.0002189844946714,0.1202404756676935,218.7
delhi_ncr,2025-11-03,28.475,76.875,0.0002181653673168,0.1251646092180355,219.3
delhi_ncr,2025-11-03,28.475,76.925,1.6486387230392202e-05,0.132826213844654,144.6
delhi_ncr,2025-11-03,28.475,76.975,1.3405692377952324e-05,0.1392530553049707,144.6
delhi_ncr,2025-11-03,28.475,77.025,6.903087312988958e-05,0.1433860034522003,166.3
delhi_ncr,2025-11-03,28.475,77.075,0.0001636380799317,0.1451320548838135,202.4
delhi_ncr,2025-11-03,28.475,77.125,0.0002948835725935,0.1455866023499946,252.0
delhi_ncr,2025-11-03,28.475,77.175,0.0001886823879231,0.1548033095367834,213.6
delhi_ncr,2025-11-03,28.475,77.225,0.0002256636382891,0.1685050481365162,230.0
delhi_ncr,2025-11-03,28.475,77.275,0.000271659390344,0.1774792032720443,249.0
delhi_ncr,2025-11-03,28.475,77.325,0.0002806905217849,0.182594306828947,253.4
delhi_ncr,2025-11-03,28.475,77.375,0.0001327415431329,0.2104299885625436,202.6
delhi_ncr,2025-11-03,28.475,77.425,0.0002017694827752,0.2147718235328926,229.5
delhi_ncr,2025-11-03,28.475,77.475,0.0002909034130814,0.1974126995308854,259.9
delhi_ncr,2025-11-03,28.475,77.525,0.0003525072435947,0.1934596518234925,282.5
delhi_ncr,2025-11-03,28.475,77.55,0.0003479945097183,0.2159199921537146,284.9
delhi_ncr,2025-11-03,28.525,76.825,0.000209899310944,0.1193232333610535,215.1
delhi_ncr,2025-11-03,28.525,76.875,0.0002186263922206,0.1229547123305659,219.1
delhi_ncr,2025-11-03,28.525,76.925,9.579306210625216e-05,0.1314425082759885,174.3
delhi_ncr,2025-11-03,28.525,76.975,0.0001186807494221,0.1426314396423149,184.9
delhi_ncr,2025-11-03,28.525,77.025,0.0001198532269027,0.1501795107373934,186.8
delhi_ncr,2025-11-03,28.525,77.075,0.0001050879501665,0.1542696009278869,181.9
delhi_ncr,2025-11-03,28.525,77.125,0.0001944196533838,0.1608961952960232,216.9
delhi_ncr,2025-11-03,28.525,77.175,0.0001284306980498,0.1712057259961695,193.8
delhi_ncr,2025-11-03,28.525,77.225,0.0001646380238568,0.1895914792921268,210.9
delhi_ncr,2025-11-03,28.525,77.275,0.0001922259315199,0.1979826969247327,222.8
delhi_ncr,2025-11-03,28.525,77.325,0.0001832356671443,0.1967780755618546,219.2
delhi_ncr,2025-11-03,28.525,77.375,0.0001164559994121,0.2206704316976635,198.4
delhi_ncr,2025-11-03,28.525,77.425,0.0001777732458196,0.2276327066268969,222.8
delhi_ncr,2025-11-03,28.525,77.475,0.0003468540676106,0.2130496512395394,283.9
delhi_ncr,2025-11-03,28.525,77.525,0.0004074750863531,0.2098091648319899,306.2
delhi_ncr,2025-11-03,28.525,77.55,0.0004051450966444,0.2343447968669421,309.8
delhi_ncr,2025-11-03,28.575,76.825,0.0002119655605936,0.1251711322467003,217.0
delhi_ncr,2025-11-03,28.575,76.875,9.499045960529048e-05,0.1387524925062968,175.3
delhi_ncr,2025-11-03,28.575,76.925,0.000121219050884,0.1550803660925306,188.2
delhi_ncr,2025-11-03,28.575,76.975,0.0002144092724405,0.1663523645988295,225.4
delhi_ncr,2025-11-03,28.575,77.025,0.0002391573744008,0.1802239943719595,237.3
delhi_ncr,2025-11-03,28.575,77.075,0.0002076253065785,0.1976531515339444,228.6
delhi_ncr,2025-11-03,28.575,77.125,0.0002551193213721,0.2245263067860609,251.4
delhi_ncr,2025-11-03,28.575,77.175,0.0002447064546623,0.2192089663947747,246.5
delhi_ncr,2025-11-03,28.575,77.225,0.0002212884858934,0.227953832214455,239.3
delhi_ncr,2025-11-03,28.575,77.275,0.0002075899583983,0.2339262997331704,235.2
delhi_ncr,2025-11-03,28.575,77.325,0.0002160589768426,0.233275369776389,238.3
delhi_ncr,2025-11-03,28.575,77.375,0.0002921290168557,0.2269975161089638,265.8
delhi_ncr,2025-11-03,28.575,77.425,0.0003131582753835,0.2303874767300567,274.4
delhi_ncr,2025-11-03,28.575,77.475,0.0003492918359939,0.2320217981323256,288.3
delhi_ncr,2025-11-03,28.575,77.525,0.0004182118624668,0.2361208480914186,315.1
delhi_ncr,2025-11-03,28.625,76.825,5.152110301256085e-05,0.1476791830404832,160.5
delhi_ncr,2025-11-03,28.625,76.875,-1.014772149852071e-05,0.1541352669018696,138.4
delhi_ncr,2025-11-03,28.625,76.925,0.0001826543087372,0.183168506620334,216.5
delhi_ncr,2025-11-03,28.625,76.975,0.0001959704419149,0.1903595317333282,222.8
delhi_ncr,2025-11-03,28.625,77.025,0.0001857405157342,0.2019860084535441,221.1
delhi_ncr,2025-11-03,28.625,77.075,0.0001880041388781,0.2175048092416151,224.8
delhi_ncr,2025-11-03,28.625,77.125,0.000278623921433,0.2206050621917666,259.6
delhi_ncr,2025-11-03,28.625,77.175,0.0002765120122999,0.2194331014539074,258.5
delhi_ncr,2025-11-03,28.625,77.225,0.000256233884961,0.2341674005302692,253.6
delhi_ncr,2025-11-03,28.625,77.275,0.0002437936947337,0.243475190512969,250.6
delhi_ncr,2025-11-03,28.625,77.325,0.0002399915438075,0.2439082673341581,249.2
delhi_ncr,2025-11-03,28.625,77.375,0.0002034710422833,0.2473996531526797,236.1
delhi_ncr,2025-11-03,28.625,77.425,0.0002102812951977,0.2482955666267443,238.8
delhi_ncr,2025-11-03,28.625,77.475,0.000219360995879,0.2503010630434017,242.6
delhi_ncr,2025-11-03,28.625,77.525,0.0002880046854,0.2546851360408467,269.3
delhi_ncr,2025-11-03,28.625,77.55,0.0004514940905139,0.2544128496947344,331.0
delhi_ncr,2025-11-03,28.675,76.825,5.050417368455705e-05,0.1655508981784395,163.4
delhi_ncr,2025-11-03,28.675,76.875,-2.7703189390953924e-05,0.1645360017729256,133.7
delhi_ncr,2025-11-03,28.675,76.925,0.0002140702650543,0.1991569110240783,231.3
delhi_ncr,2025-11-03,28.675,76.975,0.0002535465088531,0.2036884400277621,247.0
delhi_ncr,2025-11-03,28.675,77.025,0.0002558605230255,0.2137360765950856,249.7
delhi_ncr,2025-11-03,28.675,77.075,0.0002574658764215,0.2281362624595237,252.9
delhi_ncr,2025-11-03,28.675,77.125,0.0003445693697201,0.2262487415576054,285.5
delhi_ncr,2025-11-03,28.675,77.175,0.0003447853794107,0.2262734654523006,285.6
delhi_ncr,2025-11-03,28.675,77.225,0.0003306879454663,0.2420456723701294,283.1
delhi_ncr,2025-11-03,28.675,77.275,0.0003215912172391,0.2518993279700388,281.5
delhi_ncr,2025-11-03,28.675,77.325,0.0003357964938186,0.2526003556895084,287.0
delhi_ncr,2025-11-03,28.675,77.375,0.000455363710001,0.258510028936723,333.2
delhi_ncr,2025-11-03,28.675,77.425,0.0004569218907844,0.2585394291604383,333.8
delhi_ncr,2025-11-03,28.675,77.475,0.0003740801759877,0.2610072531054521,303.0
delhi_ncr,2025-11-03,28.675,77.525,0.0003779941752494,0.2650136259579623,305.2
delhi_ncr,2025-11-03,28.675,77.55,0.000502772295572,0.2695041752682738,353.1
delhi_ncr,2025-11-03,28.725,76.825,0.0001183885782388,0.1848634612860146,192.6
delhi_ncr,2025-11-03,28.725,76.875,4.011834403613461e-05,0.1799403921368491,162.1
delhi_ncr,2025-11-03,28.725,76.925,0.000218772966169,0.2064613340693414,234.4
delhi_ncr,2025-11-03,28.725,76.975,0.0002836380383999,0.209046636860447,259.3
delhi_ncr,2025-11-03,28.725,77.025,0.0003014860260965,0.2176595261215141,267.6
delhi_ncr,2025-11-03,28.725,77.075,0.0002969468801891,0.2316820531999109,268.5
delhi_ncr,2025-11-03,28.725,77.125,0.0003505154064091,0.2338326409017125,289.1
delhi_ncr,2025-11-03,28.725,77.175,0.0003607520033065,0.234642072243697,293.1
delhi_ncr,2025-11-03,28.725,77.225,0.0003854593984861,0.2487454474563963,305.0
delhi_ncr,2025-11-03,28.725,77.275,0.0004001362032301,0.2574959291599961,312.1
delhi_ncr,2025-11-03,28.725,77.325,0.0004219903729038,0.2582079707696978,320.5
delhi_ncr,2025-11-03,28.725,77.375,0.0006114370545913,0.2645905075277971,393.2
delhi_ncr,2025-11-03,28.725,77.425,0.0006104512795763,0.26459823039089,392.8
delhi_ncr,2025-11-03,28.725,77.475,0.0004556646036012,0.2666633616573385,334.8
delhi_ncr,2025-11-03,28.725,77.525,0.0003943882791049,0.2693174744205015,312.1
delhi_ncr,2025-11-03,28.725,77.55,0.0003755503585356,0.270458617161601,305.2
delhi_ncr,2025-11-03,28.775,76.825,0.0001959919909627,0.2102985591015543,226.5
delhi_ncr,2025-11-03,28.775,76.875,0.000203621946848,0.2086044787998671,229.1
delhi_ncr,2025-11-03,28.775,76.925,0.0001986648881077,0.2068184440250263,226.9
delhi_ncr,2025-11-03,28.775,76.975,0.0001978751714758,0.2066583266391821,226.5
delhi_ncr,2025-11-03,28.775,77.025,0.0002000583237848,0.214647528835468,228.8
delhi_ncr,2025-11-03,28.775,77.075,0.0002039348729758,0.2285786066309009,232.8
delhi_ncr,2025-11-03,28.775,77.125,0.000205153669632,0.2374001924665403,234.9
delhi_ncr,2025-11-03,28.775,77.175,0.0002462061933854,0.2405211214311366,251.0
delhi_ncr,2025-11-03,28.775,77.225,0.000369687466286,0.2515377085855973,299.6
delhi_ncr,2025-11-03,28.775,77.275,0.0004437776554134,0.2581578115310993,328.7
delhi_ncr,2025-11-03,28.775,77.325,0.0004306513645364,0.2591317559154589,324.0
delhi_ncr,2025-11-03,28.775,77.375,0.0003051724684573,0.2679892974820899,278.2
delhi_ncr,2025-11-03,28.775,77.425,0.0003038913025495,0.2679910932337749,277.7
delhi_ncr,2025-11-03,28.775,77.475,0.0001706323883334,0.2682813875349205,227.5
delhi_ncr,2025-11-03,28.775,77.525,9.587902801912272e-05,0.2682383840179868,199.3
delhi_ncr,2025-11-03,28.775,77.55,0.0002124756766665,0.2652858438586267,242.7
delhi_ncr,2025-11-03,28.825,76.825,0.0002012301124672,0.2195510408628375,230.2
delhi_ncr,2025-11-03,28.825,76.875,0.0002011821233598,0.2195631224623478,230.1
delhi_ncr,2025-11-03,28.825,76.925,0.0002025776944948,0.2179276311643494,230.4
delhi_ncr,2025-11-03,28.825,76.975,0.0002029584314841,0.2177832842691418,230.5
delhi_ncr,2025-11-03,28.825,77.025,0.0002131376954115,0.2258607735979175,235.8
delhi_ncr,2025-11-03,28.825,77.075,0.0002295121359796,0.238958492363192,244.4
delhi_ncr,2025-11-03,28.825,77.125,0.000234461413011,0.2426446701528599,246.9
delhi_ncr,2025-11-03,28.825,77.175,0.0002770127730156,0.2476552422929903,263.9
delhi_ncr,2025-11-03,28.825,77.225,0.0003558567171082,0.2556463577362556,295.1
delhi_ncr,2025-11-03,28.825,77.275,0.0004010238906504,0.2602150539879216,313.0
delhi_ncr,2025-11-03,28.825,77.325,0.0003732333959792,0.2608695996486372,302.6
delhi_ncr,2025-11-03,28.825,77.375,0.0001283013444498,0.2666524505050345,211.2
delhi_ncr,2025-11-03,28.825,77.425,0.0001271124639472,0.2666366072186117,210.8
delhi_ncr,2025-11-03,28.825,77.475,0.0001094914238634,0.2657053127581673,204.0
delhi_ncr,2025-11-03,28.825,77.525,0.0001599979879305,0.2643188736612198,222.8
delhi_ncr,2025-11-03,28.875,76.825,8.886486770226812e-05,0.2121516970630229,186.4
delhi_ncr,2025-11-03,28.875,76.875,8.93844812222691e-05,0.2121963989190833,186.6
delhi_ncr,2025-11-03,28.875,76.925,0.000232682546553,0.2271058490539151,243.4
delhi_ncr,2025-11-03,28.875,76.975,0.000247343080628,0.2286568917348331,249.2
delhi_ncr,2025-11-03,28.875,77.025,0.0002327838585416,0.2367850631928514,245.2
delhi_ncr,2025-11-03,28.875,77.075,0.0002102364048092,0.2498599263989243,239.1
delhi_ncr,2025-11-03,28.875,77.125,0.0002116402950759,0.2508571067201883,239.8
delhi_ncr,2025-11-03,28.875,77.175,0.0002289122670423,0.2554677341453732,247.2
delhi_ncr,2025-11-03,28.875,77.225,0.000252279014789,0.2593174565218047,256.7
delhi_ncr,2025-11-03,28.875,77.275,0.0002663995872855,0.2612053131218815,262.4
delhi_ncr,2025-11-03,28.875,77.325,0.0002685010225619,0.2612057059624141,263.1
delhi_ncr,2025-11-03,28.875,77.375,0.0002574602524661,0.2617635184370315,259.1
delhi_ncr,2025-11-03,28.875,77.425,0.0001923857340693,0.2653959794492194,235.2
delhi_ncr,2025-11-03,28.875,77.475,0.0001825533321339,0.2636416848022075,231.2
delhi_ncr,2025-11-03,28.875,77.525,0.0001789857350675,0.2619569534386896,229.5
delhi_ncr,2025-11-03,28.875,77.55,0.0002082742389287,0.2622703312021574,240.6
delhi_ncr,2025-11-04,28.375,76.825,0.0001699665025957,0.0650866961028656,190.1
delhi_ncr,2025-11-04,28.375,76.875,0.0001667021902048,0.0693627925202484,189.7
delhi_ncr,2025-11-04,28.375,76.925,0.0002257099692547,0.0847016186813881,214.8
delhi_ncr,2025-11-04,28.375,76.975,0.0002561967042472,0.0885256331495159,227.0
delhi_ncr,2025-11-04,28.375,77.025,0.000311518276042,0.084451450323276,247.1
delhi_ncr,2025-11-04,28.375,77.075,0.0003461604278088,0.0712542204061146,257.8
delhi_ncr,2025-11-04,28.375,77.125,0.0001329950508456,0.0392109026562402,171.5
delhi_ncr,2025-11-04,28.375,77.175,0.0001170491718063,0.0261710051351839,163.1
delhi_ncr,2025-11-04,28.375,77.225,0.0001906224525724,0.0485142292503906,194.9
delhi_ncr,2025-11-04,28.375,77.275,0.0002526904679319,0.0657378981588565,221.5
delhi_ncr,2025-11-04,28.375,77.325,0.000286262531098,0.0680867928661358,234.6
delhi_ncr,2025-11-04,28.375,77.375,0.000333362010483,0.0507605798696283,249.2
delhi_ncr,2025-11-04,28.375,77.425,0.0003207575854866,0.0462446373111832,243.6
delhi_ncr,2025-11-04,28.375,77.475,0.0002351389440953,0.033178680343719,208.9
delhi_ncr,2025-11-04,28.375,77.525,0.000191922961097,0.0285317246699251,191.7
delhi_ncr,2025-11-04,28.375,77.55,0.0002490888802488,0.0318483900640145,213.9
delhi_ncr,2025-11-04,28.425,76.825,9.485019888628768e-05,0.0625148228630632,161.3
delhi_ncr,2025-11-04,28.425,76.875,0.0001235576645575,0.0695995166381385,173.4
delhi_ncr,2025-11-04,28.425,76.925,0.0001899395292698,0.0913590811925624,202.5
delhi_ncr,2025-11-04,28.425,76.975,0.0002205612031867,0.0959747187099892,214.9
delhi_ncr,2025-11-04,28.425,77.025,0.0002615532785549,0.0928721153588206,229.8
delhi_ncr,2025-11-04,28.425,77.075,0.000293736585065,0.0813712420621407,239.8
delhi_ncr,2025-11-04,28.425,77.125,0.0002154228960496,0.048807928620692,204.3
delhi_ncr,2025-11-04,28.425,77.175,0.0001823649199094,0.0369203873734256,189.7
delhi_ncr,2025-11-04,28.425,77.225,0.0002038051734543,0.0432316942277746,198.9
delhi_ncr,2025-11-04,28.425,77.275,0.0002454327416316,0.0543382438181199,216.7
delhi_ncr,2025-11-04,28.425,77.325,0.0002927173225873,0.0643152722270819,236.3
delhi_ncr,2025-11-04,28.425,77.375,0.0003145606603713,0.0555967199184749,243.0
delhi_ncr,2025-11-04,28.425,77.425,0.0002559834186764,0.0531345827828828,220.4
delhi_ncr,2025-11-04,28.425,77.475,0.0002072288796473,0.0469718168492586,200.9
delhi_ncr,2025-11-04,28.425,77.525,0.00017647819598,0.0443724846468373,188.8
delhi_ncr,2025-11-04,28.425,77.55,0.0001725324161429,0.0464381011423662,187.7
delhi_ncr,2025-11-04,28.475,76.825,7.056364983265131e-05,0.0600206158200933,151.7
delhi_ncr,2025-11-04,28.475,76.875,0.0001579022955726,0.0699795672423335,186.5
delhi_ncr,2025-11-04,28.475,76.925,0.0001679953213662,0.0928695958674529,194.5
delhi_ncr,2025-11-04,28.475,76.975,0.0002018825629262,0.0967521148073871,208.0
delhi_ncr,2025-11-04,28.475,77.025,0.00022533781549,0.0945938117537039,216.4
delhi_ncr,2025-11-04,28.475,77.075,0.0002374507274153,0.0859898483966435,219.4
delhi_ncr,2025-11-04,28.475,77.125,0.0002545052057688,0.0609524236345162,221.3
delhi_ncr,2025-11-04,28.475,77.175,0.0002650419025317,0.054990688357052,224.2
delhi_ncr,2025-11-04,28.475,77.225,0.0002552794858858,0.0484811203094669,219.3
delhi_ncr,2025-11-04,28.475,77.275,0.0002684396703356,0.0514812428568572,224.8
delhi_ncr,2025-11-04,28.475,77.325,0.0003038395779268,0.0628058856715902,240.2
delhi_ncr,2025-11-04,28.475,77.375,0.0002942679803708,0.0591343453286924,236.0
delhi_ncr,2025-11-04,28.475,77.425,0.0001955030575496,0.0570674068513853,198.3
delhi_ncr,2025-11-04,28.475,77.475,0.0001698630407251,0.0525095265230408,187.8
delhi_ncr,2025-11-04,28.475,77.525,0.0001572355476822,0.0471177062485507,182.0
delhi_ncr,2025-11-04,28.475,77.55,0.0001455317351582,0.0339333057523488,175.2
delhi_ncr,2025-11-04,28.525,76.825,0.0001499697998865,0.0613153578766745,181.9
delhi_ncr,2025-11-04,28.525,76.875,0.0003196736413417,0.0741145494391379,248.3
delhi_ncr,2025-11-04,28.525,76.925,0.0002121248089276,0.092039041223688,211.0
delhi_ncr,2025-11-04,28.525,76.975,0.0002727368473512,0.0948544894243179,234.4
delhi_ncr,2025-11-04,28.525,77.025,0.0002830754422016,0.0926245696251319,237.9
delhi_ncr,2025-11-04,28.525,77.075,0.0002380045249732,0.0855940434753188,219.6
delhi_ncr,2025-11-04,28.525,77.125,0.0002303945465304,0.0672561502617396,213.3
delhi_ncr,2025-11-04,28.525,77.175,0.0002458067400429,0.0651630095239014,218.8
delhi_ncr,2025-11-04,28.525,77.225,0.0002690993810046,0.0639884387206022,227.3
delhi_ncr,2025-11-04,28.525,77.275,0.0002985817201508,0.0645847774539433,238.6
delhi_ncr,2025-11-04,28.525,77.325,0.0003228697971835,0.0662011490704942,248.0
delhi_ncr,2025-11-04,28.525,77.375,0.0002900811694566,0.0621544572325178,234.9
delhi_ncr,2025-11-04,28.525,77.425,0.0001738924685818,0.0584025406605948,190.4
delhi_ncr,2025-11-04,28.525,77.475,0.0001440150623896,0.0467577548546684,177.0
delhi_ncr,2025-11-04,28.525,77.525,0.0001446995960368,0.031153476485608,174.4
delhi_ncr,2025-11-04,28.525,77.55,0.0002519871352836,0.0162857112551011,212.2
delhi_ncr,2025-11-04,28.575,76.825,0.0004034258380209,0.0587147781819951,277.1
delhi_ncr,2025-11-04,28.575,76.875,0.0004995772157754,0.0729845816558409,316.0
delhi_ncr,2025-11-04,28.575,76.925,0.0005303896913191,0.0872352359240693,330.2
delhi_ncr,2025-11-04,28.575,76.975,0.000484406423316,0.0918884912562754,313.7
delhi_ncr,2025-11-04,28.575,77.025,0.0004514744393878,0.0928342121191727,301.4
delhi_ncr,2025-11-04,28.575,77.075,0.0004019060852165,0.0902373538995009,282.3
delhi_ncr,2025-11-04,28.575,77.125,0.000133616486376,0.081243838582952,179.4
delhi_ncr,2025-11-04,28.575,77.175,0.0001565431006997,0.0779748448410056,187.4
delhi_ncr,2025-11-04,28.575,77.225,0.0001215542864225,0.0754080118753051,173.8
delhi_ncr,2025-11-04,28.575,77.275,9.35994423324326e-05,0.0739642797150918,162.9
delhi_ncr,2025-11-04,28.575,77.325,0.0001039388915011,0.0731160321353756,166.7
delhi_ncr,2025-11-04,28.575,77.375,0.0002621125173919,0.0674664258428125,225.3
delhi_ncr,2025-11-04,28.575,77.425,0.0002669585494352,0.061507705378711,226.1
delhi_ncr,2025-11-04,28.575,77.475,0.0002741599828938,0.051491029089512,227.0
delhi_ncr,2025-11-04,28.575,77.525,0.0003020470401027,0.0361143039593531,234.7
delhi_ncr,2025-11-04,28.625,76.825,0.0002177217344716,0.0595230606018291,207.1
delhi_ncr,2025-11-04,28.625,76.875,0.0003090806291462,0.065923803150566,242.8
delhi_ncr,2025-11-04,28.625,76.925,0.0003962075699632,0.0864002590415713,279.4
delhi_ncr,2025-11-04,28.625,76.975,0.0003831762643563,0.0922356130926841,275.6
delhi_ncr,2025-11-04,28.625,77.025,0.000358760092257,0.0928636666765598,266.5
delhi_ncr,2025-11-04,28.625,77.075,0.0003230277614896,0.0892309314964769,252.3
delhi_ncr,2025-11-04,28.625,77.125,0.0002267683921188,0.0802356636376809,214.3
delhi_ncr,2025-11-04,28.625,77.175,0.0002921079069221,0.0757066612431265,238.2
delhi_ncr,2025-11-04,28.625,77.225,0.0002741238562654,0.0755888061974054,231.4
delhi_ncr,2025-11-04,28.625,77.275,0.0002344390766028,0.0760636223572704,216.5
delhi_ncr,2025-11-04,28.625,77.325,0.0001939371604441,0.0759252221158535,201.2
delhi_ncr,2025-11-04,28.625,77.375,0.0001999749314641,0.0715116615887532,202.6
delhi_ncr,2025-11-04,28.625,77.425,0.0002244698083911,0.0678648947567626,211.2
delhi_ncr,2025-11-04,28.625,77.475,0.0002725070280446,0.0598287923363481,227.9
delhi_ncr,2025-11-04,28.625,77.525,0.0003153235676419,0.050204269064539,242.3
delhi_ncr,2025-11-04,28.625,77.55,0.0003438661826161,0.0328050453684254,249.9
delhi_ncr,2025-11-04,28.675,76.825,0.0002368496767867,0.0587910587084597,214.2
delhi_ncr,2025-11-04,28.675,76.875,0.0002887067847989,0.0628661891704527,234.5
delhi_ncr,2025-11-04,28.675,76.925,0.0003255315652762,0.0841549357090627,252.3
delhi_ncr,2025-11-04,28.675,76.975,0.0003133749716334,0.0901823330464492,248.8
delhi_ncr,2025-11-04,28.675,77.025,0.0003316734616041,0.0910426174559804,255.9
delhi_ncr,2025-11-04,28.675,77.075,0.0003605992449155,0.0877982721927393,266.2
delhi_ncr,2025-11-04,28.675,77.125,0.0002701616776625,0.0792554705793287,230.5
delhi_ncr,2025-11-04,28.675,77.175,0.000322121827535,0.0750681382766338,249.4
delhi_ncr,2025-11-04,28.675,77.225,0.0002388845164591,0.0757259351696332,218.1
delhi_ncr,2025-11-04,28.675,77.275,0.0001526973162233,0.0768852808172873,185.8
delhi_ncr,2025-11-04,28.675,77.325,0.000103184397449,0.0771184652072298,167.1
delhi_ncr,2025-11-04,28.675,77.375,0.000166630558782,0.0724420065956821,190.2
delhi_ncr,2025-11-04,28.675,77.425,0.0002108797656804,0.0702085404449606,206.5
delhi_ncr,2025-11-04,28.675,77.475,0.0002647430917493,0.063539048563418,225.6
delhi_ncr,2025-11-04,28.675,77.525,0.0002940753366753,0.0560002087337833,235.3
delhi_ncr,2025-11-04,28.675,77.55,0.0002896147361897,0.0494910255915297,232.4
delhi_ncr,2025-11-04,28.725,76.825,0.0002552762979847,0.0570663399364336,220.9
delhi_ncr,2025-11-04,28.725,76.875,0.0002662124638799,0.0607210117755823,225.7
delhi_ncr,2025-11-04,28.725,76.925,0.000282493007561,0.0791684753338182,235.2
delhi_ncr,2025-11-04,28.725,76.975,0.0002787888914573,0.0842571091379678,234.7
delhi_ncr,2025-11-04,28.725,77.025,0.0003443112210302,0.0856249557423972,259.7
delhi_ncr,2025-11-04,28.725,77.075,0.0004312726859596,0.0839280830101075,292.2
delhi_ncr,2025-11-04,28.725,77.125,0.0002853347192702,0.0770414981648897,235.9
delhi_ncr,2025-11-04,28.725,77.175,0.0002908449049284,0.0742217170395665,237.4
delhi_ncr,2025-11-04,28.725,77.225,0.0001768784374657,0.075154401227817,194.6
delhi_ncr,2025-11-04,28.725,77.275,8.352036543296634e-05,0.0766682577217368,159.6
delhi_ncr,2025-11-04,28.725,77.325,6.360417680159344e-05,0.0773000234874176,152.2
delhi_ncr,2025-11-04,28.725,77.375,0.0002074835445158,0.0721012168687074,205.6
delhi_ncr,2025-11-04,28.725,77.425,0.0002403937246725,0.0699360537892967,217.6
delhi_ncr,2025-11-04,28.725,77.475,0.0002638716209961,0.0624529588590142,225.1
delhi_ncr,2025-11-04,28.725,77.525,0.0002619159455646,0.0523483119452237,222.5
delhi_ncr,2025-11-04,28.725,77.55,0.0002241453097197,0.0325248806743734,204.6
delhi_ncr,2025-11-04,28.775,76.825,0.0001101798666322,0.0548114550288548,165.7
delhi_ncr,2025-11-04,28.775,76.875,0.0001055124662578,0.0572592723103609,164.4
delhi_ncr,2025-11-04,28.775,76.925,0.0002388534018622,0.0698718677817364,217.0
delhi_ncr,2025-11-04,28.775,76.975,0.0002905297717166,0.0729054352849854,237.1
delhi_ncr,2025-11-04,28.775,77.025,0.0003824891274902,0.0748210259567837,272.1
delhi_ncr,2025-11-04,28.775,77.075,0.0004674532222776,0.0758367842987979,304.4
delhi_ncr,2025-11-04,28.775,77.125,0.0002841798767771,0.0724589900079388,234.6
delhi_ncr,2025-11-04,28.775,77.175,0.0002267643528665,0.0716419866318578,212.8
delhi_ncr,2025-11-04,28.775,77.225,0.000214630278926,0.0732356070358926,208.5
delhi_ncr,2025-11-04,28.775,77.275,0.0002267296215423,0.0754320527696169,213.4
delhi_ncr,2025-11-04,28.775,77.325,0.0002642704497173,0.0768667160759735,227.9
delhi_ncr,2025-11-04,28.775,77.375,0.0003695452602313,0.0717492821493701,266.7
delhi_ncr,2025-11-04,28.775,77.425,0.0003296610313616,0.0677904117988803,250.9
delhi_ncr,2025-11-04,28.775,77.475,0.0002796910284838,0.0560265735124098,229.9
delhi_ncr,2025-11-04,28.775,77.525,0.0002354032923859,0.0368951817347301,209.7
delhi_ncr,2025-11-04,28.775,77.55,0.0002663826109546,0.0102754277814224,216.5
delhi_ncr,2025-11-04,28.825,76.825,0.0001414361336122,0.0602423509920801,178.5
delhi_ncr,2025-11-04,28.825,76.875,0.0002619787065533,0.0632306684573458,224.5
delhi_ncr,2025-11-04,28.825,76.925,0.0003664751233621,0.0704019546130475,265.3
delhi_ncr,2025-11-04,28.825,76.975,0.0002858781617395,0.0713781715537329,235.0
delhi_ncr,2025-11-04,28.825,77.025,0.0002163580434995,0.0720608689338549,208.9
delhi_ncr,2025-11-04,28.825,77.075,0.0002022791757616,0.0728410834439329,203.7
delhi_ncr,2025-11-04,28.825,77.125,0.0003102551149307,0.0723236139757811,244.4
delhi_ncr,2025-11-04,28.825,77.175,0.0002953441333451,0.0720882692740057,238.7
delhi_ncr,2025-11-04,28.825,77.225,0.0002615353466766,0.0727659623630687,226.1
delhi_ncr,2025-11-04,28.825,77.275,0.0002659721113776,0.0739750373752101,228.0
delhi_ncr,2025-11-04,28.825,77.325,0.000321549221652,0.0748426554827559,249.1
delhi_ncr,2025-11-04,28.825,77.375,0.0004343739780417,0.0704137606664545,290.9
delhi_ncr,2025-11-04,28.825,77.425,0.0003408593131656,0.0641401746848093,254.5
delhi_ncr,2025-11-04,28.825,77.475,0.0002580028392792,0.0509402736688578,220.8
delhi_ncr,2025-11-04,28.825,77.525,0.0002488845522939,0.0305876284344734,213.6
delhi_ncr,2025-11-04,28.875,76.825,0.0002924102108494,0.0685996441427903,237.0
delhi_ncr,2025-11-04,28.875,76.875,0.0003221738701517,0.0702087480933187,248.5
delhi_ncr,2025-11-04,28.875,76.925,0.0003040525909875,0.0667818350485595,241.0
delhi_ncr,2025-11-04,28.875,76.975,0.0003049525323422,0.0655775780618627,241.2
delhi_ncr,2025-11-04,28.875,77.025,0.0003255507687468,0.0678320124796447,249.4
delhi_ncr,2025-11-04,28.875,77.075,0.0003328451398535,0.072553141669335,253.0
delhi_ncr,2025-11-04,28.875,77.125,0.0001735406875106,0.0760561114485859,193.5
delhi_ncr,2025-11-04,28.875,77.175,0.0001605163680599,0.0752361957685758,188.4
delhi_ncr,2025-11-04,28.875,77.225,0.0002303620060581,0.0725221228863247,214.3
delhi_ncr,2025-11-04,28.875,77.275,0.0003088633377637,0.0704505946901405,243.5
delhi_ncr,2025-11-04,28.875,77.325,0.0003561237442141,0.0690558911247772,261.1
delhi_ncr,2025-11-04,28.875,77.375,0.0002463545173175,0.0631571058197913,218.6
delhi_ncr,2025-11-04,28.875,77.425,0.0002652681168849,0.049230164089149,223.2
delhi_ncr,2025-11-04,28.875,77.475,2.9559965302925148e-05,0.0256525834716634,129.9
delhi_ncr,2025-11-04,28.875,77.525,1.8297584665118085e-05,0.0110400243906482,123.0
delhi_ncr,2025-11-04,28.875,77.55,0.0003376882201513,0.0100461616560845,243.4
delhi_ncr,2025-11-05,28.375,76.825,3.5678775430109696e-05,0.0,127.6
delhi_ncr,2025-11-05,28.375,76.875,7.86151502513996e-05,0.0,143.8
delhi_ncr,2025-11-05,28.375,76.925,0.0001213178169739,0.0,159.9
delhi_ncr,2025-11-05,28.375,76.975,0.0001451608877446,0.0,168.9
delhi_ncr,2025-11-05,28.375,77.025,0.0001304982950356,0.0,163.4
delhi_ncr,2025-11-05,28.375,77.075,9.651868417273264e-05,0.0,150.5
delhi_ncr,2025-11-05,28.375,77.125,0.0001371036893838,0.0,165.8
delhi_ncr,2025-11-05,28.375,77.175,0.0003991192986802,0.0,264.7
delhi_ncr,2025-11-05,28.375,77.225,0.0003528502160559,0.0,247.3
delhi_ncr,2025-11-05,28.375,77.275,0.0002454955858505,0.0,206.8
delhi_ncr,2025-11-05,28.375,77.325,0.0001796489862562,0.0003775061396005,182.0
delhi_ncr,2025-11-05,28.375,77.375,0.0004974136700262,0.0037516138096953,302.5
delhi_ncr,2025-11-05,28.375,77.425,0.0003770681450224,0.0047821410374189,257.3
delhi_ncr,2025-11-05,28.375,77.475,0.0003871076472188,0.0399085079563896,267.5
delhi_ncr,2025-11-05,28.375,77.525,0.0003950141733971,0.0639656929380353,274.9
delhi_ncr,2025-11-05,28.375,77.55,0.0002866785498521,0.0503702124732264,231.5
delhi_ncr,2025-11-05,28.425,76.825,0.0001166688251921,0.0,158.1
delhi_ncr,2025-11-05,28.425,76.875,0.0001161309076926,0.0,157.9
delhi_ncr,2025-11-05,28.425,76.925,0.0002131024660163,0.0,194.5
delhi_ncr,2025-11-05,28.425,76.975,0.0002042982660867,0.0,191.2
delhi_ncr,2025-11-05,28.425,77.025,0.0002375008121122,0.0,203.7
delhi_ncr,2025-11-05,28.425,77.075,0.0002958555927716,0.0,225.8
delhi_ncr,2025-11-05,28.425,77.125,0.0002211797252559,0.0,197.6
delhi_ncr,2025-11-05,28.425,77.175,0.0003830367786749,0.0,258.7
delhi_ncr,2025-11-05,28.425,77.225,0.0004583046284752,0.0,287.1
delhi_ncr,2025-11-05,28.425,77.275,0.0004201083197422,3.831684575444193e-06,272.6
delhi_ncr,2025-11-05,28.425,77.325,0.0003069285740199,0.0003094502412083,230.0
delhi_ncr,2025-11-05,28.425,77.375,0.000425520858096,0.0031606321959645,275.3
delhi_ncr,2025-11-05,28.425,77.425,0.000422787658075,0.0292476223546099,279.0
delhi_ncr,2025-11-05,28.425,77.475,0.000384496321802,0.0706578462519493,272.1
delhi_ncr,2025-11-05,28.425,77.525,0.0003983114033241,0.1069831679990598,284.0
delhi_ncr,2025-11-05,28.425,77.55,0.0004746095308733,0.1228466535378489,315.7
delhi_ncr,2025-11-05,28.475,76.825,0.0001555846804258,0.0,172.8
delhi_ncr,2025-11-05,28.475,76.875,0.0001577692434634,0.0,173.6
delhi_ncr,2025-11-05,28.475,76.925,0.0002469925560726,0.0,207.3
delhi_ncr,2025-11-05,28.475,76.975,0.0002467534664694,0.0,207.2
delhi_ncr,2025-11-05,28.475,77.025,0.0003312976199676,0.0,239.1
delhi_ncr,2025-11-05,28.475,77.075,0.0004569143225243,0.0,286.5
delhi_ncr,2025-11-05,28.475,77.125,0.0003506871931947,0.0,246.4
delhi_ncr,2025-11-05,28.475,77.175,0.0004030585235552,0.0,266.2
delhi_ncr,2025-11-05,28.475,77.225,0.0004843122192686,0.0,296.9
delhi_ncr,2025-11-05,28.475,77.275,0.0004707463740664,0.0080694715555414,293.2
delhi_ncr,2025-11-05,28.475,77.325,0.0003643405887145,0.0219440524951926,255.6
delhi_ncr,2025-11-05,28.475,77.375,0.0003933796932544,0.014243682638974,265.2
delhi_ncr,2025-11-05,28.475,77.425,0.000510603629305,0.0636783760348964,318.4
delhi_ncr,2025-11-05,28.475,77.475,0.0004289628365804,0.1126834747928503,296.6
delhi_ncr,2025-11-05,28.475,77.525,0.0004063125997128,0.1561343523393094,296.0
delhi_ncr,2025-11-05,28.475,77.55,0.0004920430915502,0.1982899846830472,336.0
delhi_ncr,2025-11-05,28.525,76.825,2.744278012240297e-05,0.0,124.5
delhi_ncr,2025-11-05,28.525,76.875,7.543705712833124e-05,0.0,142.6
delhi_ncr,2025-11-05,28.525,76.925,0.0001278787170048,0.0,162.4
delhi_ncr,2025-11-05,28.525,76.975,0.0002186415185592,7.323010823195507e-05,196.6
delhi_ncr,2025-11-05,28.525,77.025,0.0003453582677487,8.842347724492479e-05,244.5
delhi_ncr,2025-11-05,28.525,77.075,0.0004626392887249,6.077347605187888e-05,288.7
delhi_ncr,2025-11-05,28.525,77.125,0.0004133323833618,0.0,270.1
delhi_ncr,2025-11-05,28.525,77.175,0.0005091633872577,0.0002284637187644,306.3
delhi_ncr,2025-11-05,28.525,77.225,0.0003844835353798,0.0011066002292074,259.4
delhi_ncr,2025-11-05,28.525,77.275,0.0002944949820455,0.0295210219617573,230.6
delhi_ncr,2025-11-05,28.525,77.325,0.0003102301643749,0.0765354551193147,245.2
delhi_ncr,2025-11-05,28.525,77.375,0.0005135000125747,0.0457791467240383,316.3
delhi_ncr,2025-11-05,28.525,77.425,0.0006134298446109,0.0984959128058306,363.6
delhi_ncr,2025-11-05,28.525,77.475,0.0005187581167426,0.1533260767772823,337.9
delhi_ncr,2025-11-05,28.525,77.525,0.0004420170765499,0.1976066117401232,317.0
delhi_ncr,2025-11-05,28.525,77.55,0.0004360270213785,0.242372271258239,322.9
delhi_ncr,2025-11-05,28.575,76.825,0.0001929325136715,0.0,186.9
delhi_ncr,2025-11-05,28.575,76.875,0.0001774253338653,0.0,181.1
delhi_ncr,2025-11-05,28.575,76.925,0.0002755125807598,0.0,218.1
delhi_ncr,2025-11-05,28.575,76.975,0.0002546901309312,0.0025228757784259,210.7
delhi_ncr,2025-11-05,28.575,77.025,0.000248824102392,0.0033285622692117,208.6
delhi_ncr,2025-11-05,28.575,77.075,0.0002647812444624,0.002113860036587,214.4
delhi_ncr,2025-11-05,28.575,77.125,0.0002563674053126,0.0,210.9
delhi_ncr,2025-11-05,28.575,77.175,0.0002430776778259,0.0080033253033029,207.3
delhi_ncr,2025-11-05,28.575,77.225,0.0003444583111195,0.0379370628818763,251.0
delhi_ncr,2025-11-05,28.575,77.275,0.00039287598843,0.0601695805830475,273.4
delhi_ncr,2025-11-05,28.575,77.325,0.0003840560831674,0.0683470674970713,271.5
delhi_ncr,2025-11-05,28.575,77.375,0.0005657098318667,0.0749087122318247,341.3
delhi_ncr,2025-11-05,28.575,77.425,0.0006406013626465,0.0909364309109366,372.5
delhi_ncr,2025-11-05,28.575,77.475,0.000532408974478,0.1494392342029883,342.3
delhi_ncr,2025-11-05,28.575,77.525,0.000438113081494,0.2133651590063199,318.4
delhi_ncr,2025-11-05,28.625,76.825,0.0001152660405914,0.0,157.6
delhi_ncr,2025-11-05,28.625,76.875,0.0001231406214214,0.0,160.6
delhi_ncr,2025-11-05,28.625,76.925,0.0003507289865781,0.0,246.5
delhi_ncr,2025-11-05,28.625,76.975,0.0003962841899875,0.0005649618412863,263.8
delhi_ncr,2025-11-05,28.625,77.025,0.0003636412209369,0.0028032773185054,251.8
delhi_ncr,2025-11-05,28.625,77.075,0.0002897852667778,0.0082029643971221,225.0
delhi_ncr,2025-11-05,28.625,77.125,0.0002647633344636,0.0237594361283904,218.4
delhi_ncr,2025-11-05,28.625,77.175,0.0003483249773576,0.0618712699254868,256.9
delhi_ncr,2025-11-05,28.625,77.225,0.0003855231068941,0.0769664249777952,273.7
delhi_ncr,2025-11-05,28.625,77.275,0.0003545234803322,0.0825489540478163,263.0
delhi_ncr,2025-11-05,28.625,77.325,0.0003007107249275,0.0841496617115318,243.0
delhi_ncr,2025-11-05,28.625,77.375,0.0006036585674779,0.1089365331223325,361.8
delhi_ncr,2025-11-05,28.625,77.425,0.0006019806773538,0.1197871130739769,363.2
delhi_ncr,2025-11-05,28.625,77.475,0.0005192895461449,0.1271441513212443,333.3
delhi_ncr,2025-11-05,28.625,77.525,0.0005007994473844,0.1569180762781207,331.8
delhi_ncr,2025-11-05,28.625,77.55,0.0005253234153385,0.2284471246701024,354.1
delhi_ncr,2025-11-05,28.675,76.825,0.0001507466586801,0.0,171.0
delhi_ncr,2025-11-05,28.675,76.875,0.0001768988380078,0.0,180.9
delhi_ncr,2025-11-05,28.675,76.925,0.0003472950528773,0.0,245.2
delhi_ncr,2025-11-05,28.675,76.975,0.0003232151800397,0.0,236.1
delhi_ncr,2025-11-05,28.675,77.025,0.0003128966922119,0.0012915404771212,232.4
delhi_ncr,2025-11-05,28.675,77.075,0.0003267330195835,0.0079256192230339,238.9
delhi_ncr,2025-11-05,28.675,77.125,0.0002928321818106,0.0404273335372659,232.0
delhi_ncr,2025-11-05,28.675,77.175,0.0003216958641103,0.0805463654681664,250.2
delhi_ncr,2025-11-05,28.675,77.225,0.0002811210771571,0.0791476288226366,234.7
delhi_ncr,2025-11-05,28.675,77.275,0.0002623072093256,0.0778559840445852,227.3
delhi_ncr,2025-11-05,28.675,77.325,0.0003072463472256,0.0876754587106941,246.1
delhi_ncr,2025-11-05,28.675,77.375,0.0005851037246774,0.1308033646946642,358.8
delhi_ncr,2025-11-05,28.675,77.425,0.0005281740977173,0.133586257894235,337.8
delhi_ncr,2025-11-05,28.675,77.475,0.0004974509114107,0.1233613159177071,324.4
delhi_ncr,2025-11-05,28.675,77.525,0.0004785424422783,0.1421953076250355,320.7
delhi_ncr,2025-11-05,28.675,77.55,0.000474820379041,0.1969861462145722,329.3
delhi_ncr,2025-11-05,28.725,76.825,0.0002145556080821,0.0,195.1
delhi_ncr,2025-11-05,28.725,76.875,0.0002152957764781,0.0,195.4
delhi_ncr,2025-11-05,28.725,76.925,0.000354200116365,0.0,247.8
delhi_ncr,2025-11-05,28.725,76.975,0.0002601842739738,0.0009123173902267,212.5
delhi_ncr,2025-11-05,28.725,77.025,0.000261608060159,0.0008539647830655,213.0
delhi_ncr,2025-11-05,28.725,77.075,0.0003470750666157,0.0048534869013374,246.0
delhi_ncr,2025-11-05,28.725,77.125,0.0002860483390171,0.0384568720690211,229.1
delhi_ncr,2025-11-05,28.725,77.175,0.0002552850697102,0.0674268084883134,222.8
delhi_ncr,2025-11-05,28.725,77.225,0.0002196439219876,0.0688632061873896,209.6
delhi_ncr,2025-11-05,28.725,77.275,0.0002521821875597,0.0742751502361845,222.8
delhi_ncr,2025-11-05,28.725,77.325,0.0003651532603264,0.0911636700452728,268.6
delhi_ncr,2025-11-05,28.725,77.375,0.0005208045654232,0.1256459320488321,333.6
delhi_ncr,2025-11-05,28.725,77.425,0.0004202107277929,0.1200689196606354,294.6
delhi_ncr,2025-11-05,28.725,77.475,0.0004353174036007,0.1124239557202063,298.9
delhi_ncr,2025-11-05,28.725,77.525,0.0004179921535089,0.1348036281917088,296.5
delhi_ncr,2025-11-05,28.725,77.55,0.0003482306028173,0.1823600162221296,278.8
delhi_ncr,2025-11-05,28.775,76.825,0.0002419082581435,0.0,205.4
delhi_ncr,2025-11-05,28.775,76.875,0.000136812786844,0.0,165.7
delhi_ncr,2025-11-05,28.775,76.925,0.0004385407960922,0.0,279.6
delhi_ncr,2025-11-05,28.775,76.975,0.0003883562742944,0.0034922846499591,261.3
delhi_ncr,2025-11-05,28.775,77.025,0.0003431033554021,0.0033471267589717,244.2
delhi_ncr,2025-11-05,28.775,77.075,0.0003228273834282,0.0008191914708853,236.1
delhi_ncr,2025-11-05,28.775,77.125,0.0001956402440722,0.0056653706913507,189.0
delhi_ncr,2025-11-05,28.775,77.175,0.0002192277838968,0.0219848280269268,200.9
delhi_ncr,2025-11-05,28.775,77.225,0.0003619983646214,0.0643262439568578,262.5
delhi_ncr,2025-11-05,28.775,77.275,0.0004485614109817,0.0952632781913075,300.8
delhi_ncr,2025-11-05,28.775,77.325,0.0004438925915428,0.1028723224748098,300.4
delhi_ncr,2025-11-05,28.775,77.375,0.0004137082827468,0.0773610491656732,284.4
delhi_ncr,2025-11-05,28.775,77.425,0.0002806680929196,0.065394443002018,232.0
delhi_ncr,2025-11-05,28.775,77.475,0.0003049324532948,0.0737136531648429,242.6
delhi_ncr,2025-11-05,28.775,77.525,0.0003510844349316,0.1086966036484921,266.5
delhi_ncr,2025-11-05,28.775,77.55,0.0002920410821199,0.1419628656715984,250.2
delhi_ncr,2025-11-05,28.825,76.825,0.000310753506887,0.0,231.4
delhi_ncr,2025-11-05,28.825,76.875,0.0001408280805525,0.0,167.3
delhi_ncr,2025-11-05,28.825,76.925,0.0004696315312423,0.0007225791313705,291.5
delhi_ncr,2025-11-05,28.825,76.975,0.0005078171104889,0.0166440686068767,308.8
delhi_ncr,2025-11-05,28.825,77.025,0.0004526549248083,0.0162778645149657,287.9
delhi_ncr,2025-11-05,28.825,77.075,0.0003343479153838,0.003769109904327,241.0
delhi_ncr,2025-11-05,28.825,77.125,0.0001427203866699,0.0142470718223492,170.6
delhi_ncr,2025-11-05,28.825,77.175,0.0001560946816475,0.0332159989067282,179.1
delhi_ncr,2025-11-05,28.825,77.225,0.0003279798765681,0.0688541483639537,250.5
delhi_ncr,2025-11-05,28.825,77.275,0.0004396442454012,0.0838785949376116,295.3
delhi_ncr,2025-11-05,28.825,77.325,0.0004422665367858,0.0677595319704186,293.4
delhi_ncr,2025-11-05,28.825,77.375,0.0003822284020536,0.0119560771764239,260.5
delhi_ncr,2025-11-05,28.825,77.425,0.0003352123570354,0.0072794019446541,241.9
delhi_ncr,2025-11-05,28.825,77.475,0.0003157622182179,0.0402267409972337,240.6
delhi_ncr,2025-11-05,28.825,77.525,0.0002756848676873,0.0823952185402994,233.2
delhi_ncr,2025-11-05,28.875,76.825,0.0003965707967365,0.0,263.8
delhi_ncr,2025-11-05,28.875,76.875,0.0003293588874174,0.0,238.4
delhi_ncr,2025-11-05,28.875,76.925,0.0004337129292814,0.0001854227571971,277.8
delhi_ncr,2025-11-05,28.875,76.975,0.0004708593452596,0.004212104133638,292.6
delhi_ncr,2025-11-05,28.875,77.025,0.0004287064240672,0.0041774886966467,276.7
delhi_ncr,2025-11-05,28.875,77.075,0.0003297208692966,0.0064704198469974,239.7
delhi_ncr,2025-11-05,28.875,77.125,0.0002748786709275,0.0475995576297607,226.5
delhi_ncr,2025-11-05,28.875,77.175,0.0003169405081692,0.0901003730191885,250.2
delhi_ncr,2025-11-05,28.875,77.225,0.000335870705648,0.0845436091615862,256.3
delhi_ncr,2025-11-05,28.875,77.275,0.0003122030479717,0.0645567194980804,243.7
delhi_ncr,2025-11-05,28.875,77.325,0.0002474630938968,0.0386268183992066,214.5
delhi_ncr,2025-11-05,28.875,77.375,0.0001386205582883,0.0030447153057973,167.0
delhi_ncr,2025-11-05,28.875,77.425,0.00024387115384,0.0019843652408599,206.5
delhi_ncr,2025-11-05,28.875,77.475,0.0002911269971304,0.0359305796982053,230.5
delhi_ncr,2025-11-05,28.875,77.525,0.0002143003513047,0.0500444383669504,204.1
delhi_ncr,2025-11-05,28.875,77.55,8.001621938890399e-05,0.0596234463235014,155.2
delhi_ncr,2025-11-06,28.375,76.825,0.0003183937290968,0.0,234.3
delhi_ncr,2025-11-06,28.375,76.875,0.0003720557758437,0.0,254.5
delhi_ncr,2025-11-06,28.375,76.925,0.0003108483241064,0.0,231.4
delhi_ncr,2025-11-06,28.375,76.975,0.0001613876199916,0.0,175.0
delhi_ncr,2025-11-06,28.375,77.025,0.0001962177419681,0.0,188.2
delhi_ncr,2025-11-06,28.375,77.075,0.0003500951524414,0.0,246.2
delhi_ncr,2025-11-06,28.375,77.125,0.0001978224242906,0.0,188.8
delhi_ncr,2025-11-06,28.375,77.175,0.0001595121974903,0.0,174.3
delhi_ncr,2025-11-06,28.375,77.225,0.000145481293104,0.0,169.0
delhi_ncr,2025-11-06,28.375,77.275,0.0002088024355416,0.0,192.9
delhi_ncr,2025-11-06,28.375,77.325,0.0003258406275581,0.0,237.1
delhi_ncr,2025-11-06,28.375,77.375,0.0002592496527503,0.0,211.9
delhi_ncr,2025-11-06,28.375,77.425,0.0002159555854486,0.0,195.6
delhi_ncr,2025-11-06,28.375,77.475,0.0002281959578366,0.0,200.2
delhi_ncr,2025-11-06,28.375,77.525,0.0002499452645014,0.0,208.4
delhi_ncr,2025-11-06,28.375,77.55,0.0002704435073885,0.0,216.2
delhi_ncr,2025-11-06,28.425,76.825,0.0002108464465448,0.0,193.7
delhi_ncr,2025-11-06,28.425,76.875,0.0002923581174865,0.0,224.4
delhi_ncr,2025-11-06,28.425,76.925,0.0003108015041259,0.0,231.4
delhi_ncr,2025-11-06,28.425,76.975,0.0002250682421833,0.0,199.0
delhi_ncr,2025-11-06,28.425,77.025,0.0002398507185775,0.0,204.6
delhi_ncr,2025-11-06,28.425,77.075,0.0003412227893821,0.0,242.9
delhi_ncr,2025-11-06,28.425,77.125,0.0003687636000108,0.0,253.3
delhi_ncr,2025-11-06,28.425,77.175,0.0002977373035209,0.0,226.5
delhi_ncr,2025-11-06,28.425,77.225,0.0001878501382088,0.0,185.0
delhi_ncr,2025-11-06,28.425,77.275,0.0001869091505514,0.0,184.6
delhi_ncr,2025-11-06,28.425,77.325,0.0003107644073751,0.0,231.4
delhi_ncr,2025-11-06,28.425,77.375,0.0004714641763293,0.0,292.0
delhi_ncr,2025-11-06,28.425,77.425,0.0003692067825153,0.0,253.4
delhi_ncr,2025-11-06,28.425,77.475,0.0003402461349281,0.0,242.5
delhi_ncr,2025-11-06,28.425,77.525,0.0003244114931076,0.0,236.5
delhi_ncr,2025-11-06,28.425,77.55,0.0003024701247115,0.0,228.3
delhi_ncr,2025-11-06,28.475,76.825,0.0001862397631942,0.0,184.4
delhi_ncr,2025-11-06,28.475,76.875,0.0002327560252136,0.0,201.9
delhi_ncr,2025-11-06,28.475,76.925,0.0002863065606278,0.0,222.2
delhi_ncr,2025-11-06,28.475,76.975,0.0002506010739902,0.0,208.7
delhi_ncr,2025-11-06,28.475,77.025,0.0002513833696825,0.0,209.0
delhi_ncr,2025-11-06,28.475,77.075,0.0003113915083917,0.0,231.6
delhi_ncr,2025-11-06,28.475,77.125,0.0004708536651584,0.0,291.8
delhi_ncr,2025-11-06,28.475,77.175,0.0003832184756179,0.0,258.7
delhi_ncr,2025-11-06,28.475,77.225,0.0002600345017008,0.0,212.2
delhi_ncr,2025-11-06,28.475,77.275,0.0002438068247159,0.0,206.1
delhi_ncr,2025-11-06,28.475,77.325,0.0003654971352689,0.0,252.0
delhi_ncr,2025-11-06,28.475,77.375,0.0006031815221221,0.0,341.7
delhi_ncr,2025-11-06,28.475,77.425,0.0004724998732197,0.0,292.4
delhi_ncr,2025-11-06,28.475,77.475,0.0003653492722167,0.0,252.0
delhi_ncr,2025-11-06,28.475,77.525,0.0003036294696602,0.0,228.7
delhi_ncr,2025-11-06,28.475,77.55,0.0002623795263169,0.0,213.1
delhi_ncr,2025-11-06,28.525,76.825,0.0003299115875173,0.0,238.6
delhi_ncr,2025-11-06,28.525,76.875,0.0002746597971912,0.0,217.8
delhi_ncr,2025-11-06,28.525,76.925,0.0002447094933907,0.0,206.5
delhi_ncr,2025-11-06,28.525,76.975,0.000206180561916,0.0,191.9
delhi_ncr,2025-11-06,28.525,77.025,0.0002081602121067,0.0,192.7
delhi_ncr,2025-11-06,28.525,77.075,0.0002524258126972,0.0,209.4
delhi_ncr,2025-11-06,28.525,77.125,0.0003593144436462,0.0,249.7
delhi_ncr,2025-11-06,28.525,77.175,0.0002715573325981,0.0,216.6
delhi_ncr,2025-11-06,28.525,77.225,0.000309253510879,0.0,230.8
delhi_ncr,2025-11-06,28.525,77.275,0.0003826522569481,0.0,258.5
delhi_ncr,2025-11-06,28.525,77.325,0.0004672663949123,0.0,290.4
delhi_ncr,2025-11-06,28.525,77.375,0.0005725884477759,0.0,330.2
delhi_ncr,2025-11-06,28.525,77.425,0.0004485101070121,0.0,283.4
delhi_ncr,2025-11-06,28.525,77.475,0.000256638214809,0.0,211.0
delhi_ncr,2025-11-06,28.525,77.525,0.0001540949873672,0.0,172.3
delhi_ncr,2025-11-06,28.525,77.55,0.0002793029135831,0.0,219.5
delhi_ncr,2025-11-06,28.575,76.825,0.0002902782855909,0.0,223.7
delhi_ncr,2025-11-06,28.575,76.875,0.000142083513363,0.0,167.7
delhi_ncr,2025-11-06,28.575,76.925,0.0001475361223855,0.0,169.8
delhi_ncr,2025-11-06,28.575,76.975,0.0002242720439805,0.0,198.7
delhi_ncr,2025-11-06,28.575,77.025,9.994451146693732e-05,0.0,151.8
delhi_ncr,2025-11-06,28.575,77.075,-0.0001019053148769,0.0,75.6
delhi_ncr,2025-11-06,28.575,77.125,0.0002747163095401,0.0,217.8
delhi_ncr,2025-11-06,28.575,77.175,0.0003486045762041,0.0,245.7
delhi_ncr,2025-11-06,28.575,77.225,0.0003789960276945,0.0,257.1
delhi_ncr,2025-11-06,28.575,77.275,0.0003117406931624,0.0,231.8
delhi_ncr,2025-11-06,28.575,77.325,0.000181920790205,0.0,182.8
delhi_ncr,2025-11-06,28.575,77.375,0.0002884981700174,0.0,223.0
delhi_ncr,2025-11-06,28.575,77.425,0.0004549065200551,0.0,285.8
delhi_ncr,2025-11-06,28.575,77.475,0.0004687715912745,0.0,291.0
delhi_ncr,2025-11-06,28.575,77.525,0.0004304895654985,0.0,276.6
delhi_ncr,2025-11-06,28.625,76.825,0.0003069643914654,0.0,229.9
delhi_ncr,2025-11-06,28.625,76.875,0.0001345278867491,0.0,164.9
delhi_ncr,2025-11-06,28.625,76.925,0.0002478143024986,0.0,207.6
delhi_ncr,2025-11-06,28.625,76.975,0.0003036039162602,0.0,228.7
delhi_ncr,2025-11-06,28.625,77.025,0.0002578418982253,0.0,211.4
delhi_ncr,2025-11-06,28.625,77.075,0.0001935521103224,0.0,187.1
delhi_ncr,2025-11-06,28.625,77.125,0.0004923986919117,0.0,299.9
delhi_ncr,2025-11-06,28.625,77.175,0.0002802948020313,0.0,219.9
delhi_ncr,2025-11-06,28.625,77.225,0.0002756905671241,0.0,218.1
delhi_ncr,2025-11-06,28.625,77.275,0.0002750363216103,0.0,217.9
delhi_ncr,2025-11-06,28.625,77.325,0.0002435586146403,0.0,206.0
delhi_ncr,2025-11-06,28.625,77.375,0.0002240811438522,0.0,198.7
delhi_ncr,2025-11-06,28.625,77.425,0.0001195833400032,0.0,159.2
delhi_ncr,2025-11-06,28.625,77.475,0.000290311574843,0.0,223.7
delhi_ncr,2025-11-06,28.625,77.525,0.0004331068314501,0.0,277.6
delhi_ncr,2025-11-06,28.625,77.55,0.0004287813989816,0.0,275.9
delhi_ncr,2025-11-06,28.675,76.825,0.0003168797798354,0.0,233.7
delhi_ncr,2025-11-06,28.675,76.875,0.0001042283660013,0.0,153.4
delhi_ncr,2025-11-06,28.675,76.925,0.0001979874621211,0.0,188.8
delhi_ncr,2025-11-06,28.675,76.975,0.0002863517371882,0.0,222.2
delhi_ncr,2025-11-06,28.675,77.025,0.0002837249527684,0.0,221.2
delhi_ncr,2025-11-06,28.675,77.075,0.0002347796969524,0.0,202.7
delhi_ncr,2025-11-06,28.675,77.125,0.000388293681718,0.0,260.6
delhi_ncr,2025-11-06,28.675,77.175,0.0002219450065304,0.0,197.9
delhi_ncr,2025-11-06,28.675,77.225,0.0002445334261743,0.0,206.4
delhi_ncr,2025-11-06,28.675,77.275,0.0002825448785475,0.0,220.7
delhi_ncr,2025-11-06,28.675,77.325,0.0002944309681715,0.0,225.2
delhi_ncr,2025-11-06,28.675,77.375,0.000228774208907,0.0,200.4
delhi_ncr,2025-11-06,28.675,77.425,8.993787514845172e-05,0.0,148.0
delhi_ncr,2025-11-06,28.675,77.475,0.0001853217917369,0.0,184.0
delhi_ncr,2025-11-06,28.675,77.525,0.0003214198616582,0.0,235.4
delhi_ncr,2025-11-06,28.675,77.55,0.0004292443108388,0.0,276.1
delhi_ncr,2025-11-06,28.725,76.825,0.0002818611282955,0.0,220.5
delhi_ncr,2025-11-06,28.725,76.875,0.0001213199933418,0.0,159.9
delhi_ncr,2025-11-06,28.725,76.925,0.00016983215797,0.0,178.2
delhi_ncr,2025-11-06,28.725,76.975,0.0002472802450148,0.0,207.4
delhi_ncr,2025-11-06,28.725,77.025,0.0002634457251827,0.0,213.5
delhi_ncr,2025-11-06,28.725,77.075,0.0002262482425451,0.0,199.5
delhi_ncr,2025-11-06,28.725,77.125,0.000228609948997,0.0,200.4
delhi_ncr,2025-11-06,28.725,77.175,0.0001710921087223,0.0,178.7
delhi_ncr,2025-11-06,28.725,77.225,0.0002268663740244,0.0,199.7
delhi_ncr,2025-11-06,28.725,77.275,0.0002900565616626,0.0,223.6
delhi_ncr,2025-11-06,28.725,77.325,0.0003248128799833,0.0,236.7
delhi_ncr,2025-11-06,28.725,77.375,0.000262884776124,0.0,213.3
delhi_ncr,2025-11-06,28.725,77.425,0.0001948989435456,0.0,187.7
delhi_ncr,2025-11-06,28.725,77.475,0.0001797701669929,0.0,181.9
delhi_ncr,2025-11-06,28.725,77.525,0.0002376926895707,0.0,203.8
delhi_ncr,2025-11-06,28.725,77.55,0.0003452488906477,0.0,244.4
delhi_ncr,2025-11-06,28.775,76.825,0.0001658839703989,0.0,176.7
delhi_ncr,2025-11-06,28.775,76.875,0.0002486983568329,0.0,208.0
delhi_ncr,2025-11-06,28.775,76.925,0.0003055029950909,0.0,229.4
delhi_ncr,2025-11-06,28.775,76.975,0.0002424768095279,0.0,205.6
delhi_ncr,2025-11-06,28.775,77.025,0.0002557120388269,0.0,210.6
delhi_ncr,2025-11-06,28.775,77.075,0.0003211234463416,0.0,235.3
delhi_ncr,2025-11-06,28.775,77.125,0.0002200219272586,0.0,197.1
delhi_ncr,2025-11-06,28.775,77.175,0.0001235147985679,0.0,160.7
delhi_ncr,2025-11-06,28.775,77.225,0.0001789747768678,0.0,181.6
delhi_ncr,2025-11-06,28.775,77.275,0.0002613927344413,0.0,212.8
delhi_ncr,2025-11-06,28.775,77.325,0.0003276644889231,0.0,237.8
delhi_ncr,2025-11-06,28.775,77.375,0.0002987844151117,0.0,226.9
delhi_ncr,2025-11-06,28.775,77.425,0.0003223013501153,0.0,235.7
delhi_ncr,2025-11-06,28.775,77.475,0.0003036741776767,0.0,228.7
delhi_ncr,2025-11-06,28.775,77.525,0.0002957050833283,0.0,225.7
delhi_ncr,2025-11-06,28.775,77.55,0.0002541911439081,0.0,210.0
delhi_ncr,2025-11-06,28.825,76.825,0.0002205698882501,0.0,197.3
delhi_ncr,2025-11-06,28.825,76.875,0.000360596684081,0.0,250.2
delhi_ncr,2025-11-06,28.825,76.925,0.0003928341586268,0.0,262.4
delhi_ncr,2025-11-06,28.825,76.975,0.0003449322149015,0.0,244.3
delhi_ncr,2025-11-06,28.825,77.025,0.000301731388984,0.0,228.0
delhi_ncr,2025-11-06,28.825,77.075,0.0002750994843326,0.0,217.9
delhi_ncr,2025-11-06,28.825,77.125,0.0002544738246868,0.0,210.1
delhi_ncr,2025-11-06,28.825,77.175,0.0003084442740873,0.0,230.5
delhi_ncr,2025-11-06,28.825,77.225,0.000271064105523,0.0,216.4
delhi_ncr,2025-11-06,28.825,77.275,0.0002173272708958,0.0,196.1
delhi_ncr,2025-11-06,28.825,77.325,0.0001870201109215,0.0,184.7
delhi_ncr,2025-11-06,28.825,77.375,0.0003232791994795,0.0,236.1
delhi_ncr,2025-11-06,28.825,77.425,0.0003030867295491,0.0,228.5
delhi_ncr,2025-11-06,28.825,77.475,0.0002746510816027,0.0,217.8
delhi_ncr,2025-11-06,28.825,77.525,0.0002368011935555,0.0,203.5
delhi_ncr,2025-11-06,28.875,76.825,0.0001270692859774,0.0,162.1
delhi_ncr,2025-11-06,28.875,76.875,0.0002595744685166,0.0,212.1
delhi_ncr,2025-11-06,28.875,76.925,0.000161523134537,0.0,175.1
delhi_ncr,2025-11-06,28.875,76.975,0.0002519561094662,0.0,209.2
delhi_ncr,2025-11-06,28.875,77.025,0.0002534462326875,0.0,209.8
delhi_ncr,2025-11-06,28.875,77.075,0.0002051044305549,0.0,191.5
delhi_ncr,2025-11-06,28.875,77.125,0.0004582563979151,0.0,287.0
delhi_ncr,2025-11-06,28.875,77.175,0.0003055248881299,0.0,229.4
delhi_ncr,2025-11-06,28.875,77.225,0.0003060879631011,0.0,229.6
delhi_ncr,2025-11-06,28.875,77.275,0.0002896547785058,0.0,223.4
delhi_ncr,2025-11-06,28.875,77.325,0.0002345917788827,0.0,202.6
delhi_ncr,2025-11-06,28.875,77.375,0.0002427849818342,0.0,205.7
delhi_ncr,2025-11-06,28.875,77.425,0.0002614513658271,0.0,212.8
delhi_ncr,2025-11-06,28.875,77.475,0.0002957907537444,0.0,225.7
delhi_ncr,2025-11-06,28.875,77.525,0.0002775260080855,0.0,218.8
delhi_ncr,2025-11-06,28.875,77.55,0.0001950171279555,0.0,187.7
delhi_ncr,2025-11-07,28.375,76.825,0.0001476629614831,0.0,169.8
delhi_ncr,2025-11-07,28.375,76.875,6.17612917280551e-05,0.0,137.4
delhi_ncr,2025-11-07,28.375,76.925,0.0001795348048993,0.0,181.9
delhi_ncr,2025-11-07,28.375,76.975,0.0001864489917655,0.0,184.5
delhi_ncr,2025-11-07,28.375,77.025,0.0002533985576672,0.0,209.7
delhi_ncr,2025-11-07,28.375,77.075,0.0003629479016199,0.0,251.1
delhi_ncr,2025-11-07,28.375,77.125,0.0003589159773663,0.0,249.6
delhi_ncr,2025-11-07,28.375,77.175,0.0003862037504892,0.0,259.9
delhi_ncr,2025-11-07,28.375,77.225,0.0002476027955575,1.7300079899565083e-05,207.5
delhi_ncr,2025-11-07,28.375,77.275,0.000175972293428,0.0063542653498756,181.7
delhi_ncr,2025-11-07,28.375,77.325,0.000248648061321,0.0171767381140228,211.1
delhi_ncr,2025-11-07,28.375,77.375,0.0006362981541639,0.011462215970273,356.3
delhi_ncr,2025-11-07,28.375,77.425,0.0004964996102715,0.0193911920629059,305.0
delhi_ncr,2025-11-07,28.375,77.475,0.0004304612891168,0.0266450355522538,281.4
delhi_ncr,2025-11-07,28.375,77.525,0.0003996913056561,0.0308811379237682,270.6
delhi_ncr,2025-11-07,28.375,77.55,0.0003856258393329,0.0192436480931975,263.1
delhi_ncr,2025-11-07,28.425,76.825,0.0001976071655228,0.0,188.7
delhi_ncr,2025-11-07,28.425,76.875,0.0001631237991097,0.0,175.7
delhi_ncr,2025-11-07,28.425,76.925,0.0001779553798425,0.0,181.3
delhi_ncr,2025-11-07,28.425,76.975,0.0002013630027412,0.0,190.1
delhi_ncr,2025-11-07,28.425,77.025,0.0002335214755975,0.0,202.2
delhi_ncr,2025-11-07,28.425,77.075,0.0002712423356513,0.0,216.5
delhi_ncr,2025-11-07,28.425,77.125,0.0003073031268031,0.0,230.1
delhi_ncr,2025-11-07,28.425,77.175,0.0003421723381124,0.0,243.2
delhi_ncr,2025-11-07,28.425,77.225,0.0002360567330181,0.0029110830102784,203.7
delhi_ncr,2025-11-07,28.425,77.275,0.0001817842433721,0.006030373513735,183.8
delhi_ncr,2025-11-07,28.425,77.325,0.0002380298056642,0.0096566434379623,205.7
delhi_ncr,2025-11-07,28.425,77.375,0.0005260644506858,0.0216040859318974,316.6
delhi_ncr,2025-11-07,28.425,77.425,0.0005512221450917,0.0352460098464004,328.6
delhi_ncr,2025-11-07,28.425,77.475,0.0003907230638884,0.0454855075184945,269.9
delhi_ncr,2025-11-07,28.425,77.525,0.00028274702484,0.0514059672698025,230.2
delhi_ncr,2025-11-07,28.425,77.55,0.0003082989746717,0.0508469371893693,239.7
delhi_ncr,2025-11-07,28.475,76.825,0.0002447235153895,0.0,206.5
delhi_ncr,2025-11-07,28.475,76.875,0.0002377397351954,0.0,203.8
delhi_ncr,2025-11-07,28.475,76.925,0.0001841966056057,0.0,183.6
delhi_ncr,2025-11-07,28.475,76.975,0.0002390906223675,0.0,204.3
delhi_ncr,2025-11-07,28.475,77.025,0.000247869689918,0.0017447316139356,208.0
delhi_ncr,2025-11-07,28.475,77.075,0.000209549449265,0.0038801100623868,193.9
delhi_ncr,2025-11-07,28.475,77.125,0.0002041301931213,0.0002070810360026,191.2
delhi_ncr,2025-11-07,28.475,77.175,0.0002588664684804,0.0062259368252634,212.9
delhi_ncr,2025-11-07,28.475,77.225,0.0001912010666586,0.0133495756711423,188.7
delhi_ncr,2025-11-07,28.475,77.275,0.0001562185434172,0.0164147470388689,176.1
delhi_ncr,2025-11-07,28.475,77.325,0.0002005026252467,0.0168619213144982,192.9
delhi_ncr,2025-11-07,28.475,77.375,0.0004205716331866,0.035884265866716,279.4
delhi_ncr,2025-11-07,28.475,77.425,0.000577294924385,0.0489170178250303,340.9
delhi_ncr,2025-11-07,28.475,77.475,0.000343140904596,0.058939097608028,254.4
delhi_ncr,2025-11-07,28.475,77.525,0.000211288265116,0.0635686996549965,205.5
delhi_ncr,2025-11-07,28.475,77.55,0.0003957203476398,0.0613326488570329,274.6
delhi_ncr,2025-11-07,28.525,76.825,0.0002280683684184,0.0,200.2
delhi_ncr,2025-11-07,28.525,76.875,0.0002181082145838,0.0,196.4
delhi_ncr,2025-11-07,28.525,76.925,0.0001924060060575,0.0009214269551768,186.9
delhi_ncr,2025-11-07,28.525,76.975,0.00026620956941,0.0008184282522576,214.7
delhi_ncr,2025-11-07,28.525,77.025,0.0003011681557081,0.0069158996223287,229.0
delhi_ncr,2025-11-07,28.525,77.075,0.0002678192294993,0.0149277617866285,217.9
delhi_ncr,2025-11-07,28.525,77.125,0.0001066671141951,0.0024876855724682,154.8
delhi_ncr,2025-11-07,28.525,77.175,0.0001575494229007,0.0229789603171136,177.8
delhi_ncr,2025-11-07,28.525,77.225,0.0001457696196813,0.0347352156970199,175.5
delhi_ncr,2025-11-07,28.525,77.275,0.0001538016185071,0.0424469677893913,179.9
delhi_ncr,2025-11-07,28.525,77.325,0.0002258869421501,0.04725267342766,208.0
delhi_ncr,2025-11-07,28.525,77.375,0.0005028023350835,0.0554336026408901,314.0
delhi_ncr,2025-11-07,28.525,77.425,0.0006114312267288,0.0601912778159645,355.8
delhi_ncr,2025-11-07,28.525,77.475,0.0003495627110437,0.0637779527548938,257.7
delhi_ncr,2025-11-07,28.525,77.525,0.0002863674994552,0.0635188381940278,233.8
delhi_ncr,2025-11-07,28.525,77.55,0.0004215462832186,0.0520099692040184,282.7
delhi_ncr,2025-11-07,28.575,76.825,9.91554818387244e-05,0.0,151.5
delhi_ncr,2025-11-07,28.575,76.875,0.0002169118234916,0.0,196.0
delhi_ncr,2025-11-07,28.575,76.925,0.0003204348748975,0.0332142940022912,241.1
delhi_ncr,2025-11-07,28.575,76.975,0.0002598839470193,0.0332766800330069,218.3
delhi_ncr,2025-11-07,28.575,77.025,0.0002523582711604,0.0450381471715055,217.6
delhi_ncr,2025-11-07,28.575,77.075,0.0002702333368357,0.0668487104458709,228.3
delhi_ncr,2025-11-07,28.575,77.125,6.28354236210795e-05,0.0712408614843605,150.8
delhi_ncr,2025-11-07,28.575,77.175,-0.0001078658375725,0.0712018213176822,86.4
delhi_ncr,2025-11-07,28.575,77.225,9.420529606880476e-05,0.0745448601392708,163.3
delhi_ncr,2025-11-07,28.575,77.275,0.0003494064416965,0.0792598081030701,260.4
delhi_ncr,2025-11-07,28.575,77.325,0.0005314495412199,0.0837214760559716,330.0
delhi_ncr,2025-11-07,28.575,77.375,0.0003547694918885,0.0820241624598214,263.0
delhi_ncr,2025-11-07,28.575,77.425,0.000356855655888,0.0760610275219407,262.7
delhi_ncr,2025-11-07,28.575,77.475,0.0003169627509935,0.0675621725935996,246.1
delhi_ncr,2025-11-07,28.575,77.525,0.0002826221335008,0.0564509911985829,231.1
delhi_ncr,2025-11-07,28.625,76.825,0.000299380127648,0.0,227.1
delhi_ncr,2025-11-07,28.625,76.875,0.0003444287975568,0.0,244.1
delhi_ncr,2025-11-07,28.625,76.925,0.0003750000220731,0.0336004150909946,261.8
delhi_ncr,2025-11-07,28.625,76.975,0.000330201801946,0.0462843815957516,247.2
delhi_ncr,2025-11-07,28.625,77.025,0.0002989574527184,0.0594977529742217,237.8
delhi_ncr,2025-11-07,28.625,77.075,0.000301366282944,0.0719619918304031,241.0
delhi_ncr,2025-11-07,28.625,77.125,0.0003626512623331,0.0694933307055079,263.7
delhi_ncr,2025-11-07,28.625,77.175,0.0002952566990389,0.07010134602664,238.3
delhi_ncr,2025-11-07,28.625,77.225,0.0003374625148461,0.0717718983064789,254.6
delhi_ncr,2025-11-07,28.625,77.275,0.0004071894612965,0.0737270930044139,281.2
delhi_ncr,2025-11-07,28.625,77.325,0.0004765340120682,0.075004974084429,307.6
delhi_ncr,2025-11-07,28.625,77.375,0.0004839179301543,0.0710356037602426,309.7
delhi_ncr,2025-11-07,28.625,77.425,0.0003918288023354,0.0630196350052021,273.5
delhi_ncr,2025-11-07,28.625,77.475,0.0002920318789817,0.0543966962338405,234.2
delhi_ncr,2025-11-07,28.625,77.525,0.0002482357496911,0.039305726325436,215.0
delhi_ncr,2025-11-07,28.625,77.55,0.0002753874531002,0.0280864342273541,223.2
delhi_ncr,2025-11-07,28.675,76.825,0.0004728186583855,0.0001621241733305,292.6
delhi_ncr,2025-11-07,28.675,76.875,0.0004121592396088,0.0010222421000685,269.8
delhi_ncr,2025-11-07,28.675,76.925,0.0002440262705991,0.0307440960534953,211.8
delhi_ncr,2025-11-07,28.675,76.975,0.0002690776939656,0.0383549707299784,222.7
delhi_ncr,2025-11-07,28.675,77.025,0.0003084915708642,0.051150041458366,239.9
delhi_ncr,2025-11-07,28.675,77.075,0.0003428438086496,0.0670567788005675,255.7
delhi_ncr,2025-11-07,28.675,77.125,0.0003970153285221,0.0659369952258042,276.0
delhi_ncr,2025-11-07,28.675,77.175,0.0004136407660697,0.0646261704415948,282.0
delhi_ncr,2025-11-07,28.675,77.225,0.0004326246137944,0.0653431678010792,289.3
delhi_ncr,2025-11-07,28.675,77.275,0.0004474255540949,0.0653150712608124,294.9
delhi_ncr,2025-11-07,28.675,77.325,0.0004519491439162,0.0625459319001167,296.1
delhi_ncr,2025-11-07,28.675,77.375,0.0004205811515826,0.0483693570741088,281.7
delhi_ncr,2025-11-07,28.675,77.425,0.0003413091155815,0.0435232949729915,250.9
delhi_ncr,2025-11-07,28.675,77.475,0.0003236565229551,0.0339349565766555,242.4
delhi_ncr,2025-11-07,28.675,77.525,0.0003141499317898,0.0210459068331748,236.5
delhi_ncr,2025-11-07,28.675,77.55,0.0002974374112197,0.0074531776793072,227.7
delhi_ncr,2025-11-07,28.725,76.825,0.0005021546471272,0.0002369507148677,303.7
delhi_ncr,2025-11-07,28.725,76.875,0.0003548205420444,0.0014779403856412,248.3
delhi_ncr,2025-11-07,28.725,76.925,0.0001343151969825,0.0209027541937443,168.6
delhi_ncr,2025-11-07,28.725,76.975,0.0001912067641321,0.0203509681553666,190.0
delhi_ncr,2025-11-07,28.725,77.025,0.0002661207128306,0.0291379646114698,219.9
delhi_ncr,2025-11-07,28.725,77.075,0.0003244312920228,0.045370116998885,244.8
delhi_ncr,2025-11-07,28.725,77.125,0.0003853170966008,0.0470075536910488,268.1
delhi_ncr,2025-11-07,28.725,77.175,0.0004352370462513,0.0467955877008766,286.9
delhi_ncr,2025-11-07,28.725,77.225,0.0004729824384845,0.0525956009999356,302.2
delhi_ncr,2025-11-07,28.725,77.275,0.0004776728286161,0.0524493774880145,304.0
delhi_ncr,2025-11-07,28.725,77.325,0.0004337736269102,0.0427621173443857,285.6
delhi_ncr,2025-11-07,28.725,77.375,0.0002740233284176,0.0223920051927854,221.6
delhi_ncr,2025-11-07,28.725,77.425,0.0002530565276679,0.021288078398355,213.5
delhi_ncr,2025-11-07,28.725,77.475,0.0003388896576529,0.0135456453463769,244.5
delhi_ncr,2025-11-07,28.725,77.525,0.0003593777324044,0.0063544758729455,250.9
delhi_ncr,2025-11-07,28.725,77.55,0.0002279709243406,0.0016473528951103,200.4
delhi_ncr,2025-11-07,28.775,76.825,0.0002627646981723,0.0,213.3
delhi_ncr,2025-11-07,28.775,76.875,0.0001017187469513,0.0,152.5
delhi_ncr,2025-11-07,28.775,76.925,0.0002072784403049,0.0,192.3
delhi_ncr,2025-11-07,28.775,76.975,0.0001863380365524,0.0,184.4
delhi_ncr,2025-11-07,28.775,77.025,0.0001553093780523,0.0,172.7
delhi_ncr,2025-11-07,28.775,77.075,0.0001807905354581,2.293568807007069e-07,182.3
delhi_ncr,2025-11-07,28.775,77.125,0.0004940580635811,1.7584027520387528e-06,300.6
delhi_ncr,2025-11-07,28.775,77.175,0.0004967007303889,0.0090375341527599,303.2
delhi_ncr,2025-11-07,28.775,77.225,0.0005230387605565,0.0309499583620871,317.1
delhi_ncr,2025-11-07,28.775,77.275,0.0005009405011355,0.0330416365502816,309.2
delhi_ncr,2025-11-07,28.775,77.325,0.0004018917498951,0.0124389744046151,268.0
delhi_ncr,2025-11-07,28.775,77.375,0.0001215870048124,0.0,160.0
delhi_ncr,2025-11-07,28.775,77.425,0.000162185341468,0.0,175.3
delhi_ncr,2025-11-07,28.775,77.475,0.0002775930597359,0.0,218.9
delhi_ncr,2025-11-07,28.775,77.525,0.0002841398345524,0.0,221.3
delhi_ncr,2025-11-07,28.775,77.55,0.0002014780959311,0.0,190.1
delhi_ncr,2025-11-07,28.825,76.825,0.0001097095981221,0.0,155.5
delhi_ncr,2025-11-07,28.825,76.875,0.0001685789551957,0.0,177.7
delhi_ncr,2025-11-07,28.825,76.925,0.0002868749383807,0.0,222.4
delhi_ncr,2025-11-07,28.825,76.975,0.0002732060629198,0.0,217.2
delhi_ncr,2025-11-07,28.825,77.025,0.0002528345634344,0.0,209.5
delhi_ncr,2025-11-07,28.825,77.075,0.0002553839630411,0.0,210.5
delhi_ncr,2025-11-07,28.825,77.125,0.0003368706335293,0.0,241.2
delhi_ncr,2025-11-07,28.825,77.175,0.0004133545804477,0.0,270.1
delhi_ncr,2025-11-07,28.825,77.225,0.0004389965405355,0.0003174222161165,279.8
delhi_ncr,2025-11-07,28.825,77.275,0.0004161286983129,0.0018478904630947,271.5
delhi_ncr,2025-11-07,28.825,77.325,0.0003621657437604,0.0037941077673329,251.5
delhi_ncr,2025-11-07,28.825,77.375,0.0003902549273738,0.0,261.4
delhi_ncr,2025-11-07,28.825,77.425,0.0002698512856852,0.0,215.9
delhi_ncr,2025-11-07,28.825,77.475,0.0003809615644172,0.0,257.9
delhi_ncr,2025-11-07,28.825,77.525,0.0004055926426723,0.0,267.2
delhi_ncr,2025-11-07,28.875,76.825,0.0001991309098824,0.0,189.3
delhi_ncr,2025-11-07,28.875,76.875,0.0001358742953027,0.0,165.4
delhi_ncr,2025-11-07,28.875,76.925,0.0002222745071828,0.0,198.0
delhi_ncr,2025-11-07,28.875,76.975,0.000182866353772,0.0,183.1
delhi_ncr,2025-11-07,28.875,77.025,0.0001707657012546,0.0,178.5
delhi_ncr,2025-11-07,28.875,77.075,0.0001988297886089,0.0031285543027369,189.7
delhi_ncr,2025-11-07,28.875,77.125,0.0002487733160378,0.024872978307474,212.5
delhi_ncr,2025-11-07,28.875,77.175,0.0004377418655231,0.0326025171116988,285.3
delhi_ncr,2025-11-07,28.875,77.225,0.0004123903027956,0.0148515809044268,272.4
delhi_ncr,2025-11-07,28.875,77.275,0.000367514211883,0.0023593805863871,253.2
delhi_ncr,2025-11-07,28.875,77.325,0.0003463343228672,0.0011326431415454,245.0
delhi_ncr,2025-11-07,28.875,77.375,0.0003555477342704,0.0,248.3
delhi_ncr,2025-11-07,28.875,77.425,0.0001982247152152,0.0,188.9
delhi_ncr,2025-11-07,28.875,77.475,0.0001991410256435,0.0,189.3
delhi_ncr,2025-11-07,28.875,77.525,0.0002254388506315,0.0,199.2
delhi_ncr,2025-11-07,28.875,77.55,0.0002476336077766,0.0,207.6
delhi_ncr,2025-11-08,28.375,76.825,0.0002505239398299,0.262220166239828,256.5
delhi_ncr,2025-11-08,28.375,76.875,0.0002004320423422,0.2713707838956681,239.3
delhi_ncr,2025-11-08,28.375,76.925,0.0001918227755634,0.2824636417068634,238.1
delhi_ncr,2025-11-08,28.375,76.975,0.0002462579321139,0.2787361999828265,258.0
delhi_ncr,2025-11-08,28.375,77.025,0.0002335943877535,0.2780761145005033,253.1
delhi_ncr,2025-11-08,28.375,77.075,0.0001896635085481,0.2791776974190366,236.7
delhi_ncr,2025-11-08,28.375,77.125,0.0003425874289332,0.2662779401790428,292.0
delhi_ncr,2025-11-08,28.375,77.175,0.0003767364198735,0.2607935130510062,303.9
delhi_ncr,2025-11-08,28.375,77.225,0.0003100086045544,0.2506698263051729,276.9
delhi_ncr,2025-11-08,28.375,77.275,0.0002928861048723,0.2425312794400487,268.9
delhi_ncr,2025-11-08,28.375,77.325,0.0003445213364412,0.2369732738372484,287.4
delhi_ncr,2025-11-08,28.375,77.375,0.0003767657232055,0.2256566411655579,297.5
delhi_ncr,2025-11-08,28.375,77.425,0.0004159457847494,0.2178756970104127,310.9
delhi_ncr,2025-11-08,28.375,77.475,0.0003885220989371,0.2140982719535605,299.8
delhi_ncr,2025-11-08,28.375,77.525,0.0003528509982548,0.2157479193693258,286.7
delhi_ncr,2025-11-08,28.375,77.55,0.0003183069187364,0.2246811112560611,275.3
delhi_ncr,2025-11-08,28.425,76.825,0.0002564572581247,0.2555396793814167,257.6
delhi_ncr,2025-11-08,28.425,76.875,0.0001576410468596,0.2607126661713073,221.2
delhi_ncr,2025-11-08,28.425,76.925,0.0001579295081318,0.2702294248641049,223.1
delhi_ncr,2025-11-08,28.425,76.975,0.0002178147419715,0.2694143667354224,245.5
delhi_ncr,2025-11-08,28.425,77.025,0.0002532795894147,0.271231221284155,259.2
delhi_ncr,2025-11-08,28.425,77.075,0.0002545358941124,0.2743312269943991,260.3
delhi_ncr,2025-11-08,28.425,77.125,0.0002359181645782,0.2672079349057467,251.9
delhi_ncr,2025-11-08,28.425,77.175,0.0002603341063758,0.2666122733301202,261.1
delhi_ncr,2025-11-08,28.425,77.225,0.0002522637757553,0.2590105292965433,256.6
delhi_ncr,2025-11-08,28.425,77.275,0.0002580162534199,0.2525697442710742,257.6
delhi_ncr,2025-11-08,28.425,77.325,0.000289687631093,0.2472691068945092,268.6
delhi_ncr,2025-11-08,28.425,77.375,0.0003581719075413,0.2274954239352727,290.8
delhi_ncr,2025-11-08,28.425,77.425,0.0003911811550564,0.2224673703301206,302.4
delhi_ncr,2025-11-08,28.425,77.475,0.0003897603375159,0.2206530746362873,301.5
delhi_ncr,2025-11-08,28.425,77.525,0.000387779874321,0.2209251323160589,300.8
delhi_ncr,2025-11-08,28.425,77.55,0.0003895520391522,0.2225520281774994,301.8
delhi_ncr,2025-11-08,28.475,76.825,0.000267414769644,0.2446233628317108,259.7
delhi_ncr,2025-11-08,28.475,76.875,0.0001692369668553,0.247796006720922,223.2
delhi_ncr,2025-11-08,28.475,76.925,0.0002252794674674,0.2540728197771261,245.5
delhi_ncr,2025-11-08,28.475,76.975,0.0002962762571195,0.2573881799848068,272.9
delhi_ncr,2025-11-08,28.475,77.025,0.0003474078629423,0.26101665632147,292.9
delhi_ncr,2025-11-08,28.475,77.075,0.000332201295975,0.2642418573702697,287.7
delhi_ncr,2025-11-08,28.475,77.125,5.930078071265576e-05,0.2627673448488903,184.5
delhi_ncr,2025-11-08,28.475,77.175,7.432764460424708e-05,0.2657178241046276,190.7
delhi_ncr,2025-11-08,28.475,77.225,0.0001689712560099,0.2635339058238395,226.0
delhi_ncr,2025-11-08,28.475,77.275,0.0002364600589051,0.2603571767348129,250.9
delhi_ncr,2025-11-08,28.475,77.325,0.0002629199216508,0.2549048092472581,259.9
delhi_ncr,2025-11-08,28.475,77.375,0.0003367840643879,0.2285728167622049,283.0
delhi_ncr,2025-11-08,28.475,77.425,0.0003401426689097,0.2255602951854025,283.7
delhi_ncr,2025-11-08,28.475,77.475,0.0004026931645099,0.2244988579787097,307.1
delhi_ncr,2025-11-08,28.475,77.525,0.0004566859711738,0.2240499669645321,327.4
delhi_ncr,2025-11-08,28.475,77.55,0.0005057351446838,0.2239073358010207,345.9
delhi_ncr,2025-11-08,28.525,76.825,0.0002903635976671,0.2307963901993238,265.8
delhi_ncr,2025-11-08,28.525,76.875,0.0002923529631377,0.2355424286913103,267.5
delhi_ncr,2025-11-08,28.525,76.925,0.0004596601187676,0.2440016004733839,332.1
delhi_ncr,2025-11-08,28.525,76.975,0.0005372807956946,0.2473100302049874,362.0
delhi_ncr,2025-11-08,28.525,77.025,0.0005030198008084,0.251218092653599,349.8
delhi_ncr,2025-11-08,28.525,77.075,0.0003271312779554,0.2553555043611415,284.2
delhi_ncr,2025-11-08,28.525,77.125,-0.0001651754567898,0.2559967871716332,98.5
delhi_ncr,2025-11-08,28.525,77.175,-0.0001205721307396,0.255978629036065,115.4
delhi_ncr,2025-11-08,28.525,77.225,6.388749639079002e-05,0.2615530147314265,186.0
delhi_ncr,2025-11-08,28.525,77.275,0.0002031928029623,0.2626974820452602,238.8
delhi_ncr,2025-11-08,28.525,77.325,0.000249139319148,0.2555230883870514,254.8
delhi_ncr,2025-11-08,28.525,77.375,0.0002549903042495,0.2292277125404484,252.2
delhi_ncr,2025-11-08,28.525,77.425,0.0002632207838026,0.2256965146711644,254.7
delhi_ncr,2025-11-08,28.525,77.475,0.0004562910319682,0.2215326998346823,326.8
delhi_ncr,2025-11-08,28.525,77.525,0.0005837584648024,0.2205422559529925,374.7
delhi_ncr,2025-11-08,28.525,77.55,0.0005541620333148,0.2182285500682788,363.1
delhi_ncr,2025-11-08,28.575,76.825,0.0003980170584944,0.2134778566455959,303.3
delhi_ncr,2025-11-08,28.575,76.875,0.0002083065792225,0.223779835015716,233.6
delhi_ncr,2025-11-08,28.575,76.925,0.0002880232724166,0.2380871591430764,266.3
delhi_ncr,2025-11-08,28.575,76.975,0.0002989226420416,0.240093669334743,270.8
delhi_ncr,2025-11-08,28.575,77.025,0.0003803807898953,0.2443341213427118,302.3
delhi_ncr,2025-11-08,28.575,77.075,0.0005083785463432,0.2509427848240497,351.8
delhi_ncr,2025-11-08,28.575,77.125,0.0005323447634995,0.2540752737142042,361.4
delhi_ncr,2025-11-08,28.575,77.175,0.000555821754323,0.2609258933844445,371.5
delhi_ncr,2025-11-08,28.575,77.225,0.0004570129665193,0.261553173476667,334.4
delhi_ncr,2025-11-08,28.575,77.275,0.0003041608418402,0.2518906368446041,274.9
delhi_ncr,2025-11-08,28.575,77.325,0.0001788477470028,0.2336842750364305,224.3
delhi_ncr,2025-11-08,28.575,77.375,0.0004737129321135,0.220723998863987,333.2
delhi_ncr,2025-11-08,28.575,77.425,0.0005135776497557,0.2189037530042095,347.9
delhi_ncr,2025-11-08,28.575,77.475,0.000462761041797,0.2116784942492264,327.4
delhi_ncr,2025-11-08,28.575,77.525,0.0004595810725373,0.2086319738489591,325.7
delhi_ncr,2025-11-08,28.625,76.825,0.0003510237062205,0.2394544347529089,290.3
delhi_ncr,2025-11-08,28.625,76.875,0.0003245363539415,0.2463042328253168,281.6
delhi_ncr,2025-11-08,28.625,76.925,0.0003640497028524,0.2384611476297101,295.1
delhi_ncr,2025-11-08,28.625,76.975,0.0003692684433247,0.2382195111916272,297.0
delhi_ncr,2025-11-08,28.625,77.025,0.0003877598205048,0.242182975307056,304.7
delhi_ncr,2025-11-08,28.625,77.075,0.0003993565342732,0.2493488920845711,310.4
delhi_ncr,2025-11-08,28.625,77.125,0.0002881402112926,0.2589312901981753,270.1
delhi_ncr,2025-11-08,28.625,77.175,0.0003814934349866,0.2578602390992243,305.2
delhi_ncr,2025-11-08,28.625,77.225,0.0003655932704266,0.253335017097482,298.4
delhi_ncr,2025-11-08,28.625,77.275,0.0003083063113273,0.2439749422948289,275.0
delhi_ncr,2025-11-08,28.625,77.325,0.0002552864298558,0.2310327364480495,252.6
delhi_ncr,2025-11-08,28.625,77.375,0.0004303571713544,0.2219312522223994,317.1
delhi_ncr,2025-11-08,28.625,77.425,0.0003925700817226,0.2141610039620165,301.4
delhi_ncr,2025-11-08,28.625,77.475,0.0003450395911895,0.2074997364720835,282.2
delhi_ncr,2025-11-08,28.625,77.525,0.0003568036817527,0.1977497912414399,284.9
delhi_ncr,2025-11-08,28.625,77.55,0.0004751249055817,0.1950204374494248,329.0
delhi_ncr,2025-11-08,28.675,76.825,0.0002277017502497,0.2444891972024567,244.7
delhi_ncr,2025-11-08,28.675,76.875,0.0002828138070812,0.2506897221574242,266.6
delhi_ncr,2025-11-08,28.675,76.925,0.000422111875732,0.2504074206932261,319.1
delhi_ncr,2025-11-08,28.675,76.975,0.0004299629297757,0.2504977906128589,322.1
delhi_ncr,2025-11-08,28.675,77.025,0.0004066497171121,0.2534660738515011,313.9
delhi_ncr,2025-11-08,28.675,77.075,0.0003606557289148,0.2582512036040452,297.4
delhi_ncr,2025-11-08,28.675,77.125,0.0002633342605834,0.2603943843380531,261.0
delhi_ncr,2025-11-08,28.675,77.175,0.0003467533956628,0.2579030790427459,292.1
delhi_ncr,2025-11-08,28.675,77.225,0.0003485709816034,0.2520870386461749,291.7
delhi_ncr,2025-11-08,28.675,77.275,0.0003268937475527,0.2440684642193006,282.1
delhi_ncr,2025-11-08,28.675,77.325,0.0003033390078578,0.2350908267423948,271.5
delhi_ncr,2025-11-08,28.675,77.375,0.0003480280813739,0.2274442293923719,287.0
delhi_ncr,2025-11-08,28.675,77.425,0.0002930616693589,0.2189357222942811,264.7
delhi_ncr,2025-11-08,28.675,77.475,0.00025573040835,0.212754439215993,249.5
delhi_ncr,2025-11-08,28.675,77.525,0.0002591789288543,0.2019811428421955,248.8
delhi_ncr,2025-11-08,28.675,77.55,0.0003109385475826,0.1860204607467698,265.4
delhi_ncr,2025-11-08,28.725,76.825,0.0001894230136275,0.2439129493431114,230.1
delhi_ncr,2025-11-08,28.725,76.875,0.0002504769016913,0.2482135203713992,254.0
delhi_ncr,2025-11-08,28.725,76.925,0.0004019054159351,0.2605082725536231,313.4
delhi_ncr,2025-11-08,28.725,76.975,0.0004042232293322,0.2621494443224985,314.5
delhi_ncr,2025-11-08,28.725,77.025,0.0003728952424296,0.2641113772945614,303.1
delhi_ncr,2025-11-08,28.725,77.075,0.0003319683299883,0.2660846001154269,288.0
delhi_ncr,2025-11-08,28.725,77.125,0.0003201276648765,0.2607944916310404,282.6
delhi_ncr,2025-11-08,28.725,77.175,0.0003126053689505,0.2594307751070011,279.5
delhi_ncr,2025-11-08,28.725,77.225,0.0003170028999106,0.2554758005318696,280.4
delhi_ncr,2025-11-08,28.725,77.275,0.0003170696424112,0.250295866653786,279.5
delhi_ncr,2025-11-08,28.725,77.325,0.0003135617945878,0.2449439571163967,277.2
delhi_ncr,2025-11-08,28.725,77.375,0.0003483481610946,0.2408158067847466,289.6
delhi_ncr,2025-11-08,28.725,77.425,0.0002825205087567,0.2337296121617978,263.4
delhi_ncr,2025-11-08,28.725,77.475,0.0002217147380859,0.2289887376131403,239.6
delhi_ncr,2025-11-08,28.725,77.525,0.0001953246167651,0.2210512536079419,228.2
delhi_ncr,2025-11-08,28.725,77.55,0.0002162810085767,0.2242856792386389,236.7
delhi_ncr,2025-11-08,28.775,76.825,0.000378722533046,0.2486377521309171,302.4
delhi_ncr,2025-11-08,28.775,76.875,0.0003626619560684,0.2467464086317727,296.0
delhi_ncr,2025-11-08,28.775,76.925,0.0002482658687746,0.2575375318031493,254.8
delhi_ncr,2025-11-08,28.775,76.975,0.0002185676460319,0.2610190301152159,244.3
delhi_ncr,2025-11-08,28.775,77.025,0.000228438127142,0.2626954304218318,248.3
delhi_ncr,2025-11-08,28.775,77.075,0.0002728315959923,0.2630937456692087,265.1
delhi_ncr,2025-11-08,28.775,77.125,0.0003611352106021,0.2617879603364206,298.2
delhi_ncr,2025-11-08,28.775,77.175,0.0001726248052868,0.2611776906171661,227.0
delhi_ncr,2025-11-08,28.775,77.225,0.0001990971524488,0.2623985689730864,237.2
delhi_ncr,2025-11-08,28.775,77.275,0.000237750111277,0.262075907555206,251.7
delhi_ncr,2025-11-08,28.775,77.325,0.0002764478331128,0.2606148990888871,266.0
delhi_ncr,2025-11-08,28.775,77.375,0.0005413881314362,0.2657449320419654,367.0
delhi_ncr,2025-11-08,28.775,77.425,0.0004319428497816,0.2602318606229231,324.6
delhi_ncr,2025-11-08,28.775,77.475,0.0002745547683668,0.2586359802129925,265.0
delhi_ncr,2025-11-08,28.775,77.525,0.0001920767968699,0.2568771742911245,233.5
delhi_ncr,2025-11-08,28.775,77.55,0.000204334022814,0.2670906176934289,240.0
delhi_ncr,2025-11-08,28.825,76.825,0.0003631205388957,0.2559541254102331,297.9
delhi_ncr,2025-11-08,28.825,76.875,0.0003620340508671,0.2549081939609282,297.3
delhi_ncr,2025-11-08,28.825,76.925,0.0004008255535881,0.2635063467688682,313.5
delhi_ncr,2025-11-08,28.825,76.975,0.0003392366231768,0.264598237985067,290.5
delhi_ncr,2025-11-08,28.825,77.025,0.0002777182688763,0.2634898646448448,267.0
delhi_ncr,2025-11-08,28.825,77.075,0.000247805561092,0.2613356302994197,255.4
delhi_ncr,2025-11-08,28.825,77.125,0.0003136466656124,0.2596534841401338,279.9
delhi_ncr,2025-11-08,28.825,77.175,0.0003049414714089,0.2593862523103673,276.6
delhi_ncr,2025-11-08,28.825,77.225,0.00020030917458,0.2593679689627929,237.1
delhi_ncr,2025-11-08,28.825,77.275,0.0001552629990646,0.259960440691207,220.2
delhi_ncr,2025-11-08,28.825,77.325,0.0002177162549055,0.2613896168382574,244.0
delhi_ncr,2025-11-08,28.825,77.375,0.0004665260717544,0.265004201000331,338.6
delhi_ncr,2025-11-08,28.825,77.425,0.0003526030184808,0.2652041476233962,295.6
delhi_ncr,2025-11-08,28.825,77.475,0.0002279097113719,0.2624822609016395,248.1
delhi_ncr,2025-11-08,28.825,77.525,0.0001642715187114,0.266943836205024,224.9
delhi_ncr,2025-11-08,28.875,76.825,0.0001564144728615,0.2615844257368039,220.9
delhi_ncr,2025-11-08,28.875,76.875,0.0001657075076011,0.2611360440835586,224.3
delhi_ncr,2025-11-08,28.875,76.925,0.0002730050124515,0.2643469438643365,265.4
delhi_ncr,2025-11-08,28.875,76.975,0.0002783012056372,0.2642244363748035,267.4
delhi_ncr,2025-11-08,28.875,77.025,0.0002733153643078,0.2624413716096329,265.2
delhi_ncr,2025-11-08,28.875,77.075,0.0002691152366937,0.259975737770012,263.2
delhi_ncr,2025-11-08,28.875,77.125,0.0002644068144938,0.2600687484565074,261.4
delhi_ncr,2025-11-08,28.875,77.175,0.0002979460418216,0.2503967692985333,272.3
delhi_ncr,2025-11-08,28.875,77.225,0.000289825091226,0.2481824110462566,268.8
delhi_ncr,2025-11-08,28.875,77.275,0.0002677263408514,0.2474265181206988,260.3
delhi_ncr,2025-11-08,28.875,77.325,0.0002482745798502,0.2478191821478578,253.1
delhi_ncr,2025-11-08,28.875,77.375,0.0003108636030533,0.2549913198252699,278.0
delhi_ncr,2025-11-08,28.875,77.425,0.0001387322511748,0.254189683988656,212.9
delhi_ncr,2025-11-08,28.875,77.475,0.0001308521190271,0.253713705971952,209.8
delhi_ncr,2025-11-08,28.875,77.525,0.0002008858977794,0.2561529078573493,236.7
delhi_ncr,2025-11-08,28.875,77.55,0.0002703610933473,0.2678368333419126,265.1
delhi_ncr,2025-11-09,28.375,76.825,0.0003016710660531,0.1886434340033404,262.4
delhi_ncr,2025-11-09,28.375,76.875,0.0002604563082692,0.1765775190105826,244.7
delhi_ncr,2025-11-09,28.375,76.925,0.0002615214083617,0.1600329252416316,242.0
delhi_ncr,2025-11-09,28.375,76.975,0.0002565110469178,0.1576922308939327,239.7
delhi_ncr,2025-11-09,28.375,77.025,0.0002455419974901,0.1493157347713664,234.0
delhi_ncr,2025-11-09,28.375,77.075,0.0002388900460336,0.1343437075324307,228.8
delhi_ncr,2025-11-09,28.375,77.125,0.0002813726063881,0.1193793748633883,242.1
delhi_ncr,2025-11-09,28.375,77.175,0.0002814138923298,0.1191759355966769,242.1
delhi_ncr,2025-11-09,28.375,77.225,0.0002728393756565,0.1206989225528762,239.1
delhi_ncr,2025-11-09,28.375,77.275,0.0002511021562019,0.1227589317844969,231.3
delhi_ncr,2025-11-09,28.375,77.325,0.0002151685315981,0.1243827946406566,218.0
delhi_ncr,2025-11-09,28.375,77.375,0.0001576463412249,0.1210446185958674,195.7
delhi_ncr,2025-11-09,28.375,77.425,0.0001579026110575,0.1205240448953756,195.7
delhi_ncr,2025-11-09,28.375,77.475,0.0002275053225859,0.1202181896494351,221.9
delhi_ncr,2025-11-09,28.375,77.525,0.0003150947963815,0.1197610482834096,254.9
delhi_ncr,2025-11-09,28.375,77.55,0.0003102713382377,0.1165353894980738,252.5
delhi_ncr,2025-11-09,28.425,76.825,0.0002127457697031,0.1700843987382098,225.5
delhi_ncr,2025-11-09,28.425,76.875,0.0001843406489239,0.1654990231623237,213.9
delhi_ncr,2025-11-09,28.425,76.925,0.0003208629063524,0.1605763827948328,264.5
delhi_ncr,2025-11-09,28.425,76.975,0.0003287862822307,0.1603356105312892,267.5
delhi_ncr,2025-11-09,28.425,77.025,0.0003138222211194,0.157141920713201,261.2
delhi_ncr,2025-11-09,28.425,77.075,0.0002972035173961,0.1502993696097593,253.7
delhi_ncr,2025-11-09,28.425,77.125,0.0003024851546904,0.1392507399730797,253.7
delhi_ncr,2025-11-09,28.425,77.175,0.0002036862583809,0.1355392298643264,215.7
delhi_ncr,2025-11-09,28.425,77.225,0.00021332779876,0.135482232043157,219.4
delhi_ncr,2025-11-09,28.425,77.275,0.0002250071177732,0.136501480573033,224.0
delhi_ncr,2025-11-09,28.425,77.325,0.0002228622817024,0.1377396381666601,223.4
delhi_ncr,2025-11-09,28.425,77.375,0.0002494686335171,0.138006802079697,233.5
delhi_ncr,2025-11-09,28.425,77.425,0.000246443739655,0.1377068042189395,232.3
delhi_ncr,2025-11-09,28.425,77.475,0.0002901239295557,0.1372205469677437,248.7
delhi_ncr,2025-11-09,28.425,77.525,0.0003803638655673,0.135010749182746,282.3
delhi_ncr,2025-11-09,28.425,77.55,0.0004949380813576,0.1299745562339531,324.6
delhi_ncr,2025-11-09,28.475,76.825,0.0001217898226156,0.1494536352137348,187.4
delhi_ncr,2025-11-09,28.475,76.875,0.0001018933431194,0.1490427095711519,179.8
delhi_ncr,2025-11-09,28.475,76.925,0.0003264169603979,0.1547267921584728,265.6
delhi_ncr,2025-11-09,28.475,76.975,0.0003631258631712,0.1573651371672237,279.9
delhi_ncr,2025-11-09,28.475,77.025,0.00036079583494,0.1593968866404453,279.4
delhi_ncr,2025-11-09,28.475,77.075,0.0003360918466938,0.1600479374658246,270.2
delhi_ncr,2025-11-09,28.475,77.125,0.0002800730418132,0.1548258732790497,248.1
delhi_ncr,2025-11-09,28.475,77.175,0.0001599277599014,0.1497529506960601,201.8
delhi_ncr,2025-11-09,28.475,77.225,0.0001486029094972,0.148795340278959,197.4
delhi_ncr,2025-11-09,28.475,77.275,0.0001617697825067,0.1486476123467081,202.3
delhi_ncr,2025-11-09,28.475,77.325,0.0001960828282989,0.1488665198145813,215.3
delhi_ncr,2025-11-09,28.475,77.375,0.0003767689885126,0.1507521226680604,283.8
delhi_ncr,2025-11-09,28.475,77.425,0.0003611059805016,0.1505773083865754,277.9
delhi_ncr,2025-11-09,28.475,77.475,0.0003719308458877,0.1501848740625152,281.9
delhi_ncr,2025-11-09,28.475,77.525,0.0004215113839515,0.1470045810301105,300.0
delhi_ncr,2025-11-09,28.475,77.55,0.0004779715834342,0.1420589638001748,320.4
delhi_ncr,2025-11-09,28.525,76.825,7.591209299284448e-05,0.128991630274477,166.3
delhi_ncr,2025-11-09,28.525,76.875,4.440239519735874e-05,0.1286402834622885,154.4
delhi_ncr,2025-11-09,28.525,76.925,0.00023711604551,0.1412204698079799,229.4
delhi_ncr,2025-11-09,28.525,76.975,0.000321139456762,0.1477929965753543,262.3
delhi_ncr,2025-11-09,28.525,77.025,0.000342424162113,0.1532203808331512,271.3
delhi_ncr,2025-11-09,28.525,77.075,0.0003005127637968,0.1570503171823793,256.2
delhi_ncr,2025-11-09,28.525,77.125,0.0001593199733206,0.1560545957376524,202.7
delhi_ncr,2025-11-09,28.525,77.175,0.0001971769649718,0.1542088045580821,216.7
delhi_ncr,2025-11-09,28.525,77.225,0.0001211877921265,0.1537119315866071,187.9
delhi_ncr,2025-11-09,28.525,77.275,6.924793011783969e-05,0.1534800498852048,168.3
delhi_ncr,2025-11-09,28.525,77.325,0.0001095363987244,0.1534030983920957,183.5
delhi_ncr,2025-11-09,28.525,77.375,0.0004762331924747,0.1539057025320287,321.9
delhi_ncr,2025-11-09,28.525,77.425,0.0004394347549139,0.1537542805376778,308.0
delhi_ncr,2025-11-09,28.525,77.475,0.000387626658214,0.1531904305149592,288.4
delhi_ncr,2025-11-09,28.525,77.525,0.0003742915447915,0.1500313677767998,282.8
delhi_ncr,2025-11-09,28.525,77.55,0.0003646524188323,0.1366744335615745,276.7
delhi_ncr,2025-11-09,28.575,76.825,0.0003294986679846,0.1196451808728435,260.3
delhi_ncr,2025-11-09,28.575,76.875,0.000340305930975,0.1205768370992496,264.6
delhi_ncr,2025-11-09,28.575,76.925,0.000363507643964,0.1344104552193674,275.8
delhi_ncr,2025-11-09,28.575,76.975,0.0003498924970403,0.1418106407468558,272.1
delhi_ncr,2025-11-09,28.575,77.025,0.0003661728589905,0.1454082196421467,278.9
delhi_ncr,2025-11-09,28.575,77.075,0.0003915371912537,0.1457159755564667,288.5
delhi_ncr,2025-11-09,28.575,77.125,0.0003008655254429,0.1444422257770098,254.0
delhi_ncr,2025-11-09,28.575,77.175,0.0002232538880104,0.1433839185552032,224.5
delhi_ncr,2025-11-09,28.575,77.225,0.0003998572428651,0.14425311390574,291.4
delhi_ncr,2025-11-09,28.575,77.275,0.0005112233086729,0.1450940296289681,333.5
delhi_ncr,2025-11-09,28.575,77.325,0.0004941536690677,0.1458395403785607,327.2
delhi_ncr,2025-11-09,28.575,77.375,0.0004380886636935,0.1493357805885352,306.7
delhi_ncr,2025-11-09,28.575,77.425,0.0004784222844349,0.1482329025865067,321.7
delhi_ncr,2025-11-09,28.575,77.475,0.0004412765906892,0.143442525290157,306.8
delhi_ncr,2025-11-09,28.575,77.525,0.0003783710084191,0.1363787603530913,281.8
delhi_ncr,2025-11-09,28.625,76.825,0.0003549263848024,0.1203758235727738,270.0
delhi_ncr,2025-11-09,28.625,76.875,0.0003171100707057,0.1233507538802086,256.3
delhi_ncr,2025-11-09,28.625,76.925,0.0002907043402647,0.1312604600484045,247.8
delhi_ncr,2025-11-09,28.625,76.975,0.0003224931674581,0.1344693874248839,260.4
delhi_ncr,2025-11-09,28.625,77.025,0.0003424735014656,0.1351335206581237,268.0
delhi_ncr,2025-11-09,28.625,77.075,0.0003249760673956,0.133460341452024,261.1
delhi_ncr,2025-11-09,28.625,77.125,0.0002003280002418,0.1304161869721818,213.5
delhi_ncr,2025-11-09,28.625,77.175,0.0001721496957645,0.1299133480623338,202.8
delhi_ncr,2025-11-09,28.625,77.225,0.0001878278338199,0.1274533900415541,208.3
delhi_ncr,2025-11-09,28.625,77.275,0.0002163469018092,0.1255652936625005,218.7
delhi_ncr,2025-11-09,28.625,77.325,0.0002485750358598,0.1246418708773952,230.7
delhi_ncr,2025-11-09,28.625,77.375,0.0002870347990329,0.1237566070633133,245.0
delhi_ncr,2025-11-09,28.625,77.425,0.000421367315661,0.1220255960547686,295.4
delhi_ncr,2025-11-09,28.625,77.475,0.0003170715906257,0.1216365570432268,256.0
delhi_ncr,2025-11-09,28.625,77.525,0.000232738817085,0.1208693283145325,224.0
delhi_ncr,2025-11-09,28.625,77.55,0.0002703535613648,0.1229627822934567,238.6
delhi_ncr,2025-11-09,28.675,76.825,0.0003904912602749,0.1183755702360273,283.1
delhi_ncr,2025-11-09,28.675,76.875,0.0003217110361431,0.1210211602397424,257.6
delhi_ncr,2025-11-09,28.675,76.925,0.0002662659283562,0.1242920574552903,237.3
delhi_ncr,2025-11-09,28.675,76.975,0.0002794586187367,0.1252480521368576,242.4
delhi_ncr,2025-11-09,28.675,77.025,0.0003505429857408,0.1246529628361615,269.2
delhi_ncr,2025-11-09,28.675,77.075,0.0003995105888721,0.1228164317007015,287.3
delhi_ncr,2025-11-09,28.675,77.125,7.31084952484623e-05,0.1198636184113234,163.6
delhi_ncr,2025-11-09,28.675,77.175,6.920998931148609e-05,0.119877834859038,162.1
delhi_ncr,2025-11-09,28.675,77.225,0.0002046801036372,0.1172586733486154,212.8
delhi_ncr,2025-11-09,28.675,77.275,0.0002719619004959,0.1145588783695693,237.7
delhi_ncr,2025-11-09,28.675,77.325,0.00023888281019,0.1122531815355026,224.8
delhi_ncr,2025-11-09,28.675,77.375,0.0002179548731864,0.1097937179722061,216.4
delhi_ncr,2025-11-09,28.675,77.425,0.0002778368249019,0.1081632328757178,238.7
delhi_ncr,2025-11-09,28.675,77.475,0.0002632463595785,0.1097056602491193,233.5
delhi_ncr,2025-11-09,28.675,77.525,0.0002523642075192,0.1116808333742708,229.7
delhi_ncr,2025-11-09,28.675,77.55,0.0002651683016311,0.1132769916845831,234.9
delhi_ncr,2025-11-09,28.725,76.825,0.0003836177122916,0.1143308907320218,279.8
delhi_ncr,2025-11-09,28.725,76.875,0.0003757310494763,0.1137397692424509,276.7
delhi_ncr,2025-11-09,28.725,76.925,0.0003220892990558,0.1127822512991949,256.3
delhi_ncr,2025-11-09,28.725,76.975,0.0003075784064628,0.1123769703743513,250.7
delhi_ncr,2025-11-09,28.725,77.025,0.0003837548813471,0.1113425464901649,279.3
delhi_ncr,2025-11-09,28.725,77.075,0.0004518037400713,0.1097140524332496,304.7
delhi_ncr,2025-11-09,28.725,77.125,2.058989572405776e-05,0.1085085288347744,141.7
delhi_ncr,2025-11-09,28.725,77.175,2.3484380117191145e-05,0.108666914231432,142.8
delhi_ncr,2025-11-09,28.725,77.225,0.0002415046349121,0.1069771533406226,224.8
delhi_ncr,2025-11-09,28.725,77.275,0.0003309861651737,0.1045037061995395,258.1
delhi_ncr,2025-11-09,28.725,77.325,0.0002383112542123,0.1015294827601137,222.6
delhi_ncr,2025-11-09,28.725,77.375,0.0001886637534688,0.0998485498062183,203.5
delhi_ncr,2025-11-09,28.725,77.425,0.0001817454395955,0.0988795558338976,200.8
delhi_ncr,2025-11-09,28.725,77.475,0.0002549303298156,0.1008769079970084,228.7
delhi_ncr,2025-11-09,28.725,77.525,0.000322484370426,0.1031171810410438,254.6
delhi_ncr,2025-11-09,28.725,77.55,0.0004043650307346,0.1001482200800756,285.0
delhi_ncr,2025-11-09,28.775,76.825,0.0002882696640889,0.108307012975757,242.7
delhi_ncr,2025-11-09,28.775,76.875,0.000502808827817,0.1010333143878626,322.3
delhi_ncr,2025-11-09,28.775,76.925,0.0004960054765647,0.0954154582873598,318.7
delhi_ncr,2025-11-09,28.775,76.975,0.0004866937958666,0.0944585938381309,315.0
delhi_ncr,2025-11-09,28.775,77.025,0.0004431072283066,0.0931125404451918,298.3
delhi_ncr,2025-11-09,28.775,77.075,0.0003497799608315,0.0915583462809927,262.8
delhi_ncr,2025-11-09,28.775,77.125,0.0001371553731088,0.0931884104867894,182.9
delhi_ncr,2025-11-09,28.775,77.175,0.0001317236397298,0.0928344769016661,180.8
delhi_ncr,2025-11-09,28.775,77.225,0.0001329280426822,0.0916429303298659,181.0
delhi_ncr,2025-11-09,28.775,77.275,0.0001071469926264,0.089566728737738,170.9
delhi_ncr,2025-11-09,28.775,77.325,7.050765922272276e-05,0.0873213895510529,156.7
delhi_ncr,2025-11-09,28.775,77.375,0.0001732819349698,0.0888833721603337,195.7
delhi_ncr,2025-11-09,28.775,77.425,0.0002494840407536,0.0896048234159026,224.6
delhi_ncr,2025-11-09,28.775,77.475,0.0002808510124635,0.0904524308591704,236.6
delhi_ncr,2025-11-09,28.775,77.525,0.000362673925828,0.0909811675140106,267.6
delhi_ncr,2025-11-09,28.775,77.55,0.0003831729465462,0.0857916820886785,274.4
delhi_ncr,2025-11-09,28.825,76.825,0.0002332171683233,0.1060291049573255,221.5
delhi_ncr,2025-11-09,28.825,76.875,0.000413305032016,0.0978166084785972,287.9
delhi_ncr,2025-11-09,28.825,76.925,0.0004176418910117,0.0883359437084822,287.9
delhi_ncr,2025-11-09,28.825,76.975,0.0004243923682273,0.0874622560269584,290.2
delhi_ncr,2025-11-09,28.825,77.025,0.0003668960830379,0.0862359968607779,268.3
delhi_ncr,2025-11-09,28.825,77.075,0.0002516331856278,0.0844153393512448,224.5
delhi_ncr,2025-11-09,28.825,77.125,0.0001153072386842,0.0855647680279475,173.2
delhi_ncr,2025-11-09,28.825,77.175,0.0001041768038032,0.0842107502846446,168.8
delhi_ncr,2025-11-09,28.825,77.225,9.369788556744432e-05,0.0827110919732209,164.6
delhi_ncr,2025-11-09,28.825,77.275,0.0001603506977629,0.0818248080202919,189.6
delhi_ncr,2025-11-09,28.825,77.325,0.0002638392531206,0.082072650074735,228.7
delhi_ncr,2025-11-09,28.825,77.375,3.930691195051242e-05,0.085403172433131,144.5
delhi_ncr,2025-11-09,28.825,77.425,3.574323852160551e-06,0.0859368257548096,131.2
delhi_ncr,2025-11-09,28.825,77.475,4.265295063880999e-05,0.0835359542636307,145.5
delhi_ncr,2025-11-09,28.825,77.525,0.0001367354447019,0.0813625297098327,180.6
delhi_ncr,2025-11-09,28.875,76.825,0.0003130303411537,0.096734253699605,249.9
delhi_ncr,2025-11-09,28.875,76.875,0.0002742682550759,0.0899139602444095,234.0
delhi_ncr,2025-11-09,28.875,76.925,0.0004348404854462,0.0795881245341155,292.7
delhi_ncr,2025-11-09,28.875,76.975,0.000428340239524,0.0792677432342915,290.2
delhi_ncr,2025-11-09,28.875,77.025,0.0003581347468621,0.0806573464688514,264.0
delhi_ncr,2025-11-09,28.875,77.075,0.0002722533790724,0.0828630650509034,232.0
delhi_ncr,2025-11-09,28.875,77.125,0.0003090636620883,0.0874316406279194,246.7
delhi_ncr,2025-11-09,28.875,77.175,0.0003334197087294,0.085984125654872,255.6
delhi_ncr,2025-11-09,28.875,77.225,0.0003065598367631,0.0848091494365647,245.3
delhi_ncr,2025-11-09,28.875,77.275,0.0002867364355427,0.0839997841757629,237.7
delhi_ncr,2025-11-09,28.875,77.325,0.0003220405302208,0.0834075838196657,250.9
delhi_ncr,2025-11-09,28.875,77.375,0.0006292259033574,0.0815542871580638,366.5
delhi_ncr,2025-11-09,28.875,77.425,0.0006160131317655,0.0817309304590473,361.5
delhi_ncr,2025-11-09,28.875,77.475,0.0004558350176818,0.0756490314731234,299.9
delhi_ncr,2025-11-09,28.875,77.525,0.0003194081939377,0.071156092066094,247.6
delhi_ncr,2025-11-09,28.875,77.55,0.0002629163493127,0.0740788498938439,226.9
delhi_ncr,2025-11-10,28.375,76.825,0.0003605670363632,0.2099980316150689,288.5
delhi_ncr,2025-11-10,28.375,76.875,0.0004479552052552,0.2216865025532793,323.7
delhi_ncr,2025-11-10,28.375,76.925,0.0003373540429995,0.2244524484859222,282.4
delhi_ncr,2025-11-10,28.375,76.975,0.0003332992905603,0.2223315191652492,280.5
delhi_ncr,2025-11-10,28.375,77.025,0.000333543930678,0.2219801407785185,280.5
delhi_ncr,2025-11-10,28.375,77.075,0.0003411772485312,0.223336565795425,283.7
delhi_ncr,2025-11-10,28.375,77.125,0.0004307225150812,0.2223095041556106,317.3
delhi_ncr,2025-11-10,28.375,77.175,0.0003022230119201,0.2247179925206835,269.2
delhi_ncr,2025-11-10,28.375,77.225,0.0002923767269253,0.2246744741955795,265.5
delhi_ncr,2025-11-10,28.375,77.275,0.0003572061835392,0.2202988608029971,289.2
delhi_ncr,2025-11-10,28.375,77.325,0.0004750552972148,0.2092589744276644,331.6
delhi_ncr,2025-11-10,28.375,77.375,0.0005698430797438,0.1775356003416805,361.6
delhi_ncr,2025-11-10,28.375,77.425,0.0004663550831471,0.163032840584043,319.9
delhi_ncr,2025-11-10,28.375,77.475,0.0004141363671364,0.1499421946714015,297.8
delhi_ncr,2025-11-10,28.375,77.525,0.0003864011797825,0.1380439630859136,285.1
delhi_ncr,2025-11-10,28.375,77.55,0.0003658371630567,0.1307088027915192,276.0
delhi_ncr,2025-11-10,28.425,76.825,0.0002678488335678,0.2032173895744416,252.3
delhi_ncr,2025-11-10,28.425,76.875,0.0003915351323002,0.2149635032750373,301.1
delhi_ncr,2025-11-10,28.425,76.925,0.0004044114273005,0.2253385913903804,307.9
delhi_ncr,2025-11-10,28.425,76.975,0.0004558436686854,0.2274851149696082,327.7
delhi_ncr,2025-11-10,28.425,77.025,0.0004267912327042,0.2285526636905568,316.9
delhi_ncr,2025-11-10,28.425,77.075,0.0003493252367578,0.2275648251806172,287.5
delhi_ncr,2025-11-10,28.425,77.125,0.0004045350286388,0.214851910453599,306.0
delhi_ncr,2025-11-10,28.425,77.175,0.0002966714693994,0.2066267247715688,263.8
delhi_ncr,2025-11-10,28.425,77.225,0.0003034037157144,0.1930295874109167,263.9
delhi_ncr,2025-11-10,28.425,77.275,0.0003622694639711,0.1815600125833637,284.0
delhi_ncr,2025-11-10,28.425,77.325,0.0004523699632263,0.1723800615950428,316.3
delhi_ncr,2025-11-10,28.425,77.375,0.0005260438108617,0.1501033349598092,340.0
delhi_ncr,2025-11-10,28.425,77.425,0.0004507833967381,0.1415827218846852,310.1
delhi_ncr,2025-11-10,28.425,77.475,0.0004966148810217,0.1338143472583756,326.0
delhi_ncr,2025-11-10,28.425,77.525,0.0005089163484908,0.12348124320112,328.7
delhi_ncr,2025-11-10,28.425,77.55,0.0004413704721259,0.113003144514146,301.3
delhi_ncr,2025-11-10,28.475,76.825,0.0001755285924806,0.2005373499557273,217.0
delhi_ncr,2025-11-10,28.475,76.875,0.0003687043729893,0.2075785336252162,291.2
delhi_ncr,2025-11-10,28.475,76.925,0.0005077325162206,0.2190762304809932,345.7
delhi_ncr,2025-11-10,28.475,76.975,0.0005920939545561,0.2264839845037773,378.9
delhi_ncr,2025-11-10,28.475,77.025,0.0005302492419142,0.2316768699842131,356.5
delhi_ncr,2025-11-10,28.475,77.075,0.0003705904289828,0.2301659080964481,296.0
delhi_ncr,2025-11-10,28.475,77.125,0.000363207525738,0.201380166992439,288.0
delhi_ncr,2025-11-10,28.475,77.175,0.000323627636858,0.1847189326855083,270.0
delhi_ncr,2025-11-10,28.475,77.225,0.0003604652756752,0.1630491273092687,279.9
delhi_ncr,2025-11-10,28.475,77.275,0.0004084028713324,0.1484695752051711,295.4
delhi_ncr,2025-11-10,28.475,77.325,0.0004444350304842,0.1426186536515997,307.9
delhi_ncr,2025-11-10,28.475,77.375,0.0004272080090647,0.1289440260249802,298.9
delhi_ncr,2025-11-10,28.475,77.425,0.0004279975441231,0.1236460782865144,298.2
delhi_ncr,2025-11-10,28.475,77.475,0.0004912896284148,0.1182616615577255,321.1
delhi_ncr,2025-11-10,28.475,77.525,0.000525037259839,0.1084057264793878,332.0
delhi_ncr,2025-11-10,28.475,77.55,0.0005046729557397,0.0914071819172823,321.3
delhi_ncr,2025-11-10,28.525,76.825,0.0001334696251932,0.2030624333369891,201.6
delhi_ncr,2025-11-10,28.525,76.875,0.0004222947814358,0.2010798326931519,310.2
delhi_ncr,2025-11-10,28.525,76.925,0.0005506737991147,0.1960904806918321,357.7
delhi_ncr,2025-11-10,28.525,76.975,0.0005900608775996,0.2087981848058544,374.9
delhi_ncr,2025-11-10,28.525,77.025,0.0005210342116474,0.2235058755702268,351.6
delhi_ncr,2025-11-10,28.525,77.075,0.0003847199152883,0.2289789909374105,301.1
delhi_ncr,2025-11-10,28.525,77.125,0.0003290816618221,0.1878548031049176,272.6
delhi_ncr,2025-11-10,28.525,77.175,0.0004078542507502,0.1720903509481687,299.5
delhi_ncr,2025-11-10,28.525,77.225,0.0004377187001249,0.154599062321934,307.5
delhi_ncr,2025-11-10,28.525,77.275,0.000444859601208,0.1435347149037237,308.2
delhi_ncr,2025-11-10,28.525,77.325,0.0004312300851576,0.1391479093717329,302.3
delhi_ncr,2025-11-10,28.525,77.375,0.0003770233186786,0.1248127578200993,279.2
delhi_ncr,2025-11-10,28.525,77.425,0.0004103278105691,0.1183122669363218,290.6
delhi_ncr,2025-11-10,28.525,77.475,0.0002929247446312,0.1101012842665454,244.8
delhi_ncr,2025-11-10,28.525,77.525,0.0003036533732947,0.0982403919686561,246.6
delhi_ncr,2025-11-10,28.525,77.55,0.0004539474851658,0.0764906698532484,299.4
delhi_ncr,2025-11-10,28.575,76.825,0.0002426717304687,0.2381831400803706,249.2
delhi_ncr,2025-11-10,28.575,76.875,0.0004077852922032,0.2411613158153324,312.0
delhi_ncr,2025-11-10,28.575,76.925,0.0004025253537846,0.2404036168867169,309.9
delhi_ncr,2025-11-10,28.575,76.975,0.0003766764939534,0.2356632921060435,299.3
delhi_ncr,2025-11-10,28.575,77.025,0.0004118333257273,0.221487892943571,310.0
delhi_ncr,2025-11-10,28.575,77.075,0.0004512479989782,0.1988083530247309,320.7
delhi_ncr,2025-11-10,28.575,77.125,0.0002055759181459,0.16811514486417,222.4
delhi_ncr,2025-11-10,28.575,77.175,0.0004604534703568,0.1608481577241104,317.3
delhi_ncr,2025-11-10,28.575,77.225,0.0005101212599687,0.1479580576229269,333.6
delhi_ncr,2025-11-10,28.575,77.275,0.0005647560976014,0.1373685664304548,352.3
delhi_ncr,2025-11-10,28.575,77.325,0.0006294650494118,0.1303556542745946,375.5
delhi_ncr,2025-11-10,28.575,77.375,0.0004728264806149,0.1176966757102183,314.0
delhi_ncr,2025-11-10,28.575,77.425,0.0003917468630876,0.1103410054848337,282.1
delhi_ncr,2025-11-10,28.575,77.475,0.0003231386853334,0.0977171675232209,253.9
delhi_ncr,2025-11-10,28.575,77.525,0.0003223019324281,0.0827128806430597,250.8
delhi_ncr,2025-11-10,28.625,76.825,0.0003700338258304,0.2281005383209358,295.4
delhi_ncr,2025-11-10,28.625,76.875,0.0004589052712107,0.2266980618022001,328.7
delhi_ncr,2025-11-10,28.625,76.925,0.0003782761920944,0.2218870852591871,297.4
delhi_ncr,2025-11-10,28.625,76.975,0.0004169149151036,0.2187871038522176,311.4
delhi_ncr,2025-11-10,28.625,77.025,0.0003990591860137,0.2069626676892543,302.5
delhi_ncr,2025-11-10,28.625,77.075,0.00033360346844,0.1863669975699829,274.0
delhi_ncr,2025-11-10,28.625,77.125,0.0003531116358477,0.159819188392362,276.6
delhi_ncr,2025-11-10,28.625,77.175,0.0003810224267101,0.1504461481916587,285.4
delhi_ncr,2025-11-10,28.625,77.225,0.0003297151333765,0.1397492773841337,264.1
delhi_ncr,2025-11-10,28.625,77.275,0.0003414979233801,0.1311084654059922,266.9
delhi_ncr,2025-11-10,28.625,77.325,0.00042510544565,0.1244446126366083,297.3
delhi_ncr,2025-11-10,28.625,77.375,0.0004383545359037,0.1082128550443548,299.3
delhi_ncr,2025-11-10,28.625,77.425,0.0003721310213085,0.1018998090180678,273.2
delhi_ncr,2025-11-10,28.625,77.475,0.0003074141626489,0.0950795113273553,247.5
delhi_ncr,2025-11-10,28.625,77.525,0.0003572924978233,0.0841896578342827,264.3
delhi_ncr,2025-11-10,28.625,77.55,0.000486793204908,0.0696478017471745,310.5
delhi_ncr,2025-11-10,28.675,76.825,0.0003424291094439,0.2152708176510921,282.7
delhi_ncr,2025-11-10,28.675,76.875,0.0004048022546798,0.211609380899603,305.5
delhi_ncr,2025-11-10,28.675,76.925,0.0002987812989684,0.2039013533348065,264.1
delhi_ncr,2025-11-10,28.675,76.975,0.0002720019240783,0.1984085028545215,253.0
delhi_ncr,2025-11-10,28.675,77.025,0.0003019521075639,0.1871025430954243,262.2
delhi_ncr,2025-11-10,28.675,77.075,0.0003717833550265,0.1703784548315818,285.5
delhi_ncr,2025-11-10,28.675,77.125,0.000435080311341,0.1482022480981207,305.4
delhi_ncr,2025-11-10,28.675,77.175,0.0003734291503487,0.1399929043639382,280.6
delhi_ncr,2025-11-10,28.675,77.225,0.0003023026915568,0.1311941116451418,252.2
delhi_ncr,2025-11-10,28.675,77.275,0.0003045926327945,0.1239584678197441,251.7
delhi_ncr,2025-11-10,28.675,77.325,0.0003942138268992,0.1176838156846287,284.4
delhi_ncr,2025-11-10,28.675,77.375,0.0005271901840086,0.1004279919196288,331.4
delhi_ncr,2025-11-10,28.675,77.425,0.000471552572598,0.0951941411419861,309.5
delhi_ncr,2025-11-10,28.675,77.475,0.0004340925220869,0.0896800474983485,294.3
delhi_ncr,2025-11-10,28.675,77.525,0.0004123345075563,0.0796502334219461,284.3
delhi_ncr,2025-11-10,28.675,77.55,0.0004120218261127,0.0657753157891745,281.6
delhi_ncr,2025-11-10,28.725,76.825,0.0003711375617447,0.1975928738214605,290.3
delhi_ncr,2025-11-10,28.725,76.875,0.0003757684957899,0.1916259089177702,290.9
delhi_ncr,2025-11-10,28.725,76.925,0.0003134899421177,0.1790411921331456,265.1
delhi_ncr,2025-11-10,28.725,76.975,0.0001982450164472,0.1702981419349197,220.0
delhi_ncr,2025-11-10,28.725,77.025,0.0002618588784852,0.1598586784255384,242.1
delhi_ncr,2025-11-10,28.725,77.075,0.0004550654947873,0.1475198768703226,312.8
delhi_ncr,2025-11-10,28.725,77.125,0.0004472426456804,0.1332460388856262,307.2
delhi_ncr,2025-11-10,28.725,77.175,0.0004203389837706,0.1272363924559044,296.0
delhi_ncr,2025-11-10,28.725,77.225,0.0003327374570949,0.1197628773963886,261.6
delhi_ncr,2025-11-10,28.725,77.275,0.0003193586310263,0.1135969238093132,255.4
delhi_ncr,2025-11-10,28.725,77.325,0.0004105822213968,0.1080040914699456,288.8
delhi_ncr,2025-11-10,28.725,77.375,0.0005994217576324,0.0929739594471209,357.3
delhi_ncr,2025-11-10,28.725,77.425,0.0005468973178916,0.0881959695498867,336.6
delhi_ncr,2025-11-10,28.725,77.475,0.0005090142156577,0.0821694543460796,321.2
delhi_ncr,2025-11-10,28.725,77.525,0.0004023184653867,0.0707452764845204,278.9
delhi_ncr,2025-11-10,28.725,77.55,0.0001997849838123,0.0485655083240426,198.4
delhi_ncr,2025-11-10,28.775,76.825,0.0006334412636501,0.1728788077778164,384.7
delhi_ncr,2025-11-10,28.775,76.875,0.0004800973530327,0.1631822908546298,325.1
delhi_ncr,2025-11-10,28.775,76.925,0.0005563452984049,0.1405952460464411,349.7
delhi_ncr,2025-11-10,28.775,76.975,0.0004148192706899,0.1314535726621491,294.7
delhi_ncr,2025-11-10,28.775,77.025,0.0004024553122778,0.1230175001086942,288.5
delhi_ncr,2025-11-10,28.775,77.075,0.0004942982136561,0.1154958075274003,321.7
delhi_ncr,2025-11-10,28.775,77.125,0.0003742538507636,0.1148527016701489,276.3
delhi_ncr,2025-11-10,28.775,77.175,0.0005093505316198,0.1103539264849835,326.5
delhi_ncr,2025-11-10,28.775,77.225,0.0003536596625676,0.1033173894319124,266.4
delhi_ncr,2025-11-10,28.775,77.275,0.0002850526576119,0.0976913235649123,239.5
delhi_ncr,2025-11-10,28.775,77.325,0.0003757177606597,0.0938463843085748,273.0
delhi_ncr,2025-11-10,28.775,77.375,0.0005391806395344,0.0850570654502658,333.1
delhi_ncr,2025-11-10,28.775,77.425,0.0004818711630317,0.0799099660448077,310.6
delhi_ncr,2025-11-10,28.775,77.475,0.0003700988861244,0.0731596363965638,267.1
delhi_ncr,2025-11-10,28.775,77.525,0.0002494089370664,0.0582724856742798,218.9
delhi_ncr,2025-11-10,28.775,77.55,0.000307550045782,0.048577054439895,239.0
delhi_ncr,2025-11-10,28.825,76.825,0.0005927177823339,0.1584979929783966,366.7
delhi_ncr,2025-11-10,28.825,76.875,0.0005342625246441,0.1467033688347498,342.5
delhi_ncr,2025-11-10,28.825,76.925,0.0005516383438657,0.1260184218258533,345.3
delhi_ncr,2025-11-10,28.825,76.975,0.000379201752684,0.1180244253560734,278.8
delhi_ncr,2025-11-10,28.825,77.025,0.0004416343087356,0.1114929127279701,301.1
delhi_ncr,2025-11-10,28.825,77.075,0.0006358065110559,0.105894461550495,373.4
delhi_ncr,2025-11-10,28.825,77.125,0.0002926042378826,0.1029486296474225,243.3
delhi_ncr,2025-11-10,28.825,77.175,0.0001834469488993,0.0987873540852367,201.4
delhi_ncr,2025-11-10,28.825,77.225,0.0002434018342268,0.0898908057554309,222.4
delhi_ncr,2025-11-10,28.825,77.275,0.0003257550737832,0.0834435654561706,252.3
delhi_ncr,2025-11-10,28.825,77.325,0.0003839243359298,0.0807401273209456,273.7
delhi_ncr,2025-11-10,28.825,77.375,0.0003460458522107,0.0762820437617398,258.6
delhi_ncr,2025-11-10,28.825,77.425,0.0004280732479975,0.0736852014036034,289.1
delhi_ncr,2025-11-10,28.825,77.475,0.0003702713874631,0.0721663401198341,267.0
delhi_ncr,2025-11-10,28.825,77.525,0.0003664725712901,0.0679225585843487,264.8
delhi_ncr,2025-11-10,28.875,76.825,0.0005334575499168,0.1295583851741434,339.1
delhi_ncr,2025-11-10,28.875,76.875,0.0003985774611399,0.1219024208858003,286.8
delhi_ncr,2025-11-10,28.875,76.925,0.0003687276159087,0.1068204019649372,272.8
delhi_ncr,2025-11-10,28.875,76.975,0.0003264095167166,0.101062275258702,255.7
delhi_ncr,2025-11-10,28.875,77.025,0.0004255214072132,0.0973544424885829,292.5
delhi_ncr,2025-11-10,28.875,77.075,0.0005778863154578,0.0941899979412035,349.4
delhi_ncr,2025-11-10,28.875,77.125,0.0003137557470842,0.0880016103836132,248.6
delhi_ncr,2025-11-10,28.875,77.175,0.0003027107360462,0.0826645126753239,243.4
delhi_ncr,2025-11-10,28.875,77.225,0.0002879653010952,0.0729446876117572,236.1
delhi_ncr,2025-11-10,28.875,77.275,0.0002833955137282,0.0657247940888503,233.1
delhi_ncr,2025-11-10,28.875,77.325,0.0002902103888331,0.0621953811559957,235.0
delhi_ncr,2025-11-10,28.875,77.375,0.0002664233870306,0.0578708207355465,225.2
delhi_ncr,2025-11-10,28.875,77.425,0.0001584177038359,0.0515556218975076,183.3
delhi_ncr,2025-11-10,28.875,77.475,0.0002428577353628,0.0425443315042337,213.5
delhi_ncr,2025-11-10,28.875,77.525,0.0003476031843136,0.0372852621300753,252.1
delhi_ncr,2025-11-10,28.875,77.55,0.0004307863831834,0.0457264205653021,285.0
delhi_ncr,2025-11-11,28.375,76.825,0.0003804788251032,0.0906003380078055,274.2
delhi_ncr,2025-11-11,28.375,76.875,0.000482092591628,0.0858904510542753,311.7
delhi_ncr,2025-11-11,28.375,76.925,0.0002229246604613,0.0731336448757163,211.6
delhi_ncr,2025-11-11,28.375,76.975,0.0003728816227644,0.0665653423811402,267.0
delhi_ncr,2025-11-11,28.375,77.025,0.0004684275526492,0.0609901401376757,302.0
delhi_ncr,2025-11-11,28.375,77.075,0.0004227274181543,0.0494458370055765,282.7
delhi_ncr,2025-11-11,28.375,77.125,0.0001132512437741,0.0017379217733107,157.2
delhi_ncr,2025-11-11,28.375,77.175,0.0002216161612101,0.0073506385530392,199.1
delhi_ncr,2025-11-11,28.375,77.225,0.0002352342088829,0.0631587240216898,214.4
delhi_ncr,2025-11-11,28.375,77.275,0.000285468630863,0.0947722237910419,239.1
delhi_ncr,2025-11-11,28.375,77.325,0.0003738137615532,0.0850458529135978,270.7
delhi_ncr,2025-11-11,28.375,77.375,0.000337817002295,0.0333232927394156,247.7
delhi_ncr,2025-11-11,28.375,77.425,0.0003130070923135,0.0250379117778547,236.8
delhi_ncr,2025-11-11,28.375,77.475,0.0003604122857857,0.0472666639856664,258.8
delhi_ncr,2025-11-11,28.375,77.525,0.0004055659061411,0.06531959241224,279.1
delhi_ncr,2025-11-11,28.375,77.55,0.0003470064594721,0.0632990237028924,256.6
delhi_ncr,2025-11-11,28.425,76.825,0.0003752611759024,0.0814204102703914,270.6
delhi_ncr,2025-11-11,28.425,76.875,0.0003386709749122,0.0773719448317778,256.0
delhi_ncr,2025-11-11,28.425,76.925,0.0001591828403725,0.0729366207706957,187.5
delhi_ncr,2025-11-11,28.425,76.975,0.0002249040746854,0.0740509061952934,212.5
delhi_ncr,2025-11-11,28.425,77.025,0.0002744857504407,0.0738678848079582,231.2
delhi_ncr,2025-11-11,28.425,77.075,0.0002669055710894,0.0675940082480826,227.2
delhi_ncr,2025-11-11,28.425,77.125,0.0001785136076049,0.035198337844923,187.9
delhi_ncr,2025-11-11,28.425,77.175,0.0003165408091506,0.0353243254766307,240.0
delhi_ncr,2025-11-11,28.425,77.225,0.0002744909681031,0.0506660437899536,226.9
delhi_ncr,2025-11-11,28.425,77.275,0.0002680871534788,0.0645430553102201,227.1
delhi_ncr,2025-11-11,28.425,77.325,0.0003223257542743,0.0697713854432912,248.5
delhi_ncr,2025-11-11,28.425,77.375,0.0003038797083813,0.0492982527272447,237.8
delhi_ncr,2025-11-11,28.425,77.425,0.0003177140301434,0.0535953118890926,243.8
delhi_ncr,2025-11-11,28.425,77.475,0.0003986745504185,0.0700482546876699,277.4
delhi_ncr,2025-11-11,28.425,77.525,0.0004540261857926,0.0829425373127571,300.6
delhi_ncr,2025-11-11,28.425,77.55,0.0004558188623281,0.0850719286858683,301.7
delhi_ncr,2025-11-11,28.475,76.825,0.0003806341806253,0.0724687171706899,271.0
delhi_ncr,2025-11-11,28.475,76.875,0.0002037974781955,0.0687233910624804,203.6
delhi_ncr,2025-11-11,28.475,76.925,0.0001702405228993,0.0712940879871289,191.4
delhi_ncr,2025-11-11,28.475,76.975,0.0001378648195884,0.077303256070971,180.3
delhi_ncr,2025-11-11,28.475,77.025,0.0001346240027555,0.0796422472317295,179.5
delhi_ncr,2025-11-11,28.475,77.075,0.0001658336557624,0.0764656411300571,190.7
delhi_ncr,2025-11-11,28.475,77.125,0.0002459928217056,0.0632622822615942,218.5
delhi_ncr,2025-11-11,28.475,77.175,0.0004251061756415,0.0617638010177248,285.8
delhi_ncr,2025-11-11,28.475,77.225,0.0003301863758145,0.0430291891396562,246.6
delhi_ncr,2025-11-11,28.475,77.275,0.0002693513306912,0.0389940269535886,222.9
delhi_ncr,2025-11-11,28.475,77.325,0.0002938527174925,0.0532756707359859,234.7
delhi_ncr,2025-11-11,28.475,77.375,0.0003021963853943,0.0615090364601205,239.4
delhi_ncr,2025-11-11,28.475,77.425,0.0003088761992038,0.0759138390625393,244.5
delhi_ncr,2025-11-11,28.475,77.475,0.0004089732578095,0.0879613805179553,284.5
delhi_ncr,2025-11-11,28.475,77.525,0.0004372254785452,0.0945593566710744,296.4
delhi_ncr,2025-11-11,28.475,77.55,0.0002885866380943,0.0912381381321882,239.7
delhi_ncr,2025-11-11,28.525,76.825,0.0004125123478953,0.0671599739659031,282.0
delhi_ncr,2025-11-11,28.525,76.875,0.0002253471877204,0.0648414208806909,211.0
delhi_ncr,2025-11-11,28.525,76.925,0.0003177265184865,0.0723943547402074,247.2
delhi_ncr,2025-11-11,28.525,76.975,0.0002396171774785,0.0797231684605877,219.1
delhi_ncr,2025-11-11,28.525,77.025,0.0002080265284806,0.0817980181750001,207.6
delhi_ncr,2025-11-11,28.525,77.075,0.0002459854330943,0.0773022667638177,221.1
delhi_ncr,2025-11-11,28.525,77.125,0.0003520222110677,0.0617576512839783,258.2
delhi_ncr,2025-11-11,28.525,77.175,0.0005091053390971,0.0663410309620524,318.4
delhi_ncr,2025-11-11,28.525,77.225,0.0003485307115051,0.0571052445306063,256.1
delhi_ncr,2025-11-11,28.525,77.275,0.0002783648529744,0.0531507166744119,228.9
delhi_ncr,2025-11-11,28.525,77.325,0.0003562094675663,0.0582637843812975,259.2
delhi_ncr,2025-11-11,28.525,77.375,0.0003735124824416,0.0679402370434569,267.5
delhi_ncr,2025-11-11,28.525,77.425,0.000290984932121,0.0819366442621469,238.9
delhi_ncr,2025-11-11,28.525,77.475,0.00041137916659,0.0913723924173455,286.0
delhi_ncr,2025-11-11,28.525,77.525,0.0003885244444255,0.0917508932584032,277.5
delhi_ncr,2025-11-11,28.525,77.55,0.0002232876315858,0.0650525592861656,210.3
delhi_ncr,2025-11-11,28.575,76.825,0.000228258377312,0.0820546783361377,215.2
delhi_ncr,2025-11-11,28.575,76.875,0.0002277818784361,0.0871431069271658,216.0
delhi_ncr,2025-11-11,28.575,76.925,0.000188840469017,0.1026857819549051,204.1
delhi_ncr,2025-11-11,28.575,76.975,0.0002817425215845,0.1089109935611152,240.3
delhi_ncr,2025-11-11,28.575,77.025,0.0002438134693527,0.1158197427111301,227.3
delhi_ncr,2025-11-11,28.575,77.075,0.0001517146559351,0.1214061841821522,193.5
delhi_ncr,2025-11-11,28.575,77.125,0.0004818336784972,0.1133093385788242,316.6
delhi_ncr,2025-11-11,28.575,77.175,0.0004802162061746,0.1161608646789264,316.6
delhi_ncr,2025-11-11,28.575,77.225,0.0002378034242829,0.1253447328803954,226.7
delhi_ncr,2025-11-11,28.575,77.275,0.000184006342852,0.1287256013056224,207.1
delhi_ncr,2025-11-11,28.575,77.325,0.0003746084421173,0.123251854812869,278.0
delhi_ncr,2025-11-11,28.575,77.375,0.0005267915226709,0.1077219586761605,332.6
delhi_ncr,2025-11-11,28.575,77.425,0.0005358578952935,0.1029513185547086,335.1
delhi_ncr,2025-11-11,28.575,77.475,0.0005669677496365,0.0953359157706218,345.5
delhi_ncr,2025-11-11,28.575,77.525,0.0004955920935663,0.076125849719172,315.0
delhi_ncr,2025-11-11,28.625,76.825,0.0002947370551794,0.0669188563438447,237.6
delhi_ncr,2025-11-11,28.625,76.875,0.000226044499464,0.079121546335025,213.9
delhi_ncr,2025-11-11,28.625,76.925,0.0002820021777812,0.0996521108142393,238.7
delhi_ncr,2025-11-11,28.625,76.975,0.0003131392384353,0.10403006683295,251.3
delhi_ncr,2025-11-11,28.625,77.025,0.0003797761869293,0.1087736688068342,277.3
delhi_ncr,2025-11-11,28.625,77.075,0.0004533508658267,0.114291754256984,306.1
delhi_ncr,2025-11-11,28.625,77.125,0.0003717166256539,0.1153583891796578,275.5
delhi_ncr,2025-11-11,28.625,77.175,0.0003887456618035,0.1165067773295153,282.1
delhi_ncr,2025-11-11,28.625,77.225,0.0003189166661439,0.1195640126792275,256.3
delhi_ncr,2025-11-11,28.625,77.275,0.0002945226392676,0.1198236032989981,247.1
delhi_ncr,2025-11-11,28.625,77.325,0.0003558161402894,0.1141216342423331,269.2
delhi_ncr,2025-11-11,28.625,77.375,0.0005781854719521,0.087171423426397,348.2
delhi_ncr,2025-11-11,28.625,77.425,0.0004315118325611,0.079347018805813,291.4
delhi_ncr,2025-11-11,28.625,77.475,0.0004143088214047,0.0600583174041687,281.4
delhi_ncr,2025-11-11,28.625,77.525,0.0004525021703283,0.0351922009209955,291.3
delhi_ncr,2025-11-11,28.625,77.55,0.0004442429881947,0.0233839616987149,286.0
delhi_ncr,2025-11-11,28.675,76.825,0.0003183714300432,0.0554976047689027,244.4
delhi_ncr,2025-11-11,28.675,76.875,0.0003620953901216,0.0653963015739907,262.7
delhi_ncr,2025-11-11,28.675,76.925,0.0002766545578912,0.0866409420195513,234.3
delhi_ncr,2025-11-11,28.675,76.975,0.0002688479635733,0.0906870175402033,232.1
delhi_ncr,2025-11-11,28.675,77.025,0.0004049655449576,0.0947721160631978,284.2
delhi_ncr,2025-11-11,28.675,77.075,0.0005852015512873,0.0998453486838283,353.2
delhi_ncr,2025-11-11,28.675,77.125,0.0003574371566179,0.1018240048500225,267.6
delhi_ncr,2025-11-11,28.675,77.175,0.0003830157882659,0.104761922579571,277.8
delhi_ncr,2025-11-11,28.675,77.225,0.0003533422020184,0.1059249708573329,266.8
delhi_ncr,2025-11-11,28.675,77.275,0.0003437719960639,0.103753399284842,262.8
delhi_ncr,2025-11-11,28.675,77.325,0.0003743797689283,0.0951707923601816,272.8
delhi_ncr,2025-11-11,28.675,77.375,0.0004723663490518,0.0619463292390245,303.7
delhi_ncr,2025-11-11,28.675,77.425,0.0003888635385648,0.05308151481072,270.6
delhi_ncr,2025-11-11,28.675,77.475,0.0003288822846421,0.0321850430561464,244.1
delhi_ncr,2025-11-11,28.675,77.525,0.0003365879635524,0.0124375884854379,243.4
delhi_ncr,2025-11-11,28.675,77.55,0.0004253756214448,0.0,274.6
delhi_ncr,2025-11-11,28.725,76.825,0.0003534022094941,0.051686219521727,256.9
delhi_ncr,2025-11-11,28.725,76.875,0.0004442027405533,0.0554624935976467,291.9
delhi_ncr,2025-11-11,28.725,76.925,0.0002264704780865,0.0709076399849604,212.5
delhi_ncr,2025-11-11,28.725,76.975,0.0002161314263928,0.0738639691499609,209.2
delhi_ncr,2025-11-11,28.725,77.025,0.0003560635220672,0.0767720222745969,262.5
delhi_ncr,2025-11-11,28.725,77.075,0.0005496720275849,0.0803566612989979,336.2
delhi_ncr,2025-11-11,28.725,77.125,0.0004197504556046,0.0821934864659395,287.5
delhi_ncr,2025-11-11,28.725,77.175,0.0004392059739267,0.0859845334162276,295.6
delhi_ncr,2025-11-11,28.725,77.225,0.0004202323442615,0.0851867409325322,288.3
delhi_ncr,2025-11-11,28.725,77.275,0.0003988013821304,0.0797858135994142,279.2
delhi_ncr,2025-11-11,28.725,77.325,0.0003848004206917,0.0671096038238901,271.6
delhi_ncr,2025-11-11,28.725,77.375,0.0003902187530053,0.0326480748700861,267.3
delhi_ncr,2025-11-11,28.725,77.425,0.0003427278477414,0.0257163406138349,248.1
delhi_ncr,2025-11-11,28.725,77.475,0.0002756181663715,0.0114527476654617,220.2
delhi_ncr,2025-11-11,28.725,77.525,0.0002504699504153,0.0015625453507009,208.9
delhi_ncr,2025-11-11,28.725,77.55,0.000297826324752,0.0,226.5
delhi_ncr,2025-11-11,28.775,76.825,0.0004430923555585,0.0600967835998845,292.3
delhi_ncr,2025-11-11,28.775,76.875,0.0003089307617102,0.05778515097698,241.2
delhi_ncr,2025-11-11,28.775,76.925,0.0001647234201846,0.0581719720567845,186.9
delhi_ncr,2025-11-11,28.775,76.975,0.0002057037436002,0.0576214682175221,202.3
delhi_ncr,2025-11-11,28.775,77.025,0.0002589144923601,0.0572686989796588,222.3
delhi_ncr,2025-11-11,28.775,77.075,0.0003285316657568,0.058052723208068,248.7
delhi_ncr,2025-11-11,28.775,77.125,0.0005541777112836,0.0635879792498285,334.9
delhi_ncr,2025-11-11,28.775,77.175,0.0005462428625488,0.0638110519389654,331.9
delhi_ncr,2025-11-11,28.775,77.225,0.0005852355770063,0.0574071278589379,345.5
delhi_ncr,2025-11-11,28.775,77.275,0.0005109674412697,0.046276038468737,315.4
delhi_ncr,2025-11-11,28.775,77.325,0.0003490779500452,0.0303204116119349,251.4
delhi_ncr,2025-11-11,28.775,77.375,0.0004815553897737,0.0,295.8
delhi_ncr,2025-11-11,28.775,77.425,0.0002472521678568,0.0,207.4
delhi_ncr,2025-11-11,28.775,77.475,0.0002342185688076,0.0,202.5
delhi_ncr,2025-11-11,28.775,77.525,0.0002787952041014,0.0,219.3
delhi_ncr,2025-11-11,28.775,77.55,0.000324464056378,0.0,236.6
delhi_ncr,2025-11-11,28.825,76.825,0.0004450498691939,0.0623778434504104,293.5
delhi_ncr,2025-11-11,28.825,76.875,0.0003054950681135,0.0602637604222824,240.4
delhi_ncr,2025-11-11,28.825,76.925,0.0002833909019947,0.0596100644064567,231.9
delhi_ncr,2025-11-11,28.825,76.975,0.0003615549529116,0.0523560941597114,260.1
delhi_ncr,2025-11-11,28.825,77.025,0.0003552788146756,0.0473339824635676,256.8
delhi_ncr,2025-11-11,28.825,77.075,0.0002736985324084,0.0465396014554144,225.9
delhi_ncr,2025-11-11,28.825,77.125,0.0002520893053864,0.0524767799996392,218.8
delhi_ncr,2025-11-11,28.825,77.175,0.0004119134684925,0.0527228158679866,279.2
delhi_ncr,2025-11-11,28.825,77.225,0.0004382949687258,0.0364721476979447,286.2
delhi_ncr,2025-11-11,28.825,77.275,0.0004155603979875,0.0198471547276453,274.6
delhi_ncr,2025-11-11,28.825,77.325,0.0003319512529142,0.0075972362115393,240.8
delhi_ncr,2025-11-11,28.825,77.375,-2.2465182303592773e-05,0.0,105.6
delhi_ncr,2025-11-11,28.825,77.425,0.0001144500355856,0.0,157.3
delhi_ncr,2025-11-11,28.825,77.475,0.0002955308747768,0.0,225.6
delhi_ncr,2025-11-11,28.825,77.525,0.0003790947394568,0.0,257.2
delhi_ncr,2025-11-11,28.875,76.825,0.0003585013929893,0.0531962909871848,259.1
delhi_ncr,2025-11-11,28.875,76.875,0.0003629940792154,0.0418518945481741,258.7
delhi_ncr,2025-11-11,28.875,76.925,0.0003544533539676,0.0295308908651777,253.3
delhi_ncr,2025-11-11,28.875,76.975,0.0003550223253517,0.0199585904062646,251.7
delhi_ncr,2025-11-11,28.875,77.025,0.0003517038916473,0.0204316288637272,250.6
delhi_ncr,2025-11-11,28.875,77.075,0.0003404531134866,0.0310293907376474,248.3
delhi_ncr,2025-11-11,28.875,77.125,0.0003066345612091,0.0517343831122696,239.3
delhi_ncr,2025-11-11,28.875,77.175,0.000277062979226,0.0505048606251373,227.9
delhi_ncr,2025-11-11,28.875,77.225,0.000303757512651,0.0234729999608824,233.0
delhi_ncr,2025-11-11,28.875,77.275,0.0003699311858303,0.0052060130725686,254.7
delhi_ncr,2025-11-11,28.875,77.325,0.0004295951098859,0.0019386051022548,276.6
delhi_ncr,2025-11-11,28.875,77.375,0.0002270212904202,0.0,199.8
delhi_ncr,2025-11-11,28.875,77.425,0.0002673260848686,0.0,215.0
delhi_ncr,2025-11-11,28.875,77.475,0.0003180983009277,0.0,234.2
delhi_ncr,2025-11-11,28.875,77.525,0.0003303285265533,0.0,238.8
delhi_ncr,2025-11-11,28.875,77.55,0.0003025988629775,0.0,228.3
delhi_ncr,2025-11-12,28.375,76.825,0.0002572714667737,0.137734053888597,236.4
delhi_ncr,2025-11-12,28.375,76.875,0.0002714517937478,0.1377952168819793,241.7
delhi_ncr,2025-11-12,28.375,76.925,0.0001948098466159,0.1294946645079925,211.3
delhi_ncr,2025-11-12,28.375,76.975,0.0003111160317661,0.1233439319567669,254.0
delhi_ncr,2025-11-12,28.375,77.025,0.0003524356252775,0.1148988612959434,268.1
delhi_ncr,2025-11-12,28.375,77.075,0.000294215503428,0.1028977237196518,243.9
delhi_ncr,2025-11-12,28.375,77.125,0.0001707270609423,0.0821012974430506,193.5
delhi_ncr,2025-11-12,28.375,77.175,0.0001786231812974,0.0787897116500127,195.9
delhi_ncr,2025-11-12,28.375,77.225,0.0001701226900674,0.0882724324244513,194.4
delhi_ncr,2025-11-12,28.375,77.275,0.0001818363318281,0.0943831439272109,200.0
delhi_ncr,2025-11-12,28.375,77.325,0.0002023025728859,0.0923776184596133,207.3
delhi_ncr,2025-11-12,28.375,77.375,0.0001007711207439,0.0746209213805229,165.8
delhi_ncr,2025-11-12,28.375,77.425,0.000276013294811,0.0742349895230466,231.8
delhi_ncr,2025-11-12,28.375,77.475,0.0003725132444738,0.07959939597123,269.2
delhi_ncr,2025-11-12,28.375,77.525,0.000327726856149,0.086519056681309,253.6
delhi_ncr,2025-11-12,28.375,77.55,0.0001865924670827,0.0888633061405474,200.8
delhi_ncr,2025-11-12,28.425,76.825,0.000242462404312,0.1357089344782132,230.4
delhi_ncr,2025-11-12,28.425,76.875,0.0002280526356751,0.1351191523598586,224.8
delhi_ncr,2025-11-12,28.425,76.925,0.0002331154592491,0.1351433115614478,226.8
delhi_ncr,2025-11-12,28.425,76.975,0.0003321128132369,0.1338942434127271,263.9
delhi_ncr,2025-11-12,28.425,77.025,0.0003712168895304,0.1295364075282367,277.9
delhi_ncr,2025-11-12,28.425,77.075,0.0003113369780115,0.1207197103121968,253.7
delhi_ncr,2025-11-12,28.425,77.125,4.4322746869959806e-05,0.0992079554167764,149.0
delhi_ncr,2025-11-12,28.425,77.175,0.0001296243593761,0.0919929102735775,179.8
delhi_ncr,2025-11-12,28.425,77.225,0.0002201924907784,0.0896260012315586,213.6
delhi_ncr,2025-11-12,28.425,77.275,0.0002716184957576,0.0898464574960189,233.0
delhi_ncr,2025-11-12,28.425,77.325,0.0002714787878776,0.0909672589887306,233.2
delhi_ncr,2025-11-12,28.425,77.375,0.0002084686354235,0.0856243414850255,208.4
delhi_ncr,2025-11-12,28.425,77.425,0.0002593521894572,0.0887840797545121,228.2
delhi_ncr,2025-11-12,28.425,77.475,0.0003201182185646,0.0945646059213977,252.2
delhi_ncr,2025-11-12,28.425,77.525,0.0003376255039044,0.0999132268463565,259.8
delhi_ncr,2025-11-12,28.425,77.55,0.0002842314475968,0.1024269412547131,240.1
delhi_ncr,2025-11-12,28.475,76.825,0.0002416413475506,0.1347207182615098,229.9
delhi_ncr,2025-11-12,28.475,76.875,0.0002091476975349,0.1336676414612805,217.5
delhi_ncr,2025-11-12,28.475,76.925,0.0002517244861386,0.1383550908296212,234.4
delhi_ncr,2025-11-12,28.475,76.975,0.00029233068453,0.1412122727656704,250.2
delhi_ncr,2025-11-12,28.475,77.025,0.0003457867397778,0.141570838276232,270.5
delhi_ncr,2025-11-12,28.475,77.075,0.0003480632423457,0.1367631170029845,270.4
delhi_ncr,2025-11-12,28.475,77.125,9.28166060105094e-06,0.1146794753466621,138.6
delhi_ncr,2025-11-12,28.475,77.175,0.0001283320243339,0.1047037620404169,181.7
delhi_ncr,2025-11-12,28.475,77.225,0.0002923106288984,0.093824541810658,241.6
delhi_ncr,2025-11-12,28.475,77.275,0.0003746074840424,0.0898554759465806,271.9
delhi_ncr,2025-11-12,28.475,77.325,0.0003570267176727,0.0938936410573142,266.0
delhi_ncr,2025-11-12,28.475,77.375,0.0003542581374639,0.0986385163104925,265.8
delhi_ncr,2025-11-12,28.475,77.425,0.0003293339716953,0.1027162210494039,257.2
delhi_ncr,2025-11-12,28.475,77.475,0.0003398994626022,0.1078430582047805,262.1
delhi_ncr,2025-11-12,28.475,77.525,0.0003567827476909,0.1101095157861169,268.9
delhi_ncr,2025-11-12,28.475,77.55,0.0003088918365872,0.1078499533148523,250.4
delhi_ncr,2025-11-12,28.525,76.825,0.0002897289872325,0.1346041255318961,248.0
delhi_ncr,2025-11-12,28.525,76.875,0.000244450064877,0.1358798321650392,231.2
delhi_ncr,2025-11-12,28.525,76.925,0.0001848346354482,0.14184099582903,209.8
delhi_ncr,2025-11-12,28.525,76.975,0.0001945096653716,0.1450146847386179,214.0
delhi_ncr,2025-11-12,28.525,77.025,0.0002670557003308,0.1457407094527386,241.5
delhi_ncr,2025-11-12,28.525,77.075,0.0003376398472359,0.1412398726418313,267.3
delhi_ncr,2025-11-12,28.525,77.125,0.0001507376096421,0.1172597976015514,192.4
delhi_ncr,2025-11-12,28.525,77.175,0.000221383419476,0.109149460475597,217.6
delhi_ncr,2025-11-12,28.525,77.225,0.0003670746802726,0.1021575963243482,271.3
delhi_ncr,2025-11-12,28.525,77.275,0.0004283096847261,0.1008969729909108,294.2
delhi_ncr,2025-11-12,28.525,77.325,0.0003849869656584,0.1054831467730339,278.7
delhi_ncr,2025-11-12,28.525,77.375,0.0003790819430647,0.1085475870272243,277.0
delhi_ncr,2025-11-12,28.525,77.425,0.0004387766801387,0.1094111702430698,299.7
delhi_ncr,2025-11-12,28.525,77.475,0.0004308022339393,0.1117032264600428,297.1
delhi_ncr,2025-11-12,28.525,77.525,0.0003345863898273,0.1108350988081439,260.6
delhi_ncr,2025-11-12,28.525,77.55,0.0002343352791697,0.0990365726781005,220.6
delhi_ncr,2025-11-12,28.575,76.825,0.0003791413869502,0.1443414078490021,283.6
delhi_ncr,2025-11-12,28.575,76.875,0.0003411858546338,0.1457660239273247,269.5
delhi_ncr,2025-11-12,28.575,76.925,0.0002550510824077,0.1562679286419309,238.9
delhi_ncr,2025-11-12,28.575,76.975,0.0002627019046592,0.1589359664663752,242.3
delhi_ncr,2025-11-12,28.575,77.025,0.0002307701552232,0.1603642016497465,230.5
delhi_ncr,2025-11-12,28.575,77.075,0.000205728466796,0.1582788957488171,220.7
delhi_ncr,2025-11-12,28.575,77.125,0.0004637116175201,0.138597450654506,314.4
delhi_ncr,2025-11-12,28.575,77.175,0.0005034504283604,0.13503089847132,328.8
delhi_ncr,2025-11-12,28.575,77.225,0.0004939018884886,0.1303964331107174,324.3
delhi_ncr,2025-11-12,28.575,77.275,0.0004881128791556,0.1278333918031973,321.7
delhi_ncr,2025-11-12,28.575,77.325,0.0004961163387201,0.127404649552839,324.6
delhi_ncr,2025-11-12,28.575,77.375,0.0005087637226694,0.123156601942801,328.6
delhi_ncr,2025-11-12,28.575,77.425,0.0005287843619208,0.1190819220040473,335.4
delhi_ncr,2025-11-12,28.575,77.475,0.0002966527904232,0.1101921408323611,246.2
delhi_ncr,2025-11-12,28.575,77.525,0.0001864929209015,0.1002077292195017,202.8
delhi_ncr,2025-11-12,28.625,76.825,0.0003459704757619,0.1402838881484268,270.3
delhi_ncr,2025-11-12,28.625,76.875,0.0002903964390082,0.144264168856216,250.0
delhi_ncr,2025-11-12,28.625,76.925,0.0001729757878919,0.1557206655716159,207.8
delhi_ncr,2025-11-12,28.625,76.975,0.0001648173129252,0.1577917737159455,205.1
delhi_ncr,2025-11-12,28.625,77.025,0.0002090495501269,0.1585208637168088,222.0
delhi_ncr,2025-11-12,28.625,77.075,0.0002759744670157,0.1571847714641288,247.0
delhi_ncr,2025-11-12,28.625,77.125,0.0002854897227176,0.145607432301506,248.4
delhi_ncr,2025-11-12,28.625,77.175,0.00035550331945,0.1380576450890871,273.5
delhi_ncr,2025-11-12,28.625,77.225,0.0004228151847976,0.1341933804768342,298.2
delhi_ncr,2025-11-12,28.625,77.275,0.0004739140568048,0.1316049162797479,317.0
delhi_ncr,2025-11-12,28.625,77.325,0.0004957169654407,0.1285900948878334,324.7
delhi_ncr,2025-11-12,28.625,77.375,0.0004473859931891,0.1138102781717075,303.7
delhi_ncr,2025-11-12,28.625,77.425,0.000554680553277,0.1089934127766182,343.3
delhi_ncr,2025-11-12,28.625,77.475,0.0004594254159357,0.1022581867080362,306.2
delhi_ncr,2025-11-12,28.625,77.525,0.0004315105740956,0.0980320811400107,294.9
delhi_ncr,2025-11-12,28.625,77.55,0.0004550056270838,0.0957621101223317,303.3
delhi_ncr,2025-11-12,28.675,76.825,0.0002836081330927,0.1334279655581131,245.5
delhi_ncr,2025-11-12,28.675,76.875,0.0002687827501237,0.139301057690508,241.0
delhi_ncr,2025-11-12,28.675,76.925,0.0001605038042674,0.1498591976989761,202.1
delhi_ncr,2025-11-12,28.675,76.975,0.0001876796429616,0.150553521668216,212.4
delhi_ncr,2025-11-12,28.675,77.025,0.0002724406775688,0.1522799136171365,244.7
delhi_ncr,2025-11-12,28.675,77.075,0.0003609222397746,0.1539813938240873,278.4
delhi_ncr,2025-11-12,28.675,77.125,0.000280531684753,0.1448702582225113,246.4
delhi_ncr,2025-11-12,28.675,77.175,0.0003887984641038,0.1388931062041643,286.2
delhi_ncr,2025-11-12,28.675,77.225,0.0003784588762067,0.1314234538337889,280.9
delhi_ncr,2025-11-12,28.675,77.275,0.0003969281907436,0.1258419127593444,286.9
delhi_ncr,2025-11-12,28.675,77.325,0.0004550752781325,0.1210922967440096,308.0
delhi_ncr,2025-11-12,28.675,77.375,0.0004279284133059,0.1014145997836848,294.1
delhi_ncr,2025-11-12,28.675,77.425,0.0005080869331394,0.0964273844370269,323.5
delhi_ncr,2025-11-12,28.675,77.475,0.0004683843519909,0.0940653238468044,308.0
delhi_ncr,2025-11-12,28.675,77.525,0.0004540717911328,0.0935513583765387,302.6
delhi_ncr,2025-11-12,28.675,77.55,0.0005084468704438,0.0948473367778284,323.3
delhi_ncr,2025-11-12,28.725,76.825,0.0002390153552446,0.1242086240051508,227.0
delhi_ncr,2025-11-12,28.725,76.875,0.00028012027075,0.1289860255001379,243.4
delhi_ncr,2025-11-12,28.725,76.925,0.0002146585484712,0.13759076207362,220.2
delhi_ncr,2025-11-12,28.725,76.975,0.0002425402559149,0.1371744451140381,230.7
delhi_ncr,2025-11-12,28.725,77.025,0.0003170999306247,0.1397701819170195,259.3
delhi_ncr,2025-11-12,28.725,77.075,0.0004031795552881,0.1436184845366731,292.5
delhi_ncr,2025-11-12,28.725,77.125,0.0003916720565534,0.135085484909039,286.6
delhi_ncr,2025-11-12,28.725,77.175,0.0004579618866894,0.130934507741491,310.9
delhi_ncr,2025-11-12,28.725,77.225,0.0003534495194868,0.1205547833334582,269.5
delhi_ncr,2025-11-12,28.725,77.275,0.0003096589094367,0.1123880134631744,251.5
delhi_ncr,2025-11-12,28.725,77.325,0.0003591928326084,0.1063426402249895,269.1
delhi_ncr,2025-11-12,28.725,77.375,0.0003773696091705,0.0885946157417609,272.7
delhi_ncr,2025-11-12,28.725,77.425,0.0004084948430939,0.0840765099462589,283.6
delhi_ncr,2025-11-12,28.725,77.475,0.0004374897744313,0.0851390482201378,294.8
delhi_ncr,2025-11-12,28.725,77.525,0.0004346253353209,0.0860193055185995,293.8
delhi_ncr,2025-11-12,28.725,77.55,0.0003739707487655,0.0806007765407481,270.0
delhi_ncr,2025-11-12,28.775,76.825,0.0002557834706147,0.1126278330883884,231.2
delhi_ncr,2025-11-12,28.775,76.875,0.0003325192779449,0.1112571037301864,259.9
delhi_ncr,2025-11-12,28.775,76.925,0.0003433302382591,0.1169564011465189,265.0
delhi_ncr,2025-11-12,28.775,76.975,0.0002652447042448,0.1171939894395041,235.6
delhi_ncr,2025-11-12,28.775,77.025,0.000259171967271,0.1191010596943224,233.7
delhi_ncr,2025-11-12,28.775,77.075,0.0003535608951735,0.1213226538288942,269.7
delhi_ncr,2025-11-12,28.775,77.125,0.0005894199675434,0.1140276754771817,357.4
delhi_ncr,2025-11-12,28.775,77.175,0.0004536112933584,0.1078553770506638,305.0
delhi_ncr,2025-11-12,28.775,77.225,0.0003462069545155,0.0994052667442168,262.9
delhi_ncr,2025-11-12,28.775,77.275,0.0002533810226497,0.0915453813778114,226.4
delhi_ncr,2025-11-12,28.775,77.325,0.0001913044885013,0.0851917844176267,201.9
delhi_ncr,2025-11-12,28.775,77.375,0.000234290720165,0.0777635286395186,216.7
delhi_ncr,2025-11-12,28.775,77.425,0.0002650651064647,0.0749157458579086,227.8
delhi_ncr,2025-11-12,28.775,77.475,0.000453581541669,0.0753492955473467,299.0
delhi_ncr,2025-11-12,28.775,77.525,0.0005024836187577,0.0744887293245182,317.3
delhi_ncr,2025-11-12,28.775,77.55,0.0003801816298727,0.0716036319600852,270.7
delhi_ncr,2025-11-12,28.825,76.825,0.0003042162385765,0.1288092036035134,252.4
delhi_ncr,2025-11-12,28.825,76.875,0.0002979921663205,0.1272350464156463,249.8
delhi_ncr,2025-11-12,28.825,76.925,0.0002632265224463,0.1262558380632217,236.5
delhi_ncr,2025-11-12,28.825,76.975,0.0002421342722296,0.1261243574380345,228.5
delhi_ncr,2025-11-12,28.825,77.025,0.0002255117561486,0.1225680401704006,221.6
delhi_ncr,2025-11-12,28.825,77.075,0.0002178890177723,0.1157430690784295,217.5
delhi_ncr,2025-11-12,28.825,77.125,0.0002398704364106,0.1069480913845284,224.2
delhi_ncr,2025-11-12,28.825,77.175,0.0003698434012357,0.0993565042530441,271.8
delhi_ncr,2025-11-12,28.825,77.225,0.0005051849688063,0.0925424086450446,321.7
delhi_ncr,2025-11-12,28.825,77.275,0.000607386561772,0.0859065989391438,359.0
delhi_ncr,2025-11-12,28.825,77.325,0.0006187698081453,0.0804698790657067,362.3
delhi_ncr,2025-11-12,28.825,77.375,0.0002554059638011,0.0801691681741391,225.1
delhi_ncr,2025-11-12,28.825,77.425,0.0002895371099252,0.0781990111274502,237.7
delhi_ncr,2025-11-12,28.825,77.475,0.0003590648189695,0.0756137483305701,263.4
delhi_ncr,2025-11-12,28.825,77.525,0.0004106252181646,0.0733158288058935,282.5
delhi_ncr,2025-11-12,28.875,76.825,0.0003141444515638,0.1308123903596471,256.6
delhi_ncr,2025-11-12,28.875,76.875,0.0004960930975479,0.1302423895829864,325.1
delhi_ncr,2025-11-12,28.875,76.925,0.0004218002897785,0.1250124760461611,296.1
delhi_ncr,2025-11-12,28.875,76.975,0.0003870179863471,0.1184084578914864,281.8
delhi_ncr,2025-11-12,28.875,77.025,0.0004098195617091,0.1115748791548516,289.1
delhi_ncr,2025-11-12,28.875,77.075,0.000460852308525,0.1055223502875167,307.3
delhi_ncr,2025-11-12,28.875,77.125,0.0003908183771754,0.1027973647767987,280.4
delhi_ncr,2025-11-12,28.875,77.175,0.000394332811905,0.0994622405838108,281.1
delhi_ncr,2025-11-12,28.875,77.225,0.0003725865253662,0.0917705575974498,271.5
delhi_ncr,2025-11-12,28.875,77.275,0.0003682767385226,0.0852796971763174,268.7
delhi_ncr,2025-11-12,28.875,77.325,0.0003909513685509,0.0812868703469318,276.5
delhi_ncr,2025-11-12,28.875,77.375,0.0004102346180384,0.0785633035243894,283.3
delhi_ncr,2025-11-12,28.875,77.425,0.0002733028560399,0.0773749451519637,231.4
delhi_ncr,2025-11-12,28.875,77.475,0.000240696779983,0.0714203973478014,218.0
delhi_ncr,2025-11-12,28.875,77.525,0.0002536047449874,0.0659316669419838,221.9
delhi_ncr,2025-11-12,28.875,77.55,0.0003369602569822,0.0659507783370684,253.3
delhi_ncr,2025-11-13,28.375,77.025,0.0002622680723193,0.2783307641992102,263.9
delhi_ncr,2025-11-13,28.375,77.075,0.0002572386002128,0.2753744051835219,261.5
delhi_ncr,2025-11-13,28.375,77.125,0.0002241198659269,0.2558482398089849,245.4
delhi_ncr,2025-11-13,28.375,77.175,0.0002265604582247,0.2499946070957533,245.3
delhi_ncr,2025-11-13,28.375,77.225,0.0002129608871453,0.2478203659947073,239.7
delhi_ncr,2025-11-13,28.375,77.275,0.0002210193303693,0.2473212134005975,242.7
delhi_ncr,2025-11-13,28.375,77.325,0.0002446159107399,0.2481472617593851,251.7
delhi_ncr,2025-11-13,28.375,77.375,0.0001882002906624,0.2505107637278551,230.9
delhi_ncr,2025-11-13,28.375,77.425,0.0002319912813272,0.252522083061217,247.8
delhi_ncr,2025-11-13,28.375,77.475,0.0002830685279213,0.2571027385183587,267.9
delhi_ncr,2025-11-13,28.375,77.525,0.0003224732786534,0.2591840258235781,283.1
delhi_ncr,2025-11-13,28.375,77.55,0.0003192509151778,0.2630355714907442,282.6
delhi_ncr,2025-11-13,28.425,76.825,0.0001237196151904,0.2648305946798899,209.2
delhi_ncr,2025-11-13,28.425,76.875,0.000179193711382,0.2679242895983937,230.7
delhi_ncr,2025-11-13,28.425,76.925,0.0002251595815725,0.2716751661997289,248.7
delhi_ncr,2025-11-13,28.425,76.975,0.0002114162132244,0.2751641913469386,244.2
delhi_ncr,2025-11-13,28.425,77.025,0.0002188076818004,0.2791484424138287,247.7
delhi_ncr,2025-11-13,28.425,77.075,0.0002350923918981,0.2788267670781484,253.8
delhi_ncr,2025-11-13,28.425,77.125,0.0002440291208039,0.2629443197850222,254.2
delhi_ncr,2025-11-13,28.425,77.175,0.0002419318730472,0.2591628337760398,252.7
delhi_ncr,2025-11-13,28.425,77.225,0.0002114464554811,0.2523132947946033,240.0
delhi_ncr,2025-11-13,28.425,77.275,0.0001990280974404,0.2482696521325236,234.6
delhi_ncr,2025-11-13,28.425,77.325,0.0002051110305471,0.2477944038590018,236.8
delhi_ncr,2025-11-13,28.425,77.375,0.000157979361865,0.2467122811004043,218.8
delhi_ncr,2025-11-13,28.425,77.425,0.0001961622599934,0.2463816507768376,233.1
delhi_ncr,2025-11-13,28.425,77.475,0.0002475969947184,0.2474176769483384,252.7
delhi_ncr,2025-11-13,28.425,77.525,0.0003188565823399,0.2441455209252084,279.0
delhi_ncr,2025-11-13,28.425,77.55,0.0003970314074866,0.2375966847403533,307.3
delhi_ncr,2025-11-13,28.475,76.825,0.0001292855712183,0.2635396400180465,211.0
delhi_ncr,2025-11-13,28.475,76.875,0.0001698551763742,0.2655517840382904,226.7
delhi_ncr,2025-11-13,28.475,76.925,0.0002183125190667,0.2700515306717286,245.8
delhi_ncr,2025-11-13,28.475,76.975,0.0002142111362266,0.2743973829374053,245.1
delhi_ncr,2025-11-13,28.475,77.025,0.0002059438281184,0.2783370248209869,242.7
delhi_ncr,2025-11-13,28.475,77.075,0.0002073020991093,0.2800210097303849,243.5
delhi_ncr,2025-11-13,28.475,77.125,0.0002526285582295,0.2718249622002667,259.1
delhi_ncr,2025-11-13,28.475,77.175,0.0002520622573371,0.2696542601357866,258.5
delhi_ncr,2025-11-13,28.475,77.225,0.0002269983581777,0.2621878063447558,247.7
delhi_ncr,2025-11-13,28.475,77.275,0.000212876195924,0.2556139734580417,241.1
delhi_ncr,2025-11-13,28.475,77.325,0.0002140547667234,0.2511578526750857,240.8
delhi_ncr,2025-11-13,28.475,77.375,0.0001978469529647,0.2438951872564063,233.3
delhi_ncr,2025-11-13,28.475,77.425,0.0002274329697525,0.2395255820599682,243.7
delhi_ncr,2025-11-13,28.475,77.475,0.0002663671609484,0.2378327965105142,258.1
delhi_ncr,2025-11-13,28.475,77.525,0.0003352490327212,0.2310363981948994,282.8
delhi_ncr,2025-11-13,28.475,77.55,0.0004251677610637,0.2158133030648779,314.0
delhi_ncr,2025-11-13,28.525,76.825,0.0001461528721266,0.2601448766979304,216.8
delhi_ncr,2025-11-13,28.525,76.875,0.0001494036158896,0.2595405627633322,217.9
delhi_ncr,2025-11-13,28.525,76.925,0.0002009580916525,0.2656936554671952,238.5
delhi_ncr,2025-11-13,28.525,76.975,0.0002217671794572,0.2725195118869741,247.6
delhi_ncr,2025-11-13,28.525,77.025,0.0002178696632342,0.2771091405121838,246.9
delhi_ncr,2025-11-13,28.525,77.075,0.0002049942191188,0.2790606167873759,242.4
delhi_ncr,2025-11-13,28.525,77.125,0.0002464337908073,0.2782958602301948,257.9
delhi_ncr,2025-11-13,28.525,77.175,0.0002474634450109,0.2762039743975987,257.9
delhi_ncr,2025-11-13,28.525,77.225,0.000252002804853,0.2751026316020947,259.5
delhi_ncr,2025-11-13,28.525,77.275,0.0002658191891639,0.2697823797901665,263.7
delhi_ncr,2025-11-13,28.525,77.325,0.0002866634274385,0.2592373504821379,269.6
delhi_ncr,2025-11-13,28.525,77.375,0.0002905909193279,0.2428740162811006,268.1
delhi_ncr,2025-11-13,28.525,77.425,0.0003422632743887,0.232967662649067,285.8
delhi_ncr,2025-11-13,28.525,77.475,0.0003665144126683,0.2297075501853806,294.4
delhi_ncr,2025-11-13,28.525,77.525,0.0003875688614879,0.2224683986421066,301.0
delhi_ncr,2025-11-13,28.525,77.55,0.000324127687519,0.2040841164037076,273.7
delhi_ncr,2025-11-13,28.575,76.825,0.0002580124106456,0.2530235714537851,257.7
delhi_ncr,2025-11-13,28.575,76.875,0.0002622999202552,0.256422225150031,259.9
delhi_ncr,2025-11-13,28.575,76.925,0.0002188254951606,0.2554380300623013,243.3
delhi_ncr,2025-11-13,28.575,76.975,0.0002423064413882,0.2728860851368386,255.4
delhi_ncr,2025-11-13,28.575,77.025,0.0002576238193775,0.2825043807443625,262.9
delhi_ncr,2025-11-13,28.575,77.075,0.0002576238193191,0.2825043806802648,262.9
delhi_ncr,2025-11-13,28.575,77.175,0.0002184064661218,0.2935215546010494,250.1
delhi_ncr,2025-11-13,28.575,77.225,0.0002215075435619,0.2918317434781374,251.0
delhi_ncr,2025-11-13,28.575,77.275,0.0002601086586414,0.2824558724224071,263.9
delhi_ncr,2025-11-13,28.575,77.325,0.0003352545608472,0.2657496554393299,289.2
delhi_ncr,2025-11-13,28.575,77.375,0.0004262830970398,0.248211027610314,320.3
delhi_ncr,2025-11-13,28.575,77.425,0.0003780303224231,0.2275506899004357,298.3
delhi_ncr,2025-11-13,28.575,77.475,0.0003548147132786,0.2150368389253018,287.3
delhi_ncr,2025-11-13,28.575,77.525,0.0003083346244326,0.2052554039109696,268.0
delhi_ncr,2025-11-13,28.625,76.825,0.000250282008091,0.2655755131844359,257.1
delhi_ncr,2025-11-13,28.625,76.875,0.0003112002404304,0.2604344309061458,279.1
delhi_ncr,2025-11-13,28.625,76.925,0.0002433800806988,0.2568696648829335,252.9
delhi_ncr,2025-11-13,28.625,76.975,0.0002427901480627,0.2731898207889038,255.6
delhi_ncr,2025-11-13,28.625,77.025,0.000241906061757,0.2882126676694299,258.0
delhi_ncr,2025-11-13,28.625,77.075,0.0002421479038925,0.2892075729937881,258.3
delhi_ncr,2025-11-13,28.625,77.125,0.0002933669001232,0.2800124164837909,276.0
delhi_ncr,2025-11-13,28.625,77.175,0.0002883318650096,0.2806377730673968,274.2
delhi_ncr,2025-11-13,28.625,77.225,0.0004124879209337,0.267540011072345,318.6
delhi_ncr,2025-11-13,28.625,77.275,0.0004534272720845,0.2576087973010122,332.3
delhi_ncr,2025-11-13,28.625,77.325,0.0004024835884782,0.2521881421770551,312.1
delhi_ncr,2025-11-13,28.625,77.375,0.0005473171974945,0.2308334072917443,362.8
delhi_ncr,2025-11-13,28.625,77.425,0.0005384482659376,0.226793042034117,358.7
delhi_ncr,2025-11-13,28.625,77.475,0.000511032923921,0.2177110853464924,346.7
delhi_ncr,2025-11-13,28.625,77.525,0.0004748944538223,0.2092467122846259,331.5
delhi_ncr,2025-11-13,28.625,77.55,0.0003644635754486,0.2018851608390955,288.5
delhi_ncr,2025-11-13,28.675,76.825,0.0002476259157261,0.269188742173953,256.7
delhi_ncr,2025-11-13,28.675,76.875,0.0003252835326409,0.2615899461639069,284.6
delhi_ncr,2025-11-13,28.675,76.925,0.0002755685341648,0.2875083776361476,270.6
delhi_ncr,2025-11-13,28.675,76.975,0.0002709284676404,0.2899274312402234,269.3
delhi_ncr,2025-11-13,28.675,77.025,0.0001332651162753,0.2861318164814116,216.7
delhi_ncr,2025-11-13,28.675,77.075,0.0001565218626493,0.2839484539418202,225.0
delhi_ncr,2025-11-13,28.675,77.125,0.0003176285439914,0.2681485181703991,283.0
delhi_ncr,2025-11-13,28.675,77.175,0.000297479979496,0.2690215480392546,275.5
delhi_ncr,2025-11-13,28.675,77.225,0.0004719961791283,0.2522891697415833,338.3
delhi_ncr,2025-11-13,28.675,77.275,0.0005700918941632,0.2426463920062607,373.6
delhi_ncr,2025-11-13,28.675,77.325,0.0005507481855606,0.2421130814739584,366.2
delhi_ncr,2025-11-13,28.675,77.375,0.0005679746177086,0.2222956994684605,369.1
delhi_ncr,2025-11-13,28.675,77.425,0.000579547746279,0.2245891559493935,373.8
delhi_ncr,2025-11-13,28.675,77.475,0.0004994613077589,0.2175878886790395,342.3
delhi_ncr,2025-11-13,28.675,77.525,0.0004880681283191,0.2102598172756497,336.7
delhi_ncr,2025-11-13,28.675,77.55,0.0005831257260003,0.2059827089877168,371.8
delhi_ncr,2025-11-13,28.725,76.825,8.401164154629643e-05,0.2695598624143594,195.0
delhi_ncr,2025-11-13,28.725,76.875,8.401164154629643e-05,0.2695598624143594,195.0
delhi_ncr,2025-11-13,28.725,76.925,0.0002487758478293,0.2875135487300951,260.5
delhi_ncr,2025-11-13,28.725,76.975,0.0002393342147424,0.2786563863817286,255.3
delhi_ncr,2025-11-13,28.725,77.025,0.0001135940300394,0.2684333999752215,206.0
delhi_ncr,2025-11-13,28.725,77.075,0.0001190234119361,0.2691425733999291,208.2
delhi_ncr,2025-11-13,28.725,77.125,0.000437041015746,0.2483319297133196,324.4
delhi_ncr,2025-11-13,28.725,77.175,0.0003716044028782,0.2530310964175636,300.6
delhi_ncr,2025-11-13,28.725,77.225,0.0005148789484639,0.2384651170182335,352.0
delhi_ncr,2025-11-13,28.725,77.275,0.0006246189427485,0.2302023193871406,391.9
delhi_ncr,2025-11-13,28.725,77.325,0.0006387437968856,0.2305658545390073,397.3
delhi_ncr,2025-11-13,28.725,77.375,0.000543213983408,0.2159232630488295,358.5
delhi_ncr,2025-11-13,28.725,77.425,0.0005543377635831,0.2184797341921033,363.2
delhi_ncr,2025-11-13,28.725,77.475,0.0004535869836827,0.2142524567726518,324.4
delhi_ncr,2025-11-13,28.725,77.525,0.0004644257572697,0.2088265417575801,327.5
delhi_ncr,2025-11-13,28.725,77.55,0.000599557491244,0.202606690709113,377.4
delhi_ncr,2025-11-13,28.775,76.825,8.401164154629643e-05,0.2695598624143594,195.0
delhi_ncr,2025-11-13,28.775,76.875,8.401164154629643e-05,0.2695598624143594,195.0
delhi_ncr,2025-11-13,28.775,76.925,0.0001869024348166,0.2807714502377931,235.9
delhi_ncr,2025-11-13,28.775,76.975,0.0002067880579163,0.2673932697544999,241.0
delhi_ncr,2025-11-13,28.775,77.025,0.0001935265141513,0.2552977062947038,233.8
delhi_ncr,2025-11-13,28.775,77.075,0.0002369275097635,0.2454009711652116,248.3
delhi_ncr,2025-11-13,28.775,77.125,0.0007198089358369,0.2229639800162398,426.5
delhi_ncr,2025-11-13,28.775,77.175,0.0006107466733429,0.2292247450774911,386.5
delhi_ncr,2025-11-13,28.775,77.225,0.0006257830689674,0.2208509144363066,390.6
delhi_ncr,2025-11-13,28.775,77.275,0.0006113186890797,0.2149342174327085,384.1
delhi_ncr,2025-11-13,28.775,77.325,0.0005475400915953,0.213958647303027,359.8
delhi_ncr,2025-11-13,28.775,77.375,0.0005098022387934,0.206989667675938,344.3
delhi_ncr,2025-11-13,28.775,77.425,0.0004929054851611,0.2063469042972792,337.8
delhi_ncr,2025-11-13,28.775,77.475,0.0004780605574545,0.207274505464135,332.4
delhi_ncr,2025-11-13,28.775,77.525,0.0004886683709336,0.2050622925577988,336.0
delhi_ncr,2025-11-13,28.775,77.55,0.000522648228797,0.1979790276613365,347.5
delhi_ncr,2025-11-13,28.825,76.825,0.0001314507804322,0.2571434333756242,210.7
delhi_ncr,2025-11-13,28.825,76.875,0.0001709491715499,0.2428810596776185,223.0
delhi_ncr,2025-11-13,28.825,76.925,9.920034630190696e-05,0.2646587453101674,199.9
delhi_ncr,2025-11-13,28.825,76.975,0.0001624807257959,0.236845255416037,218.7
delhi_ncr,2025-11-13,28.825,77.025,0.0001984976859296,0.2238655012494317,229.9
delhi_ncr,2025-11-13,28.825,77.075,0.0002311531221517,0.2269162666356713,242.8
delhi_ncr,2025-11-13,28.825,77.125,0.0004769149312348,0.2110573039232305,332.6
delhi_ncr,2025-11-13,28.825,77.175,0.0004859901066737,0.2109174239168699,336.0
delhi_ncr,2025-11-13,28.825,77.225,0.0003527696257905,0.205856889062453,284.8
delhi_ncr,2025-11-13,28.825,77.275,0.0003177136654204,0.2012076297262702,270.8
delhi_ncr,2025-11-13,28.825,77.325,0.0004023487250976,0.1983955738804053,302.2
delhi_ncr,2025-11-13,28.825,77.375,0.0003778438547213,0.1969306160143694,292.7
delhi_ncr,2025-11-13,28.825,77.425,0.0004081032825436,0.1980422066457297,304.3
delhi_ncr,2025-11-13,28.825,77.475,0.0004348501776817,0.1992178580625336,314.6
delhi_ncr,2025-11-13,28.825,77.525,0.0004723389668092,0.1989266748430458,328.7
delhi_ncr,2025-11-13,28.875,76.825,0.0003594788506178,0.2291186774935518,291.6
delhi_ncr,2025-11-13,28.875,76.875,0.0005256626385982,0.2202988164909484,352.7
delhi_ncr,2025-11-13,28.875,76.925,0.0003408657875832,0.2168079053821235,282.3
delhi_ncr,2025-11-13,28.875,76.975,0.000341678038308,0.2053035248627064,280.6
delhi_ncr,2025-11-13,28.875,77.025,0.0003708158311597,0.1979420004470685,290.2
delhi_ncr,2025-11-13,28.875,77.075,0.0004003943014688,0.1954462807848332,300.9
delhi_ncr,2025-11-13,28.875,77.125,0.0003916104355935,0.1948666391274142,297.5
delhi_ncr,2025-11-13,28.875,77.175,0.0003007221055023,0.187679820321478,261.9
delhi_ncr,2025-11-13,28.875,77.225,0.0003749988788882,0.1858226585683358,289.6
delhi_ncr,2025-11-13,28.875,77.275,0.0004022828019005,0.1834733020383974,299.4
delhi_ncr,2025-11-13,28.875,77.325,0.0003579839919394,0.1803898294248268,282.2
delhi_ncr,2025-11-13,28.875,77.375,0.0004080009697044,0.1833109682868988,301.6
delhi_ncr,2025-11-13,28.875,77.425,0.0004340041625369,0.1837393193711965,311.5
delhi_ncr,2025-11-13,28.875,77.475,0.0004712432208258,0.1803364496381102,324.9
delhi_ncr,2025-11-13,28.875,77.525,0.0004926583650029,0.1766139138106476,332.3
delhi_ncr,2025-11-13,28.875,77.55,0.0004987399126105,0.1817669489951753,335.5
delhi_ncr,2025-11-14,28.375,76.825,0.0001634655112011,0.2367720124439647,219.0
delhi_ncr,2025-11-14,28.375,76.875,0.0001642653546164,0.2357189800337113,219.2
delhi_ncr,2025-11-14,28.375,76.925,0.0002047770624889,0.2260677674281875,232.7
delhi_ncr,2025-11-14,28.375,76.975,0.0002239549832979,0.2226144118431075,239.3
delhi_ncr,2025-11-14,28.375,77.025,0.0002979745577823,0.2145665868627847,265.8
delhi_ncr,2025-11-14,28.375,77.075,0.0003926523545985,0.2032664524916221,299.4
delhi_ncr,2025-11-14,28.375,77.125,0.000331303488998,0.1987792013454346,275.4
delhi_ncr,2025-11-14,28.375,77.175,0.0001902337197906,0.1886530318352391,220.4
delhi_ncr,2025-11-14,28.375,77.225,0.0001919457290292,0.1847875319633569,220.3
delhi_ncr,2025-11-14,28.375,77.275,0.0002131900596786,0.1817279584608446,227.8
delhi_ncr,2025-11-14,28.375,77.325,0.0002334939943384,0.1784558062326544,234.8
delhi_ncr,2025-11-14,28.375,77.375,0.0002879086838861,0.1745782344505701,254.6
delhi_ncr,2025-11-14,28.375,77.425,0.0003242232891959,0.1722018971196127,267.9
delhi_ncr,2025-11-14,28.375,77.475,0.0003354839958551,0.1722772474109557,272.2
delhi_ncr,2025-11-14,28.375,77.525,0.000344497721287,0.1727184355984156,275.7
delhi_ncr,2025-11-14,28.375,77.55,0.0003586356624984,0.1734443417211575,281.1
delhi_ncr,2025-11-14,28.425,76.825,9.372612577081696e-05,0.2362708697078499,192.6
delhi_ncr,2025-11-14,28.425,76.875,8.225851214169244e-05,0.2351934339947916,188.1
delhi_ncr,2025-11-14,28.425,76.925,0.0002348228721477,0.2254553493890397,243.9
delhi_ncr,2025-11-14,28.425,76.975,0.0002489376664876,0.2235773191832371,248.9
delhi_ncr,2025-11-14,28.425,77.025,0.0003434158709802,0.2166341422759585,283.3
delhi_ncr,2025-11-14,28.425,77.075,0.000466126525662,0.2051545867121466,327.5
delhi_ncr,2025-11-14,28.425,77.125,0.0002798906750069,0.1959188359567568,255.5
delhi_ncr,2025-11-14,28.425,77.175,0.0001290756246866,0.1874699872393702,197.1
delhi_ncr,2025-11-14,28.425,77.225,0.0001861476891745,0.182011130756583,217.6
delhi_ncr,2025-11-14,28.425,77.275,0.0002484574938091,0.1783709340170225,240.5
delhi_ncr,2025-11-14,28.425,77.325,0.0002690264991861,0.1763424955275516,247.8
delhi_ncr,2025-11-14,28.425,77.375,0.0002143624239905,0.1745736924403313,226.9
delhi_ncr,2025-11-14,28.425,77.425,0.0002303469497121,0.1735269981596006,232.7
delhi_ncr,2025-11-14,28.425,77.475,0.0003574966898659,0.1754418851462068,281.1
delhi_ncr,2025-11-14,28.425,77.525,0.000439752957889,0.1769912171291707,312.4
delhi_ncr,2025-11-14,28.425,77.55,0.0004222121117726,0.1766813920010043,305.7
delhi_ncr,2025-11-14,28.475,76.825,4.9395424844012174e-05,0.2319231108470384,175.1
delhi_ncr,2025-11-14,28.475,76.875,2.4598039119244144e-05,0.2311146342339131,165.6
delhi_ncr,2025-11-14,28.475,76.925,0.0003056688728989,0.2229634100111193,270.2
delhi_ncr,2025-11-14,28.475,76.975,0.0003320742066991,0.2221984043661016,280.0
delhi_ncr,2025-11-14,28.475,77.025,0.000386206784413,0.2170788370648794,299.5
delhi_ncr,2025-11-14,28.475,77.075,0.0004408916277852,0.2070495059179138,318.3
delhi_ncr,2025-11-14,28.475,77.125,0.0002193859851301,0.1944266681908154,232.4
delhi_ncr,2025-11-14,28.475,77.175,0.0001052803468778,0.1886145449068051,188.3
delhi_ncr,2025-11-14,28.475,77.225,0.0002295827757985,0.1814326786944305,233.9
delhi_ncr,2025-11-14,28.475,77.275,0.0003268073689473,0.177004967419962,269.8
delhi_ncr,2025-11-14,28.475,77.325,0.0003278825866193,0.1760581479428668,270.0
delhi_ncr,2025-11-14,28.475,77.375,0.0001612969148214,0.1748634359016276,206.9
delhi_ncr,2025-11-14,28.475,77.425,0.0001597419219335,0.1748678742124737,206.3
delhi_ncr,2025-11-14,28.475,77.475,0.0003692718615266,0.1777689193313927,285.9
delhi_ncr,2025-11-14,28.475,77.525,0.0005061315373711,0.1797343410747421,337.9
delhi_ncr,2025-11-14,28.475,77.55,0.0004796916355951,0.178707860138379,327.8
delhi_ncr,2025-11-14,28.525,76.825,0.0001186866651124,0.2223663705412913,199.5
delhi_ncr,2025-11-14,28.525,76.875,0.0001166379584215,0.2223606028513095,198.7
delhi_ncr,2025-11-14,28.525,76.925,0.0004106319099909,0.2191664314933049,309.1
delhi_ncr,2025-11-14,28.525,76.975,0.0004385815615472,0.2188757798322536,319.6
delhi_ncr,2025-11-14,28.525,77.025,0.000363659341558,0.2161764777254776,290.8
delhi_ncr,2025-11-14,28.525,77.075,0.0002392897859114,0.2102465212314368,242.8
delhi_ncr,2025-11-14,28.525,77.125,0.0001670334512734,0.198257721209777,213.4
delhi_ncr,2025-11-14,28.525,77.175,0.0001405875260864,0.1954843344507829,202.9
delhi_ncr,2025-11-14,28.525,77.225,0.0003295801096334,0.1867350401859802,272.6
delhi_ncr,2025-11-14,28.525,77.275,0.0004493966010089,0.181502737212426,316.9
delhi_ncr,2025-11-14,28.525,77.325,0.0004282827085597,0.1808227734710702,308.8
delhi_ncr,2025-11-14,28.525,77.375,0.0002260168164864,0.175575718595152,231.5
delhi_ncr,2025-11-14,28.525,77.425,0.000224685724239,0.1755649655719049,231.0
delhi_ncr,2025-11-14,28.525,77.475,0.0003796747524841,0.17672434489192,289.7
delhi_ncr,2025-11-14,28.525,77.525,0.0004817028135129,0.177136838595114,328.3
delhi_ncr,2025-11-14,28.525,77.55,0.0004654609122808,0.171224715068052,321.0
delhi_ncr,2025-11-14,28.575,76.825,0.0004147923272362,0.2108216486966783,309.2
delhi_ncr,2025-11-14,28.575,76.875,0.0004148902363335,0.2109283159494272,309.2
delhi_ncr,2025-11-14,28.575,76.925,0.000252479627705,0.2206747213098857,249.7
delhi_ncr,2025-11-14,28.575,76.975,0.0002369045148348,0.2216916626840427,244.0
delhi_ncr,2025-11-14,28.575,77.025,0.0002913640513211,0.2240305598128195,265.0
delhi_ncr,2025-11-14,28.575,77.075,0.0003669322953628,0.226642071033072,294.0
delhi_ncr,2025-11-14,28.575,77.125,0.0003122691638332,0.2198855736832088,272.1
delhi_ncr,2025-11-14,28.575,77.175,0.0003106374763139,0.219770884568675,271.5
delhi_ncr,2025-11-14,28.575,77.225,0.000418949594866,0.2092390568074356,310.4
delhi_ncr,2025-11-14,28.575,77.275,0.0004874217625987,0.2026153587513823,335.1
delhi_ncr,2025-11-14,28.575,77.325,0.000498507147642,0.2005532895866879,338.9
delhi_ncr,2025-11-14,28.575,77.375,0.0005909957581784,0.1824805039807009,370.5
delhi_ncr,2025-11-14,28.575,77.425,0.0005912850429506,0.1824438748235387,370.6
delhi_ncr,2025-11-14,28.575,77.475,0.0005245749366833,0.1759647206385692,344.2
delhi_ncr,2025-11-14,28.575,77.525,0.0004723597682081,0.169531255532909,323.3
delhi_ncr,2025-11-14,28.625,76.825,7.215535476610122e-05,0.2002875110938101,177.9
delhi_ncr,2025-11-14,28.625,76.875,8.009603255221697e-05,0.2005677436082618,181.0
delhi_ncr,2025-11-14,28.625,76.925,0.0002846760727078,0.2106780787053351,260.0
delhi_ncr,2025-11-14,28.625,76.975,0.0003094736348346,0.2127908702816453,269.8
delhi_ncr,2025-11-14,28.625,77.025,0.0003294083122592,0.2158294428859057,277.8
delhi_ncr,2025-11-14,28.625,77.075,0.0003565754154674,0.2191761714123998,288.7
delhi_ncr,2025-11-14,28.625,77.125,0.0003469260464987,0.217145772375996,284.7
delhi_ncr,2025-11-14,28.625,77.175,0.0003464910375984,0.2171245126035291,284.5
delhi_ncr,2025-11-14,28.625,77.225,0.0003980073590462,0.2090913627493763,302.5
delhi_ncr,2025-11-14,28.625,77.275,0.0004306366470571,0.2040471947750246,313.9
delhi_ncr,2025-11-14,28.625,77.325,0.0004233123153769,0.2020537775756928,310.8
delhi_ncr,2025-11-14,28.625,77.375,0.0003558929227223,0.1829645797216336,281.8
delhi_ncr,2025-11-14,28.625,77.425,0.0003550268066323,0.1829552496845263,281.5
delhi_ncr,2025-11-14,28.625,77.475,0.0005453677524495,0.175005313540234,351.9
delhi_ncr,2025-11-14,28.625,77.525,0.0006623413103156,0.166508753401604,394.5
delhi_ncr,2025-11-14,28.625,77.55,0.0005714922185577,0.1624247827082935,359.4
delhi_ncr,2025-11-14,28.675,76.825,0.0001889912121953,0.1934617224439959,220.8
delhi_ncr,2025-11-14,28.675,76.875,0.0001592187285378,0.193767735307661,209.6
delhi_ncr,2025-11-14,28.675,76.925,0.0001748243766735,0.1996064459637871,216.5
delhi_ncr,2025-11-14,28.675,76.975,0.0002378559321331,0.2011814095002684,240.6
delhi_ncr,2025-11-14,28.675,77.025,0.0003138668577121,0.2031254947839106,269.7
delhi_ncr,2025-11-14,28.675,77.075,0.0003687435331373,0.2053936836046336,290.8
delhi_ncr,2025-11-14,28.675,77.125,0.0002820472685124,0.2053202845674746,258.1
delhi_ncr,2025-11-14,28.675,77.175,0.0002828919408693,0.2054448125944595,258.4
delhi_ncr,2025-11-14,28.675,77.225,0.0004395013267701,0.1992550979100385,316.4
delhi_ncr,2025-11-14,28.675,77.275,0.0005349268703421,0.1953870758097874,351.7
delhi_ncr,2025-11-14,28.675,77.325,0.0005134463966631,0.1934688683036133,343.2
delhi_ncr,2025-11-14,28.675,77.375,0.0003288711479791,0.1765455388629523,270.5
delhi_ncr,2025-11-14,28.675,77.425,0.0003258102475683,0.1761774168156949,269.2
delhi_ncr,2025-11-14,28.675,77.475,0.0004607220338415,0.1691353796582544,318.9
delhi_ncr,2025-11-14,28.675,77.525,0.0005402732867878,0.1617172365920582,347.5
delhi_ncr,2025-11-14,28.675,77.55,0.0005138702580699,0.1567301389955815,336.7
delhi_ncr,2025-11-14,28.725,76.825,0.0003532690419265,0.1855632972720087,281.3
delhi_ncr,2025-11-14,28.725,76.875,0.0003088804031992,0.1840536846364637,264.3
delhi_ncr,2025-11-14,28.725,76.925,0.0001208734875331,0.1840446431479809,193.3
delhi_ncr,2025-11-14,28.725,76.975,0.0001792305565823,0.1834990533961774,215.3
delhi_ncr,2025-11-14,28.725,77.025,0.0002774596545962,0.1836469565218159,252.4
delhi_ncr,2025-11-14,28.725,77.075,0.0003518230734555,0.1843713844741284,280.6
delhi_ncr,2025-11-14,28.725,77.125,0.0002484918287895,0.1855747261436995,241.8
delhi_ncr,2025-11-14,28.725,77.175,0.0002490504513994,0.1857413868115397,242.0
delhi_ncr,2025-11-14,28.725,77.225,0.0004534918011408,0.1818126726654038,318.5
delhi_ncr,2025-11-14,28.725,77.275,0.0005768523269616,0.1793292125279855,364.6
delhi_ncr,2025-11-14,28.725,77.325,0.0005429878262417,0.1776412160463577,351.5
delhi_ncr,2025-11-14,28.725,77.375,0.0003418624078901,0.1662186512326625,273.5
delhi_ncr,2025-11-14,28.725,77.425,0.0003323731535284,0.1654573139258315,269.8
delhi_ncr,2025-11-14,28.725,77.475,0.0003444232945725,0.160826062490599,273.5
delhi_ncr,2025-11-14,28.725,77.525,0.0003239086959066,0.1564895502853814,264.9
delhi_ncr,2025-11-14,28.725,77.55,0.0001768635092963,0.1537331705138657,208.9
delhi_ncr,2025-11-14,28.775,76.825,0.0002457922537568,0.1727326712620848,238.4
delhi_ncr,2025-11-14,28.775,76.875,0.0002640798760035,0.1661187288209674,244.1
delhi_ncr,2025-11-14,28.775,76.925,0.0002862476198902,0.1605687266178901,251.5
delhi_ncr,2025-11-14,28.775,76.975,0.0002603535769025,0.1570539061734209,241.0
delhi_ncr,2025-11-14,28.775,77.025,0.000246718422927,0.1553143813978979,235.6
delhi_ncr,2025-11-14,28.775,77.075,0.0002634775214975,0.1555100679336871,241.9
delhi_ncr,2025-11-14,28.775,77.125,0.0003561841731254,0.1581386921734183,277.4
delhi_ncr,2025-11-14,28.775,77.175,0.0003525856499877,0.1582963177365745,276.1
delhi_ncr,2025-11-14,28.775,77.225,0.0003613874428054,0.1577175448180346,279.3
delhi_ncr,2025-11-14,28.775,77.275,0.0003578604489835,0.1570491888168253,277.8
delhi_ncr,2025-11-14,28.775,77.325,0.0003339591352531,0.156282574495888,268.7
delhi_ncr,2025-11-14,28.775,77.375,0.0002679731186829,0.154032737313441,243.4
delhi_ncr,2025-11-14,28.775,77.425,0.0002495247329715,0.1532456051979166,236.3
delhi_ncr,2025-11-14,28.775,77.475,0.0002484938975894,0.1521934487239981,235.7
delhi_ncr,2025-11-14,28.775,77.525,0.0001698094433286,0.1520360522527874,206.0
delhi_ncr,2025-11-14,28.775,77.55,0.0001421881531944,0.1547245134791851,196.0
delhi_ncr,2025-11-14,28.825,76.825,0.0003172276563969,0.1613998058432439,263.3
delhi_ncr,2025-11-14,28.825,76.875,0.0002978106716564,0.151212260626446,254.1
delhi_ncr,2025-11-14,28.825,76.925,0.0002921703840305,0.1467853507600524,251.2
delhi_ncr,2025-11-14,28.825,76.975,0.0002482540049404,0.1420902129906619,233.7
delhi_ncr,2025-11-14,28.825,77.025,0.0002303248836587,0.1400650469972388,226.6
delhi_ncr,2025-11-14,28.825,77.075,0.0002561756508357,0.1409296437148255,236.5
delhi_ncr,2025-11-14,28.825,77.125,0.0003681291727099,0.1435943890179239,279.3
delhi_ncr,2025-11-14,28.825,77.175,0.000324915540243,0.1454421452395991,263.3
delhi_ncr,2025-11-14,28.825,77.225,0.0002686315557099,0.1476911272985886,242.5
delhi_ncr,2025-11-14,28.825,77.275,0.0002630296280776,0.1497968843031562,240.7
delhi_ncr,2025-11-14,28.825,77.325,0.0003152817089829,0.1515581046449176,260.8
delhi_ncr,2025-11-14,28.825,77.375,0.0003734704115394,0.1536553206166545,283.1
delhi_ncr,2025-11-14,28.825,77.425,0.0001990825709957,0.1542533065054809,217.4
delhi_ncr,2025-11-14,28.825,77.475,7.958924196266792e-05,0.1547004322752317,172.4
delhi_ncr,2025-11-14,28.825,77.525,0.0001032082966371,0.1554263055067312,181.4
delhi_ncr,2025-11-14,28.875,76.825,0.0003430026088626,0.1465688641369458,270.3
delhi_ncr,2025-11-14,28.875,76.875,0.0006277339088836,0.1396315297392336,376.5
delhi_ncr,2025-11-14,28.875,76.925,0.0005588380678617,0.1382355840227919,350.3
delhi_ncr,2025-11-14,28.875,76.975,0.0004376682898551,0.1367523472907411,304.3
delhi_ncr,2025-11-14,28.875,77.025,0.0003620570623694,0.1376840224706749,275.9
delhi_ncr,2025-11-14,28.875,77.075,0.0003421347256727,0.1408118674746874,268.9
delhi_ncr,2025-11-14,28.875,77.125,0.0003432372576251,0.1444086780203177,270.0
delhi_ncr,2025-11-14,28.875,77.175,0.0003783202512855,0.147529064685423,283.8
delhi_ncr,2025-11-14,28.875,77.225,0.0003803139724011,0.1492120152085625,284.9
delhi_ncr,2025-11-14,28.875,77.275,0.0003275582539762,0.149068656079624,265.0
delhi_ncr,2025-11-14,28.875,77.325,0.0002367670295385,0.1475250446030043,230.4
delhi_ncr,2025-11-14,28.875,77.375,0.0002322219641196,0.1477125067389429,228.7
delhi_ncr,2025-11-14,28.875,77.425,0.0001788733665037,0.1445931044514585,208.0
delhi_ncr,2025-11-14,28.875,77.475,0.0001495432455674,0.1440836813396831,196.9
delhi_ncr,2025-11-14,28.875,77.525,0.0001199409282589,0.1468427203470837,186.2
delhi_ncr,2025-11-14,28.875,77.55,0.0001508123003841,0.1538478223693707,199.1
delhi_ncr,2025-11-15,28.375,76.825,0.0003027225782843,0.1267339675119885,251.5
delhi_ncr,2025-11-15,28.375,76.875,0.0003210626350199,0.1228351255139988,257.7
delhi_ncr,2025-11-15,28.375,76.925,0.0003493536774813,0.1117436714443634,266.4
delhi_ncr,2025-11-15,28.375,76.975,0.0003079956244716,0.1103040575647226,250.5
delhi_ncr,2025-11-15,28.375,77.025,0.0003049496019464,0.1062331845153199,248.6
delhi_ncr,2025-11-15,28.375,77.075,0.0003344269118916,0.0951130322824482,257.7
delhi_ncr,2025-11-15,28.375,77.125,0.0003152947684845,0.0624575101896571,244.5
delhi_ncr,2025-11-15,28.375,77.175,0.0001767986896007,0.0428010408216551,188.6
delhi_ncr,2025-11-15,28.375,77.225,0.0004180818940263,0.0415747349164497,279.5
delhi_ncr,2025-11-15,28.375,77.275,0.0005022325595731,0.0468575452230703,312.2
delhi_ncr,2025-11-15,28.375,77.325,0.0003652064909701,0.0527255278342897,261.6
delhi_ncr,2025-11-15,28.375,77.375,0.0003870682269722,0.035456738152718,266.7
delhi_ncr,2025-11-15,28.375,77.425,0.000403681513061,0.026717789583876,271.3
delhi_ncr,2025-11-15,28.375,77.475,0.00037325060787,0.0393393534338591,262.2
delhi_ncr,2025-11-15,28.375,77.525,0.0003034878554704,0.0516861436276782,238.1
delhi_ncr,2025-11-15,28.375,77.55,0.0002336424099573,0.0548257231982839,212.3
delhi_ncr,2025-11-15,28.425,76.825,0.0003405828267668,0.1165804415871739,263.9
delhi_ncr,2025-11-15,28.425,76.875,0.0002871703506054,0.1107435507012929,242.7
delhi_ncr,2025-11-15,28.425,76.925,0.0004060901955558,0.1078697945539525,287.1
delhi_ncr,2025-11-15,28.425,76.975,0.0003982989016193,0.112827674668558,285.0
delhi_ncr,2025-11-15,28.425,77.025,0.0003706265827934,0.1126341625734158,274.5
delhi_ncr,2025-11-15,28.425,77.075,0.0003396520686704,0.1031172821677071,261.1
delhi_ncr,2025-11-15,28.425,77.125,0.000304293465185,0.0705841197966276,241.8
delhi_ncr,2025-11-15,28.425,77.175,0.000250506875562,0.0542009995573162,218.5
delhi_ncr,2025-11-15,28.425,77.225,0.0002868317013466,0.0403703261987422,229.7
delhi_ncr,2025-11-15,28.425,77.275,0.0002835597759644,0.03711080628221,227.9
delhi_ncr,2025-11-15,28.425,77.325,0.0002413418651061,0.0444555960461456,213.3
delhi_ncr,2025-11-15,28.425,77.375,0.0003875536477151,0.0509508343623309,269.7
delhi_ncr,2025-11-15,28.425,77.425,0.0003711564431025,0.0483121056484193,263.0
delhi_ncr,2025-11-15,28.425,77.475,0.0003892300058295,0.0562029979763632,271.3
delhi_ncr,2025-11-15,28.425,77.525,0.0003411809888441,0.0633441395870478,254.4
delhi_ncr,2025-11-15,28.425,77.55,0.0002102467624147,0.0650002145055944,205.3
delhi_ncr,2025-11-15,28.475,76.825,0.000309534848895,0.1063514560080861,250.3
delhi_ncr,2025-11-15,28.475,76.875,0.0003053058567166,0.0991775510780787,247.4
delhi_ncr,2025-11-15,28.475,76.925,0.0003771212722071,0.1026127325007633,275.2
delhi_ncr,2025-11-15,28.475,76.975,0.0004558484205495,0.112336231036868,306.7
delhi_ncr,2025-11-15,28.475,77.025,0.0004348270874986,0.1160686114675222,299.4
delhi_ncr,2025-11-15,28.475,77.075,0.0003352328609906,0.1095689547055911,260.6
delhi_ncr,2025-11-15,28.475,77.125,0.0002941947151945,0.0802329067078127,239.8
delhi_ncr,2025-11-15,28.475,77.175,0.0002876480593014,0.0694869664181603,235.4
delhi_ncr,2025-11-15,28.475,77.225,0.0002038402540287,0.0510384753461763,200.4
delhi_ncr,2025-11-15,28.475,77.275,0.0001706708057298,0.0420841646366163,186.2
delhi_ncr,2025-11-15,28.475,77.325,0.0002222847142002,0.0468141795412834,206.5
delhi_ncr,2025-11-15,28.475,77.375,0.0003789621473574,0.0628517319448379,268.6
delhi_ncr,2025-11-15,28.475,77.425,0.0003139037299267,0.0644845901758413,244.3
delhi_ncr,2025-11-15,28.475,77.475,0.0004220963551424,0.0675996580359889,285.7
delhi_ncr,2025-11-15,28.475,77.525,0.0004134709342862,0.0703066453622783,283.0
delhi_ncr,2025-11-15,28.475,77.55,0.0002108371392251,0.0714057847593104,206.7
delhi_ncr,2025-11-15,28.525,76.825,0.0001526663560129,0.0998767627832467,190.0
delhi_ncr,2025-11-15,28.525,76.875,0.0003672648975796,0.0943111176160984,269.9
delhi_ncr,2025-11-15,28.525,76.925,0.0002864605903522,0.103279553531618,241.1
delhi_ncr,2025-11-15,28.525,76.975,0.0005009598913968,0.1129340462734048,323.8
delhi_ncr,2025-11-15,28.525,77.025,0.000520779684197,0.1165489099202351,331.9
delhi_ncr,2025-11-15,28.525,77.075,0.0003489093247542,0.1110392179242152,266.1
delhi_ncr,2025-11-15,28.525,77.125,0.0002481222417465,0.0855323675332949,223.4
delhi_ncr,2025-11-15,28.525,77.175,0.0001975436548363,0.0797682158399902,203.2
delhi_ncr,2025-11-15,28.525,77.225,0.0001879478186754,0.0750422266852433,198.7
delhi_ncr,2025-11-15,28.525,77.275,0.0002785797322243,0.0728512348360569,232.5
delhi_ncr,2025-11-15,28.525,77.325,0.0004367700056181,0.0728620149208436,292.2
delhi_ncr,2025-11-15,28.525,77.375,0.0004051948501133,0.06922421898809,279.7
delhi_ncr,2025-11-15,28.525,77.425,0.0002706781589003,0.0689092604100129,228.8
delhi_ncr,2025-11-15,28.525,77.475,0.0004460162747872,0.0692036376960398,295.1
delhi_ncr,2025-11-15,28.525,77.525,0.0004572097556189,0.0697587385172183,299.4
delhi_ncr,2025-11-15,28.525,77.55,0.0002185136595721,0.0727083824625704,209.8
delhi_ncr,2025-11-15,28.575,76.825,0.0002442835911143,0.094444154443757,223.5
delhi_ncr,2025-11-15,28.575,76.875,0.0003582575512951,0.100524874244817,267.7
delhi_ncr,2025-11-15,28.575,76.925,0.0003240679076091,0.1240495448112326,259.1
delhi_ncr,2025-11-15,28.575,76.975,0.0003199300515478,0.1300218319389704,258.6
delhi_ncr,2025-11-15,28.575,77.025,0.0003353831640579,0.1329415477372193,265.0
delhi_ncr,2025-11-15,28.575,77.075,0.0003468910843408,0.1328224391411225,269.3
delhi_ncr,2025-11-15,28.575,77.125,0.0002598024437712,0.1219577137070267,234.4
delhi_ncr,2025-11-15,28.575,77.175,0.0004473668630929,0.1168153149170518,304.3
delhi_ncr,2025-11-15,28.575,77.225,0.0004003316169436,0.1115246545951053,285.6
delhi_ncr,2025-11-15,28.575,77.275,0.0002921985370664,0.1065963231257417,243.8
delhi_ncr,2025-11-15,28.575,77.325,0.0001771940309856,0.1021217994516485,199.6
delhi_ncr,2025-11-15,28.575,77.375,0.0001330199181741,0.0949143962011349,181.6
delhi_ncr,2025-11-15,28.575,77.425,0.0003535028598828,0.0894627238537749,263.9
delhi_ncr,2025-11-15,28.575,77.475,0.000325359386492,0.0831795177121042,252.1
delhi_ncr,2025-11-15,28.575,77.525,0.0002672627282099,0.0779773566980626,229.2
delhi_ncr,2025-11-15,28.625,76.825,0.0002524459718394,0.086665643992829,225.2
delhi_ncr,2025-11-15,28.625,76.875,0.0002527028146195,0.095092524989448,226.8
delhi_ncr,2025-11-15,28.625,76.925,0.0004278877968779,0.1202373078199162,297.5
delhi_ncr,2025-11-15,28.625,76.975,0.0004070936554098,0.125386799556031,290.6
delhi_ncr,2025-11-15,28.625,77.025,0.0003230447344425,0.127626996873537,259.3
delhi_ncr,2025-11-15,28.625,77.075,0.0002395418419129,0.1274911752566833,227.8
delhi_ncr,2025-11-15,28.625,77.125,0.0003456708180264,0.1189207864689008,266.3
delhi_ncr,2025-11-15,28.625,77.175,0.0003178852712492,0.1156503545539882,255.2
delhi_ncr,2025-11-15,28.625,77.225,0.0002944506153297,0.1155243872076022,246.3
delhi_ncr,2025-11-15,28.625,77.275,0.0002797754833784,0.1157480261984429,240.8
delhi_ncr,2025-11-15,28.625,77.325,0.0002697610671634,0.1151717014111753,236.9
delhi_ncr,2025-11-15,28.625,77.375,0.0002172342992058,0.1084162570625721,215.9
delhi_ncr,2025-11-15,28.625,77.425,0.0003503337559277,0.1042641639674253,265.4
delhi_ncr,2025-11-15,28.625,77.475,0.0002643413278461,0.093885246858694,231.0
delhi_ncr,2025-11-15,28.625,77.525,0.0001947208420553,0.083226374878606,202.8
delhi_ncr,2025-11-15,28.625,77.55,0.0002235191348963,0.0750610415213788,212.2
delhi_ncr,2025-11-15,28.675,76.825,0.0002684902938852,0.0828253493221823,230.6
delhi_ncr,2025-11-15,28.675,76.875,0.0002158548480564,0.0915183127330636,212.3
delhi_ncr,2025-11-15,28.675,76.925,0.0004797728974742,0.1120931032313201,315.6
delhi_ncr,2025-11-15,28.675,76.975,0.0004050667793933,0.1164330486780404,288.2
delhi_ncr,2025-11-15,28.675,77.025,0.0002834670026472,0.1184843786650746,242.7
delhi_ncr,2025-11-15,28.675,77.075,0.0002054719188437,0.1188024334891336,213.3
delhi_ncr,2025-11-15,28.675,77.125,0.00039413922417,0.112153512494371,283.3
delhi_ncr,2025-11-15,28.675,77.175,0.0003904795973884,0.1101367022176564,281.6
delhi_ncr,2025-11-15,28.675,77.225,0.0002951811924753,0.1111093990893074,245.8
delhi_ncr,2025-11-15,28.675,77.275,0.0002450882262162,0.1122443244191548,227.1
delhi_ncr,2025-11-15,28.675,77.325,0.0002661281642619,0.1117343201723594,234.9
delhi_ncr,2025-11-15,28.675,77.375,0.0003080413786293,0.1021848711696447,249.0
delhi_ncr,2025-11-15,28.675,77.425,0.0003836158759603,0.0984946170485889,276.9
delhi_ncr,2025-11-15,28.675,77.475,0.0003395202499845,0.0885138395615256,258.4
delhi_ncr,2025-11-15,28.675,77.525,0.0002486911584407,0.0777134057215967,222.2
delhi_ncr,2025-11-15,28.675,77.55,0.0001460978426273,0.0692989086072889,181.9
delhi_ncr,2025-11-15,28.725,76.825,0.000269275551153,0.0822458024034758,230.7
delhi_ncr,2025-11-15,28.725,76.875,0.0001812332627325,0.0883030194463513,198.6
delhi_ncr,2025-11-15,28.725,76.925,0.0004458071964262,0.0988647270965888,300.4
delhi_ncr,2025-11-15,28.725,76.975,0.0003389432939893,0.1008375787613835,260.4
delhi_ncr,2025-11-15,28.725,77.025,0.0002364722352701,0.1014387764901618,221.9
delhi_ncr,2025-11-15,28.725,77.075,0.0002157892769472,0.1009468597952585,214.0
delhi_ncr,2025-11-15,28.725,77.125,0.0004182998043911,0.0970786067303059,289.7
delhi_ncr,2025-11-15,28.725,77.175,0.0004830055712626,0.0965350154327869,314.0
delhi_ncr,2025-11-15,28.725,77.225,0.0003463974267688,0.0971943153735078,262.6
delhi_ncr,2025-11-15,28.725,77.275,0.0002537356164674,0.0973541848336887,227.6
delhi_ncr,2025-11-15,28.725,77.325,0.0002691298342617,0.0951472716503434,233.1
delhi_ncr,2025-11-15,28.725,77.375,0.0004186625502034,0.0846557737209463,287.6
delhi_ncr,2025-11-15,28.725,77.425,0.0004490413733659,0.0819444530604974,298.5
delhi_ncr,2025-11-15,28.725,77.475,0.0004534811201412,0.0748692617018668,298.9
delhi_ncr,2025-11-15,28.725,77.525,0.0003746502468585,0.065444718496556,267.4
delhi_ncr,2025-11-15,28.725,77.55,0.0003296010049802,0.0476573508906735,247.2
delhi_ncr,2025-11-15,28.775,76.825,0.0002342351344295,0.0850179510484105,218.0
delhi_ncr,2025-11-15,28.775,76.875,9.763766609528108e-05,0.0844201015337422,166.4
delhi_ncr,2025-11-15,28.775,76.925,0.0002856487369176,0.0792619462448794,236.4
delhi_ncr,2025-11-15,28.775,76.975,0.0002208479574317,0.0764449670941289,211.4
delhi_ncr,2025-11-15,28.775,77.025,0.0001952449398065,0.0727360319816137,201.1
delhi_ncr,2025-11-15,28.775,77.075,0.0002532222960231,0.0688952344479692,222.3
delhi_ncr,2025-11-15,28.775,77.125,0.0004237211257574,0.0691647186827714,286.6
delhi_ncr,2025-11-15,28.775,77.175,0.0004488766042912,0.0711655251001691,296.5
delhi_ncr,2025-11-15,28.775,77.225,0.0004116308216343,0.0717461150039631,282.6
delhi_ncr,2025-11-15,28.775,77.275,0.0003682871442054,0.0702433534509652,265.9
delhi_ncr,2025-11-15,28.775,77.325,0.0003588348837624,0.0666424956898186,261.7
delhi_ncr,2025-11-15,28.775,77.375,0.0005593759290265,0.0611860874605067,336.4
delhi_ncr,2025-11-15,28.775,77.425,0.0005423341299721,0.0611760953973025,329.9
delhi_ncr,2025-11-15,28.775,77.475,0.0005334348211946,0.0587078619634583,326.1
delhi_ncr,2025-11-15,28.775,77.525,0.0005412083142712,0.0486680652115807,327.2
delhi_ncr,2025-11-15,28.775,77.55,0.0004224561744577,0.0274384362329973,278.5
delhi_ncr,2025-11-15,28.825,76.825,0.0003222038549985,0.0843349322835913,251.1
delhi_ncr,2025-11-15,28.825,76.875,0.0001995698581632,0.0814985000362474,204.3
delhi_ncr,2025-11-15,28.825,76.925,0.000259139370267,0.0681107400258969,224.3
delhi_ncr,2025-11-15,28.825,76.975,0.0002754426820716,0.0636236437706272,229.7
delhi_ncr,2025-11-15,28.825,77.025,0.0002966361411874,0.0608486924085312,237.2
delhi_ncr,2025-11-15,28.825,77.075,0.0003367048529092,0.0593827637724674,252.0
delhi_ncr,2025-11-15,28.825,77.125,0.0004419242015367,0.0607013541928864,292.0
delhi_ncr,2025-11-15,28.825,77.175,0.0003357370545,0.0544188045416093,250.7
delhi_ncr,2025-11-15,28.825,77.225,0.0002981171850758,0.0443409215935341,234.7
delhi_ncr,2025-11-15,28.825,77.275,0.0003266843594314,0.0382924001339252,244.4
delhi_ncr,2025-11-15,28.825,77.325,0.0004030797913313,0.0384914216644498,273.3
delhi_ncr,2025-11-15,28.825,77.375,0.0004083016687465,0.0450460711992049,276.4
delhi_ncr,2025-11-15,28.825,77.425,0.0002862724099017,0.0503992039666053,231.3
delhi_ncr,2025-11-15,28.825,77.475,0.0002229504272041,0.050490983315262,207.5
delhi_ncr,2025-11-15,28.825,77.525,0.0002220114595861,0.0410425249326093,205.4
delhi_ncr,2025-11-15,28.875,76.825,0.0002216445607013,0.0524490462212438,207.3
delhi_ncr,2025-11-15,28.875,76.875,0.0002278325032541,0.0447318159084906,208.3
delhi_ncr,2025-11-15,28.875,76.925,0.0003445632092883,0.030043012830394,249.6
delhi_ncr,2025-11-15,28.875,76.975,0.000303342142124,0.0282147238362629,233.7
delhi_ncr,2025-11-15,28.875,77.025,0.0003134636036843,0.037615173097523,239.3
delhi_ncr,2025-11-15,28.875,77.075,0.0003489430514543,0.0525683130779639,255.4
delhi_ncr,2025-11-15,28.875,77.125,0.0001681479205584,0.0526388960258771,187.2
delhi_ncr,2025-11-15,28.875,77.175,0.0002984934359988,0.0412932004366487,234.3
delhi_ncr,2025-11-15,28.875,77.225,0.0003515396067357,0.0210948065500423,250.6
delhi_ncr,2025-11-15,28.875,77.275,0.0003773002197157,0.009575199578954,258.2
delhi_ncr,2025-11-15,28.875,77.325,0.0003850254386519,0.0112798115298586,261.5
delhi_ncr,2025-11-15,28.875,77.375,0.0003782981337276,0.026281535014667,261.7
delhi_ncr,2025-11-15,28.875,77.425,0.0003724879462393,0.0377179490723771,261.6
delhi_ncr,2025-11-15,28.875,77.475,0.0003090478082715,0.0272541791117907,235.7
delhi_ncr,2025-11-15,28.875,77.525,0.0002398642702166,0.0142345621010622,207.2
delhi_ncr,2025-11-15,28.875,77.55,0.0002178913352328,0.0115424978073804,198.4
kanpur_industrial,2025-10-15,26.325,80.175,0.0002511379001175,0.0091072349235895,210.5
kanpur_industrial,2025-10-15,26.325,80.225,0.0002715954743465,0.0,216.6
kanpur_industrial,2025-10-15,26.325,80.275,0.0002429770471754,0.0,205.8
kanpur_industrial,2025-10-15,26.325,80.325,0.0002106267220444,0.0007558240690316,193.7
kanpur_industrial,2025-10-15,26.325,80.375,0.0002170482722977,0.0043423253123331,196.8
kanpur_industrial,2025-10-15,26.325,80.425,0.0002575275276546,0.0254994754005421,215.9
kanpur_industrial,2025-10-15,26.325,80.475,0.0002878583770037,0.0390474122455357,229.9
kanpur_industrial,2025-10-15,26.325,80.525,0.0002460575264821,0.0092118389563832,208.6
kanpur_industrial,2025-10-15,26.325,80.55,0.000248029241007,0.004815279454473,208.6
kanpur_industrial,2025-10-15,26.375,80.175,0.0001773249789587,0.0,181.0
kanpur_industrial,2025-10-15,26.375,80.225,0.0001721727662762,0.0,179.1
kanpur_industrial,2025-10-15,26.375,80.275,4.261087406298989e-05,0.0,130.2
kanpur_industrial,2025-10-15,26.375,80.325,0.0004074919921698,0.0021847817480628,268.3
kanpur_industrial,2025-10-15,26.375,80.375,0.0003083125094027,0.0062202832278691,231.6
kanpur_industrial,2025-10-15,26.375,80.425,0.0002587208093755,0.0040100198574448,212.5
kanpur_industrial,2025-10-15,26.375,80.475,0.0002460924845436,0.0,207.0
kanpur_industrial,2025-10-15,26.375,80.525,0.0002501887378678,0.0,208.5
kanpur_industrial,2025-10-15,26.425,80.175,0.0002600285204647,0.0,212.2
kanpur_industrial,2025-10-15,26.425,80.225,0.0002200463787808,0.0,197.1
kanpur_industrial,2025-10-15,26.425,80.275,0.0001924875267808,0.0,186.7
kanpur_industrial,2025-10-15,26.425,80.325,0.0002716325707974,0.00045342755576,216.7
kanpur_industrial,2025-10-15,26.425,80.375,0.0002879524679308,0.0012765427696772,223.0
kanpur_industrial,2025-10-15,26.425,80.425,0.0002594201714957,0.0008217598345183,212.2
kanpur_industrial,2025-10-15,26.425,80.475,0.0002522547229443,0.0,209.3
kanpur_industrial,2025-10-15,26.425,80.525,0.0003599771096987,0.0,250.0
kanpur_industrial,2025-10-15,26.425,80.55,0.0003193467673675,0.0,234.6
kanpur_industrial,2025-10-15,26.475,80.175,0.0002870804997184,0.0,222.4
kanpur_industrial,2025-10-15,26.475,80.225,0.0002373585224811,0.0,203.7
kanpur_industrial,2025-10-15,26.475,80.275,0.0002511018195986,0.0,208.9
kanpur_industrial,2025-10-15,26.475,80.325,0.000276733008169,0.0,218.5
kanpur_industrial,2025-10-15,26.475,80.375,0.0003140920552196,0.0,232.6
kanpur_industrial,2025-10-15,26.475,80.425,0.0002969766709656,0.0,226.2
kanpur_industrial,2025-10-15,26.475,80.475,0.0002670119862858,0.0,214.9
kanpur_industrial,2025-10-15,26.475,80.525,0.0002797661380711,0.0,219.7
kanpur_industrial,2025-10-15,26.475,80.55,0.0002867203546221,0.0,222.3
kanpur_industrial,2025-10-15,26.525,80.175,0.0002707293351225,0.0,216.3
kanpur_industrial,2025-10-15,26.525,80.225,0.0002435174103616,0.0,206.0
kanpur_industrial,2025-10-15,26.525,80.275,0.0002602815225397,0.0,212.3
kanpur_industrial,2025-10-15,26.525,80.325,0.0002451623910608,0.0,206.6
kanpur_industrial,2025-10-15,26.525,80.375,0.0002745146788144,0.0,217.7
kanpur_industrial,2025-10-15,26.525,80.425,0.0002812646862634,0.0,220.2
kanpur_industrial,2025-10-15,26.525,80.475,0.0002663466398939,0.0,214.6
kanpur_industrial,2025-10-15,26.525,80.525,0.0002187754156678,0.0,196.7
kanpur_industrial,2025-10-15,26.525,80.55,0.0002468468218069,0.0,207.3
kanpur_industrial,2025-10-15,26.575,80.175,0.0002134784284327,0.0,194.7
kanpur_industrial,2025-10-15,26.575,80.225,0.0002481012802191,0.0,207.7
kanpur_industrial,2025-10-15,26.575,80.275,0.0002375476498198,0.0,203.8
kanpur_industrial,2025-10-15,26.575,80.325,6.840222600280339e-05,0.0,139.9
kanpur_industrial,2025-10-15,26.575,80.375,9.21860347265002e-05,0.0,148.9
kanpur_industrial,2025-10-15,26.575,80.425,0.0001531155029906,0.0,171.9
kanpur_industrial,2025-10-15,26.575,80.475,0.0002319672394107,0.0,201.6
kanpur_industrial,2025-10-15,26.575,80.525,0.0003091201532136,0.0,230.8
kanpur_industrial,2025-10-15,26.575,80.55,0.0003232546103043,0.0,236.1
kanpur_industrial,2025-10-16,26.325,80.175,0.0002331416446119,0.0,202.1
kanpur_industrial,2025-10-16,26.325,80.225,0.0002590663320099,0.0,211.9
kanpur_industrial,2025-10-16,26.325,80.275,0.0001867997862472,0.0,184.6
kanpur_industrial,2025-10-16,26.325,80.325,0.0002355342934004,0.0,203.0
kanpur_industrial,2025-10-16,26.325,80.375,0.0002665573032535,0.0,214.7
kanpur_industrial,2025-10-16,26.325,80.425,0.0002669731670216,0.0,214.9
kanpur_industrial,2025-10-16,26.325,80.475,0.0002885280793424,0.0,223.0
kanpur_industrial,2025-10-16,26.325,80.525,0.0004111622727371,0.0,269.3
kanpur_industrial,2025-10-16,26.325,80.55,0.0003824332668636,0.0,258.4
kanpur_industrial,2025-10-16,26.375,80.175,0.0002373315234633,0.0,203.7
kanpur_industrial,2025-10-16,26.375,80.225,0.0002824022136382,0.0,220.7
kanpur_industrial,2025-10-16,26.375,80.275,0.0003016642744297,0.0,227.9
kanpur_industrial,2025-10-16,26.375,80.325,0.0002613308676199,0.0,212.7
kanpur_industrial,2025-10-16,26.375,80.375,0.0002404860359497,0.0,204.9
kanpur_industrial,2025-10-16,26.375,80.425,0.0002172718255852,0.0,196.1
kanpur_industrial,2025-10-16,26.375,80.475,0.0002329236944326,0.0,202.0
kanpur_industrial,2025-10-16,26.375,80.525,0.0003509681651925,0.0,246.6
kanpur_industrial,2025-10-16,26.425,80.175,0.0002324519884533,0.0,201.8
kanpur_industrial,2025-10-16,26.425,80.225,0.0002268958388222,0.0,199.7
kanpur_industrial,2025-10-16,26.425,80.275,0.0002130529082834,0.0,194.5
kanpur_industrial,2025-10-16,26.425,80.325,0.0002859725791633,0.0,222.0
kanpur_industrial,2025-10-16,26.425,80.375,0.0002266964086702,0.0,199.7
kanpur_industrial,2025-10-16,26.425,80.425,0.0002288025058273,0.0,200.5
kanpur_industrial,2025-10-16,26.425,80.475,0.0002436942639283,0.0,206.1
kanpur_industrial,2025-10-16,26.425,80.525,0.0002034004106099,0.0,190.9
kanpur_industrial,2025-10-16,26.425,80.55,0.0002580120993137,0.0,211.5
kanpur_industrial,2025-10-16,26.475,80.175,0.0001642720011124,0.0,176.1
kanpur_industrial,2025-10-16,26.475,80.225,0.0001790038730715,0.0,181.7
kanpur_industrial,2025-10-16,26.475,80.275,0.0002251255933734,0.0,199.1
kanpur_industrial,2025-10-16,26.475,80.325,0.0002325851825968,0.0,201.9
kanpur_industrial,2025-10-16,26.475,80.375,0.0001556805772614,0.0,172.9
kanpur_industrial,2025-10-16,26.475,80.425,0.0001859411300105,0.0,184.3
kanpur_industrial,2025-10-16,26.475,80.475,0.0002427634386829,0.0,205.7
kanpur_industrial,2025-10-16,26.475,80.525,0.0002179932468377,0.0,196.4
kanpur_industrial,2025-10-16,26.475,80.55,0.0002146077273759,0.0,195.1
kanpur_industrial,2025-10-16,26.525,80.175,0.0001406553602771,0.0,167.2
kanpur_industrial,2025-10-16,26.525,80.225,0.000165189518111,0.0,176.4
kanpur_industrial,2025-10-16,26.525,80.275,0.0002433250808373,0.0,205.9
kanpur_industrial,2025-10-16,26.525,80.325,0.0001841434818489,0.0,183.6
kanpur_industrial,2025-10-16,26.525,80.375,9.956653820528076e-05,0.0,151.7
kanpur_industrial,2025-10-16,26.525,80.425,0.0001428029180655,0.0,168.0
kanpur_industrial,2025-10-16,26.525,80.475,0.0002277391856807,0.0,200.0
kanpur_industrial,2025-10-16,26.525,80.525,0.000241203211073,0.0,205.1
kanpur_industrial,2025-10-16,26.525,80.55,0.0002221599912114,0.0,197.9
kanpur_industrial,2025-10-16,26.575,80.175,0.0002344171249196,0.0,202.6
kanpur_industrial,2025-10-16,26.575,80.225,0.0002052458776308,0.0,191.6
kanpur_industrial,2025-10-16,26.575,80.275,0.0002100186913605,0.0,193.4
kanpur_industrial,2025-10-16,26.575,80.325,0.0001962727767078,0.0,188.2
kanpur_industrial,2025-10-16,26.575,80.375,0.0001076152854215,0.0,154.7
kanpur_industrial,2025-10-16,26.575,80.425,0.0001363018407693,0.0,165.5
kanpur_industrial,2025-10-16,26.575,80.475,0.0001979641430798,0.0,188.8
kanpur_industrial,2025-10-16,26.575,80.525,0.0001814301718289,0.0,182.6
kanpur_industrial,2025-10-16,26.575,80.55,0.0002309449900289,0.0,201.3
kanpur_industrial,2025-10-17,26.325,80.175,0.0002611990658183,0.0,212.7
kanpur_industrial,2025-10-17,26.325,80.225,0.0001219786631792,5.301834256767281e-05,160.1
kanpur_industrial,2025-10-17,26.325,80.275,0.0001482076283539,0.0003665181073156,170.1
kanpur_industrial,2025-10-17,26.325,80.325,0.0002397778888447,0.0040009478995556,205.3
kanpur_industrial,2025-10-17,26.325,80.375,0.0002175582540104,0.0336849464851513,202.4
kanpur_industrial,2025-10-17,26.325,80.425,0.0002207906498113,0.0497744134835764,206.5
kanpur_industrial,2025-10-17,26.325,80.475,0.0002368845931499,0.0463083158597588,212.0
kanpur_industrial,2025-10-17,26.325,80.525,0.0002513579842138,0.0124332422145973,211.2
kanpur_industrial,2025-10-17,26.325,80.55,0.0002681352774816,0.0249010290347064,219.8
kanpur_industrial,2025-10-17,26.375,80.175,0.0001723226587662,0.0,179.1
kanpur_industrial,2025-10-17,26.375,80.225,0.0001191918546089,0.0020943891846608,159.5
kanpur_industrial,2025-10-17,26.375,80.275,0.0001290577017359,0.0084299164682599,164.3
kanpur_industrial,2025-10-17,26.375,80.325,0.0003961176747835,0.047647339958147,272.3
kanpur_industrial,2025-10-17,26.375,80.375,0.0004088751908446,0.0506171784483219,277.7
kanpur_industrial,2025-10-17,26.375,80.425,0.0003711089451826,0.0335440442700836,260.3
kanpur_industrial,2025-10-17,26.375,80.475,0.0003170250853258,0.0192096741638973,237.3
kanpur_industrial,2025-10-17,26.375,80.525,0.0002865104082036,0.0385562241233973,229.3
kanpur_industrial,2025-10-17,26.425,80.175,0.0002172130835551,0.0,196.1
kanpur_industrial,2025-10-17,26.425,80.225,0.0001929909818051,0.0004214958234129,187.0
kanpur_industrial,2025-10-17,26.425,80.275,0.0001987306352156,0.0017386702715786,189.4
kanpur_industrial,2025-10-17,26.425,80.325,0.0004025262108428,0.0133035207034854,268.4
kanpur_industrial,2025-10-17,26.425,80.375,0.0003059862945187,0.0128352687452413,231.9
kanpur_industrial,2025-10-17,26.425,80.425,0.0002495850920553,0.0272672152236795,213.3
kanpur_industrial,2025-10-17,26.425,80.475,0.0001917828683289,0.0493869329088487,195.5
kanpur_industrial,2025-10-17,26.425,80.525,6.791710074560711e-05,0.0705474613064724,152.6
kanpur_industrial,2025-10-17,26.425,80.55,0.0001488138365765,0.0587081845536808,181.0
kanpur_industrial,2025-10-17,26.475,80.175,0.000235364184953,0.0,202.9
kanpur_industrial,2025-10-17,26.475,80.225,0.0002618220781332,0.0,212.9
kanpur_industrial,2025-10-17,26.475,80.275,0.0002387175570224,0.0,204.2
kanpur_industrial,2025-10-17,26.475,80.325,0.0004238639693145,0.0020245744746659,274.4
kanpur_industrial,2025-10-17,26.475,80.375,0.0002590170431143,0.0014163162039501,212.1
kanpur_industrial,2025-10-17,26.475,80.425,0.0002227133045791,0.0252163340389606,202.8
kanpur_industrial,2025-10-17,26.475,80.475,0.0002141002381077,0.0572009398421662,205.4
kanpur_industrial,2025-10-17,26.475,80.525,9.278937144903696e-05,0.0785511788372797,163.5
kanpur_industrial,2025-10-17,26.475,80.55,8.756615533569021e-05,0.0785709383001491,161.5
kanpur_industrial,2025-10-17,26.525,80.175,0.0002727091309884,0.0033761366731403,217.6
kanpur_industrial,2025-10-17,26.525,80.225,0.0003242678249348,0.0058849976505144,237.6
kanpur_industrial,2025-10-17,26.525,80.275,0.0002879090876445,0.0040515973875878,223.5
kanpur_industrial,2025-10-17,26.525,80.325,0.0003827719164204,0.0087928242250644,260.2
kanpur_industrial,2025-10-17,26.525,80.375,0.0002417030461305,0.0090857585634365,207.0
kanpur_industrial,2025-10-17,26.525,80.425,0.0002133432946598,0.0310012403207516,200.3
kanpur_industrial,2025-10-17,26.525,80.475,0.0002285194099836,0.0598524088335212,211.3
kanpur_industrial,2025-10-17,26.525,80.525,0.0001903122832955,0.0784528127299261,200.3
kanpur_industrial,2025-10-17,26.525,80.55,0.0002121270371917,0.0785947322900651,208.5
kanpur_industrial,2025-10-17,26.575,80.175,0.0003560059921666,0.0126926785758596,250.8
kanpur_industrial,2025-10-17,26.575,80.225,0.0003753755291464,0.0218728575880875,259.8
kanpur_industrial,2025-10-17,26.575,80.275,0.0003675041015868,0.0152648835645399,255.6
kanpur_industrial,2025-10-17,26.575,80.325,0.0002338319292949,0.0322243462863579,208.2
kanpur_industrial,2025-10-17,26.575,80.375,0.0002386088640762,0.0341459628001464,210.4
kanpur_industrial,2025-10-17,26.575,80.425,0.0001784624870538,0.0482966541681581,190.3
kanpur_industrial,2025-10-17,26.575,80.475,0.0001414309888314,0.0665923801332842,179.6
kanpur_industrial,2025-10-17,26.575,80.525,0.0002610857171349,0.0789586693626048,227.1
kanpur_industrial,2025-10-17,26.575,80.55,0.0002941065675944,0.0809451889161382,239.9
kanpur_industrial,2025-10-18,26.325,80.175,0.0002902692494269,0.2627581693444776,271.6
kanpur_industrial,2025-10-18,26.325,80.225,0.0003223548150142,0.259835878592249,283.2
kanpur_industrial,2025-10-18,26.325,80.275,0.0003620219424848,0.2636440612204909,298.9
kanpur_industrial,2025-10-18,26.325,80.325,0.000239902812749,0.2563948481208846,251.5
kanpur_industrial,2025-10-18,26.325,80.375,0.0001449220571851,0.2691979648875654,218.0
kanpur_industrial,2025-10-18,26.325,80.425,0.0001884726833621,0.2692978213023357,234.4
kanpur_industrial,2025-10-18,26.325,80.475,0.00023354633998,0.2721351318286897,252.0
kanpur_industrial,2025-10-18,26.325,80.525,9.78905506383882e-05,0.2997215703390855,205.8
kanpur_industrial,2025-10-18,26.325,80.55,0.0001604667220364,0.2986460480595878,229.2
kanpur_industrial,2025-10-18,26.375,80.175,0.0002104987751771,0.263751434620927,241.7
kanpur_industrial,2025-10-18,26.375,80.225,0.0002046303627308,0.2671984974970832,240.1
kanpur_industrial,2025-10-18,26.375,80.275,0.0001965058285455,0.270924178564807,237.8
kanpur_industrial,2025-10-18,26.375,80.325,0.0001757124657875,0.2768735043899117,231.0
kanpur_industrial,2025-10-18,26.375,80.375,0.0001755825072703,0.2769106876763186,230.9
kanpur_industrial,2025-10-18,26.375,80.425,0.0002248975737237,0.2968615635537208,253.2
kanpur_industrial,2025-10-18,26.375,80.475,0.0002257899552632,0.296993418234826,253.6
kanpur_industrial,2025-10-18,26.375,80.525,0.0002290025288056,0.2974680950868046,254.9
kanpur_industrial,2025-10-18,26.425,80.175,0.0002118202915016,0.2293460404167731,235.9
kanpur_industrial,2025-10-18,26.425,80.225,0.0001874505788651,0.2362285838203962,228.0
kanpur_industrial,2025-10-18,26.425,80.275,0.0001789041098321,0.2403409019278996,225.5
kanpur_industrial,2025-10-18,26.425,80.325,0.0003036920204891,0.2563318266786208,275.5
kanpur_industrial,2025-10-18,26.425,80.375,0.0003014192529522,0.2581265237561027,275.0
kanpur_industrial,2025-10-18,26.425,80.425,0.0002854458748506,0.2662796074920301,270.5
kanpur_industrial,2025-10-18,26.425,80.475,0.0002257683217713,0.2969902217577083,253.6
kanpur_industrial,2025-10-18,26.425,80.525,0.0002290025288056,0.2974680950868046,254.9
kanpur_industrial,2025-10-18,26.425,80.55,0.0002290025288056,0.2974680950868046,254.9
kanpur_industrial,2025-10-18,26.475,80.175,0.000221027671384,0.2096723644661222,235.8
kanpur_industrial,2025-10-18,26.475,80.225,0.0002117206866478,0.2156317910311722,233.4
kanpur_industrial,2025-10-18,26.475,80.275,0.0002003925688485,0.2207607519128507,230.1
kanpur_industrial,2025-10-18,26.475,80.325,0.0004045034549419,0.237488617152821,310.1
kanpur_industrial,2025-10-18,26.475,80.375,0.0003780732130668,0.2430073317010944,301.2
kanpur_industrial,2025-10-18,26.475,80.425,0.000377120044802,0.2496217657813113,302.0
kanpur_industrial,2025-10-18,26.475,80.475,0.0003778580650088,0.2676310797125312,305.6
kanpur_industrial,2025-10-18,26.475,80.525,0.0003215492078817,0.2980938343702873,289.9
kanpur_industrial,2025-10-18,26.475,80.55,0.0003215492078817,0.2980938343702873,289.9
kanpur_industrial,2025-10-18,26.525,80.175,0.0002263850704228,0.1967868042541262,235.5
kanpur_industrial,2025-10-18,26.525,80.225,0.0002491149299047,0.2007194296768479,244.8
kanpur_industrial,2025-10-18,26.525,80.275,0.0002526346722798,0.2058535765456748,247.0
kanpur_industrial,2025-10-18,26.525,80.325,0.000404717292825,0.2189030695512862,306.8
kanpur_industrial,2025-10-18,26.525,80.375,0.0003835308548044,0.2239053857121255,299.7
kanpur_industrial,2025-10-18,26.525,80.425,0.0003756620630874,0.236316869549728,299.0
kanpur_industrial,2025-10-18,26.525,80.475,0.0003603576068926,0.2554581358660445,296.8
kanpur_industrial,2025-10-18,26.525,80.525,0.0002976586588678,0.2807029441310711,277.7
kanpur_industrial,2025-10-18,26.525,80.55,0.0002778403625267,0.2662764101826304,267.6
kanpur_industrial,2025-10-18,26.575,80.175,0.0002201485056572,0.1876340513266713,231.5
kanpur_industrial,2025-10-18,26.575,80.225,0.0002813259597342,0.1900571143296018,255.0
kanpur_industrial,2025-10-18,26.575,80.275,0.0003309275982658,0.1931756738837202,274.3
kanpur_industrial,2025-10-18,26.575,80.325,0.0002554213986709,0.201110347479319,247.2
kanpur_industrial,2025-10-18,26.575,80.375,0.0002364915676723,0.2050378533983082,240.8
kanpur_industrial,2025-10-18,26.575,80.425,0.0002800462469443,0.2123426553220402,258.6
kanpur_industrial,2025-10-18,26.575,80.475,0.0003138787053562,0.2221639885490948,273.1
kanpur_industrial,2025-10-18,26.575,80.525,0.0002349643046219,0.234327181357699,245.6
kanpur_industrial,2025-10-18,26.575,80.55,0.0002674430151816,0.2291868005039944,256.9
kanpur_industrial,2025-10-19,26.325,80.175,0.000281516736894,0.2232587760070803,261.1
kanpur_industrial,2025-10-19,26.325,80.225,0.0002703852182663,0.2197014989405187,256.3
kanpur_industrial,2025-10-19,26.325,80.275,0.0002706676631837,0.219606083909309,256.4
kanpur_industrial,2025-10-19,26.325,80.325,0.0002702367007369,0.2756536265532141,266.4
kanpur_industrial,2025-10-19,26.325,80.375,0.000191805710557,0.2676556070757335,235.4
kanpur_industrial,2025-10-19,26.325,80.425,0.0001448184861811,0.2628391650871181,216.8
kanpur_industrial,2025-10-19,26.325,80.475,0.0001191851456062,0.2524780456865258,205.2
kanpur_industrial,2025-10-19,26.325,80.525,9.991896895689172e-05,0.2226267105286657,192.5
kanpur_industrial,2025-10-19,26.325,80.55,0.0001222112808499,0.2411009275284817,204.3
kanpur_industrial,2025-10-19,26.375,80.175,0.0002585695786126,0.1898812446804723,246.4
kanpur_industrial,2025-10-19,26.375,80.225,0.0001214594012133,0.2036941124429931,197.1
kanpur_industrial,2025-10-19,26.375,80.275,0.0001382687332926,0.2085919875443782,204.4
kanpur_industrial,2025-10-19,26.375,80.325,0.0002352141007893,0.2425474889918493,247.2
kanpur_industrial,2025-10-19,26.375,80.375,0.0002696794169762,0.2391595804283434,259.6
kanpur_industrial,2025-10-19,26.375,80.425,0.0002968090239309,0.2361102420496471,269.2
kanpur_industrial,2025-10-19,26.375,80.475,0.0002767885833641,0.2401104603668651,262.4
kanpur_industrial,2025-10-19,26.375,80.525,0.0001466266700662,0.2613345937663754,217.2
kanpur_industrial,2025-10-19,26.425,80.175,0.0002280020680254,0.1589926535580006,229.2
kanpur_industrial,2025-10-19,26.425,80.225,0.0002295625134262,0.1854913834923459,234.6
kanpur_industrial,2025-10-19,26.425,80.275,0.0002753417756548,0.1989221104950925,254.4
kanpur_industrial,2025-10-19,26.425,80.325,0.0003405040505487,0.2216284348906947,283.1
kanpur_industrial,2025-10-19,26.425,80.375,0.0002705561193339,0.2452254064271888,261.0
kanpur_industrial,2025-10-19,26.425,80.425,0.0002432064323818,0.2537893595712012,252.2
kanpur_industrial,2025-10-19,26.425,80.475,0.0002361668034151,0.2542080467429766,249.7
kanpur_industrial,2025-10-19,26.425,80.525,0.0001466266700662,0.2613345937663754,217.2
kanpur_industrial,2025-10-19,26.425,80.55,0.0001466266700662,0.2613345937663754,217.2
kanpur_industrial,2025-10-19,26.475,80.175,0.0002091430170394,0.1476661279737914,220.0
kanpur_industrial,2025-10-19,26.475,80.225,0.0002755569196045,0.1715766720820093,249.4
kanpur_industrial,2025-10-19,26.475,80.275,0.0003530897503233,0.1904918905333213,282.2
kanpur_industrial,2025-10-19,26.475,80.325,0.000408813511809,0.2120177499279849,307.1
kanpur_industrial,2025-10-19,26.475,80.375,0.0003202863370248,0.2476360724026329,280.2
kanpur_industrial,2025-10-19,26.475,80.425,0.0002832410644656,0.2580367026181268,268.1
kanpur_industrial,2025-10-19,26.475,80.475,0.0002753576075013,0.2487450972921896,263.5
kanpur_industrial,2025-10-19,26.475,80.525,0.0002665866831148,0.2008867252282628,251.4
kanpur_industrial,2025-10-19,26.475,80.55,0.0002665866831148,0.2008867252282628,251.4
kanpur_industrial,2025-10-19,26.525,80.175,0.000202071155481,0.1467272367223397,217.2
kanpur_industrial,2025-10-19,26.525,80.225,0.000274662097357,0.1627555625325287,247.5
kanpur_industrial,2025-10-19,26.525,80.275,0.0003596141617451,0.1840690150489939,283.4
kanpur_industrial,2025-10-19,26.525,80.325,0.0004173083080235,0.1997697016478662,308.1
kanpur_industrial,2025-10-19,26.525,80.375,0.0003733894641451,0.2286764776277917,296.8
kanpur_industrial,2025-10-19,26.525,80.425,0.0003386899184424,0.2358178097416022,285.0
kanpur_industrial,2025-10-19,26.525,80.475,0.0003044274356399,0.2253984574587827,270.2
kanpur_industrial,2025-10-19,26.525,80.525,0.0002541611576425,0.1971118075678817,246.0
kanpur_industrial,2025-10-19,26.525,80.55,0.0002438536194666,0.1939803417814292,241.6
kanpur_industrial,2025-10-19,26.575,80.175,0.0002082757427248,0.1522079471233476,220.5
kanpur_industrial,2025-10-19,26.575,80.225,0.0002291703309185,0.1604494800322563,229.9
kanpur_industrial,2025-10-19,26.575,80.275,0.0002795478050805,0.1807549794854904,252.6
kanpur_industrial,2025-10-19,26.575,80.325,0.000344401420582,0.1771712335707658,276.4
kanpur_industrial,2025-10-19,26.575,80.375,0.0003939158258061,0.1758645233443172,294.9
kanpur_industrial,2025-10-19,26.575,80.425,0.0003588493406763,0.1778521651098324,282.0
kanpur_industrial,2025-10-19,26.575,80.475,0.0002832898307853,0.1818718704337024,254.2
kanpur_industrial,2025-10-19,26.575,80.525,0.0002210376775704,0.1869315150949764,231.7
kanpur_industrial,2025-10-19,26.575,80.55,0.0002178054259013,0.181376228749826,229.4
kanpur_industrial,2025-10-20,26.325,80.175,0.0001990496170836,0.1626005998706145,218.9
kanpur_industrial,2025-10-20,26.325,80.225,0.000185696896686,0.1807691752057057,217.2
kanpur_industrial,2025-10-20,26.325,80.275,0.0002357519393115,0.1978846294315314,239.2
kanpur_industrial,2025-10-20,26.325,80.325,0.000157669172641,0.2052343521755869,211.1
kanpur_industrial,2025-10-20,26.325,80.375,0.0001309891022728,0.2020031165836164,200.4
kanpur_industrial,2025-10-20,26.325,80.425,0.0001323706242489,0.1712543669259854,195.3
kanpur_industrial,2025-10-20,26.325,80.475,0.0001402844429761,0.1546098222999417,195.3
kanpur_industrial,2025-10-20,26.325,80.525,0.0001301418623835,0.2135176756997143,202.2
kanpur_industrial,2025-10-20,26.325,80.55,0.0001413090897463,0.2160518323815425,206.9
kanpur_industrial,2025-10-20,26.375,80.175,8.363019074066603e-05,0.1704732631571098,176.8
kanpur_industrial,2025-10-20,26.375,80.225,0.0001122493174488,0.1705545531393194,187.6
kanpur_industrial,2025-10-20,26.375,80.275,0.0001746305851791,0.1997041931825819,216.5
kanpur_industrial,2025-10-20,26.375,80.325,0.0001294921969813,0.2098177810989393,201.3
kanpur_industrial,2025-10-20,26.375,80.375,0.000179858806993,0.2090293210862448,220.2
kanpur_industrial,2025-10-20,26.375,80.425,0.0001398137921136,0.1874179803194225,201.1
kanpur_industrial,2025-10-20,26.375,80.475,9.285155927402823e-05,0.1760602789674273,181.3
kanpur_industrial,2025-10-20,26.375,80.525,0.0001535398625723,0.218827337318783,212.0
kanpur_industrial,2025-10-20,26.425,80.175,0.0001525858536018,0.2312477001375747,213.9
kanpur_industrial,2025-10-20,26.425,80.225,0.0002552882145301,0.2271744584307277,251.9
kanpur_industrial,2025-10-20,26.425,80.275,0.0002682574589659,0.2332347516170364,257.9
kanpur_industrial,2025-10-20,26.425,80.325,0.0001785685755938,0.1957418152709216,217.2
kanpur_industrial,2025-10-20,26.425,80.375,0.0002064325942491,0.1775418499182922,224.4
kanpur_industrial,2025-10-20,26.425,80.425,0.0001806094275501,0.1846835358504416,216.0
kanpur_industrial,2025-10-20,26.425,80.475,0.0001411856420555,0.2032412549833163,204.5
kanpur_industrial,2025-10-20,26.425,80.525,0.0001416116967179,0.2155081273699357,206.9
kanpur_industrial,2025-10-20,26.425,80.55,0.0001460260573097,0.2167364964061232,208.8
kanpur_industrial,2025-10-20,26.475,80.175,0.0002153373487537,0.2448932222263597,240.1
kanpur_industrial,2025-10-20,26.475,80.225,0.0002916633814272,0.2407077148297399,268.1
kanpur_industrial,2025-10-20,26.475,80.275,0.0002891461811264,0.238235960763326,266.7
kanpur_industrial,2025-10-20,26.475,80.325,0.0002065333446688,0.167158765891742,222.6
kanpur_industrial,2025-10-20,26.475,80.375,0.0002156530151288,0.1574535465656859,224.3
kanpur_industrial,2025-10-20,26.475,80.425,0.0002007595950509,0.1704102872779381,221.0
kanpur_industrial,2025-10-20,26.475,80.475,0.0001402217070333,0.2103681774638193,205.4
kanpur_industrial,2025-10-20,26.475,80.525,0.0001087781887769,0.2124239839847885,194.0
kanpur_industrial,2025-10-20,26.475,80.55,0.0001106797858465,0.2125660676277852,194.7
kanpur_industrial,2025-10-20,26.525,80.175,0.0002583102463841,0.2331620589811064,254.2
kanpur_industrial,2025-10-20,26.525,80.225,0.0002629577205209,0.2262570964142841,254.7
kanpur_industrial,2025-10-20,26.525,80.275,0.0002621151580091,0.2244288939708895,254.0
kanpur_industrial,2025-10-20,26.525,80.325,0.000220412647467,0.1458178442540387,223.9
kanpur_industrial,2025-10-20,26.525,80.375,0.0002103912296466,0.1699767524851575,224.6
kanpur_industrial,2025-10-20,26.525,80.425,0.0001864699760883,0.1987700960469891,220.8
kanpur_industrial,2025-10-20,26.525,80.475,0.0001013039400538,0.2500447945341125,198.0
kanpur_industrial,2025-10-20,26.525,80.525,0.0001015375235126,0.2127234704300094,191.3
kanpur_industrial,2025-10-20,26.525,80.55,0.0001170418971748,0.2145791558704285,197.5
kanpur_industrial,2025-10-20,26.575,80.175,0.0002114142427923,0.2227427798706055,234.6
kanpur_industrial,2025-10-20,26.575,80.225,0.0001881034718642,0.1910660730731956,220.0
kanpur_industrial,2025-10-20,26.575,80.275,0.0001975364181009,0.1964756851939497,224.5
kanpur_industrial,2025-10-20,26.575,80.325,0.000198213371265,0.1963214196602514,224.8
kanpur_industrial,2025-10-20,26.575,80.375,0.000184030038282,0.2541027651967563,230.0
kanpur_industrial,2025-10-20,26.575,80.425,0.0001446450052423,0.2700068323591343,218.0
kanpur_industrial,2025-10-20,26.575,80.475,0.0001121691823914,0.2727663099735273,206.3
kanpur_industrial,2025-10-20,26.575,80.525,0.0001512410026435,0.2186655518456853,211.1
kanpur_industrial,2025-10-20,26.575,80.55,0.0001514175923001,0.2184206266561553,211.1
kanpur_industrial,2025-10-22,26.525,80.475,0.0002405405055246,0.2800435918576796,256.0
kanpur_industrial,2025-10-22,26.525,80.525,0.0002405405055246,0.2800435918576796,256.0
kanpur_industrial,2025-10-22,26.525,80.55,0.0002405405055246,0.2800435918576796,256.0
kanpur_industrial,2025-10-22,26.575,80.325,0.0002455981108234,0.2594924369985414,254.2
kanpur_industrial,2025-10-22,26.575,80.375,0.0001770140937229,0.2717351319810671,230.5
kanpur_industrial,2025-10-22,26.575,80.425,0.0002247425773301,0.2820518881691774,250.4
kanpur_industrial,2025-10-22,26.575,80.475,0.0002423144252697,0.2807283169965467,256.8
kanpur_industrial,2025-10-22,26.575,80.525,0.0002404549688864,0.2802706401670115,256.0
kanpur_industrial,2025-10-22,26.575,80.55,0.0002371190399988,0.2891255242309555,256.4
kanpur_industrial,2025-10-24,26.325,80.175,0.0002359000282265,0.2416282338703152,247.3
kanpur_industrial,2025-10-24,26.325,80.225,0.0002274634142214,0.2354190348592358,242.9
kanpur_industrial,2025-10-24,26.325,80.275,0.0002270093265291,0.2354356264551949,242.8
kanpur_industrial,2025-10-24,26.325,80.325,0.0002448711555331,0.2347033739639784,249.4
kanpur_industrial,2025-10-24,26.325,80.375,0.0002481275916288,0.2348560428137482,250.6
kanpur_industrial,2025-10-24,26.325,80.425,0.0002191102527118,0.2309988273164075,239.0
kanpur_industrial,2025-10-24,26.325,80.475,0.0001772658943384,0.2261838482432875,222.3
kanpur_industrial,2025-10-24,26.325,80.525,0.0001436942007154,0.2244111392075339,209.3
kanpur_industrial,2025-10-24,26.325,80.55,0.0002475417250871,0.2189858517195502,247.5
kanpur_industrial,2025-10-24,26.375,80.175,0.0002352066335553,0.242236975694727,247.1
kanpur_industrial,2025-10-24,26.375,80.225,0.0002284713817542,0.2360883105823382,243.5
kanpur_industrial,2025-10-24,26.375,80.275,0.000228641351821,0.2360906116743167,243.5
kanpur_industrial,2025-10-24,26.375,80.325,0.0002495252958611,0.2328075796217266,250.8
kanpur_industrial,2025-10-24,26.375,80.375,0.0002904716367793,0.2327894499839691,266.2
kanpur_industrial,2025-10-24,26.375,80.425,0.0003449839964276,0.2261060720270024,285.6
kanpur_industrial,2025-10-24,26.375,80.475,0.0003823683159056,0.2175597526307298,298.1
kanpur_industrial,2025-10-24,26.375,80.525,0.0003612794898751,0.213043870185092,289.4
kanpur_industrial,2025-10-24,26.425,80.175,0.0001961913137552,0.238430964682802,231.7
kanpur_industrial,2025-10-24,26.425,80.225,0.0001952372895452,0.2338956324158944,230.5
kanpur_industrial,2025-10-24,26.425,80.275,0.0002058701816942,0.2331649046360098,234.4
kanpur_industrial,2025-10-24,26.425,80.325,0.0002603950294918,0.2309006867283308,254.6
kanpur_industrial,2025-10-24,26.425,80.375,0.0002472707109009,0.2306191702973168,249.5
kanpur_industrial,2025-10-24,26.425,80.425,0.0002512375692106,0.2252724552890345,250.1
kanpur_industrial,2025-10-24,26.425,80.475,0.0002521564302918,0.2182302495562698,249.1
kanpur_industrial,2025-10-24,26.425,80.525,0.0002230893913753,0.2135221429273699,237.3
kanpur_industrial,2025-10-24,26.425,80.55,0.0002742306089303,0.213345144353456,256.6
kanpur_industrial,2025-10-24,26.475,80.175,0.0001891254665961,0.2357179791956579,228.5
kanpur_industrial,2025-10-24,26.475,80.225,0.0001973440851222,0.2311123111228108,230.8
kanpur_industrial,2025-10-24,26.475,80.275,0.0002189300924008,0.2323971246010684,239.2
kanpur_industrial,2025-10-24,26.475,80.325,0.0002651638318463,0.2300420457010618,256.2
kanpur_industrial,2025-10-24,26.475,80.375,0.0002331592599148,0.2287403747716302,243.9
kanpur_industrial,2025-10-24,26.475,80.425,0.0002247546417996,0.2240655978725584,239.9
kanpur_industrial,2025-10-24,26.475,80.475,0.0002143805786481,0.2183467682325718,234.9
kanpur_industrial,2025-10-24,26.475,80.525,0.0001636398418346,0.2141496650321209,215.0
kanpur_industrial,2025-10-24,26.475,80.55,0.0001651454275769,0.2141174806622761,215.5
kanpur_industrial,2025-10-24,26.525,80.175,0.000222113505996,0.2391803750517271,241.6
kanpur_industrial,2025-10-24,26.525,80.225,0.0002490956734567,0.2338594201730077,250.8
kanpur_industrial,2025-10-24,26.525,80.275,0.0002654514590848,0.2354733526881769,257.3
kanpur_industrial,2025-10-24,26.525,80.325,0.0002615020863465,0.2323399723005795,255.2
kanpur_industrial,2025-10-24,26.525,80.375,0.0002331485313902,0.2294243483794144,244.0
kanpur_industrial,2025-10-24,26.525,80.425,0.0002342792203702,0.2244666235719737,243.5
kanpur_industrial,2025-10-24,26.525,80.475,0.0002349691463109,0.2189171351514293,242.8
kanpur_industrial,2025-10-24,26.525,80.525,0.0001943938712319,0.2147371598493965,226.7
kanpur_industrial,2025-10-24,26.525,80.55,0.0002369368975575,0.2148604444449249,242.8
kanpur_industrial,2025-10-24,26.575,80.175,0.0003020338908482,0.2529176298743394,274.3
kanpur_industrial,2025-10-24,26.575,80.225,0.000360446824417,0.2464231112794857,295.1
kanpur_industrial,2025-10-24,26.575,80.275,0.0003438937258717,0.2437331216070823,288.4
kanpur_industrial,2025-10-24,26.575,80.325,0.0002483414828368,0.2392728453197196,251.5
kanpur_industrial,2025-10-24,26.575,80.375,0.0002389793668202,0.2344696906540369,247.1
kanpur_industrial,2025-10-24,26.575,80.425,0.0002628979053398,0.2277718367087531,254.9
kanpur_industrial,2025-10-24,26.575,80.475,0.0003008057182195,0.2207427822921871,267.9
kanpur_industrial,2025-10-24,26.575,80.525,0.000328706013586,0.2151178643361531,277.4
kanpur_industrial,2025-10-24,26.575,80.55,0.0002484184935117,0.2145530760485308,247.0
kanpur_industrial,2025-10-25,26.325,80.175,0.000149935225393,0.1494004597515331,198.0
kanpur_industrial,2025-10-25,26.325,80.225,0.0001308807217743,0.1461676979395223,190.2
kanpur_industrial,2025-10-25,26.325,80.275,0.0001370365166908,0.1460340298278146,192.5
kanpur_industrial,2025-10-25,26.325,80.325,0.000283636535929,0.1497670822152813,248.5
kanpur_industrial,2025-10-25,26.325,80.375,0.000340808879306,0.151103303147143,270.3
kanpur_industrial,2025-10-25,26.325,80.425,0.0002542155257371,0.1513307992701722,237.7
kanpur_industrial,2025-10-25,26.325,80.475,0.0001602886627696,0.1498917995514019,202.0
kanpur_industrial,2025-10-25,26.325,80.525,0.0002406961237227,0.145694444582449,231.6
kanpur_industrial,2025-10-25,26.325,80.55,0.0002189586385805,0.1474545953362521,223.7
kanpur_industrial,2025-10-25,26.375,80.175,0.000146556244059,0.1619365157606304,199.0
kanpur_industrial,2025-10-25,26.375,80.225,0.0001435519522943,0.1568494955945096,196.9
kanpur_industrial,2025-10-25,26.375,80.275,0.000139431992992,0.1560423637414391,195.2
kanpur_industrial,2025-10-25,26.375,80.325,0.0001494361543611,0.1537650318129686,198.6
kanpur_industrial,2025-10-25,26.375,80.375,0.0001567720203936,0.1528160665294019,201.2
kanpur_industrial,2025-10-25,26.375,80.425,0.0002059234629919,0.150210519014371,219.3
kanpur_industrial,2025-10-25,26.375,80.475,0.0002432820535239,0.1480967979013763,233.0
kanpur_industrial,2025-10-25,26.375,80.525,0.0001951509167581,0.1493823794951794,215.0
kanpur_industrial,2025-10-25,26.425,80.175,0.0001925986032579,0.1635744496091046,216.7
kanpur_industrial,2025-10-25,26.425,80.225,0.0001593202331489,0.1595999142258924,203.4
kanpur_industrial,2025-10-25,26.425,80.275,0.0001547859390765,0.15692814562747,201.2
kanpur_industrial,2025-10-25,26.425,80.325,0.000249651233887,0.149598923574635,235.6
kanpur_industrial,2025-10-25,26.425,80.375,0.0002568997001287,0.147002961390395,237.9
kanpur_industrial,2025-10-25,26.425,80.425,0.0002580943054088,0.1438716523873487,237.8
kanpur_industrial,2025-10-25,26.425,80.475,0.0002654868569083,0.1420532151063543,240.2
kanpur_industrial,2025-10-25,26.425,80.525,0.000296474905115,0.1442082058689534,252.3
kanpur_industrial,2025-10-25,26.425,80.55,0.0002589770511562,0.1461230575259032,238.5
kanpur_industrial,2025-10-25,26.475,80.175,0.0001972836108532,0.1653894319045842,218.8
kanpur_industrial,2025-10-25,26.475,80.225,0.0001786036332715,0.1611457984304106,210.9
kanpur_industrial,2025-10-25,26.475,80.275,0.0002185167548034,0.1569483006130597,225.2
kanpur_industrial,2025-10-25,26.475,80.325,0.0001957034829709,0.1487691059767093,215.1
kanpur_industrial,2025-10-25,26.475,80.375,0.0002290967131819,0.1456363931692227,227.2
kanpur_industrial,2025-10-25,26.475,80.425,0.0002551085604829,0.1432715757127433,236.5
kanpur_industrial,2025-10-25,26.475,80.475,0.0002715010066525,0.1423255355414254,242.6
kanpur_industrial,2025-10-25,26.475,80.525,0.0002717967668692,0.1439027787378525,243.0
kanpur_industrial,2025-10-25,26.475,80.55,0.0002750588052735,0.1438363283018439,244.2
kanpur_industrial,2025-10-25,26.525,80.175,0.0001840813906758,0.1708933571868519,214.8
kanpur_industrial,2025-10-25,26.525,80.225,0.0002017587320678,0.1644671046631058,220.3
kanpur_industrial,2025-10-25,26.525,80.275,0.0003130995070017,0.1589715850048034,261.3
kanpur_industrial,2025-10-25,26.525,80.325,0.0001111610839021,0.1494603511726742,183.4
kanpur_industrial,2025-10-25,26.525,80.375,0.000153494325953,0.1457664163980997,198.7
kanpur_industrial,2025-10-25,26.525,80.425,0.0002365227809731,0.1440937795022371,229.7
kanpur_industrial,2025-10-25,26.525,80.475,0.0002992752801429,0.144046715893052,253.4
kanpur_industrial,2025-10-25,26.525,80.525,0.0002540062475029,0.1453643739113872,236.5
kanpur_industrial,2025-10-25,26.525,80.55,0.0002761483275397,0.1458251473102033,245.0
kanpur_industrial,2025-10-25,26.575,80.175,0.000165894898104,0.1827548215968108,210.1
kanpur_industrial,2025-10-25,26.575,80.225,0.0002268896819475,0.1716087508493801,231.1
kanpur_industrial,2025-10-25,26.575,80.275,0.0004247194045205,0.1650217517691011,304.5
kanpur_industrial,2025-10-25,26.575,80.325,7.556455774722671e-05,0.1507322648373335,170.2
kanpur_industrial,2025-10-25,26.575,80.375,7.826347314589396e-05,0.1457932049336596,170.3
kanpur_industrial,2025-10-25,26.575,80.425,0.0002245683562947,0.1438270777423451,225.1
kanpur_industrial,2025-10-25,26.575,80.475,0.0003717488585561,0.1442526546068591,280.7
kanpur_industrial,2025-10-25,26.575,80.525,0.0003245452864298,0.146836023565376,263.4
kanpur_industrial,2025-10-25,26.575,80.55,0.0003075044838116,0.1466273732545575,256.9
kanpur_industrial,2025-10-26,26.325,80.175,0.0002311769100915,0.1135401680962626,222.1
kanpur_industrial,2025-10-26,26.325,80.225,0.000311718352727,0.1073291992017329,251.3
kanpur_industrial,2025-10-26,26.325,80.275,0.0002717748175324,0.1142792480860098,237.5
kanpur_industrial,2025-10-26,26.325,80.325,0.0002010568228134,0.148978112082817,217.2
kanpur_industrial,2025-10-26,26.325,80.375,0.0001784945555722,0.1413544091073576,207.3
kanpur_industrial,2025-10-26,26.325,80.425,0.0002105231569717,0.1313432338996664,217.5
kanpur_industrial,2025-10-26,26.325,80.475,0.0002258492588766,0.131127307520026,223.3
kanpur_industrial,2025-10-26,26.325,80.525,0.0001179522222092,0.1590368396970905,187.7
kanpur_industrial,2025-10-26,26.325,80.55,0.0002087897048175,0.1236221588423712,215.5
kanpur_industrial,2025-10-26,26.375,80.175,0.0001383600741422,0.11730243170528,187.7
kanpur_industrial,2025-10-26,26.375,80.225,0.000154847419742,0.1350291617985514,197.2
kanpur_industrial,2025-10-26,26.375,80.275,0.0001057389310912,0.1769381708240024,186.3
kanpur_industrial,2025-10-26,26.375,80.325,4.287684461604519e-05,0.258853559026999,177.6
kanpur_industrial,2025-10-26,26.375,80.375,-2.1989738378374667e-05,0.212006909706349,144.5
kanpur_industrial,2025-10-26,26.375,80.425,0.0001006931282079,0.166709249729752,182.6
kanpur_industrial,2025-10-26,26.375,80.475,0.0002706201343729,0.1249712570148958,239.1
kanpur_industrial,2025-10-26,26.375,80.525,0.0003082783762456,0.0848346512395834,245.9
kanpur_industrial,2025-10-26,26.425,80.175,0.0002070878330196,0.123172621689045,214.8
kanpur_industrial,2025-10-26,26.425,80.225,0.0002171962760713,0.1500994726097791,223.5
kanpur_industrial,2025-10-26,26.425,80.275,0.0002017573134818,0.1874564083220939,224.5
kanpur_industrial,2025-10-26,26.425,80.325,4.790228055565506e-05,0.2573309408930611,179.2
kanpur_industrial,2025-10-26,26.425,80.375,-2.149302270076335e-05,0.212371768107712,144.8
kanpur_industrial,2025-10-26,26.425,80.425,0.0001294477363221,0.2372445387921183,206.3
kanpur_industrial,2025-10-26,26.425,80.475,0.0001746867894056,0.2149611768311476,219.3
kanpur_industrial,2025-10-26,26.425,80.525,0.0001984181223237,0.1000452146805474,207.3
kanpur_industrial,2025-10-26,26.425,80.55,0.0002390750666885,0.09441610852523,221.6
kanpur_industrial,2025-10-26,26.475,80.175,0.0001983145020224,0.1260096580974528,212.0
kanpur_industrial,2025-10-26,26.475,80.225,0.0001762890830041,0.1482070993562615,207.7
kanpur_industrial,2025-10-26,26.475,80.275,0.0001681419725629,0.1704929578902342,208.7
kanpur_industrial,2025-10-26,26.475,80.325,0.0002316368524798,0.2534192655431325,247.8
kanpur_industrial,2025-10-26,26.475,80.375,0.0003115153444837,0.2490462596356691,277.2
kanpur_industrial,2025-10-26,26.475,80.425,0.00025262984074,0.2602890416442574,257.0
kanpur_industrial,2025-10-26,26.475,80.475,0.0001470379038859,0.2194932514151416,209.7
kanpur_industrial,2025-10-26,26.475,80.525,0.0001518799744085,0.1211537722421248,193.6
kanpur_industrial,2025-10-26,26.475,80.55,0.0001530306116756,0.1200565729936147,193.8
kanpur_industrial,2025-10-26,26.525,80.175,0.0001678294387072,0.1534788060667253,205.5
kanpur_industrial,2025-10-26,26.525,80.225,0.0001270326606429,0.1682991696962729,192.8
kanpur_industrial,2025-10-26,26.525,80.275,0.0001345083100332,0.1748128879876957,196.8
kanpur_industrial,2025-10-26,26.525,80.325,0.0001911519572069,0.2374441086559514,229.6
kanpur_industrial,2025-10-26,26.525,80.375,0.0002890242847627,0.2372381631176188,266.5
kanpur_industrial,2025-10-26,26.525,80.425,0.0002972498865418,0.2250286092715837,267.4
kanpur_industrial,2025-10-26,26.525,80.475,0.0001780736451488,0.1559193194524908,209.8
kanpur_industrial,2025-10-26,26.525,80.525,0.0001628018390157,0.1337877497001287,200.0
kanpur_industrial,2025-10-26,26.525,80.55,0.0001848780119032,0.1318567085096247,208.0
kanpur_industrial,2025-10-26,26.575,80.175,0.0001500502935192,0.2245533800325517,211.7
kanpur_industrial,2025-10-26,26.575,80.225,0.0001268665934208,0.2354343923204636,205.0
kanpur_industrial,2025-10-26,26.575,80.275,0.0001808502795089,0.2323650387997142,224.8
kanpur_industrial,2025-10-26,26.575,80.325,8.580007424508702e-05,0.1956143435774321,182.2
kanpur_industrial,2025-10-26,26.575,80.375,0.0002282412874187,0.2049315263811033,237.7
kanpur_industrial,2025-10-26,26.575,80.425,0.0002387971903486,0.1940270902618172,239.7
kanpur_industrial,2025-10-26,26.575,80.475,0.0002022348148958,0.1674833579421731,221.0
kanpur_industrial,2025-10-26,26.575,80.525,0.0002328353030061,0.128062784450284,225.4
kanpur_industrial,2025-10-26,26.575,80.55,0.000204316374373,0.1461957411383884,217.9
kanpur_industrial,2025-10-29,26.425,80.325,7.352938713563745e-05,0.2987023299103066,196.4
kanpur_industrial,2025-10-29,26.425,80.375,7.352938698785633e-05,0.2987023293099675,196.4
kanpur_industrial,2025-10-29,26.425,80.425,0.000165268825917,0.294577731186143,230.3
kanpur_industrial,2025-10-29,26.425,80.475,0.0002661822087985,0.2900406734913626,267.5
kanpur_industrial,2025-10-29,26.475,80.325,7.352938848592283e-05,0.2987023353956425,196.4
kanpur_industrial,2025-10-29,26.475,80.375,8.790828693764888e-05,0.2965992317435403,201.5
kanpur_industrial,2025-10-29,26.475,80.425,0.0001770753922101,0.2931832667422062,234.5
kanpur_industrial,2025-10-29,26.475,80.475,0.0002775005197525,0.2911461027733411,272.0
kanpur_industrial,2025-10-29,26.475,80.525,0.0003391764436904,0.297183450614363,296.4
kanpur_industrial,2025-10-29,26.475,80.55,0.0003391764436904,0.297183450614363,296.4
kanpur_industrial,2025-10-29,26.525,80.325,7.35293896614654e-05,0.2987023401711114,196.4
kanpur_industrial,2025-10-29,26.525,80.375,0.0001003715608412,0.2947763190201889,205.8
kanpur_industrial,2025-10-29,26.525,80.425,0.0001963457719382,0.2890341746995196,241.0
kanpur_industrial,2025-10-29,26.525,80.475,0.0002814074409237,0.2881070968284511,272.9
kanpur_industrial,2025-10-29,26.525,80.525,0.0003391764446336,0.29718345144076,296.4
kanpur_industrial,2025-10-29,26.525,80.55,0.000339176445416,0.2971834521262939,296.4
kanpur_industrial,2025-10-29,26.575,80.425,0.0002517673443015,0.2726327206014808,258.9
kanpur_industrial,2025-10-29,26.575,80.475,0.0002705768980772,0.27791578973597,267.0
kanpur_industrial,2025-10-29,26.575,80.525,0.0003391764471416,0.2971834536382248,296.4
kanpur_industrial,2025-10-29,26.575,80.55,0.0003391764471416,0.2971834536382248,296.4
kanpur_industrial,2025-11-01,26.325,80.175,0.0001768689866159,0.2222127833035102,221.4
kanpur_industrial,2025-11-01,26.325,80.225,7.523482621267554e-05,0.2523219446179194,188.6
kanpur_industrial,2025-11-01,26.325,80.275,0.0001055841602677,0.280160457759475,205.1
kanpur_industrial,2025-11-01,26.325,80.325,0.0001222870113032,0.274407560015266,210.4
kanpur_industrial,2025-11-01,26.325,80.375,5.791547691298445e-05,0.2776322052536491,186.7
kanpur_industrial,2025-11-01,26.325,80.425,4.257284747263393e-05,0.2765697281104517,180.7
kanpur_industrial,2025-11-01,26.325,80.475,0.0002305155686494,0.2205245675315558,241.4
kanpur_industrial,2025-11-01,26.325,80.525,0.0002299299144408,0.2193496984967551,240.9
kanpur_industrial,2025-11-01,26.325,80.55,0.0002300947505038,0.1950721923808002,236.6
kanpur_industrial,2025-11-01,26.375,80.175,0.0001214128815563,0.2566501785316503,206.8
kanpur_industrial,2025-11-01,26.375,80.225,9.974256640166574e-05,0.2794712891021282,202.8
kanpur_industrial,2025-11-01,26.375,80.275,0.0001765897327054,0.2815035588192203,232.2
kanpur_industrial,2025-11-01,26.375,80.325,0.0001710398289021,0.2916856278012259,231.9
kanpur_industrial,2025-11-01,26.375,80.375,0.0001845789077903,0.2441754731255815,228.4
kanpur_industrial,2025-11-01,26.375,80.425,0.00021073030369,0.2249759411639096,234.7
kanpur_industrial,2025-11-01,26.375,80.475,0.0002330831064072,0.211103949466806,240.6
kanpur_industrial,2025-11-01,26.375,80.525,0.0002302752852394,0.1684825428252305,231.8
kanpur_industrial,2025-11-01,26.425,80.175,0.0001093281705395,0.255436813906799,202.0
kanpur_industrial,2025-11-01,26.425,80.225,0.0001464680047849,0.2497702931167273,215.0
kanpur_industrial,2025-11-01,26.425,80.275,0.0001818725716995,0.265045040260253,231.2
kanpur_industrial,2025-11-01,26.425,80.325,0.0002049531531208,0.2254874759916283,232.6
kanpur_industrial,2025-11-01,26.425,80.375,0.0001382622882563,0.1942875680345998,201.8
kanpur_industrial,2025-11-01,26.425,80.425,0.000182312745917,0.1765813360629744,215.2
kanpur_industrial,2025-11-01,26.425,80.475,0.0002723780441973,0.1604119332125234,246.2
kanpur_industrial,2025-11-01,26.425,80.525,0.0003254083324847,0.1279680290734619,260.3
kanpur_industrial,2025-11-01,26.425,80.55,0.0002902016142128,0.1429615892808093,249.7
kanpur_industrial,2025-11-01,26.475,80.175,0.0001522684449763,0.2406133372727471,215.5
kanpur_industrial,2025-11-01,26.475,80.225,0.0001902016045917,0.2347381114201384,228.8
kanpur_industrial,2025-11-01,26.475,80.275,0.0002007730888288,0.2342867419377406,232.7
kanpur_industrial,2025-11-01,26.475,80.325,0.0002880925116502,0.1718445404498676,254.2
kanpur_industrial,2025-11-01,26.475,80.375,0.0002254159560096,0.1540202372716342,227.3
kanpur_industrial,2025-11-01,26.475,80.425,0.0002277482651399,0.1475745207122217,227.0
kanpur_industrial,2025-11-01,26.475,80.475,0.0002793041283558,0.1497862737023266,246.9
kanpur_industrial,2025-11-01,26.475,80.525,0.0003745692815822,0.157332762343424,284.2
kanpur_industrial,2025-11-01,26.475,80.55,0.0003730061727313,0.1547815216883228,283.1
kanpur_industrial,2025-11-01,26.525,80.175,0.0002058027895126,0.202117443156639,228.7
kanpur_industrial,2025-11-01,26.525,80.225,0.0002268788714844,0.1922728506971812,234.8
kanpur_industrial,2025-11-01,26.525,80.275,0.0002106895154888,0.1813606808679015,226.7
kanpur_industrial,2025-11-01,26.525,80.325,0.0003633813979428,0.1210032012936357,273.3
kanpur_industrial,2025-11-01,26.525,80.375,0.0003145212230415,0.1131458576133982,253.5
kanpur_industrial,2025-11-01,26.525,80.425,0.0002799388266856,0.1261217959537634,242.8
kanpur_industrial,2025-11-01,26.525,80.475,0.0002791786690979,0.1553330536384981,247.8
kanpur_industrial,2025-11-01,26.525,80.525,0.0003462555537457,0.1969775017369057,280.8
kanpur_industrial,2025-11-01,26.525,80.55,0.0003050861680327,0.2010050229761708,266.0
kanpur_industrial,2025-11-01,26.575,80.175,0.0002415495337226,0.1327186556155637,229.5
kanpur_industrial,2025-11-01,26.575,80.225,0.0002519669151958,0.0965563703290289,226.8
kanpur_industrial,2025-11-01,26.575,80.275,0.0001967786737138,0.1018938018501988,207.0
kanpur_industrial,2025-11-01,26.575,80.325,0.000386998316079,0.0693483380128144,272.8
kanpur_industrial,2025-11-01,26.575,80.375,0.0003156941912351,0.066740161760484,245.4
kanpur_industrial,2025-11-01,26.575,80.425,0.0002950814710688,0.1067570352350988,245.0
kanpur_industrial,2025-11-01,26.575,80.475,0.0002824708427367,0.1643076200450497,250.7
kanpur_industrial,2025-11-01,26.575,80.525,0.0002151838836405,0.2099480837788853,233.7
kanpur_industrial,2025-11-01,26.575,80.55,0.0002501259278506,0.2123054569841361,247.3
kanpur_industrial,2025-11-02,26.325,80.175,0.0002914336962818,0.2446370798218912,268.8
kanpur_industrial,2025-11-02,26.325,80.225,0.0003114912505922,0.2551633724458375,278.3
kanpur_industrial,2025-11-02,26.325,80.275,0.0003631464162335,0.2915573553034178,304.4
kanpur_industrial,2025-11-02,26.325,80.325,0.0002897358572604,0.2667213928821367,272.2
kanpur_industrial,2025-11-02,26.325,80.375,0.0002780323429658,0.2628827932270551,267.0
kanpur_industrial,2025-11-02,26.325,80.475,0.0002875868520968,0.2918211726150455,275.9
kanpur_industrial,2025-11-02,26.325,80.525,0.0002875868520968,0.2918211726150455,275.9
kanpur_industrial,2025-11-02,26.325,80.55,0.0002875868520968,0.2918211726150455,275.9
kanpur_industrial,2025-11-02,26.375,80.175,0.0002152151249079,0.270107776271338,244.7
kanpur_industrial,2025-11-02,26.375,80.225,0.0002000485208018,0.2511143542555645,235.5
kanpur_industrial,2025-11-02,26.375,80.275,0.0001758375122701,0.2468041816890478,225.5
kanpur_industrial,2025-11-02,26.375,80.325,0.0002773975924645,0.2627829260746451,266.8
kanpur_industrial,2025-11-02,26.375,80.375,0.0002780323429658,0.2628827932270551,267.0
kanpur_industrial,2025-11-02,26.375,80.475,0.0002875868520968,0.2918211726150455,275.9
kanpur_industrial,2025-11-02,26.375,80.525,0.0002875868520968,0.2918211726150455,275.9
kanpur_industrial,2025-11-02,26.425,80.175,0.0002726735566116,0.2834470894410095,268.8
kanpur_industrial,2025-11-02,26.425,80.225,0.0002750904667835,0.2818794272476553,269.4
kanpur_industrial,2025-11-02,26.425,80.275,0.0002508708976334,0.279586250609404,259.9
kanpur_industrial,2025-11-02,26.425,80.325,0.0002778069141005,0.2636246059556169,267.1
kanpur_industrial,2025-11-02,26.425,80.375,0.0002780323429658,0.2628827932270551,267.0
kanpur_industrial,2025-11-02,26.425,80.425,0.0002947058826961,0.269853553746076,274.6
kanpur_industrial,2025-11-02,26.425,80.475,0.0002891999146496,0.2719185165248334,272.9
kanpur_industrial,2025-11-02,26.425,80.525,0.000273734960757,0.2778692687526179,268.2
kanpur_industrial,2025-11-02,26.425,80.55,0.0002788612512528,0.2830325717568234,271.0
kanpur_industrial,2025-11-02,26.475,80.175,0.0002746853146207,0.2943709463923754,271.5
kanpur_industrial,2025-11-02,26.475,80.225,0.0002695828479784,0.2933108026953262,269.4
kanpur_industrial,2025-11-02,26.475,80.275,0.0002544072717599,0.2899773860257745,263.1
kanpur_industrial,2025-11-02,26.475,80.325,0.0002427622462242,0.2900337101995349,258.7
kanpur_industrial,2025-11-02,26.475,80.375,0.0002798320162721,0.2880571599504903,272.3
kanpur_industrial,2025-11-02,26.475,80.425,0.0002570110584461,0.2747267638664851,261.3
kanpur_industrial,2025-11-02,26.475,80.475,0.0002357244776171,0.2686186820479314,252.1
kanpur_industrial,2025-11-02,26.475,80.525,0.000233681549638,0.2733379434650426,252.2
kanpur_industrial,2025-11-02,26.475,80.55,0.0002360129165477,0.2733958870799795,253.1
kanpur_industrial,2025-11-02,26.525,80.175,0.0002502423321864,0.2978510879352966,262.9
kanpur_industrial,2025-11-02,26.525,80.225,0.0002476643884316,0.2960962040812976,261.7
kanpur_industrial,2025-11-02,26.525,80.275,0.000241983566381,0.2922315796136565,258.8
kanpur_industrial,2025-11-02,26.525,80.325,0.0002577812047947,0.2873098264762854,263.9
kanpur_industrial,2025-11-02,26.525,80.375,0.0002946593728902,0.2832509552382891,277.0
kanpur_industrial,2025-11-02,26.525,80.425,0.000257458938879,0.2731539593213308,261.2
kanpur_industrial,2025-11-02,26.525,80.475,0.0002011939507876,0.2653436981098027,238.5
kanpur_industrial,2025-11-02,26.525,80.525,0.0002014180131291,0.2712572335109577,239.7
kanpur_industrial,2025-11-02,26.525,80.55,0.0002010263270189,0.2701866472407396,239.3
kanpur_industrial,2025-11-02,26.575,80.175,0.0003396121755847,0.2899703747718578,295.2
kanpur_industrial,2025-11-02,26.575,80.225,0.0002505281850215,0.2936915110043364,262.3
kanpur_industrial,2025-11-02,26.575,80.275,0.0002468989439155,0.2937965523362474,260.9
kanpur_industrial,2025-11-02,26.575,80.325,0.0002979383725361,0.280048929232386,277.7
kanpur_industrial,2025-11-02,26.575,80.375,0.0003360458348346,0.2701178291547241,290.3
kanpur_industrial,2025-11-02,26.575,80.425,0.000300458112808,0.2633845188620962,275.6
kanpur_industrial,2025-11-02,26.575,80.475,0.000236538007542,0.2615139865642747,251.1
kanpur_industrial,2025-11-02,26.575,80.525,0.0002005250128122,0.2676415093448118,238.7
kanpur_industrial,2025-11-02,26.575,80.55,0.0002146641297927,0.2604662162077349,242.7
kanpur_industrial,2025-11-03,26.325,80.175,0.0002670468504753,0.1280979188818471,238.3
kanpur_industrial,2025-11-03,26.325,80.225,0.0003214501203687,0.1291416902094702,259.0
kanpur_industrial,2025-11-03,26.325,80.275,0.0003115352508637,0.1297528994019002,255.4
kanpur_industrial,2025-11-03,26.325,80.325,0.0003254642435324,0.1370717473121604,262.0
kanpur_industrial,2025-11-03,26.325,80.375,0.0003146604951339,0.1373683634815679,257.9
kanpur_industrial,2025-11-03,26.325,80.425,0.0002834777349316,0.1449735303159362,247.6
kanpur_industrial,2025-11-03,26.325,80.475,0.0002768482901259,0.1535038796200738,246.6
kanpur_industrial,2025-11-03,26.325,80.525,0.0003663627653474,0.1546001646875566,280.6
kanpur_industrial,2025-11-03,26.325,80.55,0.0004028699331925,0.1653951365491634,296.4
kanpur_industrial,2025-11-03,26.375,80.175,0.0003379471276959,0.127494368766273,264.9
kanpur_industrial,2025-11-03,26.375,80.225,0.0002498466945515,0.1301437577648581,232.2
kanpur_industrial,2025-11-03,26.375,80.275,0.0002425628299533,0.1301060718451839,229.4
kanpur_industrial,2025-11-03,26.375,80.325,0.0003106966214021,0.138724634084292,256.7
kanpur_industrial,2025-11-03,26.375,80.375,0.0002957485440675,0.1384411158087364,251.0
kanpur_industrial,2025-11-03,26.375,80.425,0.0002502267483186,0.1465939650374836,235.3
kanpur_industrial,2025-11-03,26.375,80.475,0.0002580208152637,0.1603169079469535,240.8
kanpur_industrial,2025-11-03,26.375,80.525,0.0004428539741657,0.1772182009690185,313.6
kanpur_industrial,2025-11-03,26.425,80.175,0.0003054302231476,0.1284888223817338,252.8
kanpur_industrial,2025-11-03,26.425,80.225,0.0003108407049194,0.1322764974817127,255.6
kanpur_industrial,2025-11-03,26.425,80.275,0.0003039812044023,0.1393768261578677,254.3
kanpur_industrial,2025-11-03,26.425,80.325,0.0002948744054756,0.1425815779697047,251.4
kanpur_industrial,2025-11-03,26.425,80.375,0.0003156930440468,0.1519789632447032,261.0
kanpur_industrial,2025-11-03,26.425,80.425,0.0003228687123421,0.1584810139371074,264.9
kanpur_industrial,2025-11-03,26.425,80.475,0.0003270151425398,0.1694605206126252,268.5
kanpur_industrial,2025-11-03,26.425,80.525,0.0003433653694573,0.1965911832877178,279.6
kanpur_industrial,2025-11-03,26.425,80.55,0.0003801839869478,0.1894216543981204,292.2
kanpur_industrial,2025-11-03,26.475,80.175,0.0002624864798498,0.1291409395009862,236.8
kanpur_industrial,2025-11-03,26.475,80.225,0.0003035466151951,0.1343927113111979,253.2
kanpur_industrial,2025-11-03,26.475,80.275,0.0003393748637564,0.1463276908854888,268.9
kanpur_industrial,2025-11-03,26.475,80.325,0.0003147114894718,0.1464950014367866,259.6
kanpur_industrial,2025-11-03,26.475,80.375,0.0003320234923873,0.1642170209526834,269.4
kanpur_industrial,2025-11-03,26.475,80.425,0.0003429751097935,0.1699434548317105,274.6
kanpur_industrial,2025-11-03,26.475,80.475,0.0003322848725291,0.1783042276401783,272.1
kanpur_industrial,2025-11-03,26.475,80.525,0.0002736816801863,0.21199159097523,256.1
kanpur_industrial,2025-11-03,26.475,80.55,0.0002764849099245,0.2113286182157643,257.0
kanpur_industrial,2025-11-03,26.525,80.175,0.0002373131702612,0.1411288792518538,229.4
kanpur_industrial,2025-11-03,26.525,80.225,0.0002630366877455,0.1495037330785918,240.7
kanpur_industrial,2025-11-03,26.525,80.275,0.000314815771334,0.1601587826528396,262.2
kanpur_industrial,2025-11-03,26.525,80.325,0.0003426553934046,0.1673483551820738,274.0
kanpur_industrial,2025-11-03,26.525,80.375,0.0003518958651057,0.1863449667237442,280.9
kanpur_industrial,2025-11-03,26.525,80.425,0.0003606703070974,0.1956168118162396,285.9
kanpur_industrial,2025-11-03,26.525,80.475,0.0003491784649382,0.2051183792221438,283.3
kanpur_industrial,2025-11-03,26.525,80.525,0.0002885422524072,0.2333849072391959,265.6
kanpur_industrial,2025-11-03,26.525,80.55,0.0003325798610098,0.2436320986067748,284.1
kanpur_industrial,2025-11-03,26.575,80.175,0.0002525327823414,0.1727862748548091,241.0
kanpur_industrial,2025-11-03,26.575,80.225,0.00020902286016,0.1866202498628972,227.1
kanpur_industrial,2025-11-03,26.575,80.275,0.0002042978075929,0.1867359072957475,225.3
kanpur_industrial,2025-11-03,26.575,80.325,0.0003583966632764,0.2161784255021914,288.8
kanpur_industrial,2025-11-03,26.575,80.375,0.0003784407095506,0.2263887409334923,298.3
kanpur_industrial,2025-11-03,26.575,80.425,0.0004048095305034,0.2441856094778114,311.5
kanpur_industrial,2025-11-03,26.575,80.475,0.0004272257421547,0.261164628031325,323.0
kanpur_industrial,2025-11-03,26.575,80.525,0.0004297665382096,0.2664933821411229,325.0
kanpur_industrial,2025-11-03,26.575,80.55,0.000432209354266,0.2766846098844273,327.8
kanpur_industrial,2025-11-04,26.325,80.325,0.0001070768505457,0.1746441307242411,186.4
kanpur_industrial,2025-11-04,26.325,80.375,0.0001081854836829,0.1740255078176723,186.7
kanpur_industrial,2025-11-04,26.325,80.425,0.0001161264514813,0.1320162604036014,182.0
kanpur_industrial,2025-11-04,26.325,80.475,0.0001302343486504,0.0865603143783467,179.1
kanpur_industrial,2025-11-04,26.325,80.525,0.0001534903932389,0.0810087076714226,186.8
kanpur_industrial,2025-11-04,26.325,80.55,0.0001681753970742,0.0815245560149961,192.5
kanpur_industrial,2025-11-04,26.375,80.425,0.0001251019420257,0.0922893196730594,178.2
kanpur_industrial,2025-11-04,26.375,80.475,0.0001379621660861,0.0900719746946211,182.6
kanpur_industrial,2025-11-04,26.375,80.525,0.0001842589727033,0.0820895327722433,198.6
kanpur_industrial,2025-11-04,26.425,80.375,0.0002570829538973,0.2175944009051465,250.9
kanpur_industrial,2025-11-04,26.425,80.425,0.00024221185364,0.2034755182350499,242.7
kanpur_industrial,2025-11-04,26.425,80.475,0.0002248129666439,0.1891032546787149,233.5
kanpur_industrial,2025-11-04,26.425,80.525,0.0002074236526994,0.1796646296523182,225.2
kanpur_industrial,2025-11-04,26.425,80.55,0.0001988508971103,0.143554160728196,215.4
kanpur_industrial,2025-11-04,26.475,80.375,0.0002570829538973,0.2175944009051465,250.9
kanpur_industrial,2025-11-04,26.475,80.425,0.0002570829535245,0.2175944005896239,250.9
kanpur_industrial,2025-11-04,26.475,80.475,0.0002477730583786,0.2149116031142272,246.9
kanpur_industrial,2025-11-04,26.475,80.525,0.0002134428215173,0.2050187886841487,232.1
kanpur_industrial,2025-11-04,26.475,80.55,0.0002134428215173,0.2050187886841487,232.1
kanpur_industrial,2025-11-05,26.325,80.175,0.0003874764642653,0.0690662605191684,272.9
kanpur_industrial,2025-11-05,26.325,80.225,0.0003856176036126,0.0554538807461457,269.8
kanpur_industrial,2025-11-05,26.325,80.275,0.0003304324068604,0.0459833034778931,247.2
kanpur_industrial,2025-11-05,26.325,80.325,0.0001825087320419,0.0165998697576485,186.0
kanpur_industrial,2025-11-05,26.325,80.375,0.0001288790929777,0.0053654599699958,163.7
kanpur_industrial,2025-11-05,26.325,80.425,0.0002530291783248,0.0008298052107322,209.7
kanpur_industrial,2025-11-05,26.325,80.475,0.0004393558193075,0.0,279.9
kanpur_industrial,2025-11-05,26.325,80.525,0.0005443246813898,0.0,319.5
kanpur_industrial,2025-11-05,26.325,80.55,0.0004685837966853,0.0,290.9
kanpur_industrial,2025-11-05,26.375,80.175,0.0003371829748845,0.0198542493202943,245.0
kanpur_industrial,2025-11-05,26.375,80.225,0.0002439706282085,0.0010739062149788,206.4
kanpur_industrial,2025-11-05,26.375,80.275,0.0001977337193671,0.0043224725152898,189.5
kanpur_industrial,2025-11-05,26.375,80.325,0.0002729758878711,0.0388600037461146,224.2
kanpur_industrial,2025-11-05,26.375,80.375,0.0002117066098517,0.0347636193618467,200.3
kanpur_industrial,2025-11-05,26.375,80.425,0.0002827017809187,0.0173176739631073,224.0
kanpur_industrial,2025-11-05,26.375,80.475,0.0003848978900735,0.0,259.4
kanpur_industrial,2025-11-05,26.375,80.525,0.0003856294943899,0.0,259.6
kanpur_industrial,2025-11-05,26.425,80.175,0.0003449371998865,0.0040462457475536,245.0
kanpur_industrial,2025-11-05,26.425,80.225,0.0003306143365047,0.0002161236257644,238.9
kanpur_industrial,2025-11-05,26.425,80.275,0.0002680889561518,0.0008915099562785,215.4
kanpur_industrial,2025-11-05,26.425,80.325,0.000299614983371,0.0080593968089883,228.6
kanpur_industrial,2025-11-05,26.425,80.375,0.0002962504684856,0.0071768485759356,227.2
kanpur_industrial,2025-11-05,26.425,80.425,0.0002631719945731,0.0035488524735717,214.1
kanpur_industrial,2025-11-05,26.425,80.475,0.0002432874441436,0.0,205.9
kanpur_industrial,2025-11-05,26.425,80.525,0.000299059363728,0.0,227.0
kanpur_industrial,2025-11-05,26.425,80.55,0.0003310971286186,0.0,239.1
kanpur_industrial,2025-11-05,26.475,80.175,0.0003429552351643,0.0,243.5
kanpur_industrial,2025-11-05,26.475,80.225,0.0003586756523253,0.0,249.5
kanpur_industrial,2025-11-05,26.475,80.275,0.0003046042552789,0.0,229.1
kanpur_industrial,2025-11-05,26.475,80.325,0.0002341552404016,0.0,202.5
kanpur_industrial,2025-11-05,26.475,80.375,0.0003539045251384,0.0,247.7
kanpur_industrial,2025-11-05,26.475,80.425,0.0003356500125725,0.0,240.8
kanpur_industrial,2025-11-05,26.475,80.475,0.0002715643839391,0.0,216.6
kanpur_industrial,2025-11-05,26.475,80.525,0.0002795378143892,0.0,219.6
kanpur_industrial,2025-11-05,26.475,80.55,0.000279347677372,0.0,219.5
kanpur_industrial,2025-11-05,26.525,80.175,0.0003390759575998,0.0076232067135194,243.5
kanpur_industrial,2025-11-05,26.525,80.225,0.0003600255173225,0.0105475674765925,251.9
kanpur_industrial,2025-11-05,26.525,80.275,0.0003105848131935,0.0080578156265722,232.8
kanpur_industrial,2025-11-05,26.525,80.325,0.0002221265422911,0.0,197.9
kanpur_industrial,2025-11-05,26.525,80.375,0.000366385118704,0.0,252.4
kanpur_industrial,2025-11-05,26.525,80.425,0.0003784131629125,0.0,256.9
kanpur_industrial,2025-11-05,26.525,80.475,0.0003243289463087,0.0007292655923789,236.6
kanpur_industrial,2025-11-05,26.525,80.525,0.0002868283726612,0.0035210090298711,223.0
kanpur_industrial,2025-11-05,26.525,80.55,0.000290725395341,0.0064418460660143,225.0
kanpur_industrial,2025-11-05,26.575,80.175,0.0003392738698255,0.0281302125345842,247.3
kanpur_industrial,2025-11-05,26.575,80.225,0.000350876564623,0.038612188008152,253.6
kanpur_industrial,2025-11-05,26.575,80.275,0.0002833870390259,0.0296196783648016,226.5
kanpur_industrial,2025-11-05,26.575,80.325,0.0003545187313359,0.000192439445533,247.9
kanpur_industrial,2025-11-05,26.575,80.375,0.0003187890192136,0.0,234.4
kanpur_industrial,2025-11-05,26.575,80.425,0.0003095808669861,2.097478921286218e-05,230.9
kanpur_industrial,2025-11-05,26.575,80.475,0.0003108364905853,0.0027797341564818,231.9
kanpur_industrial,2025-11-05,26.575,80.525,0.0002981336218951,0.0132165086955562,229.0
kanpur_industrial,2025-11-05,26.575,80.55,0.0002518571231718,0.0261963546731314,213.9
kanpur_industrial,2025-11-06,26.325,80.175,0.0001702625773631,0.0,178.4
kanpur_industrial,2025-11-06,26.325,80.225,0.0001259516911452,0.0,161.6
kanpur_industrial,2025-11-06,26.325,80.275,7.678730850385578e-05,0.0,143.1
kanpur_industrial,2025-11-06,26.325,80.325,0.0001626156530124,0.0,175.5
kanpur_industrial,2025-11-06,26.325,80.375,0.000211184329552,0.0,193.8
kanpur_industrial,2025-11-06,26.325,80.425,0.0002169946014661,0.0,196.0
kanpur_industrial,2025-11-06,26.325,80.475,0.0001988326180056,0.0,189.1
kanpur_industrial,2025-11-06,26.325,80.525,0.0001799443788269,0.0,182.0
kanpur_industrial,2025-11-06,26.325,80.55,0.0001105261174795,0.0,155.8
kanpur_industrial,2025-11-06,26.375,80.175,0.0001426873854502,0.0,168.0
kanpur_industrial,2025-11-06,26.375,80.225,0.0001141469812764,0.0,157.2
kanpur_industrial,2025-11-06,26.375,80.275,0.000163924345642,0.0,176.0
kanpur_industrial,2025-11-06,26.375,80.325,0.0001698000826036,0.0,178.2
kanpur_industrial,2025-11-06,26.375,80.375,0.0002164365458339,0.0,195.8
kanpur_industrial,2025-11-06,26.375,80.425,0.0001542760897549,0.0,172.3
kanpur_industrial,2025-11-06,26.375,80.475,6.0669436660415527e-05,0.0,137.0
kanpur_industrial,2025-11-06,26.375,80.525,3.449659314662639e-05,0.0,127.1
kanpur_industrial,2025-11-06,26.425,80.175,0.0002397865918939,0.0,204.6
kanpur_industrial,2025-11-06,26.425,80.225,0.0001866882745231,0.0,184.6
kanpur_industrial,2025-11-06,26.425,80.275,0.0001365410631496,0.0,165.6
kanpur_industrial,2025-11-06,26.425,80.325,0.0001263035422828,0.0,161.8
kanpur_industrial,2025-11-06,26.425,80.375,0.0001686227707256,0.0,177.7
kanpur_industrial,2025-11-06,26.425,80.425,0.0001311891571751,0.0,163.6
kanpur_industrial,2025-11-06,26.425,80.475,8.839031309991149e-05,0.0,147.5
kanpur_industrial,2025-11-06,26.425,80.525,0.0001411194029345,0.0,167.4
kanpur_industrial,2025-11-06,26.425,80.55,0.0001016605678161,0.0,152.5
kanpur_industrial,2025-11-06,26.475,80.175,0.0001935815030924,0.0,187.2
kanpur_industrial,2025-11-06,26.475,80.225,0.0001932700476689,0.0,187.0
kanpur_industrial,2025-11-06,26.475,80.275,0.0001586177674325,0.0,174.0
kanpur_industrial,2025-11-06,26.475,80.325,8.149827062413811e-05,0.0,144.9
kanpur_industrial,2025-11-06,26.475,80.375,0.0001584658604496,0.0,173.9
kanpur_industrial,2025-11-06,26.475,80.425,0.0001409466219027,0.0,167.3
kanpur_industrial,2025-11-06,26.475,80.475,0.0001176305905213,0.0,158.5
kanpur_industrial,2025-11-06,26.475,80.525,0.0002125053992918,0.0,194.3
kanpur_industrial,2025-11-06,26.475,80.55,0.0002097118561239,0.0,193.2
kanpur_industrial,2025-11-06,26.525,80.175,0.000148164237918,0.0,170.0
kanpur_industrial,2025-11-06,26.525,80.225,0.0002098863778772,0.0,193.3
kanpur_industrial,2025-11-06,26.525,80.275,0.0002239585580806,0.0,198.6
kanpur_industrial,2025-11-06,26.525,80.325,0.000126569384024,0.0,161.9
kanpur_industrial,2025-11-06,26.525,80.375,0.0001828826066095,0.0,183.1
kanpur_industrial,2025-11-06,26.525,80.425,0.0001577493098389,0.0,173.6
kanpur_industrial,2025-11-06,26.525,80.475,0.0001340718694917,0.0,164.7
kanpur_industrial,2025-11-06,26.525,80.525,0.0002354103220078,0.0,202.9
kanpur_industrial,2025-11-06,26.525,80.55,0.0002228104823934,0.0,198.2
kanpur_industrial,2025-11-06,26.575,80.175,0.0001937044843429,0.0,187.2
kanpur_industrial,2025-11-06,26.575,80.225,0.0002824191203629,0.0,220.7
kanpur_industrial,2025-11-06,26.575,80.275,0.0003292978495156,0.0,238.4
kanpur_industrial,2025-11-06,26.575,80.325,0.0003205565482238,0.0,235.1
kanpur_industrial,2025-11-06,26.575,80.375,0.0002479378313031,0.0,207.7
kanpur_industrial,2025-11-06,26.575,80.425,0.0001655215885647,0.0,176.6
kanpur_industrial,2025-11-06,26.575,80.475,0.0001232297252531,0.0,160.6
kanpur_industrial,2025-11-06,26.575,80.525,0.0001956683372089,0.0,187.9
kanpur_industrial,2025-11-06,26.575,80.55,0.0002208834823922,0.0,197.5
kanpur_industrial,2025-11-07,26.325,80.175,0.0004045704925095,0.0311659992928774,272.5
kanpur_industrial,2025-11-07,26.325,80.225,0.000337450518525,0.0074074218021713,242.8
kanpur_industrial,2025-11-07,26.325,80.275,0.0002899653075811,0.0,223.5
kanpur_industrial,2025-11-07,26.325,80.325,0.0002940523008378,0.0,225.1
kanpur_industrial,2025-11-07,26.325,80.375,0.0002627635107636,0.0,213.3
kanpur_industrial,2025-11-07,26.325,80.425,0.0002123362155004,0.0,194.2
kanpur_industrial,2025-11-07,26.325,80.475,0.000167685801187,0.0,177.4
kanpur_industrial,2025-11-07,26.325,80.525,0.000162057612775,0.0,175.3
kanpur_industrial,2025-11-07,26.325,80.55,0.0002116660180168,0.0,194.0
kanpur_industrial,2025-11-07,26.375,80.175,0.0003662397933839,0.005755141186309,253.4
kanpur_industrial,2025-11-07,26.375,80.225,0.0003485636569383,0.0004435767170179,245.7
kanpur_industrial,2025-11-07,26.375,80.275,0.0003162496507374,0.0,233.5
kanpur_industrial,2025-11-07,26.375,80.325,0.0004367654082179,0.0,278.9
kanpur_industrial,2025-11-07,26.375,80.375,0.0002759606946374,0.0,218.2
kanpur_industrial,2025-11-07,26.375,80.425,0.0002097139216149,0.0,193.2
kanpur_industrial,2025-11-07,26.375,80.475,0.0002156542560215,0.0,195.5
kanpur_industrial,2025-11-07,26.375,80.525,0.0002659990332815,0.0,214.5
kanpur_industrial,2025-11-07,26.425,80.175,0.0004692075997996,0.0011743307214421,291.4
kanpur_industrial,2025-11-07,26.425,80.225,0.0004549573675528,9.222088254117897e-05,285.8
kanpur_industrial,2025-11-07,26.425,80.275,0.0003270535398223,0.0,237.5
kanpur_industrial,2025-11-07,26.425,80.325,0.0003413899393326,0.0,242.9
kanpur_industrial,2025-11-07,26.425,80.375,0.0003826391863728,0.0,258.5
kanpur_industrial,2025-11-07,26.425,80.425,0.0003419226350533,0.0,243.1
kanpur_industrial,2025-11-07,26.425,80.475,0.0002694473471345,0.0,215.8
kanpur_industrial,2025-11-07,26.425,80.525,0.0002278061915112,0.0,200.1
kanpur_industrial,2025-11-07,26.425,80.55,0.0002419405502766,0.0,205.4
kanpur_industrial,2025-11-07,26.475,80.175,0.0004113257038744,0.0,269.3
kanpur_industrial,2025-11-07,26.475,80.225,0.0003390093153157,0.0,242.0
kanpur_industrial,2025-11-07,26.475,80.275,0.0002498798501942,0.0,208.4
kanpur_industrial,2025-11-07,26.475,80.325,0.0003255426150643,0.0,237.0
kanpur_industrial,2025-11-07,26.475,80.375,0.0003809682214086,0.0,257.9
kanpur_industrial,2025-11-07,26.475,80.425,0.0003752912567121,0.0,255.7
kanpur_industrial,2025-11-07,26.475,80.475,0.0003326405270667,0.0,239.6
kanpur_industrial,2025-11-07,26.475,80.525,0.0002777180265946,0.0,218.9
kanpur_industrial,2025-11-07,26.475,80.55,0.0002738913082658,0.0,217.5
kanpur_industrial,2025-11-07,26.525,80.175,0.0003373722443288,0.0,241.4
kanpur_industrial,2025-11-07,26.525,80.225,0.0002656391812485,0.0,214.4
kanpur_industrial,2025-11-07,26.525,80.275,0.0002304084481939,0.0,201.1
kanpur_industrial,2025-11-07,26.525,80.325,0.0003455199056254,0.0,244.5
kanpur_industrial,2025-11-07,26.525,80.375,0.0003721055736311,0.0,254.5
kanpur_industrial,2025-11-07,26.525,80.425,0.0003693499143722,0.0,253.5
kanpur_industrial,2025-11-07,26.525,80.475,0.0003540181009631,0.0,247.7
kanpur_industrial,2025-11-07,26.525,80.525,0.0003475711965515,0.0,245.3
kanpur_industrial,2025-11-07,26.525,80.55,0.0003622298016911,0.0,250.8
kanpur_industrial,2025-11-07,26.575,80.175,0.0003398217455216,6.032222093559713e-05,242.4
kanpur_industrial,2025-11-07,26.575,80.225,0.0004017929191267,0.0,265.7
kanpur_industrial,2025-11-07,26.575,80.275,0.0003612041737149,0.0,250.4
kanpur_industrial,2025-11-07,26.575,80.325,0.0003777037234585,0.0,256.6
kanpur_industrial,2025-11-07,26.575,80.375,0.0004183482244521,0.0,272.0
kanpur_industrial,2025-11-07,26.575,80.425,0.000356684543438,0.0,248.7
kanpur_industrial,2025-11-07,26.575,80.475,0.0002985286211694,0.0,226.8
kanpur_industrial,2025-11-07,26.575,80.525,0.0003935909222437,0.0,262.6
kanpur_industrial,2025-11-07,26.575,80.55,0.0003558337789782,0.0,248.4
kanpur_industrial,2025-11-08,26.325,80.175,0.0003155895184383,0.2742763063491316,283.3
kanpur_industrial,2025-11-08,26.325,80.225,0.0002341965986785,0.2824544127583963,254.1
kanpur_industrial,2025-11-08,26.325,80.275,0.0001406410719263,0.2788548783038058,218.1
kanpur_industrial,2025-11-08,26.325,80.325,0.0002594913401362,0.2678516619131981,261.0
kanpur_industrial,2025-11-08,26.325,80.375,0.0003081470712044,0.2544206337548849,276.9
kanpur_industrial,2025-11-08,26.325,80.425,0.0004033629986475,0.2256748180708992,307.6
kanpur_industrial,2025-11-08,26.325,80.475,0.0004817921967831,0.1888739617465505,330.4
kanpur_industrial,2025-11-08,26.325,80.525,0.0004553119601735,0.1509340798030144,313.5
kanpur_industrial,2025-11-08,26.325,80.55,0.0004468561726736,0.1280579465604027,306.1
kanpur_industrial,2025-11-08,26.375,80.175,0.0003670018439376,0.2566967713057152,299.5
kanpur_industrial,2025-11-08,26.375,80.225,0.0004050979070052,0.2569756184192199,313.9
kanpur_industrial,2025-11-08,26.375,80.275,0.0004144244194875,0.258674783999564,317.8
kanpur_industrial,2025-11-08,26.375,80.325,0.0004487456726376,0.2294882270608869,325.4
kanpur_industrial,2025-11-08,26.375,80.375,0.0002996455878521,0.2346977905322332,270.1
kanpur_industrial,2025-11-08,26.375,80.425,0.0002678356656642,0.2041834426491381,252.5
kanpur_industrial,2025-11-08,26.375,80.475,0.00032403587961,0.1544584273285708,264.6
kanpur_industrial,2025-11-08,26.375,80.525,0.0004375950720784,0.1030031339613517,298.1
kanpur_industrial,2025-11-08,26.425,80.175,0.0002724585151937,0.2326297589282949,259.4
kanpur_industrial,2025-11-08,26.425,80.225,0.0003253132904594,0.2395614407218246,280.6
kanpur_industrial,2025-11-08,26.425,80.275,0.000346048664908,0.2418300439416104,288.9
kanpur_industrial,2025-11-08,26.425,80.325,0.0004089367311088,0.2010278715975324,305.2
kanpur_industrial,2025-11-08,26.425,80.375,0.0003905995155249,0.1922989331300031,296.6
kanpur_industrial,2025-11-08,26.425,80.425,0.0003703119760428,0.1725071180593109,285.4
kanpur_industrial,2025-11-08,26.425,80.475,0.0003577996124699,0.1454240505772646,275.7
kanpur_industrial,2025-11-08,26.425,80.525,0.0003651609687766,0.1136284404615852,272.7
kanpur_industrial,2025-11-08,26.425,80.55,0.000391967290471,0.1096962404181917,282.1
kanpur_industrial,2025-11-08,26.475,80.175,0.0002596831411708,0.2180344117227091,251.9
kanpur_industrial,2025-11-08,26.475,80.225,0.0002936578217006,0.2277393491280032,266.5
kanpur_industrial,2025-11-08,26.475,80.275,0.0003077897770263,0.2293058277431131,272.1
kanpur_industrial,2025-11-08,26.475,80.325,0.0003153980430049,0.1911851845617845,268.1
kanpur_industrial,2025-11-08,26.475,80.375,0.0003622870692129,0.1720100000018379,282.2
kanpur_industrial,2025-11-08,26.475,80.425,0.0003891932289771,0.153344884421881,289.0
kanpur_industrial,2025-11-08,26.475,80.475,0.0003951184186258,0.1352967483268167,287.9
kanpur_industrial,2025-11-08,26.475,80.525,0.000373161582807,0.1160019406451142,276.1
kanpur_industrial,2025-11-08,26.475,80.55,0.0003714462176129,0.1160267166249345,275.5
kanpur_industrial,2025-11-08,26.525,80.175,0.0003133382544229,0.2038102246085215,269.6
kanpur_industrial,2025-11-08,26.525,80.225,0.0003492426719734,0.2141525521905428,285.0
kanpur_industrial,2025-11-08,26.525,80.275,0.0003441326398047,0.2118917139583287,282.7
kanpur_industrial,2025-11-08,26.525,80.325,0.0002675003517289,0.1831871071143522,248.5
kanpur_industrial,2025-11-08,26.525,80.375,0.0002977267351712,0.1591442284052614,255.5
kanpur_industrial,2025-11-08,26.525,80.425,0.0003346017079426,0.1395078479404987,265.9
kanpur_industrial,2025-11-08,26.525,80.475,0.0003664943548622,0.1242801024424041,275.1
kanpur_industrial,2025-11-08,26.525,80.525,0.0003736890150359,0.1123682605131705,275.7
kanpur_industrial,2025-11-08,26.525,80.55,0.0003547223613219,0.1096342231506513,268.0
kanpur_industrial,2025-11-08,26.575,80.175,0.0004276660759443,0.1850149835499595,309.3
kanpur_industrial,2025-11-08,26.575,80.225,0.0005195795737326,0.1948117619619263,345.8
kanpur_industrial,2025-11-08,26.575,80.275,0.0004892020179864,0.1844137891796725,332.4
kanpur_industrial,2025-11-08,26.575,80.325,0.0003348084200573,0.1669493736967137,271.0
kanpur_industrial,2025-11-08,26.575,80.375,0.000249674817491,0.1460405600620258,235.0
kanpur_industrial,2025-11-08,26.575,80.425,0.0002097367833358,0.1279565520645955,216.6
kanpur_industrial,2025-11-08,26.575,80.475,0.0002232660510365,0.1135571442031321,219.1
kanpur_industrial,2025-11-08,26.575,80.525,0.0003132425375328,0.1035389786429668,251.2
kanpur_industrial,2025-11-08,26.575,80.55,0.0003269214463334,0.1009891085865261,255.9
kanpur_industrial,2025-11-09,26.325,80.175,0.0003194139782341,0.1782104423175135,267.2
kanpur_industrial,2025-11-09,26.325,80.225,0.0001989010888279,0.1894577973287348,223.8
kanpur_industrial,2025-11-09,26.325,80.275,0.000180378311548,0.1895557090071754,216.8
kanpur_industrial,2025-11-09,26.325,80.325,0.0001593206279584,0.1920754174480399,209.3
kanpur_industrial,2025-11-09,26.325,80.375,0.0001589565755658,0.1920557511475259,209.2
kanpur_industrial,2025-11-09,26.325,80.425,0.0001984755918507,0.1906012145726554,223.8
kanpur_industrial,2025-11-09,26.325,80.475,0.0002615779253545,0.1889701726958277,247.3
kanpur_industrial,2025-11-09,26.325,80.525,0.0003386348607217,0.1888918890420346,276.4
kanpur_industrial,2025-11-09,26.325,80.55,0.0002948224485365,0.1847160866733269,259.1
kanpur_industrial,2025-11-09,26.375,80.175,0.0004632351723997,0.1729156993042695,320.5
kanpur_industrial,2025-11-09,26.375,80.225,0.0004398648111747,0.1853714583938592,314.0
kanpur_industrial,2025-11-09,26.375,80.275,0.0003948138370949,0.1852957571967516,296.9
kanpur_industrial,2025-11-09,26.375,80.325,0.0003809683334618,0.1831618696240389,291.3
kanpur_industrial,2025-11-09,26.375,80.375,0.0003108668438782,0.1836107422233413,265.0
kanpur_industrial,2025-11-09,26.375,80.425,0.0001850581373608,0.1813694909487556,217.1
kanpur_industrial,2025-11-09,26.375,80.475,0.0001128612516222,0.1790454938950166,189.4
kanpur_industrial,2025-11-09,26.375,80.525,0.0002468374256671,0.1801425888409326,240.2
kanpur_industrial,2025-11-09,26.425,80.175,0.0003413350833319,0.1648578911671787,273.0
kanpur_industrial,2025-11-09,26.425,80.225,0.0002787041831519,0.1812139519349532,252.4
kanpur_industrial,2025-11-09,26.425,80.275,0.0002602248660705,0.1810103596021126,245.4
kanpur_industrial,2025-11-09,26.425,80.325,0.0003303011612441,0.1809107180843891,271.8
kanpur_industrial,2025-11-09,26.425,80.375,0.0002345153741789,0.1798104754128595,235.5
kanpur_industrial,2025-11-09,26.425,80.425,0.0001598371531082,0.1794217393134632,207.2
kanpur_industrial,2025-11-09,26.425,80.475,0.0001476879739972,0.1796481738423398,202.7
kanpur_industrial,2025-11-09,26.425,80.525,0.0002564792028817,0.1803632696522091,243.8
kanpur_industrial,2025-11-09,26.425,80.55,0.0002529109861172,0.180281600375595,242.5
kanpur_industrial,2025-11-09,26.475,80.175,0.0003317783253598,0.1704000440081821,270.4
kanpur_industrial,2025-11-09,26.475,80.225,0.0002794953364868,0.179421266602521,252.4
kanpur_industrial,2025-11-09,26.475,80.275,0.0002863324501132,0.1786850310342674,254.8
kanpur_industrial,2025-11-09,26.475,80.325,0.0002090033386621,0.1804743113965118,225.9
kanpur_industrial,2025-11-09,26.475,80.375,0.0001514849480708,0.1786079258308691,203.9
kanpur_industrial,2025-11-09,26.475,80.425,0.000121417149506,0.1789947783117278,192.6
kanpur_industrial,2025-11-09,26.475,80.475,0.000130121746293,0.1803493634068669,196.2
kanpur_industrial,2025-11-09,26.475,80.525,0.000196736847987,0.1811281393471032,221.4
kanpur_industrial,2025-11-09,26.475,80.55,0.0002007178054544,0.181082890499398,222.9
kanpur_industrial,2025-11-09,26.525,80.175,0.0003363414779478,0.1767592425539643,273.3
kanpur_industrial,2025-11-09,26.525,80.225,0.0003309107016374,0.1779513965747672,271.5
kanpur_industrial,2025-11-09,26.525,80.275,0.0003671401919721,0.1767827416678281,285.0
kanpur_industrial,2025-11-09,26.525,80.325,0.0001744971960367,0.178983860761844,212.7
kanpur_industrial,2025-11-09,26.525,80.375,0.0001654330036056,0.1771207964257257,208.9
kanpur_industrial,2025-11-09,26.525,80.425,0.0001728035736154,0.1784588853231393,211.9
kanpur_industrial,2025-11-09,26.525,80.475,0.000180775040591,0.1813313807375009,215.4
kanpur_industrial,2025-11-09,26.525,80.525,0.0001801204340072,0.1836683985816597,215.6
kanpur_industrial,2025-11-09,26.525,80.55,0.0002113688883891,0.1852638048657261,227.7
kanpur_industrial,2025-11-09,26.575,80.175,0.0002942095511993,0.1758373676263128,257.3
kanpur_industrial,2025-11-09,26.575,80.225,0.0003657057274004,0.1756994003857889,284.2
kanpur_industrial,2025-11-09,26.575,80.275,0.0004377461799447,0.1745592897569701,311.2
kanpur_industrial,2025-11-09,26.575,80.325,0.0003337251000971,0.1747381183919951,272.0
kanpur_industrial,2025-11-09,26.575,80.375,0.0003532710110507,0.1735800673060119,279.1
kanpur_industrial,2025-11-09,26.575,80.425,0.0003807953370491,0.1769097730633145,290.1
kanpur_industrial,2025-11-09,26.575,80.475,0.0003768136785646,0.1826995888607615,289.7
kanpur_industrial,2025-11-09,26.575,80.525,0.0002801222872733,0.1888141687744195,254.3
kanpur_industrial,2025-11-09,26.575,80.55,0.0002737097058977,0.190051565903147,252.1
kanpur_industrial,2025-11-10,26.325,80.175,0.0003016209053503,0.0838161430049058,243.2
kanpur_industrial,2025-11-10,26.325,80.225,0.0003304375203836,0.0829135723924943,254.0
kanpur_industrial,2025-11-10,26.325,80.275,0.0003836865517695,0.0838735220138548,274.2
kanpur_industrial,2025-11-10,26.325,80.325,0.0005352654220003,0.080310249806286,330.8
kanpur_industrial,2025-11-10,26.325,80.375,0.000514377158809,0.0741287941529758,321.8
kanpur_industrial,2025-11-10,26.325,80.425,0.0004452548377618,0.068878206210421,294.7
kanpur_industrial,2025-11-10,26.325,80.475,0.0004084782293268,0.064168412867411,280.0
kanpur_industrial,2025-11-10,26.325,80.525,0.0005219851512909,0.0594971011003874,322.0
kanpur_industrial,2025-11-10,26.325,80.55,0.0004548370926838,0.0379998990538495,292.7
kanpur_industrial,2025-11-10,26.375,80.175,0.0003557070702736,0.0726844579462413,261.6
kanpur_industrial,2025-11-10,26.375,80.225,0.0002199188454545,0.0686495475736208,209.6
kanpur_industrial,2025-11-10,26.375,80.275,0.0002013981353936,0.0691115171465707,202.7
kanpur_industrial,2025-11-10,26.375,80.325,0.000477448546043,0.0647020588930818,306.1
kanpur_industrial,2025-11-10,26.375,80.375,0.0006156471272324,0.0561034281020365,356.7
kanpur_industrial,2025-11-10,26.375,80.425,0.0005783583319265,0.0399548786918609,339.7
kanpur_industrial,2025-11-10,26.375,80.475,0.0004612240065823,0.0232911789872651,292.4
kanpur_industrial,2025-11-10,26.375,80.525,0.0003812939808761,0.0144553444314509,260.6
kanpur_industrial,2025-11-10,26.425,80.175,0.0003582517610061,0.0704042071639638,262.2
kanpur_industrial,2025-11-10,26.425,80.225,0.0003496454006468,0.0672807678623644,258.3
kanpur_industrial,2025-11-10,26.425,80.275,0.0003526656865902,0.0659910347844717,259.3
kanpur_industrial,2025-11-10,26.425,80.325,0.000316747425754,0.0481084950176035,242.4
kanpur_industrial,2025-11-10,26.425,80.375,0.0003202103324621,0.0406027956678539,242.4
kanpur_industrial,2025-11-10,26.425,80.425,0.0003050365625674,0.0223563942813613,233.3
kanpur_industrial,2025-11-10,26.425,80.475,0.0002909424091549,0.004816077658562,224.8
kanpur_industrial,2025-11-10,26.425,80.525,0.0003072194101873,0.0029814147889867,230.6
kanpur_industrial,2025-11-10,26.425,80.55,0.0003346328339855,0.0072276722157254,241.7
kanpur_industrial,2025-11-10,26.475,80.175,0.0003244492583015,0.0666859583605791,248.7
kanpur_industrial,2025-11-10,26.475,80.225,0.0003311525004025,0.0622610248085645,250.4
kanpur_industrial,2025-11-10,26.475,80.275,0.0003397881177317,0.059090931414136,253.1
kanpur_industrial,2025-11-10,26.475,80.325,0.0002781509393481,0.0395459887372402,226.3
kanpur_industrial,2025-11-10,26.475,80.375,0.000291257503094,0.0319386669485763,229.9
kanpur_industrial,2025-11-10,26.475,80.425,0.0003113059472855,0.0152271686447726,234.4
kanpur_industrial,2025-11-10,26.475,80.475,0.0003252005489712,0.0015036864742354,237.1
kanpur_industrial,2025-11-10,26.475,80.525,0.0003162190529082,0.007139656965314,234.7
kanpur_industrial,2025-11-10,26.475,80.55,0.0003144125353271,0.0066830509966021,234.0
kanpur_industrial,2025-11-10,26.525,80.175,0.0002583348083622,0.0608599796370016,222.7
kanpur_industrial,2025-11-10,26.525,80.225,0.0002814654094087,0.0546602293026124,230.3
kanpur_industrial,2025-11-10,26.525,80.275,0.0002619682322087,0.0474568807093779,221.6
kanpur_industrial,2025-11-10,26.525,80.325,0.0003389575541382,0.0260904024264315,246.8
kanpur_industrial,2025-11-10,26.525,80.375,0.0003930278911585,0.0204303711367916,266.2
kanpur_industrial,2025-11-10,26.525,80.425,0.0004011340575665,0.0115061824691633,267.6
kanpur_industrial,2025-11-10,26.525,80.475,0.0003871702647636,0.008294875204222,261.7
kanpur_industrial,2025-11-10,26.525,80.525,0.0003876402602933,0.0241942654550261,264.8
kanpur_industrial,2025-11-10,26.525,80.55,0.0004264521012203,0.0331767192358556,281.1
kanpur_industrial,2025-11-10,26.575,80.175,0.0001629420512001,0.0526437994943952,185.2
kanpur_industrial,2025-11-10,26.575,80.225,0.0002702717604541,0.0453538812950781,224.4
kanpur_industrial,2025-11-10,26.575,80.275,0.0001757246018959,0.0306815444881559,186.0
kanpur_industrial,2025-11-10,26.575,80.325,0.0004858778464846,0.0001915112155287,297.5
kanpur_industrial,2025-11-10,26.575,80.375,0.0005558690216769,9.411037928278014e-05,323.9
kanpur_industrial,2025-11-10,26.575,80.425,0.0004605863844607,0.0072499907016705,289.2
kanpur_industrial,2025-11-10,26.575,80.475,0.0003677298769937,0.0232384721098035,257.1
kanpur_industrial,2025-11-10,26.575,80.525,0.0005109917979207,0.0530763325169597,316.6
kanpur_industrial,2025-11-10,26.575,80.55,0.0004696899804525,0.0565471780166121,301.7
kanpur_industrial,2025-11-11,26.325,80.175,0.0002918172339409,0.0914676072068009,240.9
kanpur_industrial,2025-11-11,26.325,80.225,0.0003264251453253,0.0890237934083111,253.6
kanpur_industrial,2025-11-11,26.325,80.275,0.0003821597038869,0.0866750437860466,274.2
kanpur_industrial,2025-11-11,26.325,80.325,0.0003619766327558,0.0860705337946935,266.4
kanpur_industrial,2025-11-11,26.325,80.375,0.0001862676521129,0.0856046913659784,200.0
kanpur_industrial,2025-11-11,26.325,80.425,0.0002141538016744,0.0838638776590604,210.2
kanpur_industrial,2025-11-11,26.325,80.475,0.0003019226656254,0.0782541750194638,242.3
kanpur_industrial,2025-11-11,26.325,80.525,0.00025962349899,0.0638423103448005,223.7
kanpur_industrial,2025-11-11,26.325,80.55,0.000285878367866,0.0381535771659323,229.0
kanpur_industrial,2025-11-11,26.375,80.175,0.0003635411684039,0.0833494668754677,266.5
kanpur_industrial,2025-11-11,26.375,80.225,0.0002877676550879,0.0770904156407366,236.8
kanpur_industrial,2025-11-11,26.375,80.275,0.0002467966088725,0.0759267229503246,221.1
kanpur_industrial,2025-11-11,26.375,80.325,0.0002901994132319,0.0735876523121564,237.1
kanpur_industrial,2025-11-11,26.375,80.375,0.0002449137209522,0.0703031599062108,219.4
kanpur_industrial,2025-11-11,26.375,80.425,0.000283563042019,0.0600664924303987,232.1
kanpur_industrial,2025-11-11,26.375,80.475,0.0003374879938251,0.0414641483473472,249.0
kanpur_industrial,2025-11-11,26.375,80.525,0.0003146337004446,0.010018297970029,234.7
kanpur_industrial,2025-11-11,26.425,80.175,0.0001923007081033,0.0647657277358216,198.5
kanpur_industrial,2025-11-11,26.425,80.225,0.0001852704038601,0.0602161250589229,195.0
kanpur_industrial,2025-11-11,26.425,80.275,0.0003647490467539,0.0573364784539986,262.2
kanpur_industrial,2025-11-11,26.425,80.325,0.0002281314497431,0.0475491301341305,208.9
kanpur_industrial,2025-11-11,26.425,80.375,0.0003380126000567,0.037103320525183,248.4
kanpur_industrial,2025-11-11,26.425,80.425,0.0002822861299759,0.0224092015950511,224.7
kanpur_industrial,2025-11-11,26.425,80.475,0.0001975502770205,0.0086050358609367,190.2
kanpur_industrial,2025-11-11,26.425,80.525,0.0002735540425899,0.0020662739563184,217.7
kanpur_industrial,2025-11-11,26.425,80.55,0.0002887567506149,0.0050091489850145,224.0
kanpur_industrial,2025-11-11,26.475,80.175,0.0001827811131856,0.0546492439006683,193.1
kanpur_industrial,2025-11-11,26.475,80.225,0.0001626055623109,0.0476305184984,184.2
kanpur_industrial,2025-11-11,26.475,80.275,0.0003528960814361,0.0438083827221952,255.3
kanpur_industrial,2025-11-11,26.475,80.325,0.0001748778971381,0.0189393488152006,183.6
kanpur_industrial,2025-11-11,26.475,80.375,0.0002419083110671,0.0138412515664031,207.9
kanpur_industrial,2025-11-11,26.475,80.425,0.0002241953323948,0.0061751720502263,199.8
kanpur_industrial,2025-11-11,26.475,80.475,0.0001918415352029,5.590382365987522e-06,186.5
kanpur_industrial,2025-11-11,26.475,80.525,0.0002368883400884,0.0,203.5
kanpur_industrial,2025-11-11,26.475,80.55,0.0002385505846678,0.0,204.1
kanpur_industrial,2025-11-11,26.525,80.175,0.0002069848370036,0.0405196175570749,199.6
kanpur_industrial,2025-11-11,26.525,80.225,0.0001786448992675,0.0302760195979581,187.1
kanpur_industrial,2025-11-11,26.525,80.275,0.0003201325063066,0.0297442649991313,240.4
kanpur_industrial,2025-11-11,26.525,80.325,0.000198571773837,0.0038758249752953,189.8
kanpur_industrial,2025-11-11,26.525,80.375,0.0001635083404209,0.0023397008730066,176.2
kanpur_industrial,2025-11-11,26.525,80.425,0.00016363808524,0.0009787209854375,176.0
kanpur_industrial,2025-11-11,26.525,80.475,0.0001861466615694,0.0,184.4
kanpur_industrial,2025-11-11,26.525,80.525,0.0002197758371518,0.0,197.0
kanpur_industrial,2025-11-11,26.525,80.55,0.0002243835213323,0.0,198.8
kanpur_industrial,2025-11-11,26.575,80.175,0.0001916963845552,0.0150957939367261,189.2
kanpur_industrial,2025-11-11,26.575,80.225,0.0002113031090524,0.0030507549746252,194.4
kanpur_industrial,2025-11-11,26.575,80.275,0.0003301519219184,0.0124564849885636,241.0
kanpur_industrial,2025-11-11,26.575,80.325,0.0003421151118025,0.0139103295807247,245.8
kanpur_industrial,2025-11-11,26.575,80.375,0.000238662066583,0.0061739416753562,205.3
kanpur_industrial,2025-11-11,26.575,80.425,0.0001341636293212,0.001770397557704,165.1
kanpur_industrial,2025-11-11,26.575,80.475,9.633217746227592e-05,0.0,150.5
kanpur_industrial,2025-11-11,26.575,80.525,0.0002344040123006,0.0,202.6
kanpur_industrial,2025-11-11,26.575,80.55,0.0002288792015738,0.0,200.5
kanpur_industrial,2025-11-12,26.325,80.175,0.0003499532502163,0.053696742005958,256.0
kanpur_industrial,2025-11-12,26.325,80.225,0.0003775745277921,0.0510172758855657,265.9
kanpur_industrial,2025-11-12,26.325,80.275,0.0004218460555785,0.0498076274204356,282.4
kanpur_industrial,2025-11-12,26.325,80.325,0.0004640637788445,0.0279190266735321,294.3
kanpur_industrial,2025-11-12,26.325,80.375,0.0003457783749611,0.0127680146835849,246.9
kanpur_industrial,2025-11-12,26.325,80.425,0.0002495089117036,0.003893120283838,209.0
kanpur_industrial,2025-11-12,26.325,80.475,0.0002234864453338,0.0,198.4
kanpur_industrial,2025-11-12,26.325,80.525,0.0003486767084109,0.0,245.7
kanpur_industrial,2025-11-12,26.325,80.55,0.0002854737038364,0.0,221.8
kanpur_industrial,2025-11-12,26.375,80.175,0.0003631046921153,0.057132472459106,261.6
kanpur_industrial,2025-11-12,26.375,80.225,0.0004430689399878,0.0530107046577766,291.0
kanpur_industrial,2025-11-12,26.375,80.275,0.0003912036343697,0.0496550576009148,270.8
kanpur_industrial,2025-11-12,26.375,80.325,0.0002536565251662,0.0041370252134356,210.6
kanpur_industrial,2025-11-12,26.375,80.375,0.0003690029045966,0.0010289385898981,253.5
kanpur_industrial,2025-11-12,26.375,80.425,0.0003276247822979,0.0,237.7
kanpur_industrial,2025-11-12,26.375,80.475,0.0002319330546214,0.0,201.6
kanpur_industrial,2025-11-12,26.375,80.525,0.000216251365493,0.0,195.7
kanpur_industrial,2025-11-12,26.425,80.175,0.0003819762266881,0.0599233255696928,269.2
kanpur_industrial,2025-11-12,26.425,80.225,0.0003979310319422,0.0545710522408475,274.2
kanpur_industrial,2025-11-12,26.425,80.275,0.0003131063760682,0.0513388358075075,241.6
kanpur_industrial,2025-11-12,26.425,80.325,0.0003409903182946,0.0054236910574255,243.8
kanpur_industrial,2025-11-12,26.425,80.375,0.0003176691399179,0.0013785076290293,234.2
kanpur_industrial,2025-11-12,26.425,80.425,0.0003160289855051,0.0,233.4
kanpur_industrial,2025-11-12,26.425,80.475,0.0002878057106562,0.0,222.7
kanpur_industrial,2025-11-12,26.425,80.525,0.000159117905014,0.0,174.2
kanpur_industrial,2025-11-12,26.425,80.55,0.0001802617840889,0.0,182.1
kanpur_industrial,2025-11-12,26.475,80.175,0.0003901466785876,0.062300567749416,272.7
kanpur_industrial,2025-11-12,26.475,80.225,0.0004195742074257,0.0565481258794923,282.8
kanpur_industrial,2025-11-12,26.475,80.275,0.0003697061300941,0.0512630134938156,263.0
kanpur_industrial,2025-11-12,26.475,80.325,0.0003752339700529,0.0028776335681451,256.2
kanpur_industrial,2025-11-12,26.475,80.375,0.0002834007391878,0.0007690888388968,221.2
kanpur_industrial,2025-11-12,26.475,80.425,0.0002578704950867,0.0,211.4
kanpur_industrial,2025-11-12,26.475,80.475,0.0002500594855334,0.0,208.5
kanpur_industrial,2025-11-12,26.475,80.525,0.0001920730291331,0.0,186.6
kanpur_industrial,2025-11-12,26.475,80.55,0.0001890159995347,0.0,185.4
kanpur_industrial,2025-11-12,26.525,80.175,0.0003881717075584,0.0626653486271492,272.0
kanpur_industrial,2025-11-12,26.525,80.225,0.0004477834464317,0.0566166183548017,293.4
kanpur_industrial,2025-11-12,26.525,80.275,0.0004459011356875,0.0482540971910296,291.2
kanpur_industrial,2025-11-12,26.525,80.325,0.0003749713540313,0.0027693731998787,256.1
kanpur_industrial,2025-11-12,26.525,80.375,0.0002826783970697,0.0007001319968728,220.9
kanpur_industrial,2025-11-12,26.525,80.425,0.0002494430229801,0.0,208.2
kanpur_industrial,2025-11-12,26.525,80.475,0.0002451407499173,0.0,206.6
kanpur_industrial,2025-11-12,26.525,80.525,0.0002344297204574,0.0,202.6
kanpur_industrial,2025-11-12,26.525,80.55,0.0002349854529269,0.0,202.8
kanpur_industrial,2025-11-12,26.575,80.175,0.0003729764866089,0.0596710178729513,265.8
kanpur_industrial,2025-11-12,26.575,80.225,0.0004454408282053,0.0532069664344778,291.9
kanpur_industrial,2025-11-12,26.575,80.275,0.0004694528705167,0.0411990008009312,298.8
kanpur_industrial,2025-11-12,26.575,80.325,0.000352270071363,0.0085288918531365,248.6
kanpur_industrial,2025-11-12,26.575,80.375,0.0003284007844772,0.0022122820167886,238.4
kanpur_industrial,2025-11-12,26.575,80.425,0.0003545870988262,0.0,247.9
kanpur_industrial,2025-11-12,26.575,80.475,0.0003586189171831,0.0,249.4
kanpur_industrial,2025-11-12,26.575,80.525,0.0002382370792845,0.0,204.0
kanpur_industrial,2025-11-12,26.575,80.55,0.0003172499020757,0.0,233.8
kanpur_industrial,2025-11-13,26.325,80.175,0.0003433956318364,0.139935130110293,269.3
kanpur_industrial,2025-11-13,26.325,80.225,0.0003473076668977,0.1368802085862346,270.2
kanpur_industrial,2025-11-13,26.325,80.275,0.0002867942083111,0.1352888746643419,247.0
kanpur_industrial,2025-11-13,26.325,80.325,0.000235173586603,0.1299056872255838,226.6
kanpur_industrial,2025-11-13,26.325,80.375,0.000135226805804,0.1267219066928489,188.3
kanpur_industrial,2025-11-13,26.325,80.425,0.0001092723170337,0.1225032602158754,177.7
kanpur_industrial,2025-11-13,26.325,80.475,0.0001514949897521,0.1177319458301639,192.8
kanpur_industrial,2025-11-13,26.325,80.525,0.0002610185973819,0.1127122393999964,233.2
kanpur_industrial,2025-11-13,26.325,80.55,0.0002000012864721,0.1063336630792471,209.0
kanpur_industrial,2025-11-13,26.375,80.175,0.0001577965519464,0.1361030281451148,198.5
kanpur_industrial,2025-11-13,26.375,80.225,0.0002481835715844,0.1328845199352437,232.0
kanpur_industrial,2025-11-13,26.375,80.275,0.0003210243604363,0.1318263477441177,259.3
kanpur_industrial,2025-11-13,26.375,80.325,0.0003400026880547,0.121239312661659,264.6
kanpur_industrial,2025-11-13,26.375,80.375,0.0001680012432969,0.1172549535226648,198.9
kanpur_industrial,2025-11-13,26.375,80.425,0.0001986408362335,0.11220003489434,209.6
kanpur_industrial,2025-11-13,26.375,80.475,0.0002641163343419,0.1063093704355205,233.2
kanpur_industrial,2025-11-13,26.375,80.525,0.0001331728030947,0.0993476032993787,182.5
kanpur_industrial,2025-11-13,26.425,80.175,0.0002629436809354,0.1339611913715664,237.8
kanpur_industrial,2025-11-13,26.425,80.225,0.0002661417946185,0.1280596115340264,237.9
kanpur_industrial,2025-11-13,26.425,80.275,0.0003137007738153,0.1216297878567978,254.7
kanpur_industrial,2025-11-13,26.425,80.325,0.0002363650622876,0.1088429945556883,223.2
kanpur_industrial,2025-11-13,26.425,80.375,0.0002419417075719,0.1076830774350417,225.1
kanpur_industrial,2025-11-13,26.425,80.425,0.0002502318631721,0.1027710566553207,227.3
kanpur_industrial,2025-11-13,26.425,80.475,0.0002543765730929,0.0971800710574243,227.9
kanpur_industrial,2025-11-13,26.425,80.525,0.0002450155205414,0.0949010205892547,223.9
kanpur_industrial,2025-11-13,26.425,80.55,0.000203624908573,0.0965466063166234,208.6
kanpur_industrial,2025-11-13,26.475,80.175,0.0003139010193347,0.1309792263223396,256.5
kanpur_industrial,2025-11-13,26.475,80.225,0.000296826982904,0.124132393570759,248.8
kanpur_industrial,2025-11-13,26.475,80.275,0.0002988178984784,0.1169546866794454,248.2
kanpur_industrial,2025-11-13,26.475,80.325,0.0002216997180561,0.1052390606508209,217.0
kanpur_industrial,2025-11-13,26.475,80.375,0.0002209403363733,0.1038138838322135,216.4
kanpur_industrial,2025-11-13,26.475,80.425,0.0002058609301513,0.0995497516778371,210.0
kanpur_industrial,2025-11-13,26.475,80.475,0.0002050915683675,0.095187438270932,208.9
kanpur_industrial,2025-11-13,26.475,80.525,0.000261285490655,0.0941824302736746,229.9
kanpur_industrial,2025-11-13,26.475,80.55,0.0002621035531978,0.09415449405078,230.2
kanpur_industrial,2025-11-13,26.525,80.175,0.0003295704117096,0.1279796572677297,261.9
kanpur_industrial,2025-11-13,26.525,80.225,0.0003584459933461,0.1214821137482968,271.6
kanpur_industrial,2025-11-13,26.525,80.275,0.0003279374797386,0.1161885628322907,259.1
kanpur_industrial,2025-11-13,26.525,80.325,0.0002209550389842,0.1051200922067619,216.7
kanpur_industrial,2025-11-13,26.525,80.375,0.0002032652720769,0.1014716818153117,209.3
kanpur_industrial,2025-11-13,26.525,80.425,0.0001807522939581,0.0971015146373412,200.1
kanpur_industrial,2025-11-13,26.525,80.475,0.0001785425319628,0.09388232005414,198.6
kanpur_industrial,2025-11-13,26.525,80.525,0.0002374043611653,0.0943499750041932,220.9
kanpur_industrial,2025-11-13,26.525,80.55,0.0002268477887099,0.0941729468822,216.9
kanpur_industrial,2025-11-13,26.575,80.175,0.0003106893911297,0.1257712076863119,254.3
kanpur_industrial,2025-11-13,26.575,80.225,0.000458189783838,0.1206998762457053,309.1
kanpur_industrial,2025-11-13,26.575,80.275,0.0004341456362028,0.1188726550003554,299.7
kanpur_industrial,2025-11-13,26.575,80.325,0.0001926653646465,0.105653223062137,206.1
kanpur_industrial,2025-11-13,26.575,80.375,0.0002494132080027,0.0985191901557551,226.2
kanpur_industrial,2025-11-13,26.575,80.425,0.000247616121601,0.0924003570715242,224.4
kanpur_industrial,2025-11-13,26.575,80.475,0.0002183254690263,0.0895816501862859,212.9
kanpur_industrial,2025-11-13,26.575,80.525,0.0002042038180336,0.093841431945709,208.3
kanpur_industrial,2025-11-13,26.575,80.55,0.000229098803406,0.096139192956744,218.1
kanpur_industrial,2025-11-14,26.325,80.175,0.0002420046059617,0.1726985457223397,237.0
kanpur_industrial,2025-11-14,26.325,80.225,0.0002394357184048,0.1735347459703226,236.2
kanpur_industrial,2025-11-14,26.325,80.275,0.0003601295846056,0.1752768797268772,282.0
kanpur_industrial,2025-11-14,26.325,80.325,0.0002508215487067,0.1766888146419143,241.0
kanpur_industrial,2025-11-14,26.325,80.375,0.0002755063537889,0.1777919531972933,250.6
kanpur_industrial,2025-11-14,26.325,80.425,0.0003145355449854,0.1741870446479108,264.6
kanpur_industrial,2025-11-14,26.325,80.475,0.0003757091324248,0.1693979198761203,286.8
kanpur_industrial,2025-11-14,26.325,80.525,0.0004788613504524,0.1679527629646128,325.5
kanpur_industrial,2025-11-14,26.325,80.55,0.0003732613948398,0.1631837040130286,284.8
kanpur_industrial,2025-11-14,26.375,80.175,0.0004168047297977,0.160602327988522,300.7
kanpur_industrial,2025-11-14,26.375,80.225,0.0003609679558985,0.1609615655933323,279.7
kanpur_industrial,2025-11-14,26.375,80.275,0.000237177405929,0.1604701352094392,232.9
kanpur_industrial,2025-11-14,26.375,80.325,2.0407904169717423e-05,0.1610785051488026,151.2
kanpur_industrial,2025-11-14,26.375,80.375,3.334408372789291e-05,0.1597120021989106,155.9
kanpur_industrial,2025-11-14,26.375,80.425,8.367443511493827e-05,0.1578654351919023,174.5
kanpur_industrial,2025-11-14,26.375,80.475,0.0001600089336016,0.1567358959282897,203.1
kanpur_industrial,2025-11-14,26.375,80.525,0.0002576043005974,0.1579604489708173,240.2
kanpur_industrial,2025-11-14,26.425,80.175,0.0002376298713876,0.1612950349322684,233.2
kanpur_industrial,2025-11-14,26.425,80.225,0.0002454157828391,0.1604090290398648,236.0
kanpur_industrial,2025-11-14,26.425,80.275,0.0002487658964361,0.1590110707810353,237.0
kanpur_industrial,2025-11-14,26.425,80.325,0.0001172338856958,0.1558217418238629,186.8
kanpur_industrial,2025-11-14,26.425,80.375,7.058410192617268e-05,0.1532847132496235,168.7
kanpur_industrial,2025-11-14,26.425,80.425,0.000113881428507,0.1506465418043961,184.6
kanpur_industrial,2025-11-14,26.425,80.475,0.0002006528265244,0.1490797219257571,217.1
kanpur_industrial,2025-11-14,26.425,80.525,0.0002756744724391,0.1502826645579736,245.6
kanpur_industrial,2025-11-14,26.425,80.55,0.0002689870860095,0.1531240493406795,243.6
kanpur_industrial,2025-11-14,26.475,80.175,0.0001491167527562,0.1607329339069496,199.7
kanpur_industrial,2025-11-14,26.475,80.225,0.0001455804375387,0.1596773079812694,198.2
kanpur_industrial,2025-11-14,26.475,80.275,0.0001319772534398,0.1586195863384365,192.9
kanpur_industrial,2025-11-14,26.475,80.325,0.0001866072010023,0.1542717801166152,212.7
kanpur_industrial,2025-11-14,26.475,80.375,0.000141889279662,0.1497270162636918,195.0
kanpur_industrial,2025-11-14,26.475,80.425,0.0001588246513966,0.1468608546570839,200.9
kanpur_industrial,2025-11-14,26.475,80.475,0.0002166608879154,0.1460573873873978,222.5
kanpur_industrial,2025-11-14,26.475,80.525,0.0003006133027513,0.1480808869647659,254.6
kanpur_industrial,2025-11-14,26.475,80.55,0.0002993186647011,0.1480941101636236,254.1
kanpur_industrial,2025-11-14,26.525,80.175,7.878716611223358e-05,0.1588969988233825,172.9
kanpur_industrial,2025-11-14,26.525,80.225,6.47148797005264e-05,0.1573765751083328,167.3
kanpur_industrial,2025-11-14,26.525,80.275,2.959207662066438e-05,0.1566186022969982,153.9
kanpur_industrial,2025-11-14,26.525,80.325,0.0002130449851854,0.1527678725685946,222.4
kanpur_industrial,2025-11-14,26.525,80.375,0.0002192670655127,0.1479686038965612,223.9
kanpur_industrial,2025-11-14,26.525,80.425,0.0002240294650824,0.1457209714598279,225.3
kanpur_industrial,2025-11-14,26.525,80.475,0.0002416154213943,0.1458446354582801,231.9
kanpur_industrial,2025-11-14,26.525,80.525,0.0002975512890699,0.1484678591867421,253.5
kanpur_industrial,2025-11-14,26.525,80.55,0.0002803662853144,0.1489384508414316,247.1
kanpur_industrial,2025-11-14,26.575,80.175,-7.68573776209663e-06,0.1557302323622398,139.6
kanpur_industrial,2025-11-14,26.575,80.225,1.4184651257281109e-05,0.1526209868640992,147.3
kanpur_industrial,2025-11-14,26.575,80.275,3.908793134419516e-05,0.1512828909162542,156.5
kanpur_industrial,2025-11-14,26.575,80.325,0.0001813976613604,0.1491678900402889,209.8
kanpur_industrial,2025-11-14,26.575,80.375,0.0002784119758741,0.1476108137429979,246.1
kanpur_industrial,2025-11-14,26.575,80.425,0.0003105921868355,0.1470674813569855,258.2
kanpur_industrial,2025-11-14,26.575,80.475,0.000292980751969,0.1477041747227483,251.7
kanpur_industrial,2025-11-14,26.575,80.525,0.000242274261332,0.149983637620979,232.9
kanpur_industrial,2025-11-14,26.575,80.55,0.0002348310600057,0.1502685932590119,230.2
kanpur_industrial,2025-11-15,26.325,80.175,0.0002610981283408,0.1376453032652773,237.8
kanpur_industrial,2025-11-15,26.325,80.225,0.0002836896152528,0.1336475112015543,245.6
kanpur_industrial,2025-11-15,26.325,80.275,0.0002820542380585,0.1329997927272271,244.8
kanpur_industrial,2025-11-15,26.325,80.325,0.0002610465021726,0.1230996542146881,235.1
kanpur_industrial,2025-11-15,26.325,80.375,0.0002315672770416,0.1204569802647781,223.5
kanpur_industrial,2025-11-15,26.325,80.425,0.000179549689363,0.1213141186238951,204.0
kanpur_industrial,2025-11-15,26.325,80.475,0.0001830855687295,0.1239714388865677,205.8
kanpur_industrial,2025-11-15,26.325,80.525,0.0003598711338626,0.1267026843197682,273.1
kanpur_industrial,2025-11-15,26.325,80.55,0.0003050440054915,0.114688946440218,250.2
kanpur_industrial,2025-11-15,26.375,80.175,0.0003024069472373,0.1326314075501755,252.5
kanpur_industrial,2025-11-15,26.375,80.225,0.0004011468841039,0.1309136412087469,289.4
kanpur_industrial,2025-11-15,26.375,80.275,0.0003965970262556,0.1298188854006506,287.5
kanpur_industrial,2025-11-15,26.375,80.325,0.0003810386103721,0.1221647726401369,280.2
kanpur_industrial,2025-11-15,26.375,80.375,0.0004742473725993,0.1133627707946433,313.8
kanpur_industrial,2025-11-15,26.375,80.425,0.0004903731937472,0.1053520468719772,318.4
kanpur_industrial,2025-11-15,26.375,80.475,0.0004217688492017,0.1004057423814168,291.6
kanpur_industrial,2025-11-15,26.375,80.525,0.000244995245847,0.1015310430483297,225.1
kanpur_industrial,2025-11-15,26.425,80.175,0.0001929369283853,0.1368211989757684,211.9
kanpur_industrial,2025-11-15,26.425,80.225,0.0002026714179633,0.1353771275101488,215.3
kanpur_industrial,2025-11-15,26.425,80.275,0.0002662686328935,0.1326047939704094,238.8
kanpur_industrial,2025-11-15,26.425,80.325,0.0003299798414268,0.1205605737592546,260.7
kanpur_industrial,2025-11-15,26.425,80.375,0.000375257376244,0.1142607194101714,276.6
kanpur_industrial,2025-11-15,26.425,80.425,0.0003610129907937,0.1042589962197671,269.4
kanpur_industrial,2025-11-15,26.425,80.475,0.0003230659377221,0.0960877811610766,253.6
kanpur_industrial,2025-11-15,26.425,80.525,0.0003079285211884,0.0970810598120399,248.0
kanpur_industrial,2025-11-15,26.425,80.55,0.000284638253936,0.098727904001848,239.6
kanpur_industrial,2025-11-15,26.475,80.175,0.0002039432415583,0.1401160538642813,216.7
kanpur_industrial,2025-11-15,26.475,80.225,0.0002009873473619,0.1394408652046338,215.4
kanpur_industrial,2025-11-15,26.475,80.275,0.0003249262976388,0.1373614309150261,261.8
kanpur_industrial,2025-11-15,26.475,80.325,0.0003396139528334,0.1255612635885335,265.2
kanpur_industrial,2025-11-15,26.475,80.375,0.0003462086028851,0.1218131831949722,267.0
kanpur_industrial,2025-11-15,26.475,80.425,0.0003002649412885,0.1118156615564515,247.8
kanpur_industrial,2025-11-15,26.475,80.475,0.0002676062193364,0.1015623356220389,233.6
kanpur_industrial,2025-11-15,26.475,80.525,0.0003422233588912,0.0989250028375627,261.3
kanpur_industrial,2025-11-15,26.475,80.55,0.0003410758992079,0.0987331271590501,260.9
kanpur_industrial,2025-11-15,26.525,80.175,0.0002468772410152,0.1434488513982711,233.5
kanpur_industrial,2025-11-15,26.525,80.225,0.0002561636176468,0.1439192349674797,237.1
kanpur_industrial,2025-11-15,26.525,80.275,0.0003818357390099,0.1426715150323806,284.3
kanpur_industrial,2025-11-15,26.525,80.325,0.0003037594822026,0.1319308027002376,252.8
kanpur_industrial,2025-11-15,26.525,80.375,0.0002979555809778,0.1301183603643556,250.3
kanpur_industrial,2025-11-15,26.525,80.425,0.0002702300334107,0.1209370098251197,238.2
kanpur_industrial,2025-11-15,26.525,80.475,0.0002675742360148,0.1094542938881802,235.1
kanpur_industrial,2025-11-15,26.525,80.525,0.000358504344993,0.1022754239437712,268.1
kanpur_industrial,2025-11-15,26.525,80.55,0.0003590301180381,0.1028842560394043,268.4
kanpur_industrial,2025-11-15,26.575,80.175,0.0002676896416857,0.1469657118580626,242.0
kanpur_industrial,2025-11-15,26.575,80.225,0.0002856362334672,0.148997987532949,249.1
kanpur_industrial,2025-11-15,26.575,80.275,0.0003177078511428,0.1474159252721212,260.9
kanpur_industrial,2025-11-15,26.575,80.325,0.0001604056040967,0.1361510100876775,199.5
kanpur_industrial,2025-11-15,26.575,80.375,0.0001754164282078,0.1350203808349487,205.0
kanpur_industrial,2025-11-15,26.575,80.425,0.000251039583497,0.126753091326281,232.0
kanpur_industrial,2025-11-15,26.575,80.475,0.0003348409631938,0.115095604347873,261.5
kanpur_industrial,2025-11-15,26.575,80.525,0.0003593608631063,0.104325044268762,268.8
kanpur_industrial,2025-11-15,26.575,80.55,0.000327036236521,0.1081478848235666,257.3
punjab_stubble_belt,2025-10-15,31.325,74.625,0.0002907297340731,0.0569684661895526,234.2
punjab_stubble_belt,2025-10-15,31.325,74.675,0.0002566422723312,0.0652975749029328,222.9
punjab_stubble_belt,2025-10-15,31.325,74.725,0.0002699716869825,0.047650281722294,224.7
punjab_stubble_belt,2025-10-15,31.325,74.775,0.0002572076918488,0.028113383403276,216.3
punjab_stubble_belt,2025-10-15,31.325,74.825,0.0002523452163769,0.0112781546443882,211.4
punjab_stubble_belt,2025-10-15,31.325,74.875,0.0002462918905976,0.0,207.1
punjab_stubble_belt,2025-10-15,31.325,74.925,0.0001989905228002,0.0,189.2
punjab_stubble_belt,2025-10-15,31.325,74.975,0.0002629920237253,0.0003011933422452,213.4
punjab_stubble_belt,2025-10-15,31.325,75.025,0.0002608339099098,0.0051692558790716,213.5
punjab_stubble_belt,2025-10-15,31.325,75.075,0.0002880218327612,0.0138606439952084,225.3
punjab_stubble_belt,2025-10-15,31.325,75.125,0.0003330191982308,0.021527354195522,243.7
punjab_stubble_belt,2025-10-15,31.325,75.175,0.0002491361955112,0.0026616022564272,208.6
punjab_stubble_belt,2025-10-15,31.325,75.225,0.0002022365963649,0.0003609284904839,190.5
punjab_stubble_belt,2025-10-15,31.325,75.275,0.0002733050636187,0.011025025000469,219.3
punjab_stubble_belt,2025-10-15,31.325,75.3,0.0003314944325344,0.0177625228738225,242.5
punjab_stubble_belt,2025-10-15,31.375,74.625,0.0002997176186605,0.0393849788651434,234.4
punjab_stubble_belt,2025-10-15,31.375,74.675,0.0003351619926463,0.0375723742208191,247.5
punjab_stubble_belt,2025-10-15,31.375,74.725,0.0002957140400069,0.0279216739802256,230.8
punjab_stubble_belt,2025-10-15,31.375,74.775,0.0002666911405359,0.0163780973604121,217.7
punjab_stubble_belt,2025-10-15,31.375,74.825,0.0002450455757179,0.0065520378438967,207.8
punjab_stubble_belt,2025-10-15,31.375,74.875,0.0002357365324755,0.0,203.1
punjab_stubble_belt,2025-10-15,31.375,74.925,0.0002519025726387,0.0,209.2
punjab_stubble_belt,2025-10-15,31.375,74.975,0.0003215760286386,0.0,235.5
punjab_stubble_belt,2025-10-15,31.375,75.025,0.0002998692073805,0.0,227.3
punjab_stubble_belt,2025-10-15,31.375,75.075,0.0003063217092518,0.0039917619190895,230.4
punjab_stubble_belt,2025-10-15,31.375,75.125,0.0003256523321473,0.0098068357638307,238.8
punjab_stubble_belt,2025-10-15,31.375,75.175,0.0001822153805992,0.0036870760830368,183.5
punjab_stubble_belt,2025-10-15,31.375,75.225,0.0002285020330096,0.0015388066784884,200.6
punjab_stubble_belt,2025-10-15,31.375,75.275,0.0002389833018179,0.0099701743405278,206.1
punjab_stubble_belt,2025-10-15,31.375,75.3,0.0002307469504933,0.0153448002129088,204.0
punjab_stubble_belt,2025-10-15,31.425,74.625,0.0002822193343873,0.0122602736166794,222.8
punjab_stubble_belt,2025-10-15,31.425,74.675,0.0003707580448521,0.0,254.0
punjab_stubble_belt,2025-10-15,31.425,74.725,0.0003390822923802,0.0,242.1
punjab_stubble_belt,2025-10-15,31.425,74.775,0.0003025535741825,0.0,228.3
punjab_stubble_belt,2025-10-15,31.425,74.825,0.0002798825534833,0.0,219.7
punjab_stubble_belt,2025-10-15,31.425,74.875,0.0002818965410659,0.0,220.5
punjab_stubble_belt,2025-10-15,31.425,74.925,0.0003425651124699,0.0,243.4
punjab_stubble_belt,2025-10-15,31.425,74.975,0.0003274474484389,0.0,237.7
punjab_stubble_belt,2025-10-15,31.425,75.025,0.0003412570227689,0.0,242.9
punjab_stubble_belt,2025-10-15,31.425,75.075,0.0003451940334198,0.0004541671535341,244.5
punjab_stubble_belt,2025-10-15,31.425,75.125,0.0003074673748117,0.0018435487256988,230.5
punjab_stubble_belt,2025-10-15,31.425,75.175,7.778697816646202e-05,0.0065875350902025,144.7
punjab_stubble_belt,2025-10-15,31.425,75.225,0.0002170085196054,0.0103385924455763,197.9
punjab_stubble_belt,2025-10-15,31.425,75.275,0.0001956578490535,0.0150451873778984,190.7
punjab_stubble_belt,2025-10-15,31.425,75.3,0.0002059533329965,0.0288612462783422,197.1
punjab_stubble_belt,2025-10-15,31.475,74.625,0.0002384522446359,0.0041230054435272,204.8
punjab_stubble_belt,2025-10-15,31.475,74.675,0.0003152373559987,0.0,233.1
punjab_stubble_belt,2025-10-15,31.475,74.725,0.0002706481395543,0.0,216.2
punjab_stubble_belt,2025-10-15,31.475,74.775,0.000240337641724,0.0,204.8
punjab_stubble_belt,2025-10-15,31.475,74.825,0.0002388465314139,0.0,204.2
punjab_stubble_belt,2025-10-15,31.475,74.875,0.0002647355451256,0.0,214.0
punjab_stubble_belt,2025-10-15,31.475,74.925,0.0003114045985831,0.0,231.6
punjab_stubble_belt,2025-10-15,31.475,74.975,0.0002035189730315,0.0,190.9
punjab_stubble_belt,2025-10-15,31.475,75.025,0.0003006396824382,0.0,227.6
punjab_stubble_belt,2025-10-15,31.475,75.075,0.0003414986741472,0.0027079716529474,243.5
punjab_stubble_belt,2025-10-15,31.475,75.125,0.0002906405042377,0.0087998089996883,225.4
punjab_stubble_belt,2025-10-15,31.475,75.175,0.0001931208993552,0.0205974026158101,190.7
punjab_stubble_belt,2025-10-15,31.475,75.225,1.884922374568733e-05,0.0456560087404132,129.6
punjab_stubble_belt,2025-10-15,31.475,75.275,0.0001562502654535,0.0474715987002255,181.7
punjab_stubble_belt,2025-10-15,31.525,74.625,0.0001968924604868,0.0003143010778446,188.5
punjab_stubble_belt,2025-10-15,31.525,74.675,0.0001456144069585,0.0,169.1
punjab_stubble_belt,2025-10-15,31.525,74.725,0.0004263793255947,0.0,275.0
punjab_stubble_belt,2025-10-15,31.525,74.775,0.0003457750583753,0.0,244.6
punjab_stubble_belt,2025-10-15,31.525,74.825,0.0002282644549018,0.0,200.2
punjab_stubble_belt,2025-10-15,31.525,74.875,0.0001529223127684,0.0005259023669792,171.9
punjab_stubble_belt,2025-10-15,31.525,74.925,0.0002801904505707,0.0035175474240836,220.5
punjab_stubble_belt,2025-10-15,31.525,74.975,0.0003387448377662,0.0163823750667295,244.9
punjab_stubble_belt,2025-10-15,31.525,75.025,0.0003916634765211,0.061672992190117,273.2
punjab_stubble_belt,2025-10-15,31.525,75.075,0.0003706439898037,0.0890385823334436,270.2
punjab_stubble_belt,2025-10-15,31.525,75.125,0.000295707715499,0.0869941027566491,241.6
punjab_stubble_belt,2025-10-15,31.525,75.175,0.0003168503793228,0.0545766026784283,243.6
punjab_stubble_belt,2025-10-15,31.525,75.225,0.0003394563250212,0.054412147972259,252.2
punjab_stubble_belt,2025-10-15,31.525,75.275,0.0003221875237596,0.0597707239887612,246.6
punjab_stubble_belt,2025-10-15,31.525,75.3,0.0002894127456724,0.0554510572588525,233.5
punjab_stubble_belt,2025-10-15,31.575,74.625,0.0002383031041958,0.0,204.0
punjab_stubble_belt,2025-10-15,31.575,74.675,0.0001897324512246,0.0,185.7
punjab_stubble_belt,2025-10-15,31.575,74.725,0.0003736559870957,0.0,255.1
punjab_stubble_belt,2025-10-15,31.575,74.775,0.0002957977974379,0.0,225.7
punjab_stubble_belt,2025-10-15,31.575,74.825,0.0002068904100007,0.0,192.2
punjab_stubble_belt,2025-10-15,31.575,74.875,0.0001691607829248,0.0013430924723715,178.2
punjab_stubble_belt,2025-10-15,31.575,74.925,0.0003060816346339,0.0089937347594013,231.3
punjab_stubble_belt,2025-10-15,31.575,74.975,0.0003223289983152,0.0311522565702238,241.4
punjab_stubble_belt,2025-10-15,31.575,75.025,0.0003914977172984,0.0770838264140532,275.9
punjab_stubble_belt,2025-10-15,31.575,75.075,0.0004224973606224,0.1039844013276457,292.5
punjab_stubble_belt,2025-10-15,31.575,75.125,0.000404368168265,0.1024392731794027,285.4
punjab_stubble_belt,2025-10-15,31.575,75.175,0.0003620266616122,0.0610803145127181,261.9
punjab_stubble_belt,2025-10-15,31.575,75.225,0.0002788013081695,0.0530479842354011,229.0
punjab_stubble_belt,2025-10-15,31.575,75.275,0.0003237551580839,0.056617988256498,246.6
punjab_stubble_belt,2025-10-15,31.575,75.3,0.0003496137433234,0.0610354417430699,257.2
punjab_stubble_belt,2025-10-15,31.625,74.625,0.0002604146345413,0.0003139534210473,212.4
punjab_stubble_belt,2025-10-15,31.625,74.675,0.0002091105795541,0.0,193.0
punjab_stubble_belt,2025-10-15,31.625,74.725,0.0003391672467449,0.0,242.1
punjab_stubble_belt,2025-10-15,31.625,74.775,0.0002685520197288,0.0,215.5
punjab_stubble_belt,2025-10-15,31.625,74.825,0.000217585814411,0.0,196.2
punjab_stubble_belt,2025-10-15,31.625,74.875,0.0002058467719206,0.0010229315155667,192.0
punjab_stubble_belt,2025-10-15,31.625,74.925,0.0002141128725833,0.0069273516917991,196.2
punjab_stubble_belt,2025-10-15,31.625,74.975,0.0002814160164814,0.0243693418392649,224.8
punjab_stubble_belt,2025-10-15,31.625,75.025,0.0003538751411638,0.0566581383726878,258.0
punjab_stubble_belt,2025-10-15,31.625,75.075,0.0003865055529637,0.0781374312412942,274.2
punjab_stubble_belt,2025-10-15,31.625,75.125,0.0003693316460628,0.082295589550181,268.5
punjab_stubble_belt,2025-10-15,31.625,75.175,0.0002976867360629,0.063335591239344,238.0
punjab_stubble_belt,2025-10-15,31.625,75.225,0.0002756980050473,0.0561210824216178,228.4
punjab_stubble_belt,2025-10-15,31.625,75.275,0.0002806359608691,0.058971383532321,230.8
punjab_stubble_belt,2025-10-15,31.625,75.3,0.0002631668873846,0.0626540870894351,224.9
punjab_stubble_belt,2025-10-15,31.675,74.625,0.0002664268392686,0.0006651888108441,214.8
punjab_stubble_belt,2025-10-15,31.675,74.675,0.0002063917886152,0.0,192.0
punjab_stubble_belt,2025-10-15,31.675,74.725,0.0003175073505145,0.0,233.9
punjab_stubble_belt,2025-10-15,31.675,74.775,0.0002786342696451,0.0,219.3
punjab_stubble_belt,2025-10-15,31.675,74.825,0.0002557195648593,0.0,210.6
punjab_stubble_belt,2025-10-15,31.675,74.875,0.0002313148269851,6.088578930919208e-07,201.4
punjab_stubble_belt,2025-10-15,31.675,74.925,9.343281177619372e-05,4.1447717442779205e-06,149.4
punjab_stubble_belt,2025-10-15,31.675,74.975,0.0002552959242753,0.0041735912567674,211.2
punjab_stubble_belt,2025-10-15,31.675,75.025,0.0002951481029782,0.0171966017220608,228.6
punjab_stubble_belt,2025-10-15,31.675,75.075,0.0002868503449295,0.0293400688598875,227.7
punjab_stubble_belt,2025-10-15,31.675,75.125,0.0002465957196529,0.0405741897857903,214.6
punjab_stubble_belt,2025-10-15,31.675,75.175,0.0002018108568492,0.0604245990222633,201.3
punjab_stubble_belt,2025-10-15,31.675,75.225,0.0003352440152231,0.071712403367589,253.7
punjab_stubble_belt,2025-10-15,31.675,75.275,0.0002329416199772,0.0853547097386939,217.6
punjab_stubble_belt,2025-10-15,31.675,75.3,0.0001811038635088,0.1550404180749499,210.8
punjab_stubble_belt,2025-10-15,31.725,74.625,0.0003012336366466,0.0,227.8
punjab_stubble_belt,2025-10-15,31.725,74.675,0.0002733362712477,0.0,217.3
punjab_stubble_belt,2025-10-15,31.725,74.725,0.0002046643057421,0.0,191.3
punjab_stubble_belt,2025-10-15,31.725,74.775,0.0003252238603286,0.0,236.8
punjab_stubble_belt,2025-10-15,31.725,74.825,0.0002931575174534,0.0,224.7
punjab_stubble_belt,2025-10-15,31.725,74.875,0.0001740203308176,0.0,179.8
punjab_stubble_belt,2025-10-15,31.725,74.925,0.0003007755738865,0.0,227.6
punjab_stubble_belt,2025-10-15,31.725,74.975,0.0003242025110957,0.0,236.5
punjab_stubble_belt,2025-10-15,31.725,75.025,0.0002372545694987,0.0,203.6
punjab_stubble_belt,2025-10-15,31.725,75.075,0.0002293344724218,0.0017991163567058,201.0
punjab_stubble_belt,2025-10-15,31.725,75.125,0.0003078330265754,0.0090489991637996,231.9
punjab_stubble_belt,2025-10-15,31.725,75.175,0.0003467716218694,0.0408222879806565,252.4
punjab_stubble_belt,2025-10-15,31.725,75.225,0.0003527106283423,0.129404128017922,270.9
punjab_stubble_belt,2025-10-15,31.725,75.275,0.0002739604534193,0.202811081956785,254.5
punjab_stubble_belt,2025-10-15,31.775,74.625,0.0003829282664178,0.0,258.6
punjab_stubble_belt,2025-10-15,31.775,74.675,0.0002888974795887,0.0,223.1
punjab_stubble_belt,2025-10-15,31.775,74.725,0.0003697646853415,0.0,253.6
punjab_stubble_belt,2025-10-15,31.775,74.775,0.0003126621934149,0.0,232.1
punjab_stubble_belt,2025-10-15,31.775,74.825,0.0002853339353322,0.0,221.8
punjab_stubble_belt,2025-10-15,31.775,74.875,0.0003043225118319,0.0,229.0
punjab_stubble_belt,2025-10-15,31.775,74.925,0.0003618533193426,0.0,250.7
punjab_stubble_belt,2025-10-15,31.775,74.975,0.0002540709945442,0.0,210.0
punjab_stubble_belt,2025-10-15,31.775,75.025,0.0002521658331389,0.0,209.3
punjab_stubble_belt,2025-10-15,31.775,75.075,0.0002920931397392,0.000709419386632,224.5
punjab_stubble_belt,2025-10-15,31.775,75.125,0.0003510725448949,0.0046837015429824,247.5
punjab_stubble_belt,2025-10-15,31.775,75.175,0.0003829248779315,0.0255070680840457,263.3
punjab_stubble_belt,2025-10-15,31.775,75.225,0.000330918360834,0.1597535389159172,268.2
punjab_stubble_belt,2025-10-15,31.775,75.275,0.0002255827075652,0.23165572551408,241.6
punjab_stubble_belt,2025-10-15,31.775,75.3,0.0001887587914906,0.2543632757101334,231.8
punjab_stubble_belt,2025-10-15,31.825,74.625,0.0003159540722446,0.0,233.3
punjab_stubble_belt,2025-10-15,31.825,74.675,0.0003109829509008,0.0,231.5
punjab_stubble_belt,2025-10-15,31.825,74.725,0.0003061744986374,0.0,229.7
punjab_stubble_belt,2025-10-15,31.825,74.775,0.0002641964533597,0.0,213.8
punjab_stubble_belt,2025-10-15,31.825,74.825,0.0002395460928627,0.0,204.5
punjab_stubble_belt,2025-10-15,31.825,74.875,0.0002394489695757,0.0,204.5
punjab_stubble_belt,2025-10-15,31.825,74.925,0.0002848485731742,0.0,221.6
punjab_stubble_belt,2025-10-15,31.825,74.975,0.0002331366229893,0.0,202.1
punjab_stubble_belt,2025-10-15,31.825,75.025,0.0001984310669206,0.0017396959518917,189.3
punjab_stubble_belt,2025-10-15,31.825,75.075,0.0002265008910682,0.0069039548411299,200.8
punjab_stubble_belt,2025-10-15,31.825,75.125,0.0002984699061057,0.0236152875655143,231.1
punjab_stubble_belt,2025-10-15,31.825,75.175,0.0002870830105057,0.0965880818969838,240.1
punjab_stubble_belt,2025-10-15,31.825,75.225,0.0002979099435745,0.1750445070567851,258.5
punjab_stubble_belt,2025-10-15,31.825,75.275,0.0002607533416168,0.2281599292142276,254.2
punjab_stubble_belt,2025-10-15,31.825,75.3,0.0002183776264821,0.2574202401982547,243.5
punjab_stubble_belt,2025-10-15,31.875,74.625,0.0002803590776433,0.0,219.9
punjab_stubble_belt,2025-10-15,31.875,74.675,0.000331823832275,0.0,239.3
punjab_stubble_belt,2025-10-15,31.875,74.725,0.0002726117088418,0.0,217.0
punjab_stubble_belt,2025-10-15,31.875,74.775,0.0002379962961371,0.0,203.9
punjab_stubble_belt,2025-10-15,31.875,74.825,0.0002264206949155,0.0,199.6
punjab_stubble_belt,2025-10-15,31.875,74.875,0.0002323805591976,0.0,201.8
punjab_stubble_belt,2025-10-15,31.875,74.925,0.0002328069848811,0.0,202.0
punjab_stubble_belt,2025-10-15,31.875,74.975,0.0002137303356905,0.0,194.8
punjab_stubble_belt,2025-10-15,31.875,75.025,0.0001675503107446,0.0084556173363681,178.9
punjab_stubble_belt,2025-10-15,31.875,75.075,0.0001724360275489,0.0230264937381736,183.4
punjab_stubble_belt,2025-10-15,31.875,75.125,0.0002267349439057,0.0501407404214233,208.8
punjab_stubble_belt,2025-10-15,31.875,75.175,0.0002667469633146,0.1325436490383205,239.0
punjab_stubble_belt,2025-10-15,31.875,75.225,0.0002889840737153,0.1682107356509377,253.9
punjab_stubble_belt,2025-10-15,31.875,75.275,0.0002707284124103,0.2062589452407448,254.0
punjab_stubble_belt,2025-10-15,31.875,75.3,0.0002479414692597,0.2210345572673531,248.0
punjab_stubble_belt,2025-10-16,31.325,74.625,0.0004578728627763,0.0523428199827444,296.5
punjab_stubble_belt,2025-10-16,31.325,74.675,0.0004947614493164,0.0664849311587863,313.0
punjab_stubble_belt,2025-10-16,31.325,74.725,0.0006122548953631,0.0907148184807004,361.7
punjab_stubble_belt,2025-10-16,31.325,74.775,0.0006046838030622,0.0996119119573099,360.5
punjab_stubble_belt,2025-10-16,31.325,74.825,0.0006207268921609,0.096669383661781,366.0
punjab_stubble_belt,2025-10-16,31.325,74.875,0.0006039669322039,0.0831530620532916,357.2
punjab_stubble_belt,2025-10-16,31.325,74.925,0.000288488777494,0.0604244672874978,234.0
punjab_stubble_belt,2025-10-16,31.325,74.975,0.0002205425113483,0.0508817910861188,206.6
punjab_stubble_belt,2025-10-16,31.325,75.025,0.0002607447364171,0.0335488302989591,218.6
punjab_stubble_belt,2025-10-16,31.325,75.075,0.0002409707383422,0.02655641850714,209.9
punjab_stubble_belt,2025-10-16,31.325,75.125,0.0001734991929033,0.028142546112245,184.7
punjab_stubble_belt,2025-10-16,31.325,75.175,0.0002609448743822,0.0068452379235655,213.8
punjab_stubble_belt,2025-10-16,31.325,75.225,0.0002977086590749,0.0008916134653941,226.6
punjab_stubble_belt,2025-10-16,31.325,75.275,0.0003515610898098,0.0,246.8
punjab_stubble_belt,2025-10-16,31.325,75.3,0.0003858028203139,0.0,259.7
punjab_stubble_belt,2025-10-16,31.375,74.625,0.0004280298361514,0.0485823810401821,284.5
punjab_stubble_belt,2025-10-16,31.375,74.675,0.000415323730071,0.0598925313975746,281.8
punjab_stubble_belt,2025-10-16,31.375,74.725,0.0005241233308624,0.0657038199278668,323.9
punjab_stubble_belt,2025-10-16,31.375,74.775,0.0005427205969548,0.0739662975962428,332.4
punjab_stubble_belt,2025-10-16,31.375,74.825,0.0005239651109566,0.0702935348640933,324.7
punjab_stubble_belt,2025-10-16,31.375,74.875,0.000467178267163,0.0549095534819975,300.4
punjab_stubble_belt,2025-10-16,31.375,74.925,0.0003561342378536,0.0323672143398113,254.4
punjab_stubble_belt,2025-10-16,31.375,74.975,0.0002754253061558,0.0276330725815711,223.1
punjab_stubble_belt,2025-10-16,31.375,75.025,0.0002587008983291,0.0146504131488634,214.4
punjab_stubble_belt,2025-10-16,31.375,75.075,0.0002477265346964,0.0092216275119839,209.3
punjab_stubble_belt,2025-10-16,31.375,75.125,0.0002362781033611,0.0113872199313447,205.4
punjab_stubble_belt,2025-10-16,31.375,75.175,0.0002392997021135,0.0032428269830744,205.0
punjab_stubble_belt,2025-10-16,31.375,75.225,0.0003333371622501,0.0031115429049162,240.5
punjab_stubble_belt,2025-10-16,31.375,75.275,0.0003035535778379,0.0012425526114584,228.9
punjab_stubble_belt,2025-10-16,31.375,75.3,0.0002588683696741,0.0,211.8
punjab_stubble_belt,2025-10-16,31.425,74.625,0.000355728132129,0.045974083324329,256.7
punjab_stubble_belt,2025-10-16,31.425,74.675,0.0002983808448943,0.0516505991453453,236.1
punjab_stubble_belt,2025-10-16,31.425,74.725,0.0003271162829515,0.0443278932997364,245.7
punjab_stubble_belt,2025-10-16,31.425,74.775,0.0003908257890176,0.0465490859061532,270.1
punjab_stubble_belt,2025-10-16,31.425,74.825,0.0003380259090126,0.036616661529447,248.4
punjab_stubble_belt,2025-10-16,31.425,74.875,0.0002521534389508,0.0173526574750328,212.4
punjab_stubble_belt,2025-10-16,31.425,74.925,0.0004640084984259,0.0002744668819135,289.3
punjab_stubble_belt,2025-10-16,31.425,74.975,0.0003645017681819,0.0004858103861999,251.8
punjab_stubble_belt,2025-10-16,31.425,75.025,0.000320628872555,0.0005832523956322,235.2
punjab_stubble_belt,2025-10-16,31.425,75.075,0.0003049569770585,0.0021652961420004,229.6
punjab_stubble_belt,2025-10-16,31.425,75.125,0.0003006585324191,0.0046447006097466,228.4
punjab_stubble_belt,2025-10-16,31.425,75.175,0.000237504153349,0.0024440943775775,204.2
punjab_stubble_belt,2025-10-16,31.425,75.225,0.0004004657868846,0.0109651998822748,267.2
punjab_stubble_belt,2025-10-16,31.425,75.275,0.0002666433827098,0.0067088478986784,216.0
punjab_stubble_belt,2025-10-16,31.425,75.3,0.0002081266825114,0.0087029079857481,194.2
punjab_stubble_belt,2025-10-16,31.475,74.625,0.0003345158018512,0.0284663513117772,245.5
punjab_stubble_belt,2025-10-16,31.475,74.675,0.0002703347487888,0.0270332049351298,221.1
punjab_stubble_belt,2025-10-16,31.475,74.725,0.0002779670713879,0.0049332490632051,219.9
punjab_stubble_belt,2025-10-16,31.475,74.775,0.000291839783491,0.0047489419783383,225.1
punjab_stubble_belt,2025-10-16,31.475,74.825,0.0002427047016407,0.0041282283267475,206.5
punjab_stubble_belt,2025-10-16,31.475,74.875,0.0002012721800116,0.0017207660976036,190.4
punjab_stubble_belt,2025-10-16,31.475,74.925,0.0004354180757408,0.0,278.4
punjab_stubble_belt,2025-10-16,31.475,74.975,0.0003695064409532,0.0,253.6
punjab_stubble_belt,2025-10-16,31.475,75.025,0.0003841948938861,0.002238791039572,259.5
punjab_stubble_belt,2025-10-16,31.475,75.075,0.0003731698644345,0.0127338893460053,257.3
punjab_stubble_belt,2025-10-16,31.475,75.125,0.0003263252233469,0.0260528130086239,242.0
punjab_stubble_belt,2025-10-16,31.475,75.175,0.0002754470846667,0.0109963644850374,220.1
punjab_stubble_belt,2025-10-16,31.475,75.225,0.0004149658859853,0.0335488319185721,276.8
punjab_stubble_belt,2025-10-16,31.475,75.275,0.000341120244942,0.0252418293774395,247.4
punjab_stubble_belt,2025-10-16,31.525,74.625,0.0003233533816217,0.0021367406384303,236.5
punjab_stubble_belt,2025-10-16,31.525,74.675,0.0001295696436787,0.0020148972622457,163.4
punjab_stubble_belt,2025-10-16,31.525,74.725,0.0001195068513484,0.0002181588383563,159.2
punjab_stubble_belt,2025-10-16,31.525,74.775,0.0001874479495102,0.0003543288860926,184.9
punjab_stubble_belt,2025-10-16,31.525,74.825,0.0002189646810937,0.0003061893670945,196.8
punjab_stubble_belt,2025-10-16,31.525,74.875,0.0002357426010512,0.0001271832813268,203.1
punjab_stubble_belt,2025-10-16,31.525,74.925,0.0003592627083305,0.0,249.7
punjab_stubble_belt,2025-10-16,31.525,74.975,0.000358511215238,0.0,249.4
punjab_stubble_belt,2025-10-16,31.525,75.025,0.0003810672580789,0.0001766889006721,257.9
punjab_stubble_belt,2025-10-16,31.525,75.075,0.0003958370739189,0.0008562879939283,263.6
punjab_stubble_belt,2025-10-16,31.525,75.125,0.0003823897317034,0.002012631264636,258.8
punjab_stubble_belt,2025-10-16,31.525,75.175,0.0002564852640696,0.0009438974427156,211.1
punjab_stubble_belt,2025-10-16,31.525,75.225,0.0003003196669321,0.0024205364281449,227.9
punjab_stubble_belt,2025-10-16,31.525,75.275,0.0002604207405429,0.0019214509236224,212.7
punjab_stubble_belt,2025-10-16,31.525,75.3,0.0002513802299561,0.0087029079857481,210.6
punjab_stubble_belt,2025-10-16,31.575,74.625,0.0003154050362839,0.0,233.1
punjab_stubble_belt,2025-10-16,31.575,74.675,0.0001647899211308,0.0,176.3
punjab_stubble_belt,2025-10-16,31.575,74.725,0.000139653990927,0.0,166.8
punjab_stubble_belt,2025-10-16,31.575,74.775,0.0002386563937618,0.0,204.2
punjab_stubble_belt,2025-10-16,31.575,74.825,0.000270362155439,0.0,216.1
punjab_stubble_belt,2025-10-16,31.575,74.875,0.0002624869363142,0.0,213.2
punjab_stubble_belt,2025-10-16,31.575,74.925,0.0003770269356871,0.0,256.4
punjab_stubble_belt,2025-10-16,31.575,74.975,0.0003078861509292,0.0,230.3
punjab_stubble_belt,2025-10-16,31.575,75.025,0.0003502924259386,0.0,246.3
punjab_stubble_belt,2025-10-16,31.575,75.075,0.0003359516291624,0.0,240.9
punjab_stubble_belt,2025-10-16,31.575,75.125,0.0002620653264604,5.068029493925322e-06,213.0
punjab_stubble_belt,2025-10-16,31.575,75.175,0.0002477899050969,4.504565345221824e-05,207.6
punjab_stubble_belt,2025-10-16,31.575,75.225,0.000375561089143,5.912701076246209e-06,255.8
punjab_stubble_belt,2025-10-16,31.575,75.275,0.0003060170697797,0.0,229.6
punjab_stubble_belt,2025-10-16,31.575,75.3,0.0002419458024548,0.0,205.4
punjab_stubble_belt,2025-10-16,31.625,74.625,0.0002837145725333,0.0,221.2
punjab_stubble_belt,2025-10-16,31.625,74.675,0.0001548303920039,0.0,172.5
punjab_stubble_belt,2025-10-16,31.625,74.725,0.0001386910558349,0.0,166.4
punjab_stubble_belt,2025-10-16,31.625,74.775,0.0002100171071165,0.0,193.4
punjab_stubble_belt,2025-10-16,31.625,74.825,0.0002440087589798,0.0,206.2
punjab_stubble_belt,2025-10-16,31.625,74.875,0.0002518232213925,0.0,209.1
punjab_stubble_belt,2025-10-16,31.625,74.925,0.0003221295773692,0.0,235.7
punjab_stubble_belt,2025-10-16,31.625,74.975,0.0003153576417869,0.0,233.1
punjab_stubble_belt,2025-10-16,31.625,75.025,0.0003277108452274,0.0,237.8
punjab_stubble_belt,2025-10-16,31.625,75.075,0.0002617954906423,0.0,212.9
punjab_stubble_belt,2025-10-16,31.625,75.125,0.000155576632412,0.0,172.8
punjab_stubble_belt,2025-10-16,31.625,75.175,0.0002833681273188,0.0,221.0
punjab_stubble_belt,2025-10-16,31.625,75.225,0.0003743702823098,0.0,255.4
punjab_stubble_belt,2025-10-16,31.625,75.275,0.0003692809157041,0.0,253.5
punjab_stubble_belt,2025-10-16,31.625,75.3,0.0003787790231286,0.0,257.1
punjab_stubble_belt,2025-10-16,31.675,74.625,0.0002519678900546,0.0,209.2
punjab_stubble_belt,2025-10-16,31.675,74.675,0.0001312820366342,0.0,163.6
punjab_stubble_belt,2025-10-16,31.675,74.725,0.0001539443233896,0.0,172.2
punjab_stubble_belt,2025-10-16,31.675,74.775,0.0001575536670007,0.0,173.6
punjab_stubble_belt,2025-10-16,31.675,74.825,0.0001872024788822,0.0,184.8
punjab_stubble_belt,2025-10-16,31.675,74.875,0.0002257334565634,0.0,199.3
punjab_stubble_belt,2025-10-16,31.675,74.925,0.0002069351821191,0.0,192.2
punjab_stubble_belt,2025-10-16,31.675,74.975,0.0003441847669736,0.0,244.0
punjab_stubble_belt,2025-10-16,31.675,75.025,0.0003062102720766,0.0,229.7
punjab_stubble_belt,2025-10-16,31.675,75.075,0.0002101887400619,0.0,193.4
punjab_stubble_belt,2025-10-16,31.675,75.125,0.0001286047629199,0.0,162.6
punjab_stubble_belt,2025-10-16,31.675,75.175,0.0003463245558873,0.0,244.8
punjab_stubble_belt,2025-10-16,31.675,75.225,0.0003061241484323,0.0,229.6
punjab_stubble_belt,2025-10-16,31.675,75.275,0.0004122325387693,0.0,269.7
punjab_stubble_belt,2025-10-16,31.675,75.3,0.0004521487993643,0.0,284.7
punjab_stubble_belt,2025-10-16,31.725,74.625,0.0003074738369783,0.0,230.1
punjab_stubble_belt,2025-10-16,31.725,74.675,0.0002789167672293,0.0,219.4
punjab_stubble_belt,2025-10-16,31.725,74.725,0.0003894083460525,0.0,261.1
punjab_stubble_belt,2025-10-16,31.725,74.775,0.000353573610287,0.0,247.5
punjab_stubble_belt,2025-10-16,31.725,74.825,0.000313399318313,0.0,232.4
punjab_stubble_belt,2025-10-16,31.725,74.875,0.0002615390747234,0.0,212.8
punjab_stubble_belt,2025-10-16,31.725,74.925,0.0001138729515812,0.0,157.1
punjab_stubble_belt,2025-10-16,31.725,74.975,0.0002290268835926,0.0,200.5
punjab_stubble_belt,2025-10-16,31.725,75.025,0.000241604187686,0.0,205.3
punjab_stubble_belt,2025-10-16,31.725,75.075,0.000279247598042,0.0,219.5
punjab_stubble_belt,2025-10-16,31.725,75.125,0.0003467770396846,0.0,245.0
punjab_stubble_belt,2025-10-16,31.725,75.175,0.0003752497969844,0.0,255.7
punjab_stubble_belt,2025-10-16,31.725,75.225,0.0002688448474046,0.0,215.6
punjab_stubble_belt,2025-10-16,31.725,75.275,0.0003446024029246,0.0,244.2
punjab_stubble_belt,2025-10-16,31.775,74.625,0.000267798188688,0.0,215.2
punjab_stubble_belt,2025-10-16,31.775,74.675,0.0003449125564601,0.0,244.3
punjab_stubble_belt,2025-10-16,31.775,74.725,0.0003313344611089,0.0,239.1
punjab_stubble_belt,2025-10-16,31.775,74.775,0.0003451755991728,0.0,244.4
punjab_stubble_belt,2025-10-16,31.775,74.825,0.0003216231810398,0.0,235.5
punjab_stubble_belt,2025-10-16,31.775,74.875,0.0002800573696483,0.0,219.8
punjab_stubble_belt,2025-10-16,31.775,74.925,0.0003036145769804,0.0,228.7
punjab_stubble_belt,2025-10-16,31.775,74.975,0.0003410920995255,0.0,242.8
punjab_stubble_belt,2025-10-16,31.775,75.025,0.0002860271070509,0.0,222.0
punjab_stubble_belt,2025-10-16,31.775,75.075,0.0003154640584008,0.0,233.2
punjab_stubble_belt,2025-10-16,31.775,75.125,0.0004359794416354,0.0,278.6
punjab_stubble_belt,2025-10-16,31.775,75.175,0.0005687518135174,0.0,328.7
punjab_stubble_belt,2025-10-16,31.775,75.225,0.0006310056089317,0.0,352.2
punjab_stubble_belt,2025-10-16,31.775,75.275,0.0004359814183669,0.0,278.6
punjab_stubble_belt,2025-10-16,31.775,75.3,0.0003465846931192,0.0,244.9
punjab_stubble_belt,2025-10-16,31.825,74.625,0.0002217003781793,0.0,197.8
punjab_stubble_belt,2025-10-16,31.825,74.675,0.0003009658662515,0.0,227.7
punjab_stubble_belt,2025-10-16,31.825,74.725,0.0003170382766946,0.0,233.8
punjab_stubble_belt,2025-10-16,31.825,74.775,0.0002798273303721,0.0,219.7
punjab_stubble_belt,2025-10-16,31.825,74.825,0.0002602379282121,0.0,212.3
punjab_stubble_belt,2025-10-16,31.825,74.875,0.0002740150923143,0.0,217.5
punjab_stubble_belt,2025-10-16,31.825,74.925,0.0003656676304419,0.0,252.1
punjab_stubble_belt,2025-10-16,31.825,74.975,0.0004618125324833,0.0,288.4
punjab_stubble_belt,2025-10-16,31.825,75.025,0.0003020137990484,0.0,228.1
punjab_stubble_belt,2025-10-16,31.825,75.075,0.0002196327253716,0.0,197.0
punjab_stubble_belt,2025-10-16,31.825,75.125,0.0002653339276562,0.0,214.2
punjab_stubble_belt,2025-10-16,31.825,75.175,0.0004109895551497,0.0,269.2
punjab_stubble_belt,2025-10-16,31.825,75.225,0.0005081128088956,0.0,305.9
punjab_stubble_belt,2025-10-16,31.825,75.275,0.0002381521831905,0.0,204.0
punjab_stubble_belt,2025-10-16,31.825,75.3,0.0001014970528923,0.0,152.4
punjab_stubble_belt,2025-10-16,31.875,74.625,0.0001957998574344,0.0,188.0
punjab_stubble_belt,2025-10-16,31.875,74.675,0.0002757544299534,0.0,218.2
punjab_stubble_belt,2025-10-16,31.875,74.725,0.0002528269373904,0.0,209.5
punjab_stubble_belt,2025-10-16,31.875,74.775,0.000257517036276,0.0,211.3
punjab_stubble_belt,2025-10-16,31.875,74.825,0.0002481433522864,0.0,207.8
punjab_stubble_belt,2025-10-16,31.875,74.875,0.0002394491408091,0.0,204.5
punjab_stubble_belt,2025-10-16,31.875,74.925,0.000303601366299,0.0,228.7
punjab_stubble_belt,2025-10-16,31.875,74.975,0.0004127876099873,0.0,269.9
punjab_stubble_belt,2025-10-16,31.875,75.025,0.0002662812450713,0.0,214.6
punjab_stubble_belt,2025-10-16,31.875,75.075,0.0001946857340249,0.0,187.6
punjab_stubble_belt,2025-10-16,31.875,75.125,0.0002369419187465,0.0,203.5
punjab_stubble_belt,2025-10-16,31.875,75.175,0.0003223186781692,0.0,235.7
punjab_stubble_belt,2025-10-16,31.875,75.225,0.0003990338074007,0.0,264.7
punjab_stubble_belt,2025-10-16,31.875,75.275,0.0001707903197485,0.0,178.6
punjab_stubble_belt,2025-10-16,31.875,75.3,4.199657838984118e-05,0.0,130.0
punjab_stubble_belt,2025-10-17,31.325,74.625,0.0004082905374079,0.1378231965873819,293.4
punjab_stubble_belt,2025-10-17,31.325,74.675,0.0002330867500352,0.1374505740303211,227.2
punjab_stubble_belt,2025-10-17,31.325,74.725,0.0001873677281399,0.1125673502543911,205.4
punjab_stubble_belt,2025-10-17,31.325,74.775,0.0001900068829364,0.0992542142709886,203.9
punjab_stubble_belt,2025-10-17,31.325,74.825,0.000241147618084,0.0809376977757377,219.9
punjab_stubble_belt,2025-10-17,31.325,74.875,0.0003066181166585,0.0622796922642171,241.2
punjab_stubble_belt,2025-10-17,31.325,74.925,0.0002781910238804,0.0607356858041889,230.2
punjab_stubble_belt,2025-10-17,31.325,74.975,0.0004088444487633,0.0605148511573001,279.5
punjab_stubble_belt,2025-10-17,31.325,75.025,0.0003775799984841,0.0673565662977411,268.9
punjab_stubble_belt,2025-10-17,31.325,75.075,0.000308340005753,0.0753518876564498,244.2
punjab_stubble_belt,2025-10-17,31.325,75.125,0.0002165701062617,0.0806065677839967,210.6
punjab_stubble_belt,2025-10-17,31.325,75.175,4.85877128071027e-05,0.0694717692335271,145.1
punjab_stubble_belt,2025-10-17,31.325,75.225,-8.145487040282007e-05,0.0638114781421251,95.0
punjab_stubble_belt,2025-10-17,31.325,75.275,6.35251804429507e-05,0.0340954558755233,144.3
punjab_stubble_belt,2025-10-17,31.325,75.3,0.0001562351521559,0.0170476497177553,176.2
punjab_stubble_belt,2025-10-17,31.375,74.625,0.0003834872199794,0.1142967176995519,279.7
punjab_stubble_belt,2025-10-17,31.375,74.675,0.0003004361506216,0.1181214912120662,249.1
punjab_stubble_belt,2025-10-17,31.375,74.725,0.0003115839563648,0.0955831893821756,249.2
punjab_stubble_belt,2025-10-17,31.375,74.775,0.0003418664487866,0.0909387669506603,259.7
punjab_stubble_belt,2025-10-17,31.375,74.825,0.0003543007223807,0.0769495168772571,261.9
punjab_stubble_belt,2025-10-17,31.375,74.875,0.000330554520553,0.0580775548692544,249.5
punjab_stubble_belt,2025-10-17,31.375,74.925,0.0002069062427997,0.0554194520215694,202.3
punjab_stubble_belt,2025-10-17,31.375,74.975,0.0002670059892517,0.0548890579282318,224.9
punjab_stubble_belt,2025-10-17,31.375,75.025,0.0002557321663497,0.063974256361387,222.3
punjab_stubble_belt,2025-10-17,31.375,75.075,0.0002198592348272,0.0721664245387812,210.3
punjab_stubble_belt,2025-10-17,31.375,75.125,0.0001693422399939,0.0763942697488417,192.0
punjab_stubble_belt,2025-10-17,31.375,75.175,8.580108174776256e-05,0.0704616561685783,159.4
punjab_stubble_belt,2025-10-17,31.375,75.225,3.4026389797096066e-05,0.0674762325650457,139.3
punjab_stubble_belt,2025-10-17,31.375,75.275,0.0001679243541514,0.0345745451046906,183.8
punjab_stubble_belt,2025-10-17,31.375,75.3,0.0002713933713562,0.013026267930013,218.9
punjab_stubble_belt,2025-10-17,31.425,74.625,0.0003402713392826,0.0949507649095713,259.9
punjab_stubble_belt,2025-10-17,31.425,74.675,0.0003486784198947,0.096447550156989,263.3
punjab_stubble_belt,2025-10-17,31.425,74.725,0.0004368992252926,0.0782076057852399,293.3
punjab_stubble_belt,2025-10-17,31.425,74.775,0.0004898092858332,0.0779473730265951,313.2
punjab_stubble_belt,2025-10-17,31.425,74.825,0.0004087511870093,0.0697108057535725,281.1
punjab_stubble_belt,2025-10-17,31.425,74.875,0.0002340320526108,0.0557650567622979,212.6
punjab_stubble_belt,2025-10-17,31.425,74.925,9.242736386485502e-05,0.0490895007807269,158.0
punjab_stubble_belt,2025-10-17,31.425,74.975,9.21000938541459e-05,0.0493330107109742,157.9
punjab_stubble_belt,2025-10-17,31.425,75.025,0.0001117488984303,0.0590173652003789,167.1
punjab_stubble_belt,2025-10-17,31.425,75.075,9.622293396858348e-05,0.0660717933915773,162.5
punjab_stubble_belt,2025-10-17,31.425,75.125,6.143384970025187e-05,0.0690394398057699,149.9
punjab_stubble_belt,2025-10-17,31.425,75.175,0.0001374383852419,0.0716667979727863,179.1
punjab_stubble_belt,2025-10-17,31.425,75.225,0.0001778116086516,0.0698645919996891,194.0
punjab_stubble_belt,2025-10-17,31.425,75.275,0.0002732193799846,0.0388670259376027,224.3
punjab_stubble_belt,2025-10-17,31.425,75.3,0.00030078180801,0.0284071713109934,232.8
punjab_stubble_belt,2025-10-17,31.475,74.625,0.0003039299265265,0.0853637845725656,244.4
punjab_stubble_belt,2025-10-17,31.475,74.675,0.0003225474613663,0.0871476462345616,251.7
punjab_stubble_belt,2025-10-17,31.475,74.725,0.0001203742659562,0.0635754016394894,171.1
punjab_stubble_belt,2025-10-17,31.475,74.775,0.0001786685542012,0.0588702208425072,192.3
punjab_stubble_belt,2025-10-17,31.475,74.825,0.0001340310241345,0.0557913047472966,174.9
punjab_stubble_belt,2025-10-17,31.475,74.875,2.7781751368110637e-05,0.0526013839695205,134.2
punjab_stubble_belt,2025-10-17,31.475,74.925,0.0001149116785844,0.0484077994331322,166.3
punjab_stubble_belt,2025-10-17,31.475,74.975,7.756202632333804e-05,0.0486454703079747,152.3
punjab_stubble_belt,2025-10-17,31.475,75.025,8.874208809803649e-05,0.0573122674646191,158.1
punjab_stubble_belt,2025-10-17,31.475,75.075,0.000121569911093,0.0626820321127807,171.4
punjab_stubble_belt,2025-10-17,31.475,75.125,0.0001726938371248,0.0637794612512721,190.9
punjab_stubble_belt,2025-10-17,31.475,75.175,0.0002581918900027,0.0673370641059323,223.8
punjab_stubble_belt,2025-10-17,31.475,75.225,0.0001797527428158,0.0649429434608618,193.8
punjab_stubble_belt,2025-10-17,31.475,75.275,0.0002196672782163,0.0515779425618465,206.4
punjab_stubble_belt,2025-10-17,31.525,74.625,0.0002035045480137,0.0597260731756291,201.8
punjab_stubble_belt,2025-10-17,31.525,74.675,0.0003143031016078,0.0250554173625658,237.3
punjab_stubble_belt,2025-10-17,31.525,74.725,0.0003403595162633,0.0380032301799021,249.5
punjab_stubble_belt,2025-10-17,31.525,74.775,0.0002201344581566,0.0226645740903624,201.3
punjab_stubble_belt,2025-10-17,31.525,74.825,0.0001504442705855,0.0150647143886425,173.6
punjab_stubble_belt,2025-10-17,31.525,74.875,0.00013249189807,0.0194574118575785,167.7
punjab_stubble_belt,2025-10-17,31.525,74.925,9.27249177791306e-05,0.0391002184655275,156.2
punjab_stubble_belt,2025-10-17,31.525,74.975,0.0002059185981248,0.0480098902012646,200.6
punjab_stubble_belt,2025-10-17,31.525,75.025,0.0002823241929499,0.0547005027144323,230.6
punjab_stubble_belt,2025-10-17,31.525,75.075,0.0002950754224847,0.057662830594082,236.0
punjab_stubble_belt,2025-10-17,31.525,75.125,0.0002387779626813,0.0578471972731872,214.8
punjab_stubble_belt,2025-10-17,31.525,75.175,0.000125522967836,0.0613363659409816,172.7
punjab_stubble_belt,2025-10-17,31.525,75.225,0.0001178117049406,0.0562948699229291,168.8
punjab_stubble_belt,2025-10-17,31.525,75.275,3.011190004000985e-05,0.0547164402179776,135.5
punjab_stubble_belt,2025-10-17,31.525,75.3,0.0001019089926318,0.0490024938875268,161.5
punjab_stubble_belt,2025-10-17,31.575,74.625,0.0003095034772222,0.0457504085771489,239.3
punjab_stubble_belt,2025-10-17,31.575,74.675,0.0003161421873874,0.0142950859416086,236.0
punjab_stubble_belt,2025-10-17,31.575,74.725,0.0003312973096744,0.0169044824326148,242.2
punjab_stubble_belt,2025-10-17,31.575,74.775,0.0002641267629658,0.0086366287357009,215.4
punjab_stubble_belt,2025-10-17,31.575,74.825,0.000231267195329,0.0055918825885835,202.4
punjab_stubble_belt,2025-10-17,31.575,74.875,0.0002267679739253,0.0098208367478238,201.5
punjab_stubble_belt,2025-10-17,31.575,74.925,0.0001850572059613,0.0241634031845653,188.4
punjab_stubble_belt,2025-10-17,31.575,74.975,0.0002770487923311,0.0469922343694688,227.2
punjab_stubble_belt,2025-10-17,31.575,75.025,0.000291365696374,0.0502599921985641,233.2
punjab_stubble_belt,2025-10-17,31.575,75.075,0.0002843584590606,0.0494255511220794,230.4
punjab_stubble_belt,2025-10-17,31.575,75.125,0.0002648939992321,0.0470704523620323,222.7
punjab_stubble_belt,2025-10-17,31.575,75.175,0.0002283421776273,0.0439669712609616,208.3
punjab_stubble_belt,2025-10-17,31.575,75.225,0.0001870870562734,0.0436780377903138,192.7
punjab_stubble_belt,2025-10-17,31.575,75.275,0.0001920943908116,0.0500159384415165,195.7
punjab_stubble_belt,2025-10-17,31.575,75.3,0.0001370577832926,0.0543978842286621,175.8
punjab_stubble_belt,2025-10-17,31.625,74.625,0.0003179068859765,0.0251959221917979,238.7
punjab_stubble_belt,2025-10-17,31.625,74.675,0.0002862664958626,0.006977493640511,223.4
punjab_stubble_belt,2025-10-17,31.625,74.725,0.0002518076522283,0.0042522581317185,209.9
punjab_stubble_belt,2025-10-17,31.625,74.775,0.0002487754578683,0.0018173354264128,208.3
punjab_stubble_belt,2025-10-17,31.625,74.825,0.0002558549577137,0.0079769373290234,212.1
punjab_stubble_belt,2025-10-17,31.625,74.875,0.0002632961308255,0.0203880610494642,217.2
punjab_stubble_belt,2025-10-17,31.625,74.925,0.0002464246311842,0.0295836827632388,212.5
punjab_stubble_belt,2025-10-17,31.625,74.975,0.0003120295588605,0.0469629473925169,240.4
punjab_stubble_belt,2025-10-17,31.625,75.025,0.0002468319481675,0.0387096648731359,214.3
punjab_stubble_belt,2025-10-17,31.625,75.075,0.0002015100985122,0.0315745422433555,195.9
punjab_stubble_belt,2025-10-17,31.625,75.125,0.0002012553407265,0.0288816176883367,195.3
punjab_stubble_belt,2025-10-17,31.625,75.175,0.0002297563808672,0.0211349102218501,204.7
punjab_stubble_belt,2025-10-17,31.625,75.225,0.0001963270887536,0.0226136701203391,192.3
punjab_stubble_belt,2025-10-17,31.625,75.275,0.0002267509359132,0.0283115837866313,204.8
punjab_stubble_belt,2025-10-17,31.625,75.3,0.0002334556495638,0.0269002955340447,207.1
punjab_stubble_belt,2025-10-17,31.675,74.625,0.0002530944007384,0.0046186683543495,210.5
punjab_stubble_belt,2025-10-17,31.675,74.675,0.0002454217918869,0.0017649533081437,207.0
punjab_stubble_belt,2025-10-17,31.675,74.725,0.0001709774025464,8.64177351693198e-05,178.6
punjab_stubble_belt,2025-10-17,31.675,74.775,0.000201217812192,0.0,190.0
punjab_stubble_belt,2025-10-17,31.675,74.825,0.0002224237819418,0.0141281832095949,200.6
punjab_stubble_belt,2025-10-17,31.675,74.875,0.0002348842862246,0.035663229684203,209.3
punjab_stubble_belt,2025-10-17,31.675,74.925,0.0002925163264595,0.0419774640080945,232.2
punjab_stubble_belt,2025-10-17,31.675,74.975,0.0003381341970954,0.0423284667870809,249.4
punjab_stubble_belt,2025-10-17,31.675,75.025,0.0002073110304926,0.0221994022306213,196.4
punjab_stubble_belt,2025-10-17,31.675,75.075,0.0001176905519872,0.0104694106346995,160.4
punjab_stubble_belt,2025-10-17,31.675,75.125,0.0001004330601004,0.0091239263748344,153.7
punjab_stubble_belt,2025-10-17,31.675,75.175,0.0001355239252979,0.0,165.2
punjab_stubble_belt,2025-10-17,31.675,75.225,0.0001584324573902,0.0005042849593511,174.0
punjab_stubble_belt,2025-10-17,31.675,75.275,0.0001597281793325,0.0002307744729234,174.4
punjab_stubble_belt,2025-10-17,31.675,75.3,0.0001975985776337,0.0,188.7
punjab_stubble_belt,2025-10-17,31.725,74.625,0.0002954530987738,0.0101520958879086,227.5
punjab_stubble_belt,2025-10-17,31.725,74.675,0.0002747916435286,0.0091970686524273,219.5
punjab_stubble_belt,2025-10-17,31.725,74.725,0.0002669267738505,0.0006854958001809,215.0
punjab_stubble_belt,2025-10-17,31.725,74.775,0.0002306611205253,0.0,201.2
punjab_stubble_belt,2025-10-17,31.725,74.825,0.0001591407531487,0.0,174.2
punjab_stubble_belt,2025-10-17,31.725,74.875,0.0001335307709599,0.0009934954146151,164.7
punjab_stubble_belt,2025-10-17,31.725,74.925,0.000438704796118,0.0066646984063766,280.9
punjab_stubble_belt,2025-10-17,31.725,74.975,0.0004410811199994,0.0098856301951165,282.4
punjab_stubble_belt,2025-10-17,31.725,75.025,0.0003384588546605,0.0072041813223925,243.2
punjab_stubble_belt,2025-10-17,31.725,75.075,0.0002333142043266,0.0062818064929556,203.3
punjab_stubble_belt,2025-10-17,31.725,75.125,0.000146814822416,0.006787910322269,170.7
punjab_stubble_belt,2025-10-17,31.725,75.175,6.862527866847163e-05,0.0,140.0
punjab_stubble_belt,2025-10-17,31.725,75.225,0.0001747333723193,0.0,180.0
punjab_stubble_belt,2025-10-17,31.725,75.275,0.0002284295411616,0.0,200.3
punjab_stubble_belt,2025-10-17,31.775,74.625,0.0002926532824672,0.0110714375504436,226.6
punjab_stubble_belt,2025-10-17,31.775,74.675,0.0002658172594886,0.0060445406846689,215.5
punjab_stubble_belt,2025-10-17,31.775,74.725,0.0002383217095229,0.0004474569271047,204.1
punjab_stubble_belt,2025-10-17,31.775,74.775,0.0002726661766833,0.0,217.0
punjab_stubble_belt,2025-10-17,31.775,74.825,0.0002715716306287,0.0,216.6
punjab_stubble_belt,2025-10-17,31.775,74.875,0.0002710075745654,8.383268435693872e-05,216.4
punjab_stubble_belt,2025-10-17,31.775,74.925,0.0004310045074579,0.0007037259186857,276.9
punjab_stubble_belt,2025-10-17,31.775,74.975,0.0004297052698086,0.0015356786193569,276.6
punjab_stubble_belt,2025-10-17,31.775,75.025,0.0004041276812005,0.0009705654564436,266.8
punjab_stubble_belt,2025-10-17,31.775,75.075,0.0003536113564442,0.0006321314709892,247.7
punjab_stubble_belt,2025-10-17,31.775,75.125,0.0002665104492283,0.0007170327805213,214.8
punjab_stubble_belt,2025-10-17,31.775,75.175,7.679298966819915e-05,0.0,143.1
punjab_stubble_belt,2025-10-17,31.775,75.225,0.0001546516924491,0.0,172.5
punjab_stubble_belt,2025-10-17,31.775,75.275,0.0002229902753094,0.0,198.3
punjab_stubble_belt,2025-10-17,31.775,75.3,0.0002565875176216,0.0,210.9
punjab_stubble_belt,2025-10-17,31.825,74.625,0.0002592294675939,0.0279824811330691,217.0
punjab_stubble_belt,2025-10-17,31.825,74.675,0.0002676147047618,0.0078604675257583,216.5
punjab_stubble_belt,2025-10-17,31.825,74.725,0.0001431032578536,0.0006807163597369,168.2
punjab_stubble_belt,2025-10-17,31.825,74.775,9.51828207474212e-05,4.896881331790343e-05,150.0
punjab_stubble_belt,2025-10-17,31.825,74.825,9.573874379000204e-05,0.0,150.2
punjab_stubble_belt,2025-10-17,31.825,74.875,0.0001398169329243,0.0,166.9
punjab_stubble_belt,2025-10-17,31.825,74.925,0.0002578739689396,0.0,211.4
punjab_stubble_belt,2025-10-17,31.825,74.975,0.0004268997332766,0.0002120625400378,275.2
punjab_stubble_belt,2025-10-17,31.825,75.025,0.0003665593170285,8.617926155382577e-05,252.5
punjab_stubble_belt,2025-10-17,31.825,75.075,0.0002883953407178,0.0,222.9
punjab_stubble_belt,2025-10-17,31.825,75.125,0.0002343232208143,0.0,202.5
punjab_stubble_belt,2025-10-17,31.825,75.175,0.0002318684765828,0.0,201.6
punjab_stubble_belt,2025-10-17,31.825,75.225,0.0002193339584301,0.0,196.9
punjab_stubble_belt,2025-10-17,31.825,75.275,0.0002554056860708,0.0,210.5
punjab_stubble_belt,2025-10-17,31.825,75.3,0.00027609798619,0.0,218.3
punjab_stubble_belt,2025-10-17,31.875,74.625,0.0002994009622687,0.0400858350673701,234.4
punjab_stubble_belt,2025-10-17,31.875,74.675,0.0003038129761154,0.0158369575908863,231.7
punjab_stubble_belt,2025-10-17,31.875,74.725,0.0001302328149554,0.001600802696174,163.5
punjab_stubble_belt,2025-10-17,31.875,74.775,2.868425391555513e-05,0.0001865472904635,125.0
punjab_stubble_belt,2025-10-17,31.875,74.825,4.062335112446555e-06,0.0,115.6
punjab_stubble_belt,2025-10-17,31.875,74.875,5.304819115439924e-05,0.0,134.1
punjab_stubble_belt,2025-10-17,31.875,74.925,0.0001743117361899,0.0,179.9
punjab_stubble_belt,2025-10-17,31.875,74.975,0.0004482109568309,0.0,283.3
punjab_stubble_belt,2025-10-17,31.875,75.025,0.0002948383602267,0.0,225.4
punjab_stubble_belt,2025-10-17,31.875,75.075,0.0001481816166892,0.0,170.0
punjab_stubble_belt,2025-10-17,31.875,75.125,9.876994336717408e-05,0.0,151.4
punjab_stubble_belt,2025-10-17,31.875,75.175,0.000286543043088,0.0,222.2
punjab_stubble_belt,2025-10-17,31.875,75.225,0.0002873151608209,0.0,222.5
punjab_stubble_belt,2025-10-17,31.875,75.275,0.0003138518179951,0.0,232.5
punjab_stubble_belt,2025-10-17,31.875,75.3,0.0003449676513252,0.0,244.3
punjab_stubble_belt,2025-10-18,31.325,74.625,0.0001423805747426,0.1317804785950256,191.9
punjab_stubble_belt,2025-10-18,31.325,74.675,0.0001348073589292,0.1298982770818726,188.7
punjab_stubble_belt,2025-10-18,31.325,74.725,0.0003293272504692,0.1279430299251873,261.8
punjab_stubble_belt,2025-10-18,31.325,74.775,0.0004412204805987,0.1265691286640551,303.7
punjab_stubble_belt,2025-10-18,31.325,74.825,0.0003964855682627,0.1076682032526787,283.4
punjab_stubble_belt,2025-10-18,31.325,74.875,0.000245548496366,0.0779726233440646,221.0
punjab_stubble_belt,2025-10-18,31.325,74.925,0.0001570375967627,0.0609400376802026,184.5
punjab_stubble_belt,2025-10-18,31.325,74.975,0.0001645245158761,0.0664703949969968,188.3
punjab_stubble_belt,2025-10-18,31.325,75.025,0.0002099971572288,0.0959607473487672,210.9
punjab_stubble_belt,2025-10-18,31.325,75.075,0.0002091754435423,0.1128056821063413,213.7
punjab_stubble_belt,2025-10-18,31.325,75.125,0.0001714148728541,0.1126879003770623,199.4
punjab_stubble_belt,2025-10-18,31.325,75.175,0.0002346959841966,0.1093181599931822,222.6
punjab_stubble_belt,2025-10-18,31.325,75.225,0.0003150382369888,0.1048936858248272,252.2
punjab_stubble_belt,2025-10-18,31.325,75.275,0.0002625289922281,0.102439567213329,231.9
punjab_stubble_belt,2025-10-18,31.325,75.3,0.0002462284770458,0.1017280701135325,225.6
punjab_stubble_belt,2025-10-18,31.375,74.625,0.000219094610344,0.1240927031600225,219.5
punjab_stubble_belt,2025-10-18,31.375,74.675,0.00018396206336,0.1228708815200376,206.0
punjab_stubble_belt,2025-10-18,31.375,74.725,0.0003047937894386,0.1199221275715392,251.0
punjab_stubble_belt,2025-10-18,31.375,74.775,0.0003875143548137,0.1189836529164266,282.1
punjab_stubble_belt,2025-10-18,31.375,74.825,0.0003433310475308,0.1031844415175646,262.5
punjab_stubble_belt,2025-10-18,31.375,74.875,0.0002228550485919,0.0798124874259929,212.8
punjab_stubble_belt,2025-10-18,31.375,74.925,0.0002118497879333,0.0732536270252347,207.4
punjab_stubble_belt,2025-10-18,31.375,74.975,0.0002193234986639,0.0815616031246369,211.8
punjab_stubble_belt,2025-10-18,31.375,75.025,0.0002205867510787,0.0986201530965675,215.4
punjab_stubble_belt,2025-10-18,31.375,75.075,0.000178888414704,0.1084274536254723,201.4
punjab_stubble_belt,2025-10-18,31.375,75.125,0.0001108660554475,0.1089172676313831,175.8
punjab_stubble_belt,2025-10-18,31.375,75.175,0.0001264851831738,0.1070442683111667,181.4
punjab_stubble_belt,2025-10-18,31.375,75.225,0.0002077541316118,0.1039978211393681,211.5
punjab_stubble_belt,2025-10-18,31.375,75.275,0.0002022028462946,0.1008017327915401,208.8
punjab_stubble_belt,2025-10-18,31.375,75.3,0.0001924826948448,0.0987562182854488,204.8
punjab_stubble_belt,2025-10-18,31.425,74.625,0.0003896022207116,0.1161388371419961,282.3
punjab_stubble_belt,2025-10-18,31.425,74.675,0.0004163749983856,0.1150772240300958,292.3
punjab_stubble_belt,2025-10-18,31.425,74.725,0.0003503039057669,0.1111176322961414,266.6
punjab_stubble_belt,2025-10-18,31.425,74.775,0.0003355282763619,0.1106724918428571,260.9
punjab_stubble_belt,2025-10-18,31.425,74.825,0.000271361134042,0.1090874600397216,236.4
punjab_stubble_belt,2025-10-18,31.425,74.875,0.000196205488785,0.1046832371711669,207.3
punjab_stubble_belt,2025-10-18,31.425,74.925,0.0002649042729084,0.0916715413559954,230.8
punjab_stubble_belt,2025-10-18,31.425,74.975,0.0002634898291432,0.099012383032568,231.6
punjab_stubble_belt,2025-10-18,31.425,75.025,0.0001886625249551,0.1019207723248626,203.9
punjab_stubble_belt,2025-10-18,31.425,75.075,0.0001046921687441,0.103637760211253,172.5
punjab_stubble_belt,2025-10-18,31.425,75.125,3.509388671029337e-05,0.1045269834787241,146.4
punjab_stubble_belt,2025-10-18,31.425,75.175,4.404683805456404e-05,0.1040221413367809,149.7
punjab_stubble_belt,2025-10-18,31.425,75.225,6.159195107247448e-05,0.1033102463372729,156.2
punjab_stubble_belt,2025-10-18,31.425,75.275,0.0001361654603736,0.0994794584205657,183.7
punjab_stubble_belt,2025-10-18,31.425,75.3,0.0001412794731251,0.097306454299155,185.2
punjab_stubble_belt,2025-10-18,31.475,74.625,0.0002694166816527,0.1106864874736713,236.0
punjab_stubble_belt,2025-10-18,31.475,74.675,0.0002750521269817,0.1098429693548292,238.0
punjab_stubble_belt,2025-10-18,31.475,74.725,0.0002820253188111,0.1056427750621453,239.8
punjab_stubble_belt,2025-10-18,31.475,74.775,0.0002856177386798,0.1053535045898409,241.1
punjab_stubble_belt,2025-10-18,31.475,74.825,0.0002549104095035,0.1047427562736625,229.4
punjab_stubble_belt,2025-10-18,31.475,74.875,0.0002366811245737,0.1027982779718962,222.2
punjab_stubble_belt,2025-10-18,31.475,74.925,0.0004044041725283,0.0970561109228808,284.5
punjab_stubble_belt,2025-10-18,31.475,74.975,0.000307104198924,0.0982537252582114,247.9
punjab_stubble_belt,2025-10-18,31.475,75.025,0.0002272894028882,0.1002076390301405,218.2
punjab_stubble_belt,2025-10-18,31.475,75.075,0.0001462588045622,0.1016551520120333,187.9
punjab_stubble_belt,2025-10-18,31.475,75.125,9.49823371193389e-05,0.1023546531664371,168.6
punjab_stubble_belt,2025-10-18,31.475,75.175,0.0002287819958202,0.1026113891815857,219.2
punjab_stubble_belt,2025-10-18,31.475,75.225,7.853043926179948e-05,0.1027926914755246,162.5
punjab_stubble_belt,2025-10-18,31.475,75.275,6.834076289207522e-05,0.0997226760720024,158.1
punjab_stubble_belt,2025-10-18,31.525,74.625,0.0003577296994266,0.1009060892448344,267.5
punjab_stubble_belt,2025-10-18,31.525,74.675,0.0003582011489356,0.100837253885749,267.7
punjab_stubble_belt,2025-10-18,31.525,74.725,0.000335205404794,0.0997102368172175,258.8
punjab_stubble_belt,2025-10-18,31.525,74.775,0.0002958307218388,0.0691770817567313,238.4
punjab_stubble_belt,2025-10-18,31.525,74.825,0.0001864360015435,0.0534012402647672,194.2
punjab_stubble_belt,2025-10-18,31.525,74.875,7.940513174739274e-05,0.058205046821241,154.7
punjab_stubble_belt,2025-10-18,31.525,74.925,0.0002385622875003,0.0907124232842966,220.7
punjab_stubble_belt,2025-10-18,31.525,74.975,0.000256412948835,0.0914363541748551,227.6
punjab_stubble_belt,2025-10-18,31.525,75.025,0.0002611547786244,0.0950341255698704,230.0
punjab_stubble_belt,2025-10-18,31.525,75.075,0.0002647376305319,0.0972860868234603,231.8
punjab_stubble_belt,2025-10-18,31.525,75.125,0.0002448163445408,0.0981341637642693,224.4
punjab_stubble_belt,2025-10-18,31.525,75.175,8.92153149268728e-05,0.1009274146165487,166.2
punjab_stubble_belt,2025-10-18,31.525,75.225,9.216038399535058e-05,0.0992743632085481,167.0
punjab_stubble_belt,2025-10-18,31.525,75.275,0.000182349642507,0.0985219384290262,200.9
punjab_stubble_belt,2025-10-18,31.525,75.3,0.0001660885410356,0.0979421455767871,194.7
punjab_stubble_belt,2025-10-18,31.575,74.625,0.0003615521116569,0.1001757041549462,268.8
punjab_stubble_belt,2025-10-18,31.575,74.675,0.0003616070217788,0.10017465796849,268.9
punjab_stubble_belt,2025-10-18,31.575,74.725,0.000304026409309,0.1015198011656972,247.4
punjab_stubble_belt,2025-10-18,31.575,74.775,0.0003135958158202,0.0678498221719788,244.8
punjab_stubble_belt,2025-10-18,31.575,74.825,0.0002609743264928,0.051176512779238,221.9
punjab_stubble_belt,2025-10-18,31.575,74.875,0.0001704015739242,0.0572290707544418,188.9
punjab_stubble_belt,2025-10-18,31.575,74.925,0.0001496855336248,0.0885560696353075,186.8
punjab_stubble_belt,2025-10-18,31.575,74.975,0.0002222320056512,0.0896780635976777,214.4
punjab_stubble_belt,2025-10-18,31.575,75.025,0.0001934071060152,0.0924713246940569,204.0
punjab_stubble_belt,2025-10-18,31.575,75.075,0.0002328814632436,0.0947502734501525,219.3
punjab_stubble_belt,2025-10-18,31.575,75.125,0.0003261695041608,0.0964215143432148,254.8
punjab_stubble_belt,2025-10-18,31.575,75.175,0.0002605538185278,0.0994489514732866,230.6
punjab_stubble_belt,2025-10-18,31.575,75.225,0.0001566726117075,0.0978941079992716,191.1
punjab_stubble_belt,2025-10-18,31.575,75.275,0.000182113999284,0.0968970994859349,200.5
punjab_stubble_belt,2025-10-18,31.575,75.3,0.0002206477791899,0.0968497822973859,215.1
punjab_stubble_belt,2025-10-18,31.625,74.625,0.0002911543234604,0.0954703713129821,241.4
punjab_stubble_belt,2025-10-18,31.625,74.675,0.0002887492210596,0.0954088556574076,240.5
punjab_stubble_belt,2025-10-18,31.625,74.725,0.0002490811057015,0.0910401973679931,224.7
punjab_stubble_belt,2025-10-18,31.625,74.775,0.000273873941051,0.0728844563924414,230.8
punjab_stubble_belt,2025-10-18,31.625,74.825,0.0002661497603073,0.06479362478307,226.4
punjab_stubble_belt,2025-10-18,31.625,74.875,0.0002238858662479,0.0692429801970418,211.2
punjab_stubble_belt,2025-10-18,31.625,74.925,0.0001674787145818,0.0865032229290304,193.1
punjab_stubble_belt,2025-10-18,31.625,74.975,0.0002250846724305,0.0872333363294134,215.0
punjab_stubble_belt,2025-10-18,31.625,75.025,0.000204743681707,0.0891950667352836,207.7
punjab_stubble_belt,2025-10-18,31.625,75.075,0.0002469369708238,0.0910483690066477,223.9
punjab_stubble_belt,2025-10-18,31.625,75.125,0.0003413255535844,0.0928584257136152,259.9
punjab_stubble_belt,2025-10-18,31.625,75.175,0.0003324714682692,0.0970411502116981,257.3
punjab_stubble_belt,2025-10-18,31.625,75.225,0.0002282873197198,0.0962788977176299,217.8
punjab_stubble_belt,2025-10-18,31.625,75.275,0.0002155988254928,0.0951628260821429,212.9
punjab_stubble_belt,2025-10-18,31.625,75.3,0.000225468039174,0.0942683585426202,216.4
punjab_stubble_belt,2025-10-18,31.675,74.625,0.0001789523502829,0.0894412482811037,198.0
punjab_stubble_belt,2025-10-18,31.675,74.675,0.0001728017913549,0.0892411393440428,195.6
punjab_stubble_belt,2025-10-18,31.675,74.725,0.0001801398581755,0.0766207774901157,196.1
punjab_stubble_belt,2025-10-18,31.675,74.775,0.0001943002147342,0.0792007006159182,201.9
punjab_stubble_belt,2025-10-18,31.675,74.825,0.0002121408497709,0.0822202386013945,209.2
punjab_stubble_belt,2025-10-18,31.675,74.875,0.0002293448974741,0.0840060339419889,216.0
punjab_stubble_belt,2025-10-18,31.675,74.925,0.0002324844838642,0.0837047478861636,217.1
punjab_stubble_belt,2025-10-18,31.675,74.975,0.0002315718832488,0.0836685574384326,216.8
punjab_stubble_belt,2025-10-18,31.675,75.025,0.0002593610681787,0.085248174927932,227.6
punjab_stubble_belt,2025-10-18,31.675,75.075,0.0002764226191342,0.0864996167275915,234.2
punjab_stubble_belt,2025-10-18,31.675,75.125,0.0002828496449511,0.087895985309273,236.9
punjab_stubble_belt,2025-10-18,31.675,75.175,0.0003049457706393,0.0935118872604658,246.3
punjab_stubble_belt,2025-10-18,31.675,75.225,0.0002942013873033,0.0937669360048785,242.3
punjab_stubble_belt,2025-10-18,31.675,75.275,0.0002800574657364,0.0931445659274238,236.8
punjab_stubble_belt,2025-10-18,31.675,75.3,0.0002906369813724,0.0919011985294569,240.6
punjab_stubble_belt,2025-10-18,31.725,74.625,0.0001184804258759,0.0954067224977673,176.2
punjab_stubble_belt,2025-10-18,31.725,74.675,0.0001111813421546,0.0944798985077597,173.3
punjab_stubble_belt,2025-10-18,31.725,74.725,9.3257191426483e-05,0.0922039233949955,166.1
punjab_stubble_belt,2025-10-18,31.725,74.775,0.0001416954302559,0.0802597489563495,182.2
punjab_stubble_belt,2025-10-18,31.725,74.825,0.0002054217521578,0.0747582444125741,205.3
punjab_stubble_belt,2025-10-18,31.725,74.875,0.000242961683018,0.0757921731326462,219.6
punjab_stubble_belt,2025-10-18,31.725,74.925,0.0001322263063729,0.0780361562108245,178.3
punjab_stubble_belt,2025-10-18,31.725,74.975,0.0001116712271614,0.078450149705961,170.6
punjab_stubble_belt,2025-10-18,31.725,75.025,0.0001807148888981,0.0806542298681375,197.0
punjab_stubble_belt,2025-10-18,31.725,75.075,0.0001698933366518,0.0823778197409455,193.3
punjab_stubble_belt,2025-10-18,31.725,75.125,0.0001107334980355,0.0837367270330227,171.2
punjab_stubble_belt,2025-10-18,31.725,75.175,0.0003183314512783,0.0879518005588162,250.3
punjab_stubble_belt,2025-10-18,31.725,75.225,0.0003446029758462,0.088094480394563,260.2
punjab_stubble_belt,2025-10-18,31.725,75.275,0.0003294836153463,0.0897088608298262,254.8
punjab_stubble_belt,2025-10-18,31.775,74.625,0.0004127680773181,0.0990562167955708,288.0
punjab_stubble_belt,2025-10-18,31.775,74.675,0.0001351262211252,0.0944513877107189,182.4
punjab_stubble_belt,2025-10-18,31.775,74.725,-0.0001800864617273,0.0890621955657681,62.4
punjab_stubble_belt,2025-10-18,31.775,74.775,-3.9643822998245725e-05,0.0763292405073082,113.1
punjab_stubble_belt,2025-10-18,31.775,74.825,0.0001269375817098,0.0704332663637578,174.9
punjab_stubble_belt,2025-10-18,31.775,74.875,0.0002393721975434,0.0713675344566745,217.5
punjab_stubble_belt,2025-10-18,31.775,74.925,0.0002027421895797,0.0752045217557527,204.4
punjab_stubble_belt,2025-10-18,31.775,74.975,0.0002219764334336,0.0760123368711012,211.8
punjab_stubble_belt,2025-10-18,31.775,75.025,0.0002261879068573,0.0785828290731968,213.8
punjab_stubble_belt,2025-10-18,31.775,75.075,0.000223982250208,0.0806336369896722,213.4
punjab_stubble_belt,2025-10-18,31.775,75.125,0.0002088330278931,0.0821393128344626,207.9
punjab_stubble_belt,2025-10-18,31.775,75.175,0.0001455197320447,0.0851657221176532,184.6
punjab_stubble_belt,2025-10-18,31.775,75.225,0.0001045132191603,0.0845310499108372,169.0
punjab_stubble_belt,2025-10-18,31.775,75.275,0.0001870334984794,0.0858630713492121,200.4
punjab_stubble_belt,2025-10-18,31.775,75.3,0.0002777962183739,0.0885646748458605,235.1
punjab_stubble_belt,2025-10-18,31.825,74.625,0.0004259687492414,0.1036567793243472,293.8
punjab_stubble_belt,2025-10-18,31.825,74.675,0.0002103376491908,0.0962913062814578,211.1
punjab_stubble_belt,2025-10-18,31.825,74.725,0.0002104847355791,0.0823495335256309,208.6
punjab_stubble_belt,2025-10-18,31.825,74.775,0.0002765584759135,0.0729031473811712,231.8
punjab_stubble_belt,2025-10-18,31.825,74.825,0.0002910484754392,0.0672185707717641,236.2
punjab_stubble_belt,2025-10-18,31.825,74.875,0.0002653088183072,0.0643508575096848,226.0
punjab_stubble_belt,2025-10-18,31.825,74.925,0.0002346318592168,0.0614507169545581,213.9
punjab_stubble_belt,2025-10-18,31.825,74.975,0.0001577332985466,0.0657297030068675,185.6
punjab_stubble_belt,2025-10-18,31.825,75.025,0.00015776707205,0.0688226488173317,186.2
punjab_stubble_belt,2025-10-18,31.825,75.075,0.0001516171300061,0.0736147803618574,184.8
punjab_stubble_belt,2025-10-18,31.825,75.125,0.0001264884227507,0.0795008229900946,176.4
punjab_stubble_belt,2025-10-18,31.825,75.175,8.803427262057087e-05,0.0828988788904945,162.5
punjab_stubble_belt,2025-10-18,31.825,75.225,7.478710406260261e-05,0.0836926435379675,157.6
punjab_stubble_belt,2025-10-18,31.825,75.275,0.0001381943529815,0.0831007451550801,181.4
punjab_stubble_belt,2025-10-18,31.825,75.3,0.0001934464102403,0.0834265449812259,202.3
punjab_stubble_belt,2025-10-18,31.875,74.625,0.000397314958409,0.1055940484701443,283.3
punjab_stubble_belt,2025-10-18,31.875,74.675,0.0001797216079368,0.0968634738625212,199.6
punjab_stubble_belt,2025-10-18,31.875,74.725,0.0004306700916048,0.0796826443800551,291.2
punjab_stubble_belt,2025-10-18,31.875,74.775,0.0004737315928048,0.0723614366883613,306.1
punjab_stubble_belt,2025-10-18,31.875,74.825,0.0004290155274838,0.0655135347640896,288.0
punjab_stubble_belt,2025-10-18,31.875,74.875,0.0003276449962548,0.058336219903037,248.4
punjab_stubble_belt,2025-10-18,31.875,74.925,0.0002223627517258,0.0498646994549836,207.1
punjab_stubble_belt,2025-10-18,31.875,74.975,0.0001002750483024,0.0564161920382136,162.3
punjab_stubble_belt,2025-10-18,31.875,75.025,0.0001162193945622,0.0600512773343377,168.9
punjab_stubble_belt,2025-10-18,31.875,75.075,0.0001138133631094,0.0679128374621383,169.5
punjab_stubble_belt,2025-10-18,31.875,75.125,8.291717934175422e-05,0.0786542961381127,159.8
punjab_stubble_belt,2025-10-18,31.875,75.175,8.93529781511737e-05,0.0822323427292677,162.8
punjab_stubble_belt,2025-10-18,31.875,75.225,0.0001177237588816,0.0838788695329819,173.9
punjab_stubble_belt,2025-10-18,31.875,75.275,0.0001336500357505,0.0821108885238972,179.5
punjab_stubble_belt,2025-10-18,31.875,75.3,0.0001391040730584,0.0808489519660665,181.4
punjab_stubble_belt,2025-10-19,31.325,74.625,0.0002228853736057,0.0116493452294975,200.3
punjab_stubble_belt,2025-10-19,31.325,74.675,0.0002087793059956,0.0211000463245043,196.7
punjab_stubble_belt,2025-10-19,31.325,74.725,0.0003790168740492,0.0341151905779357,263.4
punjab_stubble_belt,2025-10-19,31.325,74.775,0.0002308890258776,0.0313298705526018,207.0
punjab_stubble_belt,2025-10-19,31.325,74.825,0.0001888740584104,0.0252145785937354,190.0
punjab_stubble_belt,2025-10-19,31.325,74.875,0.0002523143838257,0.0233544098923971,213.6
punjab_stubble_belt,2025-10-19,31.325,74.925,0.0003005243104584,0.049922226456406,236.6
punjab_stubble_belt,2025-10-19,31.325,74.975,0.0001670546941787,0.0555784460259714,187.3
punjab_stubble_belt,2025-10-19,31.325,75.025,0.0002216658881645,0.0662658513391532,209.9
punjab_stubble_belt,2025-10-19,31.325,75.075,0.0002232717347492,0.0712450031411471,211.4
punjab_stubble_belt,2025-10-19,31.325,75.125,0.0001700119227474,0.0639949334378111,190.0
punjab_stubble_belt,2025-10-19,31.325,75.175,0.0002527769186865,0.016952847258555,212.6
punjab_stubble_belt,2025-10-19,31.325,75.225,0.0002479954104141,0.0022190818027978,208.1
punjab_stubble_belt,2025-10-19,31.325,75.275,0.0001711845305942,0.0,178.7
punjab_stubble_belt,2025-10-19,31.325,75.3,0.000150525019892,0.0,170.9
punjab_stubble_belt,2025-10-19,31.375,74.625,0.000235011121582,0.0038370033530927,203.5
punjab_stubble_belt,2025-10-19,31.375,74.675,0.0002037404487991,0.0086674705644383,192.6
punjab_stubble_belt,2025-10-19,31.375,74.725,0.0002599084356592,0.0156634520247019,215.1
punjab_stubble_belt,2025-10-19,31.375,74.775,6.326334482387023e-05,0.0142709614468229,140.6
punjab_stubble_belt,2025-10-19,31.375,74.825,0.0001034854315491,0.01063253239212,155.1
punjab_stubble_belt,2025-10-19,31.375,74.875,0.0002991983988342,0.0095234864461857,228.8
punjab_stubble_belt,2025-10-19,31.375,74.925,0.0002421026268831,0.0268807162624018,210.4
punjab_stubble_belt,2025-10-19,31.375,74.975,0.0001065008660115,0.0304027723221289,159.8
punjab_stubble_belt,2025-10-19,31.375,75.025,0.0002105892819084,0.0427522084739315,201.4
punjab_stubble_belt,2025-10-19,31.375,75.075,0.0002443094518602,0.0487370678461933,215.2
punjab_stubble_belt,2025-10-19,31.375,75.125,0.0001816226936031,0.043299989356289,190.6
punjab_stubble_belt,2025-10-19,31.375,75.175,0.0001565998818389,0.008187633211894,174.7
punjab_stubble_belt,2025-10-19,31.375,75.225,0.0001511691631205,0.0010932631759789,171.4
punjab_stubble_belt,2025-10-19,31.375,75.275,8.521188990293045e-05,0.0,146.3
punjab_stubble_belt,2025-10-19,31.375,75.3,3.731839374145057e-05,0.0,128.2
punjab_stubble_belt,2025-10-19,31.425,74.625,0.0002500787496537,0.0,208.5
punjab_stubble_belt,2025-10-19,31.425,74.675,0.0002186850626358,0.0,196.6
punjab_stubble_belt,2025-10-19,31.425,74.725,0.0001349488802457,0.0,165.0
punjab_stubble_belt,2025-10-19,31.425,74.775,-6.048600102211631e-05,0.0,91.3
punjab_stubble_belt,2025-10-19,31.425,74.825,4.330824873479096e-05,0.0,130.4
punjab_stubble_belt,2025-10-19,31.425,74.875,0.0003244151763655,0.0,236.5
punjab_stubble_belt,2025-10-19,31.425,74.925,0.0002836327546081,0.0,221.1
punjab_stubble_belt,2025-10-19,31.425,74.975,0.0001286942783401,0.0019105713718336,163.0
punjab_stubble_belt,2025-10-19,31.425,75.025,0.0002764933228092,0.0135510300822727,220.9
punjab_stubble_belt,2025-10-19,31.425,75.075,0.0003188079426129,0.0195973418597499,238.0
punjab_stubble_belt,2025-10-19,31.425,75.125,0.0002102753279448,0.0167269489602815,196.5
punjab_stubble_belt,2025-10-19,31.425,75.175,4.550780409087115e-05,3.219852836680388e-06,131.3
punjab_stubble_belt,2025-10-19,31.425,75.225,5.973924750964388e-05,4.418150341240419e-07,136.6
punjab_stubble_belt,2025-10-19,31.425,75.275,2.6377177057399492e-05,0.0,124.1
punjab_stubble_belt,2025-10-19,31.425,75.3,1.24194317780604e-05,0.0,118.8
punjab_stubble_belt,2025-10-19,31.475,74.625,0.0002331939095205,0.0,202.1
punjab_stubble_belt,2025-10-19,31.475,74.675,0.0002658418976377,0.0,214.4
punjab_stubble_belt,2025-10-19,31.475,74.725,0.0001320648398532,0.0,163.9
punjab_stubble_belt,2025-10-19,31.475,74.775,0.0001232077014202,0.0,160.6
punjab_stubble_belt,2025-10-19,31.475,74.825,0.0002232234686132,0.0,198.3
punjab_stubble_belt,2025-10-19,31.475,74.875,0.000355535459325,0.0,248.3
punjab_stubble_belt,2025-10-19,31.475,74.925,0.0002757623420153,0.0,218.2
punjab_stubble_belt,2025-10-19,31.475,74.975,6.270982728089927e-05,0.0,137.8
punjab_stubble_belt,2025-10-19,31.475,75.025,0.0002058098361764,0.0,191.8
punjab_stubble_belt,2025-10-19,31.475,75.075,0.0002719259922441,0.0,216.7
punjab_stubble_belt,2025-10-19,31.475,75.125,0.000186534902918,0.0,184.5
punjab_stubble_belt,2025-10-19,31.475,75.175,-6.294352867106646e-05,0.0,90.3
punjab_stubble_belt,2025-10-19,31.475,75.225,9.284299722499116e-05,0.0,149.1
punjab_stubble_belt,2025-10-19,31.475,75.275,6.275931120059931e-05,0.0,137.8
punjab_stubble_belt,2025-10-19,31.525,74.625,0.0001487088190771,0.0,170.2
punjab_stubble_belt,2025-10-19,31.525,74.675,0.0002768457725798,0.0,218.6
punjab_stubble_belt,2025-10-19,31.525,74.725,0.0002632180367048,0.0,213.4
punjab_stubble_belt,2025-10-19,31.525,74.775,0.0002313946476102,0.0,201.4
punjab_stubble_belt,2025-10-19,31.525,74.825,0.0002323439064459,0.0,201.8
punjab_stubble_belt,2025-10-19,31.525,74.875,0.0002374582247959,0.0,203.7
punjab_stubble_belt,2025-10-19,31.525,74.925,0.0001334037250792,0.0,164.4
punjab_stubble_belt,2025-10-19,31.525,74.975,0.0002484276353995,0.0,207.9
punjab_stubble_belt,2025-10-19,31.525,75.025,0.0001742392344018,0.0020311375720452,180.2
punjab_stubble_belt,2025-10-19,31.525,75.075,9.862281183818978e-05,0.0065910550839322,152.5
punjab_stubble_belt,2025-10-19,31.525,75.125,6.35882317626331e-05,0.0142746763518297,140.7
punjab_stubble_belt,2025-10-19,31.525,75.175,6.89838770156603e-05,0.0309839824720439,145.8
punjab_stubble_belt,2025-10-19,31.525,75.225,0.0001338380414685,0.023013393741412,168.8
punjab_stubble_belt,2025-10-19,31.525,75.275,0.0002112875285917,0.0086124526028015,195.4
punjab_stubble_belt,2025-10-19,31.525,75.3,0.0001507907517678,0.0,171.0
punjab_stubble_belt,2025-10-19,31.575,74.625,0.0001456722539089,0.0,169.1
punjab_stubble_belt,2025-10-19,31.575,74.675,0.000252584436088,0.0,209.4
punjab_stubble_belt,2025-10-19,31.575,74.725,0.000261603192758,0.0,212.8
punjab_stubble_belt,2025-10-19,31.575,74.775,0.0002851319548556,0.0,221.7
punjab_stubble_belt,2025-10-19,31.575,74.825,0.0002507642273934,0.0,208.7
punjab_stubble_belt,2025-10-19,31.575,74.875,0.0001799910482877,0.0,182.0
punjab_stubble_belt,2025-10-19,31.575,74.925,0.0001598479569764,0.0,174.4
punjab_stubble_belt,2025-10-19,31.575,74.975,0.0003442729728947,0.0,244.0
punjab_stubble_belt,2025-10-19,31.575,75.025,0.0002447776109376,0.0012648089234435,206.7
punjab_stubble_belt,2025-10-19,31.575,75.075,0.0001379773485075,0.0038530684992023,166.9
punjab_stubble_belt,2025-10-19,31.575,75.125,8.432761047043966e-05,0.0087407756292625,147.5
punjab_stubble_belt,2025-10-19,31.575,75.175,0.0001643200297392,0.0225641038454226,180.2
punjab_stubble_belt,2025-10-19,31.575,75.225,0.0001774916039554,0.0190538961621421,184.6
punjab_stubble_belt,2025-10-19,31.575,75.275,0.0002548509766286,0.0073400581328118,211.6
punjab_stubble_belt,2025-10-19,31.575,75.3,0.0002969817048179,0.0,226.2
punjab_stubble_belt,2025-10-19,31.625,74.625,0.0001983413839752,0.0,189.0
punjab_stubble_belt,2025-10-19,31.625,74.675,0.000322004100308,0.0,235.6
punjab_stubble_belt,2025-10-19,31.625,74.725,0.0002288405070245,0.0,200.5
punjab_stubble_belt,2025-10-19,31.625,74.775,0.0002621301289447,0.0,213.0
punjab_stubble_belt,2025-10-19,31.625,74.825,0.0002470353737734,0.0,207.3
punjab_stubble_belt,2025-10-19,31.625,74.875,0.0002046021385171,0.0,191.3
punjab_stubble_belt,2025-10-19,31.625,74.925,0.000268301966419,0.0,215.4
punjab_stubble_belt,2025-10-19,31.625,74.975,0.0003635882826321,0.0,251.3
punjab_stubble_belt,2025-10-19,31.625,75.025,0.0002456320893966,0.000467772478293,206.9
punjab_stubble_belt,2025-10-19,31.625,75.075,0.0001539821803871,0.0013432403866251,172.5
punjab_stubble_belt,2025-10-19,31.625,75.125,0.0001280403511507,0.0032538505322041,163.0
punjab_stubble_belt,2025-10-19,31.625,75.175,0.0001261235272909,0.0101697281734836,163.6
punjab_stubble_belt,2025-10-19,31.625,75.225,0.0001553477588332,0.0096418566942117,174.5
punjab_stubble_belt,2025-10-19,31.625,75.275,0.0002442349283696,0.0038259970105498,207.0
punjab_stubble_belt,2025-10-19,31.625,75.3,0.0002959790032355,0.0,225.8
punjab_stubble_belt,2025-10-19,31.675,74.625,0.0002738414885658,0.0,217.4
punjab_stubble_belt,2025-10-19,31.675,74.675,0.0004209298642676,0.0,273.0
punjab_stubble_belt,2025-10-19,31.675,74.725,0.0001844243497447,0.0,183.7
punjab_stubble_belt,2025-10-19,31.675,74.775,0.0001893287323292,0.0,185.6
punjab_stubble_belt,2025-10-19,31.675,74.825,0.0002253566234009,0.0,199.2
punjab_stubble_belt,2025-10-19,31.675,74.875,0.0002767573281138,0.0,218.5
punjab_stubble_belt,2025-10-19,31.675,74.925,0.0003625599245884,0.0,250.9
punjab_stubble_belt,2025-10-19,31.675,74.975,0.0003397172852322,0.0,242.3
punjab_stubble_belt,2025-10-19,31.675,75.025,0.0002014657933244,0.0,190.1
punjab_stubble_belt,2025-10-19,31.675,75.075,0.0001439597258407,0.0,168.4
punjab_stubble_belt,2025-10-19,31.675,75.125,0.0001578042469282,0.0,173.7
punjab_stubble_belt,2025-10-19,31.675,75.175,2.4211819817059656e-05,0.0,123.2
punjab_stubble_belt,2025-10-19,31.675,75.225,0.0001234327890796,0.0,160.7
punjab_stubble_belt,2025-10-19,31.675,75.275,0.0002261745741223,0.0,199.5
punjab_stubble_belt,2025-10-19,31.675,75.3,0.0003070351680182,0.0,230.0
punjab_stubble_belt,2025-10-19,31.725,74.625,0.0002760538657027,0.0,218.3
punjab_stubble_belt,2025-10-19,31.725,74.675,0.0002933726002529,0.0,224.8
punjab_stubble_belt,2025-10-19,31.725,74.725,0.0001626168345209,0.0,175.5
punjab_stubble_belt,2025-10-19,31.725,74.775,0.0001533598113221,0.0,172.0
punjab_stubble_belt,2025-10-19,31.725,74.825,0.0002073757129206,0.0,192.4
punjab_stubble_belt,2025-10-19,31.725,74.875,0.0002655364866453,0.0,214.3
punjab_stubble_belt,2025-10-19,31.725,74.925,0.0001475610383814,0.0,169.8
punjab_stubble_belt,2025-10-19,31.725,74.975,0.0003640027417572,0.0,251.5
punjab_stubble_belt,2025-10-19,31.725,75.025,0.0002697466411378,0.0,215.9
punjab_stubble_belt,2025-10-19,31.725,75.075,0.0001614372638193,0.0,175.0
punjab_stubble_belt,2025-10-19,31.725,75.125,9.9785923860184e-05,0.0,151.8
punjab_stubble_belt,2025-10-19,31.725,75.175,0.0001249189905936,0.0,161.2
punjab_stubble_belt,2025-10-19,31.725,75.225,0.0003039395085747,0.0,228.8
punjab_stubble_belt,2025-10-19,31.725,75.275,0.0003376131386862,0.0,241.5
punjab_stubble_belt,2025-10-19,31.775,74.625,0.0001486128826686,0.0,170.2
punjab_stubble_belt,2025-10-19,31.775,74.675,0.0001763518251415,0.0,180.7
punjab_stubble_belt,2025-10-19,31.775,74.725,0.0001162391492936,0.0,158.0
punjab_stubble_belt,2025-10-19,31.775,74.775,0.0001419580593223,0.0,167.7
punjab_stubble_belt,2025-10-19,31.775,74.825,0.0001181814901778,0.0,158.7
punjab_stubble_belt,2025-10-19,31.775,74.875,8.995438092831095e-05,0.0,148.1
punjab_stubble_belt,2025-10-19,31.775,74.925,0.0002669608835875,0.0,214.9
punjab_stubble_belt,2025-10-19,31.775,74.975,0.0004905896408802,0.0,299.2
punjab_stubble_belt,2025-10-19,31.775,75.025,0.0004369713614968,0.0,279.0
punjab_stubble_belt,2025-10-19,31.775,75.075,0.0003847526754431,0.0,259.3
punjab_stubble_belt,2025-10-19,31.775,75.125,0.0003573861971346,0.0,249.0
punjab_stubble_belt,2025-10-19,31.775,75.175,0.0002793212552128,0.0,219.5
punjab_stubble_belt,2025-10-19,31.775,75.225,0.0004141198036236,0.0,270.4
punjab_stubble_belt,2025-10-19,31.775,75.275,0.0003955869023507,0.0,263.4
punjab_stubble_belt,2025-10-19,31.775,75.3,0.0003566723803024,0.0,248.7
punjab_stubble_belt,2025-10-19,31.825,74.625,8.591072911851926e-05,0.0,146.5
punjab_stubble_belt,2025-10-19,31.825,74.675,0.0002061579655411,0.0,191.9
punjab_stubble_belt,2025-10-19,31.825,74.725,0.0001575754831058,0.0,173.6
punjab_stubble_belt,2025-10-19,31.825,74.775,0.0001110087211168,0.0,156.0
punjab_stubble_belt,2025-10-19,31.825,74.825,0.0001316342358291,0.0,163.8
punjab_stubble_belt,2025-10-19,31.825,74.875,0.00020464559958,0.0,191.3
punjab_stubble_belt,2025-10-19,31.825,74.925,0.0002703562676985,0.0,216.1
punjab_stubble_belt,2025-10-19,31.825,74.975,0.000404453803939,0.0,266.7
punjab_stubble_belt,2025-10-19,31.825,75.025,0.0002620460883522,0.0,213.0
punjab_stubble_belt,2025-10-19,31.825,75.075,0.0001925643329439,0.0,186.8
punjab_stubble_belt,2025-10-19,31.825,75.125,0.0002195510653066,0.0,197.0
punjab_stubble_belt,2025-10-19,31.825,75.175,0.0001739552648752,0.0,179.8
punjab_stubble_belt,2025-10-19,31.825,75.225,0.0002426580117632,0.0,205.7
punjab_stubble_belt,2025-10-19,31.825,75.275,0.0002412558164084,0.0,205.2
punjab_stubble_belt,2025-10-19,31.825,75.3,0.0002630684615681,0.0,213.4
punjab_stubble_belt,2025-10-19,31.875,74.625,0.0001553464573218,0.0,172.7
punjab_stubble_belt,2025-10-19,31.875,74.675,0.0002296369230221,0.0,200.8
punjab_stubble_belt,2025-10-19,31.875,74.725,0.0001828646675561,0.0,183.1
punjab_stubble_belt,2025-10-19,31.875,74.775,8.194084315932242e-05,0.0,145.0
punjab_stubble_belt,2025-10-19,31.875,74.825,0.0001354144193239,0.0,165.2
punjab_stubble_belt,2025-10-19,31.875,74.875,0.0002787921931127,0.0,219.3
punjab_stubble_belt,2025-10-19,31.875,74.925,0.0002469078849866,0.0,207.3
punjab_stubble_belt,2025-10-19,31.875,74.975,0.0002918281135259,0.0,224.2
punjab_stubble_belt,2025-10-19,31.875,75.025,0.0001165853497876,0.0,158.1
punjab_stubble_belt,2025-10-19,31.875,75.075,4.573652061169594e-05,0.0,131.4
punjab_stubble_belt,2025-10-19,31.875,75.125,0.0001041751337322,0.0,153.4
punjab_stubble_belt,2025-10-19,31.875,75.175,0.0001572485141148,0.0,173.4
punjab_stubble_belt,2025-10-19,31.875,75.225,0.0001562579443415,0.0,173.1
punjab_stubble_belt,2025-10-19,31.875,75.275,0.0001719790194952,0.0,179.0
punjab_stubble_belt,2025-10-19,31.875,75.3,0.000191986714244,0.0,186.6
punjab_stubble_belt,2025-10-20,31.325,74.625,0.0003575411733113,0.0,249.0
punjab_stubble_belt,2025-10-20,31.325,74.675,0.0002479557872716,0.0,207.7
punjab_stubble_belt,2025-10-20,31.325,74.725,1.4931596318186448e-06,0.0,114.7
punjab_stubble_belt,2025-10-20,31.325,74.775,0.0001362898215611,0.0,165.5
punjab_stubble_belt,2025-10-20,31.325,74.825,0.0002387479861941,0.0,204.2
punjab_stubble_belt,2025-10-20,31.325,74.875,0.0002630431865612,0.0,213.4
punjab_stubble_belt,2025-10-20,31.325,74.925,0.0001840984879095,0.0,183.6
punjab_stubble_belt,2025-10-20,31.325,74.975,0.0003009564156172,0.0,227.7
punjab_stubble_belt,2025-10-20,31.325,75.025,0.0003318190048757,0.0,239.3
punjab_stubble_belt,2025-10-20,31.325,75.075,0.0002898617629824,0.0,223.5
punjab_stubble_belt,2025-10-20,31.325,75.125,0.0002024466329006,0.0,190.5
punjab_stubble_belt,2025-10-20,31.325,75.175,0.0001958937322149,0.0,188.0
punjab_stubble_belt,2025-10-20,31.325,75.225,0.0002646790565241,0.0,214.0
punjab_stubble_belt,2025-10-20,31.325,75.275,0.0002608071987055,0.0,212.5
punjab_stubble_belt,2025-10-20,31.325,75.3,0.0002374053822868,0.0,203.7
punjab_stubble_belt,2025-10-20,31.375,74.625,0.0003216126178909,0.0,235.5
punjab_stubble_belt,2025-10-20,31.375,74.675,0.0002724814847502,0.0,216.9
punjab_stubble_belt,2025-10-20,31.375,74.725,5.885726211363317e-06,0.0,116.3
punjab_stubble_belt,2025-10-20,31.375,74.775,0.0001464976884448,0.0,169.4
punjab_stubble_belt,2025-10-20,31.375,74.825,0.0002355159698648,0.0,203.0
punjab_stubble_belt,2025-10-20,31.375,74.875,0.0002457967645633,0.0,206.9
punjab_stubble_belt,2025-10-20,31.375,74.925,0.0002426465021461,0.0,205.7
punjab_stubble_belt,2025-10-20,31.375,74.975,0.0002655616294959,0.0,214.3
punjab_stubble_belt,2025-10-20,31.375,75.025,0.0002996774738141,0.0,227.2
punjab_stubble_belt,2025-10-20,31.375,75.075,0.0002934939793484,0.0,224.9
punjab_stubble_belt,2025-10-20,31.375,75.125,0.0002489519764479,0.0,208.1
punjab_stubble_belt,2025-10-20,31.375,75.175,0.0002118214501702,0.0,194.0
punjab_stubble_belt,2025-10-20,31.375,75.225,0.0002141290065206,0.0,194.9
punjab_stubble_belt,2025-10-20,31.375,75.275,0.0002812802407178,0.0,220.3
punjab_stubble_belt,2025-10-20,31.375,75.3,0.0003335296705482,0.0,240.0
punjab_stubble_belt,2025-10-20,31.425,74.625,0.0002307651107005,0.0,201.2
punjab_stubble_belt,2025-10-20,31.425,74.675,0.0002425894962249,0.0,205.7
punjab_stubble_belt,2025-10-20,31.425,74.725,2.054892317689302e-05,0.0,121.9
punjab_stubble_belt,2025-10-20,31.425,74.775,0.0001985987224963,0.0,189.1
punjab_stubble_belt,2025-10-20,31.425,74.825,0.0002482138098148,0.0,207.8
punjab_stubble_belt,2025-10-20,31.425,74.875,0.000207129107879,0.0,192.3
punjab_stubble_belt,2025-10-20,31.425,74.925,0.0003803257194024,0.0,257.6
punjab_stubble_belt,2025-10-20,31.425,74.975,0.0002995749212022,0.0,227.2
punjab_stubble_belt,2025-10-20,31.425,75.025,0.0002704714460528,0.0,216.2
punjab_stubble_belt,2025-10-20,31.425,75.075,0.0002809861466078,0.0,220.1
punjab_stubble_belt,2025-10-20,31.425,75.125,0.0003056369001157,0.0,229.4
punjab_stubble_belt,2025-10-20,31.425,75.175,0.0002080651684027,0.0,192.6
punjab_stubble_belt,2025-10-20,31.425,75.225,0.0001658009442467,0.0,176.7
punjab_stubble_belt,2025-10-20,31.425,75.275,0.0002530121386469,0.0,209.6
punjab_stubble_belt,2025-10-20,31.425,75.3,0.0001664385626479,0.0,176.9
punjab_stubble_belt,2025-10-20,31.475,74.625,0.000252933174067,0.0,209.6
punjab_stubble_belt,2025-10-20,31.475,74.675,0.0002536965312288,0.0,209.8
punjab_stubble_belt,2025-10-20,31.475,74.725,0.0001451403644905,0.0,168.9
punjab_stubble_belt,2025-10-20,31.475,74.775,0.0003468041817095,0.0,245.0
punjab_stubble_belt,2025-10-20,31.475,74.825,0.0003659017181959,0.0,252.2
punjab_stubble_belt,2025-10-20,31.475,74.875,0.0002714279758433,0.0,216.5
punjab_stubble_belt,2025-10-20,31.475,74.925,0.0004663673699995,0.0,290.1
punjab_stubble_belt,2025-10-20,31.475,74.975,0.0002910578867202,0.0,223.9
punjab_stubble_belt,2025-10-20,31.475,75.025,0.0002574632489169,0.0,211.3
punjab_stubble_belt,2025-10-20,31.475,75.075,0.0002897261957077,0.0,223.4
punjab_stubble_belt,2025-10-20,31.475,75.125,0.0003423608422086,0.0,243.3
punjab_stubble_belt,2025-10-20,31.475,75.175,0.0002409306636312,0.0,205.0
punjab_stubble_belt,2025-10-20,31.475,75.225,0.0001787858294865,0.0,181.6
punjab_stubble_belt,2025-10-20,31.475,75.275,3.052388147062356e-05,0.0,125.6
punjab_stubble_belt,2025-10-20,31.525,74.625,0.0003411494732362,0.0,242.8
punjab_stubble_belt,2025-10-20,31.525,74.675,0.0002230723656194,0.0,198.3
punjab_stubble_belt,2025-10-20,31.525,74.725,0.0002399186784756,0.0,204.6
punjab_stubble_belt,2025-10-20,31.525,74.775,0.0001703824485221,0.0,178.4
punjab_stubble_belt,2025-10-20,31.525,74.825,0.0001714897438994,0.0,178.8
punjab_stubble_belt,2025-10-20,31.525,74.875,0.0002431501233393,0.0,205.9
punjab_stubble_belt,2025-10-20,31.525,74.925,0.0003486254426908,0.0,245.7
punjab_stubble_belt,2025-10-20,31.525,74.975,0.0003341537214909,0.0,240.2
punjab_stubble_belt,2025-10-20,31.525,75.025,0.0002711226555962,0.0,216.4
punjab_stubble_belt,2025-10-20,31.525,75.075,0.0002887231612939,0.0,223.1
punjab_stubble_belt,2025-10-20,31.525,75.125,0.0003713486137683,0.0,254.2
punjab_stubble_belt,2025-10-20,31.525,75.175,0.0003260634504923,0.0,237.2
punjab_stubble_belt,2025-10-20,31.525,75.225,0.0002139158822939,0.0,194.8
punjab_stubble_belt,2025-10-20,31.525,75.275,0.0001725586665264,0.0,179.2
punjab_stubble_belt,2025-10-20,31.525,75.3,5.651423496248109e-05,0.0,135.4
punjab_stubble_belt,2025-10-20,31.575,74.625,0.0003494587786433,0.0,246.0
punjab_stubble_belt,2025-10-20,31.575,74.675,0.0002088895929277,0.0,192.9
punjab_stubble_belt,2025-10-20,31.575,74.725,0.0002293714385815,0.0,200.7
punjab_stubble_belt,2025-10-20,31.575,74.775,0.0001390910677203,0.0,166.6
punjab_stubble_belt,2025-10-20,31.575,74.825,0.0002097170755914,0.0,193.2
punjab_stubble_belt,2025-10-20,31.575,74.875,0.0003801523893285,0.0,257.6
punjab_stubble_belt,2025-10-20,31.575,74.925,0.0003733653931032,0.0,255.0
punjab_stubble_belt,2025-10-20,31.575,74.975,0.0004196113392917,0.0,272.5
punjab_stubble_belt,2025-10-20,31.575,75.025,0.0003119957240853,0.0,231.8
punjab_stubble_belt,2025-10-20,31.575,75.075,0.0002261390141876,0.0,199.4
punjab_stubble_belt,2025-10-20,31.575,75.125,0.0002017625803154,0.0,190.2
punjab_stubble_belt,2025-10-20,31.575,75.175,0.0002885104389481,0.0,223.0
punjab_stubble_belt,2025-10-20,31.575,75.225,0.0002190037731309,0.0,196.8
punjab_stubble_belt,2025-10-20,31.575,75.275,0.0002276924989745,0.0,200.0
punjab_stubble_belt,2025-10-20,31.575,75.3,0.0002237007257425,0.0,198.5
punjab_stubble_belt,2025-10-20,31.625,74.625,0.0002861642808168,0.0,222.1
punjab_stubble_belt,2025-10-20,31.625,74.675,0.0001585438116649,0.0,173.9
punjab_stubble_belt,2025-10-20,31.625,74.725,0.0001393642260816,0.0,166.7
punjab_stubble_belt,2025-10-20,31.625,74.775,0.0001437911473864,0.0,168.4
punjab_stubble_belt,2025-10-20,31.625,74.825,0.0002373499167346,0.0,203.7
punjab_stubble_belt,2025-10-20,31.625,74.875,0.0003584725044353,0.0,249.4
punjab_stubble_belt,2025-10-20,31.625,74.925,0.0002890663629346,0.0,223.2
punjab_stubble_belt,2025-10-20,31.625,74.975,0.0003935905142639,0.0,262.6
punjab_stubble_belt,2025-10-20,31.625,75.025,0.0003236740824225,0.0,236.3
punjab_stubble_belt,2025-10-20,31.625,75.075,0.0002502748392206,0.0,208.6
punjab_stubble_belt,2025-10-20,31.625,75.125,0.0002242265758689,0.0,198.7
punjab_stubble_belt,2025-10-20,31.625,75.175,0.0003465728514271,0.0,244.9
punjab_stubble_belt,2025-10-20,31.625,75.225,0.0002976530653843,0.0,226.4
punjab_stubble_belt,2025-10-20,31.625,75.275,0.0002292473556372,0.0,200.6
punjab_stubble_belt,2025-10-20,31.625,75.3,0.0001693616216676,0.0,178.0
punjab_stubble_belt,2025-10-20,31.675,74.625,0.0001619714927092,0.0,175.2
punjab_stubble_belt,2025-10-20,31.675,74.675,0.0001056858134079,0.0,154.0
punjab_stubble_belt,2025-10-20,31.675,74.725,6.202669163669874e-05,0.0,137.5
punjab_stubble_belt,2025-10-20,31.675,74.775,0.0001500398093604,0.0,170.7
punjab_stubble_belt,2025-10-20,31.675,74.825,0.0002185404626023,0.0,196.6
punjab_stubble_belt,2025-10-20,31.675,74.875,0.0002376749957267,0.0,203.8
punjab_stubble_belt,2025-10-20,31.675,74.925,0.0001364754495667,0.0,165.6
punjab_stubble_belt,2025-10-20,31.675,74.975,0.0003094564974969,0.0,230.9
punjab_stubble_belt,2025-10-20,31.675,75.025,0.0003123931312315,0.0,232.0
punjab_stubble_belt,2025-10-20,31.675,75.075,0.0003212440749835,0.0,235.3
punjab_stubble_belt,2025-10-20,31.675,75.125,0.0003604930111497,0.0,250.1
punjab_stubble_belt,2025-10-20,31.675,75.175,0.000423180043682,0.0,273.8
punjab_stubble_belt,2025-10-20,31.675,75.225,0.000393728893464,0.0,262.7
punjab_stubble_belt,2025-10-20,31.675,75.275,0.0002011343199417,0.0,190.0
punjab_stubble_belt,2025-10-20,31.675,75.3,0.0001143166400867,0.0,157.2
punjab_stubble_belt,2025-10-20,31.725,74.625,-1.5406190574483455e-05,0.0,108.3
punjab_stubble_belt,2025-10-20,31.725,74.675,0.0001785577036393,0.0,181.5
punjab_stubble_belt,2025-10-20,31.725,74.725,0.0003025930300735,0.0,228.3
punjab_stubble_belt,2025-10-20,31.725,74.775,6.516791568809197e-05,0.0,138.7
punjab_stubble_belt,2025-10-20,31.725,74.825,0.0001106210186814,0.0,155.9
punjab_stubble_belt,2025-10-20,31.725,74.875,0.0003263271834674,0.0,237.3
punjab_stubble_belt,2025-10-20,31.725,74.925,0.0001217506482945,0.0,160.1
punjab_stubble_belt,2025-10-20,31.725,74.975,0.0003782708029902,0.0,256.9
punjab_stubble_belt,2025-10-20,31.725,75.025,0.0003275404445849,0.0,237.7
punjab_stubble_belt,2025-10-20,31.725,75.075,0.0002569736065399,0.0,211.1
punjab_stubble_belt,2025-10-20,31.725,75.125,0.0002132807063695,0.0,194.6
punjab_stubble_belt,2025-10-20,31.725,75.175,0.000182016613654,0.0,182.8
punjab_stubble_belt,2025-10-20,31.725,75.225,0.0002941120155269,0.0,225.1
punjab_stubble_belt,2025-10-20,31.725,75.275,0.0002224573879004,0.0,198.1
punjab_stubble_belt,2025-10-20,31.775,74.625,8.335538068575453e-05,0.0,145.6
punjab_stubble_belt,2025-10-20,31.775,74.675,8.768188443866342e-05,0.0,147.2
punjab_stubble_belt,2025-10-20,31.775,74.725,0.0002601150508139,0.0,212.3
punjab_stubble_belt,2025-10-20,31.775,74.775,0.0002382704207243,0.0,204.0
punjab_stubble_belt,2025-10-20,31.775,74.825,0.000287980489085,0.0,222.8
punjab_stubble_belt,2025-10-20,31.775,74.875,0.0003534624633287,0.0,247.5
punjab_stubble_belt,2025-10-20,31.775,74.925,0.0001525607398313,0.0,171.7
punjab_stubble_belt,2025-10-20,31.775,74.975,0.0002828932450466,0.0,220.9
punjab_stubble_belt,2025-10-20,31.775,75.025,6.902376293426824e-05,0.0,140.2
punjab_stubble_belt,2025-10-20,31.775,75.075,-4.967275827164364e-05,0.0,95.4
punjab_stubble_belt,2025-10-20,31.775,75.125,-9.19128205406496e-06,0.0,110.6
punjab_stubble_belt,2025-10-20,31.775,75.175,0.0001139101719826,0.0,157.1
punjab_stubble_belt,2025-10-20,31.775,75.225,0.0002521321392784,0.0,209.3
punjab_stubble_belt,2025-10-20,31.775,75.275,0.0002586019262955,0.0,211.7
punjab_stubble_belt,2025-10-20,31.775,75.3,0.0002110564888605,0.0,193.8
punjab_stubble_belt,2025-10-20,31.825,74.625,9.552999738835032e-05,0.0,150.2
punjab_stubble_belt,2025-10-20,31.825,74.675,8.57812040041828e-05,0.0,146.5
punjab_stubble_belt,2025-10-20,31.825,74.725,0.0002887088145784,0.0,223.1
punjab_stubble_belt,2025-10-20,31.825,74.775,0.0003263596237334,0.0,237.3
punjab_stubble_belt,2025-10-20,31.825,74.825,0.0002986221448343,0.0,226.8
punjab_stubble_belt,2025-10-20,31.825,74.875,0.000242361357305,0.0,205.6
punjab_stubble_belt,2025-10-20,31.825,74.925,0.0002433997846506,0.0,206.0
punjab_stubble_belt,2025-10-20,31.825,74.975,0.000146837064302,0.0,169.5
punjab_stubble_belt,2025-10-20,31.825,75.025,0.0001697640165998,0.0,178.2
punjab_stubble_belt,2025-10-20,31.825,75.075,0.0001835920717584,0.0,183.4
punjab_stubble_belt,2025-10-20,31.825,75.125,0.0001779306101945,0.0,181.3
punjab_stubble_belt,2025-10-20,31.825,75.175,0.0001916704598224,0.0,186.4
punjab_stubble_belt,2025-10-20,31.825,75.225,0.0001947195112507,0.0,187.6
punjab_stubble_belt,2025-10-20,31.825,75.275,0.0002808297771001,0.0,220.1
punjab_stubble_belt,2025-10-20,31.825,75.3,0.0003204603750486,0.0,235.0
punjab_stubble_belt,2025-10-20,31.875,74.625,0.0001096615297008,0.0,155.5
punjab_stubble_belt,2025-10-20,31.875,74.675,0.0001982411506405,0.0,188.9
punjab_stubble_belt,2025-10-20,31.875,74.725,0.0002982734590465,0.0,226.7
punjab_stubble_belt,2025-10-20,31.875,74.775,0.000353003709009,0.0,247.3
punjab_stubble_belt,2025-10-20,31.875,74.825,0.0002799801214227,0.0,219.8
punjab_stubble_belt,2025-10-20,31.875,74.875,0.0001630577744643,0.0,175.6
punjab_stubble_belt,2025-10-20,31.875,74.925,0.0002994375975981,0.0,227.1
punjab_stubble_belt,2025-10-20,31.875,74.975,0.0001049771953507,0.0,153.7
punjab_stubble_belt,2025-10-20,31.875,75.025,0.0002252131555134,0.0,199.1
punjab_stubble_belt,2025-10-20,31.875,75.075,0.0002758116778549,0.0,218.2
punjab_stubble_belt,2025-10-20,31.875,75.125,0.0002232252272023,0.0,198.3
punjab_stubble_belt,2025-10-20,31.875,75.175,0.0002183404495226,0.0,196.5
punjab_stubble_belt,2025-10-20,31.875,75.225,0.0001271586844247,0.0,162.1
punjab_stubble_belt,2025-10-20,31.875,75.275,0.0002673353775036,0.0,215.0
punjab_stubble_belt,2025-10-20,31.875,75.3,0.0003664527600138,0.0,252.4
punjab_stubble_belt,2025-10-21,31.325,74.625,0.000124167828369,0.0015109870848713,161.2
punjab_stubble_belt,2025-10-21,31.325,74.675,0.0002995486647573,0.0089820903884762,228.8
punjab_stubble_belt,2025-10-21,31.325,74.725,0.000120913003626,0.1049023887626582,178.9
punjab_stubble_belt,2025-10-21,31.325,74.775,9.668543643634304e-05,0.145849493895796,177.2
punjab_stubble_belt,2025-10-21,31.325,74.825,8.685465929128939e-05,0.1603112664825051,176.2
punjab_stubble_belt,2025-10-21,31.325,74.875,8.851135781778162e-05,0.1486867598398926,174.7
punjab_stubble_belt,2025-10-21,31.325,74.925,0.0001393324032441,0.1001518149400877,185.0
punjab_stubble_belt,2025-10-21,31.325,74.975,0.0001734998016261,0.0775252188021853,193.7
punjab_stubble_belt,2025-10-21,31.325,75.025,0.0001111844817745,0.0660268616592107,168.1
punjab_stubble_belt,2025-10-21,31.325,75.075,0.0001288298380759,0.0597417658124593,173.6
punjab_stubble_belt,2025-10-21,31.325,75.125,0.0002149216997001,0.0564061002769628,205.5
punjab_stubble_belt,2025-10-21,31.325,75.175,0.0001618670089933,0.0445081255411927,183.3
punjab_stubble_belt,2025-10-21,31.325,75.225,0.0002049778507657,0.0310308556315523,197.1
punjab_stubble_belt,2025-10-21,31.325,75.275,0.0002911760365799,0.0118590262691734,226.2
punjab_stubble_belt,2025-10-21,31.325,75.3,0.0003287068490993,0.0004773020895265,238.2
punjab_stubble_belt,2025-10-21,31.375,74.625,0.0001714247557837,0.0003300075298026,178.9
punjab_stubble_belt,2025-10-21,31.375,74.675,0.0002982188571718,0.0018652599510582,227.0
punjab_stubble_belt,2025-10-21,31.375,74.725,0.0001300413024701,0.0587090760884111,173.9
punjab_stubble_belt,2025-10-21,31.375,74.775,0.0001135445864374,0.1224207961191402,179.3
punjab_stubble_belt,2025-10-21,31.375,74.825,0.000104031107359,0.1638442375942032,183.3
punjab_stubble_belt,2025-10-21,31.375,74.875,0.0001028788608226,0.1720257699158457,184.4
punjab_stubble_belt,2025-10-21,31.375,74.925,0.0001612186315935,0.1159218317406489,196.1
punjab_stubble_belt,2025-10-21,31.375,74.975,0.0001679923414254,0.0988323437622679,195.6
punjab_stubble_belt,2025-10-21,31.375,75.025,0.0001350599485305,0.0773667146788907,179.2
punjab_stubble_belt,2025-10-21,31.375,75.075,0.0001380561720631,0.0650160937820907,178.1
punjab_stubble_belt,2025-10-21,31.375,75.125,0.0001699063338871,0.0621947551383707,189.6
punjab_stubble_belt,2025-10-21,31.375,75.175,0.0001412786550921,0.0573911908569344,177.9
punjab_stubble_belt,2025-10-21,31.375,75.225,0.0001621546359132,0.0340395724362696,181.5
punjab_stubble_belt,2025-10-21,31.375,75.275,0.0002252750020261,0.012869386230575,201.5
punjab_stubble_belt,2025-10-21,31.375,75.3,0.0002510259025603,0.0012118870655702,209.1
punjab_stubble_belt,2025-10-21,31.425,74.625,0.0002656431107827,0.0,214.4
punjab_stubble_belt,2025-10-21,31.425,74.675,0.0003279835962788,0.0,237.9
punjab_stubble_belt,2025-10-21,31.425,74.725,0.0001782666538667,0.0122129257613126,183.6
punjab_stubble_belt,2025-10-21,31.425,74.775,0.0001623627343717,0.0835269320710915,190.6
punjab_stubble_belt,2025-10-21,31.425,74.825,0.0001776509088562,0.1547975108748127,209.4
punjab_stubble_belt,2025-10-21,31.425,74.875,0.0002086072867913,0.1974424724665225,228.9
punjab_stubble_belt,2025-10-21,31.425,74.925,0.0002290417571765,0.1321550382009075,224.7
punjab_stubble_belt,2025-10-21,31.425,74.975,0.000216947313748,0.120790510216942,218.0
punjab_stubble_belt,2025-10-21,31.425,75.025,0.0001933469806532,0.0886257566931822,203.3
punjab_stubble_belt,2025-10-21,31.425,75.075,0.0001563297404326,0.066372809411257,185.2
punjab_stubble_belt,2025-10-21,31.425,75.125,0.0001267248450593,0.0564689493052272,172.2
punjab_stubble_belt,2025-10-21,31.425,75.175,0.0002073786612641,0.0418029017685543,200.0
punjab_stubble_belt,2025-10-21,31.425,75.225,0.00014096137179,0.0193433481781076,170.8
punjab_stubble_belt,2025-10-21,31.425,75.275,0.0001242905531637,0.0101373052155179,162.9
punjab_stubble_belt,2025-10-21,31.425,75.3,8.904612717269532e-05,0.015758444696728,150.6
punjab_stubble_belt,2025-10-21,31.475,74.625,0.0003117928568197,0.0,231.8
punjab_stubble_belt,2025-10-21,31.475,74.675,0.000360384736201,0.0,250.1
punjab_stubble_belt,2025-10-21,31.475,74.725,0.0001743455090727,0.0097921277599917,181.7
punjab_stubble_belt,2025-10-21,31.475,74.775,0.0001316823380884,0.0449902272998564,172.0
punjab_stubble_belt,2025-10-21,31.475,74.825,0.0002837886398609,0.1338521600985939,245.7
punjab_stubble_belt,2025-10-21,31.475,74.875,0.000490388692963,0.2261837545700677,340.5
punjab_stubble_belt,2025-10-21,31.475,74.925,0.0002695845821515,0.1504735818457112,243.3
punjab_stubble_belt,2025-10-21,31.475,74.975,0.0002840279819853,0.1233884872548498,243.8
punjab_stubble_belt,2025-10-21,31.475,75.025,0.0001585876763179,0.0842454516220844,189.3
punjab_stubble_belt,2025-10-21,31.475,75.075,0.0001359558936063,0.054105725593121,175.3
punjab_stubble_belt,2025-10-21,31.475,75.125,0.0002078167371575,0.0350003026043461,198.9
punjab_stubble_belt,2025-10-21,31.475,75.175,0.0001107009900484,0.0086490046943512,157.5
punjab_stubble_belt,2025-10-21,31.475,75.225,0.0001308684102824,0.0127847420751548,165.8
punjab_stubble_belt,2025-10-21,31.475,75.275,7.79317035022536e-05,0.0234456224567997,147.8
punjab_stubble_belt,2025-10-21,31.525,74.625,0.0002170634616372,0.0,196.0
punjab_stubble_belt,2025-10-21,31.525,74.675,0.000194389334267,0.0,187.5
punjab_stubble_belt,2025-10-21,31.525,74.725,0.000274818851482,0.0007320019527645,218.0
punjab_stubble_belt,2025-10-21,31.525,74.775,0.0002816382067459,0.0033612985279049,221.0
punjab_stubble_belt,2025-10-21,31.525,74.825,0.0002769344821431,0.0161118469382936,221.6
punjab_stubble_belt,2025-10-21,31.525,74.875,0.000283546281878,0.0451895184657525,229.4
punjab_stubble_belt,2025-10-21,31.525,74.925,0.0003665213238196,0.1230046413266147,274.9
punjab_stubble_belt,2025-10-21,31.525,74.975,0.0003301921906498,0.1245294583705373,261.5
punjab_stubble_belt,2025-10-21,31.525,75.025,0.0003112864373455,0.0595101641149392,242.5
punjab_stubble_belt,2025-10-21,31.525,75.075,0.0003639153283619,0.0147166650597267,254.1
punjab_stubble_belt,2025-10-21,31.525,75.125,0.0004454499624347,0.0046983013342727,283.1
punjab_stubble_belt,2025-10-21,31.525,75.175,0.0003302685653486,0.0180265945334522,242.0
punjab_stubble_belt,2025-10-21,31.525,75.225,0.0001206397319352,0.0596901876316995,170.5
punjab_stubble_belt,2025-10-21,31.525,75.275,0.0001704185531994,0.0820046451527183,193.4
punjab_stubble_belt,2025-10-21,31.525,75.3,0.0001403674195387,0.0639432601121819,178.8
punjab_stubble_belt,2025-10-21,31.575,74.625,0.0001031797920719,0.0,153.0
punjab_stubble_belt,2025-10-21,31.575,74.675,0.000182063217236,0.0,182.8
punjab_stubble_belt,2025-10-21,31.575,74.725,0.0002765913877709,0.0,218.5
punjab_stubble_belt,2025-10-21,31.575,74.775,0.0002971034055384,0.0,226.2
punjab_stubble_belt,2025-10-21,31.575,74.825,0.0002831193515179,0.0021637251433557,221.3
punjab_stubble_belt,2025-10-21,31.575,74.875,0.0002794085226827,0.0188334775970742,223.0
punjab_stubble_belt,2025-10-21,31.575,74.925,0.0004289846551897,0.0962566636433916,293.6
punjab_stubble_belt,2025-10-21,31.575,74.975,0.0003641905614391,0.1230429670568593,274.0
punjab_stubble_belt,2025-10-21,31.575,75.025,0.000192695941916,0.0628887829268741,198.3
punjab_stubble_belt,2025-10-21,31.575,75.075,0.0001538598413209,0.0184896737847797,175.5
punjab_stubble_belt,2025-10-21,31.575,75.125,0.0002496597487544,0.006941154748783,209.6
punjab_stubble_belt,2025-10-21,31.575,75.175,0.0002725970883187,0.0270210737937773,221.9
punjab_stubble_belt,2025-10-21,31.575,75.225,6.351331638755083e-05,0.0679139782176213,150.5
punjab_stubble_belt,2025-10-21,31.575,75.275,0.0001637746281873,0.0784109169177333,190.2
punjab_stubble_belt,2025-10-21,31.575,75.3,0.0002477798516501,0.0853734715844191,223.2
punjab_stubble_belt,2025-10-21,31.625,74.625,9.671943441309086e-05,0.0,150.6
punjab_stubble_belt,2025-10-21,31.625,74.675,0.0001237419847488,0.0,160.8
punjab_stubble_belt,2025-10-21,31.625,74.725,0.0002849446181767,0.0,221.6
punjab_stubble_belt,2025-10-21,31.625,74.775,0.0003183202244502,0.0,234.2
punjab_stubble_belt,2025-10-21,31.625,74.825,0.0002656159210655,0.0,214.3
punjab_stubble_belt,2025-10-21,31.625,74.875,0.0001975853536308,0.0073851456145744,190.0
punjab_stubble_belt,2025-10-21,31.625,74.925,0.0003471627600116,0.0500119177732319,254.3
punjab_stubble_belt,2025-10-21,31.625,74.975,0.0002825136480718,0.0785037047713105,235.1
punjab_stubble_belt,2025-10-21,31.625,75.025,0.000156182087284,0.0546536102199931,183.0
punjab_stubble_belt,2025-10-21,31.625,75.075,0.0001121167482621,0.0263791883539468,161.2
punjab_stubble_belt,2025-10-21,31.625,75.125,0.0001547612400241,0.0109352085478522,174.5
punjab_stubble_belt,2025-10-21,31.625,75.175,0.0001680122556008,0.0536857369605981,187.3
punjab_stubble_belt,2025-10-21,31.625,75.225,8.135569536454647e-05,0.0858947401669141,160.5
punjab_stubble_belt,2025-10-21,31.625,75.275,0.0001693816257513,0.0768448882802367,192.1
punjab_stubble_belt,2025-10-21,31.625,75.3,0.0002328456845719,0.0661402409857113,214.1
punjab_stubble_belt,2025-10-21,31.675,74.625,0.0001592066461911,0.0,174.2
punjab_stubble_belt,2025-10-21,31.675,74.675,5.9807286391996495e-05,0.0,136.7
punjab_stubble_belt,2025-10-21,31.675,74.725,0.0002724358549351,0.0,216.9
punjab_stubble_belt,2025-10-21,31.675,74.775,0.0003255342109316,0.0,237.0
punjab_stubble_belt,2025-10-21,31.675,74.825,0.0002408583797492,0.0,205.0
punjab_stubble_belt,2025-10-21,31.675,74.875,0.0001076264612158,0.0,154.7
punjab_stubble_belt,2025-10-21,31.675,74.925,0.0001972970131777,0.0,188.6
punjab_stubble_belt,2025-10-21,31.675,74.975,0.0001455475577857,0.0126737171462313,171.3
punjab_stubble_belt,2025-10-21,31.675,75.025,0.0002024018283608,0.0324812074028652,196.4
punjab_stubble_belt,2025-10-21,31.675,75.075,0.0002225520108896,0.0280232109800404,203.2
punjab_stubble_belt,2025-10-21,31.675,75.125,0.0001828781089219,0.0132656082946646,185.5
punjab_stubble_belt,2025-10-21,31.675,75.175,7.944796993794176e-05,0.0908298822278125,160.7
punjab_stubble_belt,2025-10-21,31.675,75.225,0.0001445494090266,0.1174808523561393,190.1
punjab_stubble_belt,2025-10-21,31.675,75.275,0.0001762415271133,0.0897965731377206,197.0
punjab_stubble_belt,2025-10-21,31.675,75.3,0.0001406705729071,0.0930940729952905,184.2
punjab_stubble_belt,2025-10-21,31.725,74.625,0.0001277319139528,0.0,162.3
punjab_stubble_belt,2025-10-21,31.725,74.675,0.0001909757742735,0.0,186.2
punjab_stubble_belt,2025-10-21,31.725,74.725,9.266545673133288e-05,0.0,149.1
punjab_stubble_belt,2025-10-21,31.725,74.775,0.0002001329172041,0.0,189.6
punjab_stubble_belt,2025-10-21,31.725,74.825,0.0002970423677844,0.0,226.2
punjab_stubble_belt,2025-10-21,31.725,74.875,0.0003407531251641,0.0,242.7
punjab_stubble_belt,2025-10-21,31.725,74.925,0.0002641856569026,0.0,213.8
punjab_stubble_belt,2025-10-21,31.725,74.975,0.0001793774426836,0.0,181.8
punjab_stubble_belt,2025-10-21,31.725,75.025,0.0002373565727083,5.797410549242679e-06,203.7
punjab_stubble_belt,2025-10-21,31.725,75.075,0.0002693839424595,8.329255575144997e-05,215.8
punjab_stubble_belt,2025-10-21,31.725,75.125,0.000242793541654,0.0135312562683341,208.2
punjab_stubble_belt,2025-10-21,31.725,75.175,0.0001350060649023,0.1131135703982805,185.7
punjab_stubble_belt,2025-10-21,31.725,75.225,0.0001337724672437,0.1668801932379338,195.1
punjab_stubble_belt,2025-10-21,31.725,75.275,9.610014001403532e-05,0.1461248099451058,177.1
punjab_stubble_belt,2025-10-21,31.775,74.625,0.0001592156382245,0.0,174.2
punjab_stubble_belt,2025-10-21,31.775,74.675,0.0003004025031498,0.0,227.5
punjab_stubble_belt,2025-10-21,31.775,74.725,0.000172344520713,0.0,179.1
punjab_stubble_belt,2025-10-21,31.775,74.775,0.0001706799860013,0.0,178.5
punjab_stubble_belt,2025-10-21,31.775,74.825,0.0001123526031747,0.0,156.5
punjab_stubble_belt,2025-10-21,31.775,74.875,4.801677383844639e-05,0.0,132.2
punjab_stubble_belt,2025-10-21,31.775,74.925,0.000217813163126,0.0,196.3
punjab_stubble_belt,2025-10-21,31.775,74.975,0.0001737859110699,0.0,179.7
punjab_stubble_belt,2025-10-21,31.775,75.025,0.0001969113843266,6.29118509969901e-07,188.4
punjab_stubble_belt,2025-10-21,31.775,75.075,0.0002140766891759,8.381640830334588e-06,194.9
punjab_stubble_belt,2025-10-21,31.775,75.125,0.0002126720287102,0.0042665837435177,195.1
punjab_stubble_belt,2025-10-21,31.775,75.175,0.0001775162094201,0.0360185491018894,187.7
punjab_stubble_belt,2025-10-21,31.775,75.225,0.0001455435779328,0.075135912114262,182.8
punjab_stubble_belt,2025-10-21,31.775,75.275,0.0001008976042857,0.0934961515649036,169.3
punjab_stubble_belt,2025-10-21,31.775,75.3,7.350443984952329e-05,0.1130574425856735,162.5
punjab_stubble_belt,2025-10-21,31.825,74.625,6.17551671563305e-05,0.0,137.4
punjab_stubble_belt,2025-10-21,31.825,74.675,0.0001658176014054,0.0,176.7
punjab_stubble_belt,2025-10-21,31.825,74.725,0.0002097584049325,0.0,193.3
punjab_stubble_belt,2025-10-21,31.825,74.775,0.0002183305590956,0.0,196.5
punjab_stubble_belt,2025-10-21,31.825,74.825,0.0001891850412471,0.0,185.5
punjab_stubble_belt,2025-10-21,31.825,74.875,0.0001516179605659,0.0,171.3
punjab_stubble_belt,2025-10-21,31.825,74.925,0.000193428307891,0.0,187.1
punjab_stubble_belt,2025-10-21,31.825,74.975,0.0002058164039112,0.0,191.8
punjab_stubble_belt,2025-10-21,31.825,75.025,0.0002903858574048,0.0,223.7
punjab_stubble_belt,2025-10-21,31.825,75.075,0.000341372634797,0.0,242.9
punjab_stubble_belt,2025-10-21,31.825,75.125,0.0003344883331703,0.0013061595032859,240.6
punjab_stubble_belt,2025-10-21,31.825,75.175,0.000231134498162,0.0110187624439796,203.3
punjab_stubble_belt,2025-10-21,31.825,75.225,0.0001669061302179,0.0390655855341006,184.2
punjab_stubble_belt,2025-10-21,31.825,75.275,0.0001578948071054,0.0872375040911678,189.6
punjab_stubble_belt,2025-10-21,31.825,75.3,0.00014095488375,0.1124252992547197,187.8
punjab_stubble_belt,2025-10-21,31.875,74.625,4.510408097827325e-05,0.0,131.1
punjab_stubble_belt,2025-10-21,31.875,74.675,7.789495638059304e-05,0.0,143.5
punjab_stubble_belt,2025-10-21,31.875,74.725,0.0001327681341608,0.0,164.2
punjab_stubble_belt,2025-10-21,31.875,74.775,0.0002029424750272,0.0,190.7
punjab_stubble_belt,2025-10-21,31.875,74.825,0.0002573258371339,0.0,211.2
punjab_stubble_belt,2025-10-21,31.875,74.875,0.0002795946753136,0.0,219.6
punjab_stubble_belt,2025-10-21,31.875,74.925,0.0002217161339976,0.0,197.8
punjab_stubble_belt,2025-10-21,31.875,74.975,0.0002188487980852,0.0,196.7
punjab_stubble_belt,2025-10-21,31.875,75.025,0.0003103231539926,0.0,231.2
punjab_stubble_belt,2025-10-21,31.875,75.075,0.0003567624498215,0.0,248.7
punjab_stubble_belt,2025-10-21,31.875,75.125,0.0003342550913834,0.0001253100824696,240.3
punjab_stubble_belt,2025-10-21,31.875,75.175,0.0002499756203959,0.0011434279687804,208.7
punjab_stubble_belt,2025-10-21,31.875,75.225,0.0002439689278195,0.0214029510848935,210.1
punjab_stubble_belt,2025-10-21,31.875,75.275,0.0002100863072445,0.0922307253579339,210.2
punjab_stubble_belt,2025-10-21,31.875,75.3,0.0001824525231429,0.1411985475663529,208.8
punjab_stubble_belt,2025-10-22,31.325,74.625,0.0002542340789503,0.1087492629979161,229.9
punjab_stubble_belt,2025-10-22,31.325,74.675,0.0002760695120602,0.1093548617017947,238.3
punjab_stubble_belt,2025-10-22,31.325,74.725,0.0002886586663421,0.110078578383413,243.1
punjab_stubble_belt,2025-10-22,31.325,74.775,0.0002646622833525,0.1115767225142087,234.4
punjab_stubble_belt,2025-10-22,31.325,74.825,0.0002780149558344,0.1148288592435846,240.0
punjab_stubble_belt,2025-10-22,31.325,74.875,0.0003315923925998,0.1189617216080995,261.0
punjab_stubble_belt,2025-10-22,31.325,74.925,0.0004271949201843,0.1216936225409935,297.6
punjab_stubble_belt,2025-10-22,31.325,74.975,0.0003937571989156,0.1251494640219162,285.6
punjab_stubble_belt,2025-10-22,31.325,75.025,0.000307036577046,0.1318311619767837,254.1
punjab_stubble_belt,2025-10-22,31.325,75.075,0.0002839994530627,0.1352252777720466,246.0
punjab_stubble_belt,2025-10-22,31.325,75.125,0.0003092685432435,0.1331642921867779,255.1
punjab_stubble_belt,2025-10-22,31.325,75.175,0.0001744226625584,0.1193213441460937,201.7
punjab_stubble_belt,2025-10-22,31.325,75.225,0.0002010930343277,0.1172918667215133,211.4
punjab_stubble_belt,2025-10-22,31.325,75.275,0.000197726598095,0.1075731077465641,208.4
punjab_stubble_belt,2025-10-22,31.325,75.3,0.0001809935692484,0.1014930219226867,200.9
punjab_stubble_belt,2025-10-22,31.375,74.625,0.000279618490912,0.099534186565044,237.8
punjab_stubble_belt,2025-10-22,31.375,74.675,0.0002702890267373,0.1013379368684515,234.6
punjab_stubble_belt,2025-10-22,31.375,74.725,0.0002746644849698,0.1046929148534855,236.9
punjab_stubble_belt,2025-10-22,31.375,74.775,0.0002761558650297,0.1084856685979089,238.1
punjab_stubble_belt,2025-10-22,31.375,74.825,0.0002922539080056,0.1128412674987289,245.0
punjab_stubble_belt,2025-10-22,31.375,74.875,0.0003176870522634,0.1167829952830452,255.3
punjab_stubble_belt,2025-10-22,31.375,74.925,0.0003284124070468,0.1177107876632642,259.5
punjab_stubble_belt,2025-10-22,31.375,74.975,0.0002886758525935,0.1193202751027316,244.8
punjab_stubble_belt,2025-10-22,31.375,75.025,0.0001703847126272,0.1228335119495414,200.8
punjab_stubble_belt,2025-10-22,31.375,75.075,0.0001398719295877,0.1250548609395824,189.7
punjab_stubble_belt,2025-10-22,31.375,75.125,0.0001963775558864,0.1246497197449404,211.0
punjab_stubble_belt,2025-10-22,31.375,75.175,0.0001646172576023,0.1163572619208772,197.5
punjab_stubble_belt,2025-10-22,31.375,75.225,0.0001511049042594,0.1135734316853554,191.9
punjab_stubble_belt,2025-10-22,31.375,75.275,0.0001639780323069,0.1054753186641609,195.3
punjab_stubble_belt,2025-10-22,31.375,75.3,0.000168752830963,0.1002539014392555,196.1
punjab_stubble_belt,2025-10-22,31.425,74.625,0.0003091366590875,0.0899994678969835,247.2
punjab_stubble_belt,2025-10-22,31.425,74.675,0.0003059507262156,0.0928344026145016,246.5
punjab_stubble_belt,2025-10-22,31.425,74.725,0.0002512517854184,0.0986387350941069,226.9
punjab_stubble_belt,2025-10-22,31.425,74.775,0.0003056390450853,0.1056876764747561,248.8
punjab_stubble_belt,2025-10-22,31.425,74.825,0.0003374185976961,0.1117938503615625,261.9
punjab_stubble_belt,2025-10-22,31.425,74.875,0.0003241622617498,0.1158920681967824,257.6
punjab_stubble_belt,2025-10-22,31.425,74.925,0.0002251560931012,0.1155477038623701,220.2
punjab_stubble_belt,2025-10-22,31.425,74.975,0.0001683187257215,0.1145355127021936,198.5
punjab_stubble_belt,2025-10-22,31.425,75.025,4.044380546493486e-05,0.1141076498028161,150.2
punjab_stubble_belt,2025-10-22,31.425,75.075,2.165091910661042e-06,0.1146930384241692,135.9
punjab_stubble_belt,2025-10-22,31.425,75.125,6.946283530817435e-05,0.1155939878325329,161.4
punjab_stubble_belt,2025-10-22,31.425,75.175,0.000193093772394,0.11276536351631,207.6
punjab_stubble_belt,2025-10-22,31.425,75.225,0.0001369343774717,0.1092053957528621,185.7
punjab_stubble_belt,2025-10-22,31.425,75.275,0.0001361939405127,0.1032274689583073,184.4
punjab_stubble_belt,2025-10-22,31.425,75.3,0.0001693466351515,0.1005408554984896,196.4
punjab_stubble_belt,2025-10-22,31.475,74.625,0.000313774062145,0.0870984322906453,248.4
punjab_stubble_belt,2025-10-22,31.475,74.675,0.0003602464774977,0.0899233105832564,266.5
punjab_stubble_belt,2025-10-22,31.475,74.725,0.0003281925624203,0.0963472748022331,255.6
punjab_stubble_belt,2025-10-22,31.475,74.775,0.000323703230075,0.1035867457754792,255.2
punjab_stubble_belt,2025-10-22,31.475,74.825,0.0003203367282373,0.1095072503019964,255.0
punjab_stubble_belt,2025-10-22,31.475,74.875,0.0003033449331802,0.1135917429695232,249.3
punjab_stubble_belt,2025-10-22,31.475,74.925,0.0002266149942656,0.1155940629018962,220.7
punjab_stubble_belt,2025-10-22,31.475,74.975,0.0001944659441498,0.1151603343860596,208.5
punjab_stubble_belt,2025-10-22,31.475,75.025,6.859697276243482e-05,0.1126262340336039,160.6
punjab_stubble_belt,2025-10-22,31.475,75.075,2.7604474431556065e-05,0.1104295454717032,144.7
punjab_stubble_belt,2025-10-22,31.475,75.125,9.8387775260223e-05,0.1091914578441077,171.2
punjab_stubble_belt,2025-10-22,31.475,75.175,0.0002584651266527,0.1094113196269072,231.6
punjab_stubble_belt,2025-10-22,31.475,75.225,0.0002170301164863,0.1099308215361981,216.1
punjab_stubble_belt,2025-10-22,31.475,75.275,0.0002115288712667,0.1050750382635505,213.1
punjab_stubble_belt,2025-10-22,31.525,74.625,0.0003142784694127,0.0808178027076185,247.5
punjab_stubble_belt,2025-10-22,31.525,74.675,0.0002223720354415,0.0844225699199961,213.4
punjab_stubble_belt,2025-10-22,31.525,74.725,0.0001291496243037,0.0959256745214589,180.4
punjab_stubble_belt,2025-10-22,31.525,74.775,0.000124578741901,0.0980726394968572,179.0
punjab_stubble_belt,2025-10-22,31.525,74.825,0.0001924191982964,0.1040156603478411,205.7
punjab_stubble_belt,2025-10-22,31.525,74.875,0.0002634750213027,0.1120914012467727,234.0
punjab_stubble_belt,2025-10-22,31.525,74.925,0.0001068574001453,0.1139769284047514,175.3
punjab_stubble_belt,2025-10-22,31.525,74.975,0.0001453727379544,0.1126431293395768,189.5
punjab_stubble_belt,2025-10-22,31.525,75.025,0.0001983173959013,0.1097188770075549,209.0
punjab_stubble_belt,2025-10-22,31.525,75.075,0.0002409564902726,0.1065555819391734,224.5
punjab_stubble_belt,2025-10-22,31.525,75.125,0.000245407959288,0.1042885148299379,225.8
punjab_stubble_belt,2025-10-22,31.525,75.175,0.0001293103404881,0.1066764584655666,182.4
punjab_stubble_belt,2025-10-22,31.525,75.225,0.000186201535011,0.1066498406296588,203.9
punjab_stubble_belt,2025-10-22,31.525,75.275,0.00011173940823,0.1076580692627211,175.9
punjab_stubble_belt,2025-10-22,31.525,75.3,0.0001279068714727,0.1053194774960269,181.6
punjab_stubble_belt,2025-10-22,31.575,74.625,0.0002517381645553,0.0812370628993712,223.9
punjab_stubble_belt,2025-10-22,31.575,74.675,0.0001958195249678,0.0834552931266186,203.2
punjab_stubble_belt,2025-10-22,31.575,74.725,0.0001781697296513,0.095432887426181,198.8
punjab_stubble_belt,2025-10-22,31.575,74.775,0.0001604397508865,0.0979209452548002,192.5
punjab_stubble_belt,2025-10-22,31.575,74.825,0.0002374686264964,0.1039336679492747,222.7
punjab_stubble_belt,2025-10-22,31.575,74.875,0.0003250308413476,0.1118988462779941,257.2
punjab_stubble_belt,2025-10-22,31.575,74.925,0.0001105753340556,0.1136215559550758,176.6
punjab_stubble_belt,2025-10-22,31.575,74.975,0.0002513353076457,0.1100744847239235,229.1
punjab_stubble_belt,2025-10-22,31.575,75.025,0.0003029204825051,0.1068629877509352,247.9
punjab_stubble_belt,2025-10-22,31.575,75.075,0.0003258238607887,0.1041529991221093,256.1
punjab_stubble_belt,2025-10-22,31.575,75.125,0.0003085481793595,0.1025983902986736,249.3
punjab_stubble_belt,2025-10-22,31.575,75.175,0.0001347638196968,0.1049670903732241,184.1
punjab_stubble_belt,2025-10-22,31.575,75.225,0.0001670129331167,0.1061756202711917,196.5
punjab_stubble_belt,2025-10-22,31.575,75.275,0.0001893199362692,0.1078410624593278,205.2
punjab_stubble_belt,2025-10-22,31.575,75.3,0.0001614543806126,0.1088151383646914,194.9
punjab_stubble_belt,2025-10-22,31.625,74.625,0.0002681897538531,0.0816866800297172,230.2
punjab_stubble_belt,2025-10-22,31.625,74.675,0.0002341535236579,0.083316874677395,217.7
punjab_stubble_belt,2025-10-22,31.625,74.725,0.0001896683484933,0.0954408240416186,203.1
punjab_stubble_belt,2025-10-22,31.625,74.775,0.0002268843153258,0.0999919937198689,218.0
punjab_stubble_belt,2025-10-22,31.625,74.825,0.0003015165270186,0.1054231160491114,247.1
punjab_stubble_belt,2025-10-22,31.625,74.875,0.0003493756668232,0.1107937597471711,266.2
punjab_stubble_belt,2025-10-22,31.625,74.925,0.000167055500884,0.1110018072236376,197.4
punjab_stubble_belt,2025-10-22,31.625,74.975,0.0002619115451939,0.1068608737392008,232.5
punjab_stubble_belt,2025-10-22,31.625,75.025,0.000254686823289,0.1034388800950767,229.1
punjab_stubble_belt,2025-10-22,31.625,75.075,0.0002694021887741,0.1012003270735959,234.3
punjab_stubble_belt,2025-10-22,31.625,75.125,0.0002932510332152,0.1004931196335768,243.1
punjab_stubble_belt,2025-10-22,31.625,75.175,0.0001371890115672,0.1015527515204241,184.4
punjab_stubble_belt,2025-10-22,31.625,75.225,0.0002333303190991,0.10551367591401,221.4
punjab_stubble_belt,2025-10-22,31.625,75.275,0.0002834420941479,0.1086611155251896,240.9
punjab_stubble_belt,2025-10-22,31.625,75.3,0.0003128443218274,0.1106870992245192,252.4
punjab_stubble_belt,2025-10-22,31.675,74.625,0.0003013727225106,0.0829260008831013,243.0
punjab_stubble_belt,2025-10-22,31.675,74.675,0.0002390842194532,0.0852500603734861,219.9
punjab_stubble_belt,2025-10-22,31.675,74.725,0.0001527774068635,0.095741280309278,189.2
punjab_stubble_belt,2025-10-22,31.675,74.775,0.0002630894262195,0.101946956091091,232.0
punjab_stubble_belt,2025-10-22,31.675,74.825,0.0003432006707257,0.10579187602138,262.9
punjab_stubble_belt,2025-10-22,31.675,74.875,0.0003529329982279,0.107010332202772,266.8
punjab_stubble_belt,2025-10-22,31.675,74.925,0.0002170655073996,0.1045520423890478,215.1
punjab_stubble_belt,2025-10-22,31.675,74.975,0.0001786256005841,0.1016906126365164,200.1
punjab_stubble_belt,2025-10-22,31.675,75.025,0.0001123156386195,0.0984958025661647,174.5
punjab_stubble_belt,2025-10-22,31.675,75.075,0.0001400567208756,0.0968902819755946,184.7
punjab_stubble_belt,2025-10-22,31.675,75.125,0.0002349567671012,0.0971489955322271,220.5
punjab_stubble_belt,2025-10-22,31.675,75.175,0.0001581236036974,0.0976398770172452,191.6
punjab_stubble_belt,2025-10-22,31.675,75.225,0.0003381685850495,0.1040622600788613,260.7
punjab_stubble_belt,2025-10-22,31.675,75.275,0.000344567026331,0.1093502481530263,264.1
punjab_stubble_belt,2025-10-22,31.675,75.3,0.0002887272668289,0.1109944455019863,243.3
punjab_stubble_belt,2025-10-22,31.725,74.625,7.491948935492102e-05,0.0905104429535758,158.9
punjab_stubble_belt,2025-10-22,31.725,74.675,-0.0001216849237188,0.095221673837079,85.6
punjab_stubble_belt,2025-10-22,31.725,74.725,0.0001086895188594,0.0953954173149516,172.5
punjab_stubble_belt,2025-10-22,31.725,74.775,0.0001250254084621,0.0967098549363183,179.0
punjab_stubble_belt,2025-10-22,31.725,74.825,0.0002810386740424,0.0962612720262701,237.7
punjab_stubble_belt,2025-10-22,31.725,74.875,0.0004490287212613,0.0937698871310257,300.7
punjab_stubble_belt,2025-10-22,31.725,74.925,8.32239996075176e-05,0.0888632384095446,161.7
punjab_stubble_belt,2025-10-22,31.725,74.975,6.558679823272156e-05,0.0889365634656843,155.1
punjab_stubble_belt,2025-10-22,31.725,75.025,8.620351184157779e-05,0.0879450093666405,162.7
punjab_stubble_belt,2025-10-22,31.725,75.075,0.0001516458478423,0.0881758106150958,187.4
punjab_stubble_belt,2025-10-22,31.725,75.125,0.0002489596634764,0.0904958368111565,224.6
punjab_stubble_belt,2025-10-22,31.725,75.175,0.0003246394298427,0.0977535479887376,254.5
punjab_stubble_belt,2025-10-22,31.725,75.225,0.0003097305106521,0.1000924723187376,249.3
punjab_stubble_belt,2025-10-22,31.725,75.275,0.0002614110406653,0.1058611181970782,232.1
punjab_stubble_belt,2025-10-22,31.775,74.625,5.124820153042124e-05,0.0974242537530201,151.2
punjab_stubble_belt,2025-10-22,31.775,74.675,6.095371813586836e-06,0.1030509845810903,135.2
punjab_stubble_belt,2025-10-22,31.775,74.725,0.0002157759123759,0.0959060150694521,213.1
punjab_stubble_belt,2025-10-22,31.775,74.775,0.0002754813254256,0.0952289987476297,235.5
punjab_stubble_belt,2025-10-22,31.775,74.825,0.0003533875251514,0.0927809701998821,264.4
punjab_stubble_belt,2025-10-22,31.775,74.875,0.0004014778853234,0.0885695941647886,281.8
punjab_stubble_belt,2025-10-22,31.775,74.925,0.0001888880742461,0.0847623097351097,200.9
punjab_stubble_belt,2025-10-22,31.775,74.975,0.0001246056563172,0.0828205745450063,176.3
punjab_stubble_belt,2025-10-22,31.775,75.025,8.452157407969105e-05,0.0823465026487657,161.0
punjab_stubble_belt,2025-10-22,31.775,75.075,0.0001204680051316,0.0827498536268015,174.7
punjab_stubble_belt,2025-10-22,31.775,75.125,0.0002227397608349,0.0853076107765953,213.7
punjab_stubble_belt,2025-10-22,31.775,75.175,0.000312105596697,0.0968061706413384,249.6
punjab_stubble_belt,2025-10-22,31.775,75.225,0.0003260285766998,0.0978117421150617,255.0
punjab_stubble_belt,2025-10-22,31.775,75.275,0.0002446408145753,0.1034788552389943,225.3
punjab_stubble_belt,2025-10-22,31.775,75.3,0.0002082577559584,0.1081154800453909,212.4
punjab_stubble_belt,2025-10-22,31.825,74.625,9.20214626400706e-05,0.0991746156128699,166.9
punjab_stubble_belt,2025-10-22,31.825,74.675,6.10009653130871e-05,0.101187248267253,155.6
punjab_stubble_belt,2025-10-22,31.825,74.725,0.0002610100061086,0.0931534384600353,229.6
punjab_stubble_belt,2025-10-22,31.825,74.775,0.0002491258909626,0.0894369177812368,224.5
punjab_stubble_belt,2025-10-22,31.825,74.825,0.0002219087212683,0.0851551113957381,213.4
punjab_stubble_belt,2025-10-22,31.825,74.875,0.0001861934732367,0.0806911323140966,199.1
punjab_stubble_belt,2025-10-22,31.825,74.925,0.0001099651324439,0.0788820782450363,170.0
punjab_stubble_belt,2025-10-22,31.825,74.975,3.226143537269222e-05,0.0777301767965991,140.5
punjab_stubble_belt,2025-10-22,31.825,75.025,0.0001338008428879,0.0783593303741268,178.9
punjab_stubble_belt,2025-10-22,31.825,75.075,0.0002321509110847,0.0790301444932761,216.2
punjab_stubble_belt,2025-10-22,31.825,75.125,0.0002887194591984,0.0805706132310543,237.8
punjab_stubble_belt,2025-10-22,31.825,75.175,0.0002685824606205,0.0893825737879865,231.8
punjab_stubble_belt,2025-10-22,31.825,75.225,0.0002683459837581,0.0941282491115941,232.6
punjab_stubble_belt,2025-10-22,31.825,75.275,0.0002259023268023,0.0991572373455139,217.5
punjab_stubble_belt,2025-10-22,31.825,75.3,0.0001954562115521,0.1029982797786114,206.7
punjab_stubble_belt,2025-10-22,31.875,74.625,0.0001240373053163,0.0984328187903924,178.9
punjab_stubble_belt,2025-10-22,31.875,74.675,0.0001198905149444,0.0985231184700868,177.3
punjab_stubble_belt,2025-10-22,31.875,74.725,0.0002839330958391,0.0908995393266156,237.9
punjab_stubble_belt,2025-10-22,31.875,74.775,0.0002368924736735,0.0847026606939395,219.0
punjab_stubble_belt,2025-10-22,31.875,74.825,0.0001644865469478,0.0794544557189942,190.7
punjab_stubble_belt,2025-10-22,31.875,74.875,9.841101244589378e-05,0.0757630050211467,165.1
punjab_stubble_belt,2025-10-22,31.875,74.925,7.963044871673782e-05,0.0750663698443483,157.9
punjab_stubble_belt,2025-10-22,31.875,74.975,3.7642786816907705e-05,0.0749385354900365,142.0
punjab_stubble_belt,2025-10-22,31.875,75.025,0.0001736269914742,0.0763701963094892,193.6
punjab_stubble_belt,2025-10-22,31.875,75.075,0.0002677510534581,0.0772766610016709,229.3
punjab_stubble_belt,2025-10-22,31.875,75.125,0.0002858500637443,0.0781264220454264,236.3
punjab_stubble_belt,2025-10-22,31.875,75.175,0.0002457664535046,0.0837752691095451,222.2
punjab_stubble_belt,2025-10-22,31.875,75.225,0.0002116609299607,0.08942707043486,210.3
punjab_stubble_belt,2025-10-22,31.875,75.275,0.0001855850195978,0.0949674869945964,201.5
punjab_stubble_belt,2025-10-22,31.875,75.3,0.0001604905319064,0.0976765126986278,192.5
punjab_stubble_belt,2025-10-23,31.325,74.625,0.0001946996995962,0.1897850583798086,222.2
punjab_stubble_belt,2025-10-23,31.325,74.675,0.0002283952936104,0.189639258545406,234.9
punjab_stubble_belt,2025-10-23,31.325,74.725,0.0004068930558983,0.1844905778524813,301.4
punjab_stubble_belt,2025-10-23,31.325,74.775,0.000395295600214,0.1831691182001568,296.7
punjab_stubble_belt,2025-10-23,31.325,74.825,0.0003737466933031,0.1824297820499137,288.5
punjab_stubble_belt,2025-10-23,31.325,74.875,0.0003658557662569,0.1821882032359857,285.5
punjab_stubble_belt,2025-10-23,31.325,74.925,0.0003952472936114,0.1833326028311321,296.8
punjab_stubble_belt,2025-10-23,31.325,74.975,0.0002902741461739,0.1835092718775721,257.2
punjab_stubble_belt,2025-10-23,31.325,75.025,0.0002687552141537,0.1884046727948575,249.9
punjab_stubble_belt,2025-10-23,31.325,75.075,0.0002664379356857,0.1919669943941695,249.7
punjab_stubble_belt,2025-10-23,31.325,75.125,0.0002776084296654,0.1940323566642758,254.3
punjab_stubble_belt,2025-10-23,31.325,75.175,0.0003251750654437,0.1998992183522822,273.3
punjab_stubble_belt,2025-10-23,31.325,75.225,0.0003588323246531,0.2003421672337488,286.1
punjab_stubble_belt,2025-10-23,31.325,75.275,0.0003810866930387,0.202611381224863,294.9
punjab_stubble_belt,2025-10-23,31.325,75.3,0.0003925746393571,0.2035550858437081,299.4
punjab_stubble_belt,2025-10-23,31.375,74.625,0.0001428987541797,0.1862200214352388,202.0
punjab_stubble_belt,2025-10-23,31.375,74.675,0.0001668276002064,0.1845284535833734,210.8
punjab_stubble_belt,2025-10-23,31.375,74.725,0.0004314979806923,0.1780061797016897,309.5
punjab_stubble_belt,2025-10-23,31.375,74.775,0.0004130570705812,0.1756673026320437,302.1
punjab_stubble_belt,2025-10-23,31.375,74.825,0.0003755102598346,0.1745611652712304,287.7
punjab_stubble_belt,2025-10-23,31.375,74.875,0.0003350426981369,0.1744028060081531,272.4
punjab_stubble_belt,2025-10-23,31.375,74.925,0.0002485292434802,0.1759313598759598,240.0
punjab_stubble_belt,2025-10-23,31.375,74.975,0.0002085544373543,0.1758283216287876,224.9
punjab_stubble_belt,2025-10-23,31.375,75.025,0.000149354580865,0.1811742064713719,203.6
punjab_stubble_belt,2025-10-23,31.375,75.075,0.0001556225800039,0.1853344689871275,206.7
punjab_stubble_belt,2025-10-23,31.375,75.125,0.0002364955478032,0.1884775796025038,237.8
punjab_stubble_belt,2025-10-23,31.375,75.175,0.0003580553515849,0.1981317783009454,285.4
punjab_stubble_belt,2025-10-23,31.375,75.225,0.000381870592692,0.1994341113577427,294.6
punjab_stubble_belt,2025-10-23,31.375,75.275,0.0003328052386782,0.2031698529963734,276.8
punjab_stubble_belt,2025-10-23,31.375,75.3,0.000284142086643,0.2056408322562797,258.9
punjab_stubble_belt,2025-10-23,31.425,74.625,0.0001579488711342,0.1805610244147832,206.7
punjab_stubble_belt,2025-10-23,31.425,74.675,0.0001676090044042,0.1765507907747545,209.6
punjab_stubble_belt,2025-10-23,31.425,74.725,0.0004014276677968,0.1693003465633208,296.5
punjab_stubble_belt,2025-10-23,31.425,74.775,0.00039836678314,0.1668893377823976,294.9
punjab_stubble_belt,2025-10-23,31.425,74.825,0.0003572166683744,0.166539507091571,279.3
punjab_stubble_belt,2025-10-23,31.425,74.875,0.0002803749559116,0.167727583508354,250.6
punjab_stubble_belt,2025-10-23,31.425,74.925,8.662444173859136e-05,0.1699255490948762,177.8
punjab_stubble_belt,2025-10-23,31.425,74.975,0.0001320157225944,0.1705166729359436,195.1
punjab_stubble_belt,2025-10-23,31.425,75.025,3.915835959954538e-05,0.1755487451998039,160.9
punjab_stubble_belt,2025-10-23,31.425,75.075,6.0431437291494686e-05,0.1801854709044486,169.8
punjab_stubble_belt,2025-10-23,31.425,75.125,0.000215836706912,0.1846978055555256,229.3
punjab_stubble_belt,2025-10-23,31.425,75.175,0.0004045597678416,0.1961140255801797,302.6
punjab_stubble_belt,2025-10-23,31.425,75.225,0.0004058923515116,0.1973050992897565,303.3
punjab_stubble_belt,2025-10-23,31.425,75.275,0.0002660427457117,0.2031304830317027,251.6
punjab_stubble_belt,2025-10-23,31.425,75.3,0.0001719851710005,0.2073773914332171,216.9
punjab_stubble_belt,2025-10-23,31.475,74.625,0.0002491002111683,0.1756515300696667,240.2
punjab_stubble_belt,2025-10-23,31.475,74.675,0.000280312713907,0.1708623347885692,251.1
punjab_stubble_belt,2025-10-23,31.475,74.725,0.0002889943754495,0.1649511883233778,253.3
punjab_stubble_belt,2025-10-23,31.475,74.775,0.00031256662326,0.1640696872241178,262.0
punjab_stubble_belt,2025-10-23,31.475,74.825,0.0002699772928648,0.1647043814030961,246.1
punjab_stubble_belt,2025-10-23,31.475,74.875,0.0001934496466343,0.166622934631669,217.5
punjab_stubble_belt,2025-10-23,31.475,74.925,0.0002129849767259,0.1704986761919468,225.6
punjab_stubble_belt,2025-10-23,31.475,74.975,0.0001214824227652,0.171765722524716,191.3
punjab_stubble_belt,2025-10-23,31.475,75.025,0.0001201893141808,0.176163968820427,191.6
punjab_stubble_belt,2025-10-23,31.475,75.075,0.0002217192181239,0.1800364208948337,230.7
punjab_stubble_belt,2025-10-23,31.475,75.125,0.0003780116986205,0.1839860490946638,290.4
punjab_stubble_belt,2025-10-23,31.475,75.175,0.0003499361570717,0.1958802387361544,281.9
punjab_stubble_belt,2025-10-23,31.475,75.225,0.0004308650713736,0.1964222796575403,312.6
punjab_stubble_belt,2025-10-23,31.475,75.275,0.0002771495522345,0.2036004945379136,255.9
punjab_stubble_belt,2025-10-23,31.525,74.625,0.0003441707793009,0.1605584161545368,273.3
punjab_stubble_belt,2025-10-23,31.525,74.675,0.000320768036846,0.16175159821035,264.7
punjab_stubble_belt,2025-10-23,31.525,74.725,0.0003811109531019,0.1642841908596171,287.9
punjab_stubble_belt,2025-10-23,31.525,74.775,0.0003531848104666,0.1677601917642038,278.0
punjab_stubble_belt,2025-10-23,31.525,74.825,0.0002625833187338,0.1716479235665293,244.6
punjab_stubble_belt,2025-10-23,31.525,74.875,0.0001445869900146,0.1751082213979838,200.7
punjab_stubble_belt,2025-10-23,31.525,74.925,9.434086444928972e-05,0.1757562822624032,181.8
punjab_stubble_belt,2025-10-23,31.525,74.975,0.0001132552813551,0.1807339012182907,189.9
punjab_stubble_belt,2025-10-23,31.525,75.025,0.0002867892646008,0.1851080064774656,256.1
punjab_stubble_belt,2025-10-23,31.525,75.075,0.0003697878409392,0.1871636136694282,287.8
punjab_stubble_belt,2025-10-23,31.525,75.125,0.0003270796100551,0.1882829454078726,271.9
punjab_stubble_belt,2025-10-23,31.525,75.175,0.000207735962236,0.1992183683266465,228.9
punjab_stubble_belt,2025-10-23,31.525,75.225,0.0002491741796522,0.203094945216126,245.2
punjab_stubble_belt,2025-10-23,31.525,75.275,0.0003542533665685,0.2109247052173518,286.3
punjab_stubble_belt,2025-10-23,31.525,75.3,0.0003029946750699,0.2123304924074023,267.2
punjab_stubble_belt,2025-10-23,31.575,74.625,0.0004134250623176,0.1554687850069595,298.5
punjab_stubble_belt,2025-10-23,31.575,74.675,0.0004031727959118,0.1564590569266605,294.8
punjab_stubble_belt,2025-10-23,31.575,74.725,0.0004681234978,0.1631393485657315,320.6
punjab_stubble_belt,2025-10-23,31.575,74.775,0.0004832290580884,0.1687535628304062,327.3
punjab_stubble_belt,2025-10-23,31.575,74.825,0.0003385953325262,0.1754403931798621,273.9
punjab_stubble_belt,2025-10-23,31.575,74.875,0.0001187488715668,0.1813267287841304,192.0
punjab_stubble_belt,2025-10-23,31.575,74.925,0.0001108743007063,0.1803655705230245,188.9
punjab_stubble_belt,2025-10-23,31.575,74.975,0.0001725514578469,0.1838229626177711,212.8
punjab_stubble_belt,2025-10-23,31.575,75.025,0.0003118498079141,0.187169889925602,266.0
punjab_stubble_belt,2025-10-23,31.575,75.075,0.0003871915269574,0.1896688738706098,294.9
punjab_stubble_belt,2025-10-23,31.575,75.125,0.0003769730417252,0.1922987117933492,291.5
punjab_stubble_belt,2025-10-23,31.575,75.175,0.0002896800536805,0.2022291314053554,260.4
punjab_stubble_belt,2025-10-23,31.575,75.225,0.00035296011563,0.2053240351301675,284.8
punjab_stubble_belt,2025-10-23,31.575,75.275,0.0003620601097018,0.2122718960110088,289.5
punjab_stubble_belt,2025-10-23,31.575,75.3,0.0003809841150232,0.216487647808782,297.4
punjab_stubble_belt,2025-10-23,31.625,74.625,0.0003144392973812,0.1524597625161899,260.6
punjab_stubble_belt,2025-10-23,31.625,74.675,0.0003449256394987,0.1529881374373862,272.2
punjab_stubble_belt,2025-10-23,31.625,74.725,0.0004507594126058,0.160590486812293,313.5
punjab_stubble_belt,2025-10-23,31.625,74.775,0.0004736873998844,0.1656309594720728,323.1
punjab_stubble_belt,2025-10-23,31.625,74.825,0.0003373994737894,0.1738229254804912,273.2
punjab_stubble_belt,2025-10-23,31.625,74.875,0.0001384488366677,0.1828574227012151,199.8
punjab_stubble_belt,2025-10-23,31.625,74.925,0.000216575104716,0.1845823006158857,229.6
punjab_stubble_belt,2025-10-23,31.625,74.975,0.000202033789408,0.1882543561041082,224.7
punjab_stubble_belt,2025-10-23,31.625,75.025,0.0002428453156825,0.1899270870738508,240.4
punjab_stubble_belt,2025-10-23,31.625,75.075,0.0002865792681169,0.1922973236669877,257.4
punjab_stubble_belt,2025-10-23,31.625,75.125,0.0003110396826081,0.1961461747559638,267.3
punjab_stubble_belt,2025-10-23,31.625,75.175,0.0002482429615697,0.204783084292292,245.2
punjab_stubble_belt,2025-10-23,31.625,75.225,0.0003443088111384,0.2071902786916609,281.9
punjab_stubble_belt,2025-10-23,31.625,75.275,0.0003146198831423,0.2135446061975154,271.8
punjab_stubble_belt,2025-10-23,31.625,75.3,0.0002756046199129,0.2177408733953625,257.9
punjab_stubble_belt,2025-10-23,31.675,74.625,0.0001218954791647,0.1518213264923676,187.8
punjab_stubble_belt,2025-10-23,31.675,74.675,0.0001875248547575,0.1521672097536972,212.7
punjab_stubble_belt,2025-10-23,31.675,74.725,0.0003471257267754,0.1576600542776423,273.9
punjab_stubble_belt,2025-10-23,31.675,74.775,0.00035810894172,0.1603342733506228,278.5
punjab_stubble_belt,2025-10-23,31.675,74.825,0.0002960490634024,0.168336513594785,256.6
punjab_stubble_belt,2025-10-23,31.675,74.875,0.0002260908255815,0.1795001350330288,232.2
punjab_stubble_belt,2025-10-23,31.675,74.925,0.0003287166591352,0.1865012376542021,272.2
punjab_stubble_belt,2025-10-23,31.675,74.975,0.0002107917002351,0.1921321485988592,228.8
punjab_stubble_belt,2025-10-23,31.675,75.025,0.0001533320011713,0.1925451491669397,207.1
punjab_stubble_belt,2025-10-23,31.675,75.075,0.0001569078723891,0.1946394893758875,208.9
punjab_stubble_belt,2025-10-23,31.675,75.125,0.000195415618986,0.1992826434519532,224.3
punjab_stubble_belt,2025-10-23,31.675,75.175,0.0001459513494044,0.2064038783719298,206.9
punjab_stubble_belt,2025-10-23,31.675,75.225,0.0002550640234044,0.2095252727001316,248.6
punjab_stubble_belt,2025-10-23,31.675,75.275,0.0002442992940033,0.2158437902601066,245.7
punjab_stubble_belt,2025-10-23,31.675,75.3,0.0002205344409866,0.2214756526907896,237.8
punjab_stubble_belt,2025-10-23,31.725,74.625,0.0001168461065694,0.157768398747649,187.0
punjab_stubble_belt,2025-10-23,31.725,74.675,0.0001168485235088,0.1573469473440732,186.9
punjab_stubble_belt,2025-10-23,31.725,74.725,0.000226143277528,0.1573457531526792,228.2
punjab_stubble_belt,2025-10-23,31.725,74.775,0.0003118769197672,0.1589170037505011,260.8
punjab_stubble_belt,2025-10-23,31.725,74.825,0.0004147989581807,0.1635558066678683,300.5
punjab_stubble_belt,2025-10-23,31.725,74.875,0.0004616522270351,0.1707978333712602,319.5
punjab_stubble_belt,2025-10-23,31.725,74.925,0.0001887205029217,0.179714794880425,218.2
punjab_stubble_belt,2025-10-23,31.725,74.975,0.0002662530650406,0.1862878909315381,248.6
punjab_stubble_belt,2025-10-23,31.725,75.025,0.0002596072569448,0.1896310658215896,246.7
punjab_stubble_belt,2025-10-23,31.725,75.075,0.0002805953010869,0.1942238426958868,255.5
punjab_stubble_belt,2025-10-23,31.725,75.125,0.0003282052060342,0.2001572953176222,274.5
punjab_stubble_belt,2025-10-23,31.725,75.175,0.0003087647332371,0.2057903940327118,268.2
punjab_stubble_belt,2025-10-23,31.725,75.225,0.0003067559327531,0.214494837177927,269.1
punjab_stubble_belt,2025-10-23,31.725,75.275,0.0002502131204578,0.2208076997332575,248.9
punjab_stubble_belt,2025-10-23,31.775,74.625,0.0003229318643374,0.1634531555718734,265.8
punjab_stubble_belt,2025-10-23,31.775,74.675,0.0001731683887915,0.1616875858075971,209.0
punjab_stubble_belt,2025-10-23,31.775,74.725,0.0002094629347546,0.1605775079790355,222.5
punjab_stubble_belt,2025-10-23,31.775,74.775,0.0002434825288698,0.1612828971140196,235.5
punjab_stubble_belt,2025-10-23,31.775,74.825,0.0002170885430539,0.1648421097117195,226.1
punjab_stubble_belt,2025-10-23,31.775,74.875,0.0001652523820397,0.1706827363676099,207.6
punjab_stubble_belt,2025-10-23,31.775,74.925,0.0002346399321272,0.1777303215752275,235.1
punjab_stubble_belt,2025-10-23,31.775,74.975,0.0002583944787172,0.1819108682584747,244.8
punjab_stubble_belt,2025-10-23,31.775,75.025,0.0001435994127373,0.1866506040076018,202.4
punjab_stubble_belt,2025-10-23,31.775,75.075,0.0001456718410871,0.1928930165016824,204.3
punjab_stubble_belt,2025-10-23,31.775,75.125,0.0002753020760773,0.2002891250757557,254.6
punjab_stubble_belt,2025-10-23,31.775,75.175,0.0003772067835461,0.208317633624507,294.5
punjab_stubble_belt,2025-10-23,31.775,75.225,0.0003899625791014,0.2150730399475401,300.6
punjab_stubble_belt,2025-10-23,31.775,75.275,0.0003325482629519,0.2222879196645262,280.2
punjab_stubble_belt,2025-10-23,31.775,75.3,0.0002578024677505,0.2253000255789267,252.6
punjab_stubble_belt,2025-10-23,31.825,74.625,0.0003584258682478,0.1674929261750771,280.0
punjab_stubble_belt,2025-10-23,31.825,74.675,0.0003174953059393,0.1674470410093861,264.5
punjab_stubble_belt,2025-10-23,31.825,74.725,0.0001624721695947,0.166236126393979,205.8
punjab_stubble_belt,2025-10-23,31.825,74.775,0.0001462277391197,0.1666359572660256,199.7
punjab_stubble_belt,2025-10-23,31.825,74.825,0.0001396357166919,0.1687805577818536,197.6
punjab_stubble_belt,2025-10-23,31.825,74.875,0.0001567744102569,0.1726783784564269,204.8
punjab_stubble_belt,2025-10-23,31.825,74.925,0.0003016527394772,0.178727434900963,260.6
punjab_stubble_belt,2025-10-23,31.825,74.975,0.0002850250141657,0.18272539334338,255.0
punjab_stubble_belt,2025-10-23,31.825,75.025,0.0002458051405612,0.1874147368709321,241.1
punjab_stubble_belt,2025-10-23,31.825,75.075,0.0002536031930221,0.1932391424806744,245.1
punjab_stubble_belt,2025-10-23,31.825,75.125,0.0002984588777736,0.200402946536805,263.3
punjab_stubble_belt,2025-10-23,31.825,75.175,0.0002580542773794,0.2114732239250507,250.1
punjab_stubble_belt,2025-10-23,31.825,75.225,0.0003008613527021,0.2185336216438851,267.6
punjab_stubble_belt,2025-10-23,31.825,75.275,0.0003019062529317,0.2273411002205012,269.6
punjab_stubble_belt,2025-10-23,31.825,75.3,0.000299165618464,0.2311364738450219,269.2
punjab_stubble_belt,2025-10-23,31.875,74.625,0.0002906753918698,0.1692795176262792,254.7
punjab_stubble_belt,2025-10-23,31.875,74.675,0.0003022402081011,0.1705358597975212,259.3
punjab_stubble_belt,2025-10-23,31.875,74.725,0.0001487773659186,0.1701701999844898,201.3
punjab_stubble_belt,2025-10-23,31.875,74.775,0.0001142550946762,0.1705888317063429,188.4
punjab_stubble_belt,2025-10-23,31.875,74.825,0.0001498302556383,0.1719544591256413,202.1
punjab_stubble_belt,2025-10-23,31.875,74.875,0.0002458325575984,0.1745760448734917,238.8
punjab_stubble_belt,2025-10-23,31.875,74.925,0.0003955473741355,0.1799906660830282,296.3
punjab_stubble_belt,2025-10-23,31.875,74.975,0.0003033680756539,0.1839278212765513,262.2
punjab_stubble_belt,2025-10-23,31.875,75.025,0.000315794067227,0.1891126014564332,267.8
punjab_stubble_belt,2025-10-23,31.875,75.075,0.0003352043398414,0.1947156386867042,276.2
punjab_stubble_belt,2025-10-23,31.875,75.125,0.0003309015027001,0.2012681347405356,275.7
punjab_stubble_belt,2025-10-23,31.875,75.175,0.0002082995858818,0.2144548927622442,231.9
punjab_stubble_belt,2025-10-23,31.875,75.225,0.0002397565094611,0.2224394884144395,245.2
punjab_stubble_belt,2025-10-23,31.875,75.275,0.0002905724766525,0.2333618712038702,266.4
punjab_stubble_belt,2025-10-23,31.875,75.3,0.000329411118756,0.2411517395075135,282.5
punjab_stubble_belt,2025-10-24,31.325,74.625,0.0003329286082003,0.0837907094124209,255.1
punjab_stubble_belt,2025-10-24,31.325,74.675,0.0003315886960825,0.0843921350550698,254.7
punjab_stubble_belt,2025-10-24,31.325,74.725,0.0003616142436142,0.0860027919940345,266.3
punjab_stubble_belt,2025-10-24,31.325,74.775,0.0004333178510678,0.0862506165155598,293.4
punjab_stubble_belt,2025-10-24,31.325,74.825,0.0003874716661399,0.0889813437463472,276.6
punjab_stubble_belt,2025-10-24,31.325,74.875,0.0002730408604134,0.0937742859779984,234.3
punjab_stubble_belt,2025-10-24,31.325,74.925,0.0002864038249671,0.099484407215522,240.4
punjab_stubble_belt,2025-10-24,31.325,74.975,0.0003480588536156,0.0996232396878005,263.7
punjab_stubble_belt,2025-10-24,31.325,75.025,0.0002804512225108,0.0982113639971068,237.9
punjab_stubble_belt,2025-10-24,31.325,75.075,0.0002287489156732,0.0972742813000185,218.2
punjab_stubble_belt,2025-10-24,31.325,75.125,0.000218007395265,0.0967806347366003,214.1
punjab_stubble_belt,2025-10-24,31.325,75.175,0.0002492431931922,0.0941734453040477,225.4
punjab_stubble_belt,2025-10-24,31.325,75.225,0.0001721744688266,0.0945538713391131,196.4
punjab_stubble_belt,2025-10-24,31.325,75.275,0.0002621362473016,0.1010594436137293,231.5
punjab_stubble_belt,2025-10-24,31.325,75.3,0.0003384045717907,0.106306383153843,261.2
punjab_stubble_belt,2025-10-24,31.375,74.625,0.0002902336414674,0.0842815232582021,239.0
punjab_stubble_belt,2025-10-24,31.375,74.675,0.0003108713982684,0.083829786026443,246.7
punjab_stubble_belt,2025-10-24,31.375,74.725,0.0003823547028504,0.0825100068452309,273.5
punjab_stubble_belt,2025-10-24,31.375,74.775,0.0004040080249648,0.082049382287502,281.6
punjab_stubble_belt,2025-10-24,31.375,74.825,0.0003565448510071,0.0838058771924592,264.0
punjab_stubble_belt,2025-10-24,31.375,74.875,0.00027389806241,0.0873876394620625,233.4
punjab_stubble_belt,2025-10-24,31.375,74.925,0.0002660212332124,0.0922579722950847,231.3
punjab_stubble_belt,2025-10-24,31.375,74.975,0.0002862173438874,0.0930638842297776,239.1
punjab_stubble_belt,2025-10-24,31.375,75.025,0.0002759583294482,0.0924033010351789,235.1
punjab_stubble_belt,2025-10-24,31.375,75.075,0.0002873033068866,0.0919414966175439,239.3
punjab_stubble_belt,2025-10-24,31.375,75.125,0.000312298222404,0.0919168900961412,248.8
punjab_stubble_belt,2025-10-24,31.375,75.175,0.0002526003463896,0.0910902238964348,226.1
punjab_stubble_belt,2025-10-24,31.375,75.225,0.0001894382314495,0.0909494304429971,202.2
punjab_stubble_belt,2025-10-24,31.375,75.275,0.0002695958173901,0.0958518816102255,233.4
punjab_stubble_belt,2025-10-24,31.375,75.3,0.0003316310972543,0.0984857957836273,257.2
punjab_stubble_belt,2025-10-24,31.425,74.625,0.0002522426348962,0.0848287689171711,224.8
punjab_stubble_belt,2025-10-24,31.425,74.675,0.0002940474892075,0.0835137377891403,240.3
punjab_stubble_belt,2025-10-24,31.425,74.725,0.0003194171746381,0.0798724946018477,249.2
punjab_stubble_belt,2025-10-24,31.425,74.775,0.0002741527806821,0.0793298774669513,232.1
punjab_stubble_belt,2025-10-24,31.425,74.825,0.0002662471617899,0.0800666798991578,229.2
punjab_stubble_belt,2025-10-24,31.425,74.875,0.0002780607816391,0.0814922181522521,233.9
punjab_stubble_belt,2025-10-24,31.425,74.925,0.0002114284366911,0.0825342745431919,209.0
punjab_stubble_belt,2025-10-24,31.425,74.975,0.0002189494375823,0.0836663436931145,212.0
punjab_stubble_belt,2025-10-24,31.425,75.025,0.0002578746913614,0.0848306391914039,226.9
punjab_stubble_belt,2025-10-24,31.425,75.075,0.0003297305029173,0.0858608263829148,254.2
punjab_stubble_belt,2025-10-24,31.425,75.125,0.0003986624431856,0.0869491346086138,280.4
punjab_stubble_belt,2025-10-24,31.425,75.175,0.0002779814871196,0.089430780615375,235.3
punjab_stubble_belt,2025-10-24,31.425,75.225,0.0002064618345079,0.089564659354013,208.4
punjab_stubble_belt,2025-10-24,31.425,75.275,0.0002759310183485,0.0921409877703298,235.1
punjab_stubble_belt,2025-10-24,31.425,75.3,0.0002894024870341,0.0948722946196733,240.7
punjab_stubble_belt,2025-10-24,31.475,74.625,0.0002408095040853,0.0837656319922743,220.3
punjab_stubble_belt,2025-10-24,31.475,74.675,0.0002706253108829,0.0816253442367166,231.1
punjab_stubble_belt,2025-10-24,31.475,74.725,0.0002014362864406,0.0773939312411196,204.3
punjab_stubble_belt,2025-10-24,31.475,74.775,0.0001616063746248,0.0767988877574537,189.1
punjab_stubble_belt,2025-10-24,31.475,74.825,0.0001670463062119,0.0768554627660603,191.2
punjab_stubble_belt,2025-10-24,31.475,74.875,0.0001961058274332,0.0770606881378983,202.2
punjab_stubble_belt,2025-10-24,31.475,74.925,0.0001703657006718,0.0766733977709313,192.4
punjab_stubble_belt,2025-10-24,31.475,74.975,0.0003924470359304,0.0772647394856727,276.3
punjab_stubble_belt,2025-10-24,31.475,75.025,0.0003040427958659,0.0802376798285884,243.5
punjab_stubble_belt,2025-10-24,31.475,75.075,0.0002728290809237,0.0830461358480608,232.2
punjab_stubble_belt,2025-10-24,31.475,75.125,0.0003234841425469,0.085847837010922,251.9
punjab_stubble_belt,2025-10-24,31.475,75.175,0.0002650111537317,0.0927214549773504,231.1
punjab_stubble_belt,2025-10-24,31.475,75.225,0.0002534769948408,0.0933880122987603,226.8
punjab_stubble_belt,2025-10-24,31.475,75.275,0.000238200078722,0.0953198371328767,221.4
punjab_stubble_belt,2025-10-24,31.525,74.625,0.000467883881334,0.0775532110352464,304.8
punjab_stubble_belt,2025-10-24,31.525,74.675,0.0004953398050992,0.0754037025477967,314.8
punjab_stubble_belt,2025-10-24,31.525,74.725,0.0005125698713091,0.0772850937252079,321.7
punjab_stubble_belt,2025-10-24,31.525,74.775,0.0004762445180438,0.0770682027445919,307.9
punjab_stubble_belt,2025-10-24,31.525,74.825,0.000424549441324,0.0757278640483588,288.2
punjab_stubble_belt,2025-10-24,31.525,74.875,0.0003721656149854,0.0731668880950741,267.9
punjab_stubble_belt,2025-10-24,31.525,74.925,0.0003441902564788,0.0682401038530152,256.5
punjab_stubble_belt,2025-10-24,31.525,74.975,0.0003557103031502,0.0672733746531106,260.6
punjab_stubble_belt,2025-10-24,31.525,75.025,0.0001350829564838,0.066322915062238,177.2
punjab_stubble_belt,2025-10-24,31.525,75.075,6.209118008878464e-05,0.0672481866047634,149.8
punjab_stubble_belt,2025-10-24,31.525,75.125,0.0001770504795995,0.0713695913632039,194.0
punjab_stubble_belt,2025-10-24,31.525,75.175,0.0003451874123355,0.0828871301914514,259.5
punjab_stubble_belt,2025-10-24,31.525,75.225,0.0003623408951022,0.0864959106824769,266.6
punjab_stubble_belt,2025-10-24,31.525,75.275,0.000325147279103,0.0904087627383723,253.3
punjab_stubble_belt,2025-10-24,31.525,75.3,0.0002670683238186,0.0944059917268718,232.1
punjab_stubble_belt,2025-10-24,31.575,74.625,0.0005102788542617,0.0718643623348938,319.8
punjab_stubble_belt,2025-10-24,31.575,74.675,0.00038334590415,0.0695305264344467,271.5
punjab_stubble_belt,2025-10-24,31.575,74.725,0.0005391884133944,0.0702495657185437,330.4
punjab_stubble_belt,2025-10-24,31.575,74.775,0.0004385366113799,0.0714681769974608,292.7
punjab_stubble_belt,2025-10-24,31.575,74.825,0.000374387467436,0.0719672604317998,268.5
punjab_stubble_belt,2025-10-24,31.575,74.875,0.0003675618209016,0.0709093088318133,265.8
punjab_stubble_belt,2025-10-24,31.575,74.925,0.0003878318154704,0.0657652109356941,272.5
punjab_stubble_belt,2025-10-24,31.575,74.975,0.0003226169868707,0.0646306258908482,247.7
punjab_stubble_belt,2025-10-24,31.575,75.025,0.0001190606361677,0.0628972153259762,170.5
punjab_stubble_belt,2025-10-24,31.575,75.075,5.964334053314842e-05,0.0629979504194676,148.1
punjab_stubble_belt,2025-10-24,31.575,75.125,0.000161589448492,0.0661539022641243,187.2
punjab_stubble_belt,2025-10-24,31.575,75.175,0.0002844179603979,0.0775958962945259,235.6
punjab_stubble_belt,2025-10-24,31.575,75.225,0.0003559752109407,0.0835284868999233,263.7
punjab_stubble_belt,2025-10-24,31.575,75.275,0.0003289117870284,0.0895390045831287,254.6
punjab_stubble_belt,2025-10-24,31.575,75.3,0.0003041912977697,0.0927389524090568,245.8
punjab_stubble_belt,2025-10-24,31.625,74.625,0.0004423621770371,0.064219131122986,292.8
punjab_stubble_belt,2025-10-24,31.625,74.675,0.0002571622982975,0.0621409347565184,222.5
punjab_stubble_belt,2025-10-24,31.625,74.725,0.0004356431478903,0.0619131837887397,289.8
punjab_stubble_belt,2025-10-24,31.625,74.775,0.0003748178665269,0.0645737913423433,267.4
punjab_stubble_belt,2025-10-24,31.625,74.825,0.0003151172238572,0.066811565743626,245.2
punjab_stubble_belt,2025-10-24,31.625,74.875,0.000283376449277,0.0673581958851165,233.4
punjab_stubble_belt,2025-10-24,31.625,74.925,0.0002846206726649,0.0630928735418788,233.0
punjab_stubble_belt,2025-10-24,31.625,74.975,0.0002203567770656,0.0612894402827027,208.5
punjab_stubble_belt,2025-10-24,31.625,75.025,0.0001139854481719,0.0603779601080235,168.1
punjab_stubble_belt,2025-10-24,31.625,75.075,8.915744154556624e-05,0.0605504955308233,158.8
punjab_stubble_belt,2025-10-24,31.625,75.125,0.0001511457336347,0.0628445579271845,182.6
punjab_stubble_belt,2025-10-24,31.625,75.175,0.0002118044858985,0.0731912543455405,207.4
punjab_stubble_belt,2025-10-24,31.625,75.225,0.0003208943632875,0.0797065367614369,249.8
punjab_stubble_belt,2025-10-24,31.625,75.275,0.0002276407220205,0.0862149770044614,215.8
punjab_stubble_belt,2025-10-24,31.625,75.3,0.0001192888143818,0.0890918774041883,175.4
punjab_stubble_belt,2025-10-24,31.675,74.625,0.0003428443711083,0.0561031379906441,253.7
punjab_stubble_belt,2025-10-24,31.675,74.675,0.0002038710893326,0.0545998249124971,201.0
punjab_stubble_belt,2025-10-24,31.675,74.725,0.0002880514301733,0.0538476437078344,232.6
punjab_stubble_belt,2025-10-24,31.675,74.775,0.0003362016979412,0.0570264159388949,251.4
punjab_stubble_belt,2025-10-24,31.675,74.825,0.0002946436359555,0.0600751454446082,236.3
punjab_stubble_belt,2025-10-24,31.675,74.875,0.0001912239651137,0.0617428015046584,197.5
punjab_stubble_belt,2025-10-24,31.675,74.925,0.0001159072031245,0.05935057222175,168.7
punjab_stubble_belt,2025-10-24,31.675,74.975,0.0001559649227543,0.0571975888817721,183.4
punjab_stubble_belt,2025-10-24,31.675,75.025,0.0001274038299645,0.0582842106278634,172.8
punjab_stubble_belt,2025-10-24,31.675,75.075,0.0001195307881388,0.0594655028681684,170.1
punjab_stubble_belt,2025-10-24,31.675,75.125,0.0001361312973598,0.0612852128262078,176.7
punjab_stubble_belt,2025-10-24,31.675,75.175,0.0001534315252761,0.0700776821730386,184.8
punjab_stubble_belt,2025-10-24,31.675,75.225,0.0002602882924834,0.0755584109200331,226.1
punjab_stubble_belt,2025-10-24,31.675,75.275,9.375044295344346e-05,0.0813836809511972,164.4
punjab_stubble_belt,2025-10-24,31.675,75.3,7.116543930278274e-05,0.0836129756164981,156.2
punjab_stubble_belt,2025-10-24,31.725,74.625,0.0004566139300178,0.0525804498961333,296.0
punjab_stubble_belt,2025-10-24,31.725,74.675,0.0004099802542968,0.0509954724951528,278.1
punjab_stubble_belt,2025-10-24,31.725,74.725,0.0003260528223828,0.0475127877136566,245.8
punjab_stubble_belt,2025-10-24,31.725,74.775,0.0003855253173723,0.0472976798676154,268.2
punjab_stubble_belt,2025-10-24,31.725,74.825,0.0003844930434972,0.0487598399892005,268.1
punjab_stubble_belt,2025-10-24,31.725,74.875,0.0003060991549897,0.0511698191038575,239.0
punjab_stubble_belt,2025-10-24,31.725,74.925,0.0001491051500704,0.0528778127483593,180.0
punjab_stubble_belt,2025-10-24,31.725,74.975,0.0005252511286661,0.0541140840223354,322.2
punjab_stubble_belt,2025-10-24,31.725,75.025,0.0002672217868091,0.0578940462865676,225.5
punjab_stubble_belt,2025-10-24,31.725,75.075,0.0001046195662391,0.0609542665417302,164.7
punjab_stubble_belt,2025-10-24,31.725,75.125,0.0001276804736699,0.0634652014142689,173.9
punjab_stubble_belt,2025-10-24,31.725,75.175,0.0001463722112975,0.0702957517652648,182.2
punjab_stubble_belt,2025-10-24,31.725,75.225,0.0001368430569005,0.0730435119027362,179.1
punjab_stubble_belt,2025-10-24,31.725,75.275,0.0001787072826898,0.0787528864286867,195.9
punjab_stubble_belt,2025-10-24,31.775,74.625,0.0006215327796056,0.0560892606078242,358.9
punjab_stubble_belt,2025-10-24,31.775,74.675,0.000547712921749,0.0547365733443442,330.8
punjab_stubble_belt,2025-10-24,31.775,74.725,0.0003487934637192,0.0495552969565605,254.8
punjab_stubble_belt,2025-10-24,31.775,74.775,0.000318071282007,0.0479965719648054,242.9
punjab_stubble_belt,2025-10-24,31.775,74.825,0.0003039330775786,0.0474126046110667,237.5
punjab_stubble_belt,2025-10-24,31.775,74.875,0.0002831738072242,0.0480688877229254,229.8
punjab_stubble_belt,2025-10-24,31.775,74.925,0.0002211857177526,0.0521062520323412,207.1
punjab_stubble_belt,2025-10-24,31.775,74.975,0.0003854891510636,0.0550181088922181,269.6
punjab_stubble_belt,2025-10-24,31.775,75.025,0.0001588524401647,0.0575476095588471,184.6
punjab_stubble_belt,2025-10-24,31.775,75.075,3.902493122223199e-05,0.059873899010054,139.8
punjab_stubble_belt,2025-10-24,31.775,75.125,7.35725852929562e-05,0.0627081134177769,153.3
punjab_stubble_belt,2025-10-24,31.775,75.175,8.661441979365524e-05,0.0704595943349581,159.7
punjab_stubble_belt,2025-10-24,31.775,75.225,8.126214722446345e-05,0.0726908234050427,158.0
punjab_stubble_belt,2025-10-24,31.775,75.275,0.0001171955725784,0.0787530217925585,172.7
punjab_stubble_belt,2025-10-24,31.775,75.3,0.0001706226844958,0.0823624544313003,193.5
punjab_stubble_belt,2025-10-24,31.825,74.625,0.0003478018289243,0.0552160066569021,255.4
punjab_stubble_belt,2025-10-24,31.825,74.675,0.0003870047282911,0.0523690243633449,269.7
punjab_stubble_belt,2025-10-24,31.825,74.725,0.0003342633390423,0.0437942212392871,248.3
punjab_stubble_belt,2025-10-24,31.825,74.775,0.0003181310580711,0.0418521812067393,241.8
punjab_stubble_belt,2025-10-24,31.825,74.825,0.0002940506700273,0.0421419341505101,232.8
punjab_stubble_belt,2025-10-24,31.825,74.875,0.0002608576443076,0.0447022857344944,220.7
punjab_stubble_belt,2025-10-24,31.825,74.925,0.0002203943706125,0.0525314288975049,206.9
punjab_stubble_belt,2025-10-24,31.825,74.975,0.0002277797235859,0.0545323327988471,210.0
punjab_stubble_belt,2025-10-24,31.825,75.025,0.0002509794992579,0.056708751934807,219.2
punjab_stubble_belt,2025-10-24,31.825,75.075,0.0002539379036139,0.0588429438233538,220.7
punjab_stubble_belt,2025-10-24,31.825,75.125,0.0002421128075528,0.061313452775266,216.7
punjab_stubble_belt,2025-10-24,31.825,75.175,0.0002605092544592,0.0671368390464272,224.7
punjab_stubble_belt,2025-10-24,31.825,75.225,0.0002036106746347,0.0689299254622664,203.5
punjab_stubble_belt,2025-10-24,31.825,75.275,0.0001095964911372,0.0743442803264333,169.0
punjab_stubble_belt,2025-10-24,31.825,75.3,7.076881429421327e-05,0.0787344644585549,155.2
punjab_stubble_belt,2025-10-24,31.875,74.625,0.0002206745304329,0.052486757629937,207.0
punjab_stubble_belt,2025-10-24,31.875,74.675,0.0003235678091008,0.0494086934758828,245.2
punjab_stubble_belt,2025-10-24,31.875,74.725,0.0003523340262012,0.0389428106155711,254.2
punjab_stubble_belt,2025-10-24,31.875,74.775,0.0003578804157676,0.0357201184738476,255.7
punjab_stubble_belt,2025-10-24,31.875,74.825,0.0003207657498569,0.0369528490176499,241.9
punjab_stubble_belt,2025-10-24,31.875,74.875,0.0002593715983548,0.0427526930662817,219.8
punjab_stubble_belt,2025-10-24,31.875,74.925,0.000235835132282,0.0550820883824838,213.2
punjab_stubble_belt,2025-10-24,31.875,74.975,0.0002035825432894,0.0565245201424891,201.3
punjab_stubble_belt,2025-10-24,31.875,75.025,0.0003008642075051,0.0584509282274275,238.3
punjab_stubble_belt,2025-10-24,31.875,75.075,0.0003362091320117,0.0599918361112549,251.9
punjab_stubble_belt,2025-10-24,31.875,75.125,0.0003053689893622,0.0613670634551861,240.6
punjab_stubble_belt,2025-10-24,31.875,75.175,0.0003572350639331,0.0646664194273131,260.7
punjab_stubble_belt,2025-10-24,31.875,75.225,0.0002922473962645,0.0667098736831472,236.6
punjab_stubble_belt,2025-10-24,31.875,75.275,0.0001543366580429,0.0717186750358081,185.4
punjab_stubble_belt,2025-10-24,31.875,75.3,8.996746132715871e-05,0.0747971394238084,161.7
punjab_stubble_belt,2025-10-25,31.325,74.625,0.0003307373010042,0.0007046784743713,239.0
punjab_stubble_belt,2025-10-25,31.325,74.675,0.0003472623858754,0.0,245.2
punjab_stubble_belt,2025-10-25,31.325,74.725,0.0003210098331072,0.0,235.2
punjab_stubble_belt,2025-10-25,31.325,74.775,0.0002037449531882,0.0,191.0
punjab_stubble_belt,2025-10-25,31.325,74.825,0.000192442869199,5.287781215552197e-05,186.7
punjab_stubble_belt,2025-10-25,31.325,74.875,0.0002542125488223,0.0008282501873424,210.2
punjab_stubble_belt,2025-10-25,31.325,74.925,0.0002267416538249,0.0049892645691536,200.6
punjab_stubble_belt,2025-10-25,31.325,74.975,0.0003923259500017,0.0042331593169467,262.9
punjab_stubble_belt,2025-10-25,31.325,75.025,0.0003675790605196,0.0092469370803309,254.5
punjab_stubble_belt,2025-10-25,31.325,75.075,0.0003291838742257,0.0141271416078353,240.9
punjab_stubble_belt,2025-10-25,31.325,75.125,0.0003261016757614,0.0175587409175414,240.4
punjab_stubble_belt,2025-10-25,31.325,75.175,0.0004686455719764,0.0156303554163331,293.8
punjab_stubble_belt,2025-10-25,31.325,75.225,0.0003599790271819,0.0021882221457023,250.4
punjab_stubble_belt,2025-10-25,31.325,75.275,0.0002878215990145,0.0084652291765305,224.3
punjab_stubble_belt,2025-10-25,31.325,75.3,0.0002722301946568,0.0159912931684878,219.8
punjab_stubble_belt,2025-10-25,31.375,74.625,0.0004224824102339,0.032207178844411,279.4
punjab_stubble_belt,2025-10-25,31.375,74.675,0.0004112233477113,0.0245484138997504,273.8
punjab_stubble_belt,2025-10-25,31.375,74.725,0.0002931870254366,0.0065099828968763,225.9
punjab_stubble_belt,2025-10-25,31.375,74.775,0.0003121336472309,0.0017042487847749,232.2
punjab_stubble_belt,2025-10-25,31.375,74.825,0.0002881214112357,0.0,222.8
punjab_stubble_belt,2025-10-25,31.375,74.875,0.0002203926106536,0.0,197.3
punjab_stubble_belt,2025-10-25,31.375,74.925,0.0001396682141275,0.0,166.8
punjab_stubble_belt,2025-10-25,31.375,74.975,0.0003117747442731,0.0,231.8
punjab_stubble_belt,2025-10-25,31.375,75.025,0.0003119798280917,0.0,231.8
punjab_stubble_belt,2025-10-25,31.375,75.075,0.0002962207788954,0.0005776090945495,226.0
punjab_stubble_belt,2025-10-25,31.375,75.125,0.0002964637699204,0.0026014446827656,226.5
punjab_stubble_belt,2025-10-25,31.375,75.175,0.0003532058921484,0.0112352959887653,249.5
punjab_stubble_belt,2025-10-25,31.375,75.225,0.0003312025626593,0.0015729238372529,239.4
punjab_stubble_belt,2025-10-25,31.375,75.275,0.0002815100521692,0.0036963505547371,221.0
punjab_stubble_belt,2025-10-25,31.375,75.3,0.0002558036350775,0.0054284436094021,211.6
punjab_stubble_belt,2025-10-25,31.425,74.625,0.0005170079626029,0.0713675288058335,322.3
punjab_stubble_belt,2025-10-25,31.425,74.675,0.0004768710874319,0.0587204277523705,304.8
punjab_stubble_belt,2025-10-25,31.425,74.725,0.0003496353723385,0.0186202662381819,249.5
punjab_stubble_belt,2025-10-25,31.425,74.775,0.0005138212642349,0.005907774998715,309.1
punjab_stubble_belt,2025-10-25,31.425,74.825,0.0004464669753404,0.0007624162948279,282.7
punjab_stubble_belt,2025-10-25,31.425,74.875,0.0001934820329054,0.0,187.1
punjab_stubble_belt,2025-10-25,31.425,74.925,2.74930052606792e-05,0.0,124.5
punjab_stubble_belt,2025-10-25,31.425,74.975,0.0001817203590626,0.0,182.7
punjab_stubble_belt,2025-10-25,31.425,75.025,0.0002227668710531,0.0,198.2
punjab_stubble_belt,2025-10-25,31.425,75.075,0.0002280625650466,0.0,200.2
punjab_stubble_belt,2025-10-25,31.425,75.125,0.0002080206447155,0.0,192.6
punjab_stubble_belt,2025-10-25,31.425,75.175,0.0001491423338625,0.0,170.4
punjab_stubble_belt,2025-10-25,31.425,75.225,0.0002087081314131,0.0,192.9
punjab_stubble_belt,2025-10-25,31.425,75.275,0.0002579879017704,7.984475081339249e-06,211.5
punjab_stubble_belt,2025-10-25,31.425,75.3,0.0002677391754292,7.984475081339247e-06,215.1
punjab_stubble_belt,2025-10-25,31.475,74.625,0.0006159389385023,0.067281700451113,358.8
punjab_stubble_belt,2025-10-25,31.475,74.675,0.0005534539284696,0.0690031175230151,335.6
punjab_stubble_belt,2025-10-25,31.475,74.725,0.0004882587669461,0.0350169216688907,304.8
punjab_stubble_belt,2025-10-25,31.475,74.775,0.0004656270488723,0.0155956899959933,292.7
punjab_stubble_belt,2025-10-25,31.475,74.825,0.0003658683318661,0.0042786679899737,253.0
punjab_stubble_belt,2025-10-25,31.475,74.875,0.0002136110505357,0.0,194.7
punjab_stubble_belt,2025-10-25,31.475,74.925,0.0001115656842918,0.0,156.2
punjab_stubble_belt,2025-10-25,31.475,74.975,0.0001431805046574,0.0,168.1
punjab_stubble_belt,2025-10-25,31.475,75.025,0.0001754592138214,0.0,180.3
punjab_stubble_belt,2025-10-25,31.475,75.075,0.0001972948729936,0.0,188.6
punjab_stubble_belt,2025-10-25,31.475,75.125,0.0002050834326908,0.0,191.5
punjab_stubble_belt,2025-10-25,31.475,75.175,0.0001969821120008,0.0,188.4
punjab_stubble_belt,2025-10-25,31.475,75.225,0.0002304205199247,0.0,201.1
punjab_stubble_belt,2025-10-25,31.475,75.275,0.0002400840876013,0.0,204.7
punjab_stubble_belt,2025-10-25,31.525,74.625,0.0003612531228342,0.0351890010801158,256.9
punjab_stubble_belt,2025-10-25,31.525,74.675,0.0003476863898073,0.0579081014811731,255.9
punjab_stubble_belt,2025-10-25,31.525,74.725,0.0006346795057339,0.0922644761707204,370.5
punjab_stubble_belt,2025-10-25,31.525,74.775,0.0004163830612584,0.0813371286280524,286.1
punjab_stubble_belt,2025-10-25,31.525,74.825,0.0003073321626052,0.0459105020971174,238.5
punjab_stubble_belt,2025-10-25,31.525,74.875,0.0003068136366626,0.0034537015083942,230.5
punjab_stubble_belt,2025-10-25,31.525,74.925,0.0001891856038058,0.0,185.5
punjab_stubble_belt,2025-10-25,31.525,74.975,0.0002112234426245,0.0,193.8
punjab_stubble_belt,2025-10-25,31.525,75.025,0.0002152286912231,0.0,195.3
punjab_stubble_belt,2025-10-25,31.525,75.075,0.0001966812799952,0.0,188.3
punjab_stubble_belt,2025-10-25,31.525,75.125,0.0001757581079125,0.0,180.4
punjab_stubble_belt,2025-10-25,31.525,75.175,0.0002595631656843,0.0,212.1
punjab_stubble_belt,2025-10-25,31.525,75.225,0.0002929301902811,0.0,224.7
punjab_stubble_belt,2025-10-25,31.525,75.275,0.0003070128381341,0.0,230.0
punjab_stubble_belt,2025-10-25,31.525,75.3,0.0002809825601773,0.0,220.1
punjab_stubble_belt,2025-10-25,31.575,74.625,0.0003847174868148,0.0504504375281735,268.5
punjab_stubble_belt,2025-10-25,31.575,74.675,0.000409289205223,0.0620417593752932,279.9
punjab_stubble_belt,2025-10-25,31.575,74.725,0.0005142120714756,0.0964289328902115,325.8
punjab_stubble_belt,2025-10-25,31.575,74.775,0.0003705111197809,0.0893418236288425,270.3
punjab_stubble_belt,2025-10-25,31.575,74.825,0.0003633747696209,0.0530616672661792,260.9
punjab_stubble_belt,2025-10-25,31.575,74.875,0.000457713763667,0.0062289573114229,288.0
punjab_stubble_belt,2025-10-25,31.575,74.925,0.0004135462993487,0.0,270.2
punjab_stubble_belt,2025-10-25,31.575,74.975,0.0001949382622841,0.0,187.7
punjab_stubble_belt,2025-10-25,31.575,75.025,0.0002017436493603,0.0,190.2
punjab_stubble_belt,2025-10-25,31.575,75.075,0.0001864329198714,0.0,184.5
punjab_stubble_belt,2025-10-25,31.575,75.125,0.0001468678476215,0.0,169.5
punjab_stubble_belt,2025-10-25,31.575,75.175,0.0002797758207637,0.0,219.7
punjab_stubble_belt,2025-10-25,31.575,75.225,0.0003069713662127,0.0,230.0
punjab_stubble_belt,2025-10-25,31.575,75.275,0.0002140422683191,0.0,194.9
punjab_stubble_belt,2025-10-25,31.575,75.3,0.0001925090488933,0.0,186.8
punjab_stubble_belt,2025-10-25,31.625,74.625,0.0004042846493848,0.0354860087705002,273.2
punjab_stubble_belt,2025-10-25,31.625,74.675,0.0004255995303735,0.0385066489380157,281.8
punjab_stubble_belt,2025-10-25,31.625,74.725,0.0004220221489096,0.0571854169275604,283.8
punjab_stubble_belt,2025-10-25,31.625,74.775,0.0003687622985611,0.053873776392996,263.1
punjab_stubble_belt,2025-10-25,31.625,74.825,0.0003671955881462,0.0328155856806894,258.7
punjab_stubble_belt,2025-10-25,31.625,74.875,0.0004084894060064,0.0045199963068637,269.1
punjab_stubble_belt,2025-10-25,31.625,74.925,0.0004371486470992,0.0,279.1
punjab_stubble_belt,2025-10-25,31.625,74.975,0.0002353370465953,0.0,202.9
punjab_stubble_belt,2025-10-25,31.625,75.025,0.0002637332153195,0.0021651335575627,214.0
punjab_stubble_belt,2025-10-25,31.625,75.075,0.0002496504565357,0.0033566742293071,208.9
punjab_stubble_belt,2025-10-25,31.625,75.125,0.000185363660323,0.0028477072658042,184.6
punjab_stubble_belt,2025-10-25,31.625,75.175,0.0002657694177096,0.0,214.4
punjab_stubble_belt,2025-10-25,31.625,75.225,0.0001694401754828,0.0,178.0
punjab_stubble_belt,2025-10-25,31.625,75.275,0.0001536017774435,0.0,172.1
punjab_stubble_belt,2025-10-25,31.625,75.3,0.0001735275701555,0.0,179.6
punjab_stubble_belt,2025-10-25,31.675,74.625,0.0003812101155052,0.0,258.0
punjab_stubble_belt,2025-10-25,31.675,74.675,0.000370673041352,0.0,254.0
punjab_stubble_belt,2025-10-25,31.675,74.725,0.0003849649326644,0.0,259.4
punjab_stubble_belt,2025-10-25,31.675,74.775,0.0003994599917637,0.0,264.9
punjab_stubble_belt,2025-10-25,31.675,74.825,0.000336096396409,2.8447928131761426e-05,240.9
punjab_stubble_belt,2025-10-25,31.675,74.875,0.0002448747359199,5.943584984671583e-05,206.5
punjab_stubble_belt,2025-10-25,31.675,74.925,0.0003107514822968,0.0,231.4
punjab_stubble_belt,2025-10-25,31.675,74.975,0.0003428719441641,0.0,243.5
punjab_stubble_belt,2025-10-25,31.675,75.025,0.0003481850089794,0.0047237687915802,246.4
punjab_stubble_belt,2025-10-25,31.675,75.075,0.0003091024181758,0.0075877022528104,232.1
punjab_stubble_belt,2025-10-25,31.675,75.125,0.0002417500322801,0.0070282444314172,206.6
punjab_stubble_belt,2025-10-25,31.675,75.175,0.0002394881663275,0.0,204.5
punjab_stubble_belt,2025-10-25,31.675,75.225,-1.3447638921217648e-05,0.0,109.0
punjab_stubble_belt,2025-10-25,31.675,75.275,0.0001423333953139,0.0001216890881331,167.8
punjab_stubble_belt,2025-10-25,31.675,75.3,0.0002425038769777,0.0006953662179034,205.7
punjab_stubble_belt,2025-10-25,31.725,74.625,0.0002647835174368,0.0,214.0
punjab_stubble_belt,2025-10-25,31.725,74.675,0.0002522419434714,0.0,209.3
punjab_stubble_belt,2025-10-25,31.725,74.725,0.000383394370465,0.0,258.8
punjab_stubble_belt,2025-10-25,31.725,74.775,0.0004178806581161,0.0,271.8
punjab_stubble_belt,2025-10-25,31.725,74.825,0.0003982346993719,0.0,264.4
punjab_stubble_belt,2025-10-25,31.725,74.875,0.0003464485030855,0.0,244.8
punjab_stubble_belt,2025-10-25,31.725,74.925,0.0003182561731667,0.0,234.2
punjab_stubble_belt,2025-10-25,31.725,74.975,0.0005346129922551,0.0,315.9
punjab_stubble_belt,2025-10-25,31.725,75.025,0.0002444169154255,0.0008748668732243,206.5
punjab_stubble_belt,2025-10-25,31.725,75.075,8.074338339996768e-05,0.0037799120238476,145.3
punjab_stubble_belt,2025-10-25,31.725,75.125,0.000131196486674,0.0068603079963665,164.9
punjab_stubble_belt,2025-10-25,31.725,75.175,0.0002721067343662,0.0,216.8
punjab_stubble_belt,2025-10-25,31.725,75.225,0.0001348495031337,0.0,165.0
punjab_stubble_belt,2025-10-25,31.725,75.275,0.0001678600900668,0.0008378946973494,177.6
punjab_stubble_belt,2025-10-25,31.775,74.625,0.0003021339459025,0.0,228.1
punjab_stubble_belt,2025-10-25,31.775,74.675,0.0003364233744151,0.0,241.1
punjab_stubble_belt,2025-10-25,31.775,74.725,0.0002612330745636,0.0,212.7
punjab_stubble_belt,2025-10-25,31.775,74.775,0.0002440258026966,0.0,206.2
punjab_stubble_belt,2025-10-25,31.775,74.825,0.0002683949813219,0.0,215.4
punjab_stubble_belt,2025-10-25,31.775,74.875,0.0003013813786767,0.0,227.8
punjab_stubble_belt,2025-10-25,31.775,74.925,0.000253217106683,0.0,209.7
punjab_stubble_belt,2025-10-25,31.775,74.975,0.0001247629216475,0.0,161.2
punjab_stubble_belt,2025-10-25,31.775,75.025,0.0001500815699583,9.493806571570952e-05,170.8
punjab_stubble_belt,2025-10-25,31.775,75.075,0.0001972851041408,0.0003803685055444,188.6
punjab_stubble_belt,2025-10-25,31.775,75.125,0.0002423787621658,0.0007246804221513,205.7
punjab_stubble_belt,2025-10-25,31.775,75.175,0.000294529503466,0.0,225.3
punjab_stubble_belt,2025-10-25,31.775,75.225,0.0001977740652964,0.0,188.7
punjab_stubble_belt,2025-10-25,31.775,75.275,0.0002689659771175,0.0034078474872501,216.2
punjab_stubble_belt,2025-10-25,31.775,75.3,0.000271190772997,0.0037490919282595,217.1
punjab_stubble_belt,2025-10-25,31.825,74.625,0.0004445768997124,0.0,281.9
punjab_stubble_belt,2025-10-25,31.825,74.675,0.0004049213953351,0.0,266.9
punjab_stubble_belt,2025-10-25,31.825,74.725,0.0003870511545062,0.0,260.2
punjab_stubble_belt,2025-10-25,31.825,74.775,0.0002606552119747,0.0,212.5
punjab_stubble_belt,2025-10-25,31.825,74.825,0.0002537957683238,0.0,209.9
punjab_stubble_belt,2025-10-25,31.825,74.875,0.0003391643502499,0.0,242.1
punjab_stubble_belt,2025-10-25,31.825,74.925,0.0003582878309162,0.0,249.3
punjab_stubble_belt,2025-10-25,31.825,74.975,0.0002395126360105,0.0,204.5
punjab_stubble_belt,2025-10-25,31.825,75.025,0.0001589782898269,0.0,174.1
punjab_stubble_belt,2025-10-25,31.825,75.075,0.0001348843393246,0.0,165.0
punjab_stubble_belt,2025-10-25,31.825,75.125,0.0001761592265801,0.0,180.6
punjab_stubble_belt,2025-10-25,31.825,75.175,0.0003140738010701,0.0,232.6
punjab_stubble_belt,2025-10-25,31.825,75.225,0.000206954002809,0.0,192.2
punjab_stubble_belt,2025-10-25,31.825,75.275,0.0002252127462592,0.0034301082577791,199.7
punjab_stubble_belt,2025-10-25,31.825,75.3,0.0002675273610636,0.0057719749993885,216.1
punjab_stubble_belt,2025-10-25,31.875,74.625,0.0005456012360441,0.0,320.0
punjab_stubble_belt,2025-10-25,31.875,74.675,0.000511627721614,0.0,307.2
punjab_stubble_belt,2025-10-25,31.875,74.725,0.0003723854984139,0.0,254.6
punjab_stubble_belt,2025-10-25,31.875,74.775,0.0002598732830191,0.0,212.2
punjab_stubble_belt,2025-10-25,31.875,74.825,0.0002654981872558,0.0,214.3
punjab_stubble_belt,2025-10-25,31.875,74.875,0.0003658272026331,0.0,252.2
punjab_stubble_belt,2025-10-25,31.875,74.925,0.0004724192205639,0.0,292.4
punjab_stubble_belt,2025-10-25,31.875,74.975,0.0003473781159804,0.0,245.2
punjab_stubble_belt,2025-10-25,31.875,75.025,0.0001983440704293,0.0,189.0
punjab_stubble_belt,2025-10-25,31.875,75.075,0.0001068287443295,0.0,154.4
punjab_stubble_belt,2025-10-25,31.875,75.125,0.0001016327175373,0.0,152.5
punjab_stubble_belt,2025-10-25,31.875,75.175,0.00025523853003,0.0,210.4
punjab_stubble_belt,2025-10-25,31.875,75.225,0.0002573208928373,0.0,211.2
punjab_stubble_belt,2025-10-25,31.875,75.275,0.000240501308842,0.0020386869667743,205.2
punjab_stubble_belt,2025-10-25,31.875,75.3,0.0002403993078129,0.0027182492890324,205.3
punjab_stubble_belt,2025-10-26,31.325,74.625,0.0003993289523566,0.0002266599302496,264.8
punjab_stubble_belt,2025-10-26,31.325,74.675,0.0003519567166838,0.0013796691406497,247.2
punjab_stubble_belt,2025-10-26,31.325,74.725,0.0003806754578464,8.55320491507944e-05,257.8
punjab_stubble_belt,2025-10-26,31.325,74.775,0.0003605351362153,0.0,250.2
punjab_stubble_belt,2025-10-26,31.325,74.825,0.0003755226258798,0.0035790266924062,256.5
punjab_stubble_belt,2025-10-26,31.325,74.875,0.0003943311133982,0.0173832772552399,266.1
punjab_stubble_belt,2025-10-26,31.325,74.925,0.0002766670082399,0.0684519601515577,231.0
punjab_stubble_belt,2025-10-26,31.325,74.975,0.0003387333442231,0.070027307101811,254.7
punjab_stubble_belt,2025-10-26,31.325,75.025,0.0003836104987954,0.0666872978280062,271.1
punjab_stubble_belt,2025-10-26,31.325,75.075,0.0004135070132557,0.0686697041016623,282.7
punjab_stubble_belt,2025-10-26,31.325,75.125,0.0004203728463441,0.078620669641673,287.1
punjab_stubble_belt,2025-10-26,31.325,75.175,0.000362755607477,0.1038851959360691,270.0
punjab_stubble_belt,2025-10-26,31.325,75.225,0.0003721457225019,0.1138596470549809,275.3
punjab_stubble_belt,2025-10-26,31.325,75.275,0.0003723557431981,0.1083029814586076,274.4
punjab_stubble_belt,2025-10-26,31.325,75.3,0.0003689434233678,0.1057724904316423,272.7
punjab_stubble_belt,2025-10-26,31.375,74.625,0.0003197514179542,0.0,234.8
punjab_stubble_belt,2025-10-26,31.375,74.675,0.0002890559633031,0.0,223.2
punjab_stubble_belt,2025-10-26,31.375,74.725,0.0002878690667748,0.0,222.7
punjab_stubble_belt,2025-10-26,31.375,74.775,0.0003473616105547,0.0,245.2
punjab_stubble_belt,2025-10-26,31.375,74.825,0.0003781418011113,0.0079583769194332,258.3
punjab_stubble_belt,2025-10-26,31.375,74.875,0.0003691702504807,0.0267480204785895,258.3
punjab_stubble_belt,2025-10-26,31.375,74.925,0.000310214477924,0.0683088211671485,243.7
punjab_stubble_belt,2025-10-26,31.375,74.975,0.0002942160640137,0.0643434061406485,236.9
punjab_stubble_belt,2025-10-26,31.375,75.025,0.0002754040967315,0.0480369208933586,226.8
punjab_stubble_belt,2025-10-26,31.375,75.075,0.0003072250681571,0.0430351330632575,237.9
punjab_stubble_belt,2025-10-26,31.375,75.125,0.0003824427688627,0.0552779174461361,268.5
punjab_stubble_belt,2025-10-26,31.375,75.175,0.000412417882981,0.0956620121688054,287.2
punjab_stubble_belt,2025-10-26,31.375,75.225,0.0003213546817492,0.0994877513967582,253.6
punjab_stubble_belt,2025-10-26,31.375,75.275,0.0003633152105029,0.0797317090535395,265.8
punjab_stubble_belt,2025-10-26,31.375,75.3,0.00040402361561,0.0613363715240328,277.8
punjab_stubble_belt,2025-10-26,31.425,74.625,0.0002359862794478,0.0,203.2
punjab_stubble_belt,2025-10-26,31.425,74.675,0.000268547075247,0.0,215.5
punjab_stubble_belt,2025-10-26,31.425,74.725,0.0002537127578642,0.0,209.9
punjab_stubble_belt,2025-10-26,31.425,74.775,0.0003367538743987,0.0,241.2
punjab_stubble_belt,2025-10-26,31.425,74.825,0.0003608900976117,0.0120011532421914,252.5
punjab_stubble_belt,2025-10-26,31.425,74.875,0.0003353586708607,0.0350853284477303,247.1
punjab_stubble_belt,2025-10-26,31.425,74.925,0.0003361325279113,0.0690136643028089,253.6
punjab_stubble_belt,2025-10-26,31.425,74.975,0.0002874291542813,0.057563673982029,233.1
punjab_stubble_belt,2025-10-26,31.425,75.025,0.0002060261224918,0.025369295262845,196.5
punjab_stubble_belt,2025-10-26,31.425,75.075,0.0002303956566278,0.0117581390228399,203.2
punjab_stubble_belt,2025-10-26,31.425,75.125,0.0003562977583579,0.0261296887344049,253.3
punjab_stubble_belt,2025-10-26,31.425,75.175,0.0004560092672699,0.0871311140307368,302.1
punjab_stubble_belt,2025-10-26,31.425,75.225,0.0003385152090551,0.085606974746277,257.5
punjab_stubble_belt,2025-10-26,31.425,75.275,0.0003766159759569,0.0479579494413146,265.0
punjab_stubble_belt,2025-10-26,31.425,75.3,0.0003793184953482,0.0263383395884965,262.1
punjab_stubble_belt,2025-10-26,31.475,74.625,0.0001794729856266,0.0,181.8
punjab_stubble_belt,2025-10-26,31.475,74.675,0.0002361670648236,0.0,203.2
punjab_stubble_belt,2025-10-26,31.475,74.725,0.0002595641283687,0.0,212.1
punjab_stubble_belt,2025-10-26,31.475,74.775,0.000336124589427,0.0,241.0
punjab_stubble_belt,2025-10-26,31.475,74.825,0.000366368916742,0.0032671970833324,253.0
punjab_stubble_belt,2025-10-26,31.475,74.875,0.000355924144706,0.0169758246672068,251.5
punjab_stubble_belt,2025-10-26,31.475,74.925,0.0003590495354999,0.0676842558174717,262.0
punjab_stubble_belt,2025-10-26,31.475,74.975,0.0003917510452275,0.0554616183324084,272.1
punjab_stubble_belt,2025-10-26,31.475,75.025,0.0003826142008224,0.0214013730955635,262.4
punjab_stubble_belt,2025-10-26,31.475,75.075,0.0003994442968606,0.0052223315709598,265.8
punjab_stubble_belt,2025-10-26,31.475,75.125,0.000432636841065,0.0178391923505648,280.6
punjab_stubble_belt,2025-10-26,31.475,75.175,0.0003774225554185,0.0786536978838883,270.9
punjab_stubble_belt,2025-10-26,31.475,75.225,0.0004956300015348,0.082775023184695,316.3
punjab_stubble_belt,2025-10-26,31.475,75.275,0.0004013715191613,0.0515142609003084,275.0
punjab_stubble_belt,2025-10-26,31.525,74.625,0.0002086773881725,0.0,192.9
punjab_stubble_belt,2025-10-26,31.525,74.675,0.0002876349266642,0.0,222.7
punjab_stubble_belt,2025-10-26,31.525,74.725,6.23412068232893e-05,0.0,137.6
punjab_stubble_belt,2025-10-26,31.525,74.775,0.0001641859202913,0.0,176.1
punjab_stubble_belt,2025-10-26,31.525,74.825,0.00022456534149,0.0002528936203925,198.9
punjab_stubble_belt,2025-10-26,31.525,74.875,0.0002249417191572,0.0010884528977594,199.2
punjab_stubble_belt,2025-10-26,31.525,74.925,0.0002298323861777,0.0060734780348702,201.9
punjab_stubble_belt,2025-10-26,31.525,74.975,0.0001640100541574,0.0109531800719395,178.0
punjab_stubble_belt,2025-10-26,31.525,75.025,0.0001950604797365,0.0042202351036075,188.5
punjab_stubble_belt,2025-10-26,31.525,75.075,0.0002338336190136,0.000353435659715,202.4
punjab_stubble_belt,2025-10-26,31.525,75.125,0.0002847181444033,0.0059288345411587,222.6
punjab_stubble_belt,2025-10-26,31.525,75.175,0.0004439981517537,0.0474123949412451,290.3
punjab_stubble_belt,2025-10-26,31.525,75.225,0.0003721827939248,0.0650586971057242,266.4
punjab_stubble_belt,2025-10-26,31.525,75.275,0.0004440412231549,0.0584287895011983,292.4
punjab_stubble_belt,2025-10-26,31.525,75.3,0.0004195833064817,0.042110355059804,280.1
punjab_stubble_belt,2025-10-26,31.575,74.625,0.0002192612478277,0.0,196.9
punjab_stubble_belt,2025-10-26,31.575,74.675,0.0003770744451037,0.0,256.4
punjab_stubble_belt,2025-10-26,31.575,74.725,0.0001928264960948,0.0,186.9
punjab_stubble_belt,2025-10-26,31.575,74.775,0.0002086715101361,0.0,192.9
punjab_stubble_belt,2025-10-26,31.575,74.825,0.0001843391007078,0.0,183.7
punjab_stubble_belt,2025-10-26,31.575,74.875,0.0001577928801126,5.5231612423845496e-05,173.7
punjab_stubble_belt,2025-10-26,31.575,74.925,0.0003380363809716,0.0003728133838609,241.7
punjab_stubble_belt,2025-10-26,31.575,74.975,0.0001859342831405,0.0024885494578192,184.7
punjab_stubble_belt,2025-10-26,31.575,75.025,0.0001703125371411,0.00096514478816,178.6
punjab_stubble_belt,2025-10-26,31.575,75.075,0.000238242213998,0.0,204.0
punjab_stubble_belt,2025-10-26,31.575,75.125,0.0003549019925325,0.0050810683331882,249.0
punjab_stubble_belt,2025-10-26,31.575,75.175,0.0003907409262255,0.0448828123466061,269.8
punjab_stubble_belt,2025-10-26,31.575,75.225,0.0003443738197825,0.0596785138973469,255.0
punjab_stubble_belt,2025-10-26,31.575,75.275,0.0003079944828705,0.0521468865149957,239.9
punjab_stubble_belt,2025-10-26,31.575,75.3,0.0003446321381,0.0477356409145892,252.9
punjab_stubble_belt,2025-10-26,31.625,74.625,0.0002384389124206,0.0,204.1
punjab_stubble_belt,2025-10-26,31.625,74.675,0.0003281910094031,0.0,238.0
punjab_stubble_belt,2025-10-26,31.625,74.725,0.0001803447467627,0.0,182.2
punjab_stubble_belt,2025-10-26,31.625,74.775,0.0002465000447919,0.0,207.1
punjab_stubble_belt,2025-10-26,31.625,74.825,0.0002320689623003,0.0,201.7
punjab_stubble_belt,2025-10-26,31.625,74.875,0.0001708668288616,0.0,178.6
punjab_stubble_belt,2025-10-26,31.625,74.925,0.00027584853763,0.0,218.2
punjab_stubble_belt,2025-10-26,31.625,74.975,0.0001289952824543,0.0,162.8
punjab_stubble_belt,2025-10-26,31.625,75.025,0.0001381342273403,0.0,166.2
punjab_stubble_belt,2025-10-26,31.625,75.075,0.0002258350356248,0.0,199.3
punjab_stubble_belt,2025-10-26,31.625,75.125,0.0003510588829163,0.0046418798824232,247.4
punjab_stubble_belt,2025-10-26,31.625,75.175,0.0003949558692721,0.0408555108379115,270.6
punjab_stubble_belt,2025-10-26,31.625,75.225,0.0003981663540492,0.0572379806960842,274.8
punjab_stubble_belt,2025-10-26,31.625,75.275,0.000373065635613,0.0410192866080628,262.4
punjab_stubble_belt,2025-10-26,31.625,75.3,0.0003973087136372,0.0254023317288626,268.7
punjab_stubble_belt,2025-10-26,31.675,74.625,0.0002503010640503,0.0,208.6
punjab_stubble_belt,2025-10-26,31.675,74.675,0.0002103614622591,0.0,193.5
punjab_stubble_belt,2025-10-26,31.675,74.725,8.516254434161917e-05,0.0,146.2
punjab_stubble_belt,2025-10-26,31.675,74.775,0.0002691666663949,0.0,215.7
punjab_stubble_belt,2025-10-26,31.675,74.825,0.0003245130877912,0.0,236.6
punjab_stubble_belt,2025-10-26,31.675,74.875,0.0002429679461257,0.0,205.8
punjab_stubble_belt,2025-10-26,31.675,74.925,0.0001318771451169,0.0,163.9
punjab_stubble_belt,2025-10-26,31.675,74.975,5.903930973381977e-05,0.0,136.4
punjab_stubble_belt,2025-10-26,31.675,75.025,0.0001349742454282,0.0,165.0
punjab_stubble_belt,2025-10-26,31.675,75.075,0.0002200945185124,0.0,197.2
punjab_stubble_belt,2025-10-26,31.675,75.125,0.0002965393229076,0.0034917562061226,226.7
punjab_stubble_belt,2025-10-26,31.675,75.175,0.0004318070769914,0.0297124596421616,282.5
punjab_stubble_belt,2025-10-26,31.675,75.225,0.0004787357270859,0.0509245674782804,304.1
punjab_stubble_belt,2025-10-26,31.675,75.275,0.0005486121911456,0.0288761695768107,326.4
punjab_stubble_belt,2025-10-26,31.675,75.3,0.0005188423175393,0.0203673075876208,313.6
punjab_stubble_belt,2025-10-26,31.725,74.625,0.0001949701598201,0.0,187.7
punjab_stubble_belt,2025-10-26,31.725,74.675,0.0003127853031868,0.0,232.1
punjab_stubble_belt,2025-10-26,31.725,74.725,0.0002688558020546,0.0,215.6
punjab_stubble_belt,2025-10-26,31.725,74.775,0.000325396307544,0.0,236.9
punjab_stubble_belt,2025-10-26,31.725,74.825,0.000330718387711,0.0,238.9
punjab_stubble_belt,2025-10-26,31.725,74.875,0.000300535736931,0.0,227.5
punjab_stubble_belt,2025-10-26,31.725,74.925,0.0003389945152645,0.0,242.0
punjab_stubble_belt,2025-10-26,31.725,74.975,0.0003228287789734,0.0,235.9
punjab_stubble_belt,2025-10-26,31.725,75.025,0.000349478350875,0.0,246.0
punjab_stubble_belt,2025-10-26,31.725,75.075,0.000364847666661,0.0,251.8
punjab_stubble_belt,2025-10-26,31.725,75.125,0.0003622576760286,0.0,250.8
punjab_stubble_belt,2025-10-26,31.725,75.175,0.0003572197716328,0.0,248.9
punjab_stubble_belt,2025-10-26,31.725,75.225,0.0004134948127039,0.0159679897085687,273.1
punjab_stubble_belt,2025-10-26,31.725,75.275,0.0004209553473082,0.0264140209901212,277.8
punjab_stubble_belt,2025-10-26,31.775,74.625,0.0002948257065266,0.0,225.4
punjab_stubble_belt,2025-10-26,31.775,74.675,0.0001840551623245,0.0,183.6
punjab_stubble_belt,2025-10-26,31.775,74.725,0.0003127346711671,0.0,232.1
punjab_stubble_belt,2025-10-26,31.775,74.775,0.0003020437861867,0.0,228.1
punjab_stubble_belt,2025-10-26,31.775,74.825,0.0002906505557168,0.0,223.8
punjab_stubble_belt,2025-10-26,31.775,74.875,0.0002915388101057,0.0,224.1
punjab_stubble_belt,2025-10-26,31.775,74.925,0.0003008165680716,0.0,227.6
punjab_stubble_belt,2025-10-26,31.775,74.975,0.0003929846791576,0.0,262.4
punjab_stubble_belt,2025-10-26,31.775,75.025,0.0004034143027834,0.0,266.3
punjab_stubble_belt,2025-10-26,31.775,75.075,0.000366660523708,0.0,252.5
punjab_stubble_belt,2025-10-26,31.775,75.125,0.0003070791322625,0.0,230.0
punjab_stubble_belt,2025-10-26,31.775,75.175,0.0003143235801249,0.0,232.7
punjab_stubble_belt,2025-10-26,31.775,75.225,0.0001903438148014,0.0017231643570397,186.3
punjab_stubble_belt,2025-10-26,31.775,75.275,0.000165833254302,0.0061008962844656,177.8
punjab_stubble_belt,2025-10-26,31.775,75.3,0.0002777939528384,0.0189733048760438,222.4
punjab_stubble_belt,2025-10-26,31.825,74.625,0.0003731788742072,0.0,254.9
punjab_stubble_belt,2025-10-26,31.825,74.675,0.0002790666011023,0.0,219.4
punjab_stubble_belt,2025-10-26,31.825,74.725,0.000243177933429,0.0,205.9
punjab_stubble_belt,2025-10-26,31.825,74.775,0.0002158146339483,0.0,195.5
punjab_stubble_belt,2025-10-26,31.825,74.825,0.0002293970316463,0.0,200.7
punjab_stubble_belt,2025-10-26,31.825,74.875,0.0002451025173366,0.0,206.6
punjab_stubble_belt,2025-10-26,31.825,74.925,0.0001281563563802,0.0,162.5
punjab_stubble_belt,2025-10-26,31.825,74.975,0.000185308549181,0.0,184.0
punjab_stubble_belt,2025-10-26,31.825,75.025,0.0002273248818849,0.0,199.9
punjab_stubble_belt,2025-10-26,31.825,75.075,0.0002090280811481,0.0,193.0
punjab_stubble_belt,2025-10-26,31.825,75.125,0.0001561431426928,0.0,173.0
punjab_stubble_belt,2025-10-26,31.825,75.175,0.0002538144670014,0.0,209.9
punjab_stubble_belt,2025-10-26,31.825,75.225,0.0002882083175274,0.0,222.9
punjab_stubble_belt,2025-10-26,31.825,75.275,0.000273387520167,0.0013885235088629,217.5
punjab_stubble_belt,2025-10-26,31.825,75.3,0.0002333070957201,0.0031539319701316,202.7
punjab_stubble_belt,2025-10-26,31.875,74.625,0.0004145662398143,0.0,270.6
punjab_stubble_belt,2025-10-26,31.875,74.675,0.000404999775222,0.0,266.9
punjab_stubble_belt,2025-10-26,31.875,74.725,0.0002314561369866,0.0,201.5
punjab_stubble_belt,2025-10-26,31.875,74.775,0.0002019648180349,0.0,190.3
punjab_stubble_belt,2025-10-26,31.875,74.825,0.0002300853299783,0.0,200.9
punjab_stubble_belt,2025-10-26,31.875,74.875,0.0002597435227677,0.0,212.1
punjab_stubble_belt,2025-10-26,31.875,74.925,0.0001261634726576,0.0,161.7
punjab_stubble_belt,2025-10-26,31.875,74.975,6.950831715273785e-05,0.0,140.3
punjab_stubble_belt,2025-10-26,31.875,75.025,0.0001349236131824,0.0,165.0
punjab_stubble_belt,2025-10-26,31.875,75.075,0.0001803015075271,0.0,182.1
punjab_stubble_belt,2025-10-26,31.875,75.125,0.0001986136786252,0.0,189.1
punjab_stubble_belt,2025-10-26,31.875,75.175,0.0002606482700361,0.0,212.5
punjab_stubble_belt,2025-10-26,31.875,75.225,0.0004140095239879,0.0,270.3
punjab_stubble_belt,2025-10-26,31.875,75.275,0.0003110477039448,0.0,231.5
punjab_stubble_belt,2025-10-26,31.875,75.3,0.0001912398494373,0.0,186.3
punjab_stubble_belt,2025-10-27,31.325,74.625,0.0001931862815451,0.1440947866500572,213.3
punjab_stubble_belt,2025-10-27,31.325,74.675,0.0001918072388827,0.1431722371323167,212.6
punjab_stubble_belt,2025-10-27,31.325,74.725,-2.5291742103040235e-05,0.1289131503631337,128.1
punjab_stubble_belt,2025-10-27,31.325,74.775,-5.889196801484925e-05,0.1253985083977261,114.8
punjab_stubble_belt,2025-10-27,31.325,74.825,0.0001259082163159,0.1148388795412148,182.6
punjab_stubble_belt,2025-10-27,31.325,74.875,0.0003929956514563,0.0995351321398908,280.6
punjab_stubble_belt,2025-10-27,31.325,74.925,0.0003002694494846,0.0900149639447608,243.9
punjab_stubble_belt,2025-10-27,31.325,74.975,0.0002261942546377,0.0823529729132491,214.5
punjab_stubble_belt,2025-10-27,31.325,75.025,0.0001793139916989,0.0852516595812366,197.3
punjab_stubble_belt,2025-10-27,31.325,75.075,0.0002006573039517,0.0911561791910855,206.5
punjab_stubble_belt,2025-10-27,31.325,75.125,0.0002888240322002,0.095389530975058,240.5
punjab_stubble_belt,2025-10-27,31.325,75.175,0.0004078303980771,0.0790276089679397,282.5
punjab_stubble_belt,2025-10-27,31.325,75.225,0.0003651955611363,0.0586041860018402,262.6
punjab_stubble_belt,2025-10-27,31.325,75.275,0.000331535433264,0.0385806140954751,246.3
punjab_stubble_belt,2025-10-27,31.325,75.3,0.0003028233939247,0.0391087102740943,235.5
punjab_stubble_belt,2025-10-27,31.375,74.625,0.000215393556009,0.1261671908276815,218.4
punjab_stubble_belt,2025-10-27,31.375,74.675,0.0002032732863573,0.1245349131272176,213.6
punjab_stubble_belt,2025-10-27,31.375,74.725,0.0001402988916562,0.1185305349958408,188.7
punjab_stubble_belt,2025-10-27,31.375,74.775,0.0001178958987684,0.1123788122351609,179.1
punjab_stubble_belt,2025-10-27,31.375,74.825,0.0002107502641915,0.0990912359381332,211.7
punjab_stubble_belt,2025-10-27,31.375,74.875,0.0003407331176849,0.081980923430708,257.7
punjab_stubble_belt,2025-10-27,31.375,74.925,0.0002309994260987,0.0727128666905714,214.6
punjab_stubble_belt,2025-10-27,31.375,74.975,0.0002665979045608,0.0694801693962484,227.4
punjab_stubble_belt,2025-10-27,31.375,75.025,0.0002339649255924,0.0727809268013406,215.7
punjab_stubble_belt,2025-10-27,31.375,75.075,0.0002517024307016,0.0782004137726837,223.4
punjab_stubble_belt,2025-10-27,31.375,75.125,0.0003173351261099,0.0832236948357615,249.1
punjab_stubble_belt,2025-10-27,31.375,75.175,0.0003272542346627,0.0776756204779302,251.8
punjab_stubble_belt,2025-10-27,31.375,75.225,0.0003441071422477,0.0579643903863486,254.6
punjab_stubble_belt,2025-10-27,31.375,75.275,0.0003265097971704,0.0292772591351897,242.7
punjab_stubble_belt,2025-10-27,31.375,75.3,0.0003108346160259,0.0124640241585021,233.7
punjab_stubble_belt,2025-10-27,31.425,74.625,0.0002300547239368,0.1082898365512048,220.7
punjab_stubble_belt,2025-10-27,31.425,74.675,0.0002163886599803,0.1080542485420358,215.5
punjab_stubble_belt,2025-10-27,31.425,74.725,0.0003433049882021,0.1093463015097667,263.6
punjab_stubble_belt,2025-10-27,31.425,74.775,0.0003323804536559,0.0990066521840454,257.6
punjab_stubble_belt,2025-10-27,31.425,74.825,0.0003236322939368,0.0839829762340439,251.6
punjab_stubble_belt,2025-10-27,31.425,74.875,0.0003046375821037,0.0677497250707947,241.4
punjab_stubble_belt,2025-10-27,31.425,74.925,0.000166744011229,0.0564799497031286,187.3
punjab_stubble_belt,2025-10-27,31.425,74.975,0.0002067239194399,0.0555443120565134,202.3
punjab_stubble_belt,2025-10-27,31.425,75.025,0.0002973866310393,0.0597825999130711,237.3
punjab_stubble_belt,2025-10-27,31.425,75.075,0.0003590712689035,0.064395285766682,261.4
punjab_stubble_belt,2025-10-27,31.425,75.125,0.0003609817473339,0.0685749084778754,262.9
punjab_stubble_belt,2025-10-27,31.425,75.175,0.0002153941003903,0.0726707778111209,208.7
punjab_stubble_belt,2025-10-27,31.425,75.225,0.0002874773449985,0.0628059761011806,234.1
punjab_stubble_belt,2025-10-27,31.425,75.275,0.0002839346067734,0.0328514828584938,227.3
punjab_stubble_belt,2025-10-27,31.425,75.3,0.0002421604794085,0.0131510466520954,207.9
punjab_stubble_belt,2025-10-27,31.475,74.625,0.0002822722696339,0.0978349814185137,238.5
punjab_stubble_belt,2025-10-27,31.475,74.675,0.0002840201772259,0.1018655617459891,239.9
punjab_stubble_belt,2025-10-27,31.475,74.725,0.0003085146832713,0.0989219538824003,248.6
punjab_stubble_belt,2025-10-27,31.475,74.775,0.00022828154731,0.0923358782015771,217.1
punjab_stubble_belt,2025-10-27,31.475,74.825,0.0002998029518871,0.0809292466086418,242.0
punjab_stubble_belt,2025-10-27,31.475,74.875,0.0004263593456547,0.0669281626872087,287.2
punjab_stubble_belt,2025-10-27,31.475,74.925,0.0001960371120676,0.0561583563766576,198.3
punjab_stubble_belt,2025-10-27,31.475,74.975,0.0002980166572512,0.0502747871776449,235.8
punjab_stubble_belt,2025-10-27,31.475,75.025,0.0004298409070022,0.0534141413209244,286.1
punjab_stubble_belt,2025-10-27,31.475,75.075,0.0004469500134057,0.0579694964736557,293.4
punjab_stubble_belt,2025-10-27,31.475,75.125,0.0003350508768012,0.062058819072744,251.9
punjab_stubble_belt,2025-10-27,31.475,75.175,0.0001486922239098,0.0635026207706894,181.8
punjab_stubble_belt,2025-10-27,31.475,75.225,0.0001753093598944,0.0604713000435249,191.3
punjab_stubble_belt,2025-10-27,31.475,75.275,0.0001875206521902,0.0305968655182733,190.5
punjab_stubble_belt,2025-10-27,31.525,74.625,0.0001034454012196,0.0848806163608171,168.6
punjab_stubble_belt,2025-10-27,31.525,74.675,0.000250482059137,0.0856337461361079,224.3
punjab_stubble_belt,2025-10-27,31.525,74.725,0.0001869238313276,0.0998359053548405,202.9
punjab_stubble_belt,2025-10-27,31.525,74.775,0.0002024339978794,0.1022745521093468,209.2
punjab_stubble_belt,2025-10-27,31.525,74.825,0.0003093339665677,0.0941840054308681,248.0
punjab_stubble_belt,2025-10-27,31.525,74.875,0.0004504319835153,0.0787037961265101,298.5
punjab_stubble_belt,2025-10-27,31.525,74.925,0.0004408251523308,0.0623522768836489,291.9
punjab_stubble_belt,2025-10-27,31.525,74.975,0.0002973492128554,0.0457234063417606,234.7
punjab_stubble_belt,2025-10-27,31.525,75.025,0.0003101898506605,0.020732144935185,235.0
punjab_stubble_belt,2025-10-27,31.525,75.075,0.0002086576189665,0.0185571237718318,196.2
punjab_stubble_belt,2025-10-27,31.525,75.125,3.862733521670018e-05,0.0391361063571813,135.8
punjab_stubble_belt,2025-10-27,31.525,75.175,0.0002078910416684,0.0507462474393676,201.8
punjab_stubble_belt,2025-10-27,31.525,75.225,0.0002265761276948,0.0315846306879633,205.4
punjab_stubble_belt,2025-10-27,31.525,75.275,0.0001991586626021,0.0126716130307276,191.6
punjab_stubble_belt,2025-10-27,31.525,75.3,0.0001855512989318,0.0061541223387054,185.3
punjab_stubble_belt,2025-10-27,31.575,74.625,0.0001594659222783,0.0826393835311797,189.4
punjab_stubble_belt,2025-10-27,31.575,74.675,0.0002263740069673,0.0810436920786301,214.3
punjab_stubble_belt,2025-10-27,31.575,74.725,0.0001981547729279,0.0927159618724897,205.8
punjab_stubble_belt,2025-10-27,31.575,74.775,0.0002344261265929,0.0956803193885853,220.1
punjab_stubble_belt,2025-10-27,31.575,74.825,0.0003213518940318,0.0932642074700337,252.4
punjab_stubble_belt,2025-10-27,31.575,74.875,0.0004025372964025,0.0843762096741684,281.4
punjab_stubble_belt,2025-10-27,31.575,74.925,0.0003036588849277,0.0623278664138871,240.1
punjab_stubble_belt,2025-10-27,31.575,74.975,0.0003370964976957,0.050714565856134,250.6
punjab_stubble_belt,2025-10-27,31.575,75.025,0.0003232388628686,0.028232661576394,241.2
punjab_stubble_belt,2025-10-27,31.575,75.075,0.0002179372683822,0.023101422685064,200.6
punjab_stubble_belt,2025-10-27,31.575,75.125,7.603782169592291e-05,0.0362003630457585,149.4
punjab_stubble_belt,2025-10-27,31.575,75.175,0.0001983368908341,0.0487959823465441,197.9
punjab_stubble_belt,2025-10-27,31.575,75.225,0.0002684557158704,0.0228018805170838,219.6
punjab_stubble_belt,2025-10-27,31.575,75.275,0.0001885298881638,0.0076901072942763,186.7
punjab_stubble_belt,2025-10-27,31.575,75.3,0.0001413799593658,0.000552896060055,167.6
punjab_stubble_belt,2025-10-27,31.625,74.625,0.0002586970657988,0.0829080549956795,226.9
punjab_stubble_belt,2025-10-27,31.625,74.675,0.0002624876926346,0.0803238252512179,227.8
punjab_stubble_belt,2025-10-27,31.625,74.725,0.000270068888852,0.0825576943671723,231.1
punjab_stubble_belt,2025-10-27,31.625,74.775,0.0002915748066122,0.0840832940530666,239.5
punjab_stubble_belt,2025-10-27,31.625,74.825,0.0003092328413619,0.08406994702392,246.2
punjab_stubble_belt,2025-10-27,31.625,74.875,0.0003012562289907,0.079815099542082,242.4
punjab_stubble_belt,2025-10-27,31.625,74.925,0.0001970759256122,0.0613256022296849,199.7
punjab_stubble_belt,2025-10-27,31.625,74.975,0.0003963556482961,0.0519587893371889,273.2
punjab_stubble_belt,2025-10-27,31.625,75.025,0.0003564025089005,0.03971089730706,255.9
punjab_stubble_belt,2025-10-27,31.625,75.075,0.0002772297377607,0.0334479478070323,224.8
punjab_stubble_belt,2025-10-27,31.625,75.125,0.0002118878175673,0.0339184029811253,200.3
punjab_stubble_belt,2025-10-27,31.625,75.175,0.0002402646989105,0.0354457869475704,211.3
punjab_stubble_belt,2025-10-27,31.625,75.225,0.0003199660811339,0.0171219808616851,238.0
punjab_stubble_belt,2025-10-27,31.625,75.275,0.0001954242275361,0.0056908322280567,188.9
punjab_stubble_belt,2025-10-27,31.625,75.3,0.0001038610155574,0.0,153.3
punjab_stubble_belt,2025-10-27,31.675,74.625,0.0003397329945535,0.0857675118017887,258.0
punjab_stubble_belt,2025-10-27,31.675,74.675,0.0003180870930518,0.082231251182684,249.2
punjab_stubble_belt,2025-10-27,31.675,74.725,0.0003325693162457,0.0727987609653022,252.9
punjab_stubble_belt,2025-10-27,31.675,74.775,0.0003256088307722,0.0722453410550046,250.2
punjab_stubble_belt,2025-10-27,31.675,74.825,0.0002713018725423,0.0711845830885554,229.5
punjab_stubble_belt,2025-10-27,31.675,74.875,0.0001994757079501,0.0675654889093918,201.7
punjab_stubble_belt,2025-10-27,31.675,74.925,0.0002070201858033,0.0554590569659101,202.4
punjab_stubble_belt,2025-10-27,31.675,74.975,0.0004697600180603,0.044586811890636,299.5
punjab_stubble_belt,2025-10-27,31.675,75.025,0.0003864585389043,0.0433632760040114,267.9
punjab_stubble_belt,2025-10-27,31.675,75.075,0.000335023698146,0.0379382628622649,247.5
punjab_stubble_belt,2025-10-27,31.675,75.125,0.0003492844498822,0.0276987344291202,251.0
punjab_stubble_belt,2025-10-27,31.675,75.175,0.0002828185983044,0.0139692989726908,223.4
punjab_stubble_belt,2025-10-27,31.675,75.225,0.0003462990283014,0.0114699916227196,246.9
punjab_stubble_belt,2025-10-27,31.675,75.275,0.000234019611706,0.0043568550754198,203.2
punjab_stubble_belt,2025-10-27,31.675,75.3,0.0002810751663857,0.0,220.2
punjab_stubble_belt,2025-10-27,31.725,74.625,0.0002595036409626,0.0951451877753519,229.4
punjab_stubble_belt,2025-10-27,31.725,74.675,0.0002399187810601,0.0852209377510426,220.2
punjab_stubble_belt,2025-10-27,31.725,74.725,0.0001701198439134,0.072184776706987,191.5
punjab_stubble_belt,2025-10-27,31.725,74.775,0.0001803822539759,0.0701316105845939,195.0
punjab_stubble_belt,2025-10-27,31.725,74.825,0.0002108994730431,0.0664719456126524,205.8
punjab_stubble_belt,2025-10-27,31.725,74.875,0.0002815087532279,0.0568029837173029,230.7
punjab_stubble_belt,2025-10-27,31.725,74.925,0.0004948685197821,0.0281944063659849,306.0
punjab_stubble_belt,2025-10-27,31.725,74.975,0.0005628085868503,0.0152457207863592,329.3
punjab_stubble_belt,2025-10-27,31.725,75.025,0.000387620511184,0.011212369170288,262.4
punjab_stubble_belt,2025-10-27,31.725,75.075,0.0002736192439241,0.0090635697762479,219.0
punjab_stubble_belt,2025-10-27,31.725,75.125,0.0002426644423921,0.0069649562525013,207.0
punjab_stubble_belt,2025-10-27,31.725,75.175,0.0001113104738976,0.0,156.1
punjab_stubble_belt,2025-10-27,31.725,75.225,0.0002153412025763,0.0,195.4
punjab_stubble_belt,2025-10-27,31.725,75.275,0.0003686169504837,0.0,253.2
punjab_stubble_belt,2025-10-27,31.775,74.625,0.0001828397314722,0.0951308132230356,200.5
punjab_stubble_belt,2025-10-27,31.775,74.675,7.315914157527533e-05,0.0867564543277303,157.6
punjab_stubble_belt,2025-10-27,31.775,74.725,0.0002141830537797,0.0732603189791282,208.3
punjab_stubble_belt,2025-10-27,31.775,74.775,0.0002584893162007,0.0692593827534466,224.3
punjab_stubble_belt,2025-10-27,31.775,74.825,0.0003343777900494,0.0632292697949126,251.8
punjab_stubble_belt,2025-10-27,31.775,74.875,0.0004283894410997,0.0506892942893525,285.0
punjab_stubble_belt,2025-10-27,31.775,74.925,0.000458837825194,0.0164742118966391,290.3
punjab_stubble_belt,2025-10-27,31.775,74.975,0.0004940005984259,0.0109445126842524,302.5
punjab_stubble_belt,2025-10-27,31.775,75.025,0.0003697633980175,0.0044353020604195,254.5
punjab_stubble_belt,2025-10-27,31.775,75.075,0.0002719916334574,0.0009120573359746,216.9
punjab_stubble_belt,2025-10-27,31.775,75.125,0.000213400864284,0.000735734815405,194.8
punjab_stubble_belt,2025-10-27,31.775,75.175,8.197456688081692e-05,0.0,145.0
punjab_stubble_belt,2025-10-27,31.775,75.225,0.0002214425338975,0.0,197.7
punjab_stubble_belt,2025-10-27,31.775,75.275,0.0001961194040213,0.0,188.1
punjab_stubble_belt,2025-10-27,31.775,75.3,0.0002951508455347,0.0,225.5
punjab_stubble_belt,2025-10-27,31.825,74.625,0.0002865950998418,0.0899960348553389,238.7
punjab_stubble_belt,2025-10-27,31.825,74.675,0.0001911568203796,0.086387097489767,202.0
punjab_stubble_belt,2025-10-27,31.825,74.725,0.0002231784904059,0.0720455821187988,211.5
punjab_stubble_belt,2025-10-27,31.825,74.775,0.0002635514738512,0.0652408985013409,225.5
punjab_stubble_belt,2025-10-27,31.825,74.825,0.0003393663418838,0.0494577042428159,251.2
punjab_stubble_belt,2025-10-27,31.825,74.875,0.0004314392596588,0.0269740440397111,281.9
punjab_stubble_belt,2025-10-27,31.825,74.925,0.0004843070916698,0.007295570281327,298.2
punjab_stubble_belt,2025-10-27,31.825,74.975,0.0003320432620464,0.00431709144446,240.2
punjab_stubble_belt,2025-10-27,31.825,75.025,0.0002465634124421,0.0014474325951186,207.4
punjab_stubble_belt,2025-10-27,31.825,75.075,0.0002395026851153,0.0,204.5
punjab_stubble_belt,2025-10-27,31.825,75.125,0.0002871899772585,0.0,222.5
punjab_stubble_belt,2025-10-27,31.825,75.175,0.0002599426296803,0.0,212.2
punjab_stubble_belt,2025-10-27,31.825,75.225,0.0002930668661287,0.0,224.7
punjab_stubble_belt,2025-10-27,31.825,75.275,0.0001741688189458,0.0,179.8
punjab_stubble_belt,2025-10-27,31.825,75.3,0.0001009393910469,0.0,152.2
punjab_stubble_belt,2025-10-27,31.875,74.625,0.0003048342389803,0.0857608614403728,244.8
punjab_stubble_belt,2025-10-27,31.875,74.675,0.0002596380667332,0.0829243386316411,227.2
punjab_stubble_belt,2025-10-27,31.875,74.725,0.0002435993044859,0.0595014126890402,216.9
punjab_stubble_belt,2025-10-27,31.875,74.775,0.0002798749053386,0.0530277587076619,229.4
punjab_stubble_belt,2025-10-27,31.875,74.825,0.0003313701993487,0.0359166227195656,245.7
punjab_stubble_belt,2025-10-27,31.875,74.875,0.0003889006723833,0.0125514336464921,263.2
punjab_stubble_belt,2025-10-27,31.875,74.925,0.0004468157773572,0.001748174100081,283.0
punjab_stubble_belt,2025-10-27,31.875,74.975,0.0001680988036696,0.0004807056174062,177.6
punjab_stubble_belt,2025-10-27,31.875,75.025,0.000201305483349,0.0001226149127761,190.1
punjab_stubble_belt,2025-10-27,31.875,75.075,0.0002686434004204,0.0,215.5
punjab_stubble_belt,2025-10-27,31.875,75.125,0.0003191203565993,0.0,234.5
punjab_stubble_belt,2025-10-27,31.875,75.175,0.0003138695100914,0.0,232.6
punjab_stubble_belt,2025-10-27,31.875,75.225,0.000266850291354,0.0,214.8
punjab_stubble_belt,2025-10-27,31.875,75.275,0.0001851327991659,0.0,184.0
punjab_stubble_belt,2025-10-27,31.875,75.3,0.0001572588263752,0.0,173.5
punjab_stubble_belt,2025-10-28,31.325,74.625,0.000312465802059,0.22069039713291,272.3
punjab_stubble_belt,2025-10-28,31.325,74.675,0.0003237850993835,0.2247855552650368,277.4
punjab_stubble_belt,2025-10-28,31.325,74.725,0.0003603355587735,0.2353647818028127,293.1
punjab_stubble_belt,2025-10-28,31.325,74.775,0.0003686747859032,0.2403225702960961,297.1
punjab_stubble_belt,2025-10-28,31.325,74.825,0.0003253810840934,0.2471372811662906,282.0
punjab_stubble_belt,2025-10-28,31.325,74.875,0.0002666285009161,0.2550162852642064,261.3
punjab_stubble_belt,2025-10-28,31.325,74.925,0.0003127691313637,0.2610710276106248,279.8
punjab_stubble_belt,2025-10-28,31.325,74.975,0.0004109720239116,0.2637166688792121,317.4
punjab_stubble_belt,2025-10-28,31.325,75.025,0.0004337025021308,0.2669686119197195,326.5
punjab_stubble_belt,2025-10-28,31.325,75.075,0.0004006802884324,0.270654600026933,314.8
punjab_stubble_belt,2025-10-28,31.325,75.125,0.000320324481665,0.2739278801474279,285.0
punjab_stubble_belt,2025-10-28,31.325,75.175,0.0001974024619831,0.2735295592658057,238.6
punjab_stubble_belt,2025-10-28,31.325,75.225,0.0003554063554395,0.2722387589286513,298.0
punjab_stubble_belt,2025-10-28,31.325,75.275,0.0003763216066481,0.2699172132203704,305.4
punjab_stubble_belt,2025-10-28,31.325,75.3,0.0004000884965553,0.2679235490853458,314.0
punjab_stubble_belt,2025-10-28,31.375,74.625,0.0003015392901825,0.2164390709062448,267.4
punjab_stubble_belt,2025-10-28,31.375,74.675,0.0003079639236099,0.2218019975263269,270.8
punjab_stubble_belt,2025-10-28,31.375,74.725,0.00036723028723,0.2291738472278611,294.6
punjab_stubble_belt,2025-10-28,31.375,74.775,0.0003812989332072,0.2375191398534794,301.4
punjab_stubble_belt,2025-10-28,31.375,74.825,0.0003445479459195,0.2456544697936419,289.0
punjab_stubble_belt,2025-10-28,31.375,74.875,0.0002931667910196,0.2532622038412485,271.0
punjab_stubble_belt,2025-10-28,31.375,74.925,0.0003437150899057,0.2614052415192564,291.6
punjab_stubble_belt,2025-10-28,31.375,74.975,0.0003833891302492,0.263085790340589,306.8
punjab_stubble_belt,2025-10-28,31.375,75.025,0.0003968555736326,0.2671141229013166,312.7
punjab_stubble_belt,2025-10-28,31.375,75.075,0.0003716844515603,0.2706752041658323,303.8
punjab_stubble_belt,2025-10-28,31.375,75.125,0.0003111722283957,0.2731342733877882,281.4
punjab_stubble_belt,2025-10-28,31.375,75.175,0.0002315002266195,0.2749525454354813,251.7
punjab_stubble_belt,2025-10-28,31.375,75.225,0.0003425577486929,0.2747393153546559,293.6
punjab_stubble_belt,2025-10-28,31.375,75.275,0.0003020225822069,0.2730252959677856,278.0
punjab_stubble_belt,2025-10-28,31.375,75.3,0.0002538037742191,0.2722479006956756,259.6
punjab_stubble_belt,2025-10-28,31.425,74.625,0.0002979742998517,0.2141589384528834,265.7
punjab_stubble_belt,2025-10-28,31.425,74.675,0.0003005332176703,0.2193982085241534,267.6
punjab_stubble_belt,2025-10-28,31.425,74.725,0.0003180335217173,0.2250387049758995,275.2
punjab_stubble_belt,2025-10-28,31.425,74.775,0.0003420651951415,0.2374994671422432,286.6
punjab_stubble_belt,2025-10-28,31.425,74.825,0.0003517456001981,0.2466834310883857,291.9
punjab_stubble_belt,2025-10-28,31.425,74.875,0.0003591126821001,0.2531035927027308,295.9
punjab_stubble_belt,2025-10-28,31.425,74.925,0.0004141104503555,0.2632854543543956,318.5
punjab_stubble_belt,2025-10-28,31.425,74.975,0.0004176052309943,0.2633883727201687,319.8
punjab_stubble_belt,2025-10-28,31.425,75.025,0.0003795517989017,0.2680118955942632,306.3
punjab_stubble_belt,2025-10-28,31.425,75.075,0.0003632151710901,0.2705981261059448,300.6
punjab_stubble_belt,2025-10-28,31.425,75.125,0.0003739237412706,0.2710961230826254,304.7
punjab_stubble_belt,2025-10-28,31.425,75.175,0.000373617332898,0.2755834930242431,305.4
punjab_stubble_belt,2025-10-28,31.425,75.225,0.0003023979065457,0.2765815606517459,278.7
punjab_stubble_belt,2025-10-28,31.425,75.275,0.0002518406646104,0.2759400394445748,259.6
punjab_stubble_belt,2025-10-28,31.425,75.3,0.0003238064449955,0.2760951300698951,286.7
punjab_stubble_belt,2025-10-28,31.475,74.625,0.0002846488295374,0.2156226010445149,260.9
punjab_stubble_belt,2025-10-28,31.475,74.675,0.000299263079993,0.2165896298204316,266.6
punjab_stubble_belt,2025-10-28,31.475,74.725,0.0003039474188278,0.2277841900943491,270.4
punjab_stubble_belt,2025-10-28,31.475,74.775,0.0003363529160679,0.2395205389503037,284.8
punjab_stubble_belt,2025-10-28,31.475,74.825,0.0003705467997008,0.2476328115423998,299.2
punjab_stubble_belt,2025-10-28,31.475,74.875,0.0004071266441366,0.2533247052424622,314.0
punjab_stubble_belt,2025-10-28,31.475,74.925,0.0004639289648653,0.2635228192922187,337.3
punjab_stubble_belt,2025-10-28,31.475,74.975,0.000488867615022,0.2635594276358476,346.7
punjab_stubble_belt,2025-10-28,31.475,75.025,0.0002379047314478,0.2683943439963547,252.9
punjab_stubble_belt,2025-10-28,31.475,75.075,0.0001928324833561,0.2707774048653398,236.3
punjab_stubble_belt,2025-10-28,31.475,75.125,0.0003808370846732,0.2708634820129817,307.3
punjab_stubble_belt,2025-10-28,31.475,75.175,0.0005179445263722,0.2766275964709466,360.1
punjab_stubble_belt,2025-10-28,31.475,75.225,0.0002752595760901,0.2761142978650759,268.4
punjab_stubble_belt,2025-10-28,31.475,75.275,0.0003795610342948,0.2766961282949838,307.9
punjab_stubble_belt,2025-10-28,31.525,74.625,0.0004544952187505,0.2225388202125613,326.3
punjab_stubble_belt,2025-10-28,31.525,74.675,0.0004856383707307,0.2215100760089904,337.8
punjab_stubble_belt,2025-10-28,31.525,74.725,0.0005157343507184,0.2381869930205181,352.2
punjab_stubble_belt,2025-10-28,31.525,74.775,0.0005259889421119,0.2418332166284698,356.8
punjab_stubble_belt,2025-10-28,31.525,74.825,0.0005341540891743,0.2483510550711844,361.1
punjab_stubble_belt,2025-10-28,31.525,74.875,0.000506450542494,0.2575953024134481,352.3
punjab_stubble_belt,2025-10-28,31.525,74.925,0.0003153582215554,0.2663289980883982,281.8
punjab_stubble_belt,2025-10-28,31.525,74.975,0.0002879563709178,0.2660165397258206,271.4
punjab_stubble_belt,2025-10-28,31.525,75.025,0.000154734594735,0.266958607583833,221.3
punjab_stubble_belt,2025-10-28,31.525,75.075,9.69849332608645e-05,0.2669976361830773,199.5
punjab_stubble_belt,2025-10-28,31.525,75.125,0.0001471056120735,0.2674331912292443,218.5
punjab_stubble_belt,2025-10-28,31.525,75.175,0.0003222233989443,0.276763643026689,286.3
punjab_stubble_belt,2025-10-28,31.525,75.225,0.0003672282019072,0.2772470989653242,303.3
punjab_stubble_belt,2025-10-28,31.525,75.275,0.0004134285460398,0.2798956965024716,321.3
punjab_stubble_belt,2025-10-28,31.525,75.3,0.0004553445410073,0.2795521724776375,337.0
punjab_stubble_belt,2025-10-28,31.575,74.625,0.0005535898701424,0.2274006406543003,364.6
punjab_stubble_belt,2025-10-28,31.575,74.675,0.0005646945718149,0.2266768917224893,368.6
punjab_stubble_belt,2025-10-28,31.575,74.725,0.0004996280007332,0.2423019370997612,346.9
punjab_stubble_belt,2025-10-28,31.575,74.775,0.0005251178942095,0.2448183679449107,357.0
punjab_stubble_belt,2025-10-28,31.575,74.825,0.0004681604320898,0.2501390886212158,336.5
punjab_stubble_belt,2025-10-28,31.575,74.875,0.0003585970341488,0.2578646715869678,296.5
punjab_stubble_belt,2025-10-28,31.575,74.925,0.0003426711688654,0.2628162026791742,291.4
punjab_stubble_belt,2025-10-28,31.575,74.975,0.0002719392270416,0.262306102006072,264.6
punjab_stubble_belt,2025-10-28,31.575,75.025,0.0001404016185537,0.2628175995227869,215.1
punjab_stubble_belt,2025-10-28,31.575,75.075,0.0001146604602526,0.2634371614573421,205.5
punjab_stubble_belt,2025-10-28,31.575,75.125,0.0002124585873969,0.2651287503632197,242.7
punjab_stubble_belt,2025-10-28,31.575,75.175,0.0003973555522494,0.2745015390310092,314.2
punjab_stubble_belt,2025-10-28,31.575,75.225,0.0004157224692124,0.2757811509053616,321.4
punjab_stubble_belt,2025-10-28,31.575,75.275,0.0004506336037652,0.2810091119640845,335.5
punjab_stubble_belt,2025-10-28,31.575,75.3,0.0004630454719467,0.2837262816685528,340.7
punjab_stubble_belt,2025-10-28,31.625,74.625,0.0004828183998838,0.2368996637033973,339.6
punjab_stubble_belt,2025-10-28,31.625,74.675,0.0005088299357015,0.2345222300342342,349.0
punjab_stubble_belt,2025-10-28,31.625,74.725,0.0003877239265864,0.2428487679691345,304.8
punjab_stubble_belt,2025-10-28,31.625,74.775,0.0003987232484391,0.2444610048401268,309.2
punjab_stubble_belt,2025-10-28,31.625,74.825,0.0003722384637564,0.2474327592292936,299.8
punjab_stubble_belt,2025-10-28,31.625,74.875,0.0003218234305136,0.2514204130796629,281.5
punjab_stubble_belt,2025-10-28,31.625,74.925,0.0003431017039029,0.2534664921605855,289.9
punjab_stubble_belt,2025-10-28,31.625,74.975,0.0002627200734512,0.2522856921840745,259.3
punjab_stubble_belt,2025-10-28,31.625,75.025,0.0001877308172928,0.2540565461292036,231.4
punjab_stubble_belt,2025-10-28,31.625,75.075,0.0001814604796189,0.2559983709479271,229.3
punjab_stubble_belt,2025-10-28,31.625,75.125,0.0002538591286492,0.2586171685225029,257.1
punjab_stubble_belt,2025-10-28,31.625,75.175,0.0004133707030282,0.2678773180433923,319.0
punjab_stubble_belt,2025-10-28,31.625,75.225,0.0003903161152611,0.272054707729585,311.1
punjab_stubble_belt,2025-10-28,31.625,75.275,0.0003515412247597,0.2790698842258579,297.7
punjab_stubble_belt,2025-10-28,31.625,75.3,0.0002909840774956,0.2827926069259515,275.6
punjab_stubble_belt,2025-10-28,31.675,74.625,0.0002985131679809,0.2490337061764994,272.2
punjab_stubble_belt,2025-10-28,31.675,74.675,0.0003499044558772,0.243869252448628,290.7
punjab_stubble_belt,2025-10-28,31.675,74.725,0.00022155077458,0.2414069101401242,241.8
punjab_stubble_belt,2025-10-28,31.675,74.775,0.0002098630570402,0.2412396519577798,237.4
punjab_stubble_belt,2025-10-28,31.675,74.825,0.0002860555551167,0.2409865968512676,266.1
punjab_stubble_belt,2025-10-28,31.675,74.875,0.0003876826288213,0.240556440475276,304.4
punjab_stubble_belt,2025-10-28,31.675,74.925,0.0003194355143422,0.2397249588246175,278.4
punjab_stubble_belt,2025-10-28,31.675,74.975,0.0002577017658443,0.2382890343624239,254.9
punjab_stubble_belt,2025-10-28,31.675,75.025,0.0002704398834416,0.24174087672163,260.3
punjab_stubble_belt,2025-10-28,31.675,75.075,0.0002651110378838,0.2448121456553011,258.9
punjab_stubble_belt,2025-10-28,31.675,75.125,0.0002510229572119,0.2480199983621391,254.1
punjab_stubble_belt,2025-10-28,31.675,75.175,0.0003609400963518,0.257838150890634,297.4
punjab_stubble_belt,2025-10-28,31.675,75.225,0.0003150398553375,0.2654829558123178,281.5
punjab_stubble_belt,2025-10-28,31.675,75.275,0.0002047729700947,0.2735821823055198,241.4
punjab_stubble_belt,2025-10-28,31.675,75.3,0.0002489381164021,0.2729768594077543,257.9
punjab_stubble_belt,2025-10-28,31.725,74.625,0.0001994356870022,0.256199371687498,236.2
punjab_stubble_belt,2025-10-28,31.725,74.675,0.000186188854345,0.2513805291055765,230.3
punjab_stubble_belt,2025-10-28,31.725,74.725,7.2092843001398e-05,0.2434684089438552,185.8
punjab_stubble_belt,2025-10-28,31.725,74.775,0.0001152904583456,0.2373158405608064,201.0
punjab_stubble_belt,2025-10-28,31.725,74.825,0.0002544151631816,0.2341268492087504,252.9
punjab_stubble_belt,2025-10-28,31.725,74.875,0.0004099607972429,0.2321375782433022,311.2
punjab_stubble_belt,2025-10-28,31.725,74.925,0.0003478321527736,0.2242011989592738,286.3
punjab_stubble_belt,2025-10-28,31.725,74.975,0.0003152702046698,0.2252998416956001,274.2
punjab_stubble_belt,2025-10-28,31.725,75.025,0.0003243671009324,0.2271224827643657,278.0
punjab_stubble_belt,2025-10-28,31.725,75.075,0.0002945234608203,0.2295659415894586,267.2
punjab_stubble_belt,2025-10-28,31.725,75.125,0.000241874146124,0.2337411732122882,248.1
punjab_stubble_belt,2025-10-28,31.725,75.175,0.0003133666674135,0.2467071417241985,277.4
punjab_stubble_belt,2025-10-28,31.725,75.225,0.0002645816689595,0.2519105521857113,260.0
punjab_stubble_belt,2025-10-28,31.725,75.275,0.0003461311396258,0.2606364377667996,292.3
punjab_stubble_belt,2025-10-28,31.775,74.625,0.0003983125663408,0.2579818168443338,311.5
punjab_stubble_belt,2025-10-28,31.775,74.675,0.0002790863457467,0.2551644044911013,266.0
punjab_stubble_belt,2025-10-28,31.775,74.725,0.0001893867798468,0.2470891419053618,230.7
punjab_stubble_belt,2025-10-28,31.775,74.775,0.0002564683962828,0.2404730444005904,254.8
punjab_stubble_belt,2025-10-28,31.775,74.825,0.0003677529848718,0.2353953973662303,295.9
punjab_stubble_belt,2025-10-28,31.775,74.875,0.0004480626644402,0.2310176785168073,325.4
punjab_stubble_belt,2025-10-28,31.775,74.925,0.0002729633701313,0.2230653826968273,257.9
punjab_stubble_belt,2025-10-28,31.775,74.975,0.0003438239083262,0.2215803459665406,284.3
punjab_stubble_belt,2025-10-28,31.775,75.025,0.0003485314704919,0.2221783747620779,286.2
punjab_stubble_belt,2025-10-28,31.775,75.075,0.0003486565182293,0.2237546313041135,286.6
punjab_stubble_belt,2025-10-28,31.775,75.125,0.0003415462845722,0.2277882502529613,284.6
punjab_stubble_belt,2025-10-28,31.775,75.175,0.0002679878328586,0.2430458269948385,259.6
punjab_stubble_belt,2025-10-28,31.775,75.225,0.0002950150341177,0.2464819395097022,270.5
punjab_stubble_belt,2025-10-28,31.775,75.275,0.0004221775155247,0.2560441955460039,320.2
punjab_stubble_belt,2025-10-28,31.775,75.3,0.0004588210861887,0.2636748582500547,335.4
punjab_stubble_belt,2025-10-28,31.825,74.625,0.0004159786252164,0.2515287378536545,317.0
punjab_stubble_belt,2025-10-28,31.825,74.675,0.0003876110625039,0.2515373570411375,306.3
punjab_stubble_belt,2025-10-28,31.825,74.725,0.000266793837246,0.2444983366772841,259.5
punjab_stubble_belt,2025-10-28,31.825,74.775,0.0003452400028278,0.2418899113302844,288.6
punjab_stubble_belt,2025-10-28,31.825,74.825,0.0004132854713089,0.2366486886889323,313.3
punjab_stubble_belt,2025-10-28,31.825,74.875,0.000433059441164,0.2295784351433669,319.5
punjab_stubble_belt,2025-10-28,31.825,74.925,0.0003282166051689,0.2240903292851672,278.9
punjab_stubble_belt,2025-10-28,31.825,74.975,0.0002543633104001,0.2204726899264994,250.4
punjab_stubble_belt,2025-10-28,31.825,75.025,0.0002754479973011,0.2176237467895246,257.8
punjab_stubble_belt,2025-10-28,31.825,75.075,0.0002834559560084,0.2173530921331789,260.8
punjab_stubble_belt,2025-10-28,31.825,75.125,0.0002772477032399,0.2211282612302216,259.1
punjab_stubble_belt,2025-10-28,31.825,75.175,0.0003526581067156,0.2358716630685917,290.3
punjab_stubble_belt,2025-10-28,31.825,75.225,0.0003826628472178,0.2397537306180391,302.3
punjab_stubble_belt,2025-10-28,31.825,75.275,0.0004344958339664,0.2507667220834708,323.9
punjab_stubble_belt,2025-10-28,31.825,75.3,0.0004753665547283,0.2584302046851588,340.7
punjab_stubble_belt,2025-10-28,31.875,74.625,0.0003882712415574,0.2456267522544778,305.5
punjab_stubble_belt,2025-10-28,31.875,74.675,0.0004095673750468,0.2468440468288285,313.8
punjab_stubble_belt,2025-10-28,31.875,74.725,0.0003026182316974,0.2422211138165547,272.6
punjab_stubble_belt,2025-10-28,31.875,74.775,0.000356840065941,0.2422745744464638,293.0
punjab_stubble_belt,2025-10-28,31.875,74.825,0.0003733491998542,0.2368323882986606,298.3
punjab_stubble_belt,2025-10-28,31.875,74.875,0.0003464590160948,0.2280884145475752,286.5
punjab_stubble_belt,2025-10-28,31.875,74.925,0.0003144341716538,0.2253146478745584,273.9
punjab_stubble_belt,2025-10-28,31.875,74.975,0.000293820136068,0.2186687884521064,264.9
punjab_stubble_belt,2025-10-28,31.875,75.025,0.0003134074503384,0.2147687538154091,271.6
punjab_stubble_belt,2025-10-28,31.875,75.075,0.0002988126786652,0.2142950712862123,266.0
punjab_stubble_belt,2025-10-28,31.875,75.125,0.0002674107548105,0.2180037954615546,254.8
punjab_stubble_belt,2025-10-28,31.875,75.175,0.0003554011204821,0.2299733232738749,290.2
punjab_stubble_belt,2025-10-28,31.875,75.225,0.0004032363134621,0.235687201412038,309.3
punjab_stubble_belt,2025-10-28,31.875,75.275,0.0004272415719486,0.2472028366959994,320.5
punjab_stubble_belt,2025-10-28,31.875,75.3,0.0004382381469802,0.2539153557929423,325.9
punjab_stubble_belt,2025-10-29,31.325,74.625,0.0002462462260483,0.2226284042080194,247.7
punjab_stubble_belt,2025-10-29,31.325,74.675,0.0002529510259216,0.2219218355423099,250.1
punjab_stubble_belt,2025-10-29,31.325,74.725,0.0002754928135847,0.2162841388497558,257.6
punjab_stubble_belt,2025-10-29,31.325,74.775,0.0002365451133417,0.2050408915050073,240.8
punjab_stubble_belt,2025-10-29,31.325,74.825,0.0003128800636919,0.1952721124594676,267.9
punjab_stubble_belt,2025-10-29,31.325,74.875,0.0004434291584195,0.1886380978829437,315.9
punjab_stubble_belt,2025-10-29,31.325,74.925,0.0003729722023499,0.1873877804531353,289.1
punjab_stubble_belt,2025-10-29,31.325,74.975,0.0002598377000848,0.1879977196972486,246.5
punjab_stubble_belt,2025-10-29,31.325,75.025,0.0002806338008221,0.1813041972578365,253.1
punjab_stubble_belt,2025-10-29,31.325,75.075,0.0002964343157356,0.1770498553854553,258.3
punjab_stubble_belt,2025-10-29,31.325,75.125,0.0002772369160779,0.1754160054887368,250.8
punjab_stubble_belt,2025-10-29,31.325,75.175,0.0001708512556771,0.1667209917528917,209.0
punjab_stubble_belt,2025-10-29,31.325,75.225,0.0002735814388304,0.1679267031890883,248.0
punjab_stubble_belt,2025-10-29,31.325,75.275,0.0002979035680819,0.1707378326162068,257.7
punjab_stubble_belt,2025-10-29,31.325,75.3,0.0003189311236154,0.1726852666543064,266.0
punjab_stubble_belt,2025-10-29,31.375,74.625,0.0002095682240038,0.2161206659155721,232.7
punjab_stubble_belt,2025-10-29,31.375,74.675,0.0001775839517486,0.214671687063134,220.3
punjab_stubble_belt,2025-10-29,31.375,74.725,0.0002157695052781,0.2073054884430409,233.4
punjab_stubble_belt,2025-10-29,31.375,74.775,0.0002572668095011,0.1971511001065288,247.2
punjab_stubble_belt,2025-10-29,31.375,74.825,0.0003690975717255,0.1867664931961266,287.5
punjab_stubble_belt,2025-10-29,31.375,74.875,0.0004878123998901,0.1783105389844351,330.8
punjab_stubble_belt,2025-10-29,31.375,74.925,0.0003875985107732,0.1776349191225553,292.8
punjab_stubble_belt,2025-10-29,31.375,74.975,0.0003261491260799,0.1781394133195439,269.7
punjab_stubble_belt,2025-10-29,31.375,75.025,0.0002857411704872,0.1729397986967847,253.5
punjab_stubble_belt,2025-10-29,31.375,75.075,0.0002741141682297,0.1692259252818422,248.5
punjab_stubble_belt,2025-10-29,31.375,75.125,0.0002794189625792,0.1676871244077721,250.2
punjab_stubble_belt,2025-10-29,31.375,75.175,0.0002224587046797,0.1633023402739397,227.9
punjab_stubble_belt,2025-10-29,31.375,75.225,0.0002225521321602,0.1671012945495299,228.6
punjab_stubble_belt,2025-10-29,31.375,75.275,0.0002554791130678,0.1714499964739318,241.8
punjab_stubble_belt,2025-10-29,31.375,75.3,0.0002772313326388,0.1742308644316303,250.6
punjab_stubble_belt,2025-10-29,31.425,74.625,0.0002359865299694,0.2077991831368502,241.1
punjab_stubble_belt,2025-10-29,31.425,74.675,0.0001737728038359,0.2053524340661001,217.2
punjab_stubble_belt,2025-10-29,31.425,74.725,0.0001876210098641,0.1960026688292149,220.7
punjab_stubble_belt,2025-10-29,31.425,74.775,0.0002662343197798,0.1883549617300721,249.0
punjab_stubble_belt,2025-10-29,31.425,74.825,0.0003768843076728,0.1777896495820934,288.8
punjab_stubble_belt,2025-10-29,31.425,74.875,0.0004677324947989,0.1671222352025642,321.1
punjab_stubble_belt,2025-10-29,31.425,74.925,0.0003894302097408,0.1656531891479323,291.3
punjab_stubble_belt,2025-10-29,31.425,74.975,0.0003850873771129,0.1659073375591008,289.7
punjab_stubble_belt,2025-10-29,31.425,75.025,0.0002997701155939,0.1625871673332797,256.9
punjab_stubble_belt,2025-10-29,31.425,75.075,0.0002701921031993,0.1599350918519516,245.3
punjab_stubble_belt,2025-10-29,31.425,75.125,0.0002988095020083,0.1587795195281178,255.9
punjab_stubble_belt,2025-10-29,31.425,75.175,0.0002793601971037,0.1595587900213567,248.7
punjab_stubble_belt,2025-10-29,31.425,75.225,0.0001734301180377,0.1662658938180447,209.9
punjab_stubble_belt,2025-10-29,31.425,75.275,0.0002248595704143,0.1728857916699598,230.5
punjab_stubble_belt,2025-10-29,31.425,75.3,0.0002599333050363,0.1767663659695376,244.5
punjab_stubble_belt,2025-10-29,31.475,74.625,0.0004054489083253,0.2017987411021832,304.0
punjab_stubble_belt,2025-10-29,31.475,74.675,0.0004156216523228,0.198018621561691,307.1
punjab_stubble_belt,2025-10-29,31.475,74.725,0.0003785000650403,0.1862617165573931,291.0
punjab_stubble_belt,2025-10-29,31.475,74.775,0.0003683888692252,0.180379053746151,286.1
punjab_stubble_belt,2025-10-29,31.475,74.825,0.000369966129559,0.1717248820198398,285.1
punjab_stubble_belt,2025-10-29,31.475,74.875,0.0003803520843108,0.1623536999522325,287.3
punjab_stubble_belt,2025-10-29,31.475,74.925,0.0003960404763948,0.1608204555478692,292.9
punjab_stubble_belt,2025-10-29,31.475,74.975,0.0003943752526295,0.1609499593652054,292.3
punjab_stubble_belt,2025-10-29,31.475,75.025,0.0002840554673175,0.1577463385748141,250.1
punjab_stubble_belt,2025-10-29,31.475,75.075,0.0002135760460797,0.1551219450872246,223.0
punjab_stubble_belt,2025-10-29,31.475,75.125,0.0002073367904621,0.1543095813566769,220.5
punjab_stubble_belt,2025-10-29,31.475,75.175,0.0002451680346908,0.1577357305308514,235.4
punjab_stubble_belt,2025-10-29,31.475,75.225,0.0002362066668208,0.1637333361230399,233.2
punjab_stubble_belt,2025-10-29,31.475,75.275,0.0002413597187635,0.1722174824830516,236.6
punjab_stubble_belt,2025-10-29,31.525,74.625,0.0002106046639254,0.1893368550276299,228.2
punjab_stubble_belt,2025-10-29,31.525,74.675,0.0002760708112465,0.18430416611991,252.0
punjab_stubble_belt,2025-10-29,31.525,74.725,0.0004268100787673,0.1707337052983049,306.4
punjab_stubble_belt,2025-10-29,31.525,74.775,0.000453269158912,0.1691614845941629,316.1
punjab_stubble_belt,2025-10-29,31.525,74.825,0.0004551356048905,0.1647130877711123,316.0
punjab_stubble_belt,2025-10-29,31.525,74.875,0.0004126680271454,0.1583470252397682,298.8
punjab_stubble_belt,2025-10-29,31.525,74.925,0.0002138158677526,0.1564891235576089,223.4
punjab_stubble_belt,2025-10-29,31.525,74.975,0.0002526971519424,0.1543389472158328,237.7
punjab_stubble_belt,2025-10-29,31.525,75.025,0.0002793409136501,0.1507328540275674,247.1
punjab_stubble_belt,2025-10-29,31.525,75.075,0.0002015398655875,0.147694152501823,217.1
punjab_stubble_belt,2025-10-29,31.525,75.125,6.024046576581074e-05,0.1468153777979887,163.7
punjab_stubble_belt,2025-10-29,31.525,75.175,0.0001360910927071,0.1536731846463881,193.5
punjab_stubble_belt,2025-10-29,31.525,75.225,0.0001562963595315,0.1561164652133485,201.6
punjab_stubble_belt,2025-10-29,31.525,75.275,0.0001387729428903,0.1673393584738749,197.0
punjab_stubble_belt,2025-10-29,31.525,75.3,0.0001802853127314,0.1757539198681776,214.2
punjab_stubble_belt,2025-10-29,31.575,74.625,0.0002344412878392,0.1825462392682917,235.9
punjab_stubble_belt,2025-10-29,31.575,74.675,0.0002575815592069,0.1783462831288496,243.9
punjab_stubble_belt,2025-10-29,31.575,74.725,0.0002695952747143,0.1666774176386803,246.3
punjab_stubble_belt,2025-10-29,31.575,74.775,0.0002723575314389,0.1656597261155876,247.1
punjab_stubble_belt,2025-10-29,31.575,74.825,0.0002584869367701,0.1628951912124116,241.4
punjab_stubble_belt,2025-10-29,31.575,74.875,0.0002218785107726,0.1585148432686492,226.8
punjab_stubble_belt,2025-10-29,31.575,74.925,0.0001448030099039,0.1562810618197628,197.3
punjab_stubble_belt,2025-10-29,31.575,74.975,0.0002496468774618,0.1528335999638169,236.2
punjab_stubble_belt,2025-10-29,31.575,75.025,0.0002879764962196,0.1493089436751815,250.1
punjab_stubble_belt,2025-10-29,31.575,75.075,0.0001935912285518,0.1466566611573601,214.0
punjab_stubble_belt,2025-10-29,31.575,75.125,2.438707012633173e-05,0.1460672672896344,150.0
punjab_stubble_belt,2025-10-29,31.575,75.175,0.0001260284733541,0.1528297576692041,189.6
punjab_stubble_belt,2025-10-29,31.575,75.225,0.0001378640355547,0.1537971495622767,194.2
punjab_stubble_belt,2025-10-29,31.575,75.275,0.0001340843385036,0.1642252858815924,194.7
punjab_stubble_belt,2025-10-29,31.575,75.3,0.0001265349597181,0.171808708167113,193.2
punjab_stubble_belt,2025-10-29,31.625,74.625,0.0002642608423809,0.1747595116887372,245.8
punjab_stubble_belt,2025-10-29,31.625,74.675,0.0002406010697006,0.1717503528845957,236.3
punjab_stubble_belt,2025-10-29,31.625,74.725,0.0002798442952413,0.1630134790674058,249.5
punjab_stubble_belt,2025-10-29,31.625,74.775,0.0002375566162942,0.1619765719847361,233.3
punjab_stubble_belt,2025-10-29,31.625,74.825,0.0001649457964964,0.1601133245187408,205.6
punjab_stubble_belt,2025-10-29,31.625,74.875,0.0001002095445144,0.1571799803071364,180.6
punjab_stubble_belt,2025-10-29,31.625,74.925,0.0001505853315575,0.1546585428175037,199.2
punjab_stubble_belt,2025-10-29,31.625,74.975,0.0002897349000956,0.1506283086183004,251.0
punjab_stubble_belt,2025-10-29,31.625,75.025,0.0002919454987341,0.1483799150482882,251.4
punjab_stubble_belt,2025-10-29,31.625,75.075,0.0002043736736065,0.1469371608791149,218.1
punjab_stubble_belt,2025-10-29,31.625,75.125,8.006325199632597e-05,0.1470160025348974,171.2
punjab_stubble_belt,2025-10-29,31.625,75.175,0.0001312492431854,0.1529302402714654,191.6
punjab_stubble_belt,2025-10-29,31.625,75.225,0.0001384816542025,0.1532172308246389,194.4
punjab_stubble_belt,2025-10-29,31.625,75.275,0.0001804742125519,0.1618056676758462,211.8
punjab_stubble_belt,2025-10-29,31.625,75.3,0.0002237440626774,0.167086299939293,229.1
punjab_stubble_belt,2025-10-29,31.675,74.625,0.0002944988755152,0.1670077969038899,255.8
punjab_stubble_belt,2025-10-29,31.675,74.675,0.0002458003187983,0.1654088334330156,237.1
punjab_stubble_belt,2025-10-29,31.675,74.725,0.0003873014084566,0.1595240373413722,289.4
punjab_stubble_belt,2025-10-29,31.675,74.775,0.0003152786733195,0.1579392213741761,261.9
punjab_stubble_belt,2025-10-29,31.675,74.825,0.0001905719938874,0.1561971810198593,214.6
punjab_stubble_belt,2025-10-29,31.675,74.875,9.03666404915553e-05,0.1540689200055367,176.4
punjab_stubble_belt,2025-10-29,31.675,74.925,0.0002025250238875,0.1513717013714887,218.2
punjab_stubble_belt,2025-10-29,31.675,74.975,0.0003405046163224,0.1473402445277684,269.5
punjab_stubble_belt,2025-10-29,31.675,75.025,0.0002831923769375,0.1470080947008267,247.8
punjab_stubble_belt,2025-10-29,31.675,75.075,0.00022002494926,0.1471407700415606,224.0
punjab_stubble_belt,2025-10-29,31.675,75.125,0.0001813158114261,0.1479684186089903,209.6
punjab_stubble_belt,2025-10-29,31.675,75.175,0.0001634290234579,0.1531309920527468,203.8
punjab_stubble_belt,2025-10-29,31.675,75.225,0.0001741168908148,0.1538576622566319,207.9
punjab_stubble_belt,2025-10-29,31.675,75.275,0.0002664354890591,0.1604991899076247,244.0
punjab_stubble_belt,2025-10-29,31.675,75.3,0.0003648242439663,0.1644207655881613,281.8
punjab_stubble_belt,2025-10-29,31.725,74.625,0.0003880352820989,0.1642183877215242,290.5
punjab_stubble_belt,2025-10-29,31.725,74.675,0.0003877896955934,0.1641680965494025,290.4
punjab_stubble_belt,2025-10-29,31.725,74.725,0.0002302015466349,0.1578415529079627,229.8
punjab_stubble_belt,2025-10-29,31.725,74.775,0.0002594266919404,0.1545065240115227,240.2
punjab_stubble_belt,2025-10-29,31.725,74.825,0.0002653053559893,0.1518402204706467,242.0
punjab_stubble_belt,2025-10-29,31.725,74.875,0.0002392157045713,0.1495430857169669,231.7
punjab_stubble_belt,2025-10-29,31.725,74.925,0.0002190724461381,0.1468873451171886,223.6
punjab_stubble_belt,2025-10-29,31.725,74.975,0.0003193406154092,0.1431875563676975,260.8
punjab_stubble_belt,2025-10-29,31.725,75.025,0.000236258144533,0.1434631741606546,229.5
punjab_stubble_belt,2025-10-29,31.725,75.075,0.0001813225765234,0.143896058125297,208.8
punjab_stubble_belt,2025-10-29,31.725,75.125,0.0001950073421508,0.1447925355387616,214.1
punjab_stubble_belt,2025-10-29,31.725,75.175,0.0002976696493259,0.1512333076771408,254.1
punjab_stubble_belt,2025-10-29,31.725,75.225,0.0003256299600002,0.155113997541017,265.3
punjab_stubble_belt,2025-10-29,31.725,75.275,0.0003844595663346,0.1606922297275817,288.5
punjab_stubble_belt,2025-10-29,31.775,74.625,0.000404686927872,0.164992972519898,297.0
punjab_stubble_belt,2025-10-29,31.775,74.675,0.0003741482731999,0.1642516952250816,285.3
punjab_stubble_belt,2025-10-29,31.775,74.725,0.0001110416464212,0.1580900217634069,184.9
punjab_stubble_belt,2025-10-29,31.775,74.775,0.000164665042836,0.1533094534658881,204.3
punjab_stubble_belt,2025-10-29,31.775,74.825,0.0002003217070221,0.1501973313962156,217.1
punjab_stubble_belt,2025-10-29,31.775,74.875,0.0001926860613221,0.1483176999010124,213.9
punjab_stubble_belt,2025-10-29,31.775,74.925,0.0001751795865255,0.1456754226318926,206.8
punjab_stubble_belt,2025-10-29,31.775,74.975,0.0001853423961776,0.1431192891772451,210.2
punjab_stubble_belt,2025-10-29,31.775,75.025,0.0001040509077563,0.1431053220957208,179.5
punjab_stubble_belt,2025-10-29,31.775,75.075,5.511634378296352e-05,0.1432425051283704,161.1
punjab_stubble_belt,2025-10-29,31.775,75.125,0.0001027803564108,0.1439401095828596,179.2
punjab_stubble_belt,2025-10-29,31.775,75.175,0.0004666519339022,0.1492321801400359,317.5
punjab_stubble_belt,2025-10-29,31.775,75.225,0.0003378754675775,0.1552734855766158,270.0
punjab_stubble_belt,2025-10-29,31.775,75.275,0.0002616889944685,0.1616383440865626,242.4
punjab_stubble_belt,2025-10-29,31.775,75.3,0.0003119240487421,0.1646228717777887,261.9
punjab_stubble_belt,2025-10-29,31.825,74.625,0.0004768250827712,0.1643705341496005,324.1
punjab_stubble_belt,2025-10-29,31.825,74.675,0.0003226628803403,0.1615342904435235,265.4
punjab_stubble_belt,2025-10-29,31.825,74.725,0.0001020412102935,0.1552313983394053,181.0
punjab_stubble_belt,2025-10-29,31.825,74.775,0.0001826146845827,0.1512347077177661,210.6
punjab_stubble_belt,2025-10-29,31.825,74.825,0.0002539720974413,0.1489261568169557,237.2
punjab_stubble_belt,2025-10-29,31.825,74.875,0.0002801850281172,0.1477700520231901,246.8
punjab_stubble_belt,2025-10-29,31.825,74.925,0.0002251589040861,0.1459738663145476,225.7
punjab_stubble_belt,2025-10-29,31.825,74.975,0.0002184979782399,0.1449369027588356,223.0
punjab_stubble_belt,2025-10-29,31.825,75.025,0.0001880040362658,0.1434675813660813,211.3
punjab_stubble_belt,2025-10-29,31.825,75.075,0.0001616627990421,0.1428405616635051,201.2
punjab_stubble_belt,2025-10-29,31.825,75.125,0.0001612500956,0.1434789997086881,201.2
punjab_stubble_belt,2025-10-29,31.825,75.175,0.0002634091528332,0.1464335053765345,240.3
punjab_stubble_belt,2025-10-29,31.825,75.225,0.000219206706011,0.1552166030884524,225.2
punjab_stubble_belt,2025-10-29,31.825,75.275,0.0001971530828093,0.1615636203409914,218.0
punjab_stubble_belt,2025-10-29,31.825,75.3,0.0001908009621551,0.1649135746075667,216.2
punjab_stubble_belt,2025-10-29,31.875,74.625,0.0003643310698723,0.1644269311926937,281.6
punjab_stubble_belt,2025-10-29,31.875,74.675,0.0002103815478289,0.1601557582619308,222.8
punjab_stubble_belt,2025-10-29,31.875,74.725,0.0001441683828636,0.1540390268414078,196.6
punjab_stubble_belt,2025-10-29,31.875,74.775,0.0002502948254069,0.1508466363180912,236.1
punjab_stubble_belt,2025-10-29,31.875,74.825,0.0002965148116777,0.1487671121321408,253.2
punjab_stubble_belt,2025-10-29,31.875,74.875,0.0002746134048381,0.1473119528290961,244.6
punjab_stubble_belt,2025-10-29,31.875,74.925,0.0002347960553521,0.1451397048488518,229.2
punjab_stubble_belt,2025-10-29,31.875,74.975,0.0002272610194573,0.1449885211931161,226.4
punjab_stubble_belt,2025-10-29,31.875,75.025,0.0002189607281953,0.1423878580916199,222.7
punjab_stubble_belt,2025-10-29,31.875,75.075,0.0002116144926912,0.1412603067329785,219.8
punjab_stubble_belt,2025-10-29,31.875,75.125,0.0002010972508742,0.1420267097104779,215.9
punjab_stubble_belt,2025-10-29,31.875,75.175,0.0001625106413452,0.1440071225922393,201.7
punjab_stubble_belt,2025-10-29,31.875,75.225,0.0001922245935691,0.1540290052226423,214.8
punjab_stubble_belt,2025-10-29,31.875,75.275,0.0001921059250424,0.1605710282826935,215.9
punjab_stubble_belt,2025-10-29,31.875,75.3,0.0001925485425487,0.1636383020282184,216.7
punjab_stubble_belt,2025-10-30,31.325,74.625,0.0003592941481631,0.1509220377687967,277.3
punjab_stubble_belt,2025-10-30,31.325,74.675,0.0003421447580232,0.1513823705057034,270.9
punjab_stubble_belt,2025-10-30,31.325,74.725,0.0002283530244968,0.1602460540182139,229.6
punjab_stubble_belt,2025-10-30,31.325,74.775,0.0004004841186092,0.1614363970879209,294.7
punjab_stubble_belt,2025-10-30,31.325,74.825,0.000494381273929,0.1601987207562143,329.9
punjab_stubble_belt,2025-10-30,31.325,74.875,0.0004907381722066,0.1524756669981199,327.2
punjab_stubble_belt,2025-10-30,31.325,74.925,0.0004494080489182,0.1197051743400982,305.6
punjab_stubble_belt,2025-10-30,31.325,74.975,0.0004249963568523,0.0967524848651825,292.2
punjab_stubble_belt,2025-10-30,31.325,75.025,0.0003393013063038,0.0682644972560624,254.6
punjab_stubble_belt,2025-10-30,31.325,75.075,0.0002615009678074,0.0477092600445916,221.5
punjab_stubble_belt,2025-10-30,31.325,75.125,0.0002275943410361,0.0340928925152644,206.2
punjab_stubble_belt,2025-10-30,31.325,75.175,0.0003438000209758,2.123929255464589e-05,243.9
punjab_stubble_belt,2025-10-30,31.325,75.225,0.0003599750519735,2.633443281708116e-06,250.0
punjab_stubble_belt,2025-10-30,31.325,75.275,0.0002556568619756,0.0,210.6
punjab_stubble_belt,2025-10-30,31.325,75.3,0.0001642342809654,0.0,176.1
punjab_stubble_belt,2025-10-30,31.375,74.625,0.0004671514136629,0.1314525978260499,314.4
punjab_stubble_belt,2025-10-30,31.375,74.675,0.0004499300594168,0.142073766335715,309.9
punjab_stubble_belt,2025-10-30,31.375,74.725,0.0002575009405439,0.1503495560844088,238.7
punjab_stubble_belt,2025-10-30,31.375,74.775,0.0003165890180558,0.1498803100401949,261.0
punjab_stubble_belt,2025-10-30,31.375,74.825,0.0004167440932173,0.1477925528252021,298.4
punjab_stubble_belt,2025-10-30,31.375,74.875,0.0004941735500717,0.1409704617288307,326.3
punjab_stubble_belt,2025-10-30,31.375,74.925,0.0004098149798903,0.1153817489128452,289.8
punjab_stubble_belt,2025-10-30,31.375,74.975,0.000374092022221,0.0930947752303237,272.3
punjab_stubble_belt,2025-10-30,31.375,75.025,0.000251411865433,0.0599154164992788,219.9
punjab_stubble_belt,2025-10-30,31.375,75.075,0.0001684978560484,0.0337705410603428,183.9
punjab_stubble_belt,2025-10-30,31.375,75.125,0.0001578649282172,0.0174438356954817,176.9
punjab_stubble_belt,2025-10-30,31.375,75.175,0.0002531592198661,0.0,209.6
punjab_stubble_belt,2025-10-30,31.375,75.225,0.0002913785762278,0.0,224.1
punjab_stubble_belt,2025-10-30,31.375,75.275,0.0002547870701512,0.0,210.3
punjab_stubble_belt,2025-10-30,31.375,75.3,0.0002284398891554,0.0,200.3
punjab_stubble_belt,2025-10-30,31.425,74.625,0.000551974029774,0.1107853949503014,342.6
punjab_stubble_belt,2025-10-30,31.425,74.675,0.0005294071078488,0.1314764982301673,337.9
punjab_stubble_belt,2025-10-30,31.425,74.725,0.0003778061508425,0.1383012133245215,281.9
punjab_stubble_belt,2025-10-30,31.425,74.775,0.000331818543879,0.1349865651327597,264.0
punjab_stubble_belt,2025-10-30,31.425,74.825,0.0003820264776535,0.1297350517319358,282.0
punjab_stubble_belt,2025-10-30,31.425,74.875,0.0004637754636826,0.1223482375657696,311.5
punjab_stubble_belt,2025-10-30,31.425,74.925,0.0003833620013039,0.1074260270605859,278.4
punjab_stubble_belt,2025-10-30,31.425,74.975,0.0003302964942167,0.0863857629648928,254.5
punjab_stubble_belt,2025-10-30,31.425,75.025,0.0001604472666825,0.0500607167672627,183.8
punjab_stubble_belt,2025-10-30,31.425,75.075,0.0001018541685294,0.0195150525158906,156.1
punjab_stubble_belt,2025-10-30,31.425,75.125,0.000155786369254,0.0003644938512575,173.0
punjab_stubble_belt,2025-10-30,31.425,75.175,0.0001207988746151,0.0,159.7
punjab_stubble_belt,2025-10-30,31.425,75.225,0.0001642224139585,0.0,176.1
punjab_stubble_belt,2025-10-30,31.425,75.275,0.00018365813966,0.0,183.4
punjab_stubble_belt,2025-10-30,31.425,75.3,0.0001044848243425,0.0,153.5
punjab_stubble_belt,2025-10-30,31.475,74.625,0.0003323896622532,0.1138832626545024,260.3
punjab_stubble_belt,2025-10-30,31.475,74.675,0.0004011102748155,0.1295949794048511,289.2
punjab_stubble_belt,2025-10-30,31.475,74.725,0.0004372523239624,0.1301902769157588,302.9
punjab_stubble_belt,2025-10-30,31.475,74.775,0.0004179660082193,0.1252025896801466,294.7
punjab_stubble_belt,2025-10-30,31.475,74.825,0.0003488399488668,0.1188765962200055,267.5
punjab_stubble_belt,2025-10-30,31.475,74.875,0.0003101570262536,0.1113698216262512,251.5
punjab_stubble_belt,2025-10-30,31.475,74.925,0.0005776841351528,0.1004261366955376,350.5
punjab_stubble_belt,2025-10-30,31.475,74.975,0.0003830504813847,0.0783393595339798,273.0
punjab_stubble_belt,2025-10-30,31.475,75.025,0.0001936775651231,0.0426228534714185,195.0
punjab_stubble_belt,2025-10-30,31.475,75.075,0.0001448464569609,0.0146697165106599,171.4
punjab_stubble_belt,2025-10-30,31.475,75.125,0.0002244431179575,0.0,198.8
punjab_stubble_belt,2025-10-30,31.475,75.175,0.0002286884746028,0.0,200.4
punjab_stubble_belt,2025-10-30,31.475,75.225,0.0002324046777538,0.0,201.8
punjab_stubble_belt,2025-10-30,31.475,75.275,7.459560657655003e-05,0.0,142.3
punjab_stubble_belt,2025-10-30,31.525,74.625,0.0002907455797825,0.1138276880769309,244.6
punjab_stubble_belt,2025-10-30,31.525,74.675,0.0004169954085969,0.116151416805603,292.7
punjab_stubble_belt,2025-10-30,31.525,74.725,0.0005578819095561,0.1101713957900509,344.8
punjab_stubble_belt,2025-10-30,31.525,74.775,0.000597928559529,0.1060152987209653,359.1
punjab_stubble_belt,2025-10-30,31.525,74.825,0.000508720042322,0.1003473548197221,324.4
punjab_stubble_belt,2025-10-30,31.525,74.875,0.0003619345745964,0.0911219337215305,267.3
punjab_stubble_belt,2025-10-30,31.525,74.925,0.0004002141201777,0.0702643201728673,278.0
punjab_stubble_belt,2025-10-30,31.525,74.975,0.0004560760292228,0.0433682346938419,294.1
punjab_stubble_belt,2025-10-30,31.525,75.025,0.0003451223479176,0.0156466187707618,247.2
punjab_stubble_belt,2025-10-30,31.525,75.075,0.0002526015641912,0.0010268801557461,209.6
punjab_stubble_belt,2025-10-30,31.525,75.125,0.0002190423775329,0.0,196.8
punjab_stubble_belt,2025-10-30,31.525,75.175,0.0003010338467495,0.0,227.7
punjab_stubble_belt,2025-10-30,31.525,75.225,0.0003195034743986,0.0,234.7
punjab_stubble_belt,2025-10-30,31.525,75.275,0.0003205967816288,0.0,235.1
punjab_stubble_belt,2025-10-30,31.525,75.3,0.0001588185425011,0.0,174.0
punjab_stubble_belt,2025-10-30,31.575,74.625,0.0002129258983536,0.0995344568576849,212.6
punjab_stubble_belt,2025-10-30,31.575,74.675,0.0003190155524833,0.100879544001833,252.9
punjab_stubble_belt,2025-10-30,31.575,74.725,0.0003703126655194,0.1003569318185644,272.2
punjab_stubble_belt,2025-10-30,31.575,74.775,0.0004320864413949,0.0984829680453801,295.2
punjab_stubble_belt,2025-10-30,31.575,74.825,0.0003857107947814,0.0939880664442263,276.8
punjab_stubble_belt,2025-10-30,31.575,74.875,0.0002847441000281,0.0832929342690738,236.8
punjab_stubble_belt,2025-10-30,31.575,74.925,0.0003438259093321,0.0523059444952617,253.4
punjab_stubble_belt,2025-10-30,31.575,74.975,0.0004314642562999,0.0287369167350702,282.2
punjab_stubble_belt,2025-10-30,31.575,75.025,0.0002874050124379,0.0094339046239173,224.3
punjab_stubble_belt,2025-10-30,31.575,75.075,0.0001982780448299,0.0,188.9
punjab_stubble_belt,2025-10-30,31.575,75.125,0.000202003265904,0.0,190.3
punjab_stubble_belt,2025-10-30,31.575,75.175,0.0002481774765224,0.0,207.8
punjab_stubble_belt,2025-10-30,31.575,75.225,0.0002010761619109,0.0,190.0
punjab_stubble_belt,2025-10-30,31.575,75.275,0.0002207001456434,0.0,197.4
punjab_stubble_belt,2025-10-30,31.575,75.3,0.0002655856458701,0.0,214.3
punjab_stubble_belt,2025-10-30,31.625,74.625,0.0002130387734331,0.0793394073429824,209.0
punjab_stubble_belt,2025-10-30,31.625,74.675,0.0002624922179685,0.0824813057477692,228.2
punjab_stubble_belt,2025-10-30,31.625,74.725,0.0003124144552512,0.0901806592427846,248.5
punjab_stubble_belt,2025-10-30,31.625,74.775,0.0003514352054897,0.0904945422586476,263.3
punjab_stubble_belt,2025-10-30,31.625,74.825,0.0003274888398437,0.0861797052048763,253.4
punjab_stubble_belt,2025-10-30,31.625,74.875,0.0002673749585657,0.0725053800877016,228.3
punjab_stubble_belt,2025-10-30,31.625,74.925,0.0002715107252427,0.0277814859188756,221.6
punjab_stubble_belt,2025-10-30,31.625,74.975,0.0003474471182075,0.0138306972415121,247.8
punjab_stubble_belt,2025-10-30,31.625,75.025,0.0002611266097935,0.0044940882680803,213.5
punjab_stubble_belt,2025-10-30,31.625,75.075,0.0002106311674894,0.0,193.6
punjab_stubble_belt,2025-10-30,31.625,75.125,0.0002169995979452,0.0,196.0
punjab_stubble_belt,2025-10-30,31.625,75.175,0.0002034942547349,0.0,190.9
punjab_stubble_belt,2025-10-30,31.625,75.225,0.0001748968146141,0.0,180.1
punjab_stubble_belt,2025-10-30,31.625,75.275,0.000182239727256,0.0,182.9
punjab_stubble_belt,2025-10-30,31.625,75.3,0.0001916203937618,0.0,186.4
punjab_stubble_belt,2025-10-30,31.675,74.625,0.0002507188399417,0.0572092235240868,219.2
punjab_stubble_belt,2025-10-30,31.675,74.675,0.0002469177275544,0.0633750112012159,218.9
punjab_stubble_belt,2025-10-30,31.675,74.725,0.0003235789062668,0.0785670739746051,250.6
punjab_stubble_belt,2025-10-30,31.675,74.775,0.0003414428366112,0.0798047032800624,257.5
punjab_stubble_belt,2025-10-30,31.675,74.825,0.0003314406895608,0.0742376491749218,252.7
punjab_stubble_belt,2025-10-30,31.675,74.875,0.0002904589678374,0.056845821735911,234.1
punjab_stubble_belt,2025-10-30,31.675,74.925,0.0001885398178863,0.0026682373981982,185.7
punjab_stubble_belt,2025-10-30,31.675,74.975,0.0002393227404081,0.0002760963639323,204.5
punjab_stubble_belt,2025-10-30,31.675,75.025,0.0002673114993871,0.0,215.0
punjab_stubble_belt,2025-10-30,31.675,75.075,0.0002701199387876,0.0,216.0
punjab_stubble_belt,2025-10-30,31.675,75.125,0.000242885215066,0.0,205.8
punjab_stubble_belt,2025-10-30,31.675,75.175,0.0001438605401565,0.0,168.4
punjab_stubble_belt,2025-10-30,31.675,75.225,0.000209139348486,0.0,193.0
punjab_stubble_belt,2025-10-30,31.675,75.275,0.0002217464288883,0.0,197.8
punjab_stubble_belt,2025-10-30,31.675,75.3,0.0002818607954913,0.0,220.5
punjab_stubble_belt,2025-10-30,31.725,74.625,0.0001539572403732,0.0412525010034107,179.7
punjab_stubble_belt,2025-10-30,31.725,74.675,0.0002122224205555,0.0490494079546435,203.2
punjab_stubble_belt,2025-10-30,31.725,74.725,3.437449266587162e-05,0.0606627446127994,138.2
punjab_stubble_belt,2025-10-30,31.725,74.775,0.0001944986845351,0.0593711644964079,198.4
punjab_stubble_belt,2025-10-30,31.725,74.825,0.000259999289311,0.0504595368453182,221.4
punjab_stubble_belt,2025-10-30,31.725,74.875,0.0002146028789049,0.0331502424271826,201.1
punjab_stubble_belt,2025-10-30,31.725,74.925,0.0001454804782827,0.0,169.0
punjab_stubble_belt,2025-10-30,31.725,74.975,0.0001835624544482,0.0,183.4
punjab_stubble_belt,2025-10-30,31.725,75.025,0.0002400860138644,0.0,204.7
punjab_stubble_belt,2025-10-30,31.725,75.075,0.0002517937638689,0.0,209.1
punjab_stubble_belt,2025-10-30,31.725,75.125,0.0001868469352182,0.0,184.6
punjab_stubble_belt,2025-10-30,31.725,75.175,-6.951727960005339e-05,0.0,87.9
punjab_stubble_belt,2025-10-30,31.725,75.225,9.978723200189508e-05,0.0,151.8
punjab_stubble_belt,2025-10-30,31.725,75.275,0.00026968421301,0.0,215.9
punjab_stubble_belt,2025-10-30,31.775,74.625,0.000307706053166,0.0212416335743862,234.1
punjab_stubble_belt,2025-10-30,31.775,74.675,0.0001001203555707,0.0393389237931133,159.1
punjab_stubble_belt,2025-10-30,31.775,74.725,0.0001328267157765,0.0316341800057228,170.0
punjab_stubble_belt,2025-10-30,31.775,74.775,0.0001952068927543,0.0235945988603221,192.1
punjab_stubble_belt,2025-10-30,31.775,74.825,0.000232155527588,0.0197572576061878,205.3
punjab_stubble_belt,2025-10-30,31.775,74.875,0.0002478466717772,0.0162846993855311,210.6
punjab_stubble_belt,2025-10-30,31.775,74.925,0.0002684506808892,0.0,215.4
punjab_stubble_belt,2025-10-30,31.775,74.975,0.0001698105041545,0.0,178.2
punjab_stubble_belt,2025-10-30,31.775,75.025,0.0002598051457328,0.0,212.2
punjab_stubble_belt,2025-10-30,31.775,75.075,0.0003366540020396,0.0,241.2
punjab_stubble_belt,2025-10-30,31.775,75.125,0.0003191107436325,0.0,234.5
punjab_stubble_belt,2025-10-30,31.775,75.175,-3.4929743393128804e-05,0.0,100.9
punjab_stubble_belt,2025-10-30,31.775,75.225,4.851908860820684e-05,0.0,132.4
punjab_stubble_belt,2025-10-30,31.775,75.275,0.0002279277441141,0.0,200.1
punjab_stubble_belt,2025-10-30,31.775,75.3,0.0003487312204731,0.0,245.7
punjab_stubble_belt,2025-10-30,31.825,74.625,0.00025934727833,0.0112154900405116,214.0
punjab_stubble_belt,2025-10-30,31.825,74.675,0.0003078738343663,0.0139960266102603,232.8
punjab_stubble_belt,2025-10-30,31.825,74.725,3.656292117125434e-05,0.0102405768338525,129.8
punjab_stubble_belt,2025-10-30,31.825,74.775,6.187496544575992e-05,0.0070710328434778,138.7
punjab_stubble_belt,2025-10-30,31.825,74.825,7.460243263221754e-05,0.0059468384565634,143.3
punjab_stubble_belt,2025-10-30,31.825,74.875,7.00720198793371e-05,0.0052352997540264,141.5
punjab_stubble_belt,2025-10-30,31.825,74.925,0.0001529964462971,0.0,171.8
punjab_stubble_belt,2025-10-30,31.825,74.975,0.000137764918801,0.0,166.1
punjab_stubble_belt,2025-10-30,31.825,75.025,0.0001699497541279,0.0,178.2
punjab_stubble_belt,2025-10-30,31.825,75.075,0.0002199342631502,0.0,197.1
punjab_stubble_belt,2025-10-30,31.825,75.125,0.0002552750207301,0.0,210.4
punjab_stubble_belt,2025-10-30,31.825,75.175,0.0001487659245215,0.0,170.2
punjab_stubble_belt,2025-10-30,31.825,75.225,0.0002043905978938,0.0,191.2
punjab_stubble_belt,2025-10-30,31.825,75.275,0.0002290891661185,0.0,200.6
punjab_stubble_belt,2025-10-30,31.825,75.3,0.0002593470371204,0.0,212.0
punjab_stubble_belt,2025-10-30,31.875,74.625,0.0002191485711455,0.0043190390721082,197.6
punjab_stubble_belt,2025-10-30,31.875,74.675,0.000419728567522,0.0,272.5
punjab_stubble_belt,2025-10-30,31.875,74.725,5.917972510347111e-05,0.0,136.4
punjab_stubble_belt,2025-10-30,31.875,74.775,7.672335583862693e-05,0.0,143.1
punjab_stubble_belt,2025-10-30,31.875,74.825,9.411076286459144e-05,0.0,149.6
punjab_stubble_belt,2025-10-30,31.875,74.875,9.693688299713752e-05,0.0,150.7
punjab_stubble_belt,2025-10-30,31.875,74.925,0.0001461542239978,0.0,169.3
punjab_stubble_belt,2025-10-30,31.875,74.975,0.0001326527256163,0.0,164.2
punjab_stubble_belt,2025-10-30,31.875,75.025,0.0001320350081183,0.0,163.9
punjab_stubble_belt,2025-10-30,31.875,75.075,0.0001512165453405,0.0,171.2
punjab_stubble_belt,2025-10-30,31.875,75.125,0.0001862955005104,0.0,184.4
punjab_stubble_belt,2025-10-30,31.875,75.175,0.0002198717911629,0.0,197.1
punjab_stubble_belt,2025-10-30,31.875,75.225,0.0002281496292088,0.0,200.2
punjab_stubble_belt,2025-10-30,31.875,75.275,0.0002426670522116,0.0,205.7
punjab_stubble_belt,2025-10-30,31.875,75.3,0.0002732975240474,0.0,217.2
punjab_stubble_belt,2025-10-31,31.325,74.625,0.0002500254718446,0.003519236936579,209.1
punjab_stubble_belt,2025-10-31,31.325,74.675,0.0003580038281835,0.0181307650116823,252.5
punjab_stubble_belt,2025-10-31,31.325,74.725,0.0003284189860282,0.0294984014986332,243.4
punjab_stubble_belt,2025-10-31,31.325,74.775,0.0001623230880552,0.011962442724724,177.5
punjab_stubble_belt,2025-10-31,31.325,74.825,0.0001902575300489,0.0016539559388642,186.2
punjab_stubble_belt,2025-10-31,31.325,74.875,0.000330075653611,0.0,238.7
punjab_stubble_belt,2025-10-31,31.325,74.925,0.0002203338473363,0.0,197.3
punjab_stubble_belt,2025-10-31,31.325,74.975,0.0003739012206827,0.0,255.2
punjab_stubble_belt,2025-10-31,31.325,75.025,0.000400418258078,0.0002674586800408,265.3
punjab_stubble_belt,2025-10-31,31.325,75.075,0.000458725108113,0.0083833990937516,288.8
punjab_stubble_belt,2025-10-31,31.325,75.125,0.0004836016997775,0.0213434113073018,300.5
punjab_stubble_belt,2025-10-31,31.325,75.175,-1.762621877189486e-05,0.0184153886655963,110.8
punjab_stubble_belt,2025-10-31,31.325,75.225,0.0001707541386492,0.0024706516156567,179.0
punjab_stubble_belt,2025-10-31,31.325,75.275,0.0002792764109844,8.59490504881866e-06,219.5
punjab_stubble_belt,2025-10-31,31.325,75.3,0.0003284081830568,0.0,238.0
punjab_stubble_belt,2025-10-31,31.375,74.625,0.0002727493109095,0.003967583275111,217.8
punjab_stubble_belt,2025-10-31,31.375,74.675,0.0003922810222091,0.0218575527911276,266.1
punjab_stubble_belt,2025-10-31,31.375,74.725,0.000434543538315,0.051308866770808,287.5
punjab_stubble_belt,2025-10-31,31.375,74.775,0.000229238524337,0.0318265561959205,206.4
punjab_stubble_belt,2025-10-31,31.375,74.825,0.000221855026409,0.0123753416709626,200.1
punjab_stubble_belt,2025-10-31,31.375,74.875,0.0003515173241769,0.0,246.8
punjab_stubble_belt,2025-10-31,31.375,74.925,0.0002719867765959,0.0,216.7
punjab_stubble_belt,2025-10-31,31.375,74.975,0.0003241463046976,0.0,236.4
punjab_stubble_belt,2025-10-31,31.375,75.025,0.0003305174903782,0.0009053270561718,239.0
punjab_stubble_belt,2025-10-31,31.375,75.075,0.0003750171321885,0.007887570560767,257.1
punjab_stubble_belt,2025-10-31,31.375,75.125,0.000411841779979,0.0190836180300629,273.0
punjab_stubble_belt,2025-10-31,31.375,75.175,0.0001040570364085,0.0225024296843807,157.5
punjab_stubble_belt,2025-10-31,31.375,75.225,0.000174945059935,0.0039546724364322,180.8
punjab_stubble_belt,2025-10-31,31.375,75.275,0.0002598001890812,0.0004571790665563,212.2
punjab_stubble_belt,2025-10-31,31.375,75.3,0.0003055952083778,0.0,229.4
punjab_stubble_belt,2025-10-31,31.425,74.625,0.0003425675597706,0.0130878205176256,245.8
punjab_stubble_belt,2025-10-31,31.425,74.675,0.000476507916332,0.0393814835476503,301.1
punjab_stubble_belt,2025-10-31,31.425,74.725,0.0005613733044499,0.080261373184562,340.6
punjab_stubble_belt,2025-10-31,31.425,74.775,0.0004306963216542,0.0581890289938281,287.3
punjab_stubble_belt,2025-10-31,31.425,74.825,0.0003493562725284,0.0270440010215169,250.9
punjab_stubble_belt,2025-10-31,31.425,74.875,0.0003360074668857,0.0,240.9
punjab_stubble_belt,2025-10-31,31.425,74.925,0.0003783712803701,0.0,256.9
punjab_stubble_belt,2025-10-31,31.425,74.975,0.0002392887200178,0.0,204.4
punjab_stubble_belt,2025-10-31,31.425,75.025,0.0002393285691378,0.0049273999528324,205.3
punjab_stubble_belt,2025-10-31,31.425,75.075,0.0002902195677159,0.0145111315800985,226.3
punjab_stubble_belt,2025-10-31,31.425,75.125,0.0003592136771149,0.0256990172559636,254.4
punjab_stubble_belt,2025-10-31,31.425,75.175,0.0003431357441767,0.0224996160882033,247.7
punjab_stubble_belt,2025-10-31,31.425,75.225,0.0001339828473491,0.0049942191649829,165.6
punjab_stubble_belt,2025-10-31,31.425,75.275,0.0002226759044041,0.0008682897890355,198.3
punjab_stubble_belt,2025-10-31,31.425,75.3,0.0003488993106264,0.0,245.8
punjab_stubble_belt,2025-10-31,31.475,74.625,0.0005627248503089,0.0478374922567616,335.2
punjab_stubble_belt,2025-10-31,31.475,74.675,0.0007501858352616,0.0808972370976019,412.0
punjab_stubble_belt,2025-10-31,31.475,74.725,0.000640761524862,0.0761701373124689,369.8
punjab_stubble_belt,2025-10-31,31.475,74.775,0.0004075115867333,0.0511733985019392,277.2
punjab_stubble_belt,2025-10-31,31.475,74.825,0.000234439981103,0.0231058010937005,206.8
punjab_stubble_belt,2025-10-31,31.475,74.875,0.0001747943084171,0.0,180.1
punjab_stubble_belt,2025-10-31,31.475,74.925,0.0003385124412569,0.0,241.9
punjab_stubble_belt,2025-10-31,31.475,74.975,0.0002315450948568,0.0,201.5
punjab_stubble_belt,2025-10-31,31.475,75.025,0.0003011937778146,0.0194628421894813,231.3
punjab_stubble_belt,2025-10-31,31.475,75.075,0.0004203709208763,0.0405123671248487,280.1
punjab_stubble_belt,2025-10-31,31.475,75.125,0.000512854961257,0.0516026016593792,317.1
punjab_stubble_belt,2025-10-31,31.475,75.175,0.0003123702382745,0.0125218886377913,234.3
punjab_stubble_belt,2025-10-31,31.475,75.225,0.0001950309431198,0.001952716139929,188.1
punjab_stubble_belt,2025-10-31,31.475,75.275,0.0003239602414939,0.000111263591037,236.4
punjab_stubble_belt,2025-10-31,31.525,74.625,0.0005552625296456,0.0035471133697371,324.3
punjab_stubble_belt,2025-10-31,31.525,74.675,0.0004626679502913,0.0060296077339827,289.8
punjab_stubble_belt,2025-10-31,31.525,74.725,0.0001990929147212,0.0052674824680727,190.2
punjab_stubble_belt,2025-10-31,31.525,74.775,0.000144077547382,0.0038171689101983,169.2
punjab_stubble_belt,2025-10-31,31.525,74.825,0.0001240303680283,0.0016953279838932,161.2
punjab_stubble_belt,2025-10-31,31.525,74.875,0.0001384283394706,0.0,166.3
punjab_stubble_belt,2025-10-31,31.525,74.925,0.0002375328977815,0.0,203.7
punjab_stubble_belt,2025-10-31,31.525,74.975,0.0002567448478053,0.0,211.0
punjab_stubble_belt,2025-10-31,31.525,75.025,0.0004207666192309,0.0015360380355423,273.2
punjab_stubble_belt,2025-10-31,31.525,75.075,0.0005493619467708,0.0027648260598041,321.9
punjab_stubble_belt,2025-10-31,31.525,75.125,0.0005936480517745,0.0039854419454237,338.9
punjab_stubble_belt,2025-10-31,31.525,75.175,0.0004798449797988,0.0009333084698974,295.4
punjab_stubble_belt,2025-10-31,31.525,75.225,0.000414553786855,9.63576311309272e-05,270.6
punjab_stubble_belt,2025-10-31,31.525,75.275,0.0003349139057482,8.746795975081407e-06,240.5
punjab_stubble_belt,2025-10-31,31.525,75.3,0.0003504041126868,0.0,246.3
punjab_stubble_belt,2025-10-31,31.575,74.625,0.0004437792208872,0.0,281.6
punjab_stubble_belt,2025-10-31,31.575,74.675,0.0004441540517237,0.0,281.7
punjab_stubble_belt,2025-10-31,31.575,74.725,0.000223165549955,8.718248717001544e-06,198.3
punjab_stubble_belt,2025-10-31,31.575,74.775,0.0001395946311259,3.138569538120556e-06,166.8
punjab_stubble_belt,2025-10-31,31.575,74.825,0.0001617459549091,0.0,175.1
punjab_stubble_belt,2025-10-31,31.575,74.875,0.0002405908502703,0.0,204.9
punjab_stubble_belt,2025-10-31,31.575,74.925,0.0002252632181671,0.0,199.1
punjab_stubble_belt,2025-10-31,31.575,74.975,0.0002455089073666,0.0,206.8
punjab_stubble_belt,2025-10-31,31.575,75.025,0.0004279507481826,0.0,275.6
punjab_stubble_belt,2025-10-31,31.575,75.075,0.0005165177266874,0.0,309.0
punjab_stubble_belt,2025-10-31,31.575,75.125,0.0004873809905377,0.0,298.0
punjab_stubble_belt,2025-10-31,31.575,75.175,0.0004420858414125,0.0,280.9
punjab_stubble_belt,2025-10-31,31.575,75.225,0.0002496646482719,0.0,208.3
punjab_stubble_belt,2025-10-31,31.575,75.275,0.0003113580887115,0.0,231.6
punjab_stubble_belt,2025-10-31,31.575,75.3,0.0003481652672856,0.0,245.5
punjab_stubble_belt,2025-10-31,31.625,74.625,0.0003569241493014,0.0,248.8
punjab_stubble_belt,2025-10-31,31.625,74.675,0.0003545788529043,0.0,247.9
punjab_stubble_belt,2025-10-31,31.625,74.725,0.0002147221782204,0.0,195.1
punjab_stubble_belt,2025-10-31,31.625,74.775,0.0002116860853957,0.0,194.0
punjab_stubble_belt,2025-10-31,31.625,74.825,0.0002681169990539,0.0,215.3
punjab_stubble_belt,2025-10-31,31.625,74.875,0.0003346838283203,0.0,240.4
punjab_stubble_belt,2025-10-31,31.625,74.925,0.0002724243570746,0.0,216.9
punjab_stubble_belt,2025-10-31,31.625,74.975,0.0002140804964089,0.0,194.9
punjab_stubble_belt,2025-10-31,31.625,75.025,0.0003415373960346,0.0,243.0
punjab_stubble_belt,2025-10-31,31.625,75.075,0.0003977210779379,0.0,264.2
punjab_stubble_belt,2025-10-31,31.625,75.125,0.0003636234957737,0.0,251.3
punjab_stubble_belt,2025-10-31,31.625,75.175,0.0003794813851189,0.0,257.3
punjab_stubble_belt,2025-10-31,31.625,75.225,0.0002314517638159,0.0,201.5
punjab_stubble_belt,2025-10-31,31.625,75.275,0.0002741569037602,0.0,217.6
punjab_stubble_belt,2025-10-31,31.625,75.3,0.0002954973862949,0.0,225.6
punjab_stubble_belt,2025-10-31,31.675,74.625,0.0003082302623261,0.0,230.4
punjab_stubble_belt,2025-10-31,31.675,74.675,0.0002307198754252,0.0,201.2
punjab_stubble_belt,2025-10-31,31.675,74.725,0.0001858523981987,0.0,184.2
punjab_stubble_belt,2025-10-31,31.675,74.775,0.0003120311168972,0.0,231.9
punjab_stubble_belt,2025-10-31,31.675,74.825,0.0003861162355767,0.0,259.8
punjab_stubble_belt,2025-10-31,31.675,74.875,0.0003879023581965,0.0,260.5
punjab_stubble_belt,2025-10-31,31.675,74.925,0.000324316524244,0.0,236.5
punjab_stubble_belt,2025-10-31,31.675,74.975,0.0002143629522252,0.0,195.0
punjab_stubble_belt,2025-10-31,31.675,75.025,0.0002242334966797,0.0,198.7
punjab_stubble_belt,2025-10-31,31.675,75.075,0.000251635027608,0.0,209.1
punjab_stubble_belt,2025-10-31,31.675,75.125,0.0002781552386872,0.0,219.1
punjab_stubble_belt,2025-10-31,31.675,75.175,0.0003087326584603,0.0,230.6
punjab_stubble_belt,2025-10-31,31.675,75.225,0.0003255692120466,0.0,237.0
punjab_stubble_belt,2025-10-31,31.675,75.275,0.0002527785413019,0.0,209.5
punjab_stubble_belt,2025-10-31,31.675,75.3,0.0002768358214947,0.0,218.6
punjab_stubble_belt,2025-10-31,31.725,74.625,0.0002988803214356,0.0,226.9
punjab_stubble_belt,2025-10-31,31.725,74.675,0.0002986296604589,0.0,226.8
punjab_stubble_belt,2025-10-31,31.725,74.725,0.0003331481320522,0.0,239.8
punjab_stubble_belt,2025-10-31,31.725,74.775,0.0003529036471493,0.0,247.3
punjab_stubble_belt,2025-10-31,31.725,74.825,0.0003613682808174,0.0,250.5
punjab_stubble_belt,2025-10-31,31.725,74.875,0.000337978749779,0.0,241.7
punjab_stubble_belt,2025-10-31,31.725,74.925,0.0002053271842196,0.0,191.6
punjab_stubble_belt,2025-10-31,31.725,74.975,0.0004277509292459,0.0,275.5
punjab_stubble_belt,2025-10-31,31.725,75.025,0.0002546007877583,0.0,210.2
punjab_stubble_belt,2025-10-31,31.725,75.075,0.0002284731283284,0.0,200.3
punjab_stubble_belt,2025-10-31,31.725,75.125,0.0003579863266655,0.0,249.2
punjab_stubble_belt,2025-10-31,31.725,75.175,0.0002146341618092,0.0,195.1
punjab_stubble_belt,2025-10-31,31.725,75.225,0.0002668652471818,0.0,214.8
punjab_stubble_belt,2025-10-31,31.725,75.275,0.0003379998591368,0.0,241.7
punjab_stubble_belt,2025-10-31,31.775,74.625,0.0002357562026142,0.0,203.1
punjab_stubble_belt,2025-10-31,31.775,74.675,0.0002697596926863,0.0,215.9
punjab_stubble_belt,2025-10-31,31.775,74.725,0.0003527338046544,0.0,247.2
punjab_stubble_belt,2025-10-31,31.775,74.775,0.0003677273866835,0.0,252.9
punjab_stubble_belt,2025-10-31,31.775,74.825,0.0002657150110082,0.0,214.4
punjab_stubble_belt,2025-10-31,31.775,74.875,0.0001280511120414,0.0,162.4
punjab_stubble_belt,2025-10-31,31.775,74.925,0.0002366186624934,0.0,203.4
punjab_stubble_belt,2025-10-31,31.775,74.975,0.0003992482000087,0.0,264.8
punjab_stubble_belt,2025-10-31,31.775,75.025,0.000332591796998,0.0,239.6
punjab_stubble_belt,2025-10-31,31.775,75.075,0.0003810445489983,0.0,257.9
punjab_stubble_belt,2025-10-31,31.775,75.125,0.0005029716193689,0.0,303.9
punjab_stubble_belt,2025-10-31,31.775,75.175,0.0002445772321015,0.0,206.4
punjab_stubble_belt,2025-10-31,31.775,75.225,0.0002289828773429,0.0,200.5
punjab_stubble_belt,2025-10-31,31.775,75.275,0.0002944520726387,0.0,225.2
punjab_stubble_belt,2025-10-31,31.775,75.3,0.0003569559173183,0.0,248.8
punjab_stubble_belt,2025-10-31,31.825,74.625,0.0002031080361149,0.0,190.8
punjab_stubble_belt,2025-10-31,31.825,74.675,0.0002661164445141,0.0,214.5
punjab_stubble_belt,2025-10-31,31.825,74.725,0.0004596528383441,0.0,287.6
punjab_stubble_belt,2025-10-31,31.825,74.775,0.0004215356676805,0.0,273.2
punjab_stubble_belt,2025-10-31,31.825,74.825,0.0003602918136848,0.0,250.1
punjab_stubble_belt,2025-10-31,31.825,74.875,0.0003097567658243,0.0,231.0
punjab_stubble_belt,2025-10-31,31.825,74.925,0.0002985466923612,0.0,226.8
punjab_stubble_belt,2025-10-31,31.825,74.975,0.0004593291378511,0.0,287.4
punjab_stubble_belt,2025-10-31,31.825,75.025,0.0003291997196465,0.0,238.3
punjab_stubble_belt,2025-10-31,31.825,75.075,0.0003106236927815,0.0,231.3
punjab_stubble_belt,2025-10-31,31.825,75.125,0.0004227988097855,0.0,273.7
punjab_stubble_belt,2025-10-31,31.825,75.175,0.0004304339661306,0.0,276.5
punjab_stubble_belt,2025-10-31,31.825,75.225,0.0003253129843633,0.0,236.9
punjab_stubble_belt,2025-10-31,31.825,75.275,0.0003349138731782,0.0,240.5
punjab_stubble_belt,2025-10-31,31.825,75.3,0.0003482959884513,0.0,245.5
punjab_stubble_belt,2025-10-31,31.875,74.625,0.0001805126355316,0.0,182.2
punjab_stubble_belt,2025-10-31,31.875,74.675,0.0003155439683636,0.0,233.2
punjab_stubble_belt,2025-10-31,31.875,74.725,0.0004334223250066,0.0,277.7
punjab_stubble_belt,2025-10-31,31.875,74.775,0.0003591146129458,0.0,249.6
punjab_stubble_belt,2025-10-31,31.875,74.825,0.0003520545983777,0.0,247.0
punjab_stubble_belt,2025-10-31,31.875,74.875,0.0003825977714047,0.0,258.5
punjab_stubble_belt,2025-10-31,31.875,74.925,0.0002686769602813,0.0,215.5
punjab_stubble_belt,2025-10-31,31.875,74.975,0.0004232054973221,0.0,273.8
punjab_stubble_belt,2025-10-31,31.875,75.025,0.0003382020866575,0.0,241.7
punjab_stubble_belt,2025-10-31,31.875,75.075,0.0003260199943483,0.0,237.1
punjab_stubble_belt,2025-10-31,31.875,75.125,0.0004104441471415,0.0,269.0
punjab_stubble_belt,2025-10-31,31.875,75.175,0.0004672077607779,0.0,290.4
punjab_stubble_belt,2025-10-31,31.875,75.225,0.000385890585042,0.0,259.7
punjab_stubble_belt,2025-10-31,31.875,75.275,0.000355278352804,0.0,248.2
punjab_stubble_belt,2025-10-31,31.875,75.3,0.0003375888782699,0.0,241.5
punjab_stubble_belt,2025-11-01,31.325,74.625,0.0003913564999142,0.0897587998514262,278.2
punjab_stubble_belt,2025-11-01,31.325,74.675,0.0003601819692033,0.1002033412013992,268.3
punjab_stubble_belt,2025-11-01,31.325,74.725,0.0004368625148978,0.1278479504627437,302.3
punjab_stubble_belt,2025-11-01,31.325,74.775,0.0005090180209576,0.1381679047489137,331.4
punjab_stubble_belt,2025-11-01,31.325,74.825,0.0005265263351698,0.1426325113143676,338.9
punjab_stubble_belt,2025-11-01,31.325,74.875,0.000467593337542,0.1419439966312488,316.5
punjab_stubble_belt,2025-11-01,31.325,74.925,0.0002628123685283,0.1349714770766955,237.9
punjab_stubble_belt,2025-11-01,31.325,74.975,0.0003035916389082,0.1341071801581285,253.2
punjab_stubble_belt,2025-11-01,31.325,75.025,0.0004319554104788,0.1305183060896849,301.0
punjab_stubble_belt,2025-11-01,31.325,75.075,0.0004335634747074,0.1263656666349419,300.8
punjab_stubble_belt,2025-11-01,31.325,75.125,0.0003130170132581,0.121729559299426,254.5
punjab_stubble_belt,2025-11-01,31.325,75.175,0.0002908980778398,0.1116288167607271,244.3
punjab_stubble_belt,2025-11-01,31.325,75.225,0.000306335052238,0.1071653792834588,249.3
punjab_stubble_belt,2025-11-01,31.325,75.275,0.0003264077707585,0.1062337556756948,256.7
punjab_stubble_belt,2025-11-01,31.325,75.3,0.000335028809388,0.1074489652056521,260.2
punjab_stubble_belt,2025-11-01,31.375,74.625,0.0003463356348354,0.0939425337873366,262.0
punjab_stubble_belt,2025-11-01,31.375,74.675,0.0004474622031872,0.1037036898187577,301.9
punjab_stubble_belt,2025-11-01,31.375,74.725,0.000419176116066,0.1294588641448816,295.9
punjab_stubble_belt,2025-11-01,31.375,74.775,0.0004779049232265,0.1379357544716457,319.7
punjab_stubble_belt,2025-11-01,31.375,74.825,0.0005043570635375,0.1389626095724092,329.8
punjab_stubble_belt,2025-11-01,31.375,74.875,0.0004766206641124,0.1331824288713183,318.3
punjab_stubble_belt,2025-11-01,31.375,74.925,0.0003415009947215,0.1185340203082417,264.6
punjab_stubble_belt,2025-11-01,31.375,74.975,0.0003040836182314,0.1123038405223801,249.4
punjab_stubble_belt,2025-11-01,31.375,75.025,0.0004511900288859,0.1076660304656378,304.0
punjab_stubble_belt,2025-11-01,31.375,75.075,0.0004706376909449,0.1037824625593331,310.7
punjab_stubble_belt,2025-11-01,31.375,75.125,0.0003634433930771,0.1014295067181109,269.8
punjab_stubble_belt,2025-11-01,31.375,75.175,0.0003904971884694,0.1009265742230656,279.9
punjab_stubble_belt,2025-11-01,31.375,75.225,0.0003185424878719,0.0994351844468156,252.5
punjab_stubble_belt,2025-11-01,31.375,75.275,0.0003201503525458,0.1001257786416654,253.2
punjab_stubble_belt,2025-11-01,31.375,75.3,0.0003262425112362,0.1003095776593054,255.5
punjab_stubble_belt,2025-11-01,31.425,74.625,0.0002800641515829,0.1024912023715645,238.5
punjab_stubble_belt,2025-11-01,31.425,74.675,0.000511450157732,0.1138618037532273,327.9
punjab_stubble_belt,2025-11-01,31.425,74.725,0.0004010813589209,0.1342438651094047,290.0
punjab_stubble_belt,2025-11-01,31.425,74.775,0.0005362954578923,0.1377515482321613,341.7
punjab_stubble_belt,2025-11-01,31.425,74.825,0.0005604465443389,0.1316197223958722,349.7
punjab_stubble_belt,2025-11-01,31.425,74.875,0.0004787165171083,0.1179288545436557,316.3
punjab_stubble_belt,2025-11-01,31.425,74.925,0.0004131864858125,0.0981534009050841,288.0
punjab_stubble_belt,2025-11-01,31.425,74.975,0.0002804607249158,0.0874065276812928,235.9
punjab_stubble_belt,2025-11-01,31.425,75.025,0.0004099953178081,0.0842787622904045,284.2
punjab_stubble_belt,2025-11-01,31.425,75.075,0.000472130962195,0.0828214284464927,307.4
punjab_stubble_belt,2025-11-01,31.425,75.125,0.0004440004905327,0.0829193986034806,296.8
punjab_stubble_belt,2025-11-01,31.425,75.175,0.0004962352195533,0.0888978740891706,317.6
punjab_stubble_belt,2025-11-01,31.425,75.225,0.0003734058808207,0.0925706171744143,271.9
punjab_stubble_belt,2025-11-01,31.425,75.275,0.0003146505155888,0.0952827469003651,250.3
punjab_stubble_belt,2025-11-01,31.425,75.3,0.0002519388658962,0.0967000323193463,226.8
punjab_stubble_belt,2025-11-01,31.475,74.625,9.95449687228913e-05,0.1135477591412703,172.4
punjab_stubble_belt,2025-11-01,31.475,74.675,0.000482847897726,0.1263485131623225,319.4
punjab_stubble_belt,2025-11-01,31.475,74.725,0.0005654134752256,0.1388730552393343,352.9
punjab_stubble_belt,2025-11-01,31.475,74.775,0.0006768738888803,0.1325518920366429,393.8
punjab_stubble_belt,2025-11-01,31.475,74.825,0.0006002195052097,0.119835158901522,362.5
punjab_stubble_belt,2025-11-01,31.475,74.875,0.0003893079667153,0.1024035720472243,279.7
punjab_stubble_belt,2025-11-01,31.475,74.925,0.0002775571500622,0.0789231967124179,233.3
punjab_stubble_belt,2025-11-01,31.475,74.975,0.0003184641406531,0.0779632652123123,248.5
punjab_stubble_belt,2025-11-01,31.475,75.025,0.0004648597910585,0.0782346716511141,303.8
punjab_stubble_belt,2025-11-01,31.475,75.075,0.0005405854512993,0.0784686798624685,332.4
punjab_stubble_belt,2025-11-01,31.475,75.125,0.0005336668349213,0.0792513588451499,330.0
punjab_stubble_belt,2025-11-01,31.475,75.175,0.0005586985668962,0.0849580156714595,340.5
punjab_stubble_belt,2025-11-01,31.475,75.225,0.000507914761526,0.0899522849559534,322.2
punjab_stubble_belt,2025-11-01,31.475,75.275,0.0003159874083178,0.0943649523218427,250.6
punjab_stubble_belt,2025-11-01,31.525,74.625,0.0004650738408151,0.1190749639328373,311.4
punjab_stubble_belt,2025-11-01,31.525,74.675,0.0005082095689519,0.1171252058396353,327.3
punjab_stubble_belt,2025-11-01,31.525,74.725,0.0004199606169659,0.0985004209210929,290.6
punjab_stubble_belt,2025-11-01,31.525,74.775,0.0003311542273642,0.095270345239366,256.5
punjab_stubble_belt,2025-11-01,31.525,74.825,0.0004146633134277,0.0869034282515272,286.5
punjab_stubble_belt,2025-11-01,31.525,74.875,0.0005553882900385,0.0741063790627687,337.2
punjab_stubble_belt,2025-11-01,31.525,74.925,0.0002986682382105,0.0633386604406266,238.4
punjab_stubble_belt,2025-11-01,31.525,74.975,0.0003068665010349,0.0608666591304189,241.0
punjab_stubble_belt,2025-11-01,31.525,75.025,0.0002290555608374,0.0639444328688557,212.2
punjab_stubble_belt,2025-11-01,31.525,75.075,0.0002156256364467,0.0668319531329093,207.7
punjab_stubble_belt,2025-11-01,31.525,75.125,0.0002742872630777,0.0691737984860492,230.3
punjab_stubble_belt,2025-11-01,31.525,75.175,0.0002648975620929,0.0735841588729951,227.5
punjab_stubble_belt,2025-11-01,31.525,75.225,0.0003713391033849,0.0779213871733118,268.5
punjab_stubble_belt,2025-11-01,31.525,75.275,0.0003757097344562,0.0842116876273355,271.3
punjab_stubble_belt,2025-11-01,31.525,75.3,0.0002873403662675,0.0919697006884802,239.3
punjab_stubble_belt,2025-11-01,31.575,74.625,0.0003194646452649,0.1041682410837908,253.7
punjab_stubble_belt,2025-11-01,31.575,74.675,0.0003188764225944,0.0988451354762424,252.5
punjab_stubble_belt,2025-11-01,31.575,74.725,0.000453747469094,0.0863807256472631,301.1
punjab_stubble_belt,2025-11-01,31.575,74.775,0.0003364871109425,0.0832443015549371,256.3
punjab_stubble_belt,2025-11-01,31.575,74.825,0.0003380680285533,0.0785862596244189,256.0
punjab_stubble_belt,2025-11-01,31.575,74.875,0.0004100346105776,0.0715806176285859,281.9
punjab_stubble_belt,2025-11-01,31.575,74.925,0.0002712470206771,0.0616266742781963,227.7
punjab_stubble_belt,2025-11-01,31.575,74.975,0.0004063184651671,0.0588621256989463,278.2
punjab_stubble_belt,2025-11-01,31.575,75.025,0.0002763453546136,0.0607186687915343,229.5
punjab_stubble_belt,2025-11-01,31.575,75.075,0.0002437927476071,0.0625269970740613,217.5
punjab_stubble_belt,2025-11-01,31.575,75.125,0.0003310049124884,0.0645326531290949,250.8
punjab_stubble_belt,2025-11-01,31.575,75.175,0.0003530876072275,0.0725663859770802,260.6
punjab_stubble_belt,2025-11-01,31.575,75.225,0.0003873018545379,0.0762544268605906,274.2
punjab_stubble_belt,2025-11-01,31.575,75.275,0.000335950465641,0.0833004745937736,256.1
punjab_stubble_belt,2025-11-01,31.575,75.3,0.0003191574945024,0.0874632163157413,250.5
punjab_stubble_belt,2025-11-01,31.625,74.625,0.0003404691978198,0.0923806615396432,259.5
punjab_stubble_belt,2025-11-01,31.625,74.675,0.0002134985348393,0.08690350984013,210.6
punjab_stubble_belt,2025-11-01,31.625,74.725,0.0004807766275046,0.0830400674703638,310.7
punjab_stubble_belt,2025-11-01,31.625,74.775,0.0003724911710141,0.0810295129516135,269.5
punjab_stubble_belt,2025-11-01,31.625,74.825,0.0002787857708593,0.0794466239796244,233.8
punjab_stubble_belt,2025-11-01,31.625,74.875,0.0002389353386302,0.0769604526706158,218.3
punjab_stubble_belt,2025-11-01,31.625,74.925,0.0002502626774365,0.068371286123,221.0
punjab_stubble_belt,2025-11-01,31.625,74.975,0.0003803595582166,0.0642368861129945,269.4
punjab_stubble_belt,2025-11-01,31.625,75.025,0.0002535823058304,0.0633212061505448,221.4
punjab_stubble_belt,2025-11-01,31.625,75.075,0.0002369961506449,0.0635120375635408,215.1
punjab_stubble_belt,2025-11-01,31.625,75.125,0.0003530986427732,0.065270313774792,259.3
punjab_stubble_belt,2025-11-01,31.625,75.175,0.0003912456386533,0.0734540635926959,275.2
punjab_stubble_belt,2025-11-01,31.625,75.225,0.0003137736013196,0.078034839383787,246.8
punjab_stubble_belt,2025-11-01,31.625,75.275,0.0002798220578553,0.0852801103743612,235.3
punjab_stubble_belt,2025-11-01,31.625,75.3,0.0002671237631049,0.090057099904762,231.4
punjab_stubble_belt,2025-11-01,31.675,74.625,0.000494348406637,0.0829872473962468,315.8
punjab_stubble_belt,2025-11-01,31.675,74.675,0.0002291348436026,0.0791716589094085,215.0
punjab_stubble_belt,2025-11-01,31.675,74.725,0.0004707393822371,0.0820954760666275,306.8
punjab_stubble_belt,2025-11-01,31.675,74.775,0.0003868617513848,0.0819864859590278,275.1
punjab_stubble_belt,2025-11-01,31.675,74.825,0.0002358662277756,0.0826647723562864,218.2
punjab_stubble_belt,2025-11-01,31.675,74.875,0.0001189201973262,0.0829909078479851,174.1
punjab_stubble_belt,2025-11-01,31.675,74.925,0.0002800099914584,0.0778390603830463,234.0
punjab_stubble_belt,2025-11-01,31.675,74.975,0.0003014146584252,0.0727966390929383,241.2
punjab_stubble_belt,2025-11-01,31.675,75.025,0.0001905847522979,0.0698944129106759,198.8
punjab_stubble_belt,2025-11-01,31.675,75.075,0.0001937194051009,0.0693298515989363,199.9
punjab_stubble_belt,2025-11-01,31.675,75.125,0.000309944174749,0.0711529732182641,244.1
punjab_stubble_belt,2025-11-01,31.675,75.175,0.0003461025780098,0.0770423555008533,258.8
punjab_stubble_belt,2025-11-01,31.675,75.225,0.000203068724374,0.0826367408745328,205.8
punjab_stubble_belt,2025-11-01,31.675,75.275,0.0002553757535774,0.0899360270110988,226.9
punjab_stubble_belt,2025-11-01,31.675,75.3,0.0003748815728803,0.0983237615453124,273.5
punjab_stubble_belt,2025-11-01,31.725,74.625,0.0004624160809695,0.0638120484643848,300.3
punjab_stubble_belt,2025-11-01,31.725,74.675,0.000392547131144,0.06109559747755,273.4
punjab_stubble_belt,2025-11-01,31.725,74.725,0.0003699684483279,0.0655453662983036,265.7
punjab_stubble_belt,2025-11-01,31.725,74.775,0.0003086360800481,0.0673918764499799,242.9
punjab_stubble_belt,2025-11-01,31.725,74.825,0.0002338868768806,0.0689064765559694,215.0
punjab_stubble_belt,2025-11-01,31.725,74.875,0.0002177822872072,0.0704879789074302,209.2
punjab_stubble_belt,2025-11-01,31.725,74.925,0.0005028263917131,0.073078184835279,317.2
punjab_stubble_belt,2025-11-01,31.725,74.975,0.0004892553269284,0.0746564685440181,312.4
punjab_stubble_belt,2025-11-01,31.725,75.025,0.000324769833026,0.0773034062705758,250.8
punjab_stubble_belt,2025-11-01,31.725,75.075,0.0002175898469207,0.079967530437755,210.8
punjab_stubble_belt,2025-11-01,31.725,75.125,0.0002014875218065,0.0829293077937779,205.3
punjab_stubble_belt,2025-11-01,31.725,75.175,0.0002426145687367,0.0896087604765085,222.0
punjab_stubble_belt,2025-11-01,31.725,75.225,0.0002945205841237,0.0910425565165768,241.9
punjab_stubble_belt,2025-11-01,31.725,75.275,0.0004058042206793,0.0991052378430438,285.4
punjab_stubble_belt,2025-11-01,31.775,74.625,0.000268738667661,0.0622431464906356,226.9
punjab_stubble_belt,2025-11-01,31.775,74.675,0.0002447100505419,0.0594430385847305,217.3
punjab_stubble_belt,2025-11-01,31.775,74.725,0.0003365822994659,0.0583452824859613,251.8
punjab_stubble_belt,2025-11-01,31.775,74.775,0.0002689376939765,0.0598581675645314,226.5
punjab_stubble_belt,2025-11-01,31.775,74.825,0.0002477578719337,0.0617494336217631,218.9
punjab_stubble_belt,2025-11-01,31.775,74.875,0.0002956484814975,0.0639836009508316,237.4
punjab_stubble_belt,2025-11-01,31.775,74.925,0.0004364776466671,0.0686793229455443,291.4
punjab_stubble_belt,2025-11-01,31.775,74.975,0.0003693280017836,0.0718099673406666,266.6
punjab_stubble_belt,2025-11-01,31.775,75.025,0.0003421689595243,0.0781293658459034,257.5
punjab_stubble_belt,2025-11-01,31.775,75.075,0.000365265557901,0.0828139859824543,267.1
punjab_stubble_belt,2025-11-01,31.775,75.125,0.0003916830691251,0.0859877504281003,277.6
punjab_stubble_belt,2025-11-01,31.775,75.175,0.0001854698800841,0.0940551792584696,201.3
punjab_stubble_belt,2025-11-01,31.775,75.225,0.0002805072887677,0.0967026626340695,237.6
punjab_stubble_belt,2025-11-01,31.775,75.275,0.0004298509312762,0.1008259838882593,294.7
punjab_stubble_belt,2025-11-01,31.775,75.3,0.0004979121704071,0.1036677135180535,320.9
punjab_stubble_belt,2025-11-01,31.825,74.625,0.0002910640741424,0.0652520675790596,235.9
punjab_stubble_belt,2025-11-01,31.825,74.675,0.0003452029444375,0.0629387535517433,255.9
punjab_stubble_belt,2025-11-01,31.825,74.725,0.0003227556792188,0.0610181846861043,247.1
punjab_stubble_belt,2025-11-01,31.825,74.775,0.0003249763203175,0.0603143075383113,247.8
punjab_stubble_belt,2025-11-01,31.825,74.825,0.0003292544351832,0.0604197527582283,249.4
punjab_stubble_belt,2025-11-01,31.825,74.875,0.0003037836691211,0.0616894616300998,240.0
punjab_stubble_belt,2025-11-01,31.825,74.925,0.0001338748880729,0.0658820989193901,176.7
punjab_stubble_belt,2025-11-01,31.825,74.975,0.0002237471441674,0.0691824313078928,211.2
punjab_stubble_belt,2025-11-01,31.825,75.025,0.0003514147435518,0.0745484562554252,260.3
punjab_stubble_belt,2025-11-01,31.825,75.075,0.000374390532751,0.0790372945450899,269.8
punjab_stubble_belt,2025-11-01,31.825,75.125,0.0002879705793999,0.0826112815297343,237.9
punjab_stubble_belt,2025-11-01,31.825,75.175,0.0001847155101218,0.0893077657088981,200.1
punjab_stubble_belt,2025-11-01,31.825,75.225,0.0002351232812777,0.0923527747083195,219.7
punjab_stubble_belt,2025-11-01,31.825,75.275,0.0004125207619902,0.0942369486783395,287.0
punjab_stubble_belt,2025-11-01,31.825,75.3,0.000523422181606,0.0968469171142011,329.3
punjab_stubble_belt,2025-11-01,31.875,74.625,0.0003661089933196,0.072943074944957,265.6
punjab_stubble_belt,2025-11-01,31.875,74.675,0.0004002329397789,0.0710609021419266,278.1
punjab_stubble_belt,2025-11-01,31.875,74.725,0.0003110753003349,0.0653728784913276,243.4
punjab_stubble_belt,2025-11-01,31.875,74.775,0.0003114159369797,0.0631943883346324,243.2
punjab_stubble_belt,2025-11-01,31.875,74.825,0.0003558380998845,0.0619711405863585,259.7
punjab_stubble_belt,2025-11-01,31.875,74.875,0.0003730662181924,0.0618722604754123,266.2
punjab_stubble_belt,2025-11-01,31.875,74.925,0.0001176021495441,0.0642913469738951,170.2
punjab_stubble_belt,2025-11-01,31.875,74.975,0.0002289408833847,0.06736045035904,212.8
punjab_stubble_belt,2025-11-01,31.875,75.025,0.0003607998581014,0.0727207069251905,263.5
punjab_stubble_belt,2025-11-01,31.875,75.075,0.0003701876211241,0.077449156277283,268.0
punjab_stubble_belt,2025-11-01,31.875,75.125,0.0002631810234699,0.0811451686451985,228.2
punjab_stubble_belt,2025-11-01,31.875,75.175,0.0001794241137758,0.0855419972724148,197.4
punjab_stubble_belt,2025-11-01,31.875,75.225,0.0002034673890714,0.0878044208263783,206.9
punjab_stubble_belt,2025-11-01,31.875,75.275,0.0003309648848762,0.0875051221229361,255.0
punjab_stubble_belt,2025-11-01,31.875,75.3,0.0003762729603174,0.0858704498818828,271.8
punjab_stubble_belt,2025-11-02,31.325,74.625,0.0004472322761711,0.1935442626949866,318.2
punjab_stubble_belt,2025-11-02,31.325,74.675,0.0004421177362435,0.1924595171176617,316.1
punjab_stubble_belt,2025-11-02,31.325,74.725,0.0003990287182061,0.2117269641274261,303.4
punjab_stubble_belt,2025-11-02,31.325,74.775,0.0003998576480121,0.2140847367813798,304.1
punjab_stubble_belt,2025-11-02,31.325,74.825,0.0004255475726464,0.2195440333755238,314.8
punjab_stubble_belt,2025-11-02,31.325,74.875,0.0004574437592999,0.2248216370734994,327.8
punjab_stubble_belt,2025-11-02,31.325,74.925,0.0004408955105907,0.2130245886823917,319.4
punjab_stubble_belt,2025-11-02,31.325,74.975,0.0004665319860397,0.2176892028515264,329.9
punjab_stubble_belt,2025-11-02,31.325,75.025,0.0003640442553469,0.2160646708837006,291.0
punjab_stubble_belt,2025-11-02,31.325,75.075,0.0003358840461518,0.2174441832239794,280.6
punjab_stubble_belt,2025-11-02,31.325,75.125,0.0003903797116607,0.2232441633890421,302.2
punjab_stubble_belt,2025-11-02,31.325,75.175,0.0003755932459877,0.2329326324319868,298.4
punjab_stubble_belt,2025-11-02,31.325,75.225,0.000423793493668,0.2333104977349935,316.7
punjab_stubble_belt,2025-11-02,31.325,75.275,0.0004459123808592,0.2324088581959259,324.8
punjab_stubble_belt,2025-11-02,31.325,75.3,0.0004422224594512,0.232289340639487,323.4
punjab_stubble_belt,2025-11-02,31.375,74.625,0.0004342995638048,0.2019664764279137,314.9
punjab_stubble_belt,2025-11-02,31.375,74.675,0.0004797771278261,0.199027683488331,331.5
punjab_stubble_belt,2025-11-02,31.375,74.725,0.0004466278782827,0.2094513782810072,320.9
punjab_stubble_belt,2025-11-02,31.375,74.775,0.0004369744575282,0.2076446973759303,316.9
punjab_stubble_belt,2025-11-02,31.375,74.825,0.0004646866905666,0.2094366476472616,327.7
punjab_stubble_belt,2025-11-02,31.375,74.875,0.0004985484776464,0.2117742411116336,340.9
punjab_stubble_belt,2025-11-02,31.375,74.925,0.000423975753807,0.1998329160830028,310.6
punjab_stubble_belt,2025-11-02,31.375,74.975,0.0004610380352741,0.2035942804621981,325.3
punjab_stubble_belt,2025-11-02,31.375,75.025,0.0002255219679498,0.2025675039375492,236.2
punjab_stubble_belt,2025-11-02,31.375,75.075,0.0001657477108331,0.2062519609906171,214.3
punjab_stubble_belt,2025-11-02,31.375,75.125,0.0003066951311101,0.2154411495114774,269.2
punjab_stubble_belt,2025-11-02,31.375,75.175,0.0003790184120105,0.2267490630468515,298.6
punjab_stubble_belt,2025-11-02,31.375,75.225,0.000435437647963,0.2263032850630926,319.8
punjab_stubble_belt,2025-11-02,31.375,75.275,0.0004218108995707,0.2243565060129413,314.3
punjab_stubble_belt,2025-11-02,31.375,75.3,0.0003968111678993,0.2220105565580455,304.4
punjab_stubble_belt,2025-11-02,31.425,74.625,0.0003999628716915,0.2118728531659648,303.7
punjab_stubble_belt,2025-11-02,31.425,74.675,0.0005299518667119,0.2052698694587704,351.6
punjab_stubble_belt,2025-11-02,31.425,74.725,0.0005021072920692,0.2062161730471115,341.3
punjab_stubble_belt,2025-11-02,31.425,74.775,0.0004521261957325,0.1992998192080224,321.1
punjab_stubble_belt,2025-11-02,31.425,74.825,0.0004656501779868,0.1963651082517784,325.7
punjab_stubble_belt,2025-11-02,31.425,74.875,0.0005015912894115,0.1956214328657749,339.1
punjab_stubble_belt,2025-11-02,31.425,74.925,0.0003963514279271,0.1867496771601579,297.8
punjab_stubble_belt,2025-11-02,31.425,74.975,0.0004487781116351,0.1884986393512777,317.9
punjab_stubble_belt,2025-11-02,31.425,75.025,0.0001816790888116,0.1911642318077573,217.6
punjab_stubble_belt,2025-11-02,31.425,75.075,0.000117833306533,0.1988804736264137,194.9
punjab_stubble_belt,2025-11-02,31.425,75.125,0.0002914163927791,0.2107871466903238,262.6
punjab_stubble_belt,2025-11-02,31.425,75.175,0.0004565955750168,0.2198230649534835,326.6
punjab_stubble_belt,2025-11-02,31.425,75.225,0.000492832780266,0.2188049286421345,340.1
punjab_stubble_belt,2025-11-02,31.425,75.275,0.0003883716832161,0.2138937293608031,299.7
punjab_stubble_belt,2025-11-02,31.425,75.3,0.0003148754128079,0.2067144606165567,270.7
punjab_stubble_belt,2025-11-02,31.475,74.625,0.000354640086648,0.213111898483426,286.9
punjab_stubble_belt,2025-11-02,31.475,74.675,0.0005960984490955,0.200413506375386,375.7
punjab_stubble_belt,2025-11-02,31.475,74.725,0.0004848313098837,0.1988820986981342,333.4
punjab_stubble_belt,2025-11-02,31.475,74.775,0.0003235832426407,0.1912341481683898,271.2
punjab_stubble_belt,2025-11-02,31.475,74.825,0.0002709321806427,0.1860745523675692,250.3
punjab_stubble_belt,2025-11-02,31.475,74.875,0.000297225771239,0.1830751455357116,259.7
punjab_stubble_belt,2025-11-02,31.475,74.925,0.0002432597007554,0.1774373032234669,238.3
punjab_stubble_belt,2025-11-02,31.475,74.975,0.0003672547523045,0.1834149712103933,286.2
punjab_stubble_belt,2025-11-02,31.475,75.025,0.0004941557892719,0.1882376524289429,335.0
punjab_stubble_belt,2025-11-02,31.475,75.075,0.0005035475567513,0.1988234751093544,340.5
punjab_stubble_belt,2025-11-02,31.475,75.125,0.0004134345344273,0.2129924906059317,309.0
punjab_stubble_belt,2025-11-02,31.475,75.175,0.0004318285846395,0.2166917089259185,316.7
punjab_stubble_belt,2025-11-02,31.475,75.225,0.0004186109368765,0.2175493854053288,311.8
punjab_stubble_belt,2025-11-02,31.475,75.275,0.0003534828926988,0.2072770035174733,285.4
punjab_stubble_belt,2025-11-02,31.525,74.625,0.0001881559172116,0.1878872515593836,219.4
punjab_stubble_belt,2025-11-02,31.525,74.675,0.0003495572213913,0.187348680264192,280.2
punjab_stubble_belt,2025-11-02,31.525,74.725,0.0002913663596158,0.1749911000762334,256.0
punjab_stubble_belt,2025-11-02,31.525,74.775,0.000277858500208,0.1748271577996856,250.9
punjab_stubble_belt,2025-11-02,31.525,74.825,0.0002441199726688,0.1731356703222504,237.9
punjab_stubble_belt,2025-11-02,31.525,74.875,0.0001986245409723,0.1711326886179757,220.3
punjab_stubble_belt,2025-11-02,31.525,74.925,0.0001795754028143,0.1770757542501025,214.2
punjab_stubble_belt,2025-11-02,31.525,74.975,0.0001758111849145,0.1816748656857734,213.6
punjab_stubble_belt,2025-11-02,31.525,75.025,0.0002118784798609,0.1937545744501841,229.5
punjab_stubble_belt,2025-11-02,31.525,75.075,0.0002654622277547,0.20269510895299,251.3
punjab_stubble_belt,2025-11-02,31.525,75.125,0.0003333377055186,0.206870160017644,277.7
punjab_stubble_belt,2025-11-02,31.525,75.175,0.000403069295455,0.2093673296938799,304.5
punjab_stubble_belt,2025-11-02,31.525,75.225,0.0004048865852836,0.2111571546840992,305.5
punjab_stubble_belt,2025-11-02,31.525,75.275,0.0004244077759431,0.202356877307784,311.2
punjab_stubble_belt,2025-11-02,31.525,75.3,0.0003794237318583,0.1981725164933485,293.5
punjab_stubble_belt,2025-11-02,31.575,74.625,0.000231546506528,0.1802540694565284,234.4
punjab_stubble_belt,2025-11-02,31.575,74.675,0.0001854737783998,0.182205541226963,217.4
punjab_stubble_belt,2025-11-02,31.575,74.725,0.0003749140851116,0.1709502674639056,286.8
punjab_stubble_belt,2025-11-02,31.575,74.775,0.0003330724501908,0.1713175881555899,271.1
punjab_stubble_belt,2025-11-02,31.575,74.825,0.0003150485569646,0.1707408971179536,264.2
punjab_stubble_belt,2025-11-02,31.575,74.875,0.0003200110836342,0.170436134635074,266.0
punjab_stubble_belt,2025-11-02,31.575,74.925,0.0002529107911708,0.1789037084672501,242.2
punjab_stubble_belt,2025-11-02,31.575,74.975,0.0002360882069194,0.1810103145990829,236.3
punjab_stubble_belt,2025-11-02,31.575,75.025,0.0001308544241854,0.1933096896002157,198.8
punjab_stubble_belt,2025-11-02,31.575,75.075,8.98822867719012e-05,0.2010215884958608,184.7
punjab_stubble_belt,2025-11-02,31.575,75.125,0.0001525902550157,0.2028725701454744,208.7
punjab_stubble_belt,2025-11-02,31.575,75.175,0.0003981332814947,0.2063185787849119,302.0
punjab_stubble_belt,2025-11-02,31.575,75.225,0.0003905048168984,0.2069709930765421,299.3
punjab_stubble_belt,2025-11-02,31.575,75.275,0.0003987855508898,0.1995052763987064,301.0
punjab_stubble_belt,2025-11-02,31.575,75.3,0.0004154744236038,0.1948887987520292,306.5
punjab_stubble_belt,2025-11-02,31.625,74.625,0.0003152324401955,0.1745298446195249,264.9
punjab_stubble_belt,2025-11-02,31.625,74.675,0.0002670627950764,0.1755688481966873,247.0
punjab_stubble_belt,2025-11-02,31.625,74.725,0.0004456569026763,0.1670294849759722,312.8
punjab_stubble_belt,2025-11-02,31.625,74.775,0.0003687921504974,0.1680521837823455,284.0
punjab_stubble_belt,2025-11-02,31.625,74.825,0.0003456571765929,0.168751640478628,275.4
punjab_stubble_belt,2025-11-02,31.625,74.875,0.0003810300622981,0.1701314695476921,289.0
punjab_stubble_belt,2025-11-02,31.625,74.925,0.0003918940645939,0.1798193146134091,294.8
punjab_stubble_belt,2025-11-02,31.625,74.975,0.0003547114853454,0.1805541105150061,280.9
punjab_stubble_belt,2025-11-02,31.625,75.025,0.0002233870025459,0.1888440603504698,232.9
punjab_stubble_belt,2025-11-02,31.625,75.075,0.0001509609348288,0.1939620821419559,206.5
punjab_stubble_belt,2025-11-02,31.625,75.125,0.0001792040511547,0.1949755301189579,217.3
punjab_stubble_belt,2025-11-02,31.625,75.175,0.0003860245446362,0.1981097894263907,296.0
punjab_stubble_belt,2025-11-02,31.625,75.225,0.00037525233138,0.1954258479775762,291.4
punjab_stubble_belt,2025-11-02,31.625,75.275,0.0003645656280697,0.1905924921542695,286.5
punjab_stubble_belt,2025-11-02,31.625,75.3,0.000352711584738,0.1862249165527556,281.2
punjab_stubble_belt,2025-11-02,31.675,74.625,0.0003763205237067,0.1701264321077826,287.2
punjab_stubble_belt,2025-11-02,31.675,74.675,0.0004449754859026,0.1683405871805524,312.8
punjab_stubble_belt,2025-11-02,31.675,74.725,0.0004760218840939,0.1634973375854942,323.6
punjab_stubble_belt,2025-11-02,31.675,74.775,0.0003909348674512,0.1656583710612305,291.9
punjab_stubble_belt,2025-11-02,31.675,74.825,0.0003464538825057,0.1676237335681803,275.5
punjab_stubble_belt,2025-11-02,31.675,74.875,0.0003681098715982,0.1701505414931649,284.1
punjab_stubble_belt,2025-11-02,31.675,74.925,0.0005075277694288,0.179328750330048,338.4
punjab_stubble_belt,2025-11-02,31.675,74.975,0.0004508053466915,0.1782698224788261,316.8
punjab_stubble_belt,2025-11-02,31.675,75.025,0.0003794667471483,0.180788258803576,290.3
punjab_stubble_belt,2025-11-02,31.675,75.075,0.0003345759378947,0.1819208547959939,273.6
punjab_stubble_belt,2025-11-02,31.675,75.125,0.000326438279681,0.1819365228782767,270.5
punjab_stubble_belt,2025-11-02,31.675,75.175,0.0003488301121011,0.1837759020857417,279.3
punjab_stubble_belt,2025-11-02,31.675,75.225,0.0003474718774146,0.1779206037498766,277.7
punjab_stubble_belt,2025-11-02,31.675,75.275,0.0003158309138987,0.1762094836281451,265.5
punjab_stubble_belt,2025-11-02,31.675,75.3,0.0002315127382603,0.1685684871035347,232.3
punjab_stubble_belt,2025-11-02,31.725,74.625,0.0002476511952735,0.170161267726842,238.6
punjab_stubble_belt,2025-11-02,31.725,74.675,0.0001590447054886,0.1656256459135036,204.4
punjab_stubble_belt,2025-11-02,31.725,74.725,0.0004618782330738,0.1666233777560092,318.8
punjab_stubble_belt,2025-11-02,31.725,74.775,0.0004730182340854,0.1701858398352863,323.7
punjab_stubble_belt,2025-11-02,31.725,74.825,0.0004081301573717,0.1723153376463753,299.6
punjab_stubble_belt,2025-11-02,31.725,74.875,0.0003232957180104,0.1734382661403774,267.8
punjab_stubble_belt,2025-11-02,31.725,74.925,0.0003297160947286,0.1767106170067013,270.8
punjab_stubble_belt,2025-11-02,31.725,74.975,0.0003258631524631,0.16638295684232,267.5
punjab_stubble_belt,2025-11-02,31.725,75.025,0.0002671533521851,0.1665835356378477,245.4
punjab_stubble_belt,2025-11-02,31.725,75.075,0.0002221874925342,0.1640223319849987,227.9
punjab_stubble_belt,2025-11-02,31.725,75.125,0.0002062429103478,0.1586578302336249,220.9
punjab_stubble_belt,2025-11-02,31.725,75.175,0.0002274510586846,0.1606977596607418,229.3
punjab_stubble_belt,2025-11-02,31.725,75.225,0.0002567437925056,0.1579979082072695,239.9
punjab_stubble_belt,2025-11-02,31.725,75.275,0.0001892118958017,0.1581483136911388,214.4
punjab_stubble_belt,2025-11-02,31.775,74.625,0.0001781924602711,0.1715558365267554,212.7
punjab_stubble_belt,2025-11-02,31.775,74.675,0.0001564987848661,0.1688640662150028,204.0
punjab_stubble_belt,2025-11-02,31.775,74.725,0.000345530608411,0.1672543052019818,275.1
punjab_stubble_belt,2025-11-02,31.775,74.775,0.0004033296230493,0.16804402313441,297.0
punjab_stubble_belt,2025-11-02,31.775,74.825,0.0003860479802188,0.1695782948955582,290.8
punjab_stubble_belt,2025-11-02,31.775,74.875,0.0003312144531949,0.1707346922730009,270.3
punjab_stubble_belt,2025-11-02,31.775,74.925,0.0003482094479306,0.1685636387290172,276.3
punjab_stubble_belt,2025-11-02,31.775,74.975,0.0003454377478499,0.1589530881489915,273.5
punjab_stubble_belt,2025-11-02,31.775,75.025,0.0002928520341128,0.1539952203550011,252.8
punjab_stubble_belt,2025-11-02,31.775,75.075,0.0002438824641071,0.1511887747534529,233.8
punjab_stubble_belt,2025-11-02,31.775,75.125,0.0002139392903533,0.1504029487546932,222.3
punjab_stubble_belt,2025-11-02,31.775,75.175,0.0002311340370222,0.1498421715660849,228.7
punjab_stubble_belt,2025-11-02,31.775,75.225,0.0002333110098922,0.1520844635484762,229.9
punjab_stubble_belt,2025-11-02,31.775,75.275,0.0002742423821777,0.1518607721592011,245.3
punjab_stubble_belt,2025-11-02,31.775,75.3,0.0002303838258525,0.1546184251715655,229.3
punjab_stubble_belt,2025-11-02,31.825,74.625,0.0002767886377548,0.1744552198557493,250.4
punjab_stubble_belt,2025-11-02,31.825,74.675,0.0002042282590252,0.1727667194636125,222.7
punjab_stubble_belt,2025-11-02,31.825,74.725,0.0001802492843103,0.1642872902486369,212.1
punjab_stubble_belt,2025-11-02,31.825,74.775,0.0002397100042549,0.1646383295058379,234.6
punjab_stubble_belt,2025-11-02,31.825,74.825,0.0002851465614934,0.1639713686794238,251.7
punjab_stubble_belt,2025-11-02,31.825,74.875,0.0002905257680389,0.1612426247165695,253.2
punjab_stubble_belt,2025-11-02,31.825,74.925,0.0002115513210526,0.1560340379933365,222.4
punjab_stubble_belt,2025-11-02,31.825,74.975,0.0002341832092819,0.1525766112148713,230.4
punjab_stubble_belt,2025-11-02,31.825,75.025,0.0002140546009799,0.1447687941427939,221.3
punjab_stubble_belt,2025-11-02,31.825,75.075,0.0001935909973793,0.140533615613498,212.8
punjab_stubble_belt,2025-11-02,31.825,75.125,0.000179235128518,0.1405411937964732,207.4
punjab_stubble_belt,2025-11-02,31.825,75.175,0.0001677571483193,0.141019832581405,203.2
punjab_stubble_belt,2025-11-02,31.825,75.225,0.0001363460432247,0.1432613543477051,191.7
punjab_stubble_belt,2025-11-02,31.825,75.275,0.0002366359115599,0.1458987099128683,230.1
punjab_stubble_belt,2025-11-02,31.825,75.3,0.0003087059497091,0.1481117318425514,257.7
punjab_stubble_belt,2025-11-02,31.875,74.625,0.0003942813609594,0.1766092684462022,295.2
punjab_stubble_belt,2025-11-02,31.875,74.675,0.0003338116920458,0.1757425000603922,272.2
punjab_stubble_belt,2025-11-02,31.875,74.725,7.892901381344613e-05,0.1619703434133165,173.5
punjab_stubble_belt,2025-11-02,31.875,74.775,0.0001160667369141,0.1611224165897227,187.3
punjab_stubble_belt,2025-11-02,31.875,74.825,0.0002196210023575,0.1589656608498194,226.0
punjab_stubble_belt,2025-11-02,31.875,74.875,0.0003161702347786,0.1545909239801291,261.7
punjab_stubble_belt,2025-11-02,31.875,74.925,0.0002259196239424,0.1482380266230988,226.4
punjab_stubble_belt,2025-11-02,31.875,74.975,0.0002073762875554,0.1487421646249471,219.5
punjab_stubble_belt,2025-11-02,31.875,75.025,0.0002286507189671,0.1414955726567696,226.2
punjab_stubble_belt,2025-11-02,31.875,75.075,0.0002243205106658,0.1368268513617432,223.8
punjab_stubble_belt,2025-11-02,31.875,75.125,0.0002001124963898,0.1358661281719881,214.4
punjab_stubble_belt,2025-11-02,31.875,75.175,0.0002224930988373,0.1348894362973756,222.7
punjab_stubble_belt,2025-11-02,31.875,75.225,0.0001761093709704,0.137796618258203,205.7
punjab_stubble_belt,2025-11-02,31.875,75.275,0.0001781901746703,0.142270725940404,207.3
punjab_stubble_belt,2025-11-02,31.875,75.3,0.0001466869858161,0.1447574651309173,195.9
punjab_stubble_belt,2025-11-03,31.325,74.625,0.0002524901434191,0.1902686180343076,244.1
punjab_stubble_belt,2025-11-03,31.325,74.675,0.0002535193167568,0.1901345710226336,244.5
punjab_stubble_belt,2025-11-03,31.325,74.725,0.0003486847052836,0.1928090536208596,280.9
punjab_stubble_belt,2025-11-03,31.325,74.775,0.0003157485742578,0.1944904189187187,268.8
punjab_stubble_belt,2025-11-03,31.325,74.825,0.0002233030757667,0.1987744064089064,234.7
punjab_stubble_belt,2025-11-03,31.325,74.875,0.0001470860462898,0.2071359778121618,207.4
punjab_stubble_belt,2025-11-03,31.325,74.925,0.0003279977024013,0.2261346449532891,279.2
punjab_stubble_belt,2025-11-03,31.325,74.975,0.0003454807367065,0.2279739279840474,286.1
punjab_stubble_belt,2025-11-03,31.325,75.025,0.0003224555532135,0.2325512971254733,278.3
punjab_stubble_belt,2025-11-03,31.325,75.075,0.0002958556380897,0.2355839161788987,268.8
punjab_stubble_belt,2025-11-03,31.325,75.125,0.0002782218446604,0.2358066280911871,262.2
punjab_stubble_belt,2025-11-03,31.325,75.175,0.0002899160362319,0.2302897537236222,265.6
punjab_stubble_belt,2025-11-03,31.325,75.225,0.000246392249804,0.2298760484454438,249.1
punjab_stubble_belt,2025-11-03,31.325,75.275,0.0002282716334074,0.2284257791198033,242.0
punjab_stubble_belt,2025-11-03,31.325,75.3,0.0002139625991424,0.2286505933354145,236.6
punjab_stubble_belt,2025-11-03,31.375,74.625,0.0003051961626663,0.2007817484469843,266.0
punjab_stubble_belt,2025-11-03,31.375,74.675,0.0003129505271257,0.20002480657341,268.7
punjab_stubble_belt,2025-11-03,31.375,74.725,0.0003705454682865,0.1992285994076066,290.3
punjab_stubble_belt,2025-11-03,31.375,74.775,0.0002684963395327,0.1990023275046694,251.8
punjab_stubble_belt,2025-11-03,31.375,74.825,0.000143589551732,0.2001661259426932,204.9
punjab_stubble_belt,2025-11-03,31.375,74.875,8.342207015905816e-05,0.2043596615976766,182.9
punjab_stubble_belt,2025-11-03,31.375,74.925,0.0003542704962058,0.2184669825445125,287.7
punjab_stubble_belt,2025-11-03,31.375,74.975,0.000334099045074,0.2191274296306403,280.2
punjab_stubble_belt,2025-11-03,31.375,75.025,0.0002524317427319,0.2228281019079454,250.1
punjab_stubble_belt,2025-11-03,31.375,75.075,0.0002046984666223,0.2254780512883428,232.5
punjab_stubble_belt,2025-11-03,31.375,75.125,0.0002156275637099,0.2264271349311976,236.8
punjab_stubble_belt,2025-11-03,31.375,75.175,0.0003216974320596,0.2252165067350572,276.6
punjab_stubble_belt,2025-11-03,31.375,75.225,0.0003060309295535,0.2251925893911717,270.7
punjab_stubble_belt,2025-11-03,31.375,75.275,0.0002472084346888,0.2241277379143028,248.3
punjab_stubble_belt,2025-11-03,31.375,75.3,0.0002066815412046,0.2231060211120809,232.9
punjab_stubble_belt,2025-11-03,31.425,74.625,0.0003517420054139,0.2127211972764152,285.7
punjab_stubble_belt,2025-11-03,31.425,74.675,0.0003722900536704,0.2118638258946288,293.3
punjab_stubble_belt,2025-11-03,31.425,74.725,0.0004083603993653,0.2094891646186658,306.5
punjab_stubble_belt,2025-11-03,31.425,74.775,0.0002580288761491,0.2064414256293314,249.2
punjab_stubble_belt,2025-11-03,31.425,74.825,0.0001244579200581,0.2045009249576319,198.4
punjab_stubble_belt,2025-11-03,31.425,74.875,9.031682184709432e-05,0.2049017754687849,185.6
punjab_stubble_belt,2025-11-03,31.425,74.925,0.0003805391735904,0.2116799433927116,296.4
punjab_stubble_belt,2025-11-03,31.425,74.975,0.0003234806016517,0.2114695516148041,274.8
punjab_stubble_belt,2025-11-03,31.425,75.025,0.0001896083506794,0.2132005520052554,224.6
punjab_stubble_belt,2025-11-03,31.425,75.075,0.0001208093823905,0.2151947591618187,199.0
punjab_stubble_belt,2025-11-03,31.425,75.125,0.0001399205296702,0.2172245268660751,206.6
punjab_stubble_belt,2025-11-03,31.425,75.175,0.000243249360182,0.2199470616489539,246.1
punjab_stubble_belt,2025-11-03,31.425,75.225,0.0002453627547931,0.22017527294681,246.9
punjab_stubble_belt,2025-11-03,31.425,75.275,0.0002066818766721,0.2201275931132536,232.3
punjab_stubble_belt,2025-11-03,31.425,75.3,0.0001795380707766,0.2194066784095757,221.9
punjab_stubble_belt,2025-11-03,31.475,74.625,0.0003029008156862,0.2166873090693125,268.0
punjab_stubble_belt,2025-11-03,31.475,74.675,0.0003452800880792,0.2184316988353058,284.3
punjab_stubble_belt,2025-11-03,31.475,74.725,0.000388541312216,0.2197604084084227,300.9
punjab_stubble_belt,2025-11-03,31.475,74.775,0.000362891272385,0.2160414147677241,290.5
punjab_stubble_belt,2025-11-03,31.475,74.825,0.0003246594624738,0.2157428728922595,276.0
punjab_stubble_belt,2025-11-03,31.475,74.875,0.0003094536849465,0.2173724666491063,270.6
punjab_stubble_belt,2025-11-03,31.475,74.925,0.0004210181198152,0.2129128613825572,311.9
punjab_stubble_belt,2025-11-03,31.475,74.975,0.0003594494424926,0.2128185621142965,288.6
punjab_stubble_belt,2025-11-03,31.475,75.025,0.0002762890071582,0.2116180157230915,257.0
punjab_stubble_belt,2025-11-03,31.475,75.075,0.0002310785502649,0.2118286541837918,240.0
punjab_stubble_belt,2025-11-03,31.475,75.125,0.0002172175870219,0.2138374387720881,235.1
punjab_stubble_belt,2025-11-03,31.475,75.175,0.0001299700061131,0.2176569648992807,202.9
punjab_stubble_belt,2025-11-03,31.475,75.225,8.525019135502671e-05,0.2180339571302444,186.1
punjab_stubble_belt,2025-11-03,31.475,75.275,0.0001375097935851,0.218266007366194,205.9
punjab_stubble_belt,2025-11-03,31.525,74.625,0.0003155895877474,0.2079107232906097,271.2
punjab_stubble_belt,2025-11-03,31.525,74.675,0.0005609232248589,0.2255552529012505,367.0
punjab_stubble_belt,2025-11-03,31.525,74.725,0.0005297547421938,0.2277741063630326,355.6
punjab_stubble_belt,2025-11-03,31.525,74.775,0.000313579885515,0.2246474708783552,273.5
punjab_stubble_belt,2025-11-03,31.525,74.825,0.0002436043994922,0.2200072391754388,246.2
punjab_stubble_belt,2025-11-03,31.525,74.875,0.00030807274445,0.2152319830980959,269.7
punjab_stubble_belt,2025-11-03,31.525,74.925,0.0003669491223761,0.2130581661352162,291.5
punjab_stubble_belt,2025-11-03,31.525,74.975,0.0003694323207704,0.201260822176871,290.3
punjab_stubble_belt,2025-11-03,31.525,75.025,0.0002840746160245,0.2070158048555069,259.1
punjab_stubble_belt,2025-11-03,31.525,75.075,0.0002606862761551,0.2132769271870095,251.4
punjab_stubble_belt,2025-11-03,31.525,75.125,0.0003045511097687,0.2165808876782241,268.6
punjab_stubble_belt,2025-11-03,31.525,75.175,0.0003190155890186,0.2150703996406774,273.8
punjab_stubble_belt,2025-11-03,31.525,75.225,0.0001689719365387,0.2177885583143331,217.7
punjab_stubble_belt,2025-11-03,31.525,75.275,0.0001715817074437,0.2177629003471124,218.6
punjab_stubble_belt,2025-11-03,31.525,75.3,0.0001835173072628,0.2178852646387289,223.2
punjab_stubble_belt,2025-11-03,31.575,74.625,0.0003732236404666,0.2115929346236018,293.6
punjab_stubble_belt,2025-11-03,31.575,74.675,0.000728059715774,0.2304975711140618,431.0
punjab_stubble_belt,2025-11-03,31.575,74.725,0.0005763280705087,0.2290657915337184,373.4
punjab_stubble_belt,2025-11-03,31.575,74.775,0.0002469078315492,0.2241672787604652,248.2
punjab_stubble_belt,2025-11-03,31.575,74.825,0.0001653833394016,0.2201104943473012,216.7
punjab_stubble_belt,2025-11-03,31.575,74.875,0.0002826493415896,0.2158389182578234,260.2
punjab_stubble_belt,2025-11-03,31.575,74.925,0.0002975894532283,0.2051409229238593,263.9
punjab_stubble_belt,2025-11-03,31.575,74.975,0.0003736038399633,0.2004871785771995,291.7
punjab_stubble_belt,2025-11-03,31.575,75.025,0.0003714122533506,0.2024742900800296,291.3
punjab_stubble_belt,2025-11-03,31.575,75.075,0.0003314559298381,0.2100589923230959,277.6
punjab_stubble_belt,2025-11-03,31.575,75.125,0.0002764393614591,0.2200389992226352,258.6
punjab_stubble_belt,2025-11-03,31.575,75.175,0.0002934504877906,0.2169908966305077,264.5
punjab_stubble_belt,2025-11-03,31.575,75.225,0.0001659605381775,0.2187810727653713,216.7
punjab_stubble_belt,2025-11-03,31.575,75.275,0.0001743122137083,0.2184258469875155,219.8
punjab_stubble_belt,2025-11-03,31.575,75.3,0.0001919775545324,0.2178586597431374,226.3
punjab_stubble_belt,2025-11-03,31.625,74.625,0.0004209377755229,0.2024543049371007,309.9
punjab_stubble_belt,2025-11-03,31.625,74.675,0.0006694467817449,0.2131420290777776,405.7
punjab_stubble_belt,2025-11-03,31.625,74.725,0.0004317471005564,0.2119919441341899,315.8
punjab_stubble_belt,2025-11-03,31.625,74.775,0.0002001494737508,0.2143384854723982,228.8
punjab_stubble_belt,2025-11-03,31.625,74.825,0.0002014983442023,0.2157514807788625,229.6
punjab_stubble_belt,2025-11-03,31.625,74.875,0.000362542626599,0.2144774165486434,290.1
punjab_stubble_belt,2025-11-03,31.625,74.925,0.0003580914526841,0.2058800864195319,286.9
punjab_stubble_belt,2025-11-03,31.625,74.975,0.0003706265977474,0.2077476107545635,291.9
punjab_stubble_belt,2025-11-03,31.625,75.025,0.0003534173689127,0.207973899128008,285.5
punjab_stubble_belt,2025-11-03,31.625,75.075,0.0002741369962574,0.2130144793882644,256.5
punjab_stubble_belt,2025-11-03,31.625,75.125,0.0001623339381676,0.2209344038478809,215.7
punjab_stubble_belt,2025-11-03,31.625,75.175,0.0001739793660759,0.2182045178253392,219.6
punjab_stubble_belt,2025-11-03,31.625,75.225,0.000133412722065,0.2171554556400425,204.1
punjab_stubble_belt,2025-11-03,31.625,75.275,0.0001900735380905,0.2164718128890105,225.4
punjab_stubble_belt,2025-11-03,31.625,75.3,0.0002409055719223,0.2156225990899658,244.4
punjab_stubble_belt,2025-11-03,31.675,74.625,0.0004368322322346,0.1866001175112637,313.0
punjab_stubble_belt,2025-11-03,31.675,74.675,0.0004521570623444,0.1852589045937067,318.6
punjab_stubble_belt,2025-11-03,31.675,74.725,0.0001926863619233,0.1892849465542956,221.4
punjab_stubble_belt,2025-11-03,31.675,74.775,0.0001801764755091,0.2017895084922283,219.0
punjab_stubble_belt,2025-11-03,31.675,74.825,0.0003003640698634,0.209547035923032,265.7
punjab_stubble_belt,2025-11-03,31.675,74.875,0.000467499908352,0.2120555388957025,329.3
punjab_stubble_belt,2025-11-03,31.675,74.925,0.0004546525049764,0.2134127345518488,324.7
punjab_stubble_belt,2025-11-03,31.675,74.975,0.0003433248008697,0.2178549967854488,283.5
punjab_stubble_belt,2025-11-03,31.675,75.025,0.0002604838829359,0.218532920861416,252.3
punjab_stubble_belt,2025-11-03,31.675,75.075,0.0001585178615545,0.2187023074866479,213.9
punjab_stubble_belt,2025-11-03,31.675,75.125,5.732472551775402e-05,0.218680636432888,175.7
punjab_stubble_belt,2025-11-03,31.675,75.175,9.288415658935916e-05,0.2166323802338332,188.7
punjab_stubble_belt,2025-11-03,31.675,75.225,0.0001419241032972,0.2128819137076604,206.6
punjab_stubble_belt,2025-11-03,31.675,75.275,0.000223107896417,0.2119724642999509,237.0
punjab_stubble_belt,2025-11-03,31.675,75.3,0.0002272904371051,0.2089588406336683,238.1
punjab_stubble_belt,2025-11-03,31.725,74.625,0.000370621670864,0.1930815329105201,289.2
punjab_stubble_belt,2025-11-03,31.725,74.675,0.0003431823900126,0.1910007795340647,278.5
punjab_stubble_belt,2025-11-03,31.725,74.725,0.0001968971094993,0.205192997735956,225.9
punjab_stubble_belt,2025-11-03,31.725,74.775,0.0001980828882897,0.2071982712005008,226.7
punjab_stubble_belt,2025-11-03,31.725,74.825,0.0002346504363768,0.2098150343427394,241.0
punjab_stubble_belt,2025-11-03,31.725,74.875,0.0002700786140101,0.2135449407575787,255.0
punjab_stubble_belt,2025-11-03,31.725,74.925,0.0002191942551028,0.2164439591117525,236.4
punjab_stubble_belt,2025-11-03,31.725,74.975,0.0002235585858907,0.2162766530964019,238.0
punjab_stubble_belt,2025-11-03,31.725,75.025,0.0002412679453404,0.2152415305532569,244.5
punjab_stubble_belt,2025-11-03,31.725,75.075,0.0002581037368253,0.2136729574740758,250.5
punjab_stubble_belt,2025-11-03,31.725,75.125,0.0002924886320806,0.2113821482853208,263.1
punjab_stubble_belt,2025-11-03,31.725,75.175,0.0004636455611314,0.2064839584900752,326.8
punjab_stubble_belt,2025-11-03,31.725,75.225,0.0004430291036724,0.2058793440193362,318.9
punjab_stubble_belt,2025-11-03,31.725,75.275,0.0002750374772816,0.2053109209629733,255.4
punjab_stubble_belt,2025-11-03,31.775,74.625,0.0002852992950985,0.1998899434838728,258.3
punjab_stubble_belt,2025-11-03,31.775,74.675,0.0002866315780788,0.1993132495532655,258.7
punjab_stubble_belt,2025-11-03,31.775,74.725,0.0002284483894619,0.204547126632551,237.7
punjab_stubble_belt,2025-11-03,31.775,74.775,0.0001716521769393,0.2072093654514037,216.7
punjab_stubble_belt,2025-11-03,31.775,74.825,0.0001621004333973,0.2096516058666831,213.6
punjab_stubble_belt,2025-11-03,31.775,74.875,0.0001883391719073,0.2118072258484416,223.9
punjab_stubble_belt,2025-11-03,31.775,74.925,0.0002020452330787,0.2133819770004491,229.3
punjab_stubble_belt,2025-11-03,31.775,74.975,0.0001641784929651,0.2135144970896252,215.1
punjab_stubble_belt,2025-11-03,31.775,75.025,0.0003098983076639,0.2099842908453915,269.4
punjab_stubble_belt,2025-11-03,31.775,75.075,0.0003806317881564,0.2079022867060225,295.7
punjab_stubble_belt,2025-11-03,31.775,75.125,0.0003363506364638,0.2068403656620443,278.8
punjab_stubble_belt,2025-11-03,31.775,75.175,0.0002024162175317,0.198811871416972,226.8
punjab_stubble_belt,2025-11-03,31.775,75.225,0.0002923913671966,0.1995900778322993,260.9
punjab_stubble_belt,2025-11-03,31.775,75.275,0.0003255230969452,0.1982163888760405,273.2
punjab_stubble_belt,2025-11-03,31.775,75.3,0.0002623602583004,0.2006998417178991,249.8
punjab_stubble_belt,2025-11-03,31.825,74.625,0.0004004630977633,0.2087229138575637,303.4
punjab_stubble_belt,2025-11-03,31.825,74.675,0.0004014538713562,0.208524724821089,303.7
punjab_stubble_belt,2025-11-03,31.825,74.725,0.0003726886788748,0.2024211520365515,291.7
punjab_stubble_belt,2025-11-03,31.825,74.775,0.0003339202969092,0.2036218527505606,277.3
punjab_stubble_belt,2025-11-03,31.825,74.825,0.0002668570930887,0.2028888928875051,251.9
punjab_stubble_belt,2025-11-03,31.825,74.875,0.0001877179311976,0.1998965239830124,221.5
punjab_stubble_belt,2025-11-03,31.825,74.925,0.0001279149283851,0.1968469163025746,198.3
punjab_stubble_belt,2025-11-03,31.825,74.975,0.0001144356513893,0.1973879536649637,193.3
punjab_stubble_belt,2025-11-03,31.825,75.025,0.0002669353481359,0.1934809008692043,250.2
punjab_stubble_belt,2025-11-03,31.825,75.075,0.0003378870722414,0.1909394970603125,276.5
punjab_stubble_belt,2025-11-03,31.825,75.125,0.0002906066800886,0.1898914598074325,258.5
punjab_stubble_belt,2025-11-03,31.825,75.175,0.0001595407844988,0.1864993813871403,208.4
punjab_stubble_belt,2025-11-03,31.825,75.225,0.0002002298736019,0.1853832328798777,223.5
punjab_stubble_belt,2025-11-03,31.825,75.275,0.0001982725062685,0.1866265385765934,223.0
punjab_stubble_belt,2025-11-03,31.825,75.3,0.0002281769979884,0.1894592003704181,234.8
punjab_stubble_belt,2025-11-03,31.875,74.625,0.0004502390158791,0.2154939876706639,323.4
punjab_stubble_belt,2025-11-03,31.875,74.675,0.000438238242359,0.2098177164129889,317.8
punjab_stubble_belt,2025-11-03,31.875,74.725,0.0003923813381459,0.2008180393373736,298.9
punjab_stubble_belt,2025-11-03,31.875,74.775,0.0003707878853371,0.2001841515923975,290.6
punjab_stubble_belt,2025-11-03,31.875,74.825,0.0003028567565047,0.1967525811992397,264.3
punjab_stubble_belt,2025-11-03,31.875,74.875,0.0001954983499029,0.1903206960215583,222.6
punjab_stubble_belt,2025-11-03,31.875,74.925,6.96940168903486e-05,0.1824746545171502,173.7
punjab_stubble_belt,2025-11-03,31.875,74.975,6.79045332966841e-05,0.1836786828684001,173.3
punjab_stubble_belt,2025-11-03,31.875,75.025,0.0001961799925542,0.1802409978149469,221.1
punjab_stubble_belt,2025-11-03,31.875,75.075,0.0002744558738105,0.1776833988671595,250.1
punjab_stubble_belt,2025-11-03,31.875,75.125,0.0002705779756016,0.1766042234941234,248.5
punjab_stubble_belt,2025-11-03,31.875,75.175,0.0001760011178417,0.1764120931246857,212.7
punjab_stubble_belt,2025-11-03,31.875,75.225,0.0002039101268267,0.1747266413271592,223.0
punjab_stubble_belt,2025-11-03,31.875,75.275,0.0001641808175189,0.1775996846350404,208.5
punjab_stubble_belt,2025-11-03,31.875,75.3,0.0001471132239208,0.1787530966882682,202.3
punjab_stubble_belt,2025-11-04,31.325,74.625,0.0003759248245824,0.113491044811023,276.7
punjab_stubble_belt,2025-11-04,31.325,74.675,0.0002570696537485,0.15709619935825,239.8
punjab_stubble_belt,2025-11-04,31.325,74.725,0.0004032652468773,0.1810900151525366,299.4
punjab_stubble_belt,2025-11-04,31.325,74.775,0.0002195253600761,0.1864912762293474,231.0
punjab_stubble_belt,2025-11-04,31.325,74.825,0.0002122929695057,0.1861627518167562,228.2
punjab_stubble_belt,2025-11-04,31.325,74.875,0.0003456434432965,0.1914392072003534,279.5
punjab_stubble_belt,2025-11-04,31.325,74.925,0.0003560288962168,0.242962153103814,292.8
punjab_stubble_belt,2025-11-04,31.325,74.975,0.0003388677325869,0.2574801640404754,289.0
punjab_stubble_belt,2025-11-04,31.325,75.025,0.0003709710096003,0.2542243337517331,300.5
punjab_stubble_belt,2025-11-04,31.325,75.075,0.000349123221119,0.2500443595291616,291.5
punjab_stubble_belt,2025-11-04,31.325,75.125,0.0002784709141663,0.2473273286627305,264.4
punjab_stubble_belt,2025-11-04,31.325,75.175,0.000291968017201,0.2379359183481854,267.8
punjab_stubble_belt,2025-11-04,31.325,75.225,0.0003313859183502,0.2419975618383175,283.4
punjab_stubble_belt,2025-11-04,31.325,75.275,0.0004377816008667,0.2528898715112361,325.5
punjab_stubble_belt,2025-11-04,31.325,75.3,0.0005202658033974,0.2637470962766911,358.6
punjab_stubble_belt,2025-11-04,31.375,74.625,0.000355266853262,0.1072043575746526,267.8
punjab_stubble_belt,2025-11-04,31.375,74.675,0.0002621099809196,0.1282910564638155,236.5
punjab_stubble_belt,2025-11-04,31.375,74.725,0.0003816201693159,0.1590947943287133,287.2
punjab_stubble_belt,2025-11-04,31.375,74.775,0.0002790519024355,0.1662249262511889,249.8
punjab_stubble_belt,2025-11-04,31.375,74.825,0.000226075604856,0.173246358335638,231.1
punjab_stubble_belt,2025-11-04,31.375,74.875,0.0002400761481521,0.1851869560485207,238.5
punjab_stubble_belt,2025-11-04,31.375,74.925,0.0003013144398291,0.2155650455606955,267.2
punjab_stubble_belt,2025-11-04,31.375,74.975,0.0002522412404432,0.2242281280438499,250.3
punjab_stubble_belt,2025-11-04,31.375,75.025,0.0003529127346049,0.2220075816598241,287.8
punjab_stubble_belt,2025-11-04,31.375,75.075,0.0003998996675852,0.2214428544779339,305.5
punjab_stubble_belt,2025-11-04,31.375,75.125,0.0003669576686074,0.2252123176500179,293.7
punjab_stubble_belt,2025-11-04,31.375,75.175,0.0002642142689054,0.2350390871081796,256.7
punjab_stubble_belt,2025-11-04,31.375,75.225,0.0003971279474786,0.2384314999822469,307.5
punjab_stubble_belt,2025-11-04,31.375,75.275,0.0004218758929977,0.2388023388286659,316.9
punjab_stubble_belt,2025-11-04,31.375,75.3,0.0004168239846616,0.2366479592234363,314.6
punjab_stubble_belt,2025-11-04,31.425,74.625,0.0003293020252642,0.1105629766728242,258.6
punjab_stubble_belt,2025-11-04,31.425,74.675,0.0003453005309051,0.1176585916998549,265.9
punjab_stubble_belt,2025-11-04,31.425,74.725,0.0004411289295601,0.1516842465747652,308.3
punjab_stubble_belt,2025-11-04,31.425,74.775,0.0003885286726826,0.1622206419961682,290.4
punjab_stubble_belt,2025-11-04,31.425,74.825,0.0002658840170784,0.1720208237355663,245.9
punjab_stubble_belt,2025-11-04,31.425,74.875,0.0001425807585778,0.1819701101084725,201.2
punjab_stubble_belt,2025-11-04,31.425,74.925,0.0002119576007197,0.1896791635293491,228.7
punjab_stubble_belt,2025-11-04,31.425,74.975,0.0001694914355179,0.1977667047061194,214.2
punjab_stubble_belt,2025-11-04,31.425,75.025,0.0002664902887529,0.2039528586939142,251.9
punjab_stubble_belt,2025-11-04,31.425,75.075,0.0003882375242436,0.2103508268268714,299.0
punjab_stubble_belt,2025-11-04,31.425,75.125,0.0004748073238141,0.217577089608929,333.0
punjab_stubble_belt,2025-11-04,31.425,75.175,0.0003123957147876,0.2287852197518692,273.8
punjab_stubble_belt,2025-11-04,31.425,75.225,0.0005358591173086,0.2303865934739592,358.4
punjab_stubble_belt,2025-11-04,31.425,75.275,0.0004504063591081,0.2234368147534671,324.9
punjab_stubble_belt,2025-11-04,31.425,75.3,0.0004006522516564,0.2165445020989834,304.9
punjab_stubble_belt,2025-11-04,31.475,74.625,0.0004137817217478,0.1205945261707792,292.3
punjab_stubble_belt,2025-11-04,31.475,74.675,0.0004210238195219,0.1288855611049115,296.5
punjab_stubble_belt,2025-11-04,31.475,74.725,0.0004879576098612,0.1620102849016427,327.8
punjab_stubble_belt,2025-11-04,31.475,74.775,0.000437510588699,0.1707819160623352,310.4
punjab_stubble_belt,2025-11-04,31.475,74.825,0.000345722749081,0.1779109852055861,277.1
punjab_stubble_belt,2025-11-04,31.475,74.875,0.0002455646226375,0.1847739689523116,240.5
punjab_stubble_belt,2025-11-04,31.475,74.925,0.0002100937364182,0.1898172517526504,228.1
punjab_stubble_belt,2025-11-04,31.475,74.975,0.0002819946062142,0.1977100597355926,256.6
punjab_stubble_belt,2025-11-04,31.475,75.025,0.0003460456785837,0.2044350698723551,282.0
punjab_stubble_belt,2025-11-04,31.475,75.075,0.0004153191012171,0.2106574895840539,309.3
punjab_stubble_belt,2025-11-04,31.475,75.125,0.0004551860578315,0.2165356102581976,325.4
punjab_stubble_belt,2025-11-04,31.475,75.175,0.0002905906650782,0.2246997765132129,264.8
punjab_stubble_belt,2025-11-04,31.475,75.225,0.0006354373862344,0.225638121636192,395.1
punjab_stubble_belt,2025-11-04,31.475,75.275,0.00054253697921,0.2181641540737411,358.7
punjab_stubble_belt,2025-11-04,31.525,74.625,0.0005300189768939,0.1481554038973885,341.2
punjab_stubble_belt,2025-11-04,31.525,74.675,0.0004855180900979,0.1595252515175067,326.5
punjab_stubble_belt,2025-11-04,31.525,74.725,0.0003200412099951,0.1785569396545886,267.5
punjab_stubble_belt,2025-11-04,31.525,74.775,0.0003179942703314,0.1852610226264019,268.0
punjab_stubble_belt,2025-11-04,31.525,74.825,0.0002935417736954,0.189931170643484,259.6
punjab_stubble_belt,2025-11-04,31.525,74.875,0.0002394616306818,0.1937735040757189,239.9
punjab_stubble_belt,2025-11-04,31.525,74.925,0.0001778718607326,0.1996086635804781,217.7
punjab_stubble_belt,2025-11-04,31.525,74.975,0.0002832915079926,0.2024234350889471,258.0
punjab_stubble_belt,2025-11-04,31.525,75.025,0.0004794536582368,0.2047014592147394,332.4
punjab_stubble_belt,2025-11-04,31.525,75.075,0.0005596689442904,0.2057574965375817,362.9
punjab_stubble_belt,2025-11-04,31.525,75.125,0.0004983042129713,0.2052022358425955,339.6
punjab_stubble_belt,2025-11-04,31.525,75.175,0.0003584870045334,0.2007155635969048,286.1
punjab_stubble_belt,2025-11-04,31.525,75.225,0.0003470084101671,0.1983965535435606,281.3
punjab_stubble_belt,2025-11-04,31.525,75.275,0.000431966318045,0.1945374723150519,312.7
punjab_stubble_belt,2025-11-04,31.525,75.3,0.0004686021947964,0.2017453544216676,327.8
punjab_stubble_belt,2025-11-04,31.575,74.625,0.0005883186510816,0.1585087407461975,365.1
punjab_stubble_belt,2025-11-04,31.575,74.675,0.0004745577064362,0.1699706045212277,324.2
punjab_stubble_belt,2025-11-04,31.575,74.725,0.0002879230199521,0.1824479239075214,256.1
punjab_stubble_belt,2025-11-04,31.575,74.775,0.0003175130115293,0.1872406244145176,268.1
punjab_stubble_belt,2025-11-04,31.575,74.825,0.0002854091581264,0.1912886835141021,256.8
punjab_stubble_belt,2025-11-04,31.575,74.875,0.000214299408023,0.1953859380890734,230.7
punjab_stubble_belt,2025-11-04,31.575,74.925,0.0002649922236031,0.2008994852611761,250.8
punjab_stubble_belt,2025-11-04,31.575,74.975,0.0003332050514442,0.2010173575639088,276.6
punjab_stubble_belt,2025-11-04,31.575,75.025,0.0003981767469591,0.1993963536459062,300.8
punjab_stubble_belt,2025-11-04,31.575,75.075,0.0004101996357416,0.1983777201996906,305.1
punjab_stubble_belt,2025-11-04,31.575,75.125,0.0003737113248323,0.197611427697305,291.2
punjab_stubble_belt,2025-11-04,31.575,75.175,0.0003441004190064,0.1925283328278685,279.1
punjab_stubble_belt,2025-11-04,31.575,75.225,0.0003369150746225,0.1903336347379417,276.0
punjab_stubble_belt,2025-11-04,31.575,75.275,0.0004124164215096,0.1899046586087145,304.4
punjab_stubble_belt,2025-11-04,31.575,75.3,0.0004700001982787,0.1899692317863092,326.2
punjab_stubble_belt,2025-11-04,31.625,74.625,0.0005282085057951,0.1682304879002983,344.2
punjab_stubble_belt,2025-11-04,31.625,74.675,0.0004511460791856,0.1756970769126967,316.5
punjab_stubble_belt,2025-11-04,31.625,74.725,0.0002863466480348,0.1811426915766802,255.3
punjab_stubble_belt,2025-11-04,31.625,74.775,0.0003171306830692,0.1836698508464903,267.3
punjab_stubble_belt,2025-11-04,31.625,74.825,0.0002998374236806,0.1874225859786318,261.5
punjab_stubble_belt,2025-11-04,31.625,74.875,0.0002564880607929,0.1918654565648428,245.9
punjab_stubble_belt,2025-11-04,31.625,74.925,0.000344277412756,0.1947059598312519,279.6
punjab_stubble_belt,2025-11-04,31.625,74.975,0.0003162361744563,0.1935738982311448,268.8
punjab_stubble_belt,2025-11-04,31.625,75.025,0.0003180580305055,0.1919100085575649,269.2
punjab_stubble_belt,2025-11-04,31.625,75.075,0.0003259675909207,0.1908845638405501,272.0
punjab_stubble_belt,2025-11-04,31.625,75.125,0.0003397839749867,0.190137608725135,277.1
punjab_stubble_belt,2025-11-04,31.625,75.175,0.0003821048522468,0.1857453590045976,292.2
punjab_stubble_belt,2025-11-04,31.625,75.225,0.0003682837880346,0.186099294196518,287.1
punjab_stubble_belt,2025-11-04,31.625,75.275,0.000415857527737,0.1929455469920203,306.3
punjab_stubble_belt,2025-11-04,31.625,75.3,0.0004493407355449,0.1992872153794517,320.1
punjab_stubble_belt,2025-11-04,31.675,74.625,0.0004009131753783,0.1758537869040949,297.5
punjab_stubble_belt,2025-11-04,31.675,74.675,0.0004107141455693,0.1770542288055274,301.4
punjab_stubble_belt,2025-11-04,31.675,74.725,0.0002794539893416,0.1760568342336445,251.7
punjab_stubble_belt,2025-11-04,31.675,74.775,0.0002968531832547,0.1768575388628187,258.4
punjab_stubble_belt,2025-11-04,31.675,74.825,0.0003176343317177,0.1802455995134072,266.9
punjab_stubble_belt,2025-11-04,31.675,74.875,0.0003357352207941,0.1844188383439169,274.5
punjab_stubble_belt,2025-11-04,31.675,74.925,0.0003799964631155,0.1837880591166817,291.1
punjab_stubble_belt,2025-11-04,31.675,74.975,0.0002575468624735,0.1832155130786339,244.8
punjab_stubble_belt,2025-11-04,31.675,75.025,0.0002702385104063,0.1845302871718509,249.8
punjab_stubble_belt,2025-11-04,31.675,75.075,0.0003123324921088,0.1849013617833637,265.7
punjab_stubble_belt,2025-11-04,31.675,75.125,0.0003674530242175,0.1838847928614212,286.4
punjab_stubble_belt,2025-11-04,31.675,75.175,0.0004459695967166,0.1813550545432443,315.5
punjab_stubble_belt,2025-11-04,31.675,75.225,0.0003776247096137,0.1870709341455159,290.8
punjab_stubble_belt,2025-11-04,31.675,75.275,0.0004066426133275,0.2027670509109182,304.6
punjab_stubble_belt,2025-11-04,31.675,75.3,0.0003872259450733,0.2207626834651151,300.6
punjab_stubble_belt,2025-11-04,31.725,74.625,0.000383321046232,0.1712990705401261,290.1
punjab_stubble_belt,2025-11-04,31.725,74.675,0.0003085591365412,0.1704662157930489,261.7
punjab_stubble_belt,2025-11-04,31.725,74.725,0.0001737278478488,0.1698181555751886,210.7
punjab_stubble_belt,2025-11-04,31.725,74.775,0.0002194893497479,0.1708510295956435,228.1
punjab_stubble_belt,2025-11-04,31.725,74.825,0.0002787651258922,0.1729011898827681,250.9
punjab_stubble_belt,2025-11-04,31.725,74.875,0.0003200935543697,0.1752243770194833,266.9
punjab_stubble_belt,2025-11-04,31.725,74.925,0.0002971769875745,0.175818196595783,258.4
punjab_stubble_belt,2025-11-04,31.725,74.975,0.000270052947152,0.1784719306158768,248.6
punjab_stubble_belt,2025-11-04,31.725,75.025,0.0002775066484072,0.1828310438866725,252.2
punjab_stubble_belt,2025-11-04,31.725,75.075,0.0002713879202029,0.1842684558241042,250.2
punjab_stubble_belt,2025-11-04,31.725,75.125,0.0002691772390753,0.1832475341700343,249.2
punjab_stubble_belt,2025-11-04,31.725,75.175,0.0004056466446023,0.1868631445118633,301.3
punjab_stubble_belt,2025-11-04,31.725,75.225,0.0002169190106966,0.2034758769841495,233.1
punjab_stubble_belt,2025-11-04,31.725,75.275,0.0002694371517528,0.2220278994768502,256.3
punjab_stubble_belt,2025-11-04,31.775,74.625,0.0003550413711736,0.1675507712867537,278.7
punjab_stubble_belt,2025-11-04,31.775,74.675,0.0002943765233613,0.1660505920938453,255.5
punjab_stubble_belt,2025-11-04,31.775,74.725,0.0002715729979438,0.1643278685598107,246.6
punjab_stubble_belt,2025-11-04,31.775,74.775,0.0002598008016548,0.1653394807342074,242.4
punjab_stubble_belt,2025-11-04,31.775,74.825,0.0002488530175097,0.1678213139244431,238.7
punjab_stubble_belt,2025-11-04,31.775,74.875,0.0002340161143664,0.1710958845731363,233.7
punjab_stubble_belt,2025-11-04,31.775,74.925,0.0001954053129717,0.1745665731296205,219.7
punjab_stubble_belt,2025-11-04,31.775,74.975,0.0001204995624158,0.1774568724873397,192.0
punjab_stubble_belt,2025-11-04,31.775,75.025,0.0002139563062216,0.182851930111515,228.2
punjab_stubble_belt,2025-11-04,31.775,75.075,0.0002817886661621,0.1857147382725237,254.4
punjab_stubble_belt,2025-11-04,31.775,75.125,0.0003017722180676,0.1872565127853652,262.2
punjab_stubble_belt,2025-11-04,31.775,75.175,0.0003277658226638,0.1991880808232117,274.2
punjab_stubble_belt,2025-11-04,31.775,75.225,0.0003076477905104,0.2133238702183844,269.2
punjab_stubble_belt,2025-11-04,31.775,75.275,0.0003524048673044,0.2314052628702019,289.4
punjab_stubble_belt,2025-11-04,31.775,75.3,0.0003564246120937,0.2376043327849542,292.0
punjab_stubble_belt,2025-11-04,31.825,74.625,0.0003868878398421,0.1611435033907063,289.5
punjab_stubble_belt,2025-11-04,31.825,74.675,0.0002606143524686,0.1582358116321267,241.4
punjab_stubble_belt,2025-11-04,31.825,74.725,0.0002368380273025,0.157368489309237,232.2
punjab_stubble_belt,2025-11-04,31.825,74.775,0.0002089417701436,0.1596780505158288,222.1
punjab_stubble_belt,2025-11-04,31.825,74.825,0.0001907334321941,0.1642810800097375,216.1
punjab_stubble_belt,2025-11-04,31.825,74.875,0.0002054903262208,0.170390518067177,222.8
punjab_stubble_belt,2025-11-04,31.825,74.925,0.0003417248655965,0.1773880935796537,275.5
punjab_stubble_belt,2025-11-04,31.825,74.975,0.0003216155323399,0.1803634802935559,268.4
punjab_stubble_belt,2025-11-04,31.825,75.025,0.0003298392632393,0.1880028594894084,272.9
punjab_stubble_belt,2025-11-04,31.825,75.075,0.0003364925407473,0.1938878518415811,276.5
punjab_stubble_belt,2025-11-04,31.825,75.125,0.0003441532702113,0.1995555527266289,280.4
punjab_stubble_belt,2025-11-04,31.825,75.175,0.0003886831531753,0.2202659054167431,301.0
punjab_stubble_belt,2025-11-04,31.825,75.225,0.0004269370002772,0.2296839856670179,317.2
punjab_stubble_belt,2025-11-04,31.825,75.275,0.0003522738844837,0.2428554433424686,291.4
punjab_stubble_belt,2025-11-04,31.825,75.3,0.0003182854408005,0.2488344589437934,279.7
punjab_stubble_belt,2025-11-04,31.875,74.625,0.0003870614154058,0.1549509932866526,288.5
punjab_stubble_belt,2025-11-04,31.875,74.675,0.0001934319859592,0.1512863096600019,214.7
punjab_stubble_belt,2025-11-04,31.875,74.725,0.0002590724648532,0.1525783557013441,239.7
punjab_stubble_belt,2025-11-04,31.875,74.775,0.0002556442084775,0.1559992144775651,239.1
punjab_stubble_belt,2025-11-04,31.875,74.825,0.0002163521149986,0.163026311593275,225.5
punjab_stubble_belt,2025-11-04,31.875,74.875,0.0002032633721332,0.1725542892998158,222.3
punjab_stubble_belt,2025-11-04,31.875,74.925,0.0004292089919558,0.1817430369597092,309.3
punjab_stubble_belt,2025-11-04,31.875,74.975,0.0004287903561725,0.1847701343884103,309.7
punjab_stubble_belt,2025-11-04,31.875,75.025,0.0003966578124285,0.1949263396037009,299.4
punjab_stubble_belt,2025-11-04,31.875,75.075,0.0003772881271179,0.2037892470402438,293.7
punjab_stubble_belt,2025-11-04,31.875,75.125,0.0003914584387817,0.212554240205116,300.7
punjab_stubble_belt,2025-11-04,31.875,75.175,0.0005130670388756,0.2368376595894048,351.0
punjab_stubble_belt,2025-11-04,31.875,75.225,0.0005278442885633,0.2420040790002454,357.5
punjab_stubble_belt,2025-11-04,31.875,75.275,0.0004001270630234,0.2475475479678447,310.3
punjab_stubble_belt,2025-11-04,31.875,75.3,0.0003352227426292,0.2492569812049127,286.1
punjab_stubble_belt,2025-11-05,31.325,74.625,0.0002246956461885,0.0,198.9
punjab_stubble_belt,2025-11-05,31.325,74.675,0.0001913807544468,0.0,186.3
punjab_stubble_belt,2025-11-05,31.325,74.725,8.441906458039684e-05,0.0,146.0
punjab_stubble_belt,2025-11-05,31.325,74.775,0.0001368216183483,0.0,165.7
punjab_stubble_belt,2025-11-05,31.325,74.825,0.0001814912391245,0.0,182.6
punjab_stubble_belt,2025-11-05,31.325,74.875,0.0001793414730153,0.0,181.8
punjab_stubble_belt,2025-11-05,31.325,74.925,3.830462462722066e-05,0.0,128.6
punjab_stubble_belt,2025-11-05,31.325,74.975,0.0002548301590837,0.0,210.3
punjab_stubble_belt,2025-11-05,31.325,75.025,0.0002272361513631,0.0,199.9
punjab_stubble_belt,2025-11-05,31.325,75.075,0.0002476914395965,0.0,207.6
punjab_stubble_belt,2025-11-05,31.325,75.125,0.0003255821193761,0.0,237.0
punjab_stubble_belt,2025-11-05,31.325,75.175,0.0002657509508075,0.0,214.4
punjab_stubble_belt,2025-11-05,31.325,75.225,0.0002861615667132,0.0,222.1
punjab_stubble_belt,2025-11-05,31.325,75.275,0.0002610031782764,0.0,212.6
punjab_stubble_belt,2025-11-05,31.325,75.3,0.0002369686253488,0.0,203.5
punjab_stubble_belt,2025-11-05,31.375,74.625,0.000129637529314,0.0,163.0
punjab_stubble_belt,2025-11-05,31.375,74.675,5.060820789138325e-05,0.0,133.2
punjab_stubble_belt,2025-11-05,31.375,74.725,0.0001566301601599,0.0,173.2
punjab_stubble_belt,2025-11-05,31.375,74.775,0.0002014639417692,0.0,190.1
punjab_stubble_belt,2025-11-05,31.375,74.825,0.000238282104061,0.0,204.0
punjab_stubble_belt,2025-11-05,31.375,74.875,0.0002412065834719,0.0,205.1
punjab_stubble_belt,2025-11-05,31.375,74.925,8.86889044410694e-05,0.0,147.6
punjab_stubble_belt,2025-11-05,31.375,74.975,0.0002450913117823,0.0,206.6
punjab_stubble_belt,2025-11-05,31.375,75.025,0.000301171505396,0.0,227.8
punjab_stubble_belt,2025-11-05,31.375,75.075,0.0003450253277775,0.0,244.3
punjab_stubble_belt,2025-11-05,31.375,75.125,0.0003655154309331,0.0,252.0
punjab_stubble_belt,2025-11-05,31.375,75.175,0.0002556699547798,0.0,210.6
punjab_stubble_belt,2025-11-05,31.375,75.225,0.0003145128985053,0.0,232.8
punjab_stubble_belt,2025-11-05,31.375,75.275,0.0002771740632841,8.66950648516552e-05,218.7
punjab_stubble_belt,2025-11-05,31.375,75.3,0.0002453303830066,0.0001651334568602,206.7
punjab_stubble_belt,2025-11-05,31.425,74.625,1.147044256148306e-05,0.0,118.4
punjab_stubble_belt,2025-11-05,31.425,74.675,-6.406288807379033e-05,0.0,89.9
punjab_stubble_belt,2025-11-05,31.425,74.725,0.0001912844278456,0.0,186.3
punjab_stubble_belt,2025-11-05,31.425,74.775,0.0002894709550149,0.0,223.3
punjab_stubble_belt,2025-11-05,31.425,74.825,0.0003300833053448,0.0,238.7
punjab_stubble_belt,2025-11-05,31.425,74.875,0.0003131367181354,0.0,232.3
punjab_stubble_belt,2025-11-05,31.425,74.925,0.0001981636143518,0.0,188.9
punjab_stubble_belt,2025-11-05,31.425,74.975,0.0002635943195407,0.0,213.6
punjab_stubble_belt,2025-11-05,31.425,75.025,0.0003836147982482,0.0,258.9
punjab_stubble_belt,2025-11-05,31.425,75.075,0.0004294089345431,0.0,276.2
punjab_stubble_belt,2025-11-05,31.425,75.125,0.0003834708493948,0.0,258.8
punjab_stubble_belt,2025-11-05,31.425,75.175,0.000264977222236,0.0,214.1
punjab_stubble_belt,2025-11-05,31.425,75.225,0.0003827447448455,0.0,258.5
punjab_stubble_belt,2025-11-05,31.425,75.275,0.0002969550469296,0.0009347462603532,226.3
punjab_stubble_belt,2025-11-05,31.425,75.3,0.0002092324616871,0.0037868407674152,193.8
punjab_stubble_belt,2025-11-05,31.475,74.625,3.067151364505152e-05,0.0,125.7
punjab_stubble_belt,2025-11-05,31.475,74.675,-0.000104655379758,0.0,74.6
punjab_stubble_belt,2025-11-05,31.475,74.725,0.0002176292537837,0.0,196.2
punjab_stubble_belt,2025-11-05,31.475,74.775,0.0003451926854426,0.0,244.4
punjab_stubble_belt,2025-11-05,31.475,74.825,0.0003491876410208,0.0,245.9
punjab_stubble_belt,2025-11-05,31.475,74.875,0.0002853419948615,0.0,221.8
punjab_stubble_belt,2025-11-05,31.475,74.925,0.0003195273696226,0.0,234.7
punjab_stubble_belt,2025-11-05,31.475,74.975,0.0004202575883543,0.0,272.7
punjab_stubble_belt,2025-11-05,31.475,75.025,0.0002784052302913,0.0,219.2
punjab_stubble_belt,2025-11-05,31.475,75.075,0.0001778864877191,0.0,181.2
punjab_stubble_belt,2025-11-05,31.475,75.125,0.0001673115728848,0.0,177.2
punjab_stubble_belt,2025-11-05,31.475,75.175,0.0002326237419653,0.0,201.9
punjab_stubble_belt,2025-11-05,31.475,75.225,0.0003600543759032,0.0,250.0
punjab_stubble_belt,2025-11-05,31.475,75.275,0.0002588234530979,0.0043640448338363,212.6
punjab_stubble_belt,2025-11-05,31.525,74.625,0.0001232625627808,0.0,160.6
punjab_stubble_belt,2025-11-05,31.525,74.675,9.745856837346376e-05,0.0,150.9
punjab_stubble_belt,2025-11-05,31.525,74.725,0.0002709477626086,0.0,216.4
punjab_stubble_belt,2025-11-05,31.525,74.775,0.0003407380542939,0.0,242.7
punjab_stubble_belt,2025-11-05,31.525,74.825,0.0002621492267292,0.0,213.0
punjab_stubble_belt,2025-11-05,31.525,74.875,0.0001019430996922,0.0,152.6
punjab_stubble_belt,2025-11-05,31.525,74.925,9.815520719339704e-05,0.0,151.1
punjab_stubble_belt,2025-11-05,31.525,74.975,0.0002300111529607,0.0,200.9
punjab_stubble_belt,2025-11-05,31.525,75.025,0.0002783323092198,0.0,219.1
punjab_stubble_belt,2025-11-05,31.525,75.075,0.0002811595482595,0.0,220.2
punjab_stubble_belt,2025-11-05,31.525,75.125,0.0002385005134529,0.0,204.1
punjab_stubble_belt,2025-11-05,31.525,75.175,0.0001409437435065,0.0,167.3
punjab_stubble_belt,2025-11-05,31.525,75.225,0.0004620846253957,0.0,288.5
punjab_stubble_belt,2025-11-05,31.525,75.275,0.0004572780456937,0.0003175729805419,286.7
punjab_stubble_belt,2025-11-05,31.525,75.3,0.0003097983959185,0.0036223127854927,231.7
punjab_stubble_belt,2025-11-05,31.575,74.625,0.0003899073701484,0.0,261.3
punjab_stubble_belt,2025-11-05,31.575,74.675,0.0002672768550979,0.0,215.0
punjab_stubble_belt,2025-11-05,31.575,74.725,0.0002239335299478,0.0,198.6
punjab_stubble_belt,2025-11-05,31.575,74.775,0.0002502560987654,0.0,208.5
punjab_stubble_belt,2025-11-05,31.575,74.825,0.0001546443130025,0.0,172.5
punjab_stubble_belt,2025-11-05,31.575,74.875,2.8721816468675544e-06,0.0,115.2
punjab_stubble_belt,2025-11-05,31.575,74.925,6.362839631588337e-05,0.0,138.1
punjab_stubble_belt,2025-11-05,31.575,74.975,0.0002016745973738,0.0,190.2
punjab_stubble_belt,2025-11-05,31.575,75.025,0.0002618051916148,0.0,212.9
punjab_stubble_belt,2025-11-05,31.575,75.075,0.0001828207272651,0.0,183.1
punjab_stubble_belt,2025-11-05,31.575,75.125,2.7725770700587567e-05,0.0,124.6
punjab_stubble_belt,2025-11-05,31.575,75.175,0.0001750653796808,0.0,180.2
punjab_stubble_belt,2025-11-05,31.575,75.225,0.0003986196115288,0.0,264.5
punjab_stubble_belt,2025-11-05,31.575,75.275,0.0004228516395032,0.0012327015045005,273.9
punjab_stubble_belt,2025-11-05,31.575,75.3,0.0004225493724672,0.0015315491375907,273.8
punjab_stubble_belt,2025-11-05,31.625,74.625,0.0003906614435896,0.0,261.5
punjab_stubble_belt,2025-11-05,31.625,74.675,0.0002614245922315,0.0,212.8
punjab_stubble_belt,2025-11-05,31.625,74.725,0.0002607224509576,0.0,212.5
punjab_stubble_belt,2025-11-05,31.625,74.775,0.0002397469460006,0.0,204.6
punjab_stubble_belt,2025-11-05,31.625,74.825,0.0001720829456074,0.0,179.0
punjab_stubble_belt,2025-11-05,31.625,74.875,9.71739962987896e-05,0.0,150.8
punjab_stubble_belt,2025-11-05,31.625,74.925,0.0001429168785378,0.0,168.0
punjab_stubble_belt,2025-11-05,31.625,74.975,0.0002483821485217,0.0,207.8
punjab_stubble_belt,2025-11-05,31.625,75.025,0.0002372603127125,0.0,203.6
punjab_stubble_belt,2025-11-05,31.625,75.075,0.0001311725449081,0.0,163.6
punjab_stubble_belt,2025-11-05,31.625,75.125,1.1082094098025578e-05,0.0,118.3
punjab_stubble_belt,2025-11-05,31.625,75.175,0.0002629727901531,0.0,213.3
punjab_stubble_belt,2025-11-05,31.625,75.225,0.0004023120029074,0.0,265.9
punjab_stubble_belt,2025-11-05,31.625,75.275,0.0003805721138435,0.0011732520088984,257.9
punjab_stubble_belt,2025-11-05,31.625,75.3,0.0003391322503867,0.0017000814047211,242.4
punjab_stubble_belt,2025-11-05,31.675,74.625,0.0001725239861895,0.0,179.2
punjab_stubble_belt,2025-11-05,31.675,74.675,0.0001166450345163,0.0,158.1
punjab_stubble_belt,2025-11-05,31.675,74.725,0.0003180814486408,0.0,234.1
punjab_stubble_belt,2025-11-05,31.675,74.775,0.0002647845872818,0.0,214.0
punjab_stubble_belt,2025-11-05,31.675,74.825,0.0002626414376404,0.0,213.2
punjab_stubble_belt,2025-11-05,31.675,74.875,0.0003014645010209,0.0,227.9
punjab_stubble_belt,2025-11-05,31.675,74.925,0.0002392373068616,0.0,204.4
punjab_stubble_belt,2025-11-05,31.675,74.975,0.0002925651089392,0.0,224.5
punjab_stubble_belt,2025-11-05,31.675,75.025,0.0002278471113405,0.0,200.1
punjab_stubble_belt,2025-11-05,31.675,75.075,0.0001681671806879,0.0,177.6
punjab_stubble_belt,2025-11-05,31.675,75.125,0.0001586878987277,0.0,174.0
punjab_stubble_belt,2025-11-05,31.675,75.175,0.0003337952340937,0.0,240.1
punjab_stubble_belt,2025-11-05,31.675,75.225,0.0004282441212116,0.0004814701442345,275.8
punjab_stubble_belt,2025-11-05,31.675,75.275,0.0003533237206202,0.0040475081746306,248.2
punjab_stubble_belt,2025-11-05,31.675,75.3,0.0003460047774917,0.0210569446125211,248.5
punjab_stubble_belt,2025-11-05,31.725,74.625,5.602565828588536e-07,0.0,114.3
punjab_stubble_belt,2025-11-05,31.725,74.675,-7.184049557598454e-06,0.0,111.4
punjab_stubble_belt,2025-11-05,31.725,74.725,0.0001128823599199,0.0,156.7
punjab_stubble_belt,2025-11-05,31.725,74.775,0.0001103243622927,0.0,155.7
punjab_stubble_belt,2025-11-05,31.725,74.825,0.0001990508511384,0.0,189.2
punjab_stubble_belt,2025-11-05,31.725,74.875,0.0002960294296939,0.0,225.8
punjab_stubble_belt,2025-11-05,31.725,74.925,4.955642625297519e-05,0.0,132.8
punjab_stubble_belt,2025-11-05,31.725,74.975,8.190021821674215e-05,0.0,145.0
punjab_stubble_belt,2025-11-05,31.725,75.025,0.0003053830496968,0.0,229.4
punjab_stubble_belt,2025-11-05,31.725,75.075,0.0003553956267423,0.0,248.2
punjab_stubble_belt,2025-11-05,31.725,75.125,0.0002206753238404,0.0,197.4
punjab_stubble_belt,2025-11-05,31.725,75.175,0.0001735420416984,0.0,179.6
punjab_stubble_belt,2025-11-05,31.725,75.225,0.0002300939027368,0.0033254335427875,201.5
punjab_stubble_belt,2025-11-05,31.725,75.275,0.0003468453360236,0.026700293457863,249.9
punjab_stubble_belt,2025-11-05,31.775,74.625,0.0002567642104104,0.0,211.0
punjab_stubble_belt,2025-11-05,31.775,74.675,0.0001702073659071,0.0,178.3
punjab_stubble_belt,2025-11-05,31.775,74.725,0.0003341840636544,0.0,240.2
punjab_stubble_belt,2025-11-05,31.775,74.775,0.0003774698253143,0.0,256.6
punjab_stubble_belt,2025-11-05,31.775,74.825,0.0003095950601834,0.0,230.9
punjab_stubble_belt,2025-11-05,31.775,74.875,0.0001852430054533,0.0,184.0
punjab_stubble_belt,2025-11-05,31.775,74.925,0.0001511017440686,0.0,171.1
punjab_stubble_belt,2025-11-05,31.775,74.975,0.0001100695514647,0.0,155.6
punjab_stubble_belt,2025-11-05,31.775,75.025,0.0003280174411862,0.0,237.9
punjab_stubble_belt,2025-11-05,31.775,75.075,0.0003651374350639,0.0,251.9
punjab_stubble_belt,2025-11-05,31.775,75.125,0.0002368324660492,0.0,203.5
punjab_stubble_belt,2025-11-05,31.775,75.175,0.0003858169689747,0.0,259.7
punjab_stubble_belt,2025-11-05,31.775,75.225,0.0003883312771894,0.0084912275601658,262.2
punjab_stubble_belt,2025-11-05,31.775,75.275,0.0003946400092615,0.039759020650005,270.3
punjab_stubble_belt,2025-11-05,31.775,75.3,0.0004065374704268,0.0514551390370183,276.9
punjab_stubble_belt,2025-11-05,31.825,74.625,0.0001847387854349,0.0,183.8
punjab_stubble_belt,2025-11-05,31.825,74.675,0.0001480157273932,0.0,170.0
punjab_stubble_belt,2025-11-05,31.825,74.725,0.0003709906626948,0.0,254.1
punjab_stubble_belt,2025-11-05,31.825,74.775,0.0003991021226161,0.0,264.7
punjab_stubble_belt,2025-11-05,31.825,74.825,0.0002613258139494,0.0,212.7
punjab_stubble_belt,2025-11-05,31.825,74.875,8.201365362110365e-05,0.0,145.1
punjab_stubble_belt,2025-11-05,31.825,74.925,0.0002654504555344,0.0,214.3
punjab_stubble_belt,2025-11-05,31.825,74.975,0.0001692689938295,0.0,178.0
punjab_stubble_belt,2025-11-05,31.825,75.025,0.000281919994914,0.0,220.5
punjab_stubble_belt,2025-11-05,31.825,75.075,0.0003431446077367,0.0,243.6
punjab_stubble_belt,2025-11-05,31.825,75.125,0.0003343780028028,8.406760308341797e-05,240.3
punjab_stubble_belt,2025-11-05,31.825,75.175,0.0004016669766585,0.000714574626209,265.8
punjab_stubble_belt,2025-11-05,31.825,75.225,0.000186303101188,0.0165496854293173,187.4
punjab_stubble_belt,2025-11-05,31.825,75.275,0.0002746423943044,0.0435719221287793,225.7
punjab_stubble_belt,2025-11-05,31.825,75.3,0.0003639093805943,0.0599622805107107,262.4
punjab_stubble_belt,2025-11-05,31.875,74.625,0.0001143518523113,0.0,157.3
punjab_stubble_belt,2025-11-05,31.875,74.675,0.0001011387615224,0.0,152.3
punjab_stubble_belt,2025-11-05,31.875,74.725,0.0003659664927021,0.0,252.2
punjab_stubble_belt,2025-11-05,31.875,74.775,0.0003834076728511,0.0,258.8
punjab_stubble_belt,2025-11-05,31.875,74.825,0.0002563173421001,0.0,210.8
punjab_stubble_belt,2025-11-05,31.875,74.875,0.0001075378678911,0.0,154.7
punjab_stubble_belt,2025-11-05,31.875,74.925,0.000299411702101,0.0,227.1
punjab_stubble_belt,2025-11-05,31.875,74.975,0.00024615800926,0.0,207.0
punjab_stubble_belt,2025-11-05,31.875,75.025,0.0002661790275898,0.0,214.6
punjab_stubble_belt,2025-11-05,31.875,75.075,0.0003073617883285,0.0,230.1
punjab_stubble_belt,2025-11-05,31.875,75.125,0.0003513852621236,0.0003390937442605,246.8
punjab_stubble_belt,2025-11-05,31.875,75.175,0.0003545129243403,0.0029355027278432,248.4
punjab_stubble_belt,2025-11-05,31.875,75.225,6.70497716451553e-05,0.022353563675733,143.5
punjab_stubble_belt,2025-11-05,31.875,75.275,0.0002103812931172,0.0439860765100366,201.5
punjab_stubble_belt,2025-11-05,31.875,75.3,0.0003379567893469,0.0555287970551828,251.8
punjab_stubble_belt,2025-11-06,31.325,74.625,8.134119867579331e-05,0.0,144.8
punjab_stubble_belt,2025-11-06,31.325,74.675,0.0002406355083518,0.0,204.9
punjab_stubble_belt,2025-11-06,31.325,74.725,0.0003204901623427,0.0,235.1
punjab_stubble_belt,2025-11-06,31.325,74.775,0.0003361389058017,0.0,241.0
punjab_stubble_belt,2025-11-06,31.325,74.825,0.0003178692631989,0.0,234.1
punjab_stubble_belt,2025-11-06,31.325,74.875,0.0002513193167109,0.0,208.9
punjab_stubble_belt,2025-11-06,31.325,74.925,5.756247707694077e-05,0.0,135.8
punjab_stubble_belt,2025-11-06,31.325,74.975,9.54434252884526e-05,0.0,150.1
punjab_stubble_belt,2025-11-06,31.325,75.025,0.0001370520842249,0.0,165.8
punjab_stubble_belt,2025-11-06,31.325,75.075,0.0001813467599672,0.0,182.5
punjab_stubble_belt,2025-11-06,31.325,75.125,0.0002141586938008,0.0,194.9
punjab_stubble_belt,2025-11-06,31.325,75.175,0.0001677014542285,0.0,177.4
punjab_stubble_belt,2025-11-06,31.325,75.225,0.0002185328772636,0.0,196.6
punjab_stubble_belt,2025-11-06,31.325,75.275,0.0002492822779552,0.0,208.2
punjab_stubble_belt,2025-11-06,31.325,75.3,0.0002530241695472,0.0,209.6
punjab_stubble_belt,2025-11-06,31.375,74.625,0.0001518815932781,0.0,171.4
punjab_stubble_belt,2025-11-06,31.375,74.675,0.0002139404379516,0.0,194.8
punjab_stubble_belt,2025-11-06,31.375,74.725,0.0002813488199925,0.0,220.3
punjab_stubble_belt,2025-11-06,31.375,74.775,0.0002592419463522,0.0,211.9
punjab_stubble_belt,2025-11-06,31.375,74.825,0.0002548254226492,0.0,210.3
punjab_stubble_belt,2025-11-06,31.375,74.875,0.0002367608585973,0.0,203.5
punjab_stubble_belt,2025-11-06,31.375,74.925,4.86337741792578e-05,0.0,132.5
punjab_stubble_belt,2025-11-06,31.375,74.975,0.0001027568176797,0.0,152.9
punjab_stubble_belt,2025-11-06,31.375,75.025,8.9579315281541e-05,0.0,147.9
punjab_stubble_belt,2025-11-06,31.375,75.075,8.749063684685439e-05,0.0,147.1
punjab_stubble_belt,2025-11-06,31.375,75.125,0.0001018205666927,0.0,152.5
punjab_stubble_belt,2025-11-06,31.375,75.175,0.0001097376131025,0.0,155.5
punjab_stubble_belt,2025-11-06,31.375,75.225,0.0002017892613848,0.0,190.3
punjab_stubble_belt,2025-11-06,31.375,75.275,0.00021313411169,0.0,194.5
punjab_stubble_belt,2025-11-06,31.375,75.3,0.0002017511625149,0.0,190.2
punjab_stubble_belt,2025-11-06,31.425,74.625,0.0002410721270168,0.0,205.1
punjab_stubble_belt,2025-11-06,31.425,74.675,0.0001051573875487,0.0,153.8
punjab_stubble_belt,2025-11-06,31.425,74.725,0.0001688523518574,0.0,177.8
punjab_stubble_belt,2025-11-06,31.425,74.775,0.0001496579786454,0.0,170.6
punjab_stubble_belt,2025-11-06,31.425,74.825,0.0002002383357584,0.0,189.7
punjab_stubble_belt,2025-11-06,31.425,74.875,0.0002680933709536,0.0,215.3
punjab_stubble_belt,2025-11-06,31.425,74.925,0.0001299443708606,0.0,163.1
punjab_stubble_belt,2025-11-06,31.425,74.975,0.0002103153666913,0.0,193.5
punjab_stubble_belt,2025-11-06,31.425,75.025,0.000120940060685,0.0,159.7
punjab_stubble_belt,2025-11-06,31.425,75.075,3.834970953580741e-05,0.0,128.6
punjab_stubble_belt,2025-11-06,31.425,75.125,-1.4827561634024606e-06,0.0,113.5
punjab_stubble_belt,2025-11-06,31.425,75.175,3.253030109636088e-05,0.0,126.4
punjab_stubble_belt,2025-11-06,31.425,75.225,0.0001123621554868,0.0,156.5
punjab_stubble_belt,2025-11-06,31.425,75.275,0.000125386728877,0.0,161.4
punjab_stubble_belt,2025-11-06,31.425,75.3,0.0001314221647651,0.0,163.7
punjab_stubble_belt,2025-11-06,31.475,74.625,0.0002772421651373,0.0,218.7
punjab_stubble_belt,2025-11-06,31.475,74.675,-1.6977505343491245e-05,0.0,107.7
punjab_stubble_belt,2025-11-06,31.475,74.725,0.0001792062151192,0.0,181.7
punjab_stubble_belt,2025-11-06,31.475,74.775,0.0001736809791653,0.0,179.6
punjab_stubble_belt,2025-11-06,31.475,74.825,0.0002056795320093,0.0,191.7
punjab_stubble_belt,2025-11-06,31.475,74.875,0.000255262818962,0.0,210.4
punjab_stubble_belt,2025-11-06,31.475,74.925,0.0001777939981793,0.0,181.2
punjab_stubble_belt,2025-11-06,31.475,74.975,0.0002051000814284,0.0,191.5
punjab_stubble_belt,2025-11-06,31.475,75.025,0.0002598360964473,0.0,212.2
punjab_stubble_belt,2025-11-06,31.475,75.075,0.0002724683841736,0.0,216.9
punjab_stubble_belt,2025-11-06,31.475,75.125,0.0002143335451487,0.0,195.0
punjab_stubble_belt,2025-11-06,31.475,75.175,-6.349581141370973e-06,0.0,111.7
punjab_stubble_belt,2025-11-06,31.475,75.225,2.025831002872865e-05,0.0,121.7
punjab_stubble_belt,2025-11-06,31.475,75.275,9.42832234669796e-05,0.0,149.7
punjab_stubble_belt,2025-11-06,31.525,74.625,0.0001150358692716,0.0,157.5
punjab_stubble_belt,2025-11-06,31.525,74.675,6.737591836276703e-05,0.0,139.5
punjab_stubble_belt,2025-11-06,31.525,74.725,6.639983484841792e-05,0.0,139.2
punjab_stubble_belt,2025-11-06,31.525,74.775,0.0001900583834158,0.0,185.8
punjab_stubble_belt,2025-11-06,31.525,74.825,0.0002386203541072,0.0,204.2
punjab_stubble_belt,2025-11-06,31.525,74.875,0.0002410498029786,0.0,205.1
punjab_stubble_belt,2025-11-06,31.525,74.925,0.0003731987995267,0.0,254.9
punjab_stubble_belt,2025-11-06,31.525,74.975,0.0004783798346111,0.0,294.6
punjab_stubble_belt,2025-11-06,31.525,75.025,0.0003390647655345,0.0,242.1
punjab_stubble_belt,2025-11-06,31.525,75.075,0.0002691151775744,0.0,215.7
punjab_stubble_belt,2025-11-06,31.525,75.125,0.0002908208235941,0.0,223.9
punjab_stubble_belt,2025-11-06,31.525,75.175,0.0002271240458297,0.0,199.8
punjab_stubble_belt,2025-11-06,31.525,75.225,-6.515161177477339e-05,0.0,89.5
punjab_stubble_belt,2025-11-06,31.525,75.275,0.0001512245057077,0.0,171.2
punjab_stubble_belt,2025-11-06,31.525,75.3,0.0002400777194557,0.0,204.7
punjab_stubble_belt,2025-11-06,31.575,74.625,0.0001225484469413,0.0,160.4
punjab_stubble_belt,2025-11-06,31.575,74.675,0.0001074513650962,0.0,154.7
punjab_stubble_belt,2025-11-06,31.575,74.725,0.0001766371200909,0.0,180.8
punjab_stubble_belt,2025-11-06,31.575,74.775,0.000196029232183,0.0,188.1
punjab_stubble_belt,2025-11-06,31.575,74.825,0.0001586658082523,0.0,174.0
punjab_stubble_belt,2025-11-06,31.575,74.875,0.0001116427845387,0.0,156.2
punjab_stubble_belt,2025-11-06,31.575,74.925,0.0002149700438394,0.0,195.2
punjab_stubble_belt,2025-11-06,31.575,74.975,0.0004257638925405,0.0,274.8
punjab_stubble_belt,2025-11-06,31.575,75.025,0.0003145266630561,0.0,232.8
punjab_stubble_belt,2025-11-06,31.575,75.075,0.0002095112150248,0.0,193.2
punjab_stubble_belt,2025-11-06,31.575,75.125,0.0001569453641999,0.0,173.3
punjab_stubble_belt,2025-11-06,31.575,75.175,0.0001158472739564,0.0,157.8
punjab_stubble_belt,2025-11-06,31.575,75.225,-5.0716665085820585e-05,0.0,95.0
punjab_stubble_belt,2025-11-06,31.575,75.275,0.0001459247743794,0.0,169.2
punjab_stubble_belt,2025-11-06,31.575,75.3,0.0003036254199708,0.0,228.7
punjab_stubble_belt,2025-11-06,31.625,74.625,0.0001072276429113,0.0,154.6
punjab_stubble_belt,2025-11-06,31.625,74.675,0.0001212052992941,0.0,159.8
punjab_stubble_belt,2025-11-06,31.625,74.725,0.000157634984352,0.0,173.6
punjab_stubble_belt,2025-11-06,31.625,74.775,0.0001689916694575,0.0,177.9
punjab_stubble_belt,2025-11-06,31.625,74.825,0.0001432713321058,0.0,168.2
punjab_stubble_belt,2025-11-06,31.625,74.875,0.0001044467037421,0.0,153.5
punjab_stubble_belt,2025-11-06,31.625,74.925,0.0001346712765138,0.0,164.9
punjab_stubble_belt,2025-11-06,31.625,74.975,0.0002127715543039,0.0,194.4
punjab_stubble_belt,2025-11-06,31.625,75.025,0.0002407133730539,0.0,204.9
punjab_stubble_belt,2025-11-06,31.625,75.075,0.0001980795626555,0.0,188.9
punjab_stubble_belt,2025-11-06,31.625,75.125,0.0001094812745684,0.0,155.4
punjab_stubble_belt,2025-11-06,31.625,75.175,0.00012269499209,0.0,160.4
punjab_stubble_belt,2025-11-06,31.625,75.225,6.85390478391708e-05,0.0,140.0
punjab_stubble_belt,2025-11-06,31.625,75.275,0.000165639485317,0.0,176.6
punjab_stubble_belt,2025-11-06,31.625,75.3,0.0002289252628293,0.0,200.5
punjab_stubble_belt,2025-11-06,31.675,74.625,8.855628478805509e-05,0.0,147.5
punjab_stubble_belt,2025-11-06,31.675,74.675,0.0001454648805553,0.0,169.0
punjab_stubble_belt,2025-11-06,31.675,74.725,6.144435314502547e-05,0.0,137.3
punjab_stubble_belt,2025-11-06,31.675,74.775,0.0001352492394035,0.0,165.1
punjab_stubble_belt,2025-11-06,31.675,74.825,0.000172610793951,0.0,179.2
punjab_stubble_belt,2025-11-06,31.675,74.875,0.0001646904186125,0.0,176.3
punjab_stubble_belt,2025-11-06,31.675,74.925,0.0001544388081876,0.0,172.4
punjab_stubble_belt,2025-11-06,31.675,74.975,-4.149486159636575e-05,0.0,98.4
punjab_stubble_belt,2025-11-06,31.675,75.025,0.0001324716013223,0.0,164.1
punjab_stubble_belt,2025-11-06,31.675,75.075,0.0002094383127881,0.0,193.1
punjab_stubble_belt,2025-11-06,31.675,75.125,0.0001597765575054,0.0,174.4
punjab_stubble_belt,2025-11-06,31.675,75.175,0.0002071120475057,0.0,192.3
punjab_stubble_belt,2025-11-06,31.675,75.225,0.0002116828058841,0.0,194.0
punjab_stubble_belt,2025-11-06,31.675,75.275,0.0002083574711328,0.0,192.7
punjab_stubble_belt,2025-11-06,31.675,75.3,0.0002437295418755,0.0,206.1
punjab_stubble_belt,2025-11-06,31.725,74.625,0.0002037096991214,0.0,191.0
punjab_stubble_belt,2025-11-06,31.725,74.675,0.0003095975237206,0.0,230.9
punjab_stubble_belt,2025-11-06,31.725,74.725,0.000187417481961,0.0,184.8
punjab_stubble_belt,2025-11-06,31.725,74.775,0.0001862399306742,0.0,184.4
punjab_stubble_belt,2025-11-06,31.725,74.825,0.0001089226087776,0.0,155.2
punjab_stubble_belt,2025-11-06,31.725,74.875,2.044273061303382e-05,0.0,121.8
punjab_stubble_belt,2025-11-06,31.725,74.925,0.0002040714254067,0.0,191.1
punjab_stubble_belt,2025-11-06,31.725,74.975,-2.758074137246316e-05,0.0,103.7
punjab_stubble_belt,2025-11-06,31.725,75.025,9.811683138042186e-07,0.0,114.5
punjab_stubble_belt,2025-11-06,31.725,75.075,0.0001236779455012,0.0,160.8
punjab_stubble_belt,2025-11-06,31.725,75.125,0.0002510863633744,0.0,208.9
punjab_stubble_belt,2025-11-06,31.725,75.175,7.779925738410127e-05,0.0,143.5
punjab_stubble_belt,2025-11-06,31.725,75.225,0.0001258768619554,0.0,161.6
punjab_stubble_belt,2025-11-06,31.725,75.275,0.0002320307311866,0.0,201.7
punjab_stubble_belt,2025-11-06,31.775,74.625,0.0002965711250327,0.0,226.0
punjab_stubble_belt,2025-11-06,31.775,74.675,0.0002452359345213,0.0,206.7
punjab_stubble_belt,2025-11-06,31.775,74.725,0.0001089113503238,0.0,155.2
punjab_stubble_belt,2025-11-06,31.775,74.775,5.87090052999208e-05,0.0,136.3
punjab_stubble_belt,2025-11-06,31.775,74.825,-3.4707379539483194e-05,0.0,101.0
punjab_stubble_belt,2025-11-06,31.775,74.875,-0.0001224468278826,0.0,67.9
punjab_stubble_belt,2025-11-06,31.775,74.925,1.1974073574555429e-05,0.0,118.6
punjab_stubble_belt,2025-11-06,31.775,74.975,-5.94692910762204e-05,0.0,91.7
punjab_stubble_belt,2025-11-06,31.775,75.025,9.205004575757304e-05,0.0,148.8
punjab_stubble_belt,2025-11-06,31.775,75.075,0.0002357021032428,0.0,203.1
punjab_stubble_belt,2025-11-06,31.775,75.125,0.0002992593926944,0.0,227.0
punjab_stubble_belt,2025-11-06,31.775,75.175,0.0001304753159167,0.0,163.3
punjab_stubble_belt,2025-11-06,31.775,75.225,0.0001746262575683,0.0,180.0
punjab_stubble_belt,2025-11-06,31.775,75.275,0.0002296424164863,0.0,200.8
punjab_stubble_belt,2025-11-06,31.775,75.3,0.0002766642912496,0.0,218.5
punjab_stubble_belt,2025-11-06,31.825,74.625,0.0002813131507083,0.0,220.3
punjab_stubble_belt,2025-11-06,31.825,74.675,0.0002263919545993,0.0,199.5
punjab_stubble_belt,2025-11-06,31.825,74.725,0.0002114518447771,0.0,193.9
punjab_stubble_belt,2025-11-06,31.825,74.775,0.0002494324804147,0.0,208.2
punjab_stubble_belt,2025-11-06,31.825,74.825,0.0001366978802833,0.0,165.7
punjab_stubble_belt,2025-11-06,31.825,74.875,-3.79036200117447e-05,0.0,99.8
punjab_stubble_belt,2025-11-06,31.825,74.925,4.7518497195479416e-05,0.0,132.0
punjab_stubble_belt,2025-11-06,31.825,74.975,-0.0001238048667719,0.0,67.4
punjab_stubble_belt,2025-11-06,31.825,75.025,0.0001295516067095,0.0,163.0
punjab_stubble_belt,2025-11-06,31.825,75.075,0.000255371659779,0.0,210.5
punjab_stubble_belt,2025-11-06,31.825,75.125,0.0002055546445615,0.0,191.7
punjab_stubble_belt,2025-11-06,31.825,75.175,0.0002210634494649,0.0,197.5
punjab_stubble_belt,2025-11-06,31.825,75.225,0.0002229139056855,0.0,198.2
punjab_stubble_belt,2025-11-06,31.825,75.275,0.0002548760675229,0.0,210.3
punjab_stubble_belt,2025-11-06,31.825,75.3,0.000271506105748,0.0,216.6
punjab_stubble_belt,2025-11-06,31.875,74.625,0.0002218456017261,0.0,197.8
punjab_stubble_belt,2025-11-06,31.875,74.675,0.0001989498056514,0.0,189.2
punjab_stubble_belt,2025-11-06,31.875,74.725,0.0002899289410975,0.0,223.5
punjab_stubble_belt,2025-11-06,31.875,74.775,0.000351495051903,0.0,246.8
punjab_stubble_belt,2025-11-06,31.875,74.825,0.0002043373672846,0.0,191.2
punjab_stubble_belt,2025-11-06,31.875,74.875,-3.213195595424943e-05,0.0,102.0
punjab_stubble_belt,2025-11-06,31.875,74.925,7.333308254697327e-05,0.0,141.8
punjab_stubble_belt,2025-11-06,31.875,74.975,-0.0001190074693088,0.0,69.2
punjab_stubble_belt,2025-11-06,31.875,75.025,0.0001100618887005,0.0,155.6
punjab_stubble_belt,2025-11-06,31.875,75.075,0.0001448671022502,0.0,168.8
punjab_stubble_belt,2025-11-06,31.875,75.125,-7.619731781543428e-06,0.0,111.2
punjab_stubble_belt,2025-11-06,31.875,75.175,0.0002328987741544,0.0,202.0
punjab_stubble_belt,2025-11-06,31.875,75.225,0.0002059909681505,0.0,191.8
punjab_stubble_belt,2025-11-06,31.875,75.275,0.0002321577612715,0.0,201.7
punjab_stubble_belt,2025-11-06,31.875,75.3,0.0002409841864617,0.0,205.0
punjab_stubble_belt,2025-11-07,31.325,74.625,0.0003802183803216,0.0,257.6
punjab_stubble_belt,2025-11-07,31.325,74.675,0.0003633914174999,0.0,251.2
punjab_stubble_belt,2025-11-07,31.325,74.725,0.0002323793984339,0.0,201.8
punjab_stubble_belt,2025-11-07,31.325,74.775,0.0003123958017859,0.0,232.0
punjab_stubble_belt,2025-11-07,31.325,74.825,0.0003775644349672,0.0,256.6
punjab_stubble_belt,2025-11-07,31.325,74.875,0.0003848884855682,0.0,259.4
punjab_stubble_belt,2025-11-07,31.325,74.925,0.0002514667616916,0.0,209.0
punjab_stubble_belt,2025-11-07,31.325,74.975,0.0003076244851292,0.0,230.2
punjab_stubble_belt,2025-11-07,31.325,75.025,0.0002120833776504,0.0,194.1
punjab_stubble_belt,2025-11-07,31.325,75.075,0.0001497139223285,0.0,170.6
punjab_stubble_belt,2025-11-07,31.325,75.125,0.0001439659573496,0.0,168.4
punjab_stubble_belt,2025-11-07,31.325,75.175,0.000129112638578,0.0,162.8
punjab_stubble_belt,2025-11-07,31.325,75.225,0.0002796353831637,0.0,219.6
punjab_stubble_belt,2025-11-07,31.325,75.275,0.000332877234253,0.0,239.7
punjab_stubble_belt,2025-11-07,31.325,75.3,0.000339671530114,0.0,242.3
punjab_stubble_belt,2025-11-07,31.375,74.625,0.0003234042596504,0.0,236.2
punjab_stubble_belt,2025-11-07,31.375,74.675,0.0002792414477001,0.0,219.5
punjab_stubble_belt,2025-11-07,31.375,74.725,0.0002294655295374,0.0,200.7
punjab_stubble_belt,2025-11-07,31.375,74.775,0.0002877176300803,0.0,222.7
punjab_stubble_belt,2025-11-07,31.375,74.825,0.0003340265053567,0.0,240.2
punjab_stubble_belt,2025-11-07,31.375,74.875,0.0003304471112177,0.0,238.8
punjab_stubble_belt,2025-11-07,31.375,74.925,0.000184647836289,0.0,183.8
punjab_stubble_belt,2025-11-07,31.375,74.975,0.0002680774008479,0.0,215.3
punjab_stubble_belt,2025-11-07,31.375,75.025,0.0002780922579206,0.0,219.1
punjab_stubble_belt,2025-11-07,31.375,75.075,0.0002120446582367,0.0,194.1
punjab_stubble_belt,2025-11-07,31.375,75.125,9.907065646154835e-05,0.0,151.5
punjab_stubble_belt,2025-11-07,31.375,75.175,0.0001027167414597,0.0,152.9
punjab_stubble_belt,2025-11-07,31.375,75.225,0.0002358949893266,0.0,203.1
punjab_stubble_belt,2025-11-07,31.375,75.275,0.0002210635096096,0.0,197.5
punjab_stubble_belt,2025-11-07,31.375,75.3,0.0001732257711929,0.0,179.5
punjab_stubble_belt,2025-11-07,31.425,74.625,0.0002271271889195,0.0,199.8
punjab_stubble_belt,2025-11-07,31.425,74.675,0.0001522647543668,0.0,171.6
punjab_stubble_belt,2025-11-07,31.425,74.725,0.000203118583228,0.0,190.8
punjab_stubble_belt,2025-11-07,31.425,74.775,0.0002261663208142,0.0,199.5
punjab_stubble_belt,2025-11-07,31.425,74.825,0.0002458082714957,0.0,206.9
punjab_stubble_belt,2025-11-07,31.425,74.875,0.000232949692462,0.0,202.0
punjab_stubble_belt,2025-11-07,31.425,74.925,7.061819486028959e-05,0.0,140.8
punjab_stubble_belt,2025-11-07,31.425,74.975,0.000236406651294,0.0,203.3
punjab_stubble_belt,2025-11-07,31.425,75.025,0.000399088060392,0.0,264.7
punjab_stubble_belt,2025-11-07,31.425,75.075,0.0003563240384115,0.0,248.6
punjab_stubble_belt,2025-11-07,31.425,75.125,0.0001392154182123,0.0,166.6
punjab_stubble_belt,2025-11-07,31.425,75.175,8.386947030097859e-05,0.0,145.8
punjab_stubble_belt,2025-11-07,31.425,75.225,0.0001261728253274,0.0,161.7
punjab_stubble_belt,2025-11-07,31.425,75.275,6.64228797640035e-05,0.0,139.2
punjab_stubble_belt,2025-11-07,31.425,75.3,0.0001141392469744,0.0,157.2
punjab_stubble_belt,2025-11-07,31.475,74.625,0.0001543350129647,0.0,172.3
punjab_stubble_belt,2025-11-07,31.475,74.675,0.0001640169806195,0.0,176.0
punjab_stubble_belt,2025-11-07,31.475,74.725,7.53460106756865e-05,0.0,142.5
punjab_stubble_belt,2025-11-07,31.475,74.775,0.000135969579997,0.0,165.4
punjab_stubble_belt,2025-11-07,31.475,74.825,0.0001116576588726,0.0,156.2
punjab_stubble_belt,2025-11-07,31.475,74.875,9.194837903091556e-06,0.0,117.6
punjab_stubble_belt,2025-11-07,31.475,74.925,-8.24043003696141e-05,0.0,83.0
punjab_stubble_belt,2025-11-07,31.475,74.975,3.4524462129490576e-05,0.0,127.1
punjab_stubble_belt,2025-11-07,31.475,75.025,0.0003063920170931,0.0,229.7
punjab_stubble_belt,2025-11-07,31.475,75.075,0.0003274591822778,0.0,237.7
punjab_stubble_belt,2025-11-07,31.475,75.125,0.0001239905415418,0.0,160.9
punjab_stubble_belt,2025-11-07,31.475,75.175,0.0002002676427904,0.0,189.7
punjab_stubble_belt,2025-11-07,31.475,75.225,0.0001308964497423,0.0,163.5
punjab_stubble_belt,2025-11-07,31.475,75.275,0.0002007312470832,0.0,189.9
punjab_stubble_belt,2025-11-07,31.525,74.625,0.0001533122073034,0.0,172.0
punjab_stubble_belt,2025-11-07,31.525,74.675,0.0001533103360385,0.0,172.0
punjab_stubble_belt,2025-11-07,31.525,74.725,0.0002411387400793,0.0,205.1
punjab_stubble_belt,2025-11-07,31.525,74.775,0.000233401240809,0.0,202.2
punjab_stubble_belt,2025-11-07,31.525,74.825,0.0002241004088823,0.0,198.7
punjab_stubble_belt,2025-11-07,31.525,74.875,0.0002036472585503,0.0,191.0
punjab_stubble_belt,2025-11-07,31.525,74.925,9.08725619917071e-05,0.0,148.4
punjab_stubble_belt,2025-11-07,31.525,74.975,5.35893622267387e-05,0.0,134.3
punjab_stubble_belt,2025-11-07,31.525,75.025,0.000313615320182,0.0,232.5
punjab_stubble_belt,2025-11-07,31.525,75.075,0.0004844812878857,0.0,296.9
punjab_stubble_belt,2025-11-07,31.525,75.125,0.0005068252937772,0.0,305.4
punjab_stubble_belt,2025-11-07,31.525,75.175,0.0004491324675784,0.0,283.6
punjab_stubble_belt,2025-11-07,31.525,75.225,0.0003424681634914,0.0,243.3
punjab_stubble_belt,2025-11-07,31.525,75.275,0.000359176783173,0.0,249.7
punjab_stubble_belt,2025-11-07,31.525,75.3,0.0003234385639333,0.0,236.2
punjab_stubble_belt,2025-11-07,31.575,74.625,0.0002266669131929,0.0,199.6
punjab_stubble_belt,2025-11-07,31.575,74.675,0.0001880010375912,0.0,185.1
punjab_stubble_belt,2025-11-07,31.575,74.725,0.0003210093209884,0.0,235.2
punjab_stubble_belt,2025-11-07,31.575,74.775,0.0002314871601989,0.0,201.5
punjab_stubble_belt,2025-11-07,31.575,74.825,0.0001770843975115,0.0,180.9
punjab_stubble_belt,2025-11-07,31.575,74.875,0.000172195887029,0.0,179.1
punjab_stubble_belt,2025-11-07,31.575,74.925,0.0001767399012758,0.0,180.8
punjab_stubble_belt,2025-11-07,31.575,74.975,0.0001424615534032,0.0,167.9
punjab_stubble_belt,2025-11-07,31.575,75.025,0.0003631647665818,0.0,251.2
punjab_stubble_belt,2025-11-07,31.575,75.075,0.0004986528169638,0.0,302.3
punjab_stubble_belt,2025-11-07,31.575,75.125,0.0004952124035136,0.0,301.0
punjab_stubble_belt,2025-11-07,31.575,75.175,0.0003622827761721,0.0,250.8
punjab_stubble_belt,2025-11-07,31.575,75.225,0.0003143856855165,0.0,232.7
punjab_stubble_belt,2025-11-07,31.575,75.275,0.0003831040805448,0.0,258.7
punjab_stubble_belt,2025-11-07,31.575,75.3,0.0004229191136274,0.0,273.7
punjab_stubble_belt,2025-11-07,31.625,74.625,0.0002158348143717,0.0,195.6
punjab_stubble_belt,2025-11-07,31.625,74.675,0.0001641140457003,0.0,176.0
punjab_stubble_belt,2025-11-07,31.625,74.725,0.000379787498817,0.0,257.4
punjab_stubble_belt,2025-11-07,31.625,74.775,0.0003458216949512,0.0,244.6
punjab_stubble_belt,2025-11-07,31.625,74.825,0.0002548854715825,0.0,210.3
punjab_stubble_belt,2025-11-07,31.625,74.875,0.0001582581382379,0.0,173.8
punjab_stubble_belt,2025-11-07,31.625,74.925,0.0001497439352772,0.0,170.6
punjab_stubble_belt,2025-11-07,31.625,74.975,0.000201212909898,0.0,190.0
punjab_stubble_belt,2025-11-07,31.625,75.025,0.0003087472445342,0.0,230.6
punjab_stubble_belt,2025-11-07,31.625,75.075,0.0003843388322743,0.0,259.1
punjab_stubble_belt,2025-11-07,31.625,75.125,0.0004080552713999,0.0,268.1
punjab_stubble_belt,2025-11-07,31.625,75.175,0.0003700559743058,0.0,253.8
punjab_stubble_belt,2025-11-07,31.625,75.225,0.0003598690923318,0.0,249.9
punjab_stubble_belt,2025-11-07,31.625,75.275,0.0003562882372904,0.0,248.6
punjab_stubble_belt,2025-11-07,31.625,75.3,0.0003324064819515,0.0,239.6
punjab_stubble_belt,2025-11-07,31.675,74.625,0.0001538455938828,0.0,172.2
punjab_stubble_belt,2025-11-07,31.675,74.675,0.0001066891354279,0.0,154.4
punjab_stubble_belt,2025-11-07,31.675,74.725,0.0003848867292325,0.0,259.4
punjab_stubble_belt,2025-11-07,31.675,74.775,0.0004884594118175,0.0,298.4
punjab_stubble_belt,2025-11-07,31.675,74.825,0.0004013481455989,0.0,265.6
punjab_stubble_belt,2025-11-07,31.675,74.875,0.0001990373859466,0.0,189.2
punjab_stubble_belt,2025-11-07,31.675,74.925,0.0001092710621904,0.0,155.3
punjab_stubble_belt,2025-11-07,31.675,74.975,0.0002365508487015,0.0,203.4
punjab_stubble_belt,2025-11-07,31.675,75.025,0.0002119025820888,0.0,194.1
punjab_stubble_belt,2025-11-07,31.675,75.075,0.0002364090959184,0.0,203.3
punjab_stubble_belt,2025-11-07,31.675,75.125,0.0003295997113024,0.0,238.5
punjab_stubble_belt,2025-11-07,31.675,75.175,0.0004546515408131,0.0,285.7
punjab_stubble_belt,2025-11-07,31.675,75.225,0.0004317525744821,0.0,277.0
punjab_stubble_belt,2025-11-07,31.675,75.275,0.0002949598057007,0.0,225.4
punjab_stubble_belt,2025-11-07,31.675,75.3,0.0001995677443387,0.0,189.4
punjab_stubble_belt,2025-11-07,31.725,74.625,0.0002015825114095,0.0,190.2
punjab_stubble_belt,2025-11-07,31.725,74.675,0.0001315444635536,0.0,163.7
punjab_stubble_belt,2025-11-07,31.725,74.725,0.0001894931618107,0.0,185.6
punjab_stubble_belt,2025-11-07,31.725,74.775,0.0003010576434894,0.0,227.7
punjab_stubble_belt,2025-11-07,31.725,74.825,0.0003561984249026,0.0,248.5
punjab_stubble_belt,2025-11-07,31.725,74.875,0.0003659864146916,0.0,252.2
punjab_stubble_belt,2025-11-07,31.725,74.925,0.0004118056258736,0.0,269.5
punjab_stubble_belt,2025-11-07,31.725,74.975,0.0003165919817801,0.0,233.6
punjab_stubble_belt,2025-11-07,31.725,75.025,0.0003041420892939,0.0,228.9
punjab_stubble_belt,2025-11-07,31.725,75.075,0.0003517676670874,0.0,246.9
punjab_stubble_belt,2025-11-07,31.725,75.125,0.000430527974938,0.0,276.6
punjab_stubble_belt,2025-11-07,31.725,75.175,0.0004172130604235,0.0,271.6
punjab_stubble_belt,2025-11-07,31.725,75.225,0.0002755625393374,0.0,218.1
punjab_stubble_belt,2025-11-07,31.725,75.275,0.0002134951482292,0.0,194.7
punjab_stubble_belt,2025-11-07,31.775,74.625,0.0001985304552111,0.0,189.0
punjab_stubble_belt,2025-11-07,31.775,74.675,0.0001164521582418,0.0,158.1
punjab_stubble_belt,2025-11-07,31.775,74.725,0.0002775153863533,0.0,218.8
punjab_stubble_belt,2025-11-07,31.775,74.775,0.0002903723583685,0.0,223.7
punjab_stubble_belt,2025-11-07,31.775,74.825,0.0003157866275422,0.0,233.3
punjab_stubble_belt,2025-11-07,31.775,74.875,0.000347994968957,0.0,245.4
punjab_stubble_belt,2025-11-07,31.775,74.925,0.0003144642375982,0.0,232.8
punjab_stubble_belt,2025-11-07,31.775,74.975,0.000409004668331,0.0,268.5
punjab_stubble_belt,2025-11-07,31.775,75.025,0.0003449098821234,0.0,244.3
punjab_stubble_belt,2025-11-07,31.775,75.075,0.0003025619492273,0.0,228.3
punjab_stubble_belt,2025-11-07,31.775,75.125,0.0002999061677958,0.0,227.3
punjab_stubble_belt,2025-11-07,31.775,75.175,0.0002675771730895,0.0,215.1
punjab_stubble_belt,2025-11-07,31.775,75.225,0.0001132104772869,0.0,156.8
punjab_stubble_belt,2025-11-07,31.775,75.275,0.0001834454180665,0.0,183.3
punjab_stubble_belt,2025-11-07,31.775,75.3,0.0002201458398419,0.0,197.2
punjab_stubble_belt,2025-11-07,31.825,74.625,0.0001269301233748,0.0,162.0
punjab_stubble_belt,2025-11-07,31.825,74.675,0.0001561025113837,0.0,173.0
punjab_stubble_belt,2025-11-07,31.825,74.725,0.0001814397923234,0.0,182.6
punjab_stubble_belt,2025-11-07,31.825,74.775,0.0002005788049371,0.0,189.8
punjab_stubble_belt,2025-11-07,31.825,74.825,0.0002204040778866,0.0,197.3
punjab_stubble_belt,2025-11-07,31.825,74.875,0.0002375342646738,0.0,203.7
punjab_stubble_belt,2025-11-07,31.825,74.925,0.000256615078427,0.0,210.9
punjab_stubble_belt,2025-11-07,31.825,74.975,0.0002964268792534,0.0,226.0
punjab_stubble_belt,2025-11-07,31.825,75.025,0.0002929558841477,0.0,224.7
punjab_stubble_belt,2025-11-07,31.825,75.075,0.0003333887401892,0.0,239.9
punjab_stubble_belt,2025-11-07,31.825,75.125,0.0004043094652645,0.0,266.7
punjab_stubble_belt,2025-11-07,31.825,75.175,0.0003742156288717,0.0,255.3
punjab_stubble_belt,2025-11-07,31.825,75.225,0.0002528916482514,0.0,209.5
punjab_stubble_belt,2025-11-07,31.825,75.275,0.0003270032503166,0.0,237.5
punjab_stubble_belt,2025-11-07,31.825,75.3,0.0003592098565933,0.0,249.7
punjab_stubble_belt,2025-11-07,31.875,74.625,9.136368525459372e-05,0.0,148.6
punjab_stubble_belt,2025-11-07,31.875,74.675,0.0001865917244727,0.0,184.5
punjab_stubble_belt,2025-11-07,31.875,74.725,0.0002024756101709,0.0,190.5
punjab_stubble_belt,2025-11-07,31.875,74.775,0.0002144390488503,0.0,195.0
punjab_stubble_belt,2025-11-07,31.875,74.825,0.0002103553687667,0.0,193.5
punjab_stubble_belt,2025-11-07,31.875,74.875,0.0002004867492159,0.0,189.8
punjab_stubble_belt,2025-11-07,31.875,74.925,0.000224355722032,0.0,198.8
punjab_stubble_belt,2025-11-07,31.875,74.975,0.0002278873151405,0.0,200.1
punjab_stubble_belt,2025-11-07,31.875,75.025,0.0002564676140345,0.0,210.9
punjab_stubble_belt,2025-11-07,31.875,75.075,0.0003420457283156,0.0,243.2
punjab_stubble_belt,2025-11-07,31.875,75.125,0.0004516199653329,0.0,284.5
punjab_stubble_belt,2025-11-07,31.875,75.175,0.0004065307492406,0.0,267.5
punjab_stubble_belt,2025-11-07,31.875,75.225,0.000361703605522,0.0,250.6
punjab_stubble_belt,2025-11-07,31.875,75.275,0.0004141925606609,0.0,270.4
punjab_stubble_belt,2025-11-07,31.875,75.3,0.0004503567236898,0.0,284.1
punjab_stubble_belt,2025-11-08,31.325,74.625,0.0002416850419372,0.1472948244670973,232.2
punjab_stubble_belt,2025-11-08,31.325,74.675,0.0002588780379575,0.1493971574835041,239.1
punjab_stubble_belt,2025-11-08,31.325,74.725,0.0001427974334449,0.1484790776918582,195.1
punjab_stubble_belt,2025-11-08,31.325,74.775,0.0002480249972863,0.1521756504060492,235.5
punjab_stubble_belt,2025-11-08,31.325,74.825,0.0002815488162616,0.1535480939336923,248.4
punjab_stubble_belt,2025-11-08,31.325,74.875,0.0002742643343563,0.1535567696768951,245.7
punjab_stubble_belt,2025-11-08,31.325,74.925,0.0004312785931263,0.1583026926284641,305.8
punjab_stubble_belt,2025-11-08,31.325,74.975,0.0004821231376922,0.1588624285774554,325.1
punjab_stubble_belt,2025-11-08,31.325,75.025,0.0004415262865463,0.1569608288584858,309.4
punjab_stubble_belt,2025-11-08,31.325,75.075,0.0004129367814087,0.1556413623467361,298.4
punjab_stubble_belt,2025-11-08,31.325,75.125,0.0004104226659331,0.1551948719926053,297.3
punjab_stubble_belt,2025-11-08,31.325,75.175,0.0004119212892477,0.1536806160047543,297.6
punjab_stubble_belt,2025-11-08,31.325,75.225,0.000446804380012,0.1515314368903857,310.4
punjab_stubble_belt,2025-11-08,31.325,75.275,0.0003716199167276,0.1471123593288421,281.2
punjab_stubble_belt,2025-11-08,31.325,75.3,0.0003449020428282,0.1450142735972063,270.8
punjab_stubble_belt,2025-11-08,31.375,74.625,0.0001271440438696,0.1467378875529264,188.9
punjab_stubble_belt,2025-11-08,31.375,74.675,0.0002206923367758,0.1479898285362905,224.4
punjab_stubble_belt,2025-11-08,31.375,74.725,0.00020219034599,0.145215354233068,216.9
punjab_stubble_belt,2025-11-08,31.375,74.775,0.0003025117447318,0.1475391818395368,255.2
punjab_stubble_belt,2025-11-08,31.375,74.825,0.0003294356538401,0.1471796162315175,265.3
punjab_stubble_belt,2025-11-08,31.375,74.875,0.0003092254429043,0.1450689292986073,257.3
punjab_stubble_belt,2025-11-08,31.375,74.925,0.0003953244751729,0.1473268589227783,290.2
punjab_stubble_belt,2025-11-08,31.375,74.975,0.0003528990803062,0.1468097171587334,274.1
punjab_stubble_belt,2025-11-08,31.375,75.025,0.0003571789517998,0.1470983628589487,275.8
punjab_stubble_belt,2025-11-08,31.375,75.075,0.0003654788578205,0.1471073157581247,278.9
punjab_stubble_belt,2025-11-08,31.375,75.125,0.0003674872257922,0.1472723994551496,279.7
punjab_stubble_belt,2025-11-08,31.375,75.175,0.0003309854323426,0.1493924682812629,266.3
punjab_stubble_belt,2025-11-08,31.375,75.225,0.0003265869261851,0.1476514413093416,264.3
punjab_stubble_belt,2025-11-08,31.375,75.275,0.0002606522726064,0.1442928772721558,238.8
punjab_stubble_belt,2025-11-08,31.375,75.3,0.0002090863287813,0.1420682933359444,219.0
punjab_stubble_belt,2025-11-08,31.425,74.625,9.716130337139852e-05,0.1470735821977946,177.6
punjab_stubble_belt,2025-11-08,31.425,74.675,0.000234449111726,0.1478010207196575,229.6
punjab_stubble_belt,2025-11-08,31.425,74.725,0.0002541021805993,0.1441825216816797,236.3
punjab_stubble_belt,2025-11-08,31.425,74.775,0.0003332518498499,0.1435425825640542,266.1
punjab_stubble_belt,2025-11-08,31.425,74.825,0.0003486454078964,0.1413281879567642,271.5
punjab_stubble_belt,2025-11-08,31.425,74.875,0.0003260118103932,0.1379449285002953,262.3
punjab_stubble_belt,2025-11-08,31.425,74.925,0.0003865867589778,0.1355610821228239,284.8
punjab_stubble_belt,2025-11-08,31.425,74.975,0.0002542210139866,0.1335071294298182,234.4
punjab_stubble_belt,2025-11-08,31.425,75.025,0.0002778586591818,0.1360068820920193,243.8
punjab_stubble_belt,2025-11-08,31.425,75.075,0.000308393464716,0.1379097320804215,255.7
punjab_stubble_belt,2025-11-08,31.425,75.125,0.000311303118633,0.1391825911643437,257.0
punjab_stubble_belt,2025-11-08,31.425,75.175,0.0002217305083166,0.1446594158938033,224.2
punjab_stubble_belt,2025-11-08,31.425,75.225,0.0001668908483173,0.1423892959250581,203.1
punjab_stubble_belt,2025-11-08,31.425,75.275,0.0001476492304186,0.1409931627672197,195.6
punjab_stubble_belt,2025-11-08,31.425,75.3,0.00014366217412,0.1397825726157812,193.9
punjab_stubble_belt,2025-11-08,31.475,74.625,0.0002632154651107,0.1440564598711695,239.8
punjab_stubble_belt,2025-11-08,31.475,74.675,0.0002969584445854,0.1445033976714747,252.6
punjab_stubble_belt,2025-11-08,31.475,74.725,0.0001517850981813,0.1428046572184154,197.5
punjab_stubble_belt,2025-11-08,31.475,74.775,0.000207639046156,0.1410287855289693,218.2
punjab_stubble_belt,2025-11-08,31.475,74.825,0.0002609409291771,0.1388327800555069,237.9
punjab_stubble_belt,2025-11-08,31.475,74.875,0.0002964830679774,0.1363084149972436,250.9
punjab_stubble_belt,2025-11-08,31.475,74.925,0.0003373859712906,0.133438670649811,265.8
punjab_stubble_belt,2025-11-08,31.475,74.975,0.0002401404988097,0.1312514916651909,228.7
punjab_stubble_belt,2025-11-08,31.475,75.025,0.000284802578063,0.1341001672067883,246.1
punjab_stubble_belt,2025-11-08,31.475,75.075,0.0003456106180561,0.135806655614272,269.3
punjab_stubble_belt,2025-11-08,31.475,75.125,0.0003715564314206,0.1365418905142547,279.3
punjab_stubble_belt,2025-11-08,31.475,75.175,0.0002125413562802,0.1431657147931815,220.5
punjab_stubble_belt,2025-11-08,31.475,75.225,0.0001822496677014,0.1389067663717817,208.3
punjab_stubble_belt,2025-11-08,31.475,75.275,0.0001597339965039,0.1386649776049326,199.7
punjab_stubble_belt,2025-11-08,31.525,74.625,0.0002478215795707,0.1346770513258058,232.2
punjab_stubble_belt,2025-11-08,31.525,74.675,0.0002683344438502,0.1339220201892429,239.8
punjab_stubble_belt,2025-11-08,31.525,74.725,0.0002431234350632,0.1347666974951498,230.5
punjab_stubble_belt,2025-11-08,31.525,74.775,0.0001655600871994,0.1343229725602017,201.1
punjab_stubble_belt,2025-11-08,31.525,74.825,0.0002052334315001,0.1347131459887555,216.2
punjab_stubble_belt,2025-11-08,31.525,74.875,0.0003178912606768,0.1360081833159585,258.9
punjab_stubble_belt,2025-11-08,31.525,74.925,0.0003093268726693,0.1376383181987992,256.0
punjab_stubble_belt,2025-11-08,31.525,74.975,0.0002620831546801,0.1361511120946034,237.9
punjab_stubble_belt,2025-11-08,31.525,75.025,0.0001125827618954,0.1366214346495521,181.5
punjab_stubble_belt,2025-11-08,31.525,75.075,0.0001296036322037,0.1371877063299638,188.1
punjab_stubble_belt,2025-11-08,31.525,75.125,0.0002903581626018,0.1369354814139157,248.7
punjab_stubble_belt,2025-11-08,31.525,75.175,0.0002137119419626,0.1325985144141231,219.0
punjab_stubble_belt,2025-11-08,31.525,75.225,0.0002492038291648,0.1319172217102579,232.2
punjab_stubble_belt,2025-11-08,31.525,75.275,0.000303134856538,0.133142406072677,252.8
punjab_stubble_belt,2025-11-08,31.525,75.3,0.0002493075747583,0.1362648992429437,233.1
punjab_stubble_belt,2025-11-08,31.575,74.625,0.0004333642195783,0.1321768633805695,301.8
punjab_stubble_belt,2025-11-08,31.575,74.675,0.0004426021872111,0.1303601084256881,304.9
punjab_stubble_belt,2025-11-08,31.575,74.725,0.000310937395236,0.1321189442113384,255.6
punjab_stubble_belt,2025-11-08,31.575,74.775,0.0002633783103471,0.1320233316391023,237.6
punjab_stubble_belt,2025-11-08,31.575,74.825,0.000292850397008,0.1333478318771526,249.0
punjab_stubble_belt,2025-11-08,31.575,74.875,0.0003448553229371,0.1358652593609379,269.1
punjab_stubble_belt,2025-11-08,31.575,74.925,0.0002383241391599,0.1382231621662571,229.3
punjab_stubble_belt,2025-11-08,31.575,74.975,0.0003386789606591,0.1381694350062871,267.2
punjab_stubble_belt,2025-11-08,31.575,75.025,0.0002126410636329,0.1382614495269208,219.6
punjab_stubble_belt,2025-11-08,31.575,75.075,0.0001730915835872,0.1383723035718125,204.7
punjab_stubble_belt,2025-11-08,31.575,75.125,0.0002385050012228,0.1376580434477215,229.3
punjab_stubble_belt,2025-11-08,31.575,75.175,0.0002462362536426,0.1312723422949825,231.0
punjab_stubble_belt,2025-11-08,31.575,75.225,0.0002482293572785,0.1313020388660695,231.8
punjab_stubble_belt,2025-11-08,31.575,75.275,0.0002773866609868,0.1325689355004519,243.0
punjab_stubble_belt,2025-11-08,31.575,75.3,0.0003098925331196,0.1334428169889081,255.4
punjab_stubble_belt,2025-11-08,31.625,74.625,0.0003628177513197,0.1282349181533392,274.5
punjab_stubble_belt,2025-11-08,31.625,74.675,0.0004103638373704,0.1272028818626579,292.2
punjab_stubble_belt,2025-11-08,31.625,74.725,0.0003046228117992,0.1298408839440158,252.8
punjab_stubble_belt,2025-11-08,31.625,74.775,0.0003116750712122,0.1302065832236263,255.5
punjab_stubble_belt,2025-11-08,31.625,74.825,0.0003439336455782,0.1315396782523891,267.9
punjab_stubble_belt,2025-11-08,31.625,74.875,0.000362041316604,0.1336850238066546,275.2
punjab_stubble_belt,2025-11-08,31.625,74.925,0.0002582825821127,0.1354382351329792,236.3
punjab_stubble_belt,2025-11-08,31.625,74.975,0.0003380011060383,0.136562504666154,266.6
punjab_stubble_belt,2025-11-08,31.625,75.025,0.0003746068852959,0.1372366741201494,280.5
punjab_stubble_belt,2025-11-08,31.625,75.075,0.0003634720381066,0.1375332806559575,276.4
punjab_stubble_belt,2025-11-08,31.625,75.125,0.0003044499063937,0.1368030639774201,254.0
punjab_stubble_belt,2025-11-08,31.625,75.175,0.0002110172194573,0.131275001407445,217.7
punjab_stubble_belt,2025-11-08,31.625,75.225,0.0002051158811903,0.1310715098434246,215.5
punjab_stubble_belt,2025-11-08,31.625,75.275,0.0002832394233221,0.1321118872936587,245.1
punjab_stubble_belt,2025-11-08,31.625,75.3,0.0003512952421958,0.132717217276135,270.9
punjab_stubble_belt,2025-11-08,31.675,74.625,0.0001331605855291,0.1232792311111234,186.9
punjab_stubble_belt,2025-11-08,31.675,74.675,0.000243847251089,0.12420695926335,228.8
punjab_stubble_belt,2025-11-08,31.675,74.725,0.0002843368617601,0.1281425564794118,244.8
punjab_stubble_belt,2025-11-08,31.675,74.775,0.0003302736741422,0.1290807571477035,262.3
punjab_stubble_belt,2025-11-08,31.675,74.825,0.0003545710395289,0.1300534968042569,271.7
punjab_stubble_belt,2025-11-08,31.675,74.875,0.0003539363207618,0.1310377405095664,271.6
punjab_stubble_belt,2025-11-08,31.675,74.925,0.0003378435714755,0.1313031466793673,265.6
punjab_stubble_belt,2025-11-08,31.675,74.975,0.000292158057545,0.1329832477820492,248.7
punjab_stubble_belt,2025-11-08,31.675,75.025,0.000490658164318,0.1345351866801717,323.8
punjab_stubble_belt,2025-11-08,31.675,75.075,0.0005403974414944,0.1353699409134917,342.8
punjab_stubble_belt,2025-11-08,31.675,75.125,0.0004002562752366,0.1351166281343843,289.8
punjab_stubble_belt,2025-11-08,31.675,75.175,0.0001504066012356,0.1324252602585568,195.1
punjab_stubble_belt,2025-11-08,31.675,75.225,0.0001636161649578,0.1315403842290169,199.9
punjab_stubble_belt,2025-11-08,31.675,75.275,0.0003159824297426,0.1321766684271662,257.5
punjab_stubble_belt,2025-11-08,31.675,75.3,0.0003648576811692,0.1340436952598871,276.3
punjab_stubble_belt,2025-11-08,31.725,74.625,0.0002057161883613,0.1209202707705177,213.8
punjab_stubble_belt,2025-11-08,31.725,74.675,0.0003163886935721,0.1221938173117968,255.8
punjab_stubble_belt,2025-11-08,31.725,74.725,0.00047501781901,0.1285251296089912,316.8
punjab_stubble_belt,2025-11-08,31.725,74.775,0.0004649358968743,0.1304801194925203,313.4
punjab_stubble_belt,2025-11-08,31.725,74.825,0.0003758834650223,0.1324428505314135,280.2
punjab_stubble_belt,2025-11-08,31.725,74.875,0.0002718102833577,0.1339608166929962,241.2
punjab_stubble_belt,2025-11-08,31.725,74.925,0.0003312530542735,0.1322270631837302,263.3
punjab_stubble_belt,2025-11-08,31.725,74.975,0.0003511401621631,0.1327085398632532,270.9
punjab_stubble_belt,2025-11-08,31.725,75.025,0.0002706885948546,0.1335178209327404,240.6
punjab_stubble_belt,2025-11-08,31.725,75.075,0.0002151022404671,0.1344974500497101,219.8
punjab_stubble_belt,2025-11-08,31.725,75.125,0.000206653109757,0.1355868181506036,216.9
punjab_stubble_belt,2025-11-08,31.725,75.175,0.0002393272323608,0.1369473611004256,229.4
punjab_stubble_belt,2025-11-08,31.725,75.225,0.0002653754528239,0.1358521588575328,239.1
punjab_stubble_belt,2025-11-08,31.725,75.275,0.0002856677867943,0.1358476176433666,246.7
punjab_stubble_belt,2025-11-08,31.775,74.625,0.0003528673009241,0.1211024501484888,269.4
punjab_stubble_belt,2025-11-08,31.775,74.675,0.0003946794162598,0.1220395750564797,285.3
punjab_stubble_belt,2025-11-08,31.775,74.725,0.0005022026488423,0.1293550909123944,327.3
punjab_stubble_belt,2025-11-08,31.775,74.775,0.000477685286423,0.1318463435285596,318.5
punjab_stubble_belt,2025-11-08,31.775,74.825,0.0004383103321317,0.1346369508436403,304.1
punjab_stubble_belt,2025-11-08,31.775,74.875,0.0004126694050152,0.137272804487368,294.9
punjab_stubble_belt,2025-11-08,31.775,74.925,0.0004497692625601,0.1366693130158915,308.8
punjab_stubble_belt,2025-11-08,31.775,74.975,0.0003678639632817,0.1347613331384566,277.5
punjab_stubble_belt,2025-11-08,31.775,75.025,0.0003927162268608,0.1342583968641085,286.8
punjab_stubble_belt,2025-11-08,31.775,75.075,0.0003905104138916,0.1345251926885929,286.1
punjab_stubble_belt,2025-11-08,31.775,75.125,0.0003409830824997,0.1353917971275991,267.5
punjab_stubble_belt,2025-11-08,31.775,75.175,0.0002658892242736,0.1367024515622835,239.4
punjab_stubble_belt,2025-11-08,31.775,75.225,0.0003348790341782,0.1324989079005647,264.7
punjab_stubble_belt,2025-11-08,31.775,75.275,0.0003444166617739,0.1338047436442465,268.5
punjab_stubble_belt,2025-11-08,31.775,75.3,0.0003222723209662,0.1354912988278809,260.5
punjab_stubble_belt,2025-11-08,31.825,74.625,0.0002503527417895,0.1235771473745844,231.2
punjab_stubble_belt,2025-11-08,31.825,74.675,0.0002669913208577,0.1234849217457909,237.4
punjab_stubble_belt,2025-11-08,31.825,74.725,0.0005061886855924,0.1254234608559201,328.0
punjab_stubble_belt,2025-11-08,31.825,74.775,0.0004925063531168,0.1262237544818135,323.0
punjab_stubble_belt,2025-11-08,31.825,74.825,0.0004381984482547,0.1281853361156434,302.9
punjab_stubble_belt,2025-11-08,31.825,74.875,0.0003714316603168,0.1308090574886427,278.2
punjab_stubble_belt,2025-11-08,31.825,74.925,0.0003154057331931,0.1331420065542114,257.5
punjab_stubble_belt,2025-11-08,31.825,74.975,0.0003524638783176,0.1332570797447561,271.5
punjab_stubble_belt,2025-11-08,31.825,75.025,0.0003748479244805,0.1329293908828087,279.8
punjab_stubble_belt,2025-11-08,31.825,75.075,0.0003860172612248,0.1335145625293308,284.2
punjab_stubble_belt,2025-11-08,31.825,75.125,0.0003774844562779,0.1347370215263205,281.2
punjab_stubble_belt,2025-11-08,31.825,75.175,0.0003041522817203,0.134189380887482,253.4
punjab_stubble_belt,2025-11-08,31.825,75.225,0.0002973613659145,0.130281690607742,250.1
punjab_stubble_belt,2025-11-08,31.825,75.275,0.0002433317746331,0.1321174335222754,230.1
punjab_stubble_belt,2025-11-08,31.825,75.3,0.0002384372634695,0.1340057632752085,228.6
punjab_stubble_belt,2025-11-08,31.875,74.625,0.0002110850816816,0.1253748157671336,216.7
punjab_stubble_belt,2025-11-08,31.875,74.675,0.0002184882687336,0.1245236014948285,219.3
punjab_stubble_belt,2025-11-08,31.875,74.725,0.0004905303811589,0.1236859964384533,321.8
punjab_stubble_belt,2025-11-08,31.875,74.775,0.0004579851960123,0.1226423545910322,309.3
punjab_stubble_belt,2025-11-08,31.875,74.825,0.0004132910163626,0.1227846881489725,292.5
punjab_stubble_belt,2025-11-08,31.875,74.875,0.0003596719811016,0.1243914302973542,272.6
punjab_stubble_belt,2025-11-08,31.875,74.925,0.0002017155171895,0.1284324348453653,213.7
punjab_stubble_belt,2025-11-08,31.875,74.975,0.0002833793051059,0.1300854175274307,244.8
punjab_stubble_belt,2025-11-08,31.875,75.025,0.0002825804812617,0.1305864302084728,244.6
punjab_stubble_belt,2025-11-08,31.875,75.075,0.0002967428229039,0.1317659208455652,250.2
punjab_stubble_belt,2025-11-08,31.875,75.125,0.0003268730262031,0.1330846987872208,261.8
punjab_stubble_belt,2025-11-08,31.875,75.175,0.0003267587991901,0.1308808631418275,261.3
punjab_stubble_belt,2025-11-08,31.875,75.225,0.0002901259005574,0.1284507390344509,247.1
punjab_stubble_belt,2025-11-08,31.875,75.275,0.0002274409178682,0.1304139848319681,223.8
punjab_stubble_belt,2025-11-08,31.875,75.3,0.0002099233051892,0.1316492541392656,217.4
punjab_stubble_belt,2025-11-09,31.325,74.625,0.000125508726932,0.0444855048483539,169.6
punjab_stubble_belt,2025-11-09,31.325,74.675,0.0003174445431453,0.0490578401970415,242.9
punjab_stubble_belt,2025-11-09,31.325,74.725,0.000283129826022,0.0567277978339898,231.3
punjab_stubble_belt,2025-11-09,31.325,74.775,0.0002118609889741,0.059998594694898,205.0
punjab_stubble_belt,2025-11-09,31.325,74.825,0.0002626524316355,0.0668456048707453,225.4
punjab_stubble_belt,2025-11-09,31.325,74.875,0.0003631394427165,0.0756197630303788,265.0
punjab_stubble_belt,2025-11-09,31.325,74.925,0.0002195973131696,0.0801191105726258,211.6
punjab_stubble_belt,2025-11-09,31.325,74.975,0.0001579144752982,0.0802108808683923,188.4
punjab_stubble_belt,2025-11-09,31.325,75.025,0.0002706109846367,0.0755018643264674,230.0
punjab_stubble_belt,2025-11-09,31.325,75.075,0.0003249797438892,0.0708576505302252,249.7
punjab_stubble_belt,2025-11-09,31.325,75.125,0.0003056669858495,0.0673546293148288,241.8
punjab_stubble_belt,2025-11-09,31.325,75.175,0.000340058997373,0.064167508522484,254.2
punjab_stubble_belt,2025-11-09,31.325,75.225,0.0003409043682325,0.0647470801881432,254.6
punjab_stubble_belt,2025-11-09,31.325,75.275,0.0002693079771913,0.0639685527783884,227.4
punjab_stubble_belt,2025-11-09,31.325,75.3,0.0002462802772161,0.0635688875375656,218.7
punjab_stubble_belt,2025-11-09,31.375,74.625,0.0001549279114474,0.0247016207120009,177.1
punjab_stubble_belt,2025-11-09,31.375,74.675,0.0001882250129048,0.0313623047922752,190.9
punjab_stubble_belt,2025-11-09,31.375,74.725,0.0003951813271974,0.0520270847418184,272.7
punjab_stubble_belt,2025-11-09,31.375,74.775,0.0003095530914611,0.0553285978682423,241.0
punjab_stubble_belt,2025-11-09,31.375,74.825,0.0002835447896891,0.0594689853735061,232.0
punjab_stubble_belt,2025-11-09,31.375,74.875,0.0002841957078772,0.0646003611426695,233.2
punjab_stubble_belt,2025-11-09,31.375,74.925,7.492784714804542e-05,0.0675511680090784,154.7
punjab_stubble_belt,2025-11-09,31.375,74.975,0.0001342869591316,0.0669564245082758,177.0
punjab_stubble_belt,2025-11-09,31.375,75.025,0.0002622519851055,0.0636906081979203,224.7
punjab_stubble_belt,2025-11-09,31.375,75.075,0.000316060018276,0.0608699769305716,244.5
punjab_stubble_belt,2025-11-09,31.375,75.125,0.0002855564585087,0.059676120332282,232.8
punjab_stubble_belt,2025-11-09,31.375,75.175,0.0002698619090461,0.0614267266441368,227.2
punjab_stubble_belt,2025-11-09,31.375,75.225,0.0002954174648752,0.0634244840743434,237.2
punjab_stubble_belt,2025-11-09,31.375,75.275,0.0002587427025158,0.0615970239896439,223.0
punjab_stubble_belt,2025-11-09,31.375,75.3,0.0002385193158304,0.0597649696429091,215.0
punjab_stubble_belt,2025-11-09,31.425,74.625,0.0002256823461405,0.014323722189018,201.9
punjab_stubble_belt,2025-11-09,31.425,74.675,-1.5172863630641678e-05,0.0210711202629414,112.2
punjab_stubble_belt,2025-11-09,31.425,74.725,0.0004722169023482,0.0500923844835395,301.5
punjab_stubble_belt,2025-11-09,31.425,74.775,0.0003859238949182,0.0517269649890782,269.2
punjab_stubble_belt,2025-11-09,31.425,74.825,0.0003068323396511,0.0505334065935993,239.1
punjab_stubble_belt,2025-11-09,31.425,74.875,0.00025256049904,0.0495229446754978,218.5
punjab_stubble_belt,2025-11-09,31.425,74.925,6.627376244979984e-05,0.0509394692927406,148.4
punjab_stubble_belt,2025-11-09,31.425,74.975,0.00024235980533,0.0521603399497479,215.1
punjab_stubble_belt,2025-11-09,31.425,75.025,0.0003176966238754,0.0515883867684411,243.4
punjab_stubble_belt,2025-11-09,31.425,75.075,0.0003253917700299,0.0509523339796708,246.2
punjab_stubble_belt,2025-11-09,31.425,75.125,0.0002718929664859,0.0512809828127648,226.1
punjab_stubble_belt,2025-11-09,31.425,75.175,0.0001601837157167,0.0567403468130085,184.9
punjab_stubble_belt,2025-11-09,31.425,75.225,0.0002614849793942,0.0600064614000586,223.7
punjab_stubble_belt,2025-11-09,31.425,75.275,0.0002663950325525,0.0576167557052713,225.2
punjab_stubble_belt,2025-11-09,31.425,75.3,0.0002007499194635,0.0545029997693502,199.8
punjab_stubble_belt,2025-11-09,31.475,74.625,0.0001413590284753,0.0466650347976213,176.0
punjab_stubble_belt,2025-11-09,31.475,74.675,5.273260150719279e-05,0.0481088584360701,142.8
punjab_stubble_belt,2025-11-09,31.475,74.725,0.0004057518399923,0.0537127012662421,277.0
punjab_stubble_belt,2025-11-09,31.475,74.775,0.0002869888300343,0.0512518191253613,231.8
punjab_stubble_belt,2025-11-09,31.475,74.825,0.0002845723174305,0.0459413844866611,229.9
punjab_stubble_belt,2025-11-09,31.475,74.875,0.000341061178181,0.0395524198445977,250.0
punjab_stubble_belt,2025-11-09,31.475,74.925,5.761290872616516e-05,0.0354623635698715,142.3
punjab_stubble_belt,2025-11-09,31.475,74.975,0.0002159085732907,0.0442285403007414,203.7
punjab_stubble_belt,2025-11-09,31.475,75.025,0.0003064645457473,0.0476772188820969,238.5
punjab_stubble_belt,2025-11-09,31.475,75.075,0.0003451141392569,0.0491256173603242,253.3
punjab_stubble_belt,2025-11-09,31.475,75.125,0.0003449084669345,0.049686828104663,253.3
punjab_stubble_belt,2025-11-09,31.475,75.175,0.0003797592109056,0.0532310437044651,267.1
punjab_stubble_belt,2025-11-09,31.475,75.225,0.0003780113254903,0.0545924996905641,266.7
punjab_stubble_belt,2025-11-09,31.475,75.275,0.0002169878417837,0.0534870888516629,205.8
punjab_stubble_belt,2025-11-09,31.525,74.625,0.0003167290313801,0.0557525877997786,243.8
punjab_stubble_belt,2025-11-09,31.525,74.675,0.0002362841466231,0.0549731937752563,213.3
punjab_stubble_belt,2025-11-09,31.525,74.725,0.0001987894621186,0.0500751168069813,198.3
punjab_stubble_belt,2025-11-09,31.525,74.775,0.0002906590405463,0.0490163651946018,232.7
punjab_stubble_belt,2025-11-09,31.525,74.825,0.0002027732629781,0.0480904408127362,199.4
punjab_stubble_belt,2025-11-09,31.525,74.875,3.9295721849445366e-05,0.0473708550460452,137.6
punjab_stubble_belt,2025-11-09,31.525,74.925,0.000253212768977,0.0476996321278155,218.4
punjab_stubble_belt,2025-11-09,31.525,74.975,0.0005283219844811,0.0495454644496572,322.5
punjab_stubble_belt,2025-11-09,31.525,75.025,0.0004463215571125,0.0403293962464645,289.9
punjab_stubble_belt,2025-11-09,31.525,75.075,0.0003564907909077,0.0323662038730793,254.6
punjab_stubble_belt,2025-11-09,31.525,75.125,0.0003046786899796,0.0293125847285895,234.4
punjab_stubble_belt,2025-11-09,31.525,75.175,0.0002066650909205,0.0360195569918216,198.7
punjab_stubble_belt,2025-11-09,31.525,75.225,0.0001987758859049,0.0474592852821608,197.8
punjab_stubble_belt,2025-11-09,31.525,75.275,0.0002330414234063,0.051242603578529,211.4
punjab_stubble_belt,2025-11-09,31.525,75.3,0.0001888696855892,0.052569945938009,195.0
punjab_stubble_belt,2025-11-09,31.575,74.625,0.0004631959180863,0.0516210209176336,298.3
punjab_stubble_belt,2025-11-09,31.575,74.675,0.000358157710965,0.0510893365633168,258.6
punjab_stubble_belt,2025-11-09,31.575,74.725,0.0002920856162286,0.0432360980010693,232.2
punjab_stubble_belt,2025-11-09,31.575,74.775,0.0003476530649573,0.0406527239401771,252.7
punjab_stubble_belt,2025-11-09,31.575,74.825,0.0002716158768818,0.0350251154729364,223.0
punjab_stubble_belt,2025-11-09,31.575,74.875,0.0001494484517102,0.031334455385738,176.2
punjab_stubble_belt,2025-11-09,31.575,74.925,0.0003376363690137,0.0495907162236077,250.6
punjab_stubble_belt,2025-11-09,31.575,74.975,0.000351097728138,0.0501128479846368,255.8
punjab_stubble_belt,2025-11-09,31.575,75.025,0.0004339566989085,0.0449939701618801,286.1
punjab_stubble_belt,2025-11-09,31.575,75.075,0.0004436167486888,0.0413012300307857,289.1
punjab_stubble_belt,2025-11-09,31.575,75.125,0.0003622824663328,0.0407197013576962,258.3
punjab_stubble_belt,2025-11-09,31.575,75.175,0.0002325862611388,0.0464659555073354,210.4
punjab_stubble_belt,2025-11-09,31.575,75.225,0.0002132191769864,0.053019069785172,204.3
punjab_stubble_belt,2025-11-09,31.575,75.275,0.0002679795527688,0.055240991201113,225.3
punjab_stubble_belt,2025-11-09,31.575,75.3,0.0002960997206321,0.0551673704409323,235.9
punjab_stubble_belt,2025-11-09,31.625,74.625,0.0004113932381323,0.0495184487094359,278.4
punjab_stubble_belt,2025-11-09,31.625,74.675,0.0002885975036072,0.0494683536642019,232.1
punjab_stubble_belt,2025-11-09,31.625,74.725,0.0004422592619199,0.0445495409287263,289.1
punjab_stubble_belt,2025-11-09,31.625,74.775,0.0004384938995776,0.0428839754678652,287.4
punjab_stubble_belt,2025-11-09,31.625,74.825,0.0003577332008307,0.0385451842832175,256.1
punjab_stubble_belt,2025-11-09,31.625,74.875,0.0002726418667297,0.0357359667859423,223.5
punjab_stubble_belt,2025-11-09,31.625,74.925,0.0003959021033938,0.0504086011903927,272.7
punjab_stubble_belt,2025-11-09,31.625,74.975,0.0003409390073084,0.0497908075081303,251.9
punjab_stubble_belt,2025-11-09,31.625,75.025,0.0003941597438939,0.0487707806957941,271.8
punjab_stubble_belt,2025-11-09,31.625,75.075,0.0003578959613168,0.0489924693509242,258.1
punjab_stubble_belt,2025-11-09,31.625,75.125,0.0002453909568143,0.0508009399073296,216.0
punjab_stubble_belt,2025-11-09,31.625,75.175,0.0002936160308247,0.0549209732902152,234.9
punjab_stubble_belt,2025-11-09,31.625,75.225,0.0002866836696891,0.0575946364602592,232.8
punjab_stubble_belt,2025-11-09,31.625,75.275,0.0003363416168883,0.0602209613611259,252.0
punjab_stubble_belt,2025-11-09,31.625,75.3,0.0003805351985369,0.0625854552867789,269.1
punjab_stubble_belt,2025-11-09,31.675,74.625,0.0002284204569839,0.0476118859802017,209.0
punjab_stubble_belt,2025-11-09,31.675,74.675,9.93342477252422e-05,0.0485311383678431,160.5
punjab_stubble_belt,2025-11-09,31.675,74.725,0.0005754154204376,0.051086820186022,340.6
punjab_stubble_belt,2025-11-09,31.675,74.775,0.0005209529127274,0.0521237225359074,320.2
punjab_stubble_belt,2025-11-09,31.675,74.825,0.0004213981206171,0.0536624666351985,282.9
punjab_stubble_belt,2025-11-09,31.675,74.875,0.0003515584116227,0.0546049758924047,256.8
punjab_stubble_belt,2025-11-09,31.675,74.925,0.0003989255140184,0.0508783524299783,273.9
punjab_stubble_belt,2025-11-09,31.675,74.975,0.000436816754107,0.0493276743112405,288.0
punjab_stubble_belt,2025-11-09,31.675,75.025,0.0003323304262649,0.0496410502081026,248.6
punjab_stubble_belt,2025-11-09,31.675,75.075,0.0001826675435068,0.0508853331998721,192.3
punjab_stubble_belt,2025-11-09,31.675,75.125,7.123776052349394e-05,0.0527261922209666,150.6
punjab_stubble_belt,2025-11-09,31.675,75.175,0.0003294001044397,0.0523180026266111,248.0
punjab_stubble_belt,2025-11-09,31.675,75.225,0.0003369649831305,0.0564052280099875,251.6
punjab_stubble_belt,2025-11-09,31.675,75.275,0.0003747384277971,0.0623515062048806,266.9
punjab_stubble_belt,2025-11-09,31.675,75.3,0.0003063368952377,0.0620122292429256,241.0
punjab_stubble_belt,2025-11-09,31.725,74.625,0.0001743355623048,0.0335050469919274,186.0
punjab_stubble_belt,2025-11-09,31.725,74.675,6.105080491989093e-05,0.037970192420936,144.1
punjab_stubble_belt,2025-11-09,31.725,74.725,0.0005199695278383,0.0493891850990379,319.4
punjab_stubble_belt,2025-11-09,31.725,74.775,0.0004688911925018,0.051807380870907,300.5
punjab_stubble_belt,2025-11-09,31.725,74.825,0.0003907413144736,0.0531503035734848,271.3
punjab_stubble_belt,2025-11-09,31.725,74.875,0.0003224853101612,0.0534950802448561,245.6
punjab_stubble_belt,2025-11-09,31.725,74.925,0.0002171374972467,0.0505172909141383,205.3
punjab_stubble_belt,2025-11-09,31.725,74.975,0.0001994045990346,0.0500153012632724,198.5
punjab_stubble_belt,2025-11-09,31.725,75.025,0.0002098358843682,0.0453400827248751,201.6
punjab_stubble_belt,2025-11-09,31.725,75.075,0.000258436847501,0.0395527017908258,218.9
punjab_stubble_belt,2025-11-09,31.725,75.125,0.0003110048427061,0.0322523295439391,237.4
punjab_stubble_belt,2025-11-09,31.725,75.175,0.0001887421421759,0.0165220166653965,188.4
punjab_stubble_belt,2025-11-09,31.725,75.225,0.0001195971803991,0.0355225833047933,165.7
punjab_stubble_belt,2025-11-09,31.725,75.275,0.0001498260543916,0.049455381772674,179.7
punjab_stubble_belt,2025-11-09,31.775,74.625,0.0003791096634139,0.0107677721317753,259.1
punjab_stubble_belt,2025-11-09,31.775,74.675,0.0004160221588444,0.0164478010067776,274.1
punjab_stubble_belt,2025-11-09,31.775,74.725,0.0005398409735138,0.0470427640733948,326.4
punjab_stubble_belt,2025-11-09,31.775,74.775,0.0001990717558196,0.0515747819773425,198.7
punjab_stubble_belt,2025-11-09,31.775,74.825,0.0001211562250058,0.0531013694563801,169.5
punjab_stubble_belt,2025-11-09,31.775,74.875,0.0002168006138594,0.0538787000874025,205.8
punjab_stubble_belt,2025-11-09,31.775,74.925,-4.289689751019267e-05,0.0539413659707704,107.8
punjab_stubble_belt,2025-11-09,31.775,74.975,0.0001863417609806,0.0530854479440986,194.1
punjab_stubble_belt,2025-11-09,31.775,75.025,0.0002589006212675,0.0453381250647723,220.1
punjab_stubble_belt,2025-11-09,31.775,75.075,0.0002530480525803,0.0382451000413838,216.6
punjab_stubble_belt,2025-11-09,31.775,75.125,0.0002132908542204,0.0303989615475838,200.2
punjab_stubble_belt,2025-11-09,31.775,75.175,0.0003076373191166,0.0054860086933604,231.2
punjab_stubble_belt,2025-11-09,31.775,75.225,0.0003212422024467,0.0217866911655508,239.3
punjab_stubble_belt,2025-11-09,31.775,75.275,0.0002831746919224,0.041743545724424,228.6
punjab_stubble_belt,2025-11-09,31.775,75.3,0.0002206315512436,0.0547002302413101,207.4
punjab_stubble_belt,2025-11-09,31.825,74.625,0.0003424674184773,0.0338025811731574,249.5
punjab_stubble_belt,2025-11-09,31.825,74.675,0.0004116576768123,0.0351273354020908,275.9
punjab_stubble_belt,2025-11-09,31.825,74.725,0.0005187989566659,0.0507112808050275,319.2
punjab_stubble_belt,2025-11-09,31.825,74.775,0.0003542514714939,0.0533104148885692,257.5
punjab_stubble_belt,2025-11-09,31.825,74.825,0.0002280459479089,0.0553359640695045,210.3
punjab_stubble_belt,2025-11-09,31.825,74.875,0.0001561459556561,0.0574756462123839,183.5
punjab_stubble_belt,2025-11-09,31.825,74.925,6.700150562560328e-05,0.0583925300222393,150.1
punjab_stubble_belt,2025-11-09,31.825,74.975,0.0003532303377222,0.0562661507133094,257.7
punjab_stubble_belt,2025-11-09,31.825,75.025,0.0002613304546738,0.0472572830119555,221.4
punjab_stubble_belt,2025-11-09,31.825,75.075,0.0001872558024434,0.0402409945288737,192.1
punjab_stubble_belt,2025-11-09,31.825,75.125,0.0001974892103336,0.0336469832313392,194.8
punjab_stubble_belt,2025-11-09,31.825,75.175,0.0003028631806024,0.0090483136380287,230.1
punjab_stubble_belt,2025-11-09,31.825,75.225,0.0002854454054576,0.0174883644367451,225.0
punjab_stubble_belt,2025-11-09,31.825,75.275,0.0001817803357842,0.0357428371151279,189.2
punjab_stubble_belt,2025-11-09,31.825,75.3,0.0001473440429567,0.0481086406763677,178.5
punjab_stubble_belt,2025-11-09,31.875,74.625,0.0002980415016067,0.049042570933505,235.5
punjab_stubble_belt,2025-11-09,31.875,74.675,0.0003490797666199,0.048498507811518,254.7
punjab_stubble_belt,2025-11-09,31.875,74.725,0.0004421952324336,0.0525153347196041,290.6
punjab_stubble_belt,2025-11-09,31.875,74.775,0.0003975431162031,0.0538294106426533,274.0
punjab_stubble_belt,2025-11-09,31.875,74.825,0.0002861798275745,0.0564378668910696,232.4
punjab_stubble_belt,2025-11-09,31.875,74.875,0.0001687710669359,0.059702487323225,188.7
punjab_stubble_belt,2025-11-09,31.875,74.925,0.0002047561815174,0.0606946635291297,202.5
punjab_stubble_belt,2025-11-09,31.875,74.975,0.0005089146007746,0.0577308691321634,316.7
punjab_stubble_belt,2025-11-09,31.875,75.025,0.0002077802661269,0.0511557320845491,201.9
punjab_stubble_belt,2025-11-09,31.875,75.075,5.129555658019556e-05,0.0464232505224236,141.9
punjab_stubble_belt,2025-11-09,31.875,75.125,0.0001272274080965,0.0423712409112933,169.9
punjab_stubble_belt,2025-11-09,31.875,75.175,0.0002954912048601,0.0241965322369786,230.0
punjab_stubble_belt,2025-11-09,31.875,75.225,0.0002571779013751,0.023831976107186,215.5
punjab_stubble_belt,2025-11-09,31.875,75.275,9.440955699145484e-05,0.0258199824752497,154.4
punjab_stubble_belt,2025-11-09,31.875,75.3,-2.3496052012339707e-05,0.0217403947776727,109.2
punjab_stubble_belt,2025-11-10,31.325,74.625,0.000392416063384,0.010782166078467,264.2
punjab_stubble_belt,2025-11-10,31.325,74.675,0.0003079898825663,0.0136825504159453,232.8
punjab_stubble_belt,2025-11-10,31.325,74.725,0.0003316007626867,0.0393075455945918,246.4
punjab_stubble_belt,2025-11-10,31.325,74.775,0.0003483514560924,0.0512761508449769,254.9
punjab_stubble_belt,2025-11-10,31.325,74.825,0.0003553924652339,0.0581968324041367,258.9
punjab_stubble_belt,2025-11-10,31.325,74.875,0.0003593510018498,0.0620476545783427,261.1
punjab_stubble_belt,2025-11-10,31.325,74.925,0.000376432718738,0.0687453886932113,268.7
punjab_stubble_belt,2025-11-10,31.325,74.975,0.0003579903940549,0.0688153509481253,261.8
punjab_stubble_belt,2025-11-10,31.325,75.025,0.0003250516262373,0.064369430980561,248.5
punjab_stubble_belt,2025-11-10,31.325,75.075,0.0003037248181723,0.0612492194075034,239.9
punjab_stubble_belt,2025-11-10,31.325,75.125,0.0003001359009149,0.0594132853657945,238.2
punjab_stubble_belt,2025-11-10,31.325,75.175,0.0003249565941303,0.0509888055741965,246.1
punjab_stubble_belt,2025-11-10,31.325,75.225,0.0002775684234698,0.0467322761279186,227.4
punjab_stubble_belt,2025-11-10,31.325,75.275,0.0001647972052837,0.0291284768965456,181.6
punjab_stubble_belt,2025-11-10,31.325,75.3,0.0001087688980094,0.0156830063013822,158.0
punjab_stubble_belt,2025-11-10,31.375,74.625,0.0003677110540461,1.5564817454346495e-05,252.9
punjab_stubble_belt,2025-11-10,31.375,74.675,0.0002455062011072,9.023082582229852e-05,206.8
punjab_stubble_belt,2025-11-10,31.375,74.725,0.0002563182601317,0.0283432108248504,216.0
punjab_stubble_belt,2025-11-10,31.375,74.775,0.0003474666463543,0.0420879306160503,252.9
punjab_stubble_belt,2025-11-10,31.375,74.825,0.000381351037932,0.0479478087834732,266.8
punjab_stubble_belt,2025-11-10,31.375,74.875,0.0003605643810283,0.0487077737007755,259.1
punjab_stubble_belt,2025-11-10,31.375,74.925,0.0003300347087612,0.0533852261289081,248.4
punjab_stubble_belt,2025-11-10,31.375,74.975,0.0003079491832478,0.0548833947550479,240.3
punjab_stubble_belt,2025-11-10,31.375,75.025,0.0003095514547603,0.0504637574596239,240.1
punjab_stubble_belt,2025-11-10,31.375,75.075,0.0003169610115195,0.0463888332985864,242.2
punjab_stubble_belt,2025-11-10,31.375,75.125,0.0003251140071424,0.0424601182687594,244.6
punjab_stubble_belt,2025-11-10,31.375,75.175,0.0003144667798179,0.0290931980870474,238.1
punjab_stubble_belt,2025-11-10,31.375,75.225,0.0002249706841705,0.0280961540156937,204.1
punjab_stubble_belt,2025-11-10,31.375,75.275,0.0002342327522679,0.0193364772746941,206.0
punjab_stubble_belt,2025-11-10,31.375,75.3,0.0002743892973842,0.0126085869217126,220.0
punjab_stubble_belt,2025-11-10,31.425,74.625,0.0003735309646784,0.0032043921039459,255.7
punjab_stubble_belt,2025-11-10,31.425,74.675,0.0001953031190405,0.0045585494824063,188.6
punjab_stubble_belt,2025-11-10,31.425,74.725,0.0001581342309742,0.0295933483119817,179.2
punjab_stubble_belt,2025-11-10,31.425,74.775,0.0002441559938456,0.0368306026682239,213.0
punjab_stubble_belt,2025-11-10,31.425,74.825,0.0003551241615335,0.0361741074633362,254.7
punjab_stubble_belt,2025-11-10,31.425,74.875,0.0004248841774142,0.0315540428116531,280.2
punjab_stubble_belt,2025-11-10,31.425,74.925,0.0002593939018112,0.032943033783086,218.0
punjab_stubble_belt,2025-11-10,31.425,74.975,0.0002359568898469,0.0361963019676203,209.8
punjab_stubble_belt,2025-11-10,31.425,75.025,0.0002880845010906,0.0352035393383215,229.3
punjab_stubble_belt,2025-11-10,31.425,75.075,0.000333212447503,0.0323886223539617,245.8
punjab_stubble_belt,2025-11-10,31.425,75.125,0.0003576588566784,0.0258082076401359,253.8
punjab_stubble_belt,2025-11-10,31.425,75.175,0.0003670890587641,0.0,252.6
punjab_stubble_belt,2025-11-10,31.425,75.225,0.0002159399181643,0.0,195.6
punjab_stubble_belt,2025-11-10,31.425,75.275,0.0003363651622915,0.0018598986829025,241.4
punjab_stubble_belt,2025-11-10,31.425,75.3,0.0003502347809186,0.0018598986829025,246.6
punjab_stubble_belt,2025-11-10,31.475,74.625,0.0003934970698441,0.0180378773879567,265.9
punjab_stubble_belt,2025-11-10,31.475,74.675,0.00020221631896,0.0243631857913023,194.9
punjab_stubble_belt,2025-11-10,31.475,74.725,0.0001997779167192,0.0472073975429613,198.1
punjab_stubble_belt,2025-11-10,31.475,74.775,0.0002335395493589,0.0366710416979103,208.9
punjab_stubble_belt,2025-11-10,31.475,74.825,0.0003271109368256,0.0254991963585489,242.2
punjab_stubble_belt,2025-11-10,31.475,74.875,0.000408834045781,0.0182067943525732,271.7
punjab_stubble_belt,2025-11-10,31.475,74.925,0.0002309419222284,0.0181087436601147,204.6
punjab_stubble_belt,2025-11-10,31.475,74.975,0.0001759433454368,0.0179176943781305,183.8
punjab_stubble_belt,2025-11-10,31.475,75.025,0.0003210684962824,0.0255135145090863,239.9
punjab_stubble_belt,2025-11-10,31.475,75.075,0.0004041561677859,0.0321949815032678,272.5
punjab_stubble_belt,2025-11-10,31.475,75.125,0.0004011891595684,0.0317394240587203,271.3
punjab_stubble_belt,2025-11-10,31.475,75.175,0.0004364743361311,0.0,278.8
punjab_stubble_belt,2025-11-10,31.475,75.225,0.0002283001164726,0.0,200.3
punjab_stubble_belt,2025-11-10,31.475,75.275,0.0002144483419752,0.0,195.0
punjab_stubble_belt,2025-11-10,31.525,74.625,0.0003088767737586,0.056508879706923,241.0
punjab_stubble_belt,2025-11-10,31.525,74.675,8.500079017850918e-05,0.0395863778541812,153.4
punjab_stubble_belt,2025-11-10,31.525,74.725,0.0002423130944841,0.0087155872823967,207.1
punjab_stubble_belt,2025-11-10,31.525,74.775,0.0003005202353002,0.0036310442668136,228.2
punjab_stubble_belt,2025-11-10,31.525,74.825,0.0003479153880779,0.002933022708316,245.9
punjab_stubble_belt,2025-11-10,31.525,74.875,0.0003650343273621,0.0071919028796513,253.2
punjab_stubble_belt,2025-11-10,31.525,74.925,0.0002574912347954,0.0264327713482955,216.1
punjab_stubble_belt,2025-11-10,31.525,74.975,0.0001541102187746,0.0409039396560972,179.7
punjab_stubble_belt,2025-11-10,31.525,75.025,0.0002920722212188,0.0170327580033588,227.4
punjab_stubble_belt,2025-11-10,31.525,75.075,0.0003735352631093,0.0022228196100828,255.5
punjab_stubble_belt,2025-11-10,31.525,75.125,0.0003782238512159,0.0024740545778166,257.3
punjab_stubble_belt,2025-11-10,31.525,75.175,0.0004626948573067,0.0,288.7
punjab_stubble_belt,2025-11-10,31.525,75.225,0.0004574208026194,0.0,286.7
punjab_stubble_belt,2025-11-10,31.525,75.275,0.0004032338626886,0.0,266.3
punjab_stubble_belt,2025-11-10,31.525,75.3,0.0003034901269154,0.0,228.6
punjab_stubble_belt,2025-11-10,31.575,74.625,0.0003721997489856,0.0365357128448192,261.2
punjab_stubble_belt,2025-11-10,31.575,74.675,6.222796502629508e-05,0.0184944182338724,141.0
punjab_stubble_belt,2025-11-10,31.575,74.725,0.0003041328037402,0.0022739564483116,229.3
punjab_stubble_belt,2025-11-10,31.575,74.775,0.00033790196762,0.0003242421317498,241.7
punjab_stubble_belt,2025-11-10,31.575,74.825,0.0003796888632359,0.0040824647876579,258.1
punjab_stubble_belt,2025-11-10,31.575,74.875,0.0004090134527714,0.0112887349206541,270.5
punjab_stubble_belt,2025-11-10,31.575,74.925,0.0002856448508456,0.0182227227655312,225.2
punjab_stubble_belt,2025-11-10,31.575,74.975,0.0002649456573567,0.0172018352955673,217.2
punjab_stubble_belt,2025-11-10,31.575,75.025,0.0003040744306426,0.0060904306305926,230.0
punjab_stubble_belt,2025-11-10,31.575,75.075,0.0003185709483135,5.022286095447229e-06,234.3
punjab_stubble_belt,2025-11-10,31.575,75.125,0.000337430323976,0.0,241.4
punjab_stubble_belt,2025-11-10,31.575,75.175,0.0005896783594415,0.0,336.6
punjab_stubble_belt,2025-11-10,31.575,75.225,0.0004740404330677,0.0,293.0
punjab_stubble_belt,2025-11-10,31.575,75.275,0.0003486587769982,0.0,245.7
punjab_stubble_belt,2025-11-10,31.575,75.3,0.0003034560085419,0.0,228.6
punjab_stubble_belt,2025-11-10,31.625,74.625,0.0003092237606594,0.0149353732876716,233.5
punjab_stubble_belt,2025-11-10,31.625,74.675,7.996838627592714e-05,0.0043117322607458,145.1
punjab_stubble_belt,2025-11-10,31.625,74.725,0.0002559107351833,0.0003163621261627,210.7
punjab_stubble_belt,2025-11-10,31.625,74.775,0.0003219389756239,0.0,235.6
punjab_stubble_belt,2025-11-10,31.625,74.825,0.000386166489745,0.0048347756367323,260.7
punjab_stubble_belt,2025-11-10,31.625,74.875,0.0004228670316591,0.0114713709771198,275.8
punjab_stubble_belt,2025-11-10,31.625,74.925,0.0003128049031032,0.0084461221316794,233.7
punjab_stubble_belt,2025-11-10,31.625,74.975,0.0003357224840683,0.0025885263336461,241.3
punjab_stubble_belt,2025-11-10,31.625,75.025,0.0003634271276961,0.0007009580000888,251.4
punjab_stubble_belt,2025-11-10,31.625,75.075,0.0003496989739329,0.0,246.1
punjab_stubble_belt,2025-11-10,31.625,75.125,0.0003296181437991,0.0,238.5
punjab_stubble_belt,2025-11-10,31.625,75.175,0.0005457353106081,0.0,320.1
punjab_stubble_belt,2025-11-10,31.625,75.225,0.0004240814383642,0.0,274.1
punjab_stubble_belt,2025-11-10,31.625,75.275,0.0003314072953196,0.0002692851243302,239.2
punjab_stubble_belt,2025-11-10,31.625,75.3,0.0002952305302527,0.0005523797422159,225.6
punjab_stubble_belt,2025-11-10,31.675,74.625,0.0001517174434997,0.0,171.4
punjab_stubble_belt,2025-11-10,31.675,74.675,0.000160854401452,0.0,174.8
punjab_stubble_belt,2025-11-10,31.675,74.725,0.0001477027561609,0.0,169.8
punjab_stubble_belt,2025-11-10,31.675,74.775,0.0002888071977856,0.0,223.1
punjab_stubble_belt,2025-11-10,31.675,74.825,0.0003820073465006,0.0032429027588087,258.9
punjab_stubble_belt,2025-11-10,31.675,74.875,0.0003960255334336,0.0068535987723746,264.8
punjab_stubble_belt,2025-11-10,31.675,74.925,0.000296572664014,0.0005326721035607,226.1
punjab_stubble_belt,2025-11-10,31.675,74.975,0.0003219012375224,5.5118345564243686e-05,235.6
punjab_stubble_belt,2025-11-10,31.675,75.025,0.0004094604527756,0.0,268.6
punjab_stubble_belt,2025-11-10,31.675,75.075,0.0004064734703184,0.0,267.5
punjab_stubble_belt,2025-11-10,31.675,75.125,0.0003288333682199,0.0,238.2
punjab_stubble_belt,2025-11-10,31.675,75.175,0.0003616792757759,0.0,250.6
punjab_stubble_belt,2025-11-10,31.675,75.225,0.0003140472926882,0.0,232.6
punjab_stubble_belt,2025-11-10,31.675,75.275,0.0003085391266338,0.000573093982549,230.6
punjab_stubble_belt,2025-11-10,31.675,75.3,0.0001773991609102,0.0005523797422159,181.2
punjab_stubble_belt,2025-11-10,31.725,74.625,7.039783387358907e-05,0.0,140.7
punjab_stubble_belt,2025-11-10,31.725,74.675,0.0004162858451998,0.0,271.2
punjab_stubble_belt,2025-11-10,31.725,74.725,0.0001901864239179,0.0,185.9
punjab_stubble_belt,2025-11-10,31.725,74.775,0.0003708520246772,0.0,254.1
punjab_stubble_belt,2025-11-10,31.725,74.825,0.0004308345324959,0.0,276.7
punjab_stubble_belt,2025-11-10,31.725,74.875,0.0003286211016488,0.0,238.1
punjab_stubble_belt,2025-11-10,31.725,74.925,8.562339205041285e-05,0.0,146.4
punjab_stubble_belt,2025-11-10,31.725,74.975,0.0001200077434284,0.0,159.4
punjab_stubble_belt,2025-11-10,31.725,75.025,0.0002197846011978,0.0,197.0
punjab_stubble_belt,2025-11-10,31.725,75.075,0.0002579597663473,0.0,211.5
punjab_stubble_belt,2025-11-10,31.725,75.125,0.0002273603109154,0.0,199.9
punjab_stubble_belt,2025-11-10,31.725,75.175,0.00021280183445,0.0,194.4
punjab_stubble_belt,2025-11-10,31.725,75.225,9.738655980935908e-05,0.0,150.9
punjab_stubble_belt,2025-11-10,31.725,75.275,2.6219951643201403e-05,0.0,124.0
punjab_stubble_belt,2025-11-10,31.775,74.625,0.0002423255184157,0.0,205.6
punjab_stubble_belt,2025-11-10,31.775,74.675,0.0004530736543118,0.0,285.1
punjab_stubble_belt,2025-11-10,31.775,74.725,0.0001372090084729,0.0,165.9
punjab_stubble_belt,2025-11-10,31.775,74.775,0.0003112155153714,0.0,231.6
punjab_stubble_belt,2025-11-10,31.775,74.825,0.0004036005435917,0.0,266.4
punjab_stubble_belt,2025-11-10,31.775,74.875,0.0004114636210333,0.0,269.4
punjab_stubble_belt,2025-11-10,31.775,74.925,0.0005176722827912,0.0,309.5
punjab_stubble_belt,2025-11-10,31.775,74.975,0.0002970967544186,0.0,226.2
punjab_stubble_belt,2025-11-10,31.775,75.025,0.0002873602203799,0.0,222.6
punjab_stubble_belt,2025-11-10,31.775,75.075,0.0003033364545498,0.0,228.6
punjab_stubble_belt,2025-11-10,31.775,75.125,0.0003121545877037,0.0,231.9
punjab_stubble_belt,2025-11-10,31.775,75.175,0.0003064748119197,0.0,229.8
punjab_stubble_belt,2025-11-10,31.775,75.225,0.000222530891504,0.0,198.1
punjab_stubble_belt,2025-11-10,31.775,75.275,0.0002089037802231,0.0,192.9
punjab_stubble_belt,2025-11-10,31.775,75.3,0.000111911923361,0.0,156.3
punjab_stubble_belt,2025-11-10,31.825,74.625,0.0002870088443298,0.0,222.4
punjab_stubble_belt,2025-11-10,31.825,74.675,0.0004985761660091,0.0,302.3
punjab_stubble_belt,2025-11-10,31.825,74.725,0.0002961739357549,0.0,225.9
punjab_stubble_belt,2025-11-10,31.825,74.775,0.0003005803347026,0.0,227.5
punjab_stubble_belt,2025-11-10,31.825,74.825,0.0003253918327032,0.0,236.9
punjab_stubble_belt,2025-11-10,31.825,74.875,0.0003797503802234,0.0,257.4
punjab_stubble_belt,2025-11-10,31.825,74.925,0.0005707536275161,0.0,329.5
punjab_stubble_belt,2025-11-10,31.825,74.975,0.0002000967712759,0.0,189.6
punjab_stubble_belt,2025-11-10,31.825,75.025,0.0001449130235757,0.0,168.8
punjab_stubble_belt,2025-11-10,31.825,75.075,0.0002123643942746,0.0,194.2
punjab_stubble_belt,2025-11-10,31.825,75.125,0.0003336188375287,0.0,240.0
punjab_stubble_belt,2025-11-10,31.825,75.175,0.0003340458360119,0.0,240.2
punjab_stubble_belt,2025-11-10,31.825,75.225,0.0003458847036962,0.0,244.6
punjab_stubble_belt,2025-11-10,31.825,75.275,0.0002173802515543,0.0,196.1
punjab_stubble_belt,2025-11-10,31.825,75.3,0.000153100096166,0.0,171.9
punjab_stubble_belt,2025-11-10,31.875,74.625,0.0003033614098293,0.0,228.6
punjab_stubble_belt,2025-11-10,31.875,74.675,0.0004829127225239,0.0,296.3
punjab_stubble_belt,2025-11-10,31.875,74.725,0.0003482034317051,0.0,245.5
punjab_stubble_belt,2025-11-10,31.875,74.775,0.0003008557912144,0.0,227.6
punjab_stubble_belt,2025-11-10,31.875,74.825,0.0003033600937539,0.0,228.6
punjab_stubble_belt,2025-11-10,31.875,74.875,0.0003640125973166,0.0,251.5
punjab_stubble_belt,2025-11-10,31.875,74.925,0.0005368169606677,0.0,316.7
punjab_stubble_belt,2025-11-10,31.875,74.975,0.0001830064640671,0.0,183.2
punjab_stubble_belt,2025-11-10,31.875,75.025,0.000142604472602,0.0,167.9
punjab_stubble_belt,2025-11-10,31.875,75.075,0.00021658986346,0.0,195.8
punjab_stubble_belt,2025-11-10,31.875,75.125,0.0003337323874823,0.0,240.1
punjab_stubble_belt,2025-11-10,31.875,75.175,0.0002657190501911,0.0,214.4
punjab_stubble_belt,2025-11-10,31.875,75.225,0.0003746572874333,0.0,255.5
punjab_stubble_belt,2025-11-10,31.875,75.275,0.0002264610894553,0.0,199.6
punjab_stubble_belt,2025-11-10,31.875,75.3,0.0001303670917383,0.0,163.3
punjab_stubble_belt,2025-11-11,31.325,74.625,0.0005909962873376,0.0326746756917009,343.1
punjab_stubble_belt,2025-11-11,31.325,74.675,0.0004437261575953,0.0087912220789191,283.2
punjab_stubble_belt,2025-11-11,31.325,74.725,0.0001292719630227,0.0006313091366476,163.0
punjab_stubble_belt,2025-11-11,31.325,74.775,0.000199427862167,0.0,189.4
punjab_stubble_belt,2025-11-11,31.325,74.825,0.0002435455188127,0.0,206.0
punjab_stubble_belt,2025-11-11,31.325,74.875,0.0002543035574466,0.0,210.1
punjab_stubble_belt,2025-11-11,31.325,74.925,0.0003348578165889,0.0,240.5
punjab_stubble_belt,2025-11-11,31.325,74.975,0.0003538565644086,0.0,247.6
punjab_stubble_belt,2025-11-11,31.325,75.025,0.0003085971177367,0.0,230.6
punjab_stubble_belt,2025-11-11,31.325,75.075,0.0003112669259615,0.0,231.6
punjab_stubble_belt,2025-11-11,31.325,75.125,0.0003414251640919,7.611138429756936e-05,243.0
punjab_stubble_belt,2025-11-11,31.325,75.175,0.0001971553739379,0.000651655999337,188.6
punjab_stubble_belt,2025-11-11,31.325,75.225,0.0002755027907033,8.837316028745353e-05,218.1
punjab_stubble_belt,2025-11-11,31.325,75.275,0.0002792715034356,0.0,219.5
punjab_stubble_belt,2025-11-11,31.325,75.3,0.0002823550339449,0.0,220.7
punjab_stubble_belt,2025-11-11,31.375,74.625,0.0004705258642435,0.0221127247900128,295.7
punjab_stubble_belt,2025-11-11,31.375,74.675,0.0003281174295356,0.0067863352900275,239.2
punjab_stubble_belt,2025-11-11,31.375,74.725,0.0002450353569123,0.0005220257915405,206.7
punjab_stubble_belt,2025-11-11,31.375,74.775,0.0002947510476665,0.0,225.3
punjab_stubble_belt,2025-11-11,31.375,74.825,0.0002951516149937,0.0,225.5
punjab_stubble_belt,2025-11-11,31.375,74.875,0.0002688311420335,0.0,215.6
punjab_stubble_belt,2025-11-11,31.375,74.925,0.0003600150372916,0.0,250.0
punjab_stubble_belt,2025-11-11,31.375,74.975,0.0003171776159124,0.0,233.8
punjab_stubble_belt,2025-11-11,31.375,75.025,0.0002901957214237,0.0,223.6
punjab_stubble_belt,2025-11-11,31.375,75.075,0.000279031696778,0.0,219.4
punjab_stubble_belt,2025-11-11,31.375,75.125,0.0002785309659307,0.0007689031512903,219.4
punjab_stubble_belt,2025-11-11,31.375,75.175,0.0002371776942048,0.0067064786090258,204.8
punjab_stubble_belt,2025-11-11,31.375,75.225,0.0002428011404272,0.0049497404311096,206.6
punjab_stubble_belt,2025-11-11,31.375,75.275,0.0002552440399882,0.0018897188178454,210.8
punjab_stubble_belt,2025-11-11,31.375,75.3,0.0002630628394458,0.0,213.4
punjab_stubble_belt,2025-11-11,31.425,74.625,0.0002077193809838,0.0011796665088891,192.7
punjab_stubble_belt,2025-11-11,31.425,74.675,0.0001852835343472,0.0,184.0
punjab_stubble_belt,2025-11-11,31.425,74.725,0.0003288730477707,0.0,238.2
punjab_stubble_belt,2025-11-11,31.425,74.775,0.0003569434595618,0.0,248.8
punjab_stubble_belt,2025-11-11,31.425,74.825,0.0003170376787467,0.0,233.8
punjab_stubble_belt,2025-11-11,31.425,74.875,0.0002667572829352,0.0,214.8
punjab_stubble_belt,2025-11-11,31.425,74.925,0.0003676576087962,0.0,252.9
punjab_stubble_belt,2025-11-11,31.425,74.975,0.0002317534718429,0.0,201.6
punjab_stubble_belt,2025-11-11,31.425,75.025,0.000184227144117,0.0,183.6
punjab_stubble_belt,2025-11-11,31.425,75.075,0.0001779404583446,0.0,181.3
punjab_stubble_belt,2025-11-11,31.425,75.125,0.000207503761759,0.0013319173736248,192.7
punjab_stubble_belt,2025-11-11,31.425,75.175,0.0002838272371654,0.0116480724351788,223.3
punjab_stubble_belt,2025-11-11,31.425,75.225,0.0002455388614148,0.0092921560352921,208.5
punjab_stubble_belt,2025-11-11,31.425,75.275,0.0002438966066945,0.0035094778045701,206.8
punjab_stubble_belt,2025-11-11,31.425,75.3,0.0002143387645136,0.0,195.0
punjab_stubble_belt,2025-11-11,31.475,74.625,0.0001719911303445,0.0,179.0
punjab_stubble_belt,2025-11-11,31.475,74.675,4.542252811792984e-06,0.0,115.8
punjab_stubble_belt,2025-11-11,31.475,74.725,3.746986679323412e-05,0.0,128.2
punjab_stubble_belt,2025-11-11,31.475,74.775,0.0002426680501691,0.0,205.7
punjab_stubble_belt,2025-11-11,31.475,74.825,0.0003859824484929,0.0,259.8
punjab_stubble_belt,2025-11-11,31.475,74.875,0.0004165653741494,0.0,271.3
punjab_stubble_belt,2025-11-11,31.475,74.925,0.000244682361962,0.0,206.4
punjab_stubble_belt,2025-11-11,31.475,74.975,0.0002237410674086,0.0,198.5
punjab_stubble_belt,2025-11-11,31.475,75.025,0.0002068728954807,0.0,192.2
punjab_stubble_belt,2025-11-11,31.475,75.075,0.0002267602536979,0.0,199.7
punjab_stubble_belt,2025-11-11,31.475,75.125,0.0002739914729146,0.0,217.5
punjab_stubble_belt,2025-11-11,31.475,75.175,0.0002755399259759,0.0,218.1
punjab_stubble_belt,2025-11-11,31.475,75.225,0.0002121403138812,0.0,194.2
punjab_stubble_belt,2025-11-11,31.475,75.275,0.0001793518604844,0.0,181.8
punjab_stubble_belt,2025-11-11,31.525,74.625,0.000300904032282,0.0,227.7
punjab_stubble_belt,2025-11-11,31.525,74.675,0.0002192716311759,0.0,196.9
punjab_stubble_belt,2025-11-11,31.525,74.725,0.00018264555733,0.0,183.0
punjab_stubble_belt,2025-11-11,31.525,74.775,0.0001813699188116,0.0,182.6
punjab_stubble_belt,2025-11-11,31.525,74.825,0.0001908581662615,0.0,186.1
punjab_stubble_belt,2025-11-11,31.525,74.875,0.0002073970775197,0.0,192.4
punjab_stubble_belt,2025-11-11,31.525,74.925,0.0002388006728138,0.0,204.2
punjab_stubble_belt,2025-11-11,31.525,74.975,-4.2434146558162986e-05,0.0,98.1
punjab_stubble_belt,2025-11-11,31.525,75.025,8.810925853577294e-05,0.0,147.4
punjab_stubble_belt,2025-11-11,31.525,75.075,0.000200678855281,0.0,189.8
punjab_stubble_belt,2025-11-11,31.525,75.125,0.0001999574777856,0.0,189.6
punjab_stubble_belt,2025-11-11,31.525,75.175,-4.0148023132834606e-05,0.0,99.0
punjab_stubble_belt,2025-11-11,31.525,75.225,0.0001241895276228,0.0,161.0
punjab_stubble_belt,2025-11-11,31.525,75.275,9.429450978336266e-05,0.0,149.7
punjab_stubble_belt,2025-11-11,31.525,75.3,0.0001062064120276,0.0,154.2
punjab_stubble_belt,2025-11-11,31.575,74.625,0.0003230648847566,0.0,236.0
punjab_stubble_belt,2025-11-11,31.575,74.675,0.000302488003325,0.0,228.3
punjab_stubble_belt,2025-11-11,31.575,74.725,0.0001276676870263,0.0,162.3
punjab_stubble_belt,2025-11-11,31.575,74.775,0.0001533980407755,0.0,172.0
punjab_stubble_belt,2025-11-11,31.575,74.825,0.0001685702540888,0.0,177.7
punjab_stubble_belt,2025-11-11,31.575,74.875,0.0001665139216429,0.0,176.9
punjab_stubble_belt,2025-11-11,31.575,74.925,0.0001975699760509,0.0,188.7
punjab_stubble_belt,2025-11-11,31.575,74.975,6.3166932647209e-05,0.0,137.9
punjab_stubble_belt,2025-11-11,31.575,75.025,0.0001757800272143,0.0,180.4
punjab_stubble_belt,2025-11-11,31.575,75.075,0.0001908372453176,0.0,186.1
punjab_stubble_belt,2025-11-11,31.575,75.125,8.775196950093465e-05,0.0,147.2
punjab_stubble_belt,2025-11-11,31.575,75.175,2.073784272788592e-05,0.0,121.9
punjab_stubble_belt,2025-11-11,31.575,75.225,0.0001690695392288,0.0,177.9
punjab_stubble_belt,2025-11-11,31.575,75.275,0.0001888276576613,0.0,185.4
punjab_stubble_belt,2025-11-11,31.575,75.3,0.0001522742939343,0.0,171.6
punjab_stubble_belt,2025-11-11,31.625,74.625,0.0003218043992905,0.0,235.5
punjab_stubble_belt,2025-11-11,31.625,74.675,0.0003016324720933,0.0,227.9
punjab_stubble_belt,2025-11-11,31.625,74.725,0.0001328898926328,0.0,164.3
punjab_stubble_belt,2025-11-11,31.625,74.775,0.0001244543777953,0.0,161.1
punjab_stubble_belt,2025-11-11,31.625,74.825,0.0001630016804128,0.0,175.6
punjab_stubble_belt,2025-11-11,31.625,74.875,0.0002090689107514,0.0,193.0
punjab_stubble_belt,2025-11-11,31.625,74.925,0.0001613909272562,0.0,175.0
punjab_stubble_belt,2025-11-11,31.625,74.975,0.0001677799085289,0.0,177.4
punjab_stubble_belt,2025-11-11,31.625,75.025,0.0002396678032636,0.0,204.6
punjab_stubble_belt,2025-11-11,31.625,75.075,0.0001813221416239,0.0,182.5
punjab_stubble_belt,2025-11-11,31.625,75.125,4.2282503932765816e-05,0.0,130.1
punjab_stubble_belt,2025-11-11,31.625,75.175,0.0002648487839851,0.0,214.1
punjab_stubble_belt,2025-11-11,31.625,75.225,0.0002189409207108,0.0,196.7
punjab_stubble_belt,2025-11-11,31.625,75.275,0.0001905057298247,0.0,186.0
punjab_stubble_belt,2025-11-11,31.625,75.3,0.0001583069577769,0.0,173.8
punjab_stubble_belt,2025-11-11,31.675,74.625,0.0002763343551497,0.0,218.4
punjab_stubble_belt,2025-11-11,31.675,74.675,0.0002255406145351,0.0,199.2
punjab_stubble_belt,2025-11-11,31.675,74.725,0.0001492513428033,0.0,170.4
punjab_stubble_belt,2025-11-11,31.675,74.775,7.077823889472287e-05,0.0,140.8
punjab_stubble_belt,2025-11-11,31.675,74.825,0.0001507719535287,0.0,171.0
punjab_stubble_belt,2025-11-11,31.675,74.875,0.0002966644532586,0.0,226.1
punjab_stubble_belt,2025-11-11,31.675,74.925,0.0001403475395432,0.0,167.1
punjab_stubble_belt,2025-11-11,31.675,74.975,0.0002180337111111,0.0,196.4
punjab_stubble_belt,2025-11-11,31.675,75.025,0.0002555729068762,0.0,210.6
punjab_stubble_belt,2025-11-11,31.675,75.075,0.0001725279330159,0.0,179.2
punjab_stubble_belt,2025-11-11,31.675,75.125,6.196783061117356e-05,0.0,137.5
punjab_stubble_belt,2025-11-11,31.675,75.175,0.0004689807179238,0.0,291.1
punjab_stubble_belt,2025-11-11,31.675,75.225,0.0002263551327982,0.0,199.5
punjab_stubble_belt,2025-11-11,31.675,75.275,0.0001334353600641,0.0,164.5
punjab_stubble_belt,2025-11-11,31.675,75.3,0.0001941729265923,0.0,187.4
punjab_stubble_belt,2025-11-11,31.725,74.625,6.818614766021952e-05,0.0,139.8
punjab_stubble_belt,2025-11-11,31.725,74.675,7.88824795077878e-05,0.0,143.9
punjab_stubble_belt,2025-11-11,31.725,74.725,-8.22668368447291e-05,0.0,83.1
punjab_stubble_belt,2025-11-11,31.725,74.775,-9.605148177060646e-05,0.0,77.9
punjab_stubble_belt,2025-11-11,31.725,74.825,9.034743324175431e-05,0.0,148.2
punjab_stubble_belt,2025-11-11,31.725,74.875,0.0003342826690745,0.0,240.3
punjab_stubble_belt,2025-11-11,31.725,74.925,0.0001518299654003,0.0,171.4
punjab_stubble_belt,2025-11-11,31.725,74.975,0.0001780920999564,0.0,181.3
punjab_stubble_belt,2025-11-11,31.725,75.025,0.0001985872260102,0.0,189.0
punjab_stubble_belt,2025-11-11,31.725,75.075,0.0001674176990987,0.0,177.3
punjab_stubble_belt,2025-11-11,31.725,75.125,8.037450882327927e-05,0.0,144.4
punjab_stubble_belt,2025-11-11,31.725,75.175,-5.657735025788551e-05,0.0,92.8
punjab_stubble_belt,2025-11-11,31.725,75.225,4.880225861697698e-05,0.0,132.5
punjab_stubble_belt,2025-11-11,31.725,75.275,0.0002237691276575,0.0,198.6
punjab_stubble_belt,2025-11-11,31.775,74.625,0.0001375082460015,0.0,166.0
punjab_stubble_belt,2025-11-11,31.775,74.675,0.0001463718518356,0.0,169.3
punjab_stubble_belt,2025-11-11,31.775,74.725,-2.146270967035994e-05,0.0,106.0
punjab_stubble_belt,2025-11-11,31.775,74.775,3.165088472927716e-05,0.0,126.0
punjab_stubble_belt,2025-11-11,31.775,74.825,0.000195095487717,0.0,187.7
punjab_stubble_belt,2025-11-11,31.775,74.875,0.0003525000285976,0.0,247.1
punjab_stubble_belt,2025-11-11,31.775,74.925,0.0001526629539454,0.0,171.7
punjab_stubble_belt,2025-11-11,31.775,74.975,0.0002854470436738,0.0,221.8
punjab_stubble_belt,2025-11-11,31.775,75.025,0.0002018497055147,0.0,190.3
punjab_stubble_belt,2025-11-11,31.775,75.075,7.750042892846214e-05,0.0,143.4
punjab_stubble_belt,2025-11-11,31.775,75.125,-1.526103734217329e-05,0.0,108.3
punjab_stubble_belt,2025-11-11,31.775,75.175,0.0001209762746249,0.0,159.8
punjab_stubble_belt,2025-11-11,31.775,75.225,7.215785226943098e-05,0.0,141.3
punjab_stubble_belt,2025-11-11,31.775,75.275,0.0001882336046775,0.0,185.1
punjab_stubble_belt,2025-11-11,31.775,75.3,0.0002951754844567,0.0,225.5
punjab_stubble_belt,2025-11-11,31.825,74.625,0.0002218969212871,0.0,197.8
punjab_stubble_belt,2025-11-11,31.825,74.675,0.0002449330301903,0.0,206.5
punjab_stubble_belt,2025-11-11,31.825,74.725,0.000104077999482,0.0,153.4
punjab_stubble_belt,2025-11-11,31.825,74.775,6.721882675122781e-05,0.0,139.5
punjab_stubble_belt,2025-11-11,31.825,74.825,0.0001458750109513,0.0,169.2
punjab_stubble_belt,2025-11-11,31.825,74.875,0.0002656156610705,0.0,214.3
punjab_stubble_belt,2025-11-11,31.825,74.925,0.0001803150125386,0.0,182.2
punjab_stubble_belt,2025-11-11,31.825,74.975,0.0002735627595935,0.0,217.3
punjab_stubble_belt,2025-11-11,31.825,75.025,0.0001463142125238,0.0,169.3
punjab_stubble_belt,2025-11-11,31.825,75.075,4.472313447819838e-05,0.0,131.0
punjab_stubble_belt,2025-11-11,31.825,75.125,2.879059431414081e-05,0.0,125.0
punjab_stubble_belt,2025-11-11,31.825,75.175,0.0001916347481839,0.0,186.4
punjab_stubble_belt,2025-11-11,31.825,75.225,0.0002517198889025,0.0,209.1
punjab_stubble_belt,2025-11-11,31.825,75.275,0.0002133164778938,0.0,194.6
punjab_stubble_belt,2025-11-11,31.825,75.3,0.0001987042098187,0.0,189.1
punjab_stubble_belt,2025-11-11,31.875,74.625,0.0002658523390348,0.0,214.4
punjab_stubble_belt,2025-11-11,31.875,74.675,0.00029429678784,0.0,225.2
punjab_stubble_belt,2025-11-11,31.875,74.725,0.0002388030188412,0.0,204.2
punjab_stubble_belt,2025-11-11,31.875,74.775,0.0001603673025468,0.0,174.6
punjab_stubble_belt,2025-11-11,31.875,74.825,0.0001614506626552,0.0,175.0
punjab_stubble_belt,2025-11-11,31.875,74.875,0.0002034052702861,0.0,190.9
punjab_stubble_belt,2025-11-11,31.875,74.925,0.0001364470855099,0.0,165.6
punjab_stubble_belt,2025-11-11,31.875,74.975,0.0002715089582007,0.0,216.6
punjab_stubble_belt,2025-11-11,31.875,75.025,8.344461819664091e-05,0.0,145.6
punjab_stubble_belt,2025-11-11,31.875,75.075,2.059643777406096e-05,0.0,121.9
punjab_stubble_belt,2025-11-11,31.875,75.125,0.0001243441966783,0.0,161.0
punjab_stubble_belt,2025-11-11,31.875,75.175,0.0002434888659403,0.0,206.0
punjab_stubble_belt,2025-11-11,31.875,75.225,0.0003133081322928,0.0,232.3
punjab_stubble_belt,2025-11-11,31.875,75.275,0.0002139604305126,0.0,194.8
punjab_stubble_belt,2025-11-11,31.875,75.3,0.0001416919627129,0.0,167.6
punjab_stubble_belt,2025-11-12,31.325,74.625,0.0004352367161038,0.057091457899053,288.8
punjab_stubble_belt,2025-11-12,31.325,74.675,0.0004479432843005,0.0579301480569559,293.7
punjab_stubble_belt,2025-11-12,31.325,74.725,0.0004130299207888,0.0614821331483489,281.2
punjab_stubble_belt,2025-11-12,31.325,74.775,0.0003938228959092,0.0593879136432738,273.6
punjab_stubble_belt,2025-11-12,31.325,74.825,0.0003453063745862,0.0445740512326046,252.6
punjab_stubble_belt,2025-11-12,31.325,74.875,0.0002387790250552,0.0222815531832438,208.3
punjab_stubble_belt,2025-11-12,31.325,74.925,-4.773469422673649e-05,0.0086101830877871,97.7
punjab_stubble_belt,2025-11-12,31.325,74.975,0.0001988494998206,0.0075748037561989,190.5
punjab_stubble_belt,2025-11-12,31.325,75.025,0.0004404899934052,0.0035561855917067,281.0
punjab_stubble_belt,2025-11-12,31.325,75.075,0.0005417128737743,0.0014397458488078,318.8
punjab_stubble_belt,2025-11-12,31.325,75.125,0.0004571944063091,0.0017719927340707,287.0
punjab_stubble_belt,2025-11-12,31.325,75.175,8.639007084594436e-05,0.0024057254274183,147.1
punjab_stubble_belt,2025-11-12,31.325,75.225,6.064761340323952e-05,0.0002982840152594,137.0
punjab_stubble_belt,2025-11-12,31.325,75.275,0.0001713330039226,0.0,178.8
punjab_stubble_belt,2025-11-12,31.325,75.3,0.0002449581726041,0.0,206.5
punjab_stubble_belt,2025-11-12,31.375,74.625,0.0005393525630747,0.0544787414986673,327.6
punjab_stubble_belt,2025-11-12,31.375,74.675,0.000547455706058,0.0456838939900529,329.1
punjab_stubble_belt,2025-11-12,31.375,74.725,0.0003909206860592,0.0410090528514957,269.1
punjab_stubble_belt,2025-11-12,31.375,74.775,0.0004155095904875,0.0383489094767754,277.9
punjab_stubble_belt,2025-11-12,31.375,74.825,0.0004026220107937,0.0264285118328998,270.9
punjab_stubble_belt,2025-11-12,31.375,74.875,0.0003163676528205,0.0094017814159062,235.2
punjab_stubble_belt,2025-11-12,31.375,74.925,7.154367357812737e-05,0.0029609275506929,141.6
punjab_stubble_belt,2025-11-12,31.375,74.975,0.000172200113411,0.0016203851729415,179.4
punjab_stubble_belt,2025-11-12,31.375,75.025,0.0003137900122147,0.0005435033905637,232.6
punjab_stubble_belt,2025-11-12,31.375,75.075,0.0004076196672187,0.0,267.9
punjab_stubble_belt,2025-11-12,31.375,75.125,0.0004113288644295,0.0,269.3
punjab_stubble_belt,2025-11-12,31.375,75.175,0.0001550901836548,0.0,172.6
punjab_stubble_belt,2025-11-12,31.375,75.225,0.0001348937384462,0.0,165.0
punjab_stubble_belt,2025-11-12,31.375,75.275,0.0001439475997781,0.0,168.4
punjab_stubble_belt,2025-11-12,31.375,75.3,0.0001372579487034,0.0,165.9
punjab_stubble_belt,2025-11-12,31.425,74.625,0.0005808097579598,0.0514030437120814,342.7
punjab_stubble_belt,2025-11-12,31.425,74.675,0.0005645617476645,0.0278051665113124,332.2
punjab_stubble_belt,2025-11-12,31.425,74.725,0.0003356286490913,0.0131405182245063,243.2
punjab_stubble_belt,2025-11-12,31.425,74.775,0.0003827265086379,0.0108995187934689,260.5
punjab_stubble_belt,2025-11-12,31.425,74.825,0.0003984225948851,0.0073249506226188,265.8
punjab_stubble_belt,2025-11-12,31.425,74.875,0.0003491566617716,0.0024972794279491,246.3
punjab_stubble_belt,2025-11-12,31.425,74.925,0.0001993427113124,0.0,189.3
punjab_stubble_belt,2025-11-12,31.425,74.975,0.0001180267663236,0.0,158.6
punjab_stubble_belt,2025-11-12,31.425,75.025,0.000122880278523,0.0,160.5
punjab_stubble_belt,2025-11-12,31.425,75.075,0.0002160666959348,0.0,195.6
punjab_stubble_belt,2025-11-12,31.425,75.125,0.0003558895101227,0.0,248.4
punjab_stubble_belt,2025-11-12,31.425,75.175,0.000338414876742,0.0,241.8
punjab_stubble_belt,2025-11-12,31.425,75.225,0.0003150469539434,0.0,233.0
punjab_stubble_belt,2025-11-12,31.425,75.275,0.0001391067898453,0.0,166.6
punjab_stubble_belt,2025-11-12,31.425,75.3,3.0220209628587165e-05,0.0,125.5
punjab_stubble_belt,2025-11-12,31.475,74.625,0.0004376092809969,0.0476572282398285,288.0
punjab_stubble_belt,2025-11-12,31.475,74.675,0.0002129468540064,0.0162619535061742,197.4
punjab_stubble_belt,2025-11-12,31.475,74.725,0.0001292212916438,0.0012120710687831,163.1
punjab_stubble_belt,2025-11-12,31.475,74.775,0.0001664352305342,6.542004207580868e-05,176.9
punjab_stubble_belt,2025-11-12,31.475,74.825,0.000230025734494,5.869461718951059e-05,200.9
punjab_stubble_belt,2025-11-12,31.475,74.875,0.0002933137283428,0.0,224.8
punjab_stubble_belt,2025-11-12,31.475,74.925,0.0003054929585747,0.0,229.4
punjab_stubble_belt,2025-11-12,31.475,74.975,0.0002504353333205,0.0,208.6
punjab_stubble_belt,2025-11-12,31.475,75.025,0.0001916965312044,0.0,186.4
punjab_stubble_belt,2025-11-12,31.475,75.075,0.0001668844992062,0.0,177.1
punjab_stubble_belt,2025-11-12,31.475,75.125,0.0001901457573209,0.0,185.9
punjab_stubble_belt,2025-11-12,31.475,75.175,0.0002966724512273,0.0,226.1
punjab_stubble_belt,2025-11-12,31.475,75.225,0.0002584817869407,0.0,211.7
punjab_stubble_belt,2025-11-12,31.475,75.275,0.0001212833462306,0.0,159.9
punjab_stubble_belt,2025-11-12,31.525,74.625,0.0002011004370085,0.0069807578205876,191.3
punjab_stubble_belt,2025-11-12,31.525,74.675,6.87857362315729e-05,0.0012120710687831,140.3
punjab_stubble_belt,2025-11-12,31.525,74.725,0.0001890210757346,0.0,185.4
punjab_stubble_belt,2025-11-12,31.525,74.775,0.0004055745220341,4.891218099125882e-06,267.2
punjab_stubble_belt,2025-11-12,31.525,74.825,0.0004051915254144,4.306564685714742e-06,267.0
punjab_stubble_belt,2025-11-12,31.525,74.875,0.0002861435610176,0.0,222.1
punjab_stubble_belt,2025-11-12,31.525,74.925,0.0004852520594972,0.0,297.2
punjab_stubble_belt,2025-11-12,31.525,74.975,0.0003168866626162,0.0,233.7
punjab_stubble_belt,2025-11-12,31.525,75.025,0.0003086223321417,0.0,230.6
punjab_stubble_belt,2025-11-12,31.525,75.075,0.0003250055435753,0.0,236.8
punjab_stubble_belt,2025-11-12,31.525,75.125,0.0003387314917033,0.0,241.9
punjab_stubble_belt,2025-11-12,31.525,75.175,0.000351046705733,0.0,246.6
punjab_stubble_belt,2025-11-12,31.525,75.225,0.0002613812787035,0.0,212.7
punjab_stubble_belt,2025-11-12,31.525,75.275,0.0001825882765921,0.0,183.0
punjab_stubble_belt,2025-11-12,31.525,75.3,9.113404849836345e-05,0.0,148.5
punjab_stubble_belt,2025-11-12,31.575,74.625,0.000208441219421,0.0012947656747467,193.0
punjab_stubble_belt,2025-11-12,31.575,74.675,0.0002124214889203,0.0,194.3
punjab_stubble_belt,2025-11-12,31.575,74.725,0.0002958891629904,0.0,225.8
punjab_stubble_belt,2025-11-12,31.575,74.775,0.0004247404499804,0.0,274.4
punjab_stubble_belt,2025-11-12,31.575,74.825,0.0003877752007953,0.0,260.4
punjab_stubble_belt,2025-11-12,31.575,74.875,0.0002711274965928,0.0,216.4
punjab_stubble_belt,2025-11-12,31.575,74.925,0.0004272374213311,0.0,275.3
punjab_stubble_belt,2025-11-12,31.575,74.975,0.0001033945548699,0.0,153.1
punjab_stubble_belt,2025-11-12,31.575,75.025,0.0003315547216564,0.0,239.2
punjab_stubble_belt,2025-11-12,31.575,75.075,0.0004087593533285,0.0,268.4
punjab_stubble_belt,2025-11-12,31.575,75.125,0.0002821140833851,0.0,220.6
punjab_stubble_belt,2025-11-12,31.575,75.175,0.0002742769617711,0.0,217.6
punjab_stubble_belt,2025-11-12,31.575,75.225,0.0002534521303676,0.0,209.8
punjab_stubble_belt,2025-11-12,31.575,75.275,0.000159078441204,0.0,174.1
punjab_stubble_belt,2025-11-12,31.575,75.3,0.0001112799033504,0.0,156.1
punjab_stubble_belt,2025-11-12,31.625,74.625,0.000154218228712,7.148299312157007e-05,172.3
punjab_stubble_belt,2025-11-12,31.625,74.675,0.0002736311854062,0.0,217.4
punjab_stubble_belt,2025-11-12,31.625,74.725,0.0002878211121594,0.0,222.7
punjab_stubble_belt,2025-11-12,31.625,74.775,0.0003594732804282,0.0,249.8
punjab_stubble_belt,2025-11-12,31.625,74.825,0.000387702538206,0.0,260.4
punjab_stubble_belt,2025-11-12,31.625,74.875,0.0003713349839669,0.0,254.2
punjab_stubble_belt,2025-11-12,31.625,74.925,0.0003314229678971,0.0,239.2
punjab_stubble_belt,2025-11-12,31.625,74.975,0.0001076411115814,0.0,154.7
punjab_stubble_belt,2025-11-12,31.625,75.025,0.0003422673089196,0.0,243.3
punjab_stubble_belt,2025-11-12,31.625,75.075,0.0004038597238723,0.0,266.5
punjab_stubble_belt,2025-11-12,31.625,75.125,0.0002558974673335,0.0,210.7
punjab_stubble_belt,2025-11-12,31.625,75.175,0.0002734601022218,0.0,217.3
punjab_stubble_belt,2025-11-12,31.625,75.225,0.0002489116538447,0.0,208.0
punjab_stubble_belt,2025-11-12,31.625,75.275,0.0002343475728615,0.0,202.5
punjab_stubble_belt,2025-11-12,31.625,75.3,0.000262447993601,0.0,213.1
punjab_stubble_belt,2025-11-12,31.675,74.625,8.956840317051128e-05,0.0,147.9
punjab_stubble_belt,2025-11-12,31.675,74.675,0.0002574387401148,0.0,211.3
punjab_stubble_belt,2025-11-12,31.675,74.725,0.0002308654189744,0.0,201.2
punjab_stubble_belt,2025-11-12,31.675,74.775,0.0002925316599564,0.0,224.5
punjab_stubble_belt,2025-11-12,31.675,74.825,0.0004121433271937,0.0,269.6
punjab_stubble_belt,2025-11-12,31.675,74.875,0.0005002355452774,0.0,302.9
punjab_stubble_belt,2025-11-12,31.675,74.925,0.0002923096659914,0.0,224.4
punjab_stubble_belt,2025-11-12,31.675,74.975,0.0002708797397946,0.0,216.3
punjab_stubble_belt,2025-11-12,31.675,75.025,0.0003478580180596,0.0,245.4
punjab_stubble_belt,2025-11-12,31.675,75.075,0.0003432995325522,0.0,243.7
punjab_stubble_belt,2025-11-12,31.675,75.125,0.0002681148627356,0.0,215.3
punjab_stubble_belt,2025-11-12,31.675,75.175,0.0003135569033213,0.0,232.4
punjab_stubble_belt,2025-11-12,31.675,75.225,0.0002448434782638,0.0,206.5
punjab_stubble_belt,2025-11-12,31.675,75.275,0.0003397316419565,0.0,242.3
punjab_stubble_belt,2025-11-12,31.675,75.3,0.000307054529893,0.0,230.0
punjab_stubble_belt,2025-11-12,31.725,74.625,0.0002940045442932,0.0,225.1
punjab_stubble_belt,2025-11-12,31.725,74.675,0.000309499916307,0.0,230.9
punjab_stubble_belt,2025-11-12,31.725,74.725,0.0004079585628114,0.0,268.1
punjab_stubble_belt,2025-11-12,31.725,74.775,0.0004571206581114,0.0,286.6
punjab_stubble_belt,2025-11-12,31.725,74.825,0.0004016867850834,0.0,265.7
punjab_stubble_belt,2025-11-12,31.725,74.875,0.000330718038996,0.0,238.9
punjab_stubble_belt,2025-11-12,31.725,74.925,0.0005683903873995,0.0,328.6
punjab_stubble_belt,2025-11-12,31.725,74.975,0.0002758949001479,0.0,218.2
punjab_stubble_belt,2025-11-12,31.725,75.025,0.0003178662801283,0.0,234.1
punjab_stubble_belt,2025-11-12,31.725,75.075,0.000327504945344,0.0,237.7
punjab_stubble_belt,2025-11-12,31.725,75.125,0.0002620570472435,0.0,213.0
punjab_stubble_belt,2025-11-12,31.725,75.175,0.000204058878957,0.0,191.1
punjab_stubble_belt,2025-11-12,31.725,75.225,0.0002244251445721,0.0,198.8
punjab_stubble_belt,2025-11-12,31.725,75.275,0.0001894540976664,0.0,185.6
punjab_stubble_belt,2025-11-12,31.775,74.625,6.983342373213749e-05,0.0,140.5
punjab_stubble_belt,2025-11-12,31.775,74.675,0.0001969944841823,0.0,188.4
punjab_stubble_belt,2025-11-12,31.775,74.725,0.0002484118706271,0.0,207.9
punjab_stubble_belt,2025-11-12,31.775,74.775,0.0003234035691688,0.0,236.2
punjab_stubble_belt,2025-11-12,31.775,74.825,0.0003867597143257,0.0,260.1
punjab_stubble_belt,2025-11-12,31.775,74.875,0.0004267341218196,0.0,275.1
punjab_stubble_belt,2025-11-12,31.775,74.925,0.0004317412074867,0.0,277.0
punjab_stubble_belt,2025-11-12,31.775,74.975,0.0003280199072225,0.0,237.9
punjab_stubble_belt,2025-11-12,31.775,75.025,0.0003250421744268,0.0,236.8
punjab_stubble_belt,2025-11-12,31.775,75.075,0.0003050294544187,0.0,229.2
punjab_stubble_belt,2025-11-12,31.775,75.125,0.0002372232399231,0.0,203.6
punjab_stubble_belt,2025-11-12,31.775,75.175,2.8482200882576252e-05,0.0,124.9
punjab_stubble_belt,2025-11-12,31.775,75.225,7.580734533842337e-05,0.0,142.7
punjab_stubble_belt,2025-11-12,31.775,75.275,0.0001120346484479,0.0,156.4
punjab_stubble_belt,2025-11-12,31.775,75.3,0.0001461229436808,0.0,169.2
punjab_stubble_belt,2025-11-12,31.825,74.625,0.0001320651569579,0.0,163.9
punjab_stubble_belt,2025-11-12,31.825,74.675,0.0003598369286532,0.0,249.9
punjab_stubble_belt,2025-11-12,31.825,74.725,0.0001522684661937,0.0,171.6
punjab_stubble_belt,2025-11-12,31.825,74.775,0.0002360662341725,0.0,203.2
punjab_stubble_belt,2025-11-12,31.825,74.825,0.000293363851354,0.0,224.8
punjab_stubble_belt,2025-11-12,31.825,74.875,0.0002850597242628,0.0,221.7
punjab_stubble_belt,2025-11-12,31.825,74.925,0.0001846968410803,0.0,183.8
punjab_stubble_belt,2025-11-12,31.825,74.975,0.0001649400784673,0.0,176.4
punjab_stubble_belt,2025-11-12,31.825,75.025,0.0002358861446469,0.0,203.1
punjab_stubble_belt,2025-11-12,31.825,75.075,0.0002790484987464,0.0,219.4
punjab_stubble_belt,2025-11-12,31.825,75.125,0.0002722350321776,0.0,216.8
punjab_stubble_belt,2025-11-12,31.825,75.175,0.0002106066071918,0.0,193.6
punjab_stubble_belt,2025-11-12,31.825,75.225,0.0001231449887747,0.0,160.6
punjab_stubble_belt,2025-11-12,31.825,75.275,0.0001987017927199,0.0,189.1
punjab_stubble_belt,2025-11-12,31.825,75.3,0.0002298080241837,0.0,200.8
punjab_stubble_belt,2025-11-12,31.875,74.625,0.0002978004567915,0.0,226.5
punjab_stubble_belt,2025-11-12,31.875,74.675,0.0005000431029954,0.0,302.8
punjab_stubble_belt,2025-11-12,31.875,74.725,0.0001184873883804,0.0,158.8
punjab_stubble_belt,2025-11-12,31.875,74.775,0.0002170866141544,0.0,196.0
punjab_stubble_belt,2025-11-12,31.875,74.825,0.0002543770892338,0.0,210.1
punjab_stubble_belt,2025-11-12,31.875,74.875,0.0001860377865466,0.0,184.3
punjab_stubble_belt,2025-11-12,31.875,74.925,1.363422844874724e-05,0.0,119.2
punjab_stubble_belt,2025-11-12,31.875,74.975,4.175012150570775e-05,0.0,129.9
punjab_stubble_belt,2025-11-12,31.875,75.025,0.0001926035372691,0.0,186.8
punjab_stubble_belt,2025-11-12,31.875,75.075,0.0002879901919015,0.0,222.8
punjab_stubble_belt,2025-11-12,31.875,75.125,0.0003128361719999,0.0,232.2
punjab_stubble_belt,2025-11-12,31.875,75.175,0.0003551436358729,0.0,248.1
punjab_stubble_belt,2025-11-12,31.875,75.225,0.0002544159606278,0.0,210.1
punjab_stubble_belt,2025-11-12,31.875,75.275,0.000290627333884,0.0,223.8
punjab_stubble_belt,2025-11-12,31.875,75.3,0.0003237766556117,0.0,236.3
punjab_stubble_belt,2025-11-13,31.325,74.625,0.000338811559733,0.1583703540752007,270.9
punjab_stubble_belt,2025-11-13,31.325,74.675,0.0003135006929649,0.1591175865261626,261.5
punjab_stubble_belt,2025-11-13,31.325,74.725,0.000250688882102,0.1567622760423821,237.3
punjab_stubble_belt,2025-11-13,31.325,74.775,0.0003588376733169,0.1568292868741547,278.2
punjab_stubble_belt,2025-11-13,31.325,74.825,0.0003371542855251,0.1544868320768504,269.6
punjab_stubble_belt,2025-11-13,31.325,74.875,0.000226358823894,0.1512060184658105,227.1
punjab_stubble_belt,2025-11-13,31.325,74.925,0.0002417810027035,0.1531562413985021,233.3
punjab_stubble_belt,2025-11-13,31.325,74.975,0.0003836153691032,0.1508374881170063,286.4
punjab_stubble_belt,2025-11-13,31.325,75.025,0.0005200008142481,0.1525779106285691,338.2
punjab_stubble_belt,2025-11-13,31.325,75.075,0.0005086500071203,0.1536431650958289,334.1
punjab_stubble_belt,2025-11-13,31.325,75.125,0.000352964770066,0.1534779477383595,275.3
punjab_stubble_belt,2025-11-13,31.325,75.175,0.0001917855672785,0.1530260903939,214.4
punjab_stubble_belt,2025-11-13,31.325,75.225,0.0002044575565152,0.1518810671296343,219.0
punjab_stubble_belt,2025-11-13,31.325,75.275,0.0002020332562375,0.1484787304675185,217.5
punjab_stubble_belt,2025-11-13,31.325,75.3,0.0002050162973603,0.1465613017239788,218.2
punjab_stubble_belt,2025-11-13,31.375,74.625,0.0003619129671997,0.1558364413505688,279.2
punjab_stubble_belt,2025-11-13,31.375,74.675,0.0002854588433189,0.1551818594164231,250.2
punjab_stubble_belt,2025-11-13,31.375,74.725,0.0002276305008333,0.1545535282061042,228.2
punjab_stubble_belt,2025-11-13,31.375,74.775,0.0002615828377429,0.1543503532475429,241.0
punjab_stubble_belt,2025-11-13,31.375,74.825,0.0002777464880503,0.1516137791342116,246.6
punjab_stubble_belt,2025-11-13,31.375,74.875,0.000261851995283,0.1479767168042557,240.0
punjab_stubble_belt,2025-11-13,31.375,74.925,0.0002037001979586,0.1498204202233538,218.3
punjab_stubble_belt,2025-11-13,31.375,74.975,0.0002669302093736,0.1479883441181657,241.9
punjab_stubble_belt,2025-11-13,31.375,75.025,0.0004210046945338,0.1485800901919919,300.1
punjab_stubble_belt,2025-11-13,31.375,75.075,0.0004701624906113,0.1491486973777947,318.8
punjab_stubble_belt,2025-11-13,31.375,75.125,0.0004001375882558,0.1495415693248853,292.4
punjab_stubble_belt,2025-11-13,31.375,75.175,0.000273424919432,0.1507957209864475,244.8
punjab_stubble_belt,2025-11-13,31.375,75.225,0.0002838449371135,0.1489327063627973,248.4
punjab_stubble_belt,2025-11-13,31.375,75.275,0.0002561088730193,0.1467759436182689,237.6
punjab_stubble_belt,2025-11-13,31.375,75.3,0.0002431919753024,0.1454649169497124,232.5
punjab_stubble_belt,2025-11-13,31.425,74.625,0.0003483010083988,0.1532632720263188,273.5
punjab_stubble_belt,2025-11-13,31.425,74.675,0.0002332366747129,0.1506584986171777,229.6
punjab_stubble_belt,2025-11-13,31.425,74.725,0.0002366227969624,0.1521081261130446,231.2
punjab_stubble_belt,2025-11-13,31.425,74.775,0.0001651457051164,0.1513438599240018,204.1
punjab_stubble_belt,2025-11-13,31.425,74.825,0.0001700246889288,0.1484854766024981,205.4
punjab_stubble_belt,2025-11-13,31.425,74.875,0.0002151164125673,0.1449524523843662,221.8
punjab_stubble_belt,2025-11-13,31.425,74.925,0.0001500545895135,0.1448600141931816,197.2
punjab_stubble_belt,2025-11-13,31.425,74.975,0.0001065348353446,0.144999737687856,180.8
punjab_stubble_belt,2025-11-13,31.425,75.025,0.0002356696534245,0.1449627249103195,229.5
punjab_stubble_belt,2025-11-13,31.425,75.075,0.0003673873355606,0.145376917775933,279.3
punjab_stubble_belt,2025-11-13,31.425,75.125,0.0004464751718576,0.1463326918110293,309.3
punjab_stubble_belt,2025-11-13,31.425,75.175,0.0003261761918919,0.1477648261851779,264.2
punjab_stubble_belt,2025-11-13,31.425,75.225,0.0002646277748499,0.1456458480046205,240.6
punjab_stubble_belt,2025-11-13,31.425,75.275,0.0002705276312556,0.14469492334773,242.6
punjab_stubble_belt,2025-11-13,31.425,75.3,0.0002511355545998,0.1432346664733561,235.0
punjab_stubble_belt,2025-11-13,31.475,74.625,0.0001717532153285,0.1533441440048768,206.9
punjab_stubble_belt,2025-11-13,31.475,74.675,0.000220151767293,0.148917568724346,224.4
punjab_stubble_belt,2025-11-13,31.475,74.725,0.0004418232915719,0.1518347076657282,308.6
punjab_stubble_belt,2025-11-13,31.475,74.775,0.0004583471120292,0.1499372123478978,314.5
punjab_stubble_belt,2025-11-13,31.475,74.825,0.0003052294199985,0.1479839765675574,256.3
punjab_stubble_belt,2025-11-13,31.475,74.875,9.584399882356774e-05,0.145808638594751,176.9
punjab_stubble_belt,2025-11-13,31.475,74.925,0.0001858478841133,0.1407853309592367,210.0
punjab_stubble_belt,2025-11-13,31.475,74.975,0.0001923509569515,0.1418053606281646,212.6
punjab_stubble_belt,2025-11-13,31.475,75.025,0.0002425611078279,0.141747338650388,231.5
punjab_stubble_belt,2025-11-13,31.475,75.075,0.0003598721361547,0.1425780656060057,276.0
punjab_stubble_belt,2025-11-13,31.475,75.125,0.0004803635014595,0.1442183341292915,321.7
punjab_stubble_belt,2025-11-13,31.475,75.175,0.0002758690743559,0.1448438518811144,244.7
punjab_stubble_belt,2025-11-13,31.475,75.225,0.0001313979619666,0.1436663429725624,189.9
punjab_stubble_belt,2025-11-13,31.475,75.275,0.0001669298304584,0.1423466474109379,203.1
punjab_stubble_belt,2025-11-13,31.525,74.625,0.0002124967217795,0.1522630905454122,222.1
punjab_stubble_belt,2025-11-13,31.525,74.675,0.0002453227589319,0.1525233659259711,234.5
punjab_stubble_belt,2025-11-13,31.525,74.725,0.0003047827701514,0.1518607324420278,256.9
punjab_stubble_belt,2025-11-13,31.525,74.775,0.0002745403236542,0.1497957584407396,245.1
punjab_stubble_belt,2025-11-13,31.525,74.825,0.0002066970111002,0.1476909954607775,219.1
punjab_stubble_belt,2025-11-13,31.525,74.875,0.0001406650028495,0.1452739457107219,193.7
punjab_stubble_belt,2025-11-13,31.525,74.925,0.0001830935796328,0.1404965341341251,208.9
punjab_stubble_belt,2025-11-13,31.525,74.975,0.0002737778978222,0.1401446338303899,243.0
punjab_stubble_belt,2025-11-13,31.525,75.025,0.0003266039897146,0.1362575698037112,262.3
punjab_stubble_belt,2025-11-13,31.525,75.075,0.0002772917334362,0.1345030091218625,243.3
punjab_stubble_belt,2025-11-13,31.525,75.125,0.0001902585744432,0.135219785736442,210.6
punjab_stubble_belt,2025-11-13,31.525,75.175,0.0004344693964336,0.1338201827477957,302.5
punjab_stubble_belt,2025-11-13,31.525,75.225,0.0004733782152385,0.1352231357969422,317.5
punjab_stubble_belt,2025-11-13,31.525,75.275,0.0003852024455628,0.1356872758983127,284.3
punjab_stubble_belt,2025-11-13,31.525,75.3,0.0002696318761528,0.1384656362898514,241.2
punjab_stubble_belt,2025-11-13,31.575,74.625,0.0002549631489252,0.1510742396138305,237.9
punjab_stubble_belt,2025-11-13,31.575,74.675,0.0002783108440864,0.1525795371139415,247.0
punjab_stubble_belt,2025-11-13,31.575,74.725,0.0002926212925569,0.1505439122509217,252.0
punjab_stubble_belt,2025-11-13,31.575,74.775,0.0002848064073852,0.1492141102946348,248.8
punjab_stubble_belt,2025-11-13,31.575,74.825,0.0002562814186273,0.1471996063646421,237.7
punjab_stubble_belt,2025-11-13,31.575,74.875,0.0002068889442682,0.1444741081507638,218.6
punjab_stubble_belt,2025-11-13,31.575,74.925,0.000123293313614,0.1408546420465523,186.4
punjab_stubble_belt,2025-11-13,31.575,74.975,0.0003040928756099,0.1397284810396212,254.4
punjab_stubble_belt,2025-11-13,31.575,75.025,0.0003759862830171,0.1353900248333358,280.7
punjab_stubble_belt,2025-11-13,31.575,75.075,0.0003270335250229,0.1331999617428148,261.9
punjab_stubble_belt,2025-11-13,31.575,75.125,0.0002020613160463,0.1332309251467891,214.7
punjab_stubble_belt,2025-11-13,31.575,75.175,0.0002449105307564,0.1308143513068277,230.4
punjab_stubble_belt,2025-11-13,31.575,75.225,0.0002455945169225,0.131419102189163,230.8
punjab_stubble_belt,2025-11-13,31.575,75.275,0.0002784820669585,0.1335381279966329,243.6
punjab_stubble_belt,2025-11-13,31.575,75.3,0.0003084008060438,0.134983861998136,255.1
punjab_stubble_belt,2025-11-13,31.625,74.625,0.0002032504087153,0.1478749754783349,217.8
punjab_stubble_belt,2025-11-13,31.625,74.675,0.0001808166900849,0.14911841636769,209.6
punjab_stubble_belt,2025-11-13,31.625,74.725,0.0002622343517039,0.147438856159484,240.0
punjab_stubble_belt,2025-11-13,31.625,74.775,0.0002621432890549,0.1470566933482605,239.9
punjab_stubble_belt,2025-11-13,31.625,74.825,0.0002608369122643,0.1455803386183654,239.1
punjab_stubble_belt,2025-11-13,31.625,74.875,0.0002560290862759,0.1432212419290166,236.9
punjab_stubble_belt,2025-11-13,31.625,74.925,0.0002115293898838,0.1411348361504052,219.7
punjab_stubble_belt,2025-11-13,31.625,74.975,0.0003835898017192,0.1374924473972003,284.0
punjab_stubble_belt,2025-11-13,31.625,75.025,0.0003604457739784,0.1340634836310424,274.6
punjab_stubble_belt,2025-11-13,31.625,75.075,0.0002678666072711,0.1320133989313275,239.3
punjab_stubble_belt,2025-11-13,31.625,75.125,0.0001607815163467,0.1312554772758619,198.8
punjab_stubble_belt,2025-11-13,31.625,75.175,0.0001945253811486,0.1293344209493187,211.1
punjab_stubble_belt,2025-11-13,31.625,75.225,0.0001655803420378,0.1294860378066752,200.2
punjab_stubble_belt,2025-11-13,31.625,75.275,0.0001665682896944,0.1319085480377428,201.1
punjab_stubble_belt,2025-11-13,31.625,75.3,0.0001443445187878,0.1332467422284147,192.9
punjab_stubble_belt,2025-11-13,31.675,74.625,0.0001411340822173,0.1438171979487439,193.6
punjab_stubble_belt,2025-11-13,31.675,74.675,6.733353938638172e-05,0.1441111338992909,165.8
punjab_stubble_belt,2025-11-13,31.675,74.725,0.0002104196420138,0.1440886936585705,219.8
punjab_stubble_belt,2025-11-13,31.675,74.775,0.0001948850530377,0.1445114791477068,214.0
punjab_stubble_belt,2025-11-13,31.675,74.825,0.0002104447810488,0.1436778500036152,219.8
punjab_stubble_belt,2025-11-13,31.675,74.875,0.0002718501988861,0.1419667729181408,242.6
punjab_stubble_belt,2025-11-13,31.675,74.925,0.0003754913987514,0.1408911647281486,281.5
punjab_stubble_belt,2025-11-13,31.675,74.975,0.0004713914716775,0.1345495936500451,316.6
punjab_stubble_belt,2025-11-13,31.675,75.025,0.0003124651405024,0.1323429987426116,256.2
punjab_stubble_belt,2025-11-13,31.675,75.075,0.0001610636036478,0.1306531374571918,198.8
punjab_stubble_belt,2025-11-13,31.675,75.125,9.039094478067751e-05,0.129181609271389,171.8
punjab_stubble_belt,2025-11-13,31.675,75.175,0.0002527285622229,0.1287047763544937,233.0
punjab_stubble_belt,2025-11-13,31.675,75.225,0.0002301316492742,0.1287398716715151,224.5
punjab_stubble_belt,2025-11-13,31.675,75.275,0.0001306274472297,0.1304695678462715,187.2
punjab_stubble_belt,2025-11-13,31.675,75.3,0.0002232258022199,0.1309183861186458,222.3
punjab_stubble_belt,2025-11-13,31.725,74.625,0.0004026392376495,0.1431834614212015,292.2
punjab_stubble_belt,2025-11-13,31.725,74.675,0.0003732164045689,0.1437112154892937,281.2
punjab_stubble_belt,2025-11-13,31.725,74.725,0.000165192430462,0.1453748983786651,203.0
punjab_stubble_belt,2025-11-13,31.725,74.775,0.0001019578433527,0.1456490211881308,179.2
punjab_stubble_belt,2025-11-13,31.725,74.825,0.00012514233884,0.1445878866490874,187.7
punjab_stubble_belt,2025-11-13,31.725,74.875,0.000211920548392,0.1422967477429018,220.1
punjab_stubble_belt,2025-11-13,31.725,74.925,0.0003140499917998,0.1387605869570737,258.0
punjab_stubble_belt,2025-11-13,31.725,74.975,0.000391675270782,0.1355983179303617,286.7
punjab_stubble_belt,2025-11-13,31.725,75.025,0.0003506881889048,0.1323591287557614,270.6
punjab_stubble_belt,2025-11-13,31.725,75.075,0.0002719799769469,0.1299388390891187,240.5
punjab_stubble_belt,2025-11-13,31.725,75.125,0.0001843957171829,0.128657002230662,207.2
punjab_stubble_belt,2025-11-13,31.725,75.175,0.0001488787988998,0.1285757993252219,193.8
punjab_stubble_belt,2025-11-13,31.725,75.225,0.0002064721891136,0.1272573684321146,215.3
punjab_stubble_belt,2025-11-13,31.725,75.275,0.0003512509706717,0.1288139322729736,270.2
punjab_stubble_belt,2025-11-13,31.775,74.625,0.0004500914190342,0.1430995667170828,310.1
punjab_stubble_belt,2025-11-13,31.775,74.675,0.0004048560273273,0.1433957123679676,293.1
punjab_stubble_belt,2025-11-13,31.775,74.725,0.000265637295267,0.1464921332389493,241.1
punjab_stubble_belt,2025-11-13,31.775,74.775,0.0003076040689408,0.1466177698644349,257.0
punjab_stubble_belt,2025-11-13,31.775,74.825,0.0003383681363765,0.1455190338771853,268.4
punjab_stubble_belt,2025-11-13,31.775,74.875,0.0003431621835639,0.1434153887145415,269.8
punjab_stubble_belt,2025-11-13,31.775,74.925,0.0003203906382481,0.1397769550387808,260.5
punjab_stubble_belt,2025-11-13,31.775,74.975,0.0002864096149815,0.1370237817757422,247.2
punjab_stubble_belt,2025-11-13,31.775,75.025,0.0002633993922871,0.1319956461378751,237.6
punjab_stubble_belt,2025-11-13,31.775,75.075,0.0002631057147631,0.1291472353252574,237.0
punjab_stubble_belt,2025-11-13,31.775,75.125,0.000271946292844,0.1284235728995598,240.2
punjab_stubble_belt,2025-11-13,31.775,75.175,0.0002062971796416,0.1249451765992442,214.8
punjab_stubble_belt,2025-11-13,31.775,75.225,0.0001753256894039,0.1247496565143815,203.1
punjab_stubble_belt,2025-11-13,31.775,75.275,0.0002355401974841,0.1245540107196081,225.7
punjab_stubble_belt,2025-11-13,31.775,75.3,0.0003502199760076,0.1269034485568847,269.5
punjab_stubble_belt,2025-11-13,31.825,74.625,0.0003235166327821,0.1458745431316092,262.8
punjab_stubble_belt,2025-11-13,31.825,74.675,0.0003010338027421,0.1444707885405357,254.1
punjab_stubble_belt,2025-11-13,31.825,74.725,0.0002757250514376,0.1444717409846539,244.5
punjab_stubble_belt,2025-11-13,31.825,74.775,0.0003631414949941,0.144022177550252,277.5
punjab_stubble_belt,2025-11-13,31.825,74.825,0.0003681749397232,0.1430051316238093,279.2
punjab_stubble_belt,2025-11-13,31.825,74.875,0.0003117827583333,0.1409979392609823,257.5
punjab_stubble_belt,2025-11-13,31.825,74.925,0.0003165674048968,0.1364134638683336,258.5
punjab_stubble_belt,2025-11-13,31.825,74.975,0.0002964545784591,0.1348385496147894,250.6
punjab_stubble_belt,2025-11-13,31.825,75.025,0.000264562056112,0.1294965136826783,237.6
punjab_stubble_belt,2025-11-13,31.825,75.075,0.0002535199594762,0.1265635551899271,232.9
punjab_stubble_belt,2025-11-13,31.825,75.125,0.0002677804538197,0.1257198142559125,238.1
punjab_stubble_belt,2025-11-13,31.825,75.175,0.0003005330909803,0.1192353673902587,249.3
punjab_stubble_belt,2025-11-13,31.825,75.225,0.0002795219112457,0.120074189748935,241.5
punjab_stubble_belt,2025-11-13,31.825,75.275,0.0003048856961815,0.1190122207423428,250.9
punjab_stubble_belt,2025-11-13,31.825,75.3,0.0003099324063192,0.1194260311541103,252.9
punjab_stubble_belt,2025-11-13,31.875,74.625,0.0002234309238184,0.1487816035167339,225.6
punjab_stubble_belt,2025-11-13,31.875,74.675,0.0002197143009531,0.1471639784203572,223.9
punjab_stubble_belt,2025-11-13,31.875,74.725,0.0003306374781505,0.1418457212690314,264.8
punjab_stubble_belt,2025-11-13,31.875,74.775,0.0003874348652369,0.1405166301340942,286.0
punjab_stubble_belt,2025-11-13,31.875,74.825,0.0003678427225058,0.1390335724628112,278.3
punjab_stubble_belt,2025-11-13,31.875,74.875,0.0002934210577167,0.1367414346545071,249.8
punjab_stubble_belt,2025-11-13,31.875,74.925,0.0002284534547908,0.1322285024223,224.5
punjab_stubble_belt,2025-11-13,31.875,74.975,0.0002023515361421,0.1312550912906043,214.4
punjab_stubble_belt,2025-11-13,31.875,75.025,0.0002597589980225,0.1260936327317452,235.2
punjab_stubble_belt,2025-11-13,31.875,75.075,0.0002962227087284,0.1234803209668906,248.5
punjab_stubble_belt,2025-11-13,31.875,75.125,0.0003123680364812,0.1228912387919696,254.4
punjab_stubble_belt,2025-11-13,31.875,75.175,0.0004062906495875,0.1153939123342303,288.5
punjab_stubble_belt,2025-11-13,31.875,75.225,0.0003169167827555,0.1169814336605265,255.1
punjab_stubble_belt,2025-11-13,31.875,75.275,0.0003276981211371,0.1154230281189876,258.9
punjab_stubble_belt,2025-11-13,31.875,75.3,0.000338766282107,0.1139463594020349,262.8
punjab_stubble_belt,2025-11-14,31.325,74.625,0.0003114799762816,0.1469910756215403,258.5
punjab_stubble_belt,2025-11-14,31.325,74.675,0.0004502860758873,0.1540414188150738,312.2
punjab_stubble_belt,2025-11-14,31.325,74.725,0.0004213255553023,0.1562575748720908,301.7
punjab_stubble_belt,2025-11-14,31.325,74.775,0.0002907223343395,0.1541045295718515,252.0
punjab_stubble_belt,2025-11-14,31.325,74.825,0.0002677195294554,0.149376093174366,242.4
punjab_stubble_belt,2025-11-14,31.325,74.875,0.0003583623753456,0.144880153231196,275.8
punjab_stubble_belt,2025-11-14,31.325,74.925,0.0005362740832964,0.1493940055766126,343.8
punjab_stubble_belt,2025-11-14,31.325,74.975,0.000554044475358,0.1496885570938416,350.5
punjab_stubble_belt,2025-11-14,31.325,75.025,0.0005757826800164,0.1524393593025824,359.2
punjab_stubble_belt,2025-11-14,31.325,75.075,0.0005341762009417,0.1536628902137053,343.8
punjab_stubble_belt,2025-11-14,31.325,75.125,0.0004231490735625,0.1527994738779415,301.7
punjab_stubble_belt,2025-11-14,31.325,75.175,0.0002460358834086,0.1504101419472011,234.4
punjab_stubble_belt,2025-11-14,31.325,75.225,0.0001963832975048,0.1423660302912931,214.2
punjab_stubble_belt,2025-11-14,31.325,75.275,0.000228071794119,0.1335576854589297,224.6
punjab_stubble_belt,2025-11-14,31.325,75.3,0.0002632834189213,0.1299313118590108,237.2
punjab_stubble_belt,2025-11-14,31.375,74.625,0.0002863622633988,0.1459863128872986,248.8
punjab_stubble_belt,2025-11-14,31.375,74.675,0.0003824949969091,0.1550323531532292,286.8
punjab_stubble_belt,2025-11-14,31.375,74.725,0.0003667368212083,0.1511580526750386,280.1
punjab_stubble_belt,2025-11-14,31.375,74.775,0.0003101791887856,0.1489114450034757,258.4
punjab_stubble_belt,2025-11-14,31.375,74.825,0.0003265980053879,0.143882651414441,263.6
punjab_stubble_belt,2025-11-14,31.375,74.875,0.0004166845014215,0.1387641860768939,296.7
punjab_stubble_belt,2025-11-14,31.375,74.925,0.0005655477723438,0.1440987424580441,353.9
punjab_stubble_belt,2025-11-14,31.375,74.975,0.0005598039431009,0.1445007392651799,351.8
punjab_stubble_belt,2025-11-14,31.375,75.025,0.0005330768965821,0.1476063479443285,342.2
punjab_stubble_belt,2025-11-14,31.375,75.075,0.0004684763177125,0.1492522720519962,318.2
punjab_stubble_belt,2025-11-14,31.375,75.125,0.0003697563807871,0.1487247276084991,280.8
punjab_stubble_belt,2025-11-14,31.375,75.175,0.0002367088973329,0.1453539795195753,230.0
punjab_stubble_belt,2025-11-14,31.375,75.225,0.0001958773340753,0.1389855213659342,213.4
punjab_stubble_belt,2025-11-14,31.375,75.275,0.0001374783332601,0.1285032478421055,189.5
punjab_stubble_belt,2025-11-14,31.375,75.3,8.288473039614298e-05,0.1215597899147138,167.6
punjab_stubble_belt,2025-11-14,31.425,74.625,0.0002708250005238,0.144888727184213,242.8
punjab_stubble_belt,2025-11-14,31.425,74.675,0.000257864532626,0.1547411791387412,239.7
punjab_stubble_belt,2025-11-14,31.425,74.725,0.0002689588738385,0.1449778008661479,242.1
punjab_stubble_belt,2025-11-14,31.425,74.775,0.0002733236024815,0.1431200053651379,243.4
punjab_stubble_belt,2025-11-14,31.425,74.825,0.0003340110232502,0.138725364527841,265.5
punjab_stubble_belt,2025-11-14,31.425,74.875,0.0004408244467404,0.1339660253332059,304.9
punjab_stubble_belt,2025-11-14,31.425,74.925,0.0005550975896679,0.1390748201575537,349.0
punjab_stubble_belt,2025-11-14,31.425,74.975,0.0005663406615145,0.1396531394621841,353.3
punjab_stubble_belt,2025-11-14,31.425,75.025,0.0005268513908047,0.1423040792639237,338.9
punjab_stubble_belt,2025-11-14,31.425,75.075,0.0004476428037005,0.1438286344594288,309.3
punjab_stubble_belt,2025-11-14,31.425,75.125,0.0003454741820484,0.1432554674706071,270.6
punjab_stubble_belt,2025-11-14,31.425,75.175,0.0003076343716545,0.1380598570648964,255.4
punjab_stubble_belt,2025-11-14,31.425,75.225,0.0002806698462546,0.1338623435422848,244.5
punjab_stubble_belt,2025-11-14,31.425,75.275,9.330559679751707e-05,0.1230913474733599,171.8
punjab_stubble_belt,2025-11-14,31.425,75.3,6.314225740810975e-05,0.1163958775095649,159.2
punjab_stubble_belt,2025-11-14,31.475,74.625,9.970857234345502e-05,0.1433527173598814,177.9
punjab_stubble_belt,2025-11-14,31.475,74.675,4.566813004203289e-05,0.1500597298145342,158.7
punjab_stubble_belt,2025-11-14,31.475,74.725,5.643898868127216e-05,0.1411733437324492,161.2
punjab_stubble_belt,2025-11-14,31.475,74.775,5.736543829005368e-05,0.1404089860164051,161.4
punjab_stubble_belt,2025-11-14,31.475,74.825,0.0001933026851041,0.1383254312427518,212.3
punjab_stubble_belt,2025-11-14,31.475,74.875,0.0003924700471472,0.1360434905709754,287.1
punjab_stubble_belt,2025-11-14,31.475,74.925,0.0003835792042094,0.1403762779750257,284.5
punjab_stubble_belt,2025-11-14,31.475,74.975,0.0005334869305264,0.1406323070933772,341.1
punjab_stubble_belt,2025-11-14,31.475,75.025,0.0007369575070545,0.1411580130672461,418.0
punjab_stubble_belt,2025-11-14,31.475,75.075,0.0006705019334085,0.1404964790462588,392.8
punjab_stubble_belt,2025-11-14,31.475,75.125,0.0003828678717164,0.1379725297940434,283.8
punjab_stubble_belt,2025-11-14,31.475,75.175,0.0003994612820402,0.1309194374735685,288.8
punjab_stubble_belt,2025-11-14,31.475,75.225,0.0004034078222078,0.1279563700237603,289.7
punjab_stubble_belt,2025-11-14,31.475,75.275,0.0002810110436241,0.1206787149614895,242.2
punjab_stubble_belt,2025-11-14,31.525,74.625,0.0003054256043177,0.1413152749800919,255.2
punjab_stubble_belt,2025-11-14,31.525,74.675,0.0002997571882914,0.139846262339069,252.8
punjab_stubble_belt,2025-11-14,31.525,74.725,0.0004062249801354,0.1333017658316397,291.8
punjab_stubble_belt,2025-11-14,31.525,74.775,0.0004011716128483,0.1338805430607603,290.0
punjab_stubble_belt,2025-11-14,31.525,74.825,0.0004011797459214,0.1360225620791499,290.4
punjab_stubble_belt,2025-11-14,31.525,74.875,0.0003929187578177,0.1391010476541273,287.8
punjab_stubble_belt,2025-11-14,31.525,74.925,0.0002995694056357,0.1429650491848465,253.3
punjab_stubble_belt,2025-11-14,31.525,74.975,0.0003925797798159,0.1402280337616097,287.9
punjab_stubble_belt,2025-11-14,31.525,75.025,0.00037381978551,0.1367657030517253,280.2
punjab_stubble_belt,2025-11-14,31.525,75.075,0.0002795331043097,0.1327805467067734,243.9
punjab_stubble_belt,2025-11-14,31.525,75.125,0.0001696674451983,0.1282128307756195,201.6
punjab_stubble_belt,2025-11-14,31.525,75.175,0.0002519925089546,0.1197763345044375,231.1
punjab_stubble_belt,2025-11-14,31.525,75.225,0.0002519886916896,0.1195564399842808,231.0
punjab_stubble_belt,2025-11-14,31.525,75.275,0.0003379819391804,0.1184832519186406,263.3
punjab_stubble_belt,2025-11-14,31.525,75.3,0.0003046968054745,0.1170162116374403,250.5
punjab_stubble_belt,2025-11-14,31.575,74.625,0.0002623842950411,0.1341389801310167,237.6
punjab_stubble_belt,2025-11-14,31.575,74.675,0.0002617689891803,0.1325113884304443,237.1
punjab_stubble_belt,2025-11-14,31.575,74.725,0.0004774229427793,0.1297926901242917,318.0
punjab_stubble_belt,2025-11-14,31.575,74.775,0.0004658881691629,0.1316492071324398,314.0
punjab_stubble_belt,2025-11-14,31.575,74.825,0.0004158859698475,0.135022143184438,295.7
punjab_stubble_belt,2025-11-14,31.575,74.875,0.0003299783504618,0.1389826862265214,264.0
punjab_stubble_belt,2025-11-14,31.575,74.925,0.0001356581468334,0.1422356537857508,191.3
punjab_stubble_belt,2025-11-14,31.575,74.975,0.0003449229056753,0.1378700845365624,269.5
punjab_stubble_belt,2025-11-14,31.575,75.025,0.0003281740149563,0.13312424038249,262.3
punjab_stubble_belt,2025-11-14,31.575,75.075,0.0002671264049336,0.1287337068747287,238.4
punjab_stubble_belt,2025-11-14,31.575,75.125,0.0002116775567731,0.1244611408298301,216.7
punjab_stubble_belt,2025-11-14,31.575,75.175,0.0002729040204283,0.1166659518808417,238.4
punjab_stubble_belt,2025-11-14,31.575,75.225,0.0002672917716527,0.1167341694460578,236.3
punjab_stubble_belt,2025-11-14,31.575,75.275,0.0003410825006414,0.1171079950679248,264.2
punjab_stubble_belt,2025-11-14,31.575,75.3,0.0003949465803568,0.1174708712656041,284.6
punjab_stubble_belt,2025-11-14,31.625,74.625,0.0001706566567521,0.1308451552534662,202.4
punjab_stubble_belt,2025-11-14,31.625,74.675,0.000170603283898,0.1300053800788501,202.2
punjab_stubble_belt,2025-11-14,31.625,74.725,0.0005384046256358,0.1303119592599812,341.1
punjab_stubble_belt,2025-11-14,31.625,74.775,0.0004839239487137,0.1316868630450554,320.8
punjab_stubble_belt,2025-11-14,31.625,74.825,0.0004008984570255,0.1335647776320823,289.8
punjab_stubble_belt,2025-11-14,31.625,74.875,0.0003214432451056,0.1353991329941097,260.1
punjab_stubble_belt,2025-11-14,31.625,74.925,0.0002040420413987,0.1358277324657898,215.9
punjab_stubble_belt,2025-11-14,31.625,74.975,0.0004401868987077,0.1302851078721367,304.0
punjab_stubble_belt,2025-11-14,31.625,75.025,0.000296168654871,0.1245718438963781,248.6
punjab_stubble_belt,2025-11-14,31.625,75.075,0.0001766361666525,0.120456345797672,202.8
punjab_stubble_belt,2025-11-14,31.625,75.125,0.0001788203229848,0.117909431321275,203.1
punjab_stubble_belt,2025-11-14,31.625,75.175,0.0004437086951645,0.1125669480659507,302.1
punjab_stubble_belt,2025-11-14,31.625,75.225,0.0003986157596003,0.1131504298016173,285.2
punjab_stubble_belt,2025-11-14,31.625,75.275,0.0003378145470877,0.1148384999075757,262.6
punjab_stubble_belt,2025-11-14,31.625,75.3,0.0002841764780347,0.115623372689603,242.5
punjab_stubble_belt,2025-11-14,31.675,74.625,0.0001052598871632,0.1306171675537242,177.7
punjab_stubble_belt,2025-11-14,31.675,74.675,0.000100953982498,0.1305613393871125,176.1
punjab_stubble_belt,2025-11-14,31.675,74.725,0.0005392662012215,0.1321986407178341,341.8
punjab_stubble_belt,2025-11-14,31.675,74.775,0.0004583088239404,0.1315207653712504,311.1
punjab_stubble_belt,2025-11-14,31.675,74.825,0.0003636553896721,0.1300253734718331,275.1
punjab_stubble_belt,2025-11-14,31.675,74.875,0.0003212930299804,0.1278499555126153,258.7
punjab_stubble_belt,2025-11-14,31.675,74.925,0.0003947680088337,0.1242900134507894,285.8
punjab_stubble_belt,2025-11-14,31.675,74.975,0.0005746399677115,0.1186594748032493,352.6
punjab_stubble_belt,2025-11-14,31.675,75.025,0.000260936005449,0.1126465889160298,233.2
punjab_stubble_belt,2025-11-14,31.675,75.075,6.105996723909618e-05,0.1094036097667987,157.1
punjab_stubble_belt,2025-11-14,31.675,75.125,0.0001099038651501,0.1090259883323119,175.5
punjab_stubble_belt,2025-11-14,31.675,75.175,0.0006097870469494,0.1070009550250495,363.8
punjab_stubble_belt,2025-11-14,31.675,75.225,0.0005248875721586,0.1083324957268638,332.0
punjab_stubble_belt,2025-11-14,31.675,75.275,0.0003151318395584,0.110904369265132,253.3
punjab_stubble_belt,2025-11-14,31.675,75.3,0.0001873567531322,0.1082090882595788,204.6
punjab_stubble_belt,2025-11-14,31.725,74.625,0.0002651068236171,0.1275464471014152,237.5
punjab_stubble_belt,2025-11-14,31.725,74.675,0.0002232702078911,0.1271540556396324,221.6
punjab_stubble_belt,2025-11-14,31.725,74.725,0.000202630339345,0.125824667378295,213.6
punjab_stubble_belt,2025-11-14,31.725,74.775,0.0003176835837974,0.1226337661384116,256.4
punjab_stubble_belt,2025-11-14,31.725,74.825,0.0002647841550582,0.1180881471016687,235.6
punjab_stubble_belt,2025-11-14,31.725,74.875,0.0001203341960446,0.1128963814084133,180.1
punjab_stubble_belt,2025-11-14,31.725,74.925,0.000238347483815,0.1084620695958948,223.9
punjab_stubble_belt,2025-11-14,31.725,74.975,0.000372748077339,0.1059410713727346,274.1
punjab_stubble_belt,2025-11-14,31.725,75.025,0.0002852288925026,0.1026274634351004,240.5
punjab_stubble_belt,2025-11-14,31.725,75.075,0.0002240077082584,0.1009088101508394,217.1
punjab_stubble_belt,2025-11-14,31.725,75.125,0.000225851051822,0.1008833457340721,217.8
punjab_stubble_belt,2025-11-14,31.725,75.175,0.0002573094062845,0.1003705431990598,229.5
punjab_stubble_belt,2025-11-14,31.725,75.225,0.0002497434130522,0.1012064344860204,226.8
punjab_stubble_belt,2025-11-14,31.725,75.275,0.0002112861451424,0.1018980842340518,212.5
punjab_stubble_belt,2025-11-14,31.775,74.625,0.0003489500476452,0.1240111063410215,268.4
punjab_stubble_belt,2025-11-14,31.775,74.675,0.0003033663930814,0.1229906852033657,251.1
punjab_stubble_belt,2025-11-14,31.775,74.725,0.0002954131180544,0.1204668332401422,247.6
punjab_stubble_belt,2025-11-14,31.775,74.775,0.0003914703369127,0.1175534293858428,283.3
punjab_stubble_belt,2025-11-14,31.775,74.825,0.0003557922998472,0.113070767396855,269.0
punjab_stubble_belt,2025-11-14,31.775,74.875,0.0002497224156575,0.1076513948794355,228.0
punjab_stubble_belt,2025-11-14,31.775,74.925,0.0003360043157103,0.103310364203093,259.8
punjab_stubble_belt,2025-11-14,31.775,74.975,0.0003640749828069,0.1021087086303083,270.2
punjab_stubble_belt,2025-11-14,31.775,75.025,0.0002958085950227,0.0989716973258131,243.8
punjab_stubble_belt,2025-11-14,31.775,75.075,0.0002635922074258,0.0971458992691921,231.3
punjab_stubble_belt,2025-11-14,31.775,75.125,0.0002806853148689,0.0968694495985839,237.7
punjab_stubble_belt,2025-11-14,31.775,75.175,0.0003143294978073,0.0955854069781285,250.2
punjab_stubble_belt,2025-11-14,31.775,75.225,0.0002896451460157,0.0957229962527423,240.9
punjab_stubble_belt,2025-11-14,31.775,75.275,0.0001521091721979,0.0958599860269994,189.0
punjab_stubble_belt,2025-11-14,31.775,75.3,0.0001188977671517,0.0987612646592797,177.0
punjab_stubble_belt,2025-11-14,31.825,74.625,0.0001441416610286,0.1201631122053474,190.5
punjab_stubble_belt,2025-11-14,31.825,74.675,0.0002641999102325,0.1156848434923204,234.9
punjab_stubble_belt,2025-11-14,31.825,74.725,0.0004362339800386,0.1104477868664476,298.9
punjab_stubble_belt,2025-11-14,31.825,74.775,0.0005317306476261,0.1079246033832764,334.5
punjab_stubble_belt,2025-11-14,31.825,74.825,0.0004514979246248,0.103900136306229,303.5
punjab_stubble_belt,2025-11-14,31.825,74.875,0.0002797812285318,0.0985796819798487,237.7
punjab_stubble_belt,2025-11-14,31.825,74.925,0.0002994161081731,0.094186282246036,244.3
punjab_stubble_belt,2025-11-14,31.825,74.975,0.0003045060551131,0.093766822318959,246.1
punjab_stubble_belt,2025-11-14,31.825,75.025,0.0002229013797853,0.091451908861414,214.9
punjab_stubble_belt,2025-11-14,31.825,75.075,0.0002075814248712,0.0901111092824072,208.9
punjab_stubble_belt,2025-11-14,31.825,75.125,0.0002690922567219,0.0898943276917371,232.1
punjab_stubble_belt,2025-11-14,31.825,75.175,0.0003379356506181,0.0892554800040619,257.9
punjab_stubble_belt,2025-11-14,31.825,75.225,0.0003084792424221,0.088876505420338,246.8
punjab_stubble_belt,2025-11-14,31.825,75.275,0.0002601000548937,0.0892053257801015,228.6
punjab_stubble_belt,2025-11-14,31.825,75.3,0.0001929680958857,0.090702690069322,203.5
punjab_stubble_belt,2025-11-14,31.875,74.625,0.0001022141242139,0.1168610426670733,174.0
punjab_stubble_belt,2025-11-14,31.875,74.675,0.0001522382526153,0.1109982012352025,191.8
punjab_stubble_belt,2025-11-14,31.875,74.725,0.0004068910107988,0.1037380493530048,286.6
punjab_stubble_belt,2025-11-14,31.875,74.775,0.0004803940435224,0.1018285258256719,314.0
punjab_stubble_belt,2025-11-14,31.875,74.825,0.0004413027954252,0.0974085904653457,298.4
punjab_stubble_belt,2025-11-14,31.875,74.875,0.000351322881059,0.0910437022995069,263.3
punjab_stubble_belt,2025-11-14,31.875,74.925,0.0003710455999348,0.0861380213650225,269.9
punjab_stubble_belt,2025-11-14,31.875,74.975,0.0003667918407375,0.0862066086082796,268.3
punjab_stubble_belt,2025-11-14,31.875,75.025,0.0002778175823111,0.08512469055629,234.5
punjab_stubble_belt,2025-11-14,31.875,75.075,0.0002663145374907,0.0846899866591085,230.1
punjab_stubble_belt,2025-11-14,31.875,75.125,0.0003396207474536,0.0849247920071281,257.8
punjab_stubble_belt,2025-11-14,31.875,75.175,0.000377422791552,0.0849653856769474,272.1
punjab_stubble_belt,2025-11-14,31.875,75.225,0.0003114895207211,0.0845360189973047,247.1
punjab_stubble_belt,2025-11-14,31.875,75.275,0.0003454548077314,0.0852945185427462,260.1
punjab_stubble_belt,2025-11-14,31.875,75.3,0.0003883789092968,0.0857445984986104,276.3
punjab_stubble_belt,2025-11-15,31.325,74.625,0.0003324169866909,0.0659674246778945,251.6
punjab_stubble_belt,2025-11-15,31.325,74.675,0.000353615660284,0.0694707769249586,260.2
punjab_stubble_belt,2025-11-15,31.325,74.725,0.0004148977316287,0.0624698050613223,282.1
punjab_stubble_belt,2025-11-15,31.325,74.775,0.0004443809622986,0.0450439513068365,290.0
punjab_stubble_belt,2025-11-15,31.325,74.825,0.0003523865727594,0.0217282722340684,251.1
punjab_stubble_belt,2025-11-15,31.325,74.875,0.0001928954335401,0.0,186.9
punjab_stubble_belt,2025-11-15,31.325,74.925,0.0001477190569161,0.0,169.9
punjab_stubble_belt,2025-11-15,31.325,74.975,0.0001733948800986,7.572370850731484e-05,179.6
punjab_stubble_belt,2025-11-15,31.325,75.025,0.0001804088928215,0.0129107295453974,184.5
punjab_stubble_belt,2025-11-15,31.325,75.075,0.0001514268650179,0.0231457652434051,175.5
punjab_stubble_belt,2025-11-15,31.325,75.125,0.0001134990127639,0.0276872583827796,162.0
punjab_stubble_belt,2025-11-15,31.325,75.175,0.0002256362861876,0.0245950411176346,203.7
punjab_stubble_belt,2025-11-15,31.325,75.225,0.000205544739811,0.0119433490418515,193.9
punjab_stubble_belt,2025-11-15,31.325,75.275,0.0002307713474859,0.0052159714924344,202.1
punjab_stubble_belt,2025-11-15,31.325,75.3,0.0002151226455218,0.001470587358278,195.6
punjab_stubble_belt,2025-11-15,31.375,74.625,0.000403002800885,0.054010288907793,276.1
punjab_stubble_belt,2025-11-15,31.375,74.675,0.0004363689035192,0.0716803311074201,291.9
punjab_stubble_belt,2025-11-15,31.375,74.725,0.0005008888898064,0.0656291176240355,315.1
punjab_stubble_belt,2025-11-15,31.375,74.775,0.0004942499636461,0.0490431042075141,309.6
punjab_stubble_belt,2025-11-15,31.375,74.825,0.000415068954875,0.0243329303994839,275.2
punjab_stubble_belt,2025-11-15,31.375,74.875,0.0002840886767897,0.0,221.3
punjab_stubble_belt,2025-11-15,31.375,74.925,0.0001343555100634,0.0,164.8
punjab_stubble_belt,2025-11-15,31.375,74.975,0.000148530682147,5.469473474276817e-05,170.2
punjab_stubble_belt,2025-11-15,31.375,75.025,0.0001822761682543,0.0047834237916683,183.8
punjab_stubble_belt,2025-11-15,31.375,75.075,0.0001908984108354,0.0090801648987695,187.8
punjab_stubble_belt,2025-11-15,31.375,75.125,0.0001866158058881,0.0139408239884519,187.1
punjab_stubble_belt,2025-11-15,31.375,75.175,0.0002758913277948,0.0311226016082156,223.9
punjab_stubble_belt,2025-11-15,31.375,75.225,0.0002915900768158,0.0305671880180999,229.7
punjab_stubble_belt,2025-11-15,31.375,75.275,0.0002312758954591,0.0259252219421368,206.1
punjab_stubble_belt,2025-11-15,31.375,75.3,0.0001730596809634,0.025650121660488,184.1
punjab_stubble_belt,2025-11-15,31.425,74.625,0.000395241336904,0.0300055128032762,268.7
punjab_stubble_belt,2025-11-15,31.425,74.675,0.0004463110920274,0.0618018812072606,293.8
punjab_stubble_belt,2025-11-15,31.425,74.725,0.0005874323889965,0.0671504043408078,348.1
punjab_stubble_belt,2025-11-15,31.425,74.775,0.0004869558213177,0.05401277102934,307.7
punjab_stubble_belt,2025-11-15,31.425,74.825,0.0004269975871862,0.0286873854336816,280.5
punjab_stubble_belt,2025-11-15,31.425,74.875,0.0003821574007457,0.0012720868477489,258.6
punjab_stubble_belt,2025-11-15,31.425,74.925,0.0001580701240563,0.0,173.8
punjab_stubble_belt,2025-11-15,31.425,74.975,0.000168563986617,0.0,177.7
punjab_stubble_belt,2025-11-15,31.425,75.025,0.0001728312265553,0.0,179.3
punjab_stubble_belt,2025-11-15,31.425,75.075,0.0002123709106427,0.0,194.3
punjab_stubble_belt,2025-11-15,31.425,75.125,0.000278998102618,0.003594295799501,220.1
punjab_stubble_belt,2025-11-15,31.425,75.175,0.000301404134172,0.031534329382546,233.6
punjab_stubble_belt,2025-11-15,31.425,75.225,0.0003598690196124,0.0443426879461248,258.0
punjab_stubble_belt,2025-11-15,31.425,75.275,0.00017262710431,0.0466693521706322,187.8
punjab_stubble_belt,2025-11-15,31.425,75.3,4.547012993404837e-05,0.044091458636753,139.3
punjab_stubble_belt,2025-11-15,31.475,74.625,0.0003969610362893,0.0135837374380828,266.4
punjab_stubble_belt,2025-11-15,31.475,74.675,0.0003672304356678,0.0329971440146739,258.7
punjab_stubble_belt,2025-11-15,31.475,74.725,0.0005125719133302,0.068102152111419,320.0
punjab_stubble_belt,2025-11-15,31.475,74.775,0.0004294099077145,0.0600745882126325,287.1
punjab_stubble_belt,2025-11-15,31.475,74.825,0.0003411777728972,0.0359782461848869,249.4
punjab_stubble_belt,2025-11-15,31.475,74.875,0.0002681646641946,0.0072163932977891,216.6
punjab_stubble_belt,2025-11-15,31.475,74.925,0.0001916064558913,0.0,186.4
punjab_stubble_belt,2025-11-15,31.475,74.975,0.0002158055931377,0.0,195.5
punjab_stubble_belt,2025-11-15,31.475,75.025,0.0001157959991115,0.0,157.8
punjab_stubble_belt,2025-11-15,31.475,75.075,7.499878352823053e-05,0.0,142.4
punjab_stubble_belt,2025-11-15,31.475,75.125,0.0001125452676333,0.0007379654872323,156.7
punjab_stubble_belt,2025-11-15,31.475,75.175,0.0001601767003741,0.0062532864970745,175.7
punjab_stubble_belt,2025-11-15,31.475,75.225,0.0002527822446898,0.0181234533738803,212.8
punjab_stubble_belt,2025-11-15,31.475,75.275,0.0001341536448019,0.0319444295000612,170.6
punjab_stubble_belt,2025-11-15,31.525,74.625,0.0002655957807099,0.0384827289305237,221.4
punjab_stubble_belt,2025-11-15,31.525,74.675,0.0002957172953369,0.0398484967490783,233.0
punjab_stubble_belt,2025-11-15,31.525,74.725,0.0003708886322487,0.0447267901192642,262.2
punjab_stubble_belt,2025-11-15,31.525,74.775,0.0003509739053076,0.0343565250216623,252.8
punjab_stubble_belt,2025-11-15,31.525,74.825,0.0002513397723506,0.0174446994135616,212.1
punjab_stubble_belt,2025-11-15,31.525,74.875,0.0001099982024148,0.0005333697474838,155.7
punjab_stubble_belt,2025-11-15,31.525,74.925,3.0736972652289784e-05,0.0,125.7
punjab_stubble_belt,2025-11-15,31.525,74.975,4.729713700559121e-05,0.0,132.0
punjab_stubble_belt,2025-11-15,31.525,75.025,0.0001238071015344,0.0,160.8
punjab_stubble_belt,2025-11-15,31.525,75.075,0.0001733170041184,0.0,179.5
punjab_stubble_belt,2025-11-15,31.525,75.125,0.0001827841220099,0.001473532696939,183.4
punjab_stubble_belt,2025-11-15,31.525,75.175,0.0001918828517731,0.0129605225620631,188.9
punjab_stubble_belt,2025-11-15,31.525,75.225,0.0003607364065754,0.0403412554072467,257.6
punjab_stubble_belt,2025-11-15,31.525,75.275,0.0003275098176269,0.0312312363517773,243.4
punjab_stubble_belt,2025-11-15,31.525,75.3,0.000177049422051,0.0304803889978238,186.5
punjab_stubble_belt,2025-11-15,31.575,74.625,0.0002167901596538,0.0245120190224729,200.4
punjab_stubble_belt,2025-11-15,31.575,74.675,0.0002171998044388,0.0152108885926779,198.9
punjab_stubble_belt,2025-11-15,31.575,74.725,0.0004807788984639,0.0144727002030326,298.2
punjab_stubble_belt,2025-11-15,31.575,74.775,0.0004998814961072,0.0108174502541866,304.7
punjab_stubble_belt,2025-11-15,31.575,74.825,0.0004633600312504,0.0053785768245103,290.0
punjab_stubble_belt,2025-11-15,31.575,74.875,0.0003734306824292,0.0,255.0
punjab_stubble_belt,2025-11-15,31.575,74.925,0.0001456217654898,0.0,169.1
punjab_stubble_belt,2025-11-15,31.575,74.975,0.000141854157396,0.0,167.6
punjab_stubble_belt,2025-11-15,31.575,75.025,0.0001943813161246,0.0,187.5
punjab_stubble_belt,2025-11-15,31.575,75.075,0.0002459356626524,0.0,206.9
punjab_stubble_belt,2025-11-15,31.575,75.125,0.0002682226162403,0.0009923274672868,215.5
punjab_stubble_belt,2025-11-15,31.575,75.175,0.0001601791700047,0.0087802647085085,176.2
punjab_stubble_belt,2025-11-15,31.575,75.225,0.0002297550574388,0.0254603723264502,205.5
punjab_stubble_belt,2025-11-15,31.575,75.275,0.0002144766757244,0.0376551204974384,201.9
punjab_stubble_belt,2025-11-15,31.575,75.3,0.0002250901357252,0.0382772655804622,206.0
punjab_stubble_belt,2025-11-15,31.625,74.625,0.0002036575803797,0.013667514400205,193.5
punjab_stubble_belt,2025-11-15,31.625,74.675,0.0002945663000482,0.0104110527320105,227.2
punjab_stubble_belt,2025-11-15,31.625,74.725,0.0003525383492343,0.0143816089300011,249.8
punjab_stubble_belt,2025-11-15,31.625,74.775,0.0004174508819971,0.010933487900863,273.6
punjab_stubble_belt,2025-11-15,31.625,74.825,0.0004468185799879,0.007216028859372,284.0
punjab_stubble_belt,2025-11-15,31.625,74.875,0.0004091361614714,0.0039817111700269,269.2
punjab_stubble_belt,2025-11-15,31.625,74.925,0.0002099833883807,0.0001376314066059,193.4
punjab_stubble_belt,2025-11-15,31.625,74.975,0.0001861309713996,1.4914480312007943e-05,184.4
punjab_stubble_belt,2025-11-15,31.625,75.025,0.0001821287312158,0.0,182.8
punjab_stubble_belt,2025-11-15,31.625,75.075,0.0001994812915052,0.0,189.4
punjab_stubble_belt,2025-11-15,31.625,75.125,0.0002188735956094,0.0011514400926122,196.9
punjab_stubble_belt,2025-11-15,31.625,75.175,0.0001348078173404,0.0103150132117026,166.9
punjab_stubble_belt,2025-11-15,31.625,75.225,0.0001840986887792,0.0235789594990138,187.9
punjab_stubble_belt,2025-11-15,31.625,75.275,0.0001533940127041,0.0426869684055583,179.8
punjab_stubble_belt,2025-11-15,31.625,75.3,0.0001242735890886,0.0536929954754463,170.8
punjab_stubble_belt,2025-11-15,31.675,74.625,0.0002058343431721,0.0092604208026371,193.5
punjab_stubble_belt,2025-11-15,31.675,74.675,0.0004420810984351,0.0217065737658729,284.9
punjab_stubble_belt,2025-11-15,31.675,74.725,9.04163191427879e-05,0.0355879305440651,154.7
punjab_stubble_belt,2025-11-15,31.675,74.775,0.0001780363896161,0.027927397338131,186.4
punjab_stubble_belt,2025-11-15,31.675,74.825,0.0002500881030467,0.0180003585124552,211.8
punjab_stubble_belt,2025-11-15,31.675,74.875,0.0002656119351691,0.0084190676487665,215.9
punjab_stubble_belt,2025-11-15,31.675,74.925,0.0002299284120689,0.0002900846570001,200.9
punjab_stubble_belt,2025-11-15,31.675,74.975,0.0001789553355524,3.0016564149953097e-05,181.6
punjab_stubble_belt,2025-11-15,31.675,75.025,0.000117820292871,0.0,158.6
punjab_stubble_belt,2025-11-15,31.675,75.075,8.489800158632179e-05,0.0001896589556685,146.2
punjab_stubble_belt,2025-11-15,31.675,75.125,8.868016293322717e-05,0.0023150585456387,148.0
punjab_stubble_belt,2025-11-15,31.675,75.175,0.0001426501568632,0.0168306307918317,171.0
punjab_stubble_belt,2025-11-15,31.675,75.225,0.0002040230779544,0.028962561107044,196.4
punjab_stubble_belt,2025-11-15,31.675,75.275,0.0001482092740879,0.0391553506501503,177.2
punjab_stubble_belt,2025-11-15,31.675,75.3,0.0001027362726049,0.0259841945582647,157.6
punjab_stubble_belt,2025-11-15,31.725,74.625,0.0001640490143458,0.0083229857040529,177.5
punjab_stubble_belt,2025-11-15,31.725,74.675,0.0003223161474941,0.0194761291551408,239.3
punjab_stubble_belt,2025-11-15,31.725,74.725,0.000196072232093,0.0373736143654744,194.9
punjab_stubble_belt,2025-11-15,31.725,74.775,0.0001476102699016,0.034106265371383,176.0
punjab_stubble_belt,2025-11-15,31.725,74.825,0.0002101728318264,0.0189196819281063,196.9
punjab_stubble_belt,2025-11-15,31.725,74.875,0.0003332005016287,0.0,239.8
punjab_stubble_belt,2025-11-15,31.725,74.925,0.0003450975167067,0.0,244.3
punjab_stubble_belt,2025-11-15,31.725,74.975,0.0002245702112823,0.0,198.9
punjab_stubble_belt,2025-11-15,31.725,75.025,0.0001395637586639,0.0,166.8
punjab_stubble_belt,2025-11-15,31.725,75.075,9.169660082533988e-05,0.0012643930377903,148.9
punjab_stubble_belt,2025-11-15,31.725,75.125,0.000100851660388,0.0054521196718135,153.2
punjab_stubble_belt,2025-11-15,31.725,75.175,0.0002555600012358,0.0210004089571254,214.4
punjab_stubble_belt,2025-11-15,31.725,75.225,0.0001143561022039,0.0048400643533831,158.1
punjab_stubble_belt,2025-11-15,31.725,75.275,9.635248964975048e-05,0.0009072544477245,150.6
punjab_stubble_belt,2025-11-15,31.775,74.625,0.0001009522606123,0.0008790363866185,152.4
punjab_stubble_belt,2025-11-15,31.775,74.675,0.0003785420752356,0.0020564856871887,257.3
punjab_stubble_belt,2025-11-15,31.775,74.725,0.0001808252274306,0.0297848905300793,187.8
punjab_stubble_belt,2025-11-15,31.775,74.775,0.0001505646355021,0.0392496606990147,178.1
punjab_stubble_belt,2025-11-15,31.775,74.825,0.0001598475695909,0.0257153969894117,179.1
punjab_stubble_belt,2025-11-15,31.775,74.875,0.0001910593356856,0.0005482955177486,186.3
punjab_stubble_belt,2025-11-15,31.775,74.925,0.0002423764888735,0.0,205.6
punjab_stubble_belt,2025-11-15,31.775,74.975,0.000251349655957,0.0,209.0
punjab_stubble_belt,2025-11-15,31.775,75.025,0.000144733585377,0.0,168.7
punjab_stubble_belt,2025-11-15,31.775,75.075,0.0001044069128539,0.000127234519526,153.5
punjab_stubble_belt,2025-11-15,31.775,75.125,0.0001351262631902,0.0005750095616513,165.2
punjab_stubble_belt,2025-11-15,31.775,75.175,0.0001043787031731,0.0022174344861561,153.9
punjab_stubble_belt,2025-11-15,31.775,75.225,0.0003244768382443,0.0004735124066155,236.6
punjab_stubble_belt,2025-11-15,31.775,75.275,0.0002790238002123,8.558669887713779e-05,219.4
punjab_stubble_belt,2025-11-15,31.775,75.3,0.0001688657421918,0.0,177.8
punjab_stubble_belt,2025-11-15,31.825,74.625,0.0001404654001283,0.0,167.1
punjab_stubble_belt,2025-11-15,31.825,74.675,0.0002697364144993,0.0,215.9
punjab_stubble_belt,2025-11-15,31.825,74.725,0.0002263490971976,0.0106133773444224,201.5
punjab_stubble_belt,2025-11-15,31.825,74.775,0.0002618308983043,0.0144810732361143,215.6
punjab_stubble_belt,2025-11-15,31.825,74.825,0.0002765304611167,0.0097726404284985,220.2
punjab_stubble_belt,2025-11-15,31.825,74.875,0.0002705478642225,0.0002233068322798,216.2
punjab_stubble_belt,2025-11-15,31.825,74.925,0.0002586491411229,0.0,211.7
punjab_stubble_belt,2025-11-15,31.825,74.975,0.0002678303783942,0.0,215.2
punjab_stubble_belt,2025-11-15,31.825,75.025,0.0001994824209135,0.0,189.4
punjab_stubble_belt,2025-11-15,31.825,75.075,0.0001105465600069,0.0,155.8
punjab_stubble_belt,2025-11-15,31.825,75.125,4.71611963057801e-05,0.0,131.9
punjab_stubble_belt,2025-11-15,31.825,75.175,0.0001801534449047,0.0,182.1
punjab_stubble_belt,2025-11-15,31.825,75.225,0.0002947090273436,0.0,225.3
punjab_stubble_belt,2025-11-15,31.825,75.275,0.0002997725267806,0.0,227.2
punjab_stubble_belt,2025-11-15,31.825,75.3,0.00028012129545,0.0,219.8
punjab_stubble_belt,2025-11-15,31.875,74.625,0.0001994752800103,0.0,189.4
punjab_stubble_belt,2025-11-15,31.875,74.675,0.0001821344057349,0.0,182.8
punjab_stubble_belt,2025-11-15,31.875,74.725,0.000276544948671,0.0,218.5
punjab_stubble_belt,2025-11-15,31.875,74.775,0.0003573899886025,0.0,249.0
punjab_stubble_belt,2025-11-15,31.875,74.825,0.000340149699488,0.0,242.5
punjab_stubble_belt,2025-11-15,31.875,74.875,0.000263895715957,0.0,213.7
punjab_stubble_belt,2025-11-15,31.875,74.925,0.0002877928218718,0.0,222.7
punjab_stubble_belt,2025-11-15,31.875,74.975,0.0001692345900599,0.0,178.0
punjab_stubble_belt,2025-11-15,31.875,75.025,0.0001649171580801,0.0,176.3
punjab_stubble_belt,2025-11-15,31.875,75.075,0.0001105371111338,0.0,155.8
punjab_stubble_belt,2025-11-15,31.875,75.125,3.530840042183875e-05,0.0,127.4
punjab_stubble_belt,2025-11-15,31.875,75.175,0.0002298342997555,0.0,200.8
punjab_stubble_belt,2025-11-15,31.875,75.225,0.0002598160299137,0.0,212.2
punjab_stubble_belt,2025-11-15,31.875,75.275,0.0002349070358679,0.0,202.8
punjab_stubble_belt,2025-11-15,31.875,75.3,0.0001795817615363,0.0,181.9
